rxcui,current,next,verdict,provenance,reason
1347,A07EA07|D07AC15|R01AD01|R03BA01,,BLANKED_NO_WHO_COMBO,none,WHO defines no dedicated combination code for this ingredient set
1514,A07EA04|C05AA05|D07AC01|H02AB01|R01AD06|R03BA04|S01BA06|S02BA07|S03BA03,,BLANKED_NO_WHO_COMBO,none,WHO defines no dedicated combination code for this ingredient set
3443,C05AE03|C08DB01,,BLANKED_NO_WHO_COMBO,none,WHO defines no dedicated combination code for this ingredient set
4337,N01AH01|N02AB03,,BLANKED_NO_WHO_COMBO,none,WHO defines no dedicated combination code for this ingredient set
5224,B01AB01|C05BA03|S01XA14,,BLANKED_NO_WHO_COMBO,none,WHO defines no dedicated combination code for this ingredient set
5640,C01EB16|G02CC01|M01AE01|M02AA13|R02AX02,,BLANKED_NO_WHO_COMBO,none,WHO defines no dedicated combination code for this ingredient set
10759,A01AC01|C05AA12|D07AB09|H02AB08|R01AD11|R03BA06|S01BA05,,BLANKED_NO_WHO_COMBO,none,WHO defines no dedicated combination code for this ingredient set
25120,R01AD04|R03BA03,,BLANKED_NO_WHO_COMBO,none,WHO defines no dedicated combination code for this ingredient set
25255,R03AC13|R03CC15,,BLANKED_NO_WHO_COMBO,none,WHO defines no dedicated combination code for this ingredient set
41126,D07AC17|R01AD08|R03BA05,R03AK06,COLLAPSE_TO_COMBINATION,min_property,2 ingredients -> single WHO combination code
51428,A10AB05|A10AD05,,BLANKED_NO_WHO_COMBO,none,WHO defines no dedicated combination code for this ingredient set
108118,D07AC13|R01AD09|R03BA07,R03AK09,COLLAPSE_TO_COMBINATION,min_property,2 ingredients -> single WHO combination code
203457,R06AA02|D04AA32,R06AA52,COLLAPSE_TO_COMBINATION,who_index_wildcard,2 ingredients -> single WHO combination code
1245229,D04AB04|N01BA05,,BLANKED_NO_WHO_COMBO,none,WHO defines no dedicated combination code for this ingredient set
1294253,D08AC02|D09AA12,D08AC52,COLLAPSE_TO_COMBINATION,who_index_wildcard,2 ingredients -> single WHO combination code
1299895,R03AC14|R03CC13,,BLANKED_NO_WHO_COMBO,none,WHO defines no dedicated combination code for this ingredient set
1300074,D08AC02|D09AA12,D08AC52,COLLAPSE_TO_COMBINATION,who_index_wildcard,2 ingredients -> single WHO combination code
1360383,A10AB05|A10AD05,A10AD05,COLLAPSE_TO_COMBINATION,curated,2 ingredients -> single WHO combination code
1495160,D08AJ01|D09AA11,,BLANKED_NO_WHO_COMBO,none,WHO defines no dedicated combination code for this ingredient set
1594651,N02AE01|N07BC01,N07BC51,COLLAPSE_TO_COMBINATION,who_index_wildcard,2 ingredients -> single WHO combination code
1654858,A10AB01|A10AC01|A10AD01,A10AD01,COLLAPSE_TO_COMBINATION,curated,2 ingredients -> single WHO combination code
197430,R01BA01|R01BA02|R06AB04,R01BA51,COLLAPSE_TO_COMBINATION,who_index_wildcard,3 ingredients -> single WHO combination code
197481,R01BA01|R05CA03|R06AB04,,BLANKED_NO_WHO_COMBO,none,WHO defines no dedicated combination code for this ingredient set
197483,R01BA01|R06AB04|R06AX04,,BLANKED_NO_WHO_COMBO,none,WHO defines no dedicated combination code for this ingredient set
198097,R01BA01|R05CA03,R01BA51,COLLAPSE_TO_COMBINATION,who_index_wildcard,3 ingredients -> single WHO combination code
198098,R01BA01|R05CA03,R01BA51,COLLAPSE_TO_COMBINATION,who_index_wildcard,3 ingredients -> single WHO combination code
198109,A01AC03|A07EA02|D07AA02|D07AB02|D07AB11|H02AB09|S01BA02,S02CA03,COLLAPSE_TO_COMBINATION,curated,2 ingredients -> single WHO combination code
198153,M04AB01|M04AC01,M04AC51,COLLAPSE_TO_COMBINATION,min_property,2 ingredients -> single WHO combination code
198179,R01BA02|R05CA03,R05CA10,COLLAPSE_TO_COMBINATION,curated,2 ingredients -> single WHO combination code
198203,J04AB02|J04AC01,J04AM02,COLLAPSE_TO_COMBINATION,min_property,2 ingredients -> single WHO combination code
198229,P01BD01|P01BD51,P01BD51,COLLAPSE_TO_COMBINATION,current_cell,2 ingredients -> single WHO combination code
198248,C05AD02|D04AB06|N01BA03|S01HA03,N01BA53,COLLAPSE_TO_COMBINATION,who_index_wildcard,2 ingredients -> single WHO combination code
198367,R01BA01|R06AB01,,BLANKED_NO_WHO_COMBO,none,WHO defines no dedicated combination code for this ingredient set
198384,J04AB02|J04AC01|J04AK01,J04AM05,COLLAPSE_TO_COMBINATION,min_property,3 ingredients -> single WHO combination code
198841,D01AE12|N02BA04,,BLANKED_NO_WHO_COMBO,none,WHO defines no dedicated combination code for this ingredient set
199194,C05AD03|D04AB04|R02AD01,,BLANKED_NO_WHO_COMBO,none,WHO defines no dedicated combination code for this ingredient set
199864,C05AD03|D04AB04|R02AD01,,BLANKED_NO_WHO_COMBO,none,WHO defines no dedicated combination code for this ingredient set
200079,M01AX05|M01AX25,,BLANKED_NO_WHO_COMBO,none,WHO defines no dedicated combination code for this ingredient set
200082,J05AF01|J05AF05|J05AR01,J05AR01,COLLAPSE_TO_COMBINATION,min_property,2 ingredients -> single WHO combination code
200123,M01AX05|M01AX25,,BLANKED_NO_WHO_COMBO,none,WHO defines no dedicated combination code for this ingredient set
200209,M01AX05|M01AX25,,BLANKED_NO_WHO_COMBO,none,WHO defines no dedicated combination code for this ingredient set
200215,B06AA11|D03BA03|M09AB03,,BLANKED_NO_WHO_COMBO,none,WHO defines no dedicated combination code for this ingredient set
200299,M01AX05|M01AX25,,BLANKED_NO_WHO_COMBO,none,WHO defines no dedicated combination code for this ingredient set
200334,M01AX05|M01AX25,,BLANKED_NO_WHO_COMBO,none,WHO defines no dedicated combination code for this ingredient set
204423,A01AC03|A07AA01|A07EA02|D06AX04|D07AA02|D07AB02|D07AB11|H02AB09|S01AA03|S01BA02,,BLANKED_NO_WHO_COMBO,ambiguous,WHO defines no dedicated combination code for this ingredient set
204525,J07AF01|J07AM01|J07AM51|J07CA02,J07AM51,COLLAPSE_TO_COMBINATION,current_cell,2 ingredients -> single WHO combination code
204539,R01BA01|R06AB04,,BLANKED_NO_WHO_COMBO,none,WHO defines no dedicated combination code for this ingredient set
204602,A07AA01|D06AX04|S01AA03,A07AA51,COLLAPSE_TO_COMBINATION,who_index_wildcard,3 ingredients -> single WHO combination code
204675,R01BA01|R06AB04,,BLANKED_NO_WHO_COMBO,none,WHO defines no dedicated combination code for this ingredient set
204676,R01BA01|R06AB04,,BLANKED_NO_WHO_COMBO,none,WHO defines no dedicated combination code for this ingredient set
204702,G03CA57|N05BC01,,BLANKED_NO_WHO_COMBO,ambiguous,WHO defines no dedicated combination code for this ingredient set
204726,G03CA57|N05BC01,,BLANKED_NO_WHO_COMBO,ambiguous,WHO defines no dedicated combination code for this ingredient set
204779,R01AA04|S01FB01|S01XA20,S01XA20,COLLAPSE_TO_COMBINATION,current_cell,2 ingredients -> single WHO combination code
204899,A11HA07|S01AX10|V03AB26,,BLANKED_NO_WHO_COMBO,none,WHO defines no dedicated combination code for this ingredient set
205255,J07AF01|J07AM01|J07AM51|J07CA02,J07AM51,COLLAPSE_TO_COMBINATION,current_cell,2 ingredients -> single WHO combination code
205256,J07AF01|J07AM01|J07AM51|J07CA02,J07AM51,COLLAPSE_TO_COMBINATION,current_cell,2 ingredients -> single WHO combination code
205257,J07AF01|J07AM01|J07AM51|J07CA02,J07AM51,COLLAPSE_TO_COMBINATION,current_cell,2 ingredients -> single WHO combination code
205259,J07AF01|J07AM01,J07AJ52,COLLAPSE_TO_COMBINATION,curated,2 ingredients -> single WHO combination code
205289,D01AE12|G01AD01|N02BA04,,BLANKED_NO_WHO_COMBO,none,WHO defines no dedicated combination code for this ingredient set
205347,R01BA01|R06AB04,,BLANKED_NO_WHO_COMBO,none,WHO defines no dedicated combination code for this ingredient set
205349,R01BA01|R06AB04,,BLANKED_NO_WHO_COMBO,none,WHO defines no dedicated combination code for this ingredient set
205352,R01BA01|R06AB04,,BLANKED_NO_WHO_COMBO,none,WHO defines no dedicated combination code for this ingredient set
206510,A01AC03|A07AA01|A07EA02|D06AX04|D07AA02|D07AB02|D07AB11|H02AB09|S01AA03|S01BA02,R01AD60,COLLAPSE_TO_COMBINATION,who_index_wildcard,3 ingredients -> single WHO combination code
206511,A01AC03|A07AA01|A07EA02|D06AX04|D07AA02|D07AB02|D07AB11|H02AB09|S01AA03|S01BA02,,BLANKED_NO_WHO_COMBO,ambiguous,WHO defines no dedicated combination code for this ingredient set
206512,A01AC03|A07AA01|A07EA02|D06AX04|D07AA02|D07AB02|D07AB11|H02AB09|S01AA03|S01BA02,R01AD60,COLLAPSE_TO_COMBINATION,who_index_wildcard,3 ingredients -> single WHO combination code
206513,A01AC03|A07AA01|A07EA02|D06AX04|D07AA02|D07AB02|D07AB11|H02AB09|S01AA03|S01BA02,R01AD60,COLLAPSE_TO_COMBINATION,who_index_wildcard,3 ingredients -> single WHO combination code
206514,A01AC03|A07AA01|A07EA02|D06AX04|D07AA02|D07AB02|D07AB11|H02AB09|S01AA03|S01BA02,R01AD60,COLLAPSE_TO_COMBINATION,who_index_wildcard,3 ingredients -> single WHO combination code
206517,A01AC03|A07AA01|A07EA02|D06AX04|D07AA02|D07AB02|D07AB11|H02AB09|S01AA03|S01BA02,R01AD60,COLLAPSE_TO_COMBINATION,who_index_wildcard,3 ingredients -> single WHO combination code
206520,A01AC03|A07AA01|A07EA02|D06AX04|D07AA02|D07AB02|D07AB11|H02AB09|S01AA03|S01BA02,R01AD60,COLLAPSE_TO_COMBINATION,who_index_wildcard,3 ingredients -> single WHO combination code
206522,A01AC03|A07AA01|A07EA02|D06AX04|D07AA02|D07AB02|D07AB11|H02AB09|S01AA03|S01BA02,R01AD60,COLLAPSE_TO_COMBINATION,who_index_wildcard,3 ingredients -> single WHO combination code
206526,A01AC03|A07AA01|A07EA02|D06AX04|D07AA02|D07AB02|D07AB11|H02AB09|S01AA03|S01BA02,R01AD60,COLLAPSE_TO_COMBINATION,who_index_wildcard,3 ingredients -> single WHO combination code
206527,A01AC03|A07AA01|A07EA02|D06AX04|D07AA02|D07AB02|D07AB11|H02AB09|S01AA03|S01BA02,R01AD60,COLLAPSE_TO_COMBINATION,who_index_wildcard,3 ingredients -> single WHO combination code
206549,A01AC03|A07EA02|D07AA02|D07AB02|D07AB11|H02AB09|S01BA02,S02CA03,COLLAPSE_TO_COMBINATION,curated,2 ingredients -> single WHO combination code
206698,J04AB02|J04AC01|J04AK01|J04AM05,J04AM05,COLLAPSE_TO_COMBINATION,current_cell,3 ingredients -> single WHO combination code
206702,J04AB02|J04AC01,J04AM02,COLLAPSE_TO_COMBINATION,curated,2 ingredients -> single WHO combination code
207269,J07AH04|J07AH08,J07AH04,COLLAPSE_TO_COMBINATION,curated,4 ingredients -> single WHO combination code
209017,C05AD03|D04AB04|R01AA04|R02AD01|S01FB01|S01XA20,S01XA20,COLLAPSE_TO_COMBINATION,current_cell,3 ingredients -> single WHO combination code
209717,A07AA01|D06AX04|S01AA03,,BLANKED_NO_WHO_COMBO,none,WHO defines no dedicated combination code for this ingredient set
209769,A07AA01|D06AX04|S01AA03,,BLANKED_NO_WHO_COMBO,none,WHO defines no dedicated combination code for this ingredient set
209970,C05AD03|D04AB04|R02AD01,N01BA53,COLLAPSE_TO_COMBINATION,who_index_wildcard,3 ingredients -> single WHO combination code
209971,C05AD03|D04AB04|R02AD01,N01BA53,COLLAPSE_TO_COMBINATION,who_index_wildcard,3 ingredients -> single WHO combination code
210577,A03AX10|N02BE01|N05CC04,,BLANKED_NO_WHO_COMBO,none,WHO defines no dedicated combination code for this ingredient set
210578,A03AX10|N02BE01|N05CC04,,BLANKED_NO_WHO_COMBO,none,WHO defines no dedicated combination code for this ingredient set
210580,A03AX10|N02BE01|N05CC04,,BLANKED_NO_WHO_COMBO,none,WHO defines no dedicated combination code for this ingredient set
210581,A03AX10|N02BE01|N05CC04,,BLANKED_NO_WHO_COMBO,none,WHO defines no dedicated combination code for this ingredient set
210584,A03AX10|N02BE01|N05CC04,,BLANKED_NO_WHO_COMBO,none,WHO defines no dedicated combination code for this ingredient set
210587,A03AX10|N02BE01|N05CC04,,BLANKED_NO_WHO_COMBO,none,WHO defines no dedicated combination code for this ingredient set
210588,A03AX10|N02BE01|N05CC04,,BLANKED_NO_WHO_COMBO,none,WHO defines no dedicated combination code for this ingredient set
210629,G03CA57|N05BC01,,BLANKED_NO_WHO_COMBO,ambiguous,WHO defines no dedicated combination code for this ingredient set
210744,G03CA57|N05BC01,,BLANKED_NO_WHO_COMBO,ambiguous,WHO defines no dedicated combination code for this ingredient set
211154,R01AA04|S01FB01|S01XA20,S01XA20,COLLAPSE_TO_COMBINATION,current_cell,2 ingredients -> single WHO combination code
211254,D01AE12|N02BA04,,BLANKED_NO_WHO_COMBO,none,WHO defines no dedicated combination code for this ingredient set
211354,N02AD01|N02BE01,,BLANKED_NO_WHO_COMBO,none,WHO defines no dedicated combination code for this ingredient set
211848,A11HA07|S01AX10|V03AB26,,BLANKED_NO_WHO_COMBO,none,WHO defines no dedicated combination code for this ingredient set
213088,J05AF01|J05AF05|J05AR01,J05AR01,COLLAPSE_TO_COMBINATION,min_property,2 ingredients -> single WHO combination code
213320,A01AC03|A07EA02|D07AA02|D07AB02|D07AB11|H02AB09|J01MA02|S01BA02,R01AD60,COLLAPSE_TO_COMBINATION,who_index_wildcard,2 ingredients -> single WHO combination code
213525,A01AC03|A07EA02|D07AA02|D07AB02|D07AB11|G01AD02|H02AB09|S01BA02|S02AA10,R01AD60,COLLAPSE_TO_COMBINATION,who_index_wildcard,2 ingredients -> single WHO combination code
213526,A01AC03|A07EA02|D07AA02|D07AB02|D07AB11|G01AD02|H02AB09|S01BA02|S02AA10,R01AD60,COLLAPSE_TO_COMBINATION,who_index_wildcard,2 ingredients -> single WHO combination code
213528,A01AC03|A07EA02|D07AA02|D07AB02|D07AB11|G01AD02|H02AB09|S01BA02|S02AA10,R01AD60,COLLAPSE_TO_COMBINATION,who_index_wildcard,2 ingredients -> single WHO combination code
213547,R01BA02|R06AX09,R01BA52,COLLAPSE_TO_COMBINATION,curated,2 ingredients -> single WHO combination code
214038,C05AD03|D04AB04|R02AD01,,BLANKED_NO_WHO_COMBO,none,WHO defines no dedicated combination code for this ingredient set
214040,C05AD03|D04AB04|R02AD01,,BLANKED_NO_WHO_COMBO,none,WHO defines no dedicated combination code for this ingredient set
214041,C05AD03|D04AB04|R02AD01,,BLANKED_NO_WHO_COMBO,none,WHO defines no dedicated combination code for this ingredient set
214042,C05AD03|D04AB04|R02AD01,,BLANKED_NO_WHO_COMBO,none,WHO defines no dedicated combination code for this ingredient set
237325,N02BE01|R01BA01|R06AB04,,BLANKED_NO_WHO_COMBO,none,WHO defines no dedicated combination code for this ingredient set
238015,G03CA01|G03DC02,,BLANKED_NO_WHO_COMBO,none,WHO defines no dedicated combination code for this ingredient set
240707,G03AA09|G03AC09,G03AA09,COLLAPSE_TO_COMBINATION,current_cell,2 ingredients -> single WHO combination code
241190,A11DA01|B03BA01,,BLANKED_NO_WHO_COMBO,none,WHO defines no dedicated combination code for this ingredient set
241907,R05CA03|R06AB01,,BLANKED_NO_WHO_COMBO,none,WHO defines no dedicated combination code for this ingredient set
242297,G03AC03|G03CA01,G03AA07,COLLAPSE_TO_COMBINATION,curated,2 ingredients -> single WHO combination code
242623,A02AA04|A12AA04,,BLANKED_NO_WHO_COMBO,none,WHO defines no dedicated combination code for this ingredient set
242993,R01AA04|S01FB01|S01XA20,S01XA20,COLLAPSE_TO_COMBINATION,current_cell,2 ingredients -> single WHO combination code
243220,R01BA02|R05CA03|R06AB02,R01BA52,COLLAPSE_TO_COMBINATION,who_index_wildcard,3 ingredients -> single WHO combination code
244309,C05AD03|D04AB04|R02AD01,,BLANKED_NO_WHO_COMBO,none,WHO defines no dedicated combination code for this ingredient set
244475,D01AE12|N02BA04,,BLANKED_NO_WHO_COMBO,none,WHO defines no dedicated combination code for this ingredient set
244496,A01AC03|A07EA02|C05AD04|D07AA02|D07AB02|D07AB11|H02AB09|S01BA02,R01AD60,COLLAPSE_TO_COMBINATION,who_index_wildcard,2 ingredients -> single WHO combination code
244573,C05AD03|D04AB04|D08AE03|R02AD01,,BLANKED_NO_WHO_COMBO,none,WHO defines no dedicated combination code for this ingredient set
245038,D01AE12|N02BA04,,BLANKED_NO_WHO_COMBO,none,WHO defines no dedicated combination code for this ingredient set
245152,R01BA02|R05DA09,R05DA20,COLLAPSE_TO_COMBINATION,curated,2 ingredients -> single WHO combination code
245224,C05AX04|R01AA04|S01FB01|S01XA20,S01XA20,COLLAPSE_TO_COMBINATION,current_cell,2 ingredients -> single WHO combination code
247105,R01BA01|R05CA03,R01BA51,COLLAPSE_TO_COMBINATION,who_index_wildcard,2 ingredients -> single WHO combination code
247508,R01BA01|R05CA03,R05CA10,COLLAPSE_TO_COMBINATION,curated,2 ingredients -> single WHO combination code
248119,R01BA01|R05CA03,R01BA51,COLLAPSE_TO_COMBINATION,who_index_wildcard,2 ingredients -> single WHO combination code
249357,G03AA09|G03AC09,G03AA09,COLLAPSE_TO_COMBINATION,current_cell,2 ingredients -> single WHO combination code
249465,R01AA04|S01FB01|S01XA20,S01XA20,COLLAPSE_TO_COMBINATION,current_cell,2 ingredients -> single WHO combination code
251155,R01BA02|R05CA03,R05CA10,COLLAPSE_TO_COMBINATION,curated,2 ingredients -> single WHO combination code
251842,R01BA02|R05CA03,R05CA10,COLLAPSE_TO_COMBINATION,curated,2 ingredients -> single WHO combination code
253084,B03BA01|B03BB01,B03BB51,COLLAPSE_TO_COMBINATION,curated,3 ingredients -> single WHO combination code
259093,R01AA04|S01FB01|S01XA20,S01XA20,COLLAPSE_TO_COMBINATION,current_cell,3 ingredients -> single WHO combination code
259844,M01AX05|M01AX25,,BLANKED_NO_WHO_COMBO,none,WHO defines no dedicated combination code for this ingredient set
259870,A11CA01|A11CC01,,BLANKED_NO_WHO_COMBO,none,WHO defines no dedicated combination code for this ingredient set
260088,R05DB05|R06AB04,,BLANKED_NO_WHO_COMBO,none,WHO defines no dedicated combination code for this ingredient set
260302,A01AC03|A07AA01|A07EA02|D06AX04|D07AA02|D07AB02|D07AB11|H02AB09|S01AA03|S01BA02,R01AD60,COLLAPSE_TO_COMBINATION,who_index_wildcard,3 ingredients -> single WHO combination code
260495,A12CB01|V03AB20,,BLANKED_NO_WHO_COMBO,none,WHO defines no dedicated combination code for this ingredient set
261380,C05AD03|D04AB04|R02AD01,,BLANKED_NO_WHO_COMBO,none,WHO defines no dedicated combination code for this ingredient set
262197,A12CB01|V03AB20,,BLANKED_NO_WHO_COMBO,none,WHO defines no dedicated combination code for this ingredient set
283279,D01AE12|G01AD01|N02BA04,,BLANKED_NO_WHO_COMBO,none,WHO defines no dedicated combination code for this ingredient set
283379,A06AX01|D08AE03,,BLANKED_NO_WHO_COMBO,none,WHO defines no dedicated combination code for this ingredient set
283453,R01BA02|R05CA03,R05CA10,COLLAPSE_TO_COMBINATION,curated,2 ingredients -> single WHO combination code
283594,R01BA02|R05CA03,R05CA10,COLLAPSE_TO_COMBINATION,curated,2 ingredients -> single WHO combination code
283616,A07AA01|D06AX04|S01AA03,A07AA51,COLLAPSE_TO_COMBINATION,who_index_wildcard,3 ingredients -> single WHO combination code
285028,J05AF01|J05AF05|J05AF06|J05AR04,J05AR04,COLLAPSE_TO_COMBINATION,min_property,3 ingredients -> single WHO combination code
307650,J05AF01|J05AF05|J05AF06,J05AR04,COLLAPSE_TO_COMBINATION,min_property,3 ingredients -> single WHO combination code
307673,M03BB03|N02BE01,M03BB53,COLLAPSE_TO_COMBINATION,curated,2 ingredients -> single WHO combination code
307674,M03BB03|N02BE01,M03BB53,COLLAPSE_TO_COMBINATION,curated,2 ingredients -> single WHO combination code
307703,C05AD03|D04AB04|G01AD02|R02AD01|S02AA10,,BLANKED_NO_WHO_COMBO,none,WHO defines no dedicated combination code for this ingredient set
307710,G01AD02|S02AA10,,BLANKED_NO_WHO_COMBO,none,WHO defines no dedicated combination code for this ingredient set
308272,C05AD03|D04AB04|R02AD01,,BLANKED_NO_WHO_COMBO,none,WHO defines no dedicated combination code for this ingredient set
308273,C05AD03|D04AB04|R01AA04|R02AD01|S01FB01|S01XA20,S01XA20,COLLAPSE_TO_COMBINATION,current_cell,3 ingredients -> single WHO combination code
308274,A01AC03|A07AA01|A07EA02|D06AX04|D07AA02|D07AB02|D07AB11|H02AB09|S01AA03|S01BA02,R01AD60,COLLAPSE_TO_COMBINATION,who_index_wildcard,4 ingredients -> single WHO combination code
308282,N02BA05|N02BE01|R06AB04,,BLANKED_NO_WHO_COMBO,ambiguous,WHO defines no dedicated combination code for this ingredient set
308304,N02BE01|R06AB04,,BLANKED_NO_WHO_COMBO,ambiguous,WHO defines no dedicated combination code for this ingredient set
308305,N02BE01|R06AB04,,BLANKED_NO_WHO_COMBO,none,WHO defines no dedicated combination code for this ingredient set
308374,A11CA01|A11GA01|A11HA01,,BLANKED_NO_WHO_COMBO,none,WHO defines no dedicated combination code for this ingredient set
308624,C05AD03|D04AB04|D08AJ01|D08AJ08|R02AA16|R02AD01,,BLANKED_NO_WHO_COMBO,none,WHO defines no dedicated combination code for this ingredient set
308667,C05AD03|D04AB04|D08AE03|R02AD01,,BLANKED_NO_WHO_COMBO,none,WHO defines no dedicated combination code for this ingredient set
308668,C05AD03|D04AB04|R02AD01,,BLANKED_NO_WHO_COMBO,none,WHO defines no dedicated combination code for this ingredient set
308809,R01BA02|R06AB01,,BLANKED_NO_WHO_COMBO,none,WHO defines no dedicated combination code for this ingredient set
308847,A11HA01|N03AA02,,BLANKED_NO_WHO_COMBO,none,WHO defines no dedicated combination code for this ingredient set
308929,A11DA01|A12AA05,,BLANKED_NO_WHO_COMBO,none,WHO defines no dedicated combination code for this ingredient set
308997,V03AN01|V03AN02,,BLANKED_NO_WHO_COMBO,none,WHO defines no dedicated combination code for this ingredient set
308999,V03AN01|V03AN02,,BLANKED_NO_WHO_COMBO,none,WHO defines no dedicated combination code for this ingredient set
309000,V03AN01|V03AN02,,BLANKED_NO_WHO_COMBO,none,WHO defines no dedicated combination code for this ingredient set
309001,V03AN02|V03AN04,,BLANKED_NO_WHO_COMBO,none,WHO defines no dedicated combination code for this ingredient set
309002,V03AN01|V03AN02,,BLANKED_NO_WHO_COMBO,none,WHO defines no dedicated combination code for this ingredient set
309003,V03AN02|V03AN04,,BLANKED_NO_WHO_COMBO,none,WHO defines no dedicated combination code for this ingredient set
309236,R01BA01|R06AB04,,BLANKED_NO_WHO_COMBO,none,WHO defines no dedicated combination code for this ingredient set
309279,A12CB01|V03AB20,,BLANKED_NO_WHO_COMBO,none,WHO defines no dedicated combination code for this ingredient set
309305,A01AC03|A07EA02|D07AA02|D07AB02|D07AB11|H02AB09|J01MA02|S01BA02,R01AD60,COLLAPSE_TO_COMBINATION,who_index_wildcard,2 ingredients -> single WHO combination code
309317,A09AB04|A12BA02|B05CB02,,BLANKED_NO_WHO_COMBO,none,WHO defines no dedicated combination code for this ingredient set
309390,D01AE12|N02BA04,,BLANKED_NO_WHO_COMBO,none,WHO defines no dedicated combination code for this ingredient set
309561,R05CA03|R06AB04,,BLANKED_NO_WHO_COMBO,none,WHO defines no dedicated combination code for this ingredient set
309579,R01BA01|R06AB04,R01BA51,COLLAPSE_TO_COMBINATION,who_index_wildcard,3 ingredients -> single WHO combination code
309846,A01AC03|A07EA02|C05AD04|D07AA02|D07AB02|D07AB11|H02AB09|S01BA02,R01AD60,COLLAPSE_TO_COMBINATION,who_index_wildcard,2 ingredients -> single WHO combination code
309874,G03BA02|L02AA01|L02AA04,,BLANKED_NO_WHO_COMBO,none,WHO defines no dedicated combination code for this ingredient set
310230,G03AC03|G03CA01,G03AA07,COLLAPSE_TO_COMBINATION,curated,2 ingredients -> single WHO combination code
310608,R01BA01|R05CA03,R05CA10,COLLAPSE_TO_COMBINATION,curated,2 ingredients -> single WHO combination code
310610,R01BA01|R05CA03,R01BA51,COLLAPSE_TO_COMBINATION,who_index_wildcard,2 ingredients -> single WHO combination code
310634,R01BA02|R05CA03,R05CA10,COLLAPSE_TO_COMBINATION,curated,2 ingredients -> single WHO combination code
310638,R01BA01|R05CA03,R01BA51,COLLAPSE_TO_COMBINATION,who_index_wildcard,2 ingredients -> single WHO combination code
310645,R01BA02|R05CA03,R05CA10,COLLAPSE_TO_COMBINATION,curated,2 ingredients -> single WHO combination code
310649,R01BA01|R05CA03,R01BA51,COLLAPSE_TO_COMBINATION,who_index_wildcard,2 ingredients -> single WHO combination code
310655,R01BA02|R05CA03,R05CA10,COLLAPSE_TO_COMBINATION,curated,2 ingredients -> single WHO combination code
310681,A01AC03|A07AA01|A07EA02|D06AX04|D07AA02|D07AB02|D07AB11|H02AB09|S01AA03|S01BA02,R01AD60,COLLAPSE_TO_COMBINATION,who_index_wildcard,3 ingredients -> single WHO combination code
310687,A01AC03|A07AA01|A07EA02|D06AX04|D07AA02|D07AB02|D07AB11|H02AB09|S01AA03|S01BA02,,BLANKED_NO_WHO_COMBO,ambiguous,WHO defines no dedicated combination code for this ingredient set
310691,V03AN01|V03AN03,,BLANKED_NO_WHO_COMBO,none,WHO defines no dedicated combination code for this ingredient set
310692,V03AN01|V03AN03,,BLANKED_NO_WHO_COMBO,none,WHO defines no dedicated combination code for this ingredient set
310910,A01AB02|D08AG02|D08AX01|D09AA09|D11AC06|G01AX11|R02AA15,,BLANKED_NO_WHO_COMBO,none,WHO defines no dedicated combination code for this ingredient set
311251,D01AE12|G01AD01|N02BA04,,BLANKED_NO_WHO_COMBO,none,WHO defines no dedicated combination code for this ingredient set
311423,A12CA01|A12CC01|B05BB01|B05CB01|B05XA03|S01XA03,,BLANKED_NO_WHO_COMBO,none,WHO defines no dedicated combination code for this ingredient set
311948,A11DA01|A11HA04,,BLANKED_NO_WHO_COMBO,none,WHO defines no dedicated combination code for this ingredient set
312104,A03BA04|A07DA02,,BLANKED_NO_WHO_COMBO,none,WHO defines no dedicated combination code for this ingredient set
312106,A03BA04|A07DA02,,BLANKED_NO_WHO_COMBO,none,WHO defines no dedicated combination code for this ingredient set
312107,A03BA04|A07DA02,,BLANKED_NO_WHO_COMBO,none,WHO defines no dedicated combination code for this ingredient set
312124,G03CA01|G03DC02,,BLANKED_NO_WHO_COMBO,none,WHO defines no dedicated combination code for this ingredient set
312196,R01BA01|R01BA02,,BLANKED_NO_WHO_COMBO,none,WHO defines no dedicated combination code for this ingredient set
312288,N02AD01|N02BE01,,BLANKED_NO_WHO_COMBO,none,WHO defines no dedicated combination code for this ingredient set
312399,R01AA04|S01FB01|S01XA20,S01XA20,COLLAPSE_TO_COMBINATION,current_cell,2 ingredients -> single WHO combination code
313629,A11GA01|A11HA03|A12CB01,,BLANKED_NO_WHO_COMBO,none,WHO defines no dedicated combination code for this ingredient set
313635,A11CA01|A11GA01|A11HA03|A12CB01,,BLANKED_NO_WHO_COMBO,none,WHO defines no dedicated combination code for this ingredient set
313786,A01AC03|A07EA02|D07AA02|D07AB02|D07AB11|G01AD02|H02AB09|S01BA02|S02AA10,R01AD60,COLLAPSE_TO_COMBINATION,who_index_wildcard,2 ingredients -> single WHO combination code
313811,R01BA02|R06AX09,R01BA52,COLLAPSE_TO_COMBINATION,curated,2 ingredients -> single WHO combination code
313927,R05DA04|R06AB04,R05DA20,COLLAPSE_TO_COMBINATION,curated,3 ingredients -> single WHO combination code
314929,R05CA03|R06AB04,A08AA56,COLLAPSE_TO_COMBINATION,who_index_wildcard,4 ingredients -> single WHO combination code
314933,C05AD03|D04AB04|D08AE03|R02AD01,,BLANKED_NO_WHO_COMBO,none,WHO defines no dedicated combination code for this ingredient set
315004,C05AD03|D04AB04|R02AD01,,BLANKED_NO_WHO_COMBO,none,WHO defines no dedicated combination code for this ingredient set
315048,R05CA03|R05DA04,,BLANKED_NO_WHO_COMBO,ambiguous,WHO defines no dedicated combination code for this ingredient set
315110,R01BA01|R05CA03,R01BA51,COLLAPSE_TO_COMBINATION,who_index_wildcard,2 ingredients -> single WHO combination code
315112,R01BA02|R05CA03,R05CA10,COLLAPSE_TO_COMBINATION,curated,2 ingredients -> single WHO combination code
315159,V03AN01|V03AN04,V03AN05,COLLAPSE_TO_COMBINATION,curated,2 ingredients -> single WHO combination code
315195,A11HA03|P01BC01,,BLANKED_NO_WHO_COMBO,none,WHO defines no dedicated combination code for this ingredient set
343010,R01BA02|R05CA03,R05CA10,COLLAPSE_TO_COMBINATION,curated,2 ingredients -> single WHO combination code
343012,R01BA02|R05CA03,R05CA10,COLLAPSE_TO_COMBINATION,curated,2 ingredients -> single WHO combination code
343043,R01BA02|R05CA03,R05CA10,COLLAPSE_TO_COMBINATION,curated,2 ingredients -> single WHO combination code
346765,C05AD03|D04AB04|R02AD01,,BLANKED_NO_WHO_COMBO,none,WHO defines no dedicated combination code for this ingredient set
346966,R01BA02|R01BA52|R06AB01,R01BA52,COLLAPSE_TO_COMBINATION,current_cell,2 ingredients -> single WHO combination code
347047,V03AN01|V03AN02,,BLANKED_NO_WHO_COMBO,none,WHO defines no dedicated combination code for this ingredient set
347048,V03AN01|V03AN03,,BLANKED_NO_WHO_COMBO,none,WHO defines no dedicated combination code for this ingredient set
347108,V03AN01|V03AN04,V03AN05,COLLAPSE_TO_COMBINATION,curated,2 ingredients -> single WHO combination code
347109,V03AN01|V03AN02,,BLANKED_NO_WHO_COMBO,none,WHO defines no dedicated combination code for this ingredient set
347110,N01AX13|V03AN02,N01AX63,COLLAPSE_TO_COMBINATION,who_index_wildcard,2 ingredients -> single WHO combination code
347112,V03AN02|V03AN04,,BLANKED_NO_WHO_COMBO,none,WHO defines no dedicated combination code for this ingredient set
347114,V03AN02|V03AN03,,BLANKED_NO_WHO_COMBO,none,WHO defines no dedicated combination code for this ingredient set
347115,V03AN01|V03AN02|V03AN04,,BLANKED_NO_WHO_COMBO,none,WHO defines no dedicated combination code for this ingredient set
347122,V03AN01|V03AN04,V03AN05,COLLAPSE_TO_COMBINATION,curated,2 ingredients -> single WHO combination code
347123,V03AN01|V03AN04,V03AN05,COLLAPSE_TO_COMBINATION,curated,2 ingredients -> single WHO combination code
347131,V03AN01|V03AN04,V03AN05,COLLAPSE_TO_COMBINATION,curated,2 ingredients -> single WHO combination code
347132,V03AN01|V03AN03,,BLANKED_NO_WHO_COMBO,none,WHO defines no dedicated combination code for this ingredient set
347167,V03AN01|V03AN04,V03AN05,COLLAPSE_TO_COMBINATION,curated,2 ingredients -> single WHO combination code
347250,V03AN01|V03AN02,,BLANKED_NO_WHO_COMBO,none,WHO defines no dedicated combination code for this ingredient set
347681,N02BE01|R01BA01|R06AB04,,BLANKED_NO_WHO_COMBO,none,WHO defines no dedicated combination code for this ingredient set
347690,A01AC03|A07AA01|A07EA02|D06AX04|D07AA02|D07AB02|D07AB11|H02AB09|S01AA03|S01BA02,R01AD60,COLLAPSE_TO_COMBINATION,who_index_wildcard,3 ingredients -> single WHO combination code
347696,V03AN01|V03AN04,V03AN05,COLLAPSE_TO_COMBINATION,curated,2 ingredients -> single WHO combination code
347697,V03AN01|V03AN03,,BLANKED_NO_WHO_COMBO,none,WHO defines no dedicated combination code for this ingredient set
347699,J07AH04|J07AH08,J07AH04,COLLAPSE_TO_COMBINATION,curated,4 ingredients -> single WHO combination code
347717,V03AN01|V03AN04,V03AN05,COLLAPSE_TO_COMBINATION,curated,2 ingredients -> single WHO combination code
347722,V03AN01|V03AN04,V03AN05,COLLAPSE_TO_COMBINATION,curated,2 ingredients -> single WHO combination code
347741,V03AN01|V03AN03|V03AN04,,BLANKED_NO_WHO_COMBO,none,WHO defines no dedicated combination code for this ingredient set
347742,V03AN01|V03AN03|V03AN04,,BLANKED_NO_WHO_COMBO,none,WHO defines no dedicated combination code for this ingredient set
347743,V03AN01|V03AN04,,BLANKED_NO_WHO_COMBO,none,WHO defines no dedicated combination code for this ingredient set
347744,V03AN01|V03AN02|V03AN04,,BLANKED_NO_WHO_COMBO,none,WHO defines no dedicated combination code for this ingredient set
347745,V03AN01|V03AN04,,BLANKED_NO_WHO_COMBO,none,WHO defines no dedicated combination code for this ingredient set
347765,V03AN01|V03AN04,V03AN05,COLLAPSE_TO_COMBINATION,curated,2 ingredients -> single WHO combination code
347835,V03AN01|V03AN02,,BLANKED_NO_WHO_COMBO,none,WHO defines no dedicated combination code for this ingredient set
347862,V03AN01|V03AN02,,BLANKED_NO_WHO_COMBO,none,WHO defines no dedicated combination code for this ingredient set
347963,V03AN01|V03AN03|V03AN04,,BLANKED_NO_WHO_COMBO,none,WHO defines no dedicated combination code for this ingredient set
347965,V03AN01|V03AN02,,BLANKED_NO_WHO_COMBO,none,WHO defines no dedicated combination code for this ingredient set
348025,A11DA01|A11GA01|A11HA01|A11HA02|A11HA04|B03BA01|B03BB01,B03BB51,COLLAPSE_TO_COMBINATION,who_index_wildcard,9 ingredients -> single WHO combination code
348224,V03AN01|V03AN03,,BLANKED_NO_WHO_COMBO,none,WHO defines no dedicated combination code for this ingredient set
348320,V03AN02|V03AN04,,BLANKED_NO_WHO_COMBO,none,WHO defines no dedicated combination code for this ingredient set
348323,V03AN01|V03AN02,,BLANKED_NO_WHO_COMBO,none,WHO defines no dedicated combination code for this ingredient set
348324,V03AN01|V03AN02,,BLANKED_NO_WHO_COMBO,none,WHO defines no dedicated combination code for this ingredient set
348325,V03AN01|V03AN02,,BLANKED_NO_WHO_COMBO,none,WHO defines no dedicated combination code for this ingredient set
348326,V03AN01|V03AN02,,BLANKED_NO_WHO_COMBO,none,WHO defines no dedicated combination code for this ingredient set
348327,V03AN01|V03AN02,,BLANKED_NO_WHO_COMBO,none,WHO defines no dedicated combination code for this ingredient set
348328,V03AN01|V03AN02,,BLANKED_NO_WHO_COMBO,none,WHO defines no dedicated combination code for this ingredient set
348368,V03AN01|V03AN04,V03AN05,COLLAPSE_TO_COMBINATION,curated,2 ingredients -> single WHO combination code
348459,V03AN01|V03AN04,V03AN05,COLLAPSE_TO_COMBINATION,curated,2 ingredients -> single WHO combination code
348518,V03AN01|V03AN03,,BLANKED_NO_WHO_COMBO,none,WHO defines no dedicated combination code for this ingredient set
348519,V03AN01|V03AN02,,BLANKED_NO_WHO_COMBO,none,WHO defines no dedicated combination code for this ingredient set
348544,V03AN01|V03AN04,V03AN05,COLLAPSE_TO_COMBINATION,curated,2 ingredients -> single WHO combination code
348546,V03AN01|V03AN04,V03AN05,COLLAPSE_TO_COMBINATION,curated,2 ingredients -> single WHO combination code
348600,V03AN01|V03AN03,,BLANKED_NO_WHO_COMBO,none,WHO defines no dedicated combination code for this ingredient set
348603,V03AN01|V03AN03|V03AN04,,BLANKED_NO_WHO_COMBO,none,WHO defines no dedicated combination code for this ingredient set
348804,G03AC03|G03CA01,G03AA07,COLLAPSE_TO_COMBINATION,curated,2 ingredients -> single WHO combination code
348805,G03AC03|G03CA01,G03AA07,COLLAPSE_TO_COMBINATION,curated,2 ingredients -> single WHO combination code
349127,R01BA02|R05CA03,R05CA10,COLLAPSE_TO_COMBINATION,curated,2 ingredients -> single WHO combination code
349168,A11GA01|B03BB01,B03BB51,COLLAPSE_TO_COMBINATION,who_index_wildcard,2 ingredients -> single WHO combination code
349281,R01BA02|R06AB01,R01BA52,COLLAPSE_TO_COMBINATION,curated,2 ingredients -> single WHO combination code
349482,N01AX11|N07XX04,,BLANKED_NO_WHO_COMBO,none,WHO defines no dedicated combination code for this ingredient set
349550,R01BA02|R05CA03,R01BA52,COLLAPSE_TO_COMBINATION,who_index_wildcard,2 ingredients -> single WHO combination code
349551,R01BA02|R05CA03,R01BA52,COLLAPSE_TO_COMBINATION,who_index_wildcard,2 ingredients -> single WHO combination code
351130,R01BA02|R06AB01,R01BA52,COLLAPSE_TO_COMBINATION,curated,2 ingredients -> single WHO combination code
351358,A01AC03|A07AA01|A07EA02|D06AX04|D07AA02|D07AB02|D07AB11|H02AB09|S01AA03|S01BA02,R01AD60,COLLAPSE_TO_COMBINATION,who_index_wildcard,3 ingredients -> single WHO combination code
351524,C05AD03|D04AB04|R01AA04|R02AD01|S01FB01|S01XA20,S01XA20,COLLAPSE_TO_COMBINATION,current_cell,3 ingredients -> single WHO combination code
351963,R01BA02|R05CA03,R05CA10,COLLAPSE_TO_COMBINATION,curated,2 ingredients -> single WHO combination code
352257,N01AX11|N07XX04,,BLANKED_NO_WHO_COMBO,none,WHO defines no dedicated combination code for this ingredient set
359329,R05CA03|R05DB05,,BLANKED_NO_WHO_COMBO,none,WHO defines no dedicated combination code for this ingredient set
359542,B03BA01|B03BB01,B03BB51,COLLAPSE_TO_COMBINATION,curated,3 ingredients -> single WHO combination code
359719,A11HA03|A16AA01|C01EB09,,BLANKED_NO_WHO_COMBO,none,WHO defines no dedicated combination code for this ingredient set
360072,R01BA02|R05CA03,R01BA52,COLLAPSE_TO_COMBINATION,who_index_wildcard,2 ingredients -> single WHO combination code
360074,R01BA02|R05CA03,R01BA52,COLLAPSE_TO_COMBINATION,who_index_wildcard,2 ingredients -> single WHO combination code
360345,R01BA02|R05CA03,R05CA10,COLLAPSE_TO_COMBINATION,curated,2 ingredients -> single WHO combination code
360577,R01BA01|R05CA03,R05CA10,COLLAPSE_TO_COMBINATION,curated,2 ingredients -> single WHO combination code
363592,J07AH04|J07AH08,J07AH04,COLLAPSE_TO_COMBINATION,curated,4 ingredients -> single WHO combination code
373369,R01AA04|S01FB01|S01XA20,S01XA20,COLLAPSE_TO_COMBINATION,current_cell,2 ingredients -> single WHO combination code
374862,C05AD03|D04AB04|R02AD01,,BLANKED_NO_WHO_COMBO,none,WHO defines no dedicated combination code for this ingredient set
375355,A11GA01|A11HA03,,BLANKED_NO_WHO_COMBO,none,WHO defines no dedicated combination code for this ingredient set
377234,A12CB01|V03AB20,,BLANKED_NO_WHO_COMBO,none,WHO defines no dedicated combination code for this ingredient set
377500,D01AE12|N02BA04,,BLANKED_NO_WHO_COMBO,none,WHO defines no dedicated combination code for this ingredient set
377766,A01AB09|D01AC02|G01AF04,D01AC52,COLLAPSE_TO_COMBINATION,who_index_wildcard,2 ingredients -> single WHO combination code
378788,G03CA57|G03FA12,G03FA12,COLLAPSE_TO_COMBINATION,current_cell,2 ingredients -> single WHO combination code
403826,A03AX13|A12AA04,A02AF02,COLLAPSE_TO_COMBINATION,curated,2 ingredients -> single WHO combination code
404200,A03AX10|N02BE01|N05CC04,,BLANKED_NO_WHO_COMBO,none,WHO defines no dedicated combination code for this ingredient set
404554,G03CA57|G03FA12,G03FA12,COLLAPSE_TO_COMBINATION,current_cell,2 ingredients -> single WHO combination code
410929,M01AX05|M01AX25,,BLANKED_NO_WHO_COMBO,none,WHO defines no dedicated combination code for this ingredient set
413104,V03AN01|V03AN02,,BLANKED_NO_WHO_COMBO,none,WHO defines no dedicated combination code for this ingredient set
413107,V03AN01|V03AN02,,BLANKED_NO_WHO_COMBO,none,WHO defines no dedicated combination code for this ingredient set
419995,R05CA03|R05DA09,,BLANKED_NO_WHO_COMBO,none,WHO defines no dedicated combination code for this ingredient set
428898,M01AX05|M01AX25,,BLANKED_NO_WHO_COMBO,none,WHO defines no dedicated combination code for this ingredient set
428899,M01AX05|M01AX25,,BLANKED_NO_WHO_COMBO,none,WHO defines no dedicated combination code for this ingredient set
476556,J05AF07|J05AF09,J05AR03,COLLAPSE_TO_COMBINATION,min_property,2 ingredients -> single WHO combination code
476845,M01AX05|M01AX25,,BLANKED_NO_WHO_COMBO,none,WHO defines no dedicated combination code for this ingredient set
477433,A11HA03|C01EB09,C01EB09,COLLAPSE_TO_COMBINATION,curated,2 ingredients -> single WHO combination code
477585,R01BA02|R05CA03,R01BA52,COLLAPSE_TO_COMBINATION,who_index_wildcard,2 ingredients -> single WHO combination code
484833,R01BA01|R01BA02|R05CA03,,BLANKED_NO_WHO_COMBO,ambiguous,WHO defines no dedicated combination code for this ingredient set
484925,B03BA01|B03BB01,B03BB51,COLLAPSE_TO_COMBINATION,curated,3 ingredients -> single WHO combination code
484980,R01BA01|R01BA02|R05CA03,,BLANKED_NO_WHO_COMBO,ambiguous,WHO defines no dedicated combination code for this ingredient set
485550,A11CC01|A12AA13,,BLANKED_NO_WHO_COMBO,none,WHO defines no dedicated combination code for this ingredient set
485819,A11HA03|C01EB09,C01EB09,COLLAPSE_TO_COMBINATION,curated,2 ingredients -> single WHO combination code
486042,A09AB04|B05CB02,B05CB02,COLLAPSE_TO_COMBINATION,curated,2 ingredients -> single WHO combination code
540060,R05CA03|R05DA09,R05FA02,COLLAPSE_TO_COMBINATION,curated,2 ingredients -> single WHO combination code
540544,R01BA02|R05CA03,R05CA10,COLLAPSE_TO_COMBINATION,curated,2 ingredients -> single WHO combination code
541840,M03BB03|N02BE01,M03BB53,COLLAPSE_TO_COMBINATION,curated,2 ingredients -> single WHO combination code
541975,R01BA02|R05CA03,R05CA10,COLLAPSE_TO_COMBINATION,curated,2 ingredients -> single WHO combination code
541999,V03AN01|V03AN02,,BLANKED_NO_WHO_COMBO,none,WHO defines no dedicated combination code for this ingredient set
542035,V03AN01|V03AN02,,BLANKED_NO_WHO_COMBO,none,WHO defines no dedicated combination code for this ingredient set
542167,V03AN01|V03AN03,,BLANKED_NO_WHO_COMBO,none,WHO defines no dedicated combination code for this ingredient set
542169,V03AN01|V03AN03,,BLANKED_NO_WHO_COMBO,none,WHO defines no dedicated combination code for this ingredient set
542724,R01BA02|R05CA03,R01BA52,COLLAPSE_TO_COMBINATION,who_index_wildcard,2 ingredients -> single WHO combination code
542947,R01BA02|R06AB01,R01BA52,COLLAPSE_TO_COMBINATION,curated,2 ingredients -> single WHO combination code
543014,A09AB04|B05CB02,B05CB02,COLLAPSE_TO_COMBINATION,curated,2 ingredients -> single WHO combination code
543786,C05AD03|D04AB04|R02AD01,N01BA53,COLLAPSE_TO_COMBINATION,who_index_wildcard,3 ingredients -> single WHO combination code
543789,C05AD03|D04AB04|R02AD01,N01BA53,COLLAPSE_TO_COMBINATION,who_index_wildcard,3 ingredients -> single WHO combination code
543791,C05AD03|D04AB04|R02AD01,,BLANKED_NO_WHO_COMBO,none,WHO defines no dedicated combination code for this ingredient set
543873,G01AD02|S02AA10,,BLANKED_NO_WHO_COMBO,none,WHO defines no dedicated combination code for this ingredient set
543879,G01AD02|S02AA10,,BLANKED_NO_WHO_COMBO,none,WHO defines no dedicated combination code for this ingredient set
544550,A09AB04|B05CB02,B05CB02,COLLAPSE_TO_COMBINATION,curated,2 ingredients -> single WHO combination code
544553,A09AB04|B05CB02,B05CB02,COLLAPSE_TO_COMBINATION,curated,2 ingredients -> single WHO combination code
545074,D01AE12|G01AD01|N02BA04,,BLANKED_NO_WHO_COMBO,none,WHO defines no dedicated combination code for this ingredient set
546142,R01BA02|R05CA03|R05DA04,R05DA20,COLLAPSE_TO_COMBINATION,curated,3 ingredients -> single WHO combination code
546606,A03BA03|A09AA01,,BLANKED_NO_WHO_COMBO,none,WHO defines no dedicated combination code for this ingredient set
562414,A07AA01|D06AX04|S01AA03,,BLANKED_NO_WHO_COMBO,none,WHO defines no dedicated combination code for this ingredient set
562507,D01AE12|N02BA04,,BLANKED_NO_WHO_COMBO,none,WHO defines no dedicated combination code for this ingredient set
562631,R01BA02|R06AX09,R01BA52,COLLAPSE_TO_COMBINATION,curated,2 ingredients -> single WHO combination code
577055,A11CC05|A12AA13,,BLANKED_NO_WHO_COMBO,none,WHO defines no dedicated combination code for this ingredient set
577068,A11CC05|A12AA01,,BLANKED_NO_WHO_COMBO,none,WHO defines no dedicated combination code for this ingredient set
578355,A09AA03|A16AA06|D08AG03,,BLANKED_NO_WHO_COMBO,none,WHO defines no dedicated combination code for this ingredient set
581395,A11CA01|A11HA03,,BLANKED_NO_WHO_COMBO,none,WHO defines no dedicated combination code for this ingredient set
582608,R07AX01|V03AN04,,BLANKED_NO_WHO_COMBO,none,WHO defines no dedicated combination code for this ingredient set
582615,R07AX01|V03AN04,,BLANKED_NO_WHO_COMBO,none,WHO defines no dedicated combination code for this ingredient set
582819,C05AD03|D04AB04|R02AD01,,BLANKED_NO_WHO_COMBO,none,WHO defines no dedicated combination code for this ingredient set
584503,C05AD03|D04AB04|R02AD01,,BLANKED_NO_WHO_COMBO,none,WHO defines no dedicated combination code for this ingredient set
596818,R01BA01|R05CA03|R05DA04,R01BA51,COLLAPSE_TO_COMBINATION,who_index_wildcard,3 ingredients -> single WHO combination code
602393,J05AF05|J05AF06|J05AR02,J05AR02,COLLAPSE_TO_COMBINATION,min_property,2 ingredients -> single WHO combination code
602395,J05AF05|J05AF06|J05AR02,J05AR02,COLLAPSE_TO_COMBINATION,min_property,2 ingredients -> single WHO combination code
602697,R01BA02|R05CA03,R05CA10,COLLAPSE_TO_COMBINATION,curated,2 ingredients -> single WHO combination code
603589,R05DB05|R06AB04,,BLANKED_NO_WHO_COMBO,ambiguous,WHO defines no dedicated combination code for this ingredient set
603738,R01BA02|R05DB05,,BLANKED_NO_WHO_COMBO,none,WHO defines no dedicated combination code for this ingredient set
603879,R05DB05|R06AB01,,BLANKED_NO_WHO_COMBO,none,WHO defines no dedicated combination code for this ingredient set
616368,R05CA03|R05DB05,R05FB02,COLLAPSE_TO_COMBINATION,curated,2 ingredients -> single WHO combination code
616551,A11CC05|A12AA13,,BLANKED_NO_WHO_COMBO,none,WHO defines no dedicated combination code for this ingredient set
616787,D08AX05|D10AB02,R01AD60,COLLAPSE_TO_COMBINATION,who_index_wildcard,4 ingredients -> single WHO combination code
616838,R01BA02|R05DB05,R05DB20,COLLAPSE_TO_COMBINATION,curated,2 ingredients -> single WHO combination code
616880,R05DB05|R06AB04,R05DB20,COLLAPSE_TO_COMBINATION,curated,3 ingredients -> single WHO combination code
616906,R05DB05|R06AB04,,BLANKED_NO_WHO_COMBO,ambiguous,WHO defines no dedicated combination code for this ingredient set
616910,R05DB05|R06AB04,R05DB20,COLLAPSE_TO_COMBINATION,curated,3 ingredients -> single WHO combination code
616913,R05DB05|R06AB04,R05DB20,COLLAPSE_TO_COMBINATION,curated,3 ingredients -> single WHO combination code
629417,C05AD03|D04AB04|R02AD01,,BLANKED_NO_WHO_COMBO,none,WHO defines no dedicated combination code for this ingredient set
631357,J04AB02|J04AC01,J04AM02,COLLAPSE_TO_COMBINATION,curated,2 ingredients -> single WHO combination code
631644,R01BA02|R06AB01,,BLANKED_NO_WHO_COMBO,none,WHO defines no dedicated combination code for this ingredient set
631715,A01AC03|A07AA01|A07EA02|D06AX04|D07AA02|D07AB02|D07AB11|H02AB09|S01AA03|S01BA02,R01AD60,COLLAPSE_TO_COMBINATION,who_index_wildcard,3 ingredients -> single WHO combination code
636188,B05CB04|B05XA02,,BLANKED_NO_WHO_COMBO,none,WHO defines no dedicated combination code for this ingredient set
636568,R05DA09|R06AB04,R05DA20,COLLAPSE_TO_COMBINATION,curated,2 ingredients -> single WHO combination code
636677,R01BA02|R05CA03,R05CA10,COLLAPSE_TO_COMBINATION,curated,2 ingredients -> single WHO combination code
636830,R05CA09|R05DB05,,BLANKED_NO_WHO_COMBO,none,WHO defines no dedicated combination code for this ingredient set
637230,R01BA02|R05DB05,R01BA52,COLLAPSE_TO_COMBINATION,who_index_wildcard,2 ingredients -> single WHO combination code
639888,J05AF07|J05AF09,J05AR03,COLLAPSE_TO_COMBINATION,min_property,2 ingredients -> single WHO combination code
642355,A02AA04|A12AA04,,BLANKED_NO_WHO_COMBO,none,WHO defines no dedicated combination code for this ingredient set
643066,J05AF07|J05AF09|J05AG03,J05AR06,COLLAPSE_TO_COMBINATION,min_property,3 ingredients -> single WHO combination code
643070,J05AF07|J05AF09|J05AG03,J05AR06,COLLAPSE_TO_COMBINATION,min_property,3 ingredients -> single WHO combination code
644134,R05DB05|R06AB01,,BLANKED_NO_WHO_COMBO,none,WHO defines no dedicated combination code for this ingredient set
644287,D04AB01|N01BB02|R02AD02,,BLANKED_NO_WHO_COMBO,ambiguous,WHO defines no dedicated combination code for this ingredient set
644290,D04AB01|N01BB02|R02AD02,,BLANKED_NO_WHO_COMBO,ambiguous,WHO defines no dedicated combination code for this ingredient set
644787,B03BA01|B03BB01,B03BB51,COLLAPSE_TO_COMBINATION,curated,3 ingredients -> single WHO combination code
644789,B03BA01|B03BB01,B03BB51,COLLAPSE_TO_COMBINATION,curated,3 ingredients -> single WHO combination code
644790,B03BA01|B03BB01,B03BB51,COLLAPSE_TO_COMBINATION,curated,3 ingredients -> single WHO combination code
644794,B03BA01|B03BB01,B03BB51,COLLAPSE_TO_COMBINATION,curated,3 ingredients -> single WHO combination code
646358,V03AN01|V03AN04,V03AN05,COLLAPSE_TO_COMBINATION,curated,2 ingredients -> single WHO combination code
647321,N02BE01|R05CA03|R05DA09,N07XX59,COLLAPSE_TO_COMBINATION,who_index_wildcard,4 ingredients -> single WHO combination code
656498,B03BA01|B03BB01,B03BB51,COLLAPSE_TO_COMBINATION,curated,3 ingredients -> single WHO combination code
665111,R01BA02|R05DA09|R06AB04,R05DA20,COLLAPSE_TO_COMBINATION,curated,3 ingredients -> single WHO combination code
668398,R05CA03|R05DB05,R05FB02,COLLAPSE_TO_COMBINATION,curated,2 ingredients -> single WHO combination code
668535,R01BA02|R06AB01,R01BA52,COLLAPSE_TO_COMBINATION,curated,2 ingredients -> single WHO combination code
668752,R01BA02|R05DA09|R06AB04,R05DA20,COLLAPSE_TO_COMBINATION,curated,3 ingredients -> single WHO combination code
668995,R01BA02|R05DA09|R06AB04,R05DA20,COLLAPSE_TO_COMBINATION,curated,3 ingredients -> single WHO combination code
687064,J05AF01|J05AF05|J05AG01,J05AR05,COLLAPSE_TO_COMBINATION,min_property,3 ingredients -> single WHO combination code
687196,A12CA01|B05BA03|B05BB01|B05CB01|B05XA03|S01XA03|V06DC01,C05BB56,COLLAPSE_TO_COMBINATION,who_index_wildcard,2 ingredients -> single WHO combination code
687443,D04AB01|N01BB02|R02AD02,,BLANKED_NO_WHO_COMBO,ambiguous,WHO defines no dedicated combination code for this ingredient set
687659,R05CA03|R05DB05,,BLANKED_NO_WHO_COMBO,ambiguous,WHO defines no dedicated combination code for this ingredient set
692479,R01AA04|S01FB01|S01XA20,S01XA20,COLLAPSE_TO_COMBINATION,current_cell,2 ingredients -> single WHO combination code
700850,R01BA02|R06AB01,R01BA52,COLLAPSE_TO_COMBINATION,curated,2 ingredients -> single WHO combination code
700860,R01BA02|R06AB02,,BLANKED_NO_WHO_COMBO,none,WHO defines no dedicated combination code for this ingredient set
700949,R05DA09|R06AB04,R05DA20,COLLAPSE_TO_COMBINATION,curated,3 ingredients -> single WHO combination code
701734,A11CA01|A11CC01,,BLANKED_NO_WHO_COMBO,none,WHO defines no dedicated combination code for this ingredient set
705164,R01AA04|S01FB01|S01XA20,S01XA20,COLLAPSE_TO_COMBINATION,current_cell,2 ingredients -> single WHO combination code
705726,A11CA01|A11CC05,,BLANKED_NO_WHO_COMBO,none,WHO defines no dedicated combination code for this ingredient set
707268,R05DB05|R06AB01,,BLANKED_NO_WHO_COMBO,none,WHO defines no dedicated combination code for this ingredient set
707302,M01AX05|M01AX25,,BLANKED_NO_WHO_COMBO,none,WHO defines no dedicated combination code for this ingredient set
722152,G03AC03|G03CA01,G03AA07,COLLAPSE_TO_COMBINATION,curated,2 ingredients -> single WHO combination code
724411,A11CA01|A11CC05,,BLANKED_NO_WHO_COMBO,none,WHO defines no dedicated combination code for this ingredient set
725938,R05CA03|R05CA09,,BLANKED_NO_WHO_COMBO,none,WHO defines no dedicated combination code for this ingredient set
725942,R05CA03|R05CA09,,BLANKED_NO_WHO_COMBO,none,WHO defines no dedicated combination code for this ingredient set
726008,R05CA03|R05CA09,,BLANKED_NO_WHO_COMBO,none,WHO defines no dedicated combination code for this ingredient set
726747,B03BA01|B03BB01,B03BB51,COLLAPSE_TO_COMBINATION,curated,3 ingredients -> single WHO combination code
727505,G03GA01|G03GA08,,BLANKED_NO_WHO_COMBO,none,WHO defines no dedicated combination code for this ingredient set
727507,G03GA01|G03GA08,,BLANKED_NO_WHO_COMBO,none,WHO defines no dedicated combination code for this ingredient set
728126,D04AB01|N01BB02|R02AD02,,BLANKED_NO_WHO_COMBO,ambiguous,WHO defines no dedicated combination code for this ingredient set
729783,C05AD03|D04AB04|R02AD01,,BLANKED_NO_WHO_COMBO,none,WHO defines no dedicated combination code for this ingredient set
729908,C05AD03|D04AB04|R02AD01,,BLANKED_NO_WHO_COMBO,none,WHO defines no dedicated combination code for this ingredient set
730876,R01BA02|R06AB02,R06AB52,COLLAPSE_TO_COMBINATION,who_index_wildcard,3 ingredients -> single WHO combination code
731407,A03AX10|N02BE01|N05CC04,,BLANKED_NO_WHO_COMBO,none,WHO defines no dedicated combination code for this ingredient set
744790,A06AX01|C05AD03|D04AB04|R02AD01,,BLANKED_NO_WHO_COMBO,none,WHO defines no dedicated combination code for this ingredient set
746319,B03BA01|B03BB01,B03BB51,COLLAPSE_TO_COMBINATION,curated,3 ingredients -> single WHO combination code
748321,B02BC06|B02BD30,,BLANKED_NO_WHO_COMBO,none,WHO defines no dedicated combination code for this ingredient set
748325,B02BC06|B02BD30,,BLANKED_NO_WHO_COMBO,none,WHO defines no dedicated combination code for this ingredient set
748798,G03AA12|G03AC10,G03AA12,COLLAPSE_TO_COMBINATION,min_property,3 ingredients -> single WHO combination code
748800,G03AA12|G03AC10,G03AA12,COLLAPSE_TO_COMBINATION,min_property,3 ingredients -> single WHO combination code
748832,G03AC03|G03CA01,,BLANKED_NO_WHO_COMBO,none,WHO defines no dedicated combination code for this ingredient set
748856,G03AA12|G03AC10,G03AA12,COLLAPSE_TO_COMBINATION,min_property,3 ingredients -> single WHO combination code
748857,G03AA12|G03AC10,G03AA12,COLLAPSE_TO_COMBINATION,min_property,3 ingredients -> single WHO combination code
748865,G03AC03|G03CA01,,BLANKED_NO_WHO_COMBO,none,WHO defines no dedicated combination code for this ingredient set
748866,G03AC03|G03CA01,G03AA07,COLLAPSE_TO_COMBINATION,curated,5 ingredients -> single WHO combination code
748867,G03AC03|G03CA01,G03AA07,COLLAPSE_TO_COMBINATION,curated,5 ingredients -> single WHO combination code
748868,G03AC03|G03CA01,,BLANKED_NO_WHO_COMBO,none,WHO defines no dedicated combination code for this ingredient set
748869,G03AC03|G03CA01,,BLANKED_NO_WHO_COMBO,none,WHO defines no dedicated combination code for this ingredient set
748998,G03CA01|G03DC02,,BLANKED_NO_WHO_COMBO,none,WHO defines no dedicated combination code for this ingredient set
749565,G03AC03|G03CA01,,BLANKED_NO_WHO_COMBO,none,WHO defines no dedicated combination code for this ingredient set
749736,G03CA01|G03DC02,,BLANKED_NO_WHO_COMBO,none,WHO defines no dedicated combination code for this ingredient set
749737,G03CA01|G03DC02,,BLANKED_NO_WHO_COMBO,none,WHO defines no dedicated combination code for this ingredient set
749761,G03AA07|G03CA01,G03AA07,COLLAPSE_TO_COMBINATION,current_cell,2 ingredients -> single WHO combination code
749762,G03AA07|G03CA01,G03AA07,COLLAPSE_TO_COMBINATION,current_cell,2 ingredients -> single WHO combination code
749848,G03AA09|G03AC09,G03AA09,COLLAPSE_TO_COMBINATION,current_cell,3 ingredients -> single WHO combination code
749849,G03AA09|G03AC09,G03AA09,COLLAPSE_TO_COMBINATION,current_cell,3 ingredients -> single WHO combination code
749852,G03AA05|G03FA01,,BLANKED_NO_WHO_COMBO,none,WHO defines no dedicated combination code for this ingredient set
749853,G03AA05|G03FA01,,BLANKED_NO_WHO_COMBO,none,WHO defines no dedicated combination code for this ingredient set
749854,G03AA05|G03FA01,,BLANKED_NO_WHO_COMBO,none,WHO defines no dedicated combination code for this ingredient set
749855,G03AA05|G03FA01,,BLANKED_NO_WHO_COMBO,none,WHO defines no dedicated combination code for this ingredient set
750261,G03AA09|G03AC09,G03AA09,COLLAPSE_TO_COMBINATION,current_cell,3 ingredients -> single WHO combination code
750264,G03AA05|G03FA01,,BLANKED_NO_WHO_COMBO,none,WHO defines no dedicated combination code for this ingredient set
750268,G03AC03|G03CA01,,BLANKED_NO_WHO_COMBO,none,WHO defines no dedicated combination code for this ingredient set
751553,G03AC03|G03CA01,G03AA07,COLLAPSE_TO_COMBINATION,curated,2 ingredients -> single WHO combination code
751554,G03AC03|G03CA01,G03AA07,COLLAPSE_TO_COMBINATION,curated,2 ingredients -> single WHO combination code
751884,G03AC03|G03CA01,,BLANKED_NO_WHO_COMBO,none,WHO defines no dedicated combination code for this ingredient set
751885,G03AC03|G03CA01,,BLANKED_NO_WHO_COMBO,none,WHO defines no dedicated combination code for this ingredient set
752814,A02AA02|A02AA04|A11HA02,,BLANKED_NO_WHO_COMBO,none,WHO defines no dedicated combination code for this ingredient set
753367,G03AA09|G03AC09,G03AA09,COLLAPSE_TO_COMBINATION,current_cell,3 ingredients -> single WHO combination code
753476,G03CA01|G03DC02,,BLANKED_NO_WHO_COMBO,none,WHO defines no dedicated combination code for this ingredient set
753477,G03CA01|G03DC02,,BLANKED_NO_WHO_COMBO,none,WHO defines no dedicated combination code for this ingredient set
753482,G03AA09|G03AC09,G03AA09,COLLAPSE_TO_COMBINATION,current_cell,3 ingredients -> single WHO combination code
753485,G03AC03|G03CA01,,BLANKED_NO_WHO_COMBO,none,WHO defines no dedicated combination code for this ingredient set
753486,G03AC03|G03CA01,G03AA07,COLLAPSE_TO_COMBINATION,curated,2 ingredients -> single WHO combination code
753536,G03CA01|G03DC02,,BLANKED_NO_WHO_COMBO,none,WHO defines no dedicated combination code for this ingredient set
753543,G03AA09|G03AC09,G03AA09,COLLAPSE_TO_COMBINATION,current_cell,3 ingredients -> single WHO combination code
753544,G03AC03|G03CA01,,BLANKED_NO_WHO_COMBO,none,WHO defines no dedicated combination code for this ingredient set
755310,R05CA03|R05DB05,R05FB02,COLLAPSE_TO_COMBINATION,curated,2 ingredients -> single WHO combination code
755311,R05CA03|R05DB05,R05FB02,COLLAPSE_TO_COMBINATION,curated,2 ingredients -> single WHO combination code
755312,R05CA03|R05DB05,R05FB02,COLLAPSE_TO_COMBINATION,curated,2 ingredients -> single WHO combination code
755556,R01BA02|R05CA03|R06AB04,R05CA10,COLLAPSE_TO_COMBINATION,curated,3 ingredients -> single WHO combination code
755786,R01BA01|R05CA03,R01BA51,COLLAPSE_TO_COMBINATION,who_index_wildcard,2 ingredients -> single WHO combination code
755839,R01BA02|R05DA04,,BLANKED_NO_WHO_COMBO,ambiguous,WHO defines no dedicated combination code for this ingredient set
755847,R01BA01|R05CA03|R05DA04,R01BA51,COLLAPSE_TO_COMBINATION,who_index_wildcard,3 ingredients -> single WHO combination code
756008,A11HA03|C01EB09,C01EB09,COLLAPSE_TO_COMBINATION,curated,2 ingredients -> single WHO combination code
756089,R01BA02|R05CA03,R05CA10,COLLAPSE_TO_COMBINATION,curated,2 ingredients -> single WHO combination code
756250,R05DA04|R06AB04,,BLANKED_NO_WHO_COMBO,none,WHO defines no dedicated combination code for this ingredient set
756271,R01BA01|R06AB01,R01BA51,COLLAPSE_TO_COMBINATION,curated,2 ingredients -> single WHO combination code
756272,R01BA01|R06AB01,R01BA51,COLLAPSE_TO_COMBINATION,curated,2 ingredients -> single WHO combination code
756276,R01BA01|R05DA04|R06AB04,R01BA51,COLLAPSE_TO_COMBINATION,who_index_wildcard,3 ingredients -> single WHO combination code
756277,R05DA04|R06AB04,,BLANKED_NO_WHO_COMBO,none,WHO defines no dedicated combination code for this ingredient set
757665,B02BC06|B02BD30,,BLANKED_NO_WHO_COMBO,none,WHO defines no dedicated combination code for this ingredient set
757667,B02BC06|B02BD30,,BLANKED_NO_WHO_COMBO,none,WHO defines no dedicated combination code for this ingredient set
758497,A02BC03|M01AE02,A02BC53,COLLAPSE_TO_COMBINATION,who_index_wildcard,2 ingredients -> single WHO combination code
758498,A02BC03|M01AE02,A02BC53,COLLAPSE_TO_COMBINATION,who_index_wildcard,2 ingredients -> single WHO combination code
759494,R01BA02|R06AB01|R06AB04,R06AB51,COLLAPSE_TO_COMBINATION,who_index_wildcard,5 ingredients -> single WHO combination code
759743,G03AA09|G03AC09|G03CA01,G03AA09,COLLAPSE_TO_COMBINATION,current_cell,3 ingredients -> single WHO combination code
761977,G03AC03|G03CA01,,BLANKED_NO_WHO_COMBO,none,WHO defines no dedicated combination code for this ingredient set
762001,G03AA09|G03AC09|G03CA01,G03AA09,COLLAPSE_TO_COMBINATION,current_cell,3 ingredients -> single WHO combination code
762002,G03AA09|G03AC09|G03CA01,G03AA09,COLLAPSE_TO_COMBINATION,current_cell,3 ingredients -> single WHO combination code
762007,G03AA05|G03FA01,,BLANKED_NO_WHO_COMBO,none,WHO defines no dedicated combination code for this ingredient set
762332,G03AC03|G03CA01,,BLANKED_NO_WHO_COMBO,none,WHO defines no dedicated combination code for this ingredient set
762967,D01AE12|D08AE03|N02BA04,,BLANKED_NO_WHO_COMBO,none,WHO defines no dedicated combination code for this ingredient set
763095,A01AC03|A07AA01|A07EA02|D06AX04|D07AA02|D07AB02|D07AB11|H02AB09|S01AA03|S01BA02,,BLANKED_NO_WHO_COMBO,ambiguous,WHO defines no dedicated combination code for this ingredient set
763390,G03CA01|G03DC02,,BLANKED_NO_WHO_COMBO,none,WHO defines no dedicated combination code for this ingredient set
763418,G03AC03|G03CA01,G03AA07,COLLAPSE_TO_COMBINATION,curated,5 ingredients -> single WHO combination code
763484,C05AD03|D04AB04|R02AD01,,BLANKED_NO_WHO_COMBO,none,WHO defines no dedicated combination code for this ingredient set
763577,R01AA04|S01FB01|S01XA20,S01XA20,COLLAPSE_TO_COMBINATION,current_cell,2 ingredients -> single WHO combination code
763581,R01AA04|S01FB01|S01XA20,S01XA20,COLLAPSE_TO_COMBINATION,current_cell,2 ingredients -> single WHO combination code
792119,A01AC03|A07AA01|A07EA02|D06AX04|D07AA02|D07AB02|D07AB11|H02AB09|S01AA03|S01BA02,R01AD60,COLLAPSE_TO_COMBINATION,who_index_wildcard,3 ingredients -> single WHO combination code
793770,J05AP01|L03AB05,,BLANKED_NO_WHO_COMBO,none,WHO defines no dedicated combination code for this ingredient set
794063,J05AP01|L03AB05,,BLANKED_NO_WHO_COMBO,none,WHO defines no dedicated combination code for this ingredient set
794071,J05AP01|L03AB05,,BLANKED_NO_WHO_COMBO,none,WHO defines no dedicated combination code for this ingredient set
794074,J05AP01|L03AB05,,BLANKED_NO_WHO_COMBO,none,WHO defines no dedicated combination code for this ingredient set
794078,J05AP01|L03AB05,,BLANKED_NO_WHO_COMBO,none,WHO defines no dedicated combination code for this ingredient set
794080,J05AP01|L03AB05,,BLANKED_NO_WHO_COMBO,none,WHO defines no dedicated combination code for this ingredient set
797238,B03BA01|B03BA04,,BLANKED_NO_WHO_COMBO,none,WHO defines no dedicated combination code for this ingredient set
797654,A11CA01|A11DA01|A11GA01|A11HA01|A11HA03|A11HA04|A11HA05|B03BA01|B03BB01,B03BB51,COLLAPSE_TO_COMBINATION,who_index_wildcard,16 ingredients -> single WHO combination code
798309,J07AF01|J07AM01,,BLANKED_NO_WHO_COMBO,none,WHO defines no dedicated combination code for this ingredient set
798440,J07BB01|J07BB02|J07BC01,J07CA08,COLLAPSE_TO_COMBINATION,curated,2 ingredients -> single WHO combination code
798443,J07BB01|J07BB02|J07BC01,J07CA08,COLLAPSE_TO_COMBINATION,curated,2 ingredients -> single WHO combination code
799999,A12CA01|A12CC01|B05BA03|B05BB01|B05CB01|B05XA03|B05XA07|G01AD01|S01XA03|V06DC01,C05BB56,COLLAPSE_TO_COMBINATION,who_index_wildcard,5 ingredients -> single WHO combination code
800003,A12CA01|A12CC01|B05BA03|B05BB01|B05CB01|B05XA03|B05XA07|G01AD01|S01XA03|V06DC01,C05BB56,COLLAPSE_TO_COMBINATION,who_index_wildcard,5 ingredients -> single WHO combination code
800057,A12CA01|A12CC01|B05BA03|B05BB01|B05CB01|B05XA03|B05XA07|G01AD01|S01XA03|V06DC01,C05BB56,COLLAPSE_TO_COMBINATION,who_index_wildcard,5 ingredients -> single WHO combination code
800061,A12CA01|A12CC01|B05BA03|B05BB01|B05CB01|B05XA03|B05XA07|G01AD01|S01XA03|V06DC01,C05BB56,COLLAPSE_TO_COMBINATION,who_index_wildcard,5 ingredients -> single WHO combination code
800062,A12CA01|A12CC01|B05BA03|B05BB01|B05CB01|B05XA03|B05XA07|G01AD01|S01XA03|V06DC01,C05BB56,COLLAPSE_TO_COMBINATION,who_index_wildcard,5 ingredients -> single WHO combination code
800064,A12CA01|A12CC01|B05BA03|B05BB01|B05CB01|B05XA03|B05XA07|G01AD01|S01XA03|V06DC01,C05BB56,COLLAPSE_TO_COMBINATION,who_index_wildcard,5 ingredients -> single WHO combination code
800066,A12CA01|A12CC01|B05BA03|B05BB01|B05CB01|B05XA03|B05XA07|G01AD01|S01XA03|V06DC01,C05BB56,COLLAPSE_TO_COMBINATION,who_index_wildcard,5 ingredients -> single WHO combination code
800074,A12CA01|A12CC01|B05BA03|B05BB01|B05CB01|B05XA03|B05XA07|G01AD01|S01XA03|V06DC01,C05BB56,COLLAPSE_TO_COMBINATION,who_index_wildcard,5 ingredients -> single WHO combination code
800111,A12CA01|A12CC01|B05BA03|B05BB01|B05CB01|B05XA03|B05XA07|G01AD01|S01XA03|V06DC01,C05BB56,COLLAPSE_TO_COMBINATION,who_index_wildcard,5 ingredients -> single WHO combination code
800115,A12CA01|A12CC01|B05BA03|B05BB01|B05CB01|B05XA03|B05XA07|G01AD01|S01XA03|V06DC01,C05BB56,COLLAPSE_TO_COMBINATION,who_index_wildcard,5 ingredients -> single WHO combination code
800472,A12CA01|A12CC01|B05BA03|B05BB01|B05CB01|B05XA03|B05XA07|G01AD01|S01XA03|V06DC01,C05BB56,COLLAPSE_TO_COMBINATION,who_index_wildcard,5 ingredients -> single WHO combination code
800474,A12CA01|A12CC01|B05BA03|B05BB01|B05CB01|B05XA03|B05XA07|G01AD01|S01XA03|V06DC01,C05BB56,COLLAPSE_TO_COMBINATION,who_index_wildcard,5 ingredients -> single WHO combination code
801168,A11HA02|B03BA01,,BLANKED_NO_WHO_COMBO,none,WHO defines no dedicated combination code for this ingredient set
801177,A11DA01|A11HA01|A11HA04,,BLANKED_NO_WHO_COMBO,none,WHO defines no dedicated combination code for this ingredient set
801185,G03AA12|G03AC10,G03AA12,COLLAPSE_TO_COMBINATION,min_property,3 ingredients -> single WHO combination code
801192,R01AA04|S01FB01|S01XA20,S01XA20,COLLAPSE_TO_COMBINATION,current_cell,2 ingredients -> single WHO combination code
801579,B05CX03|B05XA08|B05XB03|N06AX02|V03AB26,C05BB56,COLLAPSE_TO_COMBINATION,who_index_wildcard,19 ingredients -> single WHO combination code
801874,A12CA01|A12CC01|B05BA03|B05BB01|B05CB01|B05XA03|B05XA07|G01AD01|S01XA03|V06DC01,C05BB56,COLLAPSE_TO_COMBINATION,who_index_wildcard,5 ingredients -> single WHO combination code
801878,A12CA01|A12CC01|B05BA03|B05BB01|B05CB01|B05XA03|B05XA07|G01AD01|S01XA03|V06DC01,C05BB56,COLLAPSE_TO_COMBINATION,who_index_wildcard,5 ingredients -> single WHO combination code
802049,J07AF01|J07AM01|J07AM51|J07CA02,J07AM51,COLLAPSE_TO_COMBINATION,current_cell,2 ingredients -> single WHO combination code
802503,B03BA01|B03BB01,B03BB51,COLLAPSE_TO_COMBINATION,who_index_wildcard,7 ingredients -> single WHO combination code
802559,C05AD03|D04AB04|R02AD01,,BLANKED_NO_WHO_COMBO,none,WHO defines no dedicated combination code for this ingredient set
802748,B03BA01|B03BB01,B03BB51,COLLAPSE_TO_COMBINATION,who_index_wildcard,7 ingredients -> single WHO combination code
803062,A12CB01|V03AB20,,BLANKED_NO_WHO_COMBO,none,WHO defines no dedicated combination code for this ingredient set
804145,R05DA09|R06AB04,R05DA20,COLLAPSE_TO_COMBINATION,curated,2 ingredients -> single WHO combination code
804183,J07BD01|J07BJ01,,BLANKED_NO_WHO_COMBO,none,WHO defines no dedicated combination code for this ingredient set
804186,J07BD01|J07BJ01,,BLANKED_NO_WHO_COMBO,none,WHO defines no dedicated combination code for this ingredient set
804614,A11CC05|A12AA13,,BLANKED_NO_WHO_COMBO,none,WHO defines no dedicated combination code for this ingredient set
804919,B02BC06|B02BD30,,BLANKED_NO_WHO_COMBO,none,WHO defines no dedicated combination code for this ingredient set
805375,J07AF01|J07AM01,,BLANKED_NO_WHO_COMBO,none,WHO defines no dedicated combination code for this ingredient set
805378,J07AF01|J07AM01,,BLANKED_NO_WHO_COMBO,none,WHO defines no dedicated combination code for this ingredient set
805379,J07AF01|J07AM01|J07AM51|J07CA02,J07AM51,COLLAPSE_TO_COMBINATION,current_cell,2 ingredients -> single WHO combination code
806392,B05CB02|B05XA08,,BLANKED_NO_WHO_COMBO,none,WHO defines no dedicated combination code for this ingredient set
806396,B05CB02|B05XA08,,BLANKED_NO_WHO_COMBO,none,WHO defines no dedicated combination code for this ingredient set
806513,B03BA01|B03BB01,B03BB51,COLLAPSE_TO_COMBINATION,curated,3 ingredients -> single WHO combination code
806667,A06AX01|A12CA01|B05BB01|B05CB01|B05XA03|S01XA03,,BLANKED_NO_WHO_COMBO,none,WHO defines no dedicated combination code for this ingredient set
806674,A12CA01|B05BB01|B05CB01|B05XA03|S01XA03|V03AB06,,BLANKED_NO_WHO_COMBO,none,WHO defines no dedicated combination code for this ingredient set
807276,J07AF01|J07AM01,J07AJ52,COLLAPSE_TO_COMBINATION,curated,2 ingredients -> single WHO combination code
807277,J07AF01|J07AM01,J07AJ52,COLLAPSE_TO_COMBINATION,curated,2 ingredients -> single WHO combination code
807790,G03CA01|G03DC02,,BLANKED_NO_WHO_COMBO,none,WHO defines no dedicated combination code for this ingredient set
808534,A11HA02|B03BA01|B03BB01,B03BB51,COLLAPSE_TO_COMBINATION,who_index_wildcard,3 ingredients -> single WHO combination code
808900,B03BA01|B03BB01,B03BB51,COLLAPSE_TO_COMBINATION,curated,3 ingredients -> single WHO combination code
810015,A02BC03|M01AE02,A02BC53,COLLAPSE_TO_COMBINATION,who_index_wildcard,2 ingredients -> single WHO combination code
823878,M01AX05|M01AX25,,BLANKED_NO_WHO_COMBO,none,WHO defines no dedicated combination code for this ingredient set
823883,M01AX05|M01AX25,,BLANKED_NO_WHO_COMBO,none,WHO defines no dedicated combination code for this ingredient set
824574,C05AD03|D04AB04|R02AD01,,BLANKED_NO_WHO_COMBO,none,WHO defines no dedicated combination code for this ingredient set
825186,A01AC03|A07AA01|A07EA02|D06AX04|D07AA02|D07AB02|D07AB11|H02AB09|S01AA03|S01BA02,R01AD60,COLLAPSE_TO_COMBINATION,who_index_wildcard,3 ingredients -> single WHO combination code
825193,R01BA02|R05DA04|R06AB04,,BLANKED_NO_WHO_COMBO,none,WHO defines no dedicated combination code for this ingredient set
826091,A11HA02|B03BA01|B03BB01,B03BB51,COLLAPSE_TO_COMBINATION,who_index_wildcard,4 ingredients -> single WHO combination code
826653,A11DA01|A11GA01|A11HA01|A11HA02|A11HA04|A11HA05|B03BA05|B03BB01,B03BB51,COLLAPSE_TO_COMBINATION,who_index_wildcard,10 ingredients -> single WHO combination code
826818,R05CA03|R05DB05,,BLANKED_NO_WHO_COMBO,none,WHO defines no dedicated combination code for this ingredient set
826860,A11DA01|A11GA01|A11HA01|A11HA02|A11HA04|A11HA05|B03BA05|B03BB01,B03BB51,COLLAPSE_TO_COMBINATION,who_index_wildcard,9 ingredients -> single WHO combination code
826865,A11DA01|A11GA01|A11HA01|A11HA02|A11HA04|A11HA05|B03BA05|B03BB01,B03BB51,COLLAPSE_TO_COMBINATION,who_index_wildcard,10 ingredients -> single WHO combination code
827485,A16AX05|P03AX06,,BLANKED_NO_WHO_COMBO,none,WHO defines no dedicated combination code for this ingredient set
827565,V03AN01|V03AN04,V03AN05,COLLAPSE_TO_COMBINATION,curated,2 ingredients -> single WHO combination code
827671,D10AX02|S01AX06,,BLANKED_NO_WHO_COMBO,none,WHO defines no dedicated combination code for this ingredient set
827689,R07AX01|V03AN04,,BLANKED_NO_WHO_COMBO,none,WHO defines no dedicated combination code for this ingredient set
827693,R07AX01|V03AN04,,BLANKED_NO_WHO_COMBO,none,WHO defines no dedicated combination code for this ingredient set
827757,N02BE01|R05CA03,N02BE51,COLLAPSE_TO_COMBINATION,curated,3 ingredients -> single WHO combination code
828293,A11CC05|B03BB01,,BLANKED_NO_WHO_COMBO,ambiguous,WHO defines no dedicated combination code for this ingredient set
828296,A11CC05|B03BB01,,BLANKED_NO_WHO_COMBO,ambiguous,WHO defines no dedicated combination code for this ingredient set
828365,C05AD07|D04AB07,,BLANKED_NO_WHO_COMBO,none,WHO defines no dedicated combination code for this ingredient set
828367,C05AD07|D04AB07,,BLANKED_NO_WHO_COMBO,none,WHO defines no dedicated combination code for this ingredient set
828521,A09AB04|A12BA02|B05CB02,,BLANKED_NO_WHO_COMBO,none,WHO defines no dedicated combination code for this ingredient set
828618,A09AB04|A12BA02|B05CB02,,BLANKED_NO_WHO_COMBO,none,WHO defines no dedicated combination code for this ingredient set
829749,A11CC05|M01AX05,,BLANKED_NO_WHO_COMBO,none,WHO defines no dedicated combination code for this ingredient set
829758,A11CC05|B02BA01,,BLANKED_NO_WHO_COMBO,none,WHO defines no dedicated combination code for this ingredient set
829759,A11CC05|B02BA01,,BLANKED_NO_WHO_COMBO,none,WHO defines no dedicated combination code for this ingredient set
829971,J07AF01|J07AM01,J07CA12,COLLAPSE_TO_COMBINATION,curated,7 ingredients -> single WHO combination code
829974,J07AF01|J07AM01,J07CA12,COLLAPSE_TO_COMBINATION,curated,7 ingredients -> single WHO combination code
829989,J07AF01|J07AM01,J07CA12,COLLAPSE_TO_COMBINATION,curated,7 ingredients -> single WHO combination code
830552,J07AF01|J07AM01,,BLANKED_NO_WHO_COMBO,none,WHO defines no dedicated combination code for this ingredient set
830557,J07AF01|J07AM01,,BLANKED_NO_WHO_COMBO,none,WHO defines no dedicated combination code for this ingredient set
830736,B03BA01|B03BB01,B03BB51,COLLAPSE_TO_COMBINATION,who_index_wildcard,6 ingredients -> single WHO combination code
831872,G03AA09|G03AC09|G03CA01,G03AA09,COLLAPSE_TO_COMBINATION,current_cell,3 ingredients -> single WHO combination code
834148,A01AB03|D08AC02|R02AA05,D08AC52,COLLAPSE_TO_COMBINATION,who_index_wildcard,2 ingredients -> single WHO combination code
836268,A11GA01|B03BA01|B03BB01,B03BB51,COLLAPSE_TO_COMBINATION,who_index_wildcard,5 ingredients -> single WHO combination code
846148,C08DB01|C09AA02,,BLANKED_NO_WHO_COMBO,none,WHO defines no dedicated combination code for this ingredient set
847121,A11CC05|A12AA13,,BLANKED_NO_WHO_COMBO,none,WHO defines no dedicated combination code for this ingredient set
847628,A12CA01|B05BB01|B05CB01|B05XA03|B05XA07|G01AD01|S01XA03,,BLANKED_NO_WHO_COMBO,none,WHO defines no dedicated combination code for this ingredient set
848060,R05CA03|R05CA09,,BLANKED_NO_WHO_COMBO,none,WHO defines no dedicated combination code for this ingredient set
849082,A11HA03|C01EB09,,BLANKED_NO_WHO_COMBO,none,WHO defines no dedicated combination code for this ingredient set
854995,A01AC03|A07AA01|A07AA10|A07EA02|D06AX04|D07AA02|D07AB02|D07AB11|H02AB09|S01AA03|S01BA02,,BLANKED_NO_WHO_COMBO,ambiguous,WHO defines no dedicated combination code for this ingredient set
854997,A01AC03|A07AA01|A07AA10|A07EA02|D06AX04|D07AA02|D07AB02|D07AB11|H02AB09|S01AA03|S01BA02,,BLANKED_NO_WHO_COMBO,ambiguous,WHO defines no dedicated combination code for this ingredient set
855162,C05AD03|D04AB04|R02AD01,,BLANKED_NO_WHO_COMBO,none,WHO defines no dedicated combination code for this ingredient set
855492,D11AX22|P02CF01,,BLANKED_NO_WHO_COMBO,none,WHO defines no dedicated combination code for this ingredient set
856915,R05CA03|R05DA03,R05FA02,COLLAPSE_TO_COMBINATION,curated,2 ingredients -> single WHO combination code
856917,R05CA03|R05DA03,R05FA02,COLLAPSE_TO_COMBINATION,curated,2 ingredients -> single WHO combination code
856955,N02BE01|N06BC01|R05DA03|R06AB04,,BLANKED_NO_WHO_COMBO,none,WHO defines no dedicated combination code for this ingredient set
857389,N02BE01|N06BC01|R05DA03,,BLANKED_NO_WHO_COMBO,none,WHO defines no dedicated combination code for this ingredient set
857518,R05CA03|R05DA03,R05FA02,COLLAPSE_TO_COMBINATION,curated,2 ingredients -> single WHO combination code
857520,R05CA03|R05DA03,R05FA02,COLLAPSE_TO_COMBINATION,curated,2 ingredients -> single WHO combination code
857521,R05CA03|R05DA03,R05FA02,COLLAPSE_TO_COMBINATION,curated,2 ingredients -> single WHO combination code
857523,N06BC01|R05DA03,,BLANKED_NO_WHO_COMBO,none,WHO defines no dedicated combination code for this ingredient set
857556,R01BA02|R05DA03|R06AB01,R05DA20,COLLAPSE_TO_COMBINATION,curated,3 ingredients -> single WHO combination code
857572,R01BA02|R05DA03|R06AB01,R05DA20,COLLAPSE_TO_COMBINATION,curated,3 ingredients -> single WHO combination code
857575,R01BA02|R05DA03|R06AB01,R05DA20,COLLAPSE_TO_COMBINATION,curated,3 ingredients -> single WHO combination code
857583,R05DA03|R06AB01,R05DA20,COLLAPSE_TO_COMBINATION,curated,3 ingredients -> single WHO combination code
857586,R05DA03|R06AB01,R05DA20,COLLAPSE_TO_COMBINATION,curated,3 ingredients -> single WHO combination code
857587,R01BA02|R05DA03|R06AB01,R05DA20,COLLAPSE_TO_COMBINATION,curated,3 ingredients -> single WHO combination code
857589,R01BA02|R05DA03|R06AB01,R05DA20,COLLAPSE_TO_COMBINATION,curated,3 ingredients -> single WHO combination code
857592,R01BA02|R05DA03|R06AB01,R05DA20,COLLAPSE_TO_COMBINATION,curated,3 ingredients -> single WHO combination code
857594,R01BA02|R05DA03|R06AB01,R05DA20,COLLAPSE_TO_COMBINATION,curated,3 ingredients -> single WHO combination code
857595,R05DA03|R06AB01,R05DA20,COLLAPSE_TO_COMBINATION,curated,3 ingredients -> single WHO combination code
857597,R05DA03|R06AB01,R05DA20,COLLAPSE_TO_COMBINATION,curated,3 ingredients -> single WHO combination code
857598,R01BA02|R05DA03|R06AB01,R06AB51,COLLAPSE_TO_COMBINATION,who_index_wildcard,3 ingredients -> single WHO combination code
857608,R05DA03|R06AB01,R05DA20,COLLAPSE_TO_COMBINATION,curated,3 ingredients -> single WHO combination code
857610,R05DA03|R06AB01,R05DA20,COLLAPSE_TO_COMBINATION,curated,3 ingredients -> single WHO combination code
857612,R05DA03|R06AB01,R05DA20,COLLAPSE_TO_COMBINATION,curated,3 ingredients -> single WHO combination code
857716,R05DA03|R06AB01,R05DA20,COLLAPSE_TO_COMBINATION,curated,3 ingredients -> single WHO combination code
857718,R05DA03|R06AB01,R05DA20,COLLAPSE_TO_COMBINATION,curated,3 ingredients -> single WHO combination code
857725,R05DA03|R06AB04,R05DA20,COLLAPSE_TO_COMBINATION,curated,3 ingredients -> single WHO combination code
857726,R01BA02|R05CA03|R05DA03|R06AB04,R05FA02,COLLAPSE_TO_COMBINATION,curated,4 ingredients -> single WHO combination code
857730,R01BA02|R05CA03|R05DA03|R06AB04,R05FA02,COLLAPSE_TO_COMBINATION,curated,4 ingredients -> single WHO combination code
857732,R01BA02|R05CA03|R05DA03|R06AB04,R05FA02,COLLAPSE_TO_COMBINATION,curated,4 ingredients -> single WHO combination code
857734,R05DA03|R06AB04,R05DA20,COLLAPSE_TO_COMBINATION,curated,3 ingredients -> single WHO combination code
857736,R05DA03|R06AB04,R05DA20,COLLAPSE_TO_COMBINATION,curated,3 ingredients -> single WHO combination code
857738,R05DA03|R06AB04,R05DA20,COLLAPSE_TO_COMBINATION,curated,3 ingredients -> single WHO combination code
857742,R05DA03|R06AB04,R05DA20,COLLAPSE_TO_COMBINATION,curated,3 ingredients -> single WHO combination code
857744,R05DA03|R06AB04,R05DA20,COLLAPSE_TO_COMBINATION,curated,3 ingredients -> single WHO combination code
857748,R05DA03|R06AB04,R05DA20,COLLAPSE_TO_COMBINATION,curated,3 ingredients -> single WHO combination code
857750,R05DA03|R06AB04,R05DA20,COLLAPSE_TO_COMBINATION,curated,3 ingredients -> single WHO combination code
857752,R05DA03|R06AB04,R05DA20,COLLAPSE_TO_COMBINATION,curated,3 ingredients -> single WHO combination code
857754,R05DA03|R06AB04,R05DA20,COLLAPSE_TO_COMBINATION,curated,3 ingredients -> single WHO combination code
857756,R05DA03|R06AB04,R05DA20,COLLAPSE_TO_COMBINATION,curated,3 ingredients -> single WHO combination code
857758,R05DA03|R06AB04,R05DA20,COLLAPSE_TO_COMBINATION,curated,3 ingredients -> single WHO combination code
857762,R05DA03|R06AB04,R05DA20,COLLAPSE_TO_COMBINATION,curated,3 ingredients -> single WHO combination code
857764,R05DA03|R06AB04,R05DA20,COLLAPSE_TO_COMBINATION,curated,3 ingredients -> single WHO combination code
857766,R05DA03|R06AB04,R05DA20,COLLAPSE_TO_COMBINATION,curated,3 ingredients -> single WHO combination code
857768,R05DA03|R06AB04,R05DA20,COLLAPSE_TO_COMBINATION,curated,3 ingredients -> single WHO combination code
857772,R05DA03|R06AB04,R05DA20,COLLAPSE_TO_COMBINATION,curated,3 ingredients -> single WHO combination code
857822,R05DA03|R06AB04,R05DA20,COLLAPSE_TO_COMBINATION,curated,3 ingredients -> single WHO combination code
857824,R05DA03|R06AB04,R05DA20,COLLAPSE_TO_COMBINATION,curated,3 ingredients -> single WHO combination code
857828,R05DA03|R06AB04,R05DA20,COLLAPSE_TO_COMBINATION,curated,3 ingredients -> single WHO combination code
857830,R05DA03|R06AB04,R05DA20,COLLAPSE_TO_COMBINATION,curated,3 ingredients -> single WHO combination code
857834,R05DA03|R06AB04,R05DA20,COLLAPSE_TO_COMBINATION,curated,3 ingredients -> single WHO combination code
857836,R05DA03|R06AB04,R05DA20,COLLAPSE_TO_COMBINATION,curated,3 ingredients -> single WHO combination code
857839,R05DA03|R06AB04,R05DA20,COLLAPSE_TO_COMBINATION,curated,3 ingredients -> single WHO combination code
857841,R05DA03|R06AB04,R05DA20,COLLAPSE_TO_COMBINATION,curated,3 ingredients -> single WHO combination code
857845,R05DA03|R06AB04,R05DA20,COLLAPSE_TO_COMBINATION,curated,3 ingredients -> single WHO combination code
857847,R05DA03|R06AB04,R05DA20,COLLAPSE_TO_COMBINATION,curated,3 ingredients -> single WHO combination code
857850,R05DA03|R06AB04,,BLANKED_NO_WHO_COMBO,none,WHO defines no dedicated combination code for this ingredient set
857851,R05DA03|R06AB04,R05DA20,COLLAPSE_TO_COMBINATION,curated,3 ingredients -> single WHO combination code
857853,R05DA03|R06AB04,R05DA20,COLLAPSE_TO_COMBINATION,curated,3 ingredients -> single WHO combination code
857859,R05DA03|R06AB04,R05DA20,COLLAPSE_TO_COMBINATION,curated,3 ingredients -> single WHO combination code
857861,R05DA03|R06AB04,R05DA20,COLLAPSE_TO_COMBINATION,curated,3 ingredients -> single WHO combination code
857864,R05DA03|R06AB04,R05DA20,COLLAPSE_TO_COMBINATION,curated,3 ingredients -> single WHO combination code
857866,R05DA03|R06AB04,R05DA20,COLLAPSE_TO_COMBINATION,curated,3 ingredients -> single WHO combination code
857875,R05DA03|R06AB04,R05DA20,COLLAPSE_TO_COMBINATION,curated,3 ingredients -> single WHO combination code
857877,R05DA03|R06AB04,R05DA20,COLLAPSE_TO_COMBINATION,curated,3 ingredients -> single WHO combination code
858664,C05AD03|D04AB04|R02AD01,,BLANKED_NO_WHO_COMBO,none,WHO defines no dedicated combination code for this ingredient set
858757,R05DA03|R06AB04,R05DA20,COLLAPSE_TO_COMBINATION,curated,3 ingredients -> single WHO combination code
858761,R05DA03|R06AB04,R05DA20,COLLAPSE_TO_COMBINATION,curated,3 ingredients -> single WHO combination code
858763,R05DA03|R06AB04,R05DA20,COLLAPSE_TO_COMBINATION,curated,3 ingredients -> single WHO combination code
858774,R05DA03|R06AB04,R05DA20,COLLAPSE_TO_COMBINATION,curated,3 ingredients -> single WHO combination code
858777,R05DA03|R06AB04,R05DA20,COLLAPSE_TO_COMBINATION,curated,3 ingredients -> single WHO combination code
858782,R05DA03|R06AB04,R05DA20,COLLAPSE_TO_COMBINATION,curated,3 ingredients -> single WHO combination code
858788,R05DA03|R06AB04,R05DA20,COLLAPSE_TO_COMBINATION,curated,3 ingredients -> single WHO combination code
858795,R05DA03|R06AB04,R05DA20,COLLAPSE_TO_COMBINATION,curated,3 ingredients -> single WHO combination code
858797,R05DA03|R06AB04,R05DA20,COLLAPSE_TO_COMBINATION,curated,3 ingredients -> single WHO combination code
858832,R05DA03|R06AB04,R05DA20,COLLAPSE_TO_COMBINATION,curated,3 ingredients -> single WHO combination code
858836,R05DA03|R06AB04,R05DA20,COLLAPSE_TO_COMBINATION,curated,3 ingredients -> single WHO combination code
858847,R05DA03|R06AB04,R05DA20,COLLAPSE_TO_COMBINATION,curated,3 ingredients -> single WHO combination code
858851,R05DA03|R06AB04,R05DA20,COLLAPSE_TO_COMBINATION,curated,3 ingredients -> single WHO combination code
858854,R05DA03|R06AB04,R05DA20,COLLAPSE_TO_COMBINATION,curated,3 ingredients -> single WHO combination code
858856,R05DA03|R06AB04,R05DA20,COLLAPSE_TO_COMBINATION,curated,3 ingredients -> single WHO combination code
858863,R05DA03|R06AB04,R05DA20,COLLAPSE_TO_COMBINATION,curated,3 ingredients -> single WHO combination code
858866,R05DA03|R06AA08,,BLANKED_NO_WHO_COMBO,none,WHO defines no dedicated combination code for this ingredient set
858871,R05DA03|R06AB04,R05DA20,COLLAPSE_TO_COMBINATION,curated,3 ingredients -> single WHO combination code
858875,R05DA03|R06AB04,R05DA20,COLLAPSE_TO_COMBINATION,curated,3 ingredients -> single WHO combination code
858880,R01BA02|R05DA03|R06AA08,,BLANKED_NO_WHO_COMBO,none,WHO defines no dedicated combination code for this ingredient set
858884,C08CA02|C09AA02,,BLANKED_NO_WHO_COMBO,none,WHO defines no dedicated combination code for this ingredient set
858892,C08CA02|C09AA02,,BLANKED_NO_WHO_COMBO,none,WHO defines no dedicated combination code for this ingredient set
858895,R05DA03|R06AA08,,BLANKED_NO_WHO_COMBO,ambiguous,WHO defines no dedicated combination code for this ingredient set
858897,R05DA03|R06AA08,,BLANKED_NO_WHO_COMBO,ambiguous,WHO defines no dedicated combination code for this ingredient set
858898,R05DA03|R06AB06,R05DA20,COLLAPSE_TO_COMBINATION,curated,3 ingredients -> single WHO combination code
858900,R05DA03|R06AB06,R05DA20,COLLAPSE_TO_COMBINATION,curated,3 ingredients -> single WHO combination code
858901,R01BA02|R05DA03|R06AB04,R05DA20,COLLAPSE_TO_COMBINATION,curated,3 ingredients -> single WHO combination code
858903,R01BA02|R05DA03|R06AB04,R05DA20,COLLAPSE_TO_COMBINATION,curated,3 ingredients -> single WHO combination code
858905,R05DA03|R06AB06,R05DA20,COLLAPSE_TO_COMBINATION,curated,3 ingredients -> single WHO combination code
858912,R01BA02|R05DA03|R06AB04,R05DA20,COLLAPSE_TO_COMBINATION,curated,3 ingredients -> single WHO combination code
858919,R01BA02|R05DA03|R06AB04,R05DA20,COLLAPSE_TO_COMBINATION,curated,3 ingredients -> single WHO combination code
858932,R01BA02|R05DA03|R06AB04,R05DA20,COLLAPSE_TO_COMBINATION,curated,3 ingredients -> single WHO combination code
858937,R01BA02|R05DA03|R06AB04,R05DA20,COLLAPSE_TO_COMBINATION,curated,3 ingredients -> single WHO combination code
858939,R05CA09|R05DA03,R05FA02,COLLAPSE_TO_COMBINATION,curated,2 ingredients -> single WHO combination code
858945,R05CA09|R05DA03,R05FA02,COLLAPSE_TO_COMBINATION,curated,2 ingredients -> single WHO combination code
858947,R01BA02|R05DA03|R06AB04,R05DA20,COLLAPSE_TO_COMBINATION,curated,3 ingredients -> single WHO combination code
858949,R05CA09|R05DA03,R05FA02,COLLAPSE_TO_COMBINATION,curated,2 ingredients -> single WHO combination code
858955,R05CA09|R05DA03,R05FA02,COLLAPSE_TO_COMBINATION,curated,2 ingredients -> single WHO combination code
858957,R01BA02|R05DA03|R06AB04,R05DA20,COLLAPSE_TO_COMBINATION,curated,3 ingredients -> single WHO combination code
858960,R05CA09|R05DA03,R05FA02,COLLAPSE_TO_COMBINATION,curated,2 ingredients -> single WHO combination code
858962,R01BA02|R05DA03|R06AB04,R05DA20,COLLAPSE_TO_COMBINATION,curated,3 ingredients -> single WHO combination code
858967,R05CA09|R05DA03,,BLANKED_NO_WHO_COMBO,none,WHO defines no dedicated combination code for this ingredient set
858969,R05CA09|R05DA03,,BLANKED_NO_WHO_COMBO,none,WHO defines no dedicated combination code for this ingredient set
858971,R01BA02|R05DA03|R06AB04,R05DA20,COLLAPSE_TO_COMBINATION,curated,3 ingredients -> single WHO combination code
858974,R01BA02|R05DA03|R06AB04,R05DA20,COLLAPSE_TO_COMBINATION,curated,3 ingredients -> single WHO combination code
858976,R05CA09|R05DA03,R05FA02,COLLAPSE_TO_COMBINATION,curated,2 ingredients -> single WHO combination code
858978,R01BA02|R05CA09|R05DA03,,BLANKED_NO_WHO_COMBO,none,WHO defines no dedicated combination code for this ingredient set
858984,R01BA02|R05CA09|R05DA03,,BLANKED_NO_WHO_COMBO,none,WHO defines no dedicated combination code for this ingredient set
858986,R01BA02|R05CA09|R05DA03,,BLANKED_NO_WHO_COMBO,none,WHO defines no dedicated combination code for this ingredient set
858990,R01BA02|R05DA03|R06AB04,R05DA20,COLLAPSE_TO_COMBINATION,curated,3 ingredients -> single WHO combination code
858991,R05CA09|R05DA03,R05FA02,COLLAPSE_TO_COMBINATION,curated,2 ingredients -> single WHO combination code
858993,R05CA09|R05DA03,R05FA02,COLLAPSE_TO_COMBINATION,curated,2 ingredients -> single WHO combination code
858998,R05CA09|R05DA03,R05FA02,COLLAPSE_TO_COMBINATION,curated,2 ingredients -> single WHO combination code
859002,R05CA09|R05DA03,R05FA02,COLLAPSE_TO_COMBINATION,curated,2 ingredients -> single WHO combination code
859003,R05DA03|R06AB04,R05DA20,COLLAPSE_TO_COMBINATION,curated,2 ingredients -> single WHO combination code
859005,R05DA03|R06AB04,R05DA20,COLLAPSE_TO_COMBINATION,curated,2 ingredients -> single WHO combination code
859011,R01BA02|R05DA03|R06AB04,R05DA20,COLLAPSE_TO_COMBINATION,curated,3 ingredients -> single WHO combination code
859013,R01BA02|R05DA03|R06AB04,R05DA20,COLLAPSE_TO_COMBINATION,curated,3 ingredients -> single WHO combination code
859017,R01BA02|R05DA03|R06AB04,R05DA20,COLLAPSE_TO_COMBINATION,curated,3 ingredients -> single WHO combination code
859019,R05CA09|R05DA03,R05FA02,COLLAPSE_TO_COMBINATION,curated,2 ingredients -> single WHO combination code
859021,R01BA02|R05DA03|R06AB04,R05DA20,COLLAPSE_TO_COMBINATION,curated,3 ingredients -> single WHO combination code
859023,R01BA02|R05DA03|R06AB04,R05DA20,COLLAPSE_TO_COMBINATION,curated,3 ingredients -> single WHO combination code
859025,R01BA02|R05DA03|R06AB04,R05DA20,COLLAPSE_TO_COMBINATION,curated,3 ingredients -> single WHO combination code
859029,R05DA03|R06AB04,R05DA20,COLLAPSE_TO_COMBINATION,curated,3 ingredients -> single WHO combination code
859031,R05DA03|R06AB04,,BLANKED_NO_WHO_COMBO,ambiguous,WHO defines no dedicated combination code for this ingredient set
859038,R05DA03|R06AB04,R05DA20,COLLAPSE_TO_COMBINATION,curated,3 ingredients -> single WHO combination code
859068,R05CA09|R05DA03,R05FA02,COLLAPSE_TO_COMBINATION,curated,2 ingredients -> single WHO combination code
859072,R05CA09|R05DA03,R05FA02,COLLAPSE_TO_COMBINATION,curated,2 ingredients -> single WHO combination code
859075,R05CA09|R05DA03,R05FA02,COLLAPSE_TO_COMBINATION,curated,2 ingredients -> single WHO combination code
859085,R05CA09|R05DA03,R05FA02,COLLAPSE_TO_COMBINATION,curated,2 ingredients -> single WHO combination code
859087,R05CA09|R05DA03,R05FA02,COLLAPSE_TO_COMBINATION,curated,2 ingredients -> single WHO combination code
859092,R05CA09|R05DA03,R05FA02,COLLAPSE_TO_COMBINATION,curated,2 ingredients -> single WHO combination code
859097,R05CA09|R05DA03,R05FA02,COLLAPSE_TO_COMBINATION,curated,2 ingredients -> single WHO combination code
859099,R05CA09|R05DA03,R05FA02,COLLAPSE_TO_COMBINATION,curated,2 ingredients -> single WHO combination code
859101,R05CA09|R05DA03,R05FA02,COLLAPSE_TO_COMBINATION,curated,2 ingredients -> single WHO combination code
859103,R05CA09|R05DA03,R05FA02,COLLAPSE_TO_COMBINATION,curated,2 ingredients -> single WHO combination code
859106,R05CA09|R05DA03,R05FA02,COLLAPSE_TO_COMBINATION,curated,2 ingredients -> single WHO combination code
859137,R05DA03|R06AB04,R05DA20,COLLAPSE_TO_COMBINATION,curated,3 ingredients -> single WHO combination code
859139,R05DA03|R06AB04,R05DA20,COLLAPSE_TO_COMBINATION,curated,3 ingredients -> single WHO combination code
859141,R05DA03|R06AB04,R05DA20,COLLAPSE_TO_COMBINATION,curated,3 ingredients -> single WHO combination code
859143,R05DA03|R06AB04,R05DA20,COLLAPSE_TO_COMBINATION,curated,3 ingredients -> single WHO combination code
859146,R05DA03|R06AB04,R05DA20,COLLAPSE_TO_COMBINATION,curated,3 ingredients -> single WHO combination code
859150,R05DA03|R06AB04,R05DA20,COLLAPSE_TO_COMBINATION,curated,3 ingredients -> single WHO combination code
859153,R05DA03|R06AB04,R05DA20,COLLAPSE_TO_COMBINATION,curated,3 ingredients -> single WHO combination code
859156,R01BA02|R05DA03|R06AB04,R05DA20,COLLAPSE_TO_COMBINATION,curated,3 ingredients -> single WHO combination code
859164,R05DA03|R06AB04,,BLANKED_NO_WHO_COMBO,none,WHO defines no dedicated combination code for this ingredient set
859181,R01BA02|R05DA03|R06AB04,R01BA52,COLLAPSE_TO_COMBINATION,who_index_wildcard,3 ingredients -> single WHO combination code
859183,R01BA02|R05DA03|R06AB04,R01BA52,COLLAPSE_TO_COMBINATION,who_index_wildcard,3 ingredients -> single WHO combination code
859211,R01BA02|R05DA03|R06AB04,R05DA20,COLLAPSE_TO_COMBINATION,curated,3 ingredients -> single WHO combination code
859213,R01BA02|R05DA03|R06AB04,R05DA20,COLLAPSE_TO_COMBINATION,curated,3 ingredients -> single WHO combination code
859216,R05DA03|R06AB04,R05DA20,COLLAPSE_TO_COMBINATION,curated,3 ingredients -> single WHO combination code
859218,R01BA02|R05DA03|R06AB04,R01BA52,COLLAPSE_TO_COMBINATION,who_index_wildcard,3 ingredients -> single WHO combination code
859225,R05DA03|R06AB04,R05DA20,COLLAPSE_TO_COMBINATION,curated,3 ingredients -> single WHO combination code
859230,R05DA03|R06AB04,,BLANKED_NO_WHO_COMBO,ambiguous,WHO defines no dedicated combination code for this ingredient set
859232,R05DA03|R06AB04,,BLANKED_NO_WHO_COMBO,ambiguous,WHO defines no dedicated combination code for this ingredient set
859234,R05DA03|R06AB04,R05DA20,COLLAPSE_TO_COMBINATION,curated,3 ingredients -> single WHO combination code
859236,R05DA03|R06AB04,R05DA20,COLLAPSE_TO_COMBINATION,curated,3 ingredients -> single WHO combination code
859238,R05DA03|R06AB04,R05DA20,COLLAPSE_TO_COMBINATION,curated,3 ingredients -> single WHO combination code
859246,R01BA02|R05DA03|R06AB04,R01BA52,COLLAPSE_TO_COMBINATION,who_index_wildcard,3 ingredients -> single WHO combination code
859250,R05DA03|R06AB04,R05DA20,COLLAPSE_TO_COMBINATION,curated,2 ingredients -> single WHO combination code
859252,R05DA03|R06AB04,R05DA20,COLLAPSE_TO_COMBINATION,curated,2 ingredients -> single WHO combination code
859296,R05CA03|R05DA03,R05FA02,COLLAPSE_TO_COMBINATION,curated,2 ingredients -> single WHO combination code
859310,R05CA03|R05DA03,R05FA02,COLLAPSE_TO_COMBINATION,curated,3 ingredients -> single WHO combination code
859312,R05CA03|R05DA03,R05FA02,COLLAPSE_TO_COMBINATION,curated,3 ingredients -> single WHO combination code
859327,R05CA03|R05DA03,R05FA02,COLLAPSE_TO_COMBINATION,curated,3 ingredients -> single WHO combination code
859329,R05CA03|R05DA03,R05FA02,COLLAPSE_TO_COMBINATION,curated,3 ingredients -> single WHO combination code
859336,R05CA03|R05DA03,R05FA02,COLLAPSE_TO_COMBINATION,curated,2 ingredients -> single WHO combination code
859338,R05CA03|R05DA03,R05FA02,COLLAPSE_TO_COMBINATION,curated,2 ingredients -> single WHO combination code
859340,R05CA03|R05DA03,R05FA02,COLLAPSE_TO_COMBINATION,curated,2 ingredients -> single WHO combination code
859341,R05CA03|R05DA03,R05FA02,COLLAPSE_TO_COMBINATION,curated,2 ingredients -> single WHO combination code
859343,R05CA03|R05DA03,R05FA02,COLLAPSE_TO_COMBINATION,curated,2 ingredients -> single WHO combination code
859347,R05CA03|R05DA03,R05FA02,COLLAPSE_TO_COMBINATION,curated,2 ingredients -> single WHO combination code
859353,R05CA03|R05DA03,R05FA02,COLLAPSE_TO_COMBINATION,curated,2 ingredients -> single WHO combination code
859356,R05CA03|R05DA03,R05FA02,COLLAPSE_TO_COMBINATION,curated,2 ingredients -> single WHO combination code
859357,R05CA03|R05DA03,R05FA02,COLLAPSE_TO_COMBINATION,curated,2 ingredients -> single WHO combination code
859359,R05CA03|R05DA03,R05FA02,COLLAPSE_TO_COMBINATION,curated,2 ingredients -> single WHO combination code
859368,R05CA03|R05DA03,R05FA02,COLLAPSE_TO_COMBINATION,curated,3 ingredients -> single WHO combination code
859376,R05CA03|R05DA03,R05FA02,COLLAPSE_TO_COMBINATION,curated,3 ingredients -> single WHO combination code
859383,R05CA03|R05DA03,,BLANKED_NO_WHO_COMBO,none,WHO defines no dedicated combination code for this ingredient set
859387,R05CA03|R05DA03,R05FA02,COLLAPSE_TO_COMBINATION,curated,2 ingredients -> single WHO combination code
859797,R01BA02|R05CA03|R05DA03,R05FA02,COLLAPSE_TO_COMBINATION,curated,3 ingredients -> single WHO combination code
859807,R01BA02|R05CA03|R05DA03,R05FA02,COLLAPSE_TO_COMBINATION,curated,3 ingredients -> single WHO combination code
859816,R01BA02|R05CA03|R05DA03,R05FA02,COLLAPSE_TO_COMBINATION,curated,3 ingredients -> single WHO combination code
859818,R01BA02|R05CA03|R05DA03,R05FA02,COLLAPSE_TO_COMBINATION,curated,3 ingredients -> single WHO combination code
859822,R01BA02|R05CA03|R05DA03,R05FA02,COLLAPSE_TO_COMBINATION,curated,3 ingredients -> single WHO combination code
859926,R01BA02|R05CA03|R05DA03,,BLANKED_NO_WHO_COMBO,none,WHO defines no dedicated combination code for this ingredient set
859928,R01BA02|R05CA03|R05DA03,,BLANKED_NO_WHO_COMBO,none,WHO defines no dedicated combination code for this ingredient set
859930,R01BA02|R05CA03|R05DA03,,BLANKED_NO_WHO_COMBO,none,WHO defines no dedicated combination code for this ingredient set
859931,R05CA03|R05DA03,,BLANKED_NO_WHO_COMBO,none,WHO defines no dedicated combination code for this ingredient set
859933,R05CA03|R05DA03,,BLANKED_NO_WHO_COMBO,none,WHO defines no dedicated combination code for this ingredient set
859934,R05CA03|R05DA03,,BLANKED_NO_WHO_COMBO,none,WHO defines no dedicated combination code for this ingredient set
859936,R05CA03|R05DA03,,BLANKED_NO_WHO_COMBO,none,WHO defines no dedicated combination code for this ingredient set
859938,R05CA03|R05DA03,,BLANKED_NO_WHO_COMBO,none,WHO defines no dedicated combination code for this ingredient set
859939,R05CA03|R05DA03,R05FA02,COLLAPSE_TO_COMBINATION,curated,3 ingredients -> single WHO combination code
859941,R05CA03|R05DA03,R05FA02,COLLAPSE_TO_COMBINATION,curated,3 ingredients -> single WHO combination code
859943,R05CA03|R05DA03,R05FA02,COLLAPSE_TO_COMBINATION,curated,3 ingredients -> single WHO combination code
859994,R05CA03|R05DA03,R05FA02,COLLAPSE_TO_COMBINATION,curated,2 ingredients -> single WHO combination code
859997,R05CA03|R05DA03,R05FA02,COLLAPSE_TO_COMBINATION,curated,2 ingredients -> single WHO combination code
859999,R05CA03|R05DA03,R05FA02,COLLAPSE_TO_COMBINATION,curated,2 ingredients -> single WHO combination code
860002,R05CA03|R05DA03,R05FA02,COLLAPSE_TO_COMBINATION,curated,2 ingredients -> single WHO combination code
860007,R05CA03|R05DA03,R05FA02,COLLAPSE_TO_COMBINATION,curated,2 ingredients -> single WHO combination code
860040,R01BA01|R05DA03,R01BA51,COLLAPSE_TO_COMBINATION,who_index_wildcard,5 ingredients -> single WHO combination code
860042,R01BA01|R05DA03,R01BA51,COLLAPSE_TO_COMBINATION,who_index_wildcard,5 ingredients -> single WHO combination code
860044,R01BA01|R05DA03,R01BA51,COLLAPSE_TO_COMBINATION,who_index_wildcard,5 ingredients -> single WHO combination code
860085,R01BA01|R05DA03,R01BA51,COLLAPSE_TO_COMBINATION,who_index_wildcard,5 ingredients -> single WHO combination code
860090,R01BA01|R05DA03,R01BA51,COLLAPSE_TO_COMBINATION,who_index_wildcard,5 ingredients -> single WHO combination code
860118,R01BA01|R05DA03,R05DA20,COLLAPSE_TO_COMBINATION,curated,2 ingredients -> single WHO combination code
860120,R01BA01|R05DA03,R05DA20,COLLAPSE_TO_COMBINATION,curated,2 ingredients -> single WHO combination code
860123,R01BA01|R05DA03,R05DA20,COLLAPSE_TO_COMBINATION,curated,2 ingredients -> single WHO combination code
860129,R01BA01|R05DA03,R05DA20,COLLAPSE_TO_COMBINATION,curated,2 ingredients -> single WHO combination code
860133,R01BA02|R05DA03,R05DA20,COLLAPSE_TO_COMBINATION,curated,2 ingredients -> single WHO combination code
860135,R01BA02|R05DA03,R05DA20,COLLAPSE_TO_COMBINATION,curated,2 ingredients -> single WHO combination code
860138,R05CA09|R05DA03,R05FA02,COLLAPSE_TO_COMBINATION,curated,2 ingredients -> single WHO combination code
860157,R05CA03|R05DA03,R05FA02,COLLAPSE_TO_COMBINATION,curated,2 ingredients -> single WHO combination code
860164,R05CA03|R05DA03,R05FA02,COLLAPSE_TO_COMBINATION,curated,3 ingredients -> single WHO combination code
860167,R05CA03|R05DA03,R05FA02,COLLAPSE_TO_COMBINATION,curated,2 ingredients -> single WHO combination code
860234,R05CA03|R05DA03,R05FA02,COLLAPSE_TO_COMBINATION,curated,3 ingredients -> single WHO combination code
860236,R05CA03|R05DA03,R05FA02,COLLAPSE_TO_COMBINATION,curated,3 ingredients -> single WHO combination code
860239,R05CA03|R05DA03,R05FA02,COLLAPSE_TO_COMBINATION,curated,3 ingredients -> single WHO combination code
860246,R05CA03|R05DA03,R05FA02,COLLAPSE_TO_COMBINATION,curated,3 ingredients -> single WHO combination code
860248,R05CA03|R05DA03,R05FA02,COLLAPSE_TO_COMBINATION,curated,2 ingredients -> single WHO combination code
860252,R05CA03|R05DA03,R05FA02,COLLAPSE_TO_COMBINATION,curated,2 ingredients -> single WHO combination code
860254,R05CA03|R05DA03,R05FA02,COLLAPSE_TO_COMBINATION,curated,3 ingredients -> single WHO combination code
860256,R05CA03|R05DA03,R05FA02,COLLAPSE_TO_COMBINATION,curated,2 ingredients -> single WHO combination code
860258,R05CA03|R05DA03,R05FA02,COLLAPSE_TO_COMBINATION,curated,2 ingredients -> single WHO combination code
860260,R05CA03|R05DA03,R05FA02,COLLAPSE_TO_COMBINATION,curated,2 ingredients -> single WHO combination code
860262,R05CA03|R05DA03,R05FA02,COLLAPSE_TO_COMBINATION,curated,2 ingredients -> single WHO combination code
860264,R05CA03|R05DA03,R05FA02,COLLAPSE_TO_COMBINATION,curated,2 ingredients -> single WHO combination code
860266,R05CA03|R05DA03,R05FA02,COLLAPSE_TO_COMBINATION,curated,2 ingredients -> single WHO combination code
860269,R05CA03|R05DA03,R05FA02,COLLAPSE_TO_COMBINATION,curated,2 ingredients -> single WHO combination code
860272,R01BA01|R05CA03|R05DA03,R01BA51,COLLAPSE_TO_COMBINATION,who_index_wildcard,5 ingredients -> single WHO combination code
860273,R05CA03|R05DA03,R05FA02,COLLAPSE_TO_COMBINATION,curated,2 ingredients -> single WHO combination code
860275,R05CA03|R05DA03,R05FA02,COLLAPSE_TO_COMBINATION,curated,2 ingredients -> single WHO combination code
860277,R05CA03|R05DA03,R05FA02,COLLAPSE_TO_COMBINATION,curated,2 ingredients -> single WHO combination code
860279,R05CA03|R05DA03,R05FA02,COLLAPSE_TO_COMBINATION,curated,2 ingredients -> single WHO combination code
860281,R05CA03|R05DA03,R05FA02,COLLAPSE_TO_COMBINATION,curated,2 ingredients -> single WHO combination code
860283,R05CA03|R05DA03,R05FA02,COLLAPSE_TO_COMBINATION,curated,2 ingredients -> single WHO combination code
860285,R05CA03|R05DA03,R05FA02,COLLAPSE_TO_COMBINATION,curated,2 ingredients -> single WHO combination code
860426,R05CA03|R05DA03,R05FA02,COLLAPSE_TO_COMBINATION,curated,3 ingredients -> single WHO combination code
860428,R05CA03|R05DA03,R05FA02,COLLAPSE_TO_COMBINATION,curated,3 ingredients -> single WHO combination code
860430,R05CA03|R05DA03,R05FA02,COLLAPSE_TO_COMBINATION,curated,3 ingredients -> single WHO combination code
860433,R05CA03|R05DA03,R05FA02,COLLAPSE_TO_COMBINATION,curated,3 ingredients -> single WHO combination code
860435,R05CA03|R05DA03,R05FA02,COLLAPSE_TO_COMBINATION,curated,3 ingredients -> single WHO combination code
860437,R05CA03|R05DA03,R05FA02,COLLAPSE_TO_COMBINATION,curated,3 ingredients -> single WHO combination code
860438,R01BA02|R05CA03|R05DA03,R05FA02,COLLAPSE_TO_COMBINATION,curated,3 ingredients -> single WHO combination code
860444,R01BA02|R05CA03|R05DA03,R05FA02,COLLAPSE_TO_COMBINATION,curated,3 ingredients -> single WHO combination code
860446,R01BA02|R05CA03|R05DA03,R05FA02,COLLAPSE_TO_COMBINATION,curated,3 ingredients -> single WHO combination code
860450,R01BA02|R05CA03|R05DA03,R05FA02,COLLAPSE_TO_COMBINATION,curated,3 ingredients -> single WHO combination code
860452,R01BA02|R05CA03|R05DA03,R05FA02,COLLAPSE_TO_COMBINATION,curated,3 ingredients -> single WHO combination code
860454,R01BA02|R05CA03|R05DA03,R05FA02,COLLAPSE_TO_COMBINATION,curated,3 ingredients -> single WHO combination code
860456,R01BA02|R05CA03|R05DA03,R05FA02,COLLAPSE_TO_COMBINATION,curated,3 ingredients -> single WHO combination code
860495,R05CA03|R05DA03,R05FA02,COLLAPSE_TO_COMBINATION,curated,2 ingredients -> single WHO combination code
860499,R05CA03|R05DA03,R05FA02,COLLAPSE_TO_COMBINATION,curated,2 ingredients -> single WHO combination code
860505,R05CA03|R05DA03,R05FA02,COLLAPSE_TO_COMBINATION,curated,2 ingredients -> single WHO combination code
860530,R01BA02|R05CA03|R05DA03,R05FA02,COLLAPSE_TO_COMBINATION,curated,3 ingredients -> single WHO combination code
860538,R01BA02|R05CA03|R05DA03,R05FA02,COLLAPSE_TO_COMBINATION,curated,3 ingredients -> single WHO combination code
860543,R01BA02|R05CA03|R05DA03,R05FA02,COLLAPSE_TO_COMBINATION,curated,3 ingredients -> single WHO combination code
860546,R05CA03|R05DA03,R05FA02,COLLAPSE_TO_COMBINATION,curated,2 ingredients -> single WHO combination code
860548,R05CA03|R05DA03,R05FA02,COLLAPSE_TO_COMBINATION,curated,2 ingredients -> single WHO combination code
860549,R01BA02|R05CA03|R05DA03,R05FA02,COLLAPSE_TO_COMBINATION,curated,3 ingredients -> single WHO combination code
860551,R01BA02|R05CA03|R05DA03,R05FA02,COLLAPSE_TO_COMBINATION,curated,3 ingredients -> single WHO combination code
860553,R01BA02|R05CA03|R05DA03,R05FA02,COLLAPSE_TO_COMBINATION,curated,3 ingredients -> single WHO combination code
860555,R01BA02|R05CA03|R05DA03,R05FA02,COLLAPSE_TO_COMBINATION,curated,3 ingredients -> single WHO combination code
860557,R01BA02|R05CA03|R05DA03,R05FA02,COLLAPSE_TO_COMBINATION,curated,3 ingredients -> single WHO combination code
860558,R05CA03|R05DA03,R05FA02,COLLAPSE_TO_COMBINATION,curated,2 ingredients -> single WHO combination code
860560,R05CA03|R05DA03,R05FA02,COLLAPSE_TO_COMBINATION,curated,2 ingredients -> single WHO combination code
860562,R05CA03|R05DA03,R05FA02,COLLAPSE_TO_COMBINATION,curated,2 ingredients -> single WHO combination code
860564,R05CA03|R05DA03,R05FA02,COLLAPSE_TO_COMBINATION,curated,2 ingredients -> single WHO combination code
860566,R05CA03|R05DA03,R05FA02,COLLAPSE_TO_COMBINATION,curated,2 ingredients -> single WHO combination code
860568,R05CA03|R05DA03,R05FA02,COLLAPSE_TO_COMBINATION,curated,2 ingredients -> single WHO combination code
860571,R05DA03|R06AB04,R05DA20,COLLAPSE_TO_COMBINATION,curated,3 ingredients -> single WHO combination code
860582,R05CA03|R05DA03,R05FA02,COLLAPSE_TO_COMBINATION,curated,3 ingredients -> single WHO combination code
860589,R05CA03|R05DA03|R06AX04,,BLANKED_NO_WHO_COMBO,none,WHO defines no dedicated combination code for this ingredient set
860592,R05CA03|R05DA03,R05FA02,COLLAPSE_TO_COMBINATION,curated,3 ingredients -> single WHO combination code
860594,R01BA01|R05DA03,R01BA51,COLLAPSE_TO_COMBINATION,who_index_wildcard,2 ingredients -> single WHO combination code
860595,R01BA01|R05DA03,R05DA20,COLLAPSE_TO_COMBINATION,curated,2 ingredients -> single WHO combination code
860659,R05CA03|R05DA03,R05FA02,COLLAPSE_TO_COMBINATION,curated,2 ingredients -> single WHO combination code
860665,R05CA03|R05DA03,R05FA02,COLLAPSE_TO_COMBINATION,curated,2 ingredients -> single WHO combination code
860667,R05CA03|R05DA03,R05FA02,COLLAPSE_TO_COMBINATION,curated,2 ingredients -> single WHO combination code
860669,R05CA03|R05DA03,R05FA02,COLLAPSE_TO_COMBINATION,curated,2 ingredients -> single WHO combination code
860674,R05CA03|R05DA03,R05FA02,COLLAPSE_TO_COMBINATION,curated,2 ingredients -> single WHO combination code
860680,R01BA01|R05DA03,R05DA20,COLLAPSE_TO_COMBINATION,curated,2 ingredients -> single WHO combination code
860682,R01BA01|R05DA03,R05DA20,COLLAPSE_TO_COMBINATION,curated,2 ingredients -> single WHO combination code
860684,R01BA01|R05DA03,R05DA20,COLLAPSE_TO_COMBINATION,curated,2 ingredients -> single WHO combination code
860686,R01BA01|R05DA03,R05DA20,COLLAPSE_TO_COMBINATION,curated,2 ingredients -> single WHO combination code
860725,R01BA02|R05DA03,R05DA20,COLLAPSE_TO_COMBINATION,curated,2 ingredients -> single WHO combination code
861098,C05AD03|D04AB04|R02AD01,,BLANKED_NO_WHO_COMBO,none,WHO defines no dedicated combination code for this ingredient set
863843,R05CA03|R05DB05,,BLANKED_NO_WHO_COMBO,none,WHO defines no dedicated combination code for this ingredient set
864675,P01AX06|P01BB01|P01BB51,P01BB51,COLLAPSE_TO_COMBINATION,min_property,2 ingredients -> single WHO combination code
864679,P01AX06|P01BB01|P01BB51,P01BB51,COLLAPSE_TO_COMBINATION,min_property,2 ingredients -> single WHO combination code
864681,P01AX06|P01BB01|P01BB51,P01BB51,COLLAPSE_TO_COMBINATION,min_property,2 ingredients -> single WHO combination code
864685,P01AX06|P01BB01|P01BB51,P01BB51,COLLAPSE_TO_COMBINATION,min_property,2 ingredients -> single WHO combination code
865078,A11CC05|B02BA01,,BLANKED_NO_WHO_COMBO,none,WHO defines no dedicated combination code for this ingredient set
866077,R01BA02|R05CA03|R05DB05,,BLANKED_NO_WHO_COMBO,none,WHO defines no dedicated combination code for this ingredient set
866433,M01AX05|M01AX25,,BLANKED_NO_WHO_COMBO,none,WHO defines no dedicated combination code for this ingredient set
876858,A11CA01|A11DA01|A11GA01|A11HA03|A11HA04|B03BA01,,BLANKED_NO_WHO_COMBO,none,WHO defines no dedicated combination code for this ingredient set
876861,A11CA01|A11DA01|A11GA01|A11HA03|A11HA04|B03BA01,,BLANKED_NO_WHO_COMBO,none,WHO defines no dedicated combination code for this ingredient set
876863,A11CA01|A11DA01|A11GA01|A11HA03|A11HA04,,BLANKED_NO_WHO_COMBO,none,WHO defines no dedicated combination code for this ingredient set
876866,A11CA01|A11DA01|A11GA01|A11HA03|A11HA04,,BLANKED_NO_WHO_COMBO,none,WHO defines no dedicated combination code for this ingredient set
877318,A11CC05|A12AA13,,BLANKED_NO_WHO_COMBO,none,WHO defines no dedicated combination code for this ingredient set
877466,A11DA01|A11GA01|A11HA01|A11HA02|A11HA04|B03BA01|B03BB01,B03BB51,COLLAPSE_TO_COMBINATION,who_index_wildcard,9 ingredients -> single WHO combination code
880359,R05CA03|R05DA09,R05FA02,COLLAPSE_TO_COMBINATION,curated,3 ingredients -> single WHO combination code
880945,B03BA01|B03BB01,B03BB51,COLLAPSE_TO_COMBINATION,curated,3 ingredients -> single WHO combination code
883748,A11GA01|A11HA02|B03BB01,B03BB51,COLLAPSE_TO_COMBINATION,who_index_wildcard,8 ingredients -> single WHO combination code
884664,R01BA02|R05DA09|R06AB04,R05DA20,COLLAPSE_TO_COMBINATION,curated,3 ingredients -> single WHO combination code
885585,C05AD03|D04AB04|R02AD01,,BLANKED_NO_WHO_COMBO,none,WHO defines no dedicated combination code for this ingredient set
891077,A12CA01|A12CC01|B05BA03|B05BB01|B05CB01|B05XA03|B05XA07|G01AD01|S01XA03|V06DC01,C05BB56,COLLAPSE_TO_COMBINATION,who_index_wildcard,5 ingredients -> single WHO combination code
891153,A01AB09|A07EA01|D01AC02|G01AF04|H02AB06|S01BA04|S03BA02,,BLANKED_NO_WHO_COMBO,ambiguous,WHO defines no dedicated combination code for this ingredient set
891172,R05CA03|R05DA03,R05FA02,COLLAPSE_TO_COMBINATION,curated,3 ingredients -> single WHO combination code
891522,A11DA01|A11GA01|A11HA02|A11HA04|A11HA05|B03BA01|B03BB01,B03BB51,COLLAPSE_TO_COMBINATION,who_index_wildcard,9 ingredients -> single WHO combination code
891706,A11GA01|A11HA03,,BLANKED_NO_WHO_COMBO,none,WHO defines no dedicated combination code for this ingredient set
891709,A11GA01|A11HA03,,BLANKED_NO_WHO_COMBO,none,WHO defines no dedicated combination code for this ingredient set
891719,A11GA01|A11HA03|A12CE01,,BLANKED_NO_WHO_COMBO,none,WHO defines no dedicated combination code for this ingredient set
891793,A11GA01|A11HA03,,BLANKED_NO_WHO_COMBO,none,WHO defines no dedicated combination code for this ingredient set
891812,A11GA01|A11HA03,,BLANKED_NO_WHO_COMBO,none,WHO defines no dedicated combination code for this ingredient set
891815,A11GA01|A11HA03,,BLANKED_NO_WHO_COMBO,none,WHO defines no dedicated combination code for this ingredient set
891820,A11GA01|A11HA03,,BLANKED_NO_WHO_COMBO,none,WHO defines no dedicated combination code for this ingredient set
892097,P02BA01|P02CC01,,BLANKED_NO_WHO_COMBO,none,WHO defines no dedicated combination code for this ingredient set
892099,P02BA01|P02CC01,,BLANKED_NO_WHO_COMBO,none,WHO defines no dedicated combination code for this ingredient set
892101,P02BA01|P02CC01,,BLANKED_NO_WHO_COMBO,none,WHO defines no dedicated combination code for this ingredient set
892309,P02BA01|P02CC01,,BLANKED_NO_WHO_COMBO,none,WHO defines no dedicated combination code for this ingredient set
892316,P02BA01|P02CC01,,BLANKED_NO_WHO_COMBO,none,WHO defines no dedicated combination code for this ingredient set
892327,P02BA01|P02CC01,,BLANKED_NO_WHO_COMBO,none,WHO defines no dedicated combination code for this ingredient set
892330,P02BA01|P02CC01,,BLANKED_NO_WHO_COMBO,none,WHO defines no dedicated combination code for this ingredient set
892331,P02BA01|P02CC01,,BLANKED_NO_WHO_COMBO,none,WHO defines no dedicated combination code for this ingredient set
892336,P02BA01|P02CC01,,BLANKED_NO_WHO_COMBO,none,WHO defines no dedicated combination code for this ingredient set
892337,P02BA01|P02CC01,,BLANKED_NO_WHO_COMBO,none,WHO defines no dedicated combination code for this ingredient set
894876,A01AA01|D08AE04,A01AA51,COLLAPSE_TO_COMBINATION,who_index_wildcard,2 ingredients -> single WHO combination code
895040,C05AD03|D04AB04|G01AD02|R02AD01|S02AA10,,BLANKED_NO_WHO_COMBO,none,WHO defines no dedicated combination code for this ingredient set
895045,B05CB02|V06DC02,C05BB56,COLLAPSE_TO_COMBINATION,who_index_wildcard,3 ingredients -> single WHO combination code
895264,R05CA03|R05DB05,R05FB02,COLLAPSE_TO_COMBINATION,curated,2 ingredients -> single WHO combination code
895268,R05CA03|R05DB05,R05FB02,COLLAPSE_TO_COMBINATION,curated,2 ingredients -> single WHO combination code
895664,D04AA32|M01AE01|M01AE14|M02AA13|R06AA02,,BLANKED_NO_WHO_COMBO,ambiguous,WHO defines no dedicated combination code for this ingredient set
895666,D04AA32|M01AE01|M01AE14|M02AA13|R06AA02,,BLANKED_NO_WHO_COMBO,ambiguous,WHO defines no dedicated combination code for this ingredient set
895883,P02BA01|P02CC01,,BLANKED_NO_WHO_COMBO,none,WHO defines no dedicated combination code for this ingredient set
895887,P02BA01|P02CC01,,BLANKED_NO_WHO_COMBO,none,WHO defines no dedicated combination code for this ingredient set
895893,P02BA01|P02CC01,,BLANKED_NO_WHO_COMBO,none,WHO defines no dedicated combination code for this ingredient set
895895,P02BA01|P02CC01,,BLANKED_NO_WHO_COMBO,none,WHO defines no dedicated combination code for this ingredient set
895899,P02BA01|P02CC01,,BLANKED_NO_WHO_COMBO,none,WHO defines no dedicated combination code for this ingredient set
895901,P02BA01|P02CC01,,BLANKED_NO_WHO_COMBO,none,WHO defines no dedicated combination code for this ingredient set
895905,P02BA01|P02CC01,,BLANKED_NO_WHO_COMBO,none,WHO defines no dedicated combination code for this ingredient set
895907,P02BA01|P02CC01,,BLANKED_NO_WHO_COMBO,none,WHO defines no dedicated combination code for this ingredient set
896974,C03AA03|C07AG01,C03AX01,COLLAPSE_TO_COMBINATION,who_index_wildcard,2 ingredients -> single WHO combination code
896975,C03AA03|C07AG01,C03AX01,COLLAPSE_TO_COMBINATION,who_index_wildcard,2 ingredients -> single WHO combination code
897645,N02AA03|R05CA03,,BLANKED_NO_WHO_COMBO,none,WHO defines no dedicated combination code for this ingredient set
898694,A11CC05|A12AA13,,BLANKED_NO_WHO_COMBO,none,WHO defines no dedicated combination code for this ingredient set
899257,R01BA02|R06AB04,,BLANKED_NO_WHO_COMBO,none,WHO defines no dedicated combination code for this ingredient set
899301,V03AN01|V03AN02|V03AN04,,BLANKED_NO_WHO_COMBO,none,WHO defines no dedicated combination code for this ingredient set
899761,V03AN01|V03AN04,V03AN05,COLLAPSE_TO_COMBINATION,curated,2 ingredients -> single WHO combination code
899763,V03AN01|V03AN04,V03AN05,COLLAPSE_TO_COMBINATION,curated,2 ingredients -> single WHO combination code
899764,V03AN01|V03AN04,V03AN05,COLLAPSE_TO_COMBINATION,curated,2 ingredients -> single WHO combination code
901792,D11AX22|P02CF01,,BLANKED_NO_WHO_COMBO,none,WHO defines no dedicated combination code for this ingredient set
901814,D04AA32|M01AE01|M01AE14|M02AA13|R06AA02,,BLANKED_NO_WHO_COMBO,ambiguous,WHO defines no dedicated combination code for this ingredient set
901821,P02BA01|P02CC01,,BLANKED_NO_WHO_COMBO,none,WHO defines no dedicated combination code for this ingredient set
901824,P02BA01|P02CC01,,BLANKED_NO_WHO_COMBO,none,WHO defines no dedicated combination code for this ingredient set
904255,A12CA01|B05BB01|B05CB01|B05XA03|S01XA03,,BLANKED_NO_WHO_COMBO,none,WHO defines no dedicated combination code for this ingredient set
904311,A12CA01|B05BB01|B05CB01|B05XA03|S01XA03,,BLANKED_NO_WHO_COMBO,none,WHO defines no dedicated combination code for this ingredient set
905253,P02BA01|P02CC01,,BLANKED_NO_WHO_COMBO,none,WHO defines no dedicated combination code for this ingredient set
905257,P02BA01|P02CC01,,BLANKED_NO_WHO_COMBO,none,WHO defines no dedicated combination code for this ingredient set
905306,P02BA01|P02CC01,,BLANKED_NO_WHO_COMBO,none,WHO defines no dedicated combination code for this ingredient set
905310,P02BA01|P02CC01,,BLANKED_NO_WHO_COMBO,none,WHO defines no dedicated combination code for this ingredient set
966743,D11AX22|P02CF01,,BLANKED_NO_WHO_COMBO,none,WHO defines no dedicated combination code for this ingredient set
966747,D11AX22|P02CF01,,BLANKED_NO_WHO_COMBO,none,WHO defines no dedicated combination code for this ingredient set
968993,D11AX22|P02CF01,,BLANKED_NO_WHO_COMBO,none,WHO defines no dedicated combination code for this ingredient set
978070,A06AX01|G01AD02|S02AA10,,BLANKED_NO_WHO_COMBO,none,WHO defines no dedicated combination code for this ingredient set
978077,A06AX01|G01AD02|S02AA10,,BLANKED_NO_WHO_COMBO,none,WHO defines no dedicated combination code for this ingredient set
978949,G03CA03|G03DB08,G03AB08,COLLAPSE_TO_COMBINATION,min_property,3 ingredients -> single WHO combination code
978950,G03CA03|G03DB08,G03AB08,COLLAPSE_TO_COMBINATION,min_property,3 ingredients -> single WHO combination code
990982,S01EB05|V03AB19,,BLANKED_NO_WHO_COMBO,none,WHO defines no dedicated combination code for this ingredient set
991153,A03AA07|N03AA02,,BLANKED_NO_WHO_COMBO,none,WHO defines no dedicated combination code for this ingredient set
991154,A03AA07|N03AA02,,BLANKED_NO_WHO_COMBO,none,WHO defines no dedicated combination code for this ingredient set
991369,C05AX04|D08AE03,,BLANKED_NO_WHO_COMBO,none,WHO defines no dedicated combination code for this ingredient set
991376,A11CC05|A11GA01|A11HA03,,BLANKED_NO_WHO_COMBO,none,WHO defines no dedicated combination code for this ingredient set
991456,A11CA01|A11CC01,,BLANKED_NO_WHO_COMBO,none,WHO defines no dedicated combination code for this ingredient set
991519,R05CA03|R05DA04,,BLANKED_NO_WHO_COMBO,none,WHO defines no dedicated combination code for this ingredient set
992656,R05DA03|S01FA05,R05DA20,COLLAPSE_TO_COMBINATION,curated,2 ingredients -> single WHO combination code
992660,R05DA03|S01FA05,R05DA20,COLLAPSE_TO_COMBINATION,curated,2 ingredients -> single WHO combination code
992668,R05DA03|S01FA05,R05DA20,COLLAPSE_TO_COMBINATION,curated,2 ingredients -> single WHO combination code
992671,R05DA03|S01FA05,R05DA20,COLLAPSE_TO_COMBINATION,curated,2 ingredients -> single WHO combination code
992675,R05DA03|S01FA05,R05DA20,COLLAPSE_TO_COMBINATION,curated,2 ingredients -> single WHO combination code
992679,R05DA03|S01FA05,R05DA03,COLLAPSE_TO_COMBINATION,curated,2 ingredients -> single WHO combination code
992682,R05DA03|S01FA05,R05DA03,COLLAPSE_TO_COMBINATION,curated,2 ingredients -> single WHO combination code
992730,R05DA03|S01FA05,R05DA03,COLLAPSE_TO_COMBINATION,curated,2 ingredients -> single WHO combination code
992733,R05DA03|S01FA05,R05DA03,COLLAPSE_TO_COMBINATION,curated,2 ingredients -> single WHO combination code
992765,A01AB09|D01AC02|G01AF04,D01AC52,COLLAPSE_TO_COMBINATION,who_index_wildcard,2 ingredients -> single WHO combination code
992766,A01AB09|D01AC02|G01AF04,D01AC52,COLLAPSE_TO_COMBINATION,who_index_wildcard,2 ingredients -> single WHO combination code
992770,A01AB09|D01AC02|G01AF04,D01AC52,COLLAPSE_TO_COMBINATION,who_index_wildcard,2 ingredients -> single WHO combination code
992771,A01AB09|D01AC02|G01AF04,D01AC52,COLLAPSE_TO_COMBINATION,who_index_wildcard,2 ingredients -> single WHO combination code
992774,A01AB09|D01AC02|G01AF04,D01AC52,COLLAPSE_TO_COMBINATION,who_index_wildcard,2 ingredients -> single WHO combination code
992775,A01AB09|D01AC02|G01AF04,D01AC52,COLLAPSE_TO_COMBINATION,who_index_wildcard,2 ingredients -> single WHO combination code
992778,A01AB09|D01AC02|G01AF04,D01AC52,COLLAPSE_TO_COMBINATION,who_index_wildcard,2 ingredients -> single WHO combination code
992780,A01AB09|D01AC02|G01AF04,D01AC52,COLLAPSE_TO_COMBINATION,who_index_wildcard,2 ingredients -> single WHO combination code
992784,A01AB09|D01AC02|G01AF04,D01AC52,COLLAPSE_TO_COMBINATION,who_index_wildcard,2 ingredients -> single WHO combination code
992792,A01AB09|D01AC02|G01AF04,D01AC52,COLLAPSE_TO_COMBINATION,who_index_wildcard,2 ingredients -> single WHO combination code
992816,A01AB09|D01AC02|G01AF04,D01AC52,COLLAPSE_TO_COMBINATION,who_index_wildcard,2 ingredients -> single WHO combination code
992910,R01AA04|R06AD02|S01FB01|S01XA20,S01XA20,COLLAPSE_TO_COMBINATION,current_cell,3 ingredients -> single WHO combination code
993067,R01BA01|R05DA04,R01BA51,COLLAPSE_TO_COMBINATION,who_index_wildcard,3 ingredients -> single WHO combination code
993257,A01AB02|D08AX01|G01AD01,,BLANKED_NO_WHO_COMBO,none,WHO defines no dedicated combination code for this ingredient set
993804,G03AA12|G03AC10,G03AA12,COLLAPSE_TO_COMBINATION,min_property,3 ingredients -> single WHO combination code
994014,N02BE01|R05DA04|R06AB04,,BLANKED_NO_WHO_COMBO,none,WHO defines no dedicated combination code for this ingredient set
994226,M03BA02|R05DA04,,BLANKED_NO_WHO_COMBO,none,WHO defines no dedicated combination code for this ingredient set
994228,M03BA02|R05DA04,,BLANKED_NO_WHO_COMBO,none,WHO defines no dedicated combination code for this ingredient set
994289,R01BA02|R05DA04|R06AB01,R06AB51,COLLAPSE_TO_COMBINATION,who_index_wildcard,3 ingredients -> single WHO combination code
994291,R01BA02|R05DA04|R06AB01,,BLANKED_NO_WHO_COMBO,none,WHO defines no dedicated combination code for this ingredient set
994404,R01BA02|R05DA04|R06AB01,R06AB51,COLLAPSE_TO_COMBINATION,who_index_wildcard,3 ingredients -> single WHO combination code
994835,R05DA04|R06AB01,R05DA20,COLLAPSE_TO_COMBINATION,curated,3 ingredients -> single WHO combination code
994839,R05DA04|R06AB01,R05DA20,COLLAPSE_TO_COMBINATION,curated,3 ingredients -> single WHO combination code
995026,N06BC01|R05DA04,,BLANKED_NO_WHO_COMBO,none,WHO defines no dedicated combination code for this ingredient set
995034,R05DA04|R06AB04,,BLANKED_NO_WHO_COMBO,none,WHO defines no dedicated combination code for this ingredient set
995036,R05DA04|R06AB04,,BLANKED_NO_WHO_COMBO,none,WHO defines no dedicated combination code for this ingredient set
995038,R05DA04|R06AB04,,BLANKED_NO_WHO_COMBO,none,WHO defines no dedicated combination code for this ingredient set
995040,R05DA04|R06AB04,,BLANKED_NO_WHO_COMBO,none,WHO defines no dedicated combination code for this ingredient set
995043,R01BA02|R05DA04|R06AB04,R01BA52,COLLAPSE_TO_COMBINATION,who_index_wildcard,3 ingredients -> single WHO combination code
995064,R05DA04|R06AB04,,BLANKED_NO_WHO_COMBO,none,WHO defines no dedicated combination code for this ingredient set
995067,R01BA02|R05DA04|R06AB04,R01BA52,COLLAPSE_TO_COMBINATION,who_index_wildcard,3 ingredients -> single WHO combination code
995070,R05DA04|R06AB04,,BLANKED_NO_WHO_COMBO,none,WHO defines no dedicated combination code for this ingredient set
995073,R05DA04|R06AB04,,BLANKED_NO_WHO_COMBO,none,WHO defines no dedicated combination code for this ingredient set
995077,R01BA02|R05DA04|R06AB04,R01BA52,COLLAPSE_TO_COMBINATION,who_index_wildcard,3 ingredients -> single WHO combination code
995081,R01BA02|R05DA04|R06AB04,R01BA52,COLLAPSE_TO_COMBINATION,who_index_wildcard,3 ingredients -> single WHO combination code
995084,R05DA04|R06AB04,,BLANKED_NO_WHO_COMBO,none,WHO defines no dedicated combination code for this ingredient set
995088,R01BA02|R05DA04|R06AB04,R01BA52,COLLAPSE_TO_COMBINATION,who_index_wildcard,3 ingredients -> single WHO combination code
995095,R05DA04|R06AB04,,BLANKED_NO_WHO_COMBO,none,WHO defines no dedicated combination code for this ingredient set
995110,R01BA02|R05DA04|R06AB04,R01BA52,COLLAPSE_TO_COMBINATION,who_index_wildcard,3 ingredients -> single WHO combination code
995118,R05DA04|R06AB04,,BLANKED_NO_WHO_COMBO,none,WHO defines no dedicated combination code for this ingredient set
995122,R01BA02|R05DA04|R06AB04,R01BA52,COLLAPSE_TO_COMBINATION,who_index_wildcard,3 ingredients -> single WHO combination code
995125,R05DA04|R06AB04,,BLANKED_NO_WHO_COMBO,none,WHO defines no dedicated combination code for this ingredient set
995132,R05DA04|R06AB04,R05FA02,COLLAPSE_TO_COMBINATION,curated,2 ingredients -> single WHO combination code
995213,R05DA04|R06AB04,R05FA02,COLLAPSE_TO_COMBINATION,curated,2 ingredients -> single WHO combination code
995216,R05DA04|R06AB04,R05FA02,COLLAPSE_TO_COMBINATION,curated,2 ingredients -> single WHO combination code
995226,R05CA03|R05DA04,,BLANKED_NO_WHO_COMBO,none,WHO defines no dedicated combination code for this ingredient set
995230,R05CA03|R05DA04,R05FA02,COLLAPSE_TO_COMBINATION,curated,2 ingredients -> single WHO combination code
995239,R05CA03|R05DA04,R05FA02,COLLAPSE_TO_COMBINATION,curated,2 ingredients -> single WHO combination code
995440,R05CA03|R05DA04,,BLANKED_NO_WHO_COMBO,none,WHO defines no dedicated combination code for this ingredient set
995441,R05CA03|R05DA04,,BLANKED_NO_WHO_COMBO,none,WHO defines no dedicated combination code for this ingredient set
995443,R05CA03|R05DA04,,BLANKED_NO_WHO_COMBO,none,WHO defines no dedicated combination code for this ingredient set
995446,V03AN01|V03AN03,,BLANKED_NO_WHO_COMBO,none,WHO defines no dedicated combination code for this ingredient set
995450,R05CA03|R05DA04,R05FA02,COLLAPSE_TO_COMBINATION,curated,2 ingredients -> single WHO combination code
995455,R05CA03|R05DA04,,BLANKED_NO_WHO_COMBO,none,WHO defines no dedicated combination code for this ingredient set
995478,R05CA03|R05DA04,R05FA02,COLLAPSE_TO_COMBINATION,curated,2 ingredients -> single WHO combination code
995483,R05CA03|R05DA04,,BLANKED_NO_WHO_COMBO,none,WHO defines no dedicated combination code for this ingredient set
995485,R05CA03|R05DA04,R05FA02,COLLAPSE_TO_COMBINATION,curated,2 ingredients -> single WHO combination code
995715,R01BA01|R05CA03|R05DA04,R05FA02,COLLAPSE_TO_COMBINATION,curated,3 ingredients -> single WHO combination code
995719,R01BA01|R05CA03|R05DA04,R05FA02,COLLAPSE_TO_COMBINATION,curated,3 ingredients -> single WHO combination code
995734,R01BA01|R05CA03|R05DA04,R05FA02,COLLAPSE_TO_COMBINATION,curated,3 ingredients -> single WHO combination code
995752,R01BA01|R05CA03|R05DA04,R05FA02,COLLAPSE_TO_COMBINATION,curated,3 ingredients -> single WHO combination code
995776,R01BA01|R05CA03|R05DA04,R05FA02,COLLAPSE_TO_COMBINATION,curated,3 ingredients -> single WHO combination code
995803,R01BA01|R05CA03|R05DA04,R05FA02,COLLAPSE_TO_COMBINATION,curated,3 ingredients -> single WHO combination code
995828,R01BA01|R05CA03|R05DA04,R05FA02,COLLAPSE_TO_COMBINATION,curated,3 ingredients -> single WHO combination code
995864,A11CC05|A11HA02|A11HA03|B03BB01,B03BB51,COLLAPSE_TO_COMBINATION,who_index_wildcard,8 ingredients -> single WHO combination code
995868,R05CA03|R05DA04,,BLANKED_NO_WHO_COMBO,none,WHO defines no dedicated combination code for this ingredient set
995872,R05CA03|R05DA04,,BLANKED_NO_WHO_COMBO,none,WHO defines no dedicated combination code for this ingredient set
995932,R05CA03|R05DA04,R05FA02,COLLAPSE_TO_COMBINATION,curated,2 ingredients -> single WHO combination code
995936,R05CA03|R05DA04,R05FA02,COLLAPSE_TO_COMBINATION,curated,2 ingredients -> single WHO combination code
995940,R05CA03|R05DA04,,BLANKED_NO_WHO_COMBO,none,WHO defines no dedicated combination code for this ingredient set
995956,R05CA03|R05DA04,R05FA02,COLLAPSE_TO_COMBINATION,curated,2 ingredients -> single WHO combination code
995983,R01BA02|R05CA03|R05DA04,R05FA02,COLLAPSE_TO_COMBINATION,curated,3 ingredients -> single WHO combination code
995985,R01BA02|R05CA03|R05DA04,R05FA02,COLLAPSE_TO_COMBINATION,curated,3 ingredients -> single WHO combination code
995990,R01BA02|R05CA03|R05DA04,R05DA20,COLLAPSE_TO_COMBINATION,curated,3 ingredients -> single WHO combination code
995993,R01BA02|R05CA03|R05DA04,R05DA20,COLLAPSE_TO_COMBINATION,curated,3 ingredients -> single WHO combination code
996007,R01BA02|R05CA03|R05DA04,R05DA20,COLLAPSE_TO_COMBINATION,curated,3 ingredients -> single WHO combination code
996023,P02BA01|P02CC01,,BLANKED_NO_WHO_COMBO,none,WHO defines no dedicated combination code for this ingredient set
996032,A11GA01|B03AB02,,BLANKED_NO_WHO_COMBO,none,WHO defines no dedicated combination code for this ingredient set
996049,P02BA01|P02CC01,,BLANKED_NO_WHO_COMBO,none,WHO defines no dedicated combination code for this ingredient set
996060,P02BA01|P02CC01,,BLANKED_NO_WHO_COMBO,none,WHO defines no dedicated combination code for this ingredient set
996103,R01BA02|R05CA03|R05DA04,R05DA20,COLLAPSE_TO_COMBINATION,curated,3 ingredients -> single WHO combination code
996105,R01BA02|R05CA03|R05DA04,,BLANKED_NO_WHO_COMBO,none,WHO defines no dedicated combination code for this ingredient set
996107,R01BA02|R05CA03|R05DA04,,BLANKED_NO_WHO_COMBO,none,WHO defines no dedicated combination code for this ingredient set
996111,R01BA02|R05CA03|R05DA04,R05DA20,COLLAPSE_TO_COMBINATION,curated,3 ingredients -> single WHO combination code
996121,R01BA02|R05CA03|R05DA04,R05DA20,COLLAPSE_TO_COMBINATION,curated,3 ingredients -> single WHO combination code
996125,R01BA02|R05CA03|R05DA04,R05DA20,COLLAPSE_TO_COMBINATION,curated,3 ingredients -> single WHO combination code
996127,R01BA02|R05CA03|R05DA04,R05DA20,COLLAPSE_TO_COMBINATION,curated,3 ingredients -> single WHO combination code
996129,R01BA02|R05CA03|R05DA04,R05DA20,COLLAPSE_TO_COMBINATION,curated,3 ingredients -> single WHO combination code
996131,R01BA02|R05CA03|R05DA04,,BLANKED_NO_WHO_COMBO,none,WHO defines no dedicated combination code for this ingredient set
996133,R01BA02|R05CA03|R05DA04,R05DA20,COLLAPSE_TO_COMBINATION,curated,3 ingredients -> single WHO combination code
996135,R01BA02|R05CA03|R05DA04,R05DA20,COLLAPSE_TO_COMBINATION,curated,3 ingredients -> single WHO combination code
996187,R01BA02|R05CA03|R05DA04,R05DA20,COLLAPSE_TO_COMBINATION,curated,3 ingredients -> single WHO combination code
996191,R01BA02|R05CA03|R05DA04,R05DA20,COLLAPSE_TO_COMBINATION,curated,3 ingredients -> single WHO combination code
996198,R01BA02|R05CA03|R05DA04,R05DA20,COLLAPSE_TO_COMBINATION,curated,3 ingredients -> single WHO combination code
996208,R01BA02|R05CA03|R05DA04,,BLANKED_NO_WHO_COMBO,none,WHO defines no dedicated combination code for this ingredient set
996211,R01BA02|R05CA03|R05DA04,R05DA20,COLLAPSE_TO_COMBINATION,curated,3 ingredients -> single WHO combination code
996216,R01BA02|R05CA03|R05DA04,R05DA20,COLLAPSE_TO_COMBINATION,curated,3 ingredients -> single WHO combination code
996239,R01BA02|R05CA03|R05DA04,R05DA20,COLLAPSE_TO_COMBINATION,curated,3 ingredients -> single WHO combination code
996243,R01BA02|R05CA03|R05DA04,R05DA20,COLLAPSE_TO_COMBINATION,curated,3 ingredients -> single WHO combination code
996245,R01BA02|R05CA03|R05DA04,R05DA20,COLLAPSE_TO_COMBINATION,curated,3 ingredients -> single WHO combination code
996247,R01BA02|R05CA03|R05DA04,R05DA20,COLLAPSE_TO_COMBINATION,curated,3 ingredients -> single WHO combination code
996249,R01BA02|R05CA03|R05DA04,R05DA20,COLLAPSE_TO_COMBINATION,curated,3 ingredients -> single WHO combination code
996251,R01BA02|R05CA03|R05DA04,,BLANKED_NO_WHO_COMBO,none,WHO defines no dedicated combination code for this ingredient set
996253,R01BA02|R05CA03|R05DA04,R05DA20,COLLAPSE_TO_COMBINATION,curated,3 ingredients -> single WHO combination code
996255,R01BA02|R05CA03|R05DA04,,BLANKED_NO_WHO_COMBO,none,WHO defines no dedicated combination code for this ingredient set
996257,R01BA02|R05CA03|R05DA04,R05DA20,COLLAPSE_TO_COMBINATION,curated,3 ingredients -> single WHO combination code
996261,R01BA02|R05CA03|R05DA04,R05DA20,COLLAPSE_TO_COMBINATION,curated,3 ingredients -> single WHO combination code
996263,R01BA02|R05CA03|R05DA04,R05DA20,COLLAPSE_TO_COMBINATION,curated,3 ingredients -> single WHO combination code
996271,R01BA02|R05CA03|R05DA04,R05DA20,COLLAPSE_TO_COMBINATION,curated,3 ingredients -> single WHO combination code
996273,R01BA02|R05CA03|R05DA04,R05DA20,COLLAPSE_TO_COMBINATION,curated,3 ingredients -> single WHO combination code
996277,R01BA02|R05CA03|R05DA04,R05DA20,COLLAPSE_TO_COMBINATION,curated,3 ingredients -> single WHO combination code
996281,R01BA02|R05CA03|R05DA04,R05DA20,COLLAPSE_TO_COMBINATION,curated,3 ingredients -> single WHO combination code
996285,R05CA03|R05DA04,R05FA02,COLLAPSE_TO_COMBINATION,curated,2 ingredients -> single WHO combination code
996450,R05CA03|R05DA04,R05FA02,COLLAPSE_TO_COMBINATION,curated,2 ingredients -> single WHO combination code
996454,R05CA03|R05DA04,R05FA02,COLLAPSE_TO_COMBINATION,curated,2 ingredients -> single WHO combination code
996460,R05CA03|R05DA04,R05FA02,COLLAPSE_TO_COMBINATION,curated,2 ingredients -> single WHO combination code
996462,R05CA03|R05DA04,R05FA02,COLLAPSE_TO_COMBINATION,curated,2 ingredients -> single WHO combination code
996466,R05CA03|R05DA04,R05FA02,COLLAPSE_TO_COMBINATION,curated,2 ingredients -> single WHO combination code
996481,R05CA03|R05DA04,R05FA02,COLLAPSE_TO_COMBINATION,curated,2 ingredients -> single WHO combination code
996484,R05CA03|R05DA04,R05FA02,COLLAPSE_TO_COMBINATION,curated,2 ingredients -> single WHO combination code
996488,R05CA03|R05DA04,R05FA02,COLLAPSE_TO_COMBINATION,curated,2 ingredients -> single WHO combination code
996497,R05CA03|R05DA04,R05FA02,COLLAPSE_TO_COMBINATION,curated,2 ingredients -> single WHO combination code
996512,R05CA03|R05DA04,,BLANKED_NO_WHO_COMBO,none,WHO defines no dedicated combination code for this ingredient set
996514,R05CA03|R05DA04,R05FA02,COLLAPSE_TO_COMBINATION,curated,2 ingredients -> single WHO combination code
996535,R01BA01|R05CA03|R05DA04,R05FA02,COLLAPSE_TO_COMBINATION,curated,3 ingredients -> single WHO combination code
996544,R01BA01|R05CA03|R05DA04,R05FA02,COLLAPSE_TO_COMBINATION,curated,3 ingredients -> single WHO combination code
996546,R01BA01|R05CA03|R05DA04,R05FA02,COLLAPSE_TO_COMBINATION,curated,3 ingredients -> single WHO combination code
996550,R05CA03|R05DA04,R05FA02,COLLAPSE_TO_COMBINATION,curated,2 ingredients -> single WHO combination code
996552,R05CA03|R05DA04,R05FA02,COLLAPSE_TO_COMBINATION,curated,2 ingredients -> single WHO combination code
996636,R01BA02|R05DA04,,BLANKED_NO_WHO_COMBO,none,WHO defines no dedicated combination code for this ingredient set
996640,R01BA02|R05DA04|R06AX07,R05DA20,COLLAPSE_TO_COMBINATION,curated,3 ingredients -> single WHO combination code
996642,R01BA02|R05DA04|R06AX07,R05DA20,COLLAPSE_TO_COMBINATION,curated,3 ingredients -> single WHO combination code
996644,R01BA02|R05DA04|R06AX07,R05DA20,COLLAPSE_TO_COMBINATION,curated,3 ingredients -> single WHO combination code
996646,R01BA02|R05DA04|R06AX07,R05DA20,COLLAPSE_TO_COMBINATION,curated,3 ingredients -> single WHO combination code
996648,R01BA02|R05DA04|R06AX07,R05DA20,COLLAPSE_TO_COMBINATION,curated,3 ingredients -> single WHO combination code
996650,R01BA02|R05DA04|R06AX07,R05DA20,COLLAPSE_TO_COMBINATION,curated,3 ingredients -> single WHO combination code
996652,R01BA02|R05DA04|R06AX07,R05DA20,COLLAPSE_TO_COMBINATION,curated,3 ingredients -> single WHO combination code
996654,R01BA02|R05DA04|R06AX07,R05DA20,COLLAPSE_TO_COMBINATION,curated,3 ingredients -> single WHO combination code
996655,R01BA02|R05DA04,R05DA20,COLLAPSE_TO_COMBINATION,curated,2 ingredients -> single WHO combination code
996661,R01BA02|R05DA04,R05DA20,COLLAPSE_TO_COMBINATION,curated,2 ingredients -> single WHO combination code
996665,R01BA02|R05CA03|R05DA04,,BLANKED_NO_WHO_COMBO,none,WHO defines no dedicated combination code for this ingredient set
996667,R01BA02|R05CA03|R05DA04,,BLANKED_NO_WHO_COMBO,none,WHO defines no dedicated combination code for this ingredient set
996668,R01BA02|R05DA04,,BLANKED_NO_WHO_COMBO,none,WHO defines no dedicated combination code for this ingredient set
996670,R01BA02|R05DA04,,BLANKED_NO_WHO_COMBO,none,WHO defines no dedicated combination code for this ingredient set
996673,R01BA02|R05DA04,,BLANKED_NO_WHO_COMBO,none,WHO defines no dedicated combination code for this ingredient set
996675,R01BA02|R05DA04,,BLANKED_NO_WHO_COMBO,none,WHO defines no dedicated combination code for this ingredient set
996677,R01BA02|R05DA04,,BLANKED_NO_WHO_COMBO,none,WHO defines no dedicated combination code for this ingredient set
996679,R01BA02|R05DA04,,BLANKED_NO_WHO_COMBO,none,WHO defines no dedicated combination code for this ingredient set
996708,R05CA03|R05DA04,,BLANKED_NO_WHO_COMBO,ambiguous,WHO defines no dedicated combination code for this ingredient set
996712,R01BA02|R05CA03|R05DA04,R05FA02,COLLAPSE_TO_COMBINATION,curated,3 ingredients -> single WHO combination code
996716,R01BA02|R05CA03|R05DA04,R05FA02,COLLAPSE_TO_COMBINATION,curated,3 ingredients -> single WHO combination code
996720,R01BA02|R05CA03|R05DA04,R05DA20,COLLAPSE_TO_COMBINATION,curated,3 ingredients -> single WHO combination code
996724,R01BA02|R05CA03|R05DA04,R05DA20,COLLAPSE_TO_COMBINATION,curated,3 ingredients -> single WHO combination code
996727,R05CA03|R05DA04,R05FA02,COLLAPSE_TO_COMBINATION,curated,2 ingredients -> single WHO combination code
996728,R01BA02|R05DA04,R05DA20,COLLAPSE_TO_COMBINATION,curated,2 ingredients -> single WHO combination code
996730,R01BA02|R05DA04,R05DA20,COLLAPSE_TO_COMBINATION,curated,2 ingredients -> single WHO combination code
996736,R05CA03|R05DA04,,BLANKED_NO_WHO_COMBO,none,WHO defines no dedicated combination code for this ingredient set
996738,R05CA03|R05DA04,,BLANKED_NO_WHO_COMBO,none,WHO defines no dedicated combination code for this ingredient set
996927,P02BA01|P02CC01,,BLANKED_NO_WHO_COMBO,none,WHO defines no dedicated combination code for this ingredient set
997008,R05DA04|R06AB04,R05FA02,COLLAPSE_TO_COMBINATION,curated,2 ingredients -> single WHO combination code
997016,R01BA02|R05CA03|R05DA04,R05DA20,COLLAPSE_TO_COMBINATION,curated,3 ingredients -> single WHO combination code
997283,R05CA03|R05DA04,,BLANKED_NO_WHO_COMBO,none,WHO defines no dedicated combination code for this ingredient set
997406,R01BA02|R06AX26,R01BA52,COLLAPSE_TO_COMBINATION,who_index_wildcard,2 ingredients -> single WHO combination code
997415,R01BA02|R06AX26,R01BA52,COLLAPSE_TO_COMBINATION,who_index_wildcard,2 ingredients -> single WHO combination code
997512,R01BA02|R06AX26,R01BA52,COLLAPSE_TO_COMBINATION,who_index_wildcard,2 ingredients -> single WHO combination code
997515,R01BA02|R06AX26,R01BA52,COLLAPSE_TO_COMBINATION,who_index_wildcard,2 ingredients -> single WHO combination code
997518,R05DA04|R06AB04,,BLANKED_NO_WHO_COMBO,none,WHO defines no dedicated combination code for this ingredient set
997814,V03AN01|V03AN04,V03AN05,COLLAPSE_TO_COMBINATION,curated,2 ingredients -> single WHO combination code
997951,B03BA01|B03BB01,B03BB51,COLLAPSE_TO_COMBINATION,curated,3 ingredients -> single WHO combination code
998254,R01BA02|R06AB04,R01BA52,COLLAPSE_TO_COMBINATION,who_index_wildcard,2 ingredients -> single WHO combination code
998369,R05DA04|R06AB02,R05DA20,COLLAPSE_TO_COMBINATION,curated,3 ingredients -> single WHO combination code
998400,R05DA04|R06AB02,R05DA20,COLLAPSE_TO_COMBINATION,curated,3 ingredients -> single WHO combination code
998540,A01AB09|D01AC02|G01AF04,D01AC52,COLLAPSE_TO_COMBINATION,who_index_wildcard,2 ingredients -> single WHO combination code
998541,A01AB09|D01AC02|G01AF04,D01AC52,COLLAPSE_TO_COMBINATION,who_index_wildcard,2 ingredients -> single WHO combination code
998544,A01AB09|D01AC02|G01AF04,D01AC52,COLLAPSE_TO_COMBINATION,who_index_wildcard,2 ingredients -> single WHO combination code
998546,A01AB09|D01AC02|G01AF04,D01AC52,COLLAPSE_TO_COMBINATION,who_index_wildcard,2 ingredients -> single WHO combination code
999472,B03BA01|B03BB01,B03BB51,COLLAPSE_TO_COMBINATION,curated,3 ingredients -> single WHO combination code
999482,V03AN01|V03AN02,,BLANKED_NO_WHO_COMBO,none,WHO defines no dedicated combination code for this ingredient set
999536,B03BA01|B03BB01,B03BB51,COLLAPSE_TO_COMBINATION,who_index_wildcard,6 ingredients -> single WHO combination code
999547,V03AN01|V03AN02,,BLANKED_NO_WHO_COMBO,none,WHO defines no dedicated combination code for this ingredient set
999630,V03AN01|V03AN02,,BLANKED_NO_WHO_COMBO,none,WHO defines no dedicated combination code for this ingredient set
999631,V03AN01|V03AN02,,BLANKED_NO_WHO_COMBO,none,WHO defines no dedicated combination code for this ingredient set
999632,V03AN01|V03AN02,,BLANKED_NO_WHO_COMBO,none,WHO defines no dedicated combination code for this ingredient set
999638,A01AB07|D08AH03|G01AC30|R02AA14,,BLANKED_NO_WHO_COMBO,none,WHO defines no dedicated combination code for this ingredient set
999640,A01AB07|D08AH03|G01AC30|R02AA14,,BLANKED_NO_WHO_COMBO,none,WHO defines no dedicated combination code for this ingredient set
999642,V03AN01|V03AN02,,BLANKED_NO_WHO_COMBO,none,WHO defines no dedicated combination code for this ingredient set
999651,V03AN01|V03AN02,,BLANKED_NO_WHO_COMBO,none,WHO defines no dedicated combination code for this ingredient set
999657,V03AN01|V03AN03,,BLANKED_NO_WHO_COMBO,none,WHO defines no dedicated combination code for this ingredient set
999685,C05AD03|D04AB04|R02AD01,,BLANKED_NO_WHO_COMBO,none,WHO defines no dedicated combination code for this ingredient set
999783,A11GA01|B03BA01|B03BB01,B03BB51,COLLAPSE_TO_COMBINATION,who_index_wildcard,4 ingredients -> single WHO combination code
999789,V03AN01|V03AN02,,BLANKED_NO_WHO_COMBO,none,WHO defines no dedicated combination code for this ingredient set
999793,A11CA01|A11CC05,,BLANKED_NO_WHO_COMBO,none,WHO defines no dedicated combination code for this ingredient set
999799,A11GA01|B03BA01|B03BB01,B03BB51,COLLAPSE_TO_COMBINATION,who_index_wildcard,5 ingredients -> single WHO combination code
1000487,G03CA57|G03FA12,G03FA12,COLLAPSE_TO_COMBINATION,current_cell,2 ingredients -> single WHO combination code
1000491,G03CA57|G03FA12,G03FA12,COLLAPSE_TO_COMBINATION,current_cell,2 ingredients -> single WHO combination code
1000500,G03CA57|G03FA12,G03FA12,COLLAPSE_TO_COMBINATION,current_cell,2 ingredients -> single WHO combination code
1000502,R05CA03|R05DA09,R05FA02,COLLAPSE_TO_COMBINATION,curated,3 ingredients -> single WHO combination code
1000654,D10AB02|R01AA04|S01FB01|S01XA20,S01XA20,COLLAPSE_TO_COMBINATION,current_cell,2 ingredients -> single WHO combination code
1001004,N07AX01|S01EB01,S01EB51,COLLAPSE_TO_COMBINATION,who_index_wildcard,2 ingredients -> single WHO combination code
1001006,N07AX01|S01EB01,S01EB51,COLLAPSE_TO_COMBINATION,who_index_wildcard,2 ingredients -> single WHO combination code
1001593,B02BC06|B02BD30,,BLANKED_NO_WHO_COMBO,none,WHO defines no dedicated combination code for this ingredient set
1001643,V03AN01|V03AN02,,BLANKED_NO_WHO_COMBO,none,WHO defines no dedicated combination code for this ingredient set
1001691,A11CC05|B02BA01,,BLANKED_NO_WHO_COMBO,none,WHO defines no dedicated combination code for this ingredient set
1001751,A11CC05|A12AA13,,BLANKED_NO_WHO_COMBO,none,WHO defines no dedicated combination code for this ingredient set
1001758,A11CC01|A12AA13,,BLANKED_NO_WHO_COMBO,none,WHO defines no dedicated combination code for this ingredient set
1010033,D04AB01|N01BB02|R02AD02,N01BB52,COLLAPSE_TO_COMBINATION,who_index_wildcard,2 ingredients -> single WHO combination code
1010035,D04AB01|N01BB02|R02AD02,N01BB52,COLLAPSE_TO_COMBINATION,who_index_wildcard,2 ingredients -> single WHO combination code
1010047,G03BA03|G03CA03,G03CA53,COLLAPSE_TO_COMBINATION,who_index_wildcard,2 ingredients -> single WHO combination code
1010051,G03BA03|G03CA03,G03CA53,COLLAPSE_TO_COMBINATION,who_index_wildcard,2 ingredients -> single WHO combination code
1010053,D04AB01|N01BB02|R02AD02,N01BB52,COLLAPSE_TO_COMBINATION,who_index_wildcard,2 ingredients -> single WHO combination code
1010069,G03BA03|G03CA03,G03CA53,COLLAPSE_TO_COMBINATION,who_index_wildcard,2 ingredients -> single WHO combination code
1010073,G03BA03|G03CA03,G03CA53,COLLAPSE_TO_COMBINATION,who_index_wildcard,2 ingredients -> single WHO combination code
1010075,G03BA03|G03CA03,G03CA53,COLLAPSE_TO_COMBINATION,who_index_wildcard,2 ingredients -> single WHO combination code
1010079,G03BA03|G03CA03,G03CA53,COLLAPSE_TO_COMBINATION,who_index_wildcard,2 ingredients -> single WHO combination code
1010082,G03BA03|G03CA03,G03CA53,COLLAPSE_TO_COMBINATION,who_index_wildcard,2 ingredients -> single WHO combination code
1010084,G03BA03|G03CA03,G03CA53,COLLAPSE_TO_COMBINATION,who_index_wildcard,2 ingredients -> single WHO combination code
1010089,G03BA03|G03CA03,G03CA53,COLLAPSE_TO_COMBINATION,who_index_wildcard,2 ingredients -> single WHO combination code
1010091,G03BA03|G03CA03,G03CA53,COLLAPSE_TO_COMBINATION,who_index_wildcard,2 ingredients -> single WHO combination code
1010095,G03BA03|G03CA03,G03CA53,COLLAPSE_TO_COMBINATION,who_index_wildcard,2 ingredients -> single WHO combination code
1010218,G03BA03|G03CA03,G03CA53,COLLAPSE_TO_COMBINATION,who_index_wildcard,2 ingredients -> single WHO combination code
1010616,G03BA03|G03CA03,G03CA53,COLLAPSE_TO_COMBINATION,who_index_wildcard,2 ingredients -> single WHO combination code
1010671,D04AB01|N01BB02|R02AD02,N01BB52,COLLAPSE_TO_COMBINATION,who_index_wildcard,2 ingredients -> single WHO combination code
1010673,D04AB01|N01BB02|R02AD02,N01BB52,COLLAPSE_TO_COMBINATION,who_index_wildcard,2 ingredients -> single WHO combination code
1010688,C01CA24|D04AB01|N01BB02|R02AD02|S01EA01,N01BB52,COLLAPSE_TO_COMBINATION,who_index_wildcard,2 ingredients -> single WHO combination code
1010692,C01CA24|D04AB01|N01BB02|R02AD02|S01EA01,N01BB52,COLLAPSE_TO_COMBINATION,who_index_wildcard,2 ingredients -> single WHO combination code
1010739,D04AB01|N01BB02|R02AD02,N01BB52,COLLAPSE_TO_COMBINATION,who_index_wildcard,2 ingredients -> single WHO combination code
1010745,C01CA24|D04AB01|N01BB02|R02AD02|S01EA01,N01BB52,COLLAPSE_TO_COMBINATION,who_index_wildcard,2 ingredients -> single WHO combination code
1010749,C01CA24|D04AB01|N01BB02|R02AD02|S01EA01,N01BB52,COLLAPSE_TO_COMBINATION,who_index_wildcard,2 ingredients -> single WHO combination code
1010751,C01CA24|D04AB01|N01BB02|R02AD02|S01EA01,N01BB52,COLLAPSE_TO_COMBINATION,who_index_wildcard,2 ingredients -> single WHO combination code
1010755,C01CA24|D04AB01|N01BB02|R02AD02|S01EA01,N01BB52,COLLAPSE_TO_COMBINATION,who_index_wildcard,2 ingredients -> single WHO combination code
1010759,C01CA24|D04AB01|N01BB02|R02AD02|S01EA01,N01BB52,COLLAPSE_TO_COMBINATION,who_index_wildcard,2 ingredients -> single WHO combination code
1010763,C01CA24|D04AB01|N01BB02|R02AD02|S01EA01,N01BB52,COLLAPSE_TO_COMBINATION,who_index_wildcard,2 ingredients -> single WHO combination code
1010768,C01CA24|D04AB01|N01BB02|R02AD02|S01EA01,N01BB52,COLLAPSE_TO_COMBINATION,who_index_wildcard,2 ingredients -> single WHO combination code
1010878,D04AB01|N01BB02|R02AD02,N01BB52,COLLAPSE_TO_COMBINATION,who_index_wildcard,2 ingredients -> single WHO combination code
1010900,D04AB01|N01BB02|R02AD02,N01BB52,COLLAPSE_TO_COMBINATION,who_index_wildcard,2 ingredients -> single WHO combination code
1010902,D04AB01|N01BB02|R02AD02,N01BB52,COLLAPSE_TO_COMBINATION,who_index_wildcard,2 ingredients -> single WHO combination code
1010946,R01BA02|R05DA09|R06AA08,R05DA20,COLLAPSE_TO_COMBINATION,curated,3 ingredients -> single WHO combination code
1010980,R01BA02|R05DA09|R06AA08,R05DA20,COLLAPSE_TO_COMBINATION,curated,3 ingredients -> single WHO combination code
1011081,G03AA12|G03AC10,G03AA12,COLLAPSE_TO_COMBINATION,min_property,3 ingredients -> single WHO combination code
1011707,D04AB01|N01BB02|R02AD02,N01BB52,COLLAPSE_TO_COMBINATION,who_index_wildcard,2 ingredients -> single WHO combination code
1011709,D04AB01|N01BB02|R02AD02,N01BB52,COLLAPSE_TO_COMBINATION,who_index_wildcard,2 ingredients -> single WHO combination code
1011762,G03BA03|G03CA03,G03CA53,COLLAPSE_TO_COMBINATION,who_index_wildcard,2 ingredients -> single WHO combination code
1011809,C01CA24|D04AB01|N01BB02|R02AD02|S01EA01,N01BB52,COLLAPSE_TO_COMBINATION,who_index_wildcard,2 ingredients -> single WHO combination code
1011814,C01CA24|D04AB01|N01BB02|R02AD02|S01EA01,N01BB52,COLLAPSE_TO_COMBINATION,who_index_wildcard,2 ingredients -> single WHO combination code
1011820,C01CA24|D04AB01|N01BB02|R02AD02|S01EA01,D04AB01,COLLAPSE_TO_COMBINATION,curated,2 ingredients -> single WHO combination code
1011825,C01CA24|D04AB01|N01BB02|R02AD02|S01EA01,,BLANKED_NO_WHO_COMBO,none,WHO defines no dedicated combination code for this ingredient set
1011841,D04AB01|D08AJ01|D08AJ08|N01BB02|R02AA16|R02AD02,D04AB01,COLLAPSE_TO_COMBINATION,curated,2 ingredients -> single WHO combination code
1011983,D04AB01|D08AJ01|D08AJ08|N01BB02|R02AA16|R02AD02,D04AB01,COLLAPSE_TO_COMBINATION,curated,2 ingredients -> single WHO combination code
1011996,A01AB03|D04AB01|D08AC02|N01BB02|R02AA05|R02AD02,D08AC52,COLLAPSE_TO_COMBINATION,who_index_wildcard,2 ingredients -> single WHO combination code
1012019,D04AB01|N01BB02|R02AD02,N01BB52,COLLAPSE_TO_COMBINATION,who_index_wildcard,2 ingredients -> single WHO combination code
1012066,D04AB01|N01BB02|R02AD02,N01BB52,COLLAPSE_TO_COMBINATION,who_index_wildcard,2 ingredients -> single WHO combination code
1012068,D04AB01|N01BB02|R02AD02,N01BB52,COLLAPSE_TO_COMBINATION,who_index_wildcard,2 ingredients -> single WHO combination code
1012081,D04AB01|D08AJ01|D08AJ08|N01BB02|R02AA16|R02AD02,D04AB01,COLLAPSE_TO_COMBINATION,curated,2 ingredients -> single WHO combination code
1012221,A01AC03|A07EA02|D04AB01|D07AA02|D07AB02|D07AB11|H02AB09|N01BB02|R02AD02|S01BA02,,BLANKED_NO_WHO_COMBO,ambiguous,WHO defines no dedicated combination code for this ingredient set
1012223,A01AC03|A07EA02|D04AB01|D07AA02|D07AB02|D07AB11|H02AB09|N01BB02|R02AD02|S01BA02,,BLANKED_NO_WHO_COMBO,ambiguous,WHO defines no dedicated combination code for this ingredient set
1012226,A01AC03|A07EA02|D04AB01|D07AA02|D07AB02|D07AB11|H02AB09|N01BB02|R02AD02|S01BA02,C05AA01,COLLAPSE_TO_COMBINATION,curated,2 ingredients -> single WHO combination code
1012229,A01AC03|A07EA02|D04AB01|D07AA02|D07AB02|D07AB11|H02AB09|N01BB02|R02AD02|S01BA02,,BLANKED_NO_WHO_COMBO,ambiguous,WHO defines no dedicated combination code for this ingredient set
1012233,A01AC03|A07EA02|D04AB01|D07AA02|D07AB02|D07AB11|H02AB09|N01BB02|R02AD02|S01BA02,,BLANKED_NO_WHO_COMBO,ambiguous,WHO defines no dedicated combination code for this ingredient set
1012235,A01AC03|A07EA02|D04AB01|D07AA02|D07AB02|D07AB11|H02AB09|N01BB02|R02AD02|S01BA02,,BLANKED_NO_WHO_COMBO,ambiguous,WHO defines no dedicated combination code for this ingredient set
1012244,A01AC03|A07EA02|D04AB01|D07AA02|D07AB02|D07AB11|H02AB09|N01BB02|R02AD02|S01BA02,C05AA01,COLLAPSE_TO_COMBINATION,curated,2 ingredients -> single WHO combination code
1012245,A01AC03|A07EA02|D04AB01|D07AA02|D07AB02|D07AB11|H02AB09|N01BB02|R02AD02|S01BA02,C05AA01,COLLAPSE_TO_COMBINATION,curated,2 ingredients -> single WHO combination code
1012264,A01AC03|A07EA02|D04AB01|D07AA02|D07AB02|D07AB11|H02AB09|N01BB02|R02AD02|S01BA02,C05AA01,COLLAPSE_TO_COMBINATION,curated,2 ingredients -> single WHO combination code
1012266,A01AC03|A07EA02|D04AB01|D07AA02|D07AB02|D07AB11|H02AB09|N01BB02|R02AD02|S01BA02,C05AA01,COLLAPSE_TO_COMBINATION,curated,2 ingredients -> single WHO combination code
1012312,A01AC03|A07EA02|D04AB01|D07AA02|D07AB02|D07AB11|H02AB09|N01BB02|R02AD02|S01BA02,C05AA01,COLLAPSE_TO_COMBINATION,curated,2 ingredients -> single WHO combination code
1012327,A01AC03|A07EA02|D04AB01|D07AA02|D07AB02|D07AB11|H02AB09|N01BB02|R02AD02|S01BA02,,BLANKED_NO_WHO_COMBO,ambiguous,WHO defines no dedicated combination code for this ingredient set
1012354,A01AC03|A07EA02|D04AB01|D07AA02|D07AB02|D07AB11|H02AB09|N01BB02|R02AD02|S01BA02,C05AA01,COLLAPSE_TO_COMBINATION,curated,2 ingredients -> single WHO combination code
1012569,A01AC03|A07EA02|D04AB01|D07AA02|D07AB02|D07AB11|H02AB09|N01BB02|R02AD02|S01BA02,C05AA01,COLLAPSE_TO_COMBINATION,curated,2 ingredients -> single WHO combination code
1012570,R05DB05|R06AA08,,BLANKED_NO_WHO_COMBO,none,WHO defines no dedicated combination code for this ingredient set
1012574,A01AC03|A07EA02|D04AB01|D07AA02|D07AB02|D07AB11|H02AB09|N01BB02|R02AD02|S01BA02,C05AA01,COLLAPSE_TO_COMBINATION,curated,2 ingredients -> single WHO combination code
1012596,R01BA02|R05DA09|R06AA08,,BLANKED_NO_WHO_COMBO,none,WHO defines no dedicated combination code for this ingredient set
1012622,R01BA02|R06AA08,,BLANKED_NO_WHO_COMBO,none,WHO defines no dedicated combination code for this ingredient set
1012645,R05DA09|R06AA08,,BLANKED_NO_WHO_COMBO,none,WHO defines no dedicated combination code for this ingredient set
1012650,R05DA09|R06AA08,,BLANKED_NO_WHO_COMBO,none,WHO defines no dedicated combination code for this ingredient set
1012681,R01BA02|R06AA08,R01BA52,COLLAPSE_TO_COMBINATION,who_index_wildcard,2 ingredients -> single WHO combination code
1012727,R01BA02|R05DA03|R06AA08,,BLANKED_NO_WHO_COMBO,none,WHO defines no dedicated combination code for this ingredient set
1012729,R01BA02|R05DA03|R06AA08,,BLANKED_NO_WHO_COMBO,none,WHO defines no dedicated combination code for this ingredient set
1012775,R01BA02|R05DA09|R06AA08,,BLANKED_NO_WHO_COMBO,none,WHO defines no dedicated combination code for this ingredient set
1012937,R05DA09|R06AA08,,BLANKED_NO_WHO_COMBO,ambiguous,WHO defines no dedicated combination code for this ingredient set
1012943,R05DA03|R06AA08,,BLANKED_NO_WHO_COMBO,ambiguous,WHO defines no dedicated combination code for this ingredient set
1012953,R05DA09|R06AA08,,BLANKED_NO_WHO_COMBO,none,WHO defines no dedicated combination code for this ingredient set
1012956,R01BA02|R06AA08,R01BA52,COLLAPSE_TO_COMBINATION,who_index_wildcard,2 ingredients -> single WHO combination code
1012970,R05DA09|R06AA08,,BLANKED_NO_WHO_COMBO,none,WHO defines no dedicated combination code for this ingredient set
1012984,R01BA02|R05DA09|R06AA08,R05DA20,COLLAPSE_TO_COMBINATION,curated,3 ingredients -> single WHO combination code
1013017,R01BA02|R05DA09|R06AA08,,BLANKED_NO_WHO_COMBO,none,WHO defines no dedicated combination code for this ingredient set
1013647,M01AX05|M01AX25,,BLANKED_NO_WHO_COMBO,none,WHO defines no dedicated combination code for this ingredient set
1013731,R01AA04|S01FB01|S01XA20,S01XA20,COLLAPSE_TO_COMBINATION,current_cell,2 ingredients -> single WHO combination code
1014256,R01AA04|S01FB01|S01XA20,S01XA20,COLLAPSE_TO_COMBINATION,current_cell,2 ingredients -> single WHO combination code
1014305,B02BC06|B02BD30,,BLANKED_NO_WHO_COMBO,none,WHO defines no dedicated combination code for this ingredient set
1014331,R01BA02|R05DB10|R06AB01,R06AB51,COLLAPSE_TO_COMBINATION,who_index_wildcard,3 ingredients -> single WHO combination code
1014456,R01BA02|R05DA09|R06AB04,R05DA20,COLLAPSE_TO_COMBINATION,curated,3 ingredients -> single WHO combination code
1014571,R01BA02|R06AE07,R01BA52,COLLAPSE_TO_COMBINATION,who_index_wildcard,2 ingredients -> single WHO combination code
1014573,R01BA02|R06AE07,R01BA52,COLLAPSE_TO_COMBINATION,who_index_wildcard,2 ingredients -> single WHO combination code
1014577,R01BA02|R06AE07,,BLANKED_NO_WHO_COMBO,none,WHO defines no dedicated combination code for this ingredient set
1014580,R01BA02|R06AE07,R01BA52,COLLAPSE_TO_COMBINATION,who_index_wildcard,2 ingredients -> single WHO combination code
1014583,R01BA02|R06AE07,R01BA52,COLLAPSE_TO_COMBINATION,who_index_wildcard,2 ingredients -> single WHO combination code
1020420,D04AB01|N01BB02|N01BX04|R02AD02,N01BB52,COLLAPSE_TO_COMBINATION,who_index_wildcard,4 ingredients -> single WHO combination code
1037117,C05AD03|D04AB04|R02AD01,,BLANKED_NO_WHO_COMBO,none,WHO defines no dedicated combination code for this ingredient set
1037121,R05CA03|R05DB05,,BLANKED_NO_WHO_COMBO,none,WHO defines no dedicated combination code for this ingredient set
1037153,R05CA03|R05DB05,,BLANKED_NO_WHO_COMBO,none,WHO defines no dedicated combination code for this ingredient set
1037164,R01BA02|R05DA09|R06AB01,R05DA20,COLLAPSE_TO_COMBINATION,curated,3 ingredients -> single WHO combination code
1037241,R05CA03|R05DB05,,BLANKED_NO_WHO_COMBO,none,WHO defines no dedicated combination code for this ingredient set
1037245,R05CA03|R05DB05,,BLANKED_NO_WHO_COMBO,ambiguous,WHO defines no dedicated combination code for this ingredient set
1037350,R05CA03|R05DB05,R05FB02,COLLAPSE_TO_COMBINATION,curated,2 ingredients -> single WHO combination code
1037352,R05CA03|R05DB05,,BLANKED_NO_WHO_COMBO,none,WHO defines no dedicated combination code for this ingredient set
1037358,R05CA03|R05DB05,,BLANKED_NO_WHO_COMBO,none,WHO defines no dedicated combination code for this ingredient set
1037367,R05CA03|R05DB05,,BLANKED_NO_WHO_COMBO,none,WHO defines no dedicated combination code for this ingredient set
1037369,R05CA03|R05DB05,,BLANKED_NO_WHO_COMBO,none,WHO defines no dedicated combination code for this ingredient set
1038947,N01BX02|R02AD04,,BLANKED_NO_WHO_COMBO,none,WHO defines no dedicated combination code for this ingredient set
1039073,A06AX01|C05AD03|D04AB04|R02AD01,,BLANKED_NO_WHO_COMBO,none,WHO defines no dedicated combination code for this ingredient set
1039227,C05AD03|D04AB04|R02AD01,,BLANKED_NO_WHO_COMBO,none,WHO defines no dedicated combination code for this ingredient set
1039286,R05CA03|R05DA09,R05DA20,COLLAPSE_TO_COMBINATION,curated,3 ingredients -> single WHO combination code
1042692,A11CC05|A12AA13,,BLANKED_NO_WHO_COMBO,none,WHO defines no dedicated combination code for this ingredient set
1042693,R05DA04|R06AB04,,BLANKED_NO_WHO_COMBO,ambiguous,WHO defines no dedicated combination code for this ingredient set
1042695,N02BE01|R05CA03|R05DA09,N07XX59,COLLAPSE_TO_COMBINATION,who_index_wildcard,3 ingredients -> single WHO combination code
1042982,B05XB03|V03AB26,,BLANKED_NO_WHO_COMBO,none,WHO defines no dedicated combination code for this ingredient set
1043268,R05DA09|R06AB04,R05DA20,COLLAPSE_TO_COMBINATION,curated,3 ingredients -> single WHO combination code
1043300,A11CC05|A11GA01|A11HA02|B03BB01,B03BB51,COLLAPSE_TO_COMBINATION,who_index_wildcard,9 ingredients -> single WHO combination code
1043543,R05CA03|R05DA09,R05FA02,COLLAPSE_TO_COMBINATION,curated,3 ingredients -> single WHO combination code
1043650,R01BA02|R05DA04|R06AX07,R05DA20,COLLAPSE_TO_COMBINATION,curated,3 ingredients -> single WHO combination code
1043693,N02BE01|R01BA02|R05CA03|R05DA09,N02BE51,COLLAPSE_TO_COMBINATION,curated,4 ingredients -> single WHO combination code
1044248,A12CA01|B05BB01|B05CB01|B05XA03|S01XA03,,BLANKED_NO_WHO_COMBO,none,WHO defines no dedicated combination code for this ingredient set
1044949,R05CA03|R05DA09,R05FA02,COLLAPSE_TO_COMBINATION,curated,3 ingredients -> single WHO combination code
1045344,C05AD03|D04AB04|R02AD01,,BLANKED_NO_WHO_COMBO,none,WHO defines no dedicated combination code for this ingredient set
1045354,R05CA03|R05DA09,R05DA20,COLLAPSE_TO_COMBINATION,curated,3 ingredients -> single WHO combination code
1045362,R05CA03|R05DA09,R05DA20,COLLAPSE_TO_COMBINATION,curated,3 ingredients -> single WHO combination code
1045366,R05CA03|R05DA09,R05DA20,COLLAPSE_TO_COMBINATION,curated,3 ingredients -> single WHO combination code
1045420,D08AJ08|R02AA09,,BLANKED_NO_WHO_COMBO,none,WHO defines no dedicated combination code for this ingredient set
1046238,M01AX05|M01AX25,,BLANKED_NO_WHO_COMBO,none,WHO defines no dedicated combination code for this ingredient set
1046242,M01AX05|M01AX25,,BLANKED_NO_WHO_COMBO,none,WHO defines no dedicated combination code for this ingredient set
1046313,C05AD03|D04AB04|R02AD01,,BLANKED_NO_WHO_COMBO,none,WHO defines no dedicated combination code for this ingredient set
1046351,C05AD03|D04AB04|R02AD01,,BLANKED_NO_WHO_COMBO,none,WHO defines no dedicated combination code for this ingredient set
1046353,C05AD03|D04AB04|R02AD01,,BLANKED_NO_WHO_COMBO,none,WHO defines no dedicated combination code for this ingredient set
1046384,N02BE01|R05DA09|R06AB04,N07XX59,COLLAPSE_TO_COMBINATION,who_index_wildcard,3 ingredients -> single WHO combination code
1046534,D01AE12|N02BA04,,BLANKED_NO_WHO_COMBO,none,WHO defines no dedicated combination code for this ingredient set
1046713,A03BA03|R01BA01|R06AB04,,BLANKED_NO_WHO_COMBO,none,WHO defines no dedicated combination code for this ingredient set
1046781,N02BE01|R06AB04,,BLANKED_NO_WHO_COMBO,ambiguous,WHO defines no dedicated combination code for this ingredient set
1046815,A03BA03|N03AA02,A04AD51,COLLAPSE_TO_COMBINATION,who_index_wildcard,4 ingredients -> single WHO combination code
1046865,A03BA03|N03AA02,A03CB02,COLLAPSE_TO_COMBINATION,curated,4 ingredients -> single WHO combination code
1046959,A03BA03|N03AA02,A03CB02,COLLAPSE_TO_COMBINATION,curated,4 ingredients -> single WHO combination code
1046978,A03BA03|N03AA02,A04AD51,COLLAPSE_TO_COMBINATION,who_index_wildcard,4 ingredients -> single WHO combination code
1046980,A03BA03|N03AA02,A03CB02,COLLAPSE_TO_COMBINATION,curated,4 ingredients -> single WHO combination code
1046997,A03BA03|N03AA02,A04AD51,COLLAPSE_TO_COMBINATION,who_index_wildcard,4 ingredients -> single WHO combination code
1046999,A03BA03|N03AA02,A04AD51,COLLAPSE_TO_COMBINATION,who_index_wildcard,4 ingredients -> single WHO combination code
1047001,A03BA03|N03AA02,A03CB02,COLLAPSE_TO_COMBINATION,curated,4 ingredients -> single WHO combination code
1047041,G03AA05|G03FA01,,BLANKED_NO_WHO_COMBO,none,WHO defines no dedicated combination code for this ingredient set
1047759,A03BA03|N03AA02,A03CB02,COLLAPSE_TO_COMBINATION,curated,4 ingredients -> single WHO combination code
1047765,A03BA03|N03AA02,,BLANKED_NO_WHO_COMBO,none,WHO defines no dedicated combination code for this ingredient set
1047774,A03BA03|N03AA02,,BLANKED_NO_WHO_COMBO,none,WHO defines no dedicated combination code for this ingredient set
1047786,A03BA03|G04BX12|J01XX05,,BLANKED_NO_WHO_COMBO,none,WHO defines no dedicated combination code for this ingredient set
1047791,A03BA03|G04BX12|J01XX05,,BLANKED_NO_WHO_COMBO,none,WHO defines no dedicated combination code for this ingredient set
1047795,A03BA03|G04BX12|J01XX05,,BLANKED_NO_WHO_COMBO,none,WHO defines no dedicated combination code for this ingredient set
1047945,A03BA03|G04BX12|J01XX05,,BLANKED_NO_WHO_COMBO,none,WHO defines no dedicated combination code for this ingredient set
1048075,R05CA03|R05DB10,,BLANKED_NO_WHO_COMBO,ambiguous,WHO defines no dedicated combination code for this ingredient set
1048118,A03BA03|R06AB04,,BLANKED_NO_WHO_COMBO,none,WHO defines no dedicated combination code for this ingredient set
1048124,A03BA03|R01BA02|R06AB04,A04AD51,COLLAPSE_TO_COMBINATION,who_index_wildcard,5 ingredients -> single WHO combination code
1048126,A03BA03|R01BA02,,BLANKED_NO_WHO_COMBO,none,WHO defines no dedicated combination code for this ingredient set
1048132,N01BX02|R02AD04,,BLANKED_NO_WHO_COMBO,none,WHO defines no dedicated combination code for this ingredient set
1048134,N01BX02|R02AD04,,BLANKED_NO_WHO_COMBO,none,WHO defines no dedicated combination code for this ingredient set
1048276,A03BA03|R01BA02|R06AB04,,BLANKED_NO_WHO_COMBO,none,WHO defines no dedicated combination code for this ingredient set
1048307,A03BA03|G04BX12|J01XX05,,BLANKED_NO_WHO_COMBO,none,WHO defines no dedicated combination code for this ingredient set
1048336,A03BA03|G04BX12|J01XX05,,BLANKED_NO_WHO_COMBO,none,WHO defines no dedicated combination code for this ingredient set
1048340,A03BA03|G04BX12|J01XX05,,BLANKED_NO_WHO_COMBO,none,WHO defines no dedicated combination code for this ingredient set
1048519,R05CA03|R05DB05,R05FB02,COLLAPSE_TO_COMBINATION,curated,2 ingredients -> single WHO combination code
1048525,R05CA03|R05DB05,R05FB02,COLLAPSE_TO_COMBINATION,curated,2 ingredients -> single WHO combination code
1048873,A03BA03|J01XX05,,BLANKED_NO_WHO_COMBO,none,WHO defines no dedicated combination code for this ingredient set
1049123,D08AJ01|D08AJ08|R02AA16,,BLANKED_NO_WHO_COMBO,none,WHO defines no dedicated combination code for this ingredient set
1049179,N02BE01|R01BA02,R01BA52,COLLAPSE_TO_COMBINATION,who_index_wildcard,2 ingredients -> single WHO combination code
1049182,R01AA04|S01FB01|S01XA20,S01XA20,COLLAPSE_TO_COMBINATION,current_cell,2 ingredients -> single WHO combination code
1049306,B05CB02|V06DC02,C05BB56,COLLAPSE_TO_COMBINATION,who_index_wildcard,3 ingredients -> single WHO combination code
1049759,D08AJ01|D08AJ08|P03AC01|R02AA16,,BLANKED_NO_WHO_COMBO,none,WHO defines no dedicated combination code for this ingredient set
1050325,A03BA03|J01XX05,,BLANKED_NO_WHO_COMBO,none,WHO defines no dedicated combination code for this ingredient set
1052519,N02BE01|R05CA03|R05DA09,N02BE51,COLLAPSE_TO_COMBINATION,curated,4 ingredients -> single WHO combination code
1052647,N02BE01|R06AA09,R06AA59,COLLAPSE_TO_COMBINATION,who_index_wildcard,3 ingredients -> single WHO combination code
1052679,N02BE01|R06AB04,,BLANKED_NO_WHO_COMBO,ambiguous,WHO defines no dedicated combination code for this ingredient set
1052767,R01AA04|S01FB01|S01XA20,S01XA20,COLLAPSE_TO_COMBINATION,current_cell,2 ingredients -> single WHO combination code
1052928,D04AA32|R01AA04|R06AA02|S01FB01|S01XA20,S01XA20,COLLAPSE_TO_COMBINATION,current_cell,2 ingredients -> single WHO combination code
1053206,D08AJ01|D08AJ08|R02AA16,,BLANKED_NO_WHO_COMBO,none,WHO defines no dedicated combination code for this ingredient set
1053618,R01BA02|R01BA52|R06AB04,R01BA52,COLLAPSE_TO_COMBINATION,current_cell,2 ingredients -> single WHO combination code
1053724,R05CA03|R05DB10,R05FB02,COLLAPSE_TO_COMBINATION,curated,2 ingredients -> single WHO combination code
1053741,R01BA02|R05CA03|R05DB10,R01BA52,COLLAPSE_TO_COMBINATION,who_index_wildcard,3 ingredients -> single WHO combination code
1085618,R05CA03|R05DA04,,BLANKED_NO_WHO_COMBO,none,WHO defines no dedicated combination code for this ingredient set
1086443,R05DA09|R06AB04,R05DA20,COLLAPSE_TO_COMBINATION,curated,3 ingredients -> single WHO combination code
1086634,R05DA04|R06AB01,R05DA20,COLLAPSE_TO_COMBINATION,curated,3 ingredients -> single WHO combination code
1086705,R05CA09|R05DA09,,BLANKED_NO_WHO_COMBO,none,WHO defines no dedicated combination code for this ingredient set
1086720,D04AA32|R01AA04|R06AA02|S01FB01|S01XA20,S01XA20,COLLAPSE_TO_COMBINATION,current_cell,2 ingredients -> single WHO combination code
1086723,D04AA32|R01AA04|R06AA02|S01FB01|S01XA20,S01XA20,COLLAPSE_TO_COMBINATION,current_cell,2 ingredients -> single WHO combination code
1086750,N02BE01|R05DA09|R06AB04,N07XX59,COLLAPSE_TO_COMBINATION,who_index_wildcard,3 ingredients -> single WHO combination code
1086812,A11HA03|C01EB09,C01EB09,COLLAPSE_TO_COMBINATION,curated,2 ingredients -> single WHO combination code
1086836,V03AB06|V03AB08,,BLANKED_NO_WHO_COMBO,none,WHO defines no dedicated combination code for this ingredient set
1086926,R05CA03|R05DA04,R05FA02,COLLAPSE_TO_COMBINATION,curated,2 ingredients -> single WHO combination code
1087037,D04AA32|R01AA04|R06AA02|S01FB01|S01XA20,S01XA20,COLLAPSE_TO_COMBINATION,current_cell,2 ingredients -> single WHO combination code
1087043,R01AA04|S01FB01|S01XA20,S01XA20,COLLAPSE_TO_COMBINATION,current_cell,2 ingredients -> single WHO combination code
1087047,R01AA04|S01FB01|S01XA20,S01XA20,COLLAPSE_TO_COMBINATION,current_cell,2 ingredients -> single WHO combination code
1087256,B03BA01|B03BB01,B03BB51,COLLAPSE_TO_COMBINATION,curated,3 ingredients -> single WHO combination code
1087258,A11HA02|B03BA01|B03BB01,B03BB51,COLLAPSE_TO_COMBINATION,who_index_wildcard,4 ingredients -> single WHO combination code
1087262,A11HA02|B03BA01|B03BB01,B03BB51,COLLAPSE_TO_COMBINATION,who_index_wildcard,4 ingredients -> single WHO combination code
1087285,A11CC05|A11HA02|B03BA01|B03BB01,B03BB51,COLLAPSE_TO_COMBINATION,who_index_wildcard,7 ingredients -> single WHO combination code
1087335,A11HA02|B03BB01,,BLANKED_NO_WHO_COMBO,ambiguous,WHO defines no dedicated combination code for this ingredient set
1087365,A03BA03|G04BX12|J01XX05,,BLANKED_NO_WHO_COMBO,none,WHO defines no dedicated combination code for this ingredient set
1087367,A03BA03|G04BX12|J01XX05,,BLANKED_NO_WHO_COMBO,none,WHO defines no dedicated combination code for this ingredient set
1087389,R05DA03|R06AB04,R05DA20,COLLAPSE_TO_COMBINATION,curated,2 ingredients -> single WHO combination code
1087418,A11GA01|B03BA01|B03BB01,B03AE01,COLLAPSE_TO_COMBINATION,curated,4 ingredients -> single WHO combination code
1087427,R05DA03|R06AB04,R05DA20,COLLAPSE_TO_COMBINATION,curated,2 ingredients -> single WHO combination code
1087438,B03BA01|B03BB01,B03BB51,COLLAPSE_TO_COMBINATION,who_index_wildcard,3 ingredients -> single WHO combination code
1087457,A03BA03|G04BX12|J01XX05,,BLANKED_NO_WHO_COMBO,none,WHO defines no dedicated combination code for this ingredient set
1087459,R05DA03|R06AB04,,BLANKED_NO_WHO_COMBO,none,WHO defines no dedicated combination code for this ingredient set
1087463,R05DA03|R06AB04,,BLANKED_NO_WHO_COMBO,none,WHO defines no dedicated combination code for this ingredient set
1087623,A11DA01|A11GA01|A11HA02|A11HA04|A11HA05|B03BA01|B03BB01,B03BB51,COLLAPSE_TO_COMBINATION,who_index_wildcard,9 ingredients -> single WHO combination code
1088432,A11CC05|A12AA01,,BLANKED_NO_WHO_COMBO,none,WHO defines no dedicated combination code for this ingredient set
1088447,A16AA01|C01EB09,,BLANKED_NO_WHO_COMBO,none,WHO defines no dedicated combination code for this ingredient set
1088599,A11GA01|A11HA01,,BLANKED_NO_WHO_COMBO,none,WHO defines no dedicated combination code for this ingredient set
1088805,A11HA02|B03BA01|B03BB01,B03BB51,COLLAPSE_TO_COMBINATION,who_index_wildcard,4 ingredients -> single WHO combination code
1088846,D04AA32|R01AA04|R06AA02|S01FB01|S01XA20,S01XA20,COLLAPSE_TO_COMBINATION,current_cell,2 ingredients -> single WHO combination code
1088930,A11HA03|C01EB09,C01EB09,COLLAPSE_TO_COMBINATION,curated,2 ingredients -> single WHO combination code
1088953,R01BA02|R05CA03|R05DA04,R05FA02,COLLAPSE_TO_COMBINATION,curated,3 ingredients -> single WHO combination code
1088965,R01BA02|R05CA03|R05DA04,R05FA02,COLLAPSE_TO_COMBINATION,curated,3 ingredients -> single WHO combination code
1088970,R01BA02|R05CA03|R05DA04,R05FA02,COLLAPSE_TO_COMBINATION,curated,3 ingredients -> single WHO combination code
1088977,R01BA02|R05CA03|R05DA04,R05FA02,COLLAPSE_TO_COMBINATION,curated,3 ingredients -> single WHO combination code
1089023,R01BA02|R05CA03|R05DA04,R05FA02,COLLAPSE_TO_COMBINATION,curated,3 ingredients -> single WHO combination code
1089027,R01BA02|R05CA03|R05DA04,R05FA02,COLLAPSE_TO_COMBINATION,curated,3 ingredients -> single WHO combination code
1089030,R01BA02|R05CA03|R05DA04,R05FA02,COLLAPSE_TO_COMBINATION,curated,3 ingredients -> single WHO combination code
1089057,R01BA02|R05CA03|R05DA04,R05FA02,COLLAPSE_TO_COMBINATION,curated,3 ingredients -> single WHO combination code
1089060,R01BA02|R05CA03|R05DA04,R05FA02,COLLAPSE_TO_COMBINATION,curated,3 ingredients -> single WHO combination code
1089063,R01BA02|R05CA03|R05DA04,R05DA20,COLLAPSE_TO_COMBINATION,curated,3 ingredients -> single WHO combination code
1089072,R01BA02|R05CA03|R05DA04,R05DA20,COLLAPSE_TO_COMBINATION,curated,3 ingredients -> single WHO combination code
1089087,A06AX01|A12CA01|B05BB01|B05CB01|B05XA03|S01XA03,,BLANKED_NO_WHO_COMBO,none,WHO defines no dedicated combination code for this ingredient set
1089090,A06AX01|A12CA01|B05BB01|B05CB01|B05XA03|S01XA03,,BLANKED_NO_WHO_COMBO,none,WHO defines no dedicated combination code for this ingredient set
1089103,A07AA01|D04AB01|D06AX04|N01BB02|R02AD02|S01AA03,,BLANKED_NO_WHO_COMBO,none,WHO defines no dedicated combination code for this ingredient set
1089194,R01AA04|S01FB01|S01XA20,S01XA20,COLLAPSE_TO_COMBINATION,current_cell,2 ingredients -> single WHO combination code
1089738,A11CC05|A11HA03,,BLANKED_NO_WHO_COMBO,none,WHO defines no dedicated combination code for this ingredient set
1089775,R01BA02|R05CA03,R01BA52,COLLAPSE_TO_COMBINATION,who_index_wildcard,2 ingredients -> single WHO combination code
1089853,A11HA01|B03BB01,B03BB51,COLLAPSE_TO_COMBINATION,who_index_wildcard,4 ingredients -> single WHO combination code
1089968,N02BE01|R01BA02|R05DA09|R06AB04,R05DA20,COLLAPSE_TO_COMBINATION,curated,4 ingredients -> single WHO combination code
1090012,B03BA01|B03BB01|C10AX08,B03BB51,COLLAPSE_TO_COMBINATION,who_index_wildcard,7 ingredients -> single WHO combination code
1090087,R01AA04|S01FB01|S01XA20,S01XA20,COLLAPSE_TO_COMBINATION,current_cell,2 ingredients -> single WHO combination code
1090463,R05DA09|R06AB01,R05DA20,COLLAPSE_TO_COMBINATION,curated,3 ingredients -> single WHO combination code
1090468,R01BA02|R05CA03|R05DA09,R05FB02,COLLAPSE_TO_COMBINATION,curated,3 ingredients -> single WHO combination code
1090476,N02BE01|R01BA02|R05CA03|R05DA09,R05FA02,COLLAPSE_TO_COMBINATION,curated,4 ingredients -> single WHO combination code
1090482,R01BA02|R05CA03,R01BA52,COLLAPSE_TO_COMBINATION,who_index_wildcard,2 ingredients -> single WHO combination code
1090500,R01BA02|R05DA09,R05DA20,COLLAPSE_TO_COMBINATION,curated,2 ingredients -> single WHO combination code
1090506,R01BA02|R05DA09,R05DA20,COLLAPSE_TO_COMBINATION,curated,2 ingredients -> single WHO combination code
1090623,R01BA02|R05CA03,R01BA52,COLLAPSE_TO_COMBINATION,who_index_wildcard,2 ingredients -> single WHO combination code
1090699,R01BA02|R06AB04,R01BA52,COLLAPSE_TO_COMBINATION,who_index_wildcard,2 ingredients -> single WHO combination code
1090743,N02BE01|N02BE51|R01BA02,N02BE51,COLLAPSE_TO_COMBINATION,current_cell,2 ingredients -> single WHO combination code
1090824,A11GA01|A11HA03|V03AB20,,BLANKED_NO_WHO_COMBO,none,WHO defines no dedicated combination code for this ingredient set
1090937,C05AD03|D04AB04|R02AD01,R02AA06,COLLAPSE_TO_COMBINATION,curated,2 ingredients -> single WHO combination code
1090941,C05AD03|D04AB04|R02AD01,R02AA06,COLLAPSE_TO_COMBINATION,curated,2 ingredients -> single WHO combination code
1090972,A11CA01|A11CC05|A11DA01|A11GA01|A11HA01|A11HA02|A11HA03|A11HA04|B03BA01,,BLANKED_NO_WHO_COMBO,none,WHO defines no dedicated combination code for this ingredient set
1090975,A11GA01|A11HA03|V03AB20,,BLANKED_NO_WHO_COMBO,none,WHO defines no dedicated combination code for this ingredient set
1090992,G03CA01|G03DC02,,BLANKED_NO_WHO_COMBO,none,WHO defines no dedicated combination code for this ingredient set
1090996,G03CA01|G03DC02,,BLANKED_NO_WHO_COMBO,none,WHO defines no dedicated combination code for this ingredient set
1091020,M01AX05|M01AX25,,BLANKED_NO_WHO_COMBO,none,WHO defines no dedicated combination code for this ingredient set
1091325,A11HA03|A16AA01|C01EB09,,BLANKED_NO_WHO_COMBO,none,WHO defines no dedicated combination code for this ingredient set
1091331,R05CA03|R05DA09,R05FA02,COLLAPSE_TO_COMBINATION,curated,3 ingredients -> single WHO combination code
1091434,R05CA03|R05DB05,,BLANKED_NO_WHO_COMBO,none,WHO defines no dedicated combination code for this ingredient set
1091506,G03BA03|G03CA03,G03CA53,COLLAPSE_TO_COMBINATION,who_index_wildcard,2 ingredients -> single WHO combination code
1091828,G03AA09|G03AC09,G03AA09,COLLAPSE_TO_COMBINATION,current_cell,3 ingredients -> single WHO combination code
1092730,M01AX05|M01AX25,,BLANKED_NO_WHO_COMBO,none,WHO defines no dedicated combination code for this ingredient set
1094131,N02BE01|R05DA09,,BLANKED_NO_WHO_COMBO,ambiguous,WHO defines no dedicated combination code for this ingredient set
1094330,R01BA02|R06AB01,R01BA52,COLLAPSE_TO_COMBINATION,curated,2 ingredients -> single WHO combination code
1094350,R01BA02|R05DA09|R06AA09,,BLANKED_NO_WHO_COMBO,ambiguous,WHO defines no dedicated combination code for this ingredient set
1094355,R01BA02|R06AA09,R06AA59,COLLAPSE_TO_COMBINATION,who_index_wildcard,2 ingredients -> single WHO combination code
1094410,R05DB10|R06AX07,,BLANKED_NO_WHO_COMBO,none,WHO defines no dedicated combination code for this ingredient set
1094447,A01AC03|A07EA02|D07AA02|D07AB02|D07AB11|H02AB09|S01BA02,C05AA01,COLLAPSE_TO_COMBINATION,curated,2 ingredients -> single WHO combination code
1094460,R01BA02|R05CA03|R05DA09,R05FB02,COLLAPSE_TO_COMBINATION,curated,3 ingredients -> single WHO combination code
1094543,G03CA01|G03DC02,,BLANKED_NO_WHO_COMBO,none,WHO defines no dedicated combination code for this ingredient set
1094740,C05AD03|D04AB04|R02AD01,,BLANKED_NO_WHO_COMBO,none,WHO defines no dedicated combination code for this ingredient set
1095224,B03AA02|G03CA01|G03DC02,G03AA05,COLLAPSE_TO_COMBINATION,curated,3 ingredients -> single WHO combination code
1095225,B03AA02|G03CA01|G03DC02,G03AA05,COLLAPSE_TO_COMBINATION,curated,3 ingredients -> single WHO combination code
1095227,G03AC03|G03CA01,,BLANKED_NO_WHO_COMBO,none,WHO defines no dedicated combination code for this ingredient set
1095362,G03CA01|G03DC02,,BLANKED_NO_WHO_COMBO,none,WHO defines no dedicated combination code for this ingredient set
1095503,R05CA03|R05DA09,R05FA02,COLLAPSE_TO_COMBINATION,curated,3 ingredients -> single WHO combination code
1095608,A11CC05|A11DA01|A11GA01|A11HA02|A11HA04|A11HA05|B03BA01|B03BB01,B03BB51,COLLAPSE_TO_COMBINATION,who_index_wildcard,10 ingredients -> single WHO combination code
1095618,R05DB10|R06AX07,,BLANKED_NO_WHO_COMBO,none,WHO defines no dedicated combination code for this ingredient set
1098219,D08AG02|D09AA09|D11AC06|G01AX11|R02AA15,,BLANKED_NO_WHO_COMBO,none,WHO defines no dedicated combination code for this ingredient set
1098227,R01BA02|R05CA03|R05DA09,R05FB02,COLLAPSE_TO_COMBINATION,curated,3 ingredients -> single WHO combination code
1098435,N02BE01|R05CA03|R05DA09,N07XX59,COLLAPSE_TO_COMBINATION,who_index_wildcard,4 ingredients -> single WHO combination code
1098496,N02BE01|R05DA09|R06AB04,N07XX59,COLLAPSE_TO_COMBINATION,who_index_wildcard,3 ingredients -> single WHO combination code
1098497,R01BA02|R05DA09|R06AB01,R05DA20,COLLAPSE_TO_COMBINATION,curated,3 ingredients -> single WHO combination code
1098498,R01BA02|R06AB01,R06AB51,COLLAPSE_TO_COMBINATION,who_index_wildcard,2 ingredients -> single WHO combination code
1098647,R05CA03|R05DA09,R05FA02,COLLAPSE_TO_COMBINATION,curated,3 ingredients -> single WHO combination code
1098691,R05CA03|R05DB10,R05FB02,COLLAPSE_TO_COMBINATION,curated,2 ingredients -> single WHO combination code
1098699,R05CA03|R05DB10,R05FB02,COLLAPSE_TO_COMBINATION,curated,2 ingredients -> single WHO combination code
1098703,B03BA01|B03BB01,B03BB51,COLLAPSE_TO_COMBINATION,curated,3 ingredients -> single WHO combination code
1098704,B03BA01|B03BB01,B03BB51,COLLAPSE_TO_COMBINATION,curated,3 ingredients -> single WHO combination code
1098881,R01BA02|R05DB10|R06AX07,,BLANKED_NO_WHO_COMBO,none,WHO defines no dedicated combination code for this ingredient set
1098891,R01BA02|R05CA03,R01BA52,COLLAPSE_TO_COMBINATION,who_index_wildcard,2 ingredients -> single WHO combination code
1098893,R05CA03|R05DA04|R06AB01,,BLANKED_NO_WHO_COMBO,none,WHO defines no dedicated combination code for this ingredient set
1098896,R05CA03|R05DA09|R06AB01,,BLANKED_NO_WHO_COMBO,none,WHO defines no dedicated combination code for this ingredient set
1098906,R05CA03|R05DA03|R06AB01,R06AB51,COLLAPSE_TO_COMBINATION,who_index_wildcard,3 ingredients -> single WHO combination code
1098911,R01BA02|R05CA03|R05DA09,R05FB02,COLLAPSE_TO_COMBINATION,curated,3 ingredients -> single WHO combination code
1098914,R01BA02|R05CA03,R05CA10,COLLAPSE_TO_COMBINATION,curated,2 ingredients -> single WHO combination code
1099026,G03AA12|G03AC10,G03AA12,COLLAPSE_TO_COMBINATION,min_property,3 ingredients -> single WHO combination code
1099033,A11HA01|A11HA05|D11AX12,,BLANKED_NO_WHO_COMBO,none,WHO defines no dedicated combination code for this ingredient set
1099085,R01BA02|R05CA03|R05DA09,R05FB02,COLLAPSE_TO_COMBINATION,curated,3 ingredients -> single WHO combination code
1099097,G03AC03|G03CA01,G03AA07,COLLAPSE_TO_COMBINATION,curated,2 ingredients -> single WHO combination code
1099269,G03AA12|G03AC10,G03AA12,COLLAPSE_TO_COMBINATION,min_property,3 ingredients -> single WHO combination code
1099308,R01BA02|R01BA52|R06AX07,R01BA52,COLLAPSE_TO_COMBINATION,current_cell,2 ingredients -> single WHO combination code
1099310,R01BA02|R01BA52|R06AX07,R01BA52,COLLAPSE_TO_COMBINATION,current_cell,2 ingredients -> single WHO combination code
1099400,R01BA02|R01BA52|R06AX07,R01BA52,COLLAPSE_TO_COMBINATION,current_cell,2 ingredients -> single WHO combination code
1099446,R01BA02|R01BA52|R06AX07,R01BA52,COLLAPSE_TO_COMBINATION,current_cell,2 ingredients -> single WHO combination code
1099448,R01BA02|R01BA52|R06AX07,R01BA52,COLLAPSE_TO_COMBINATION,current_cell,2 ingredients -> single WHO combination code
1099486,R01BA02|R01BA52|R06AX07,R01BA52,COLLAPSE_TO_COMBINATION,current_cell,2 ingredients -> single WHO combination code
1099488,R01BA02|R01BA52|R06AX07,R01BA52,COLLAPSE_TO_COMBINATION,current_cell,2 ingredients -> single WHO combination code
1099490,R01BA02|R01BA52|R06AX07,R01BA52,COLLAPSE_TO_COMBINATION,current_cell,2 ingredients -> single WHO combination code
1099575,R01BA02|R01BA52|R06AX07,R01BA52,COLLAPSE_TO_COMBINATION,current_cell,2 ingredients -> single WHO combination code
1099577,R01BA02|R01BA52|R06AX07,R01BA52,COLLAPSE_TO_COMBINATION,current_cell,2 ingredients -> single WHO combination code
1099579,R01BA02|R01BA52|R06AX07,R01BA52,COLLAPSE_TO_COMBINATION,current_cell,2 ingredients -> single WHO combination code
1099581,R01BA02|R01BA52|R06AX07,R01BA52,COLLAPSE_TO_COMBINATION,current_cell,2 ingredients -> single WHO combination code
1099583,R01BA02|R01BA52|R06AX07,R01BA52,COLLAPSE_TO_COMBINATION,current_cell,2 ingredients -> single WHO combination code
1099585,R01BA02|R01BA52|R06AX07,R01BA52,COLLAPSE_TO_COMBINATION,current_cell,2 ingredients -> single WHO combination code
1099593,R01BA02|R01BA52|R06AX07,R01BA52,COLLAPSE_TO_COMBINATION,current_cell,2 ingredients -> single WHO combination code
1099602,R01BA02|R01BA52|R06AX07,R01BA52,COLLAPSE_TO_COMBINATION,current_cell,2 ingredients -> single WHO combination code
1099606,R01BA02|R01BA52|R06AX07,R01BA52,COLLAPSE_TO_COMBINATION,current_cell,2 ingredients -> single WHO combination code
1099631,R05DA04|R06AB04,R05DA20,COLLAPSE_TO_COMBINATION,curated,3 ingredients -> single WHO combination code
1099634,R01BA02|R05CA03,R01BA52,COLLAPSE_TO_COMBINATION,who_index_wildcard,2 ingredients -> single WHO combination code
1099653,R01BA02|R05DA09|R06AX07,,BLANKED_NO_WHO_COMBO,none,WHO defines no dedicated combination code for this ingredient set
1099668,R01BA02|R06AX07,R01BA52,COLLAPSE_TO_COMBINATION,curated,2 ingredients -> single WHO combination code
1099706,R01BA02|R05CA03|R05DA04|R06AX07,,BLANKED_NO_WHO_COMBO,none,WHO defines no dedicated combination code for this ingredient set
1099708,R01BA02|R05CA03|R05DA04|R06AX07,,BLANKED_NO_WHO_COMBO,none,WHO defines no dedicated combination code for this ingredient set
1099709,R01BA02|R05DA04|R06AX07,,BLANKED_NO_WHO_COMBO,none,WHO defines no dedicated combination code for this ingredient set
1099719,R01BA02|R06AX07,R01BA52,COLLAPSE_TO_COMBINATION,curated,2 ingredients -> single WHO combination code
1099725,R01BA02|R06AX07,R01BA52,COLLAPSE_TO_COMBINATION,curated,2 ingredients -> single WHO combination code
1099746,R01BA02|R05DA03|R06AX07,,BLANKED_NO_WHO_COMBO,none,WHO defines no dedicated combination code for this ingredient set
1099756,R01BA02|R01BA52|R06AX07,R01BA52,COLLAPSE_TO_COMBINATION,current_cell,2 ingredients -> single WHO combination code
1099764,R01BA02|R01BA52|R06AX07,R01BA52,COLLAPSE_TO_COMBINATION,current_cell,2 ingredients -> single WHO combination code
1099770,R01BA02|R01BA52|R06AX07,R01BA52,COLLAPSE_TO_COMBINATION,current_cell,2 ingredients -> single WHO combination code
1099774,R01BA02|R01BA52|R06AX07,R01BA52,COLLAPSE_TO_COMBINATION,current_cell,2 ingredients -> single WHO combination code
1099776,R01BA02|R06AX07,R01BA52,COLLAPSE_TO_COMBINATION,curated,2 ingredients -> single WHO combination code
1099778,R01BA02|R06AX07,R01BA52,COLLAPSE_TO_COMBINATION,curated,2 ingredients -> single WHO combination code
1099880,R01BA02|R06AX07,R01BA52,COLLAPSE_TO_COMBINATION,curated,2 ingredients -> single WHO combination code
1099897,B03AA02|G03CA01|G03DC02,G03AA05,COLLAPSE_TO_COMBINATION,curated,3 ingredients -> single WHO combination code
1100258,A11CC05|A11DA01|A11GA01|A11HA01|A11HA02|A11HA04|A12AA13|B03BB01,B03BB51,COLLAPSE_TO_COMBINATION,who_index_wildcard,14 ingredients -> single WHO combination code
1100467,A11CC05|A11DA01|A11GA01|A11HA01|A11HA02|A11HA04|B03BA01|B03BB01,B03BB51,COLLAPSE_TO_COMBINATION,who_index_wildcard,16 ingredients -> single WHO combination code
1100471,A11CC05|A11GA01|A11HA02|A12AA13|B03BB01,B03BB51,COLLAPSE_TO_COMBINATION,who_index_wildcard,6 ingredients -> single WHO combination code
1100578,A11CC05|A11DA01|A11GA01|A11HA01|A11HA02|A11HA04|B03BA01|B03BB01,B03BB51,COLLAPSE_TO_COMBINATION,who_index_wildcard,18 ingredients -> single WHO combination code
1100746,A12CA01|A12CC01|B05BB01|B05CB01|B05XA03|B05XA07|G01AD01|S01XA03,,BLANKED_NO_WHO_COMBO,none,WHO defines no dedicated combination code for this ingredient set
1100924,B05CA01|D08AJ03|D09AA07|R02AA06,,BLANKED_NO_WHO_COMBO,none,WHO defines no dedicated combination code for this ingredient set
1101555,N02BE01|R06AB04,,BLANKED_NO_WHO_COMBO,ambiguous,WHO defines no dedicated combination code for this ingredient set
1101637,A03BA03|G04BX12|J01XX05,,BLANKED_NO_WHO_COMBO,none,WHO defines no dedicated combination code for this ingredient set
1101738,R05CA03|R05DB05,,BLANKED_NO_WHO_COMBO,ambiguous,WHO defines no dedicated combination code for this ingredient set
1101852,A06AX01|D08AE03,,BLANKED_NO_WHO_COMBO,none,WHO defines no dedicated combination code for this ingredient set
1101854,A06AX01|D08AE03,,BLANKED_NO_WHO_COMBO,none,WHO defines no dedicated combination code for this ingredient set
1101947,R05CA03|R05DB05,,BLANKED_NO_WHO_COMBO,none,WHO defines no dedicated combination code for this ingredient set
1101952,R05CA03|R05DB05,,BLANKED_NO_WHO_COMBO,none,WHO defines no dedicated combination code for this ingredient set
1110988,N02BE01|R05CA03|R05DA09,N07XX59,COLLAPSE_TO_COMBINATION,who_index_wildcard,4 ingredients -> single WHO combination code
1111065,R05DB10|R06AB01,R06AB51,COLLAPSE_TO_COMBINATION,who_index_wildcard,3 ingredients -> single WHO combination code
1111440,R05DA09|R06AB04,R05DA20,COLLAPSE_TO_COMBINATION,curated,2 ingredients -> single WHO combination code
1111697,R01BA02|R06AA08,,BLANKED_NO_WHO_COMBO,none,WHO defines no dedicated combination code for this ingredient set
1111750,A11DA01|A11HA01|A11HA02|A11HA04|A12CB01|B03BA01,,BLANKED_NO_WHO_COMBO,none,WHO defines no dedicated combination code for this ingredient set
1111752,A11DA01|A11HA01|A11HA02|A11HA04|A12CB01|B03BA01,,BLANKED_NO_WHO_COMBO,none,WHO defines no dedicated combination code for this ingredient set
1112220,R01BA02|R05DA03|R06AB04,R05DA20,COLLAPSE_TO_COMBINATION,curated,3 ingredients -> single WHO combination code
1112224,R01BA02|R05DA03|R06AB04,R05DA20,COLLAPSE_TO_COMBINATION,curated,3 ingredients -> single WHO combination code
1112244,R01BA02|R01BA52|R06AX18,R01BA52,COLLAPSE_TO_COMBINATION,current_cell,2 ingredients -> single WHO combination code
1112248,R01BA02|R06AX27,R01BA52,COLLAPSE_TO_COMBINATION,who_index_wildcard,2 ingredients -> single WHO combination code
1112250,R01BA02|R06AX27,R01BA52,COLLAPSE_TO_COMBINATION,who_index_wildcard,2 ingredients -> single WHO combination code
1112260,R01BA02|R06AX27,R01BA52,COLLAPSE_TO_COMBINATION,who_index_wildcard,2 ingredients -> single WHO combination code
1112687,G03AA07|G03CA01,G03AA07,COLLAPSE_TO_COMBINATION,current_cell,2 ingredients -> single WHO combination code
1112715,G03AC03|G03CA01,G03AA07,COLLAPSE_TO_COMBINATION,curated,2 ingredients -> single WHO combination code
1112791,R05DA09|R06AB04,R05DA20,COLLAPSE_TO_COMBINATION,curated,3 ingredients -> single WHO combination code
1112813,M01AX05|M01AX25,,BLANKED_NO_WHO_COMBO,none,WHO defines no dedicated combination code for this ingredient set
1113048,R01BA02|R05DA04|R06AE04,,BLANKED_NO_WHO_COMBO,none,WHO defines no dedicated combination code for this ingredient set
1113050,R01BA02|R05DA04|R06AE04,,BLANKED_NO_WHO_COMBO,none,WHO defines no dedicated combination code for this ingredient set
1113064,R05DA04|R06AE04,,BLANKED_NO_WHO_COMBO,none,WHO defines no dedicated combination code for this ingredient set
1113417,R01BA02|R05DA04|R06AB04,R05DA20,COLLAPSE_TO_COMBINATION,curated,3 ingredients -> single WHO combination code
1113419,R01BA02|R05DA04|R06AB04,R05DA20,COLLAPSE_TO_COMBINATION,curated,3 ingredients -> single WHO combination code
1113421,R01BA02|R05DA04|R06AB04,R05DA20,COLLAPSE_TO_COMBINATION,curated,3 ingredients -> single WHO combination code
1113423,R01BA02|R05DA04|R06AB04,R05DA20,COLLAPSE_TO_COMBINATION,curated,3 ingredients -> single WHO combination code
1113427,R01BA02|R05DA04|R06AB04,R05DA20,COLLAPSE_TO_COMBINATION,curated,3 ingredients -> single WHO combination code
1113429,R01BA02|R05DA04|R06AB04,R05DA20,COLLAPSE_TO_COMBINATION,curated,3 ingredients -> single WHO combination code
1113431,R01BA02|R05DA04|R06AB04,R05DA20,COLLAPSE_TO_COMBINATION,curated,3 ingredients -> single WHO combination code
1113437,R01BA02|R05DA04|R06AB04,R05DA20,COLLAPSE_TO_COMBINATION,curated,3 ingredients -> single WHO combination code
1113440,R01BA02|R05DA04|R06AB04,R05DA20,COLLAPSE_TO_COMBINATION,curated,3 ingredients -> single WHO combination code
1113442,R01BA02|R05DA04|R06AB04,R05DA20,COLLAPSE_TO_COMBINATION,curated,3 ingredients -> single WHO combination code
1113490,R05CA03|R05DA09,R05FA02,COLLAPSE_TO_COMBINATION,curated,3 ingredients -> single WHO combination code
1113493,R01BA02|R05DA09|R06AB01,R05DA20,COLLAPSE_TO_COMBINATION,curated,3 ingredients -> single WHO combination code
1113501,R05CA03|R05DA09,R05DA20,COLLAPSE_TO_COMBINATION,curated,3 ingredients -> single WHO combination code
1113522,N02BE01|R05DA09|R06AB04,N07XX59,COLLAPSE_TO_COMBINATION,who_index_wildcard,3 ingredients -> single WHO combination code
1114002,R05DA04|R06AB04,R05FA02,COLLAPSE_TO_COMBINATION,curated,2 ingredients -> single WHO combination code
1114003,R01BA02|R05DA04|R06AB04,R05DA20,COLLAPSE_TO_COMBINATION,curated,3 ingredients -> single WHO combination code
1114030,R05CA03|R05DA04,R05FA02,COLLAPSE_TO_COMBINATION,curated,2 ingredients -> single WHO combination code
1114110,R01BA02|R05CA03|R05DA04,R05DA20,COLLAPSE_TO_COMBINATION,curated,3 ingredients -> single WHO combination code
1114334,R01BA02|R05DA03,R05DA20,COLLAPSE_TO_COMBINATION,curated,2 ingredients -> single WHO combination code
1114338,R01BA02|R05DA03,R05DA20,COLLAPSE_TO_COMBINATION,curated,2 ingredients -> single WHO combination code
1114342,A11DA01|A11GA01|A11HA01|A11HA02|A11HA04|A11HA05|B03BA05|B03BB01,B03BB51,COLLAPSE_TO_COMBINATION,who_index_wildcard,10 ingredients -> single WHO combination code
1114361,R05DA09|R06AB04,R05DA20,COLLAPSE_TO_COMBINATION,curated,2 ingredients -> single WHO combination code
1114604,A11CC05|A11DA01|A11GA01|A11HA02|A11HA03|A11HA04|B03BA01|B03BB01,B03BB51,COLLAPSE_TO_COMBINATION,who_index_wildcard,16 ingredients -> single WHO combination code
1114865,R01AA04|S01FB01|S01XA20,S01XA20,COLLAPSE_TO_COMBINATION,current_cell,2 ingredients -> single WHO combination code
1114891,R01BA02|R05CA03|R05DA09,R05FB02,COLLAPSE_TO_COMBINATION,curated,3 ingredients -> single WHO combination code
1114896,R01BA02|R05CA03|R05DA09,R05FB02,COLLAPSE_TO_COMBINATION,curated,3 ingredients -> single WHO combination code
1114900,A11CC05|A11DA01|A11GA01|A11HA02|A11HA03|A11HA04|B03BA01|B03BB01,B03BB51,COLLAPSE_TO_COMBINATION,who_index_wildcard,16 ingredients -> single WHO combination code
1115329,R05DA09|R06AA09,R05DA20,COLLAPSE_TO_COMBINATION,curated,2 ingredients -> single WHO combination code
1115497,A11CC05|M01AX05|M01AX25,,BLANKED_NO_WHO_COMBO,none,WHO defines no dedicated combination code for this ingredient set
1115592,A11HA03|C01EB09,,BLANKED_NO_WHO_COMBO,none,WHO defines no dedicated combination code for this ingredient set
1115594,A11HA03|C01EB09,,BLANKED_NO_WHO_COMBO,none,WHO defines no dedicated combination code for this ingredient set
1115764,R01BA02|R05CA03|R05DA04,R05DA20,COLLAPSE_TO_COMBINATION,curated,3 ingredients -> single WHO combination code
1115800,A11HA02|A12BA02,,BLANKED_NO_WHO_COMBO,none,WHO defines no dedicated combination code for this ingredient set
1115981,R01AA03|R03CA02,A08AA56,COLLAPSE_TO_COMBINATION,who_index_wildcard,2 ingredients -> single WHO combination code
1116090,R05CA03|R06AB04,A08AA56,COLLAPSE_TO_COMBINATION,who_index_wildcard,3 ingredients -> single WHO combination code
1116164,R05DB05|R06AB04,A08AA56,COLLAPSE_TO_COMBINATION,who_index_wildcard,4 ingredients -> single WHO combination code
1116173,R05DB05|R06AB04,,BLANKED_NO_WHO_COMBO,none,WHO defines no dedicated combination code for this ingredient set
1116294,R01AA03|R03CA02,A08AA56,COLLAPSE_TO_COMBINATION,who_index_wildcard,2 ingredients -> single WHO combination code
1116361,A11GA01|A11HA03,,BLANKED_NO_WHO_COMBO,none,WHO defines no dedicated combination code for this ingredient set
1116454,C05AD03|D04AB04|D08AJ01|D08AJ08|R02AA16|R02AD01,,BLANKED_NO_WHO_COMBO,none,WHO defines no dedicated combination code for this ingredient set
1116552,G03CA01|G03DC02,,BLANKED_NO_WHO_COMBO,none,WHO defines no dedicated combination code for this ingredient set
1116572,N02BE01|R05CA03|R05DA09,N07XX59,COLLAPSE_TO_COMBINATION,who_index_wildcard,4 ingredients -> single WHO combination code
1117392,R01BA02|R05DA09|R06AB04,R05DA20,COLLAPSE_TO_COMBINATION,curated,3 ingredients -> single WHO combination code
1117562,R01BA02|R06AX13,R01BA52,COLLAPSE_TO_COMBINATION,who_index_wildcard,2 ingredients -> single WHO combination code
1119308,P01BA01|P01BA03,,BLANKED_NO_WHO_COMBO,none,WHO defines no dedicated combination code for this ingredient set
1119541,R05CA03|R05DA09,R05FA02,COLLAPSE_TO_COMBINATION,curated,3 ingredients -> single WHO combination code
1119573,A11CA01|A11CC05|A11DA01|A11GA01|A11HA02|A11HA03|A11HA04|B03BA01|B03BB01,B03BB51,COLLAPSE_TO_COMBINATION,who_index_wildcard,15 ingredients -> single WHO combination code
1125488,R05DA09|R06AB04,R05DA20,COLLAPSE_TO_COMBINATION,curated,3 ingredients -> single WHO combination code
1144910,N02BE01|R01BA01|R05DA09|R06AB04,R05DA20,COLLAPSE_TO_COMBINATION,curated,4 ingredients -> single WHO combination code
1144964,M01AX05|M01AX25,,BLANKED_NO_WHO_COMBO,none,WHO defines no dedicated combination code for this ingredient set
1145110,A11HA01|A11HA02|B03BB01,B03BB51,COLLAPSE_TO_COMBINATION,who_index_wildcard,6 ingredients -> single WHO combination code
1145114,A11HA01|A11HA02|B03BB01,B03BB51,COLLAPSE_TO_COMBINATION,who_index_wildcard,6 ingredients -> single WHO combination code
1145348,B03BA01|B03BB01,B03BB51,COLLAPSE_TO_COMBINATION,curated,3 ingredients -> single WHO combination code
1145972,R01BA02|R05DA04,R05DA20,COLLAPSE_TO_COMBINATION,curated,2 ingredients -> single WHO combination code
1147029,R05CA03|R05DA09|R06AB04,,BLANKED_NO_WHO_COMBO,none,WHO defines no dedicated combination code for this ingredient set
1147337,J05AF07|J05AF09|J05AG05,J05AR08,COLLAPSE_TO_COMBINATION,min_property,3 ingredients -> single WHO combination code
1147709,R01BA02|R05CA03|R05DA04,R05DA20,COLLAPSE_TO_COMBINATION,curated,3 ingredients -> single WHO combination code
1147795,N02BE01|R01BA02|R05DA09|R06AB04,R05DA20,COLLAPSE_TO_COMBINATION,curated,4 ingredients -> single WHO combination code
1148155,R05DA09|R06AB01,R05DA20,COLLAPSE_TO_COMBINATION,curated,3 ingredients -> single WHO combination code
1148185,R01AA04|S01FB01|S01XA20,S01XA20,COLLAPSE_TO_COMBINATION,current_cell,3 ingredients -> single WHO combination code
1148595,C05AD03|D04AB04|R02AD01,,BLANKED_NO_WHO_COMBO,none,WHO defines no dedicated combination code for this ingredient set
1148644,R01BA02|R05CA03,R01BA52,COLLAPSE_TO_COMBINATION,who_index_wildcard,2 ingredients -> single WHO combination code
1149667,G03AA07|G03CA01,G03AA07,COLLAPSE_TO_COMBINATION,current_cell,2 ingredients -> single WHO combination code
1150067,M01AX05|M01AX25,,BLANKED_NO_WHO_COMBO,none,WHO defines no dedicated combination code for this ingredient set
1150120,C01CA24|D04AB01|N01BB02|R02AD02|S01EA01,D04AB01,COLLAPSE_TO_COMBINATION,curated,2 ingredients -> single WHO combination code
1150121,C01CA24|D04AB01|N01BB02|R02AD02|S01EA01,D04AB01,COLLAPSE_TO_COMBINATION,curated,2 ingredients -> single WHO combination code
1150122,C01CA24|D04AB01|N01BB02|R02AD02|S01EA01,D04AB01,COLLAPSE_TO_COMBINATION,curated,2 ingredients -> single WHO combination code
1150310,M01AX05|M01AX25,,BLANKED_NO_WHO_COMBO,none,WHO defines no dedicated combination code for this ingredient set
1188532,R01BA02|R05DB10|R06AB04,,BLANKED_NO_WHO_COMBO,none,WHO defines no dedicated combination code for this ingredient set
1189192,R05CA03|R05DB10,R05FB02,COLLAPSE_TO_COMBINATION,curated,2 ingredients -> single WHO combination code
1189850,R05CA03|R05DB10,,BLANKED_NO_WHO_COMBO,none,WHO defines no dedicated combination code for this ingredient set
1190174,R05DA09|R06AB04,R05DA20,COLLAPSE_TO_COMBINATION,curated,3 ingredients -> single WHO combination code
1190319,R05DB10|R06AE04,,BLANKED_NO_WHO_COMBO,none,WHO defines no dedicated combination code for this ingredient set
1190331,R01BA02|R06AX26,R01BA52,COLLAPSE_TO_COMBINATION,who_index_wildcard,2 ingredients -> single WHO combination code
1190334,R01BA02|R06AX26,R01BA52,COLLAPSE_TO_COMBINATION,who_index_wildcard,2 ingredients -> single WHO combination code
1190587,R01BA02|R05DA04|R06AB06,R06AB56,COLLAPSE_TO_COMBINATION,who_index_wildcard,3 ingredients -> single WHO combination code
1190600,R01BA02|R05DA09|R06AB06,,BLANKED_NO_WHO_COMBO,ambiguous,WHO defines no dedicated combination code for this ingredient set
1190750,A03BA01|S01FA01,,BLANKED_NO_WHO_COMBO,none,WHO defines no dedicated combination code for this ingredient set
1190839,R01BA02|R06AB01,,BLANKED_NO_WHO_COMBO,none,WHO defines no dedicated combination code for this ingredient set
1190910,R01BA01|R06AB04,,BLANKED_NO_WHO_COMBO,none,WHO defines no dedicated combination code for this ingredient set
1190916,J07AF01|J07AM01,J07AJ52,COLLAPSE_TO_COMBINATION,curated,2 ingredients -> single WHO combination code
1190919,J07AF01|J07AM01,J07AJ52,COLLAPSE_TO_COMBINATION,curated,2 ingredients -> single WHO combination code
1192981,A06AA02|C05AD03|D04AB04|R02AD01,,BLANKED_NO_WHO_COMBO,none,WHO defines no dedicated combination code for this ingredient set
1192983,A06AA02|C05AD03|D04AB04|R02AD01,,BLANKED_NO_WHO_COMBO,none,WHO defines no dedicated combination code for this ingredient set
1193037,A11CC05|A11HA02|B03BA01|B03BB01,B03BB51,COLLAPSE_TO_COMBINATION,who_index_wildcard,6 ingredients -> single WHO combination code
1193046,A11CC05|A11HA02|B03BA01|B03BB01,B03BB51,COLLAPSE_TO_COMBINATION,who_index_wildcard,6 ingredients -> single WHO combination code
1193120,A11HA02|B03BA01|B03BB01,B03BB51,COLLAPSE_TO_COMBINATION,who_index_wildcard,5 ingredients -> single WHO combination code
1193293,N02BE01|R06AB04,,BLANKED_NO_WHO_COMBO,ambiguous,WHO defines no dedicated combination code for this ingredient set
1232651,R01AA04|S01FB01|S01XA20,S01XA20,COLLAPSE_TO_COMBINATION,current_cell,2 ingredients -> single WHO combination code
1232653,R01AA04|S01FB01|S01XA20,S01XA20,COLLAPSE_TO_COMBINATION,current_cell,2 ingredients -> single WHO combination code
1232712,R01AA06|R01AB03|S01GA02,,BLANKED_NO_WHO_COMBO,none,WHO defines no dedicated combination code for this ingredient set
1233062,R01BA02|R05CA03|R05DA09,R05FB02,COLLAPSE_TO_COMBINATION,curated,3 ingredients -> single WHO combination code
1233850,G03AA12|G03AC10,G03AA12,COLLAPSE_TO_COMBINATION,min_property,3 ingredients -> single WHO combination code
1234386,R05DA09|R06AA09,R05DA20,COLLAPSE_TO_COMBINATION,curated,2 ingredients -> single WHO combination code
1234482,A11CA01|A11CC05|A11DA01|A11GA01|A11HA03|A11HA04|B03BA01,A01AA51,COLLAPSE_TO_COMBINATION,who_index_wildcard,10 ingredients -> single WHO combination code
1234563,R01AA04|S01FB01|S01XA20,S01XA20,COLLAPSE_TO_COMBINATION,current_cell,2 ingredients -> single WHO combination code
1234569,R01AA04|S01FB01|S01XA20,S01XA20,COLLAPSE_TO_COMBINATION,current_cell,2 ingredients -> single WHO combination code
1234576,R01AA04|S01FB01|S01XA20,S01XA20,COLLAPSE_TO_COMBINATION,current_cell,2 ingredients -> single WHO combination code
1234578,R01AA04|S01FB01|S01XA20,S01XA20,COLLAPSE_TO_COMBINATION,current_cell,2 ingredients -> single WHO combination code
1234586,R01AA04|S01FB01|S01XA20,S01XA20,COLLAPSE_TO_COMBINATION,current_cell,2 ingredients -> single WHO combination code
1234861,N02AA08|R01BA02|R06AB04,N02AA58,COLLAPSE_TO_COMBINATION,who_index_wildcard,3 ingredients -> single WHO combination code
1234865,N02AA08|R01BA02|R06AB04,N02AA58,COLLAPSE_TO_COMBINATION,who_index_wildcard,3 ingredients -> single WHO combination code
1234869,N02AA08|R01BA02|R06AB04,N02AA58,COLLAPSE_TO_COMBINATION,who_index_wildcard,3 ingredients -> single WHO combination code
1234941,N02AA08|R06AB04,R05DA20,COLLAPSE_TO_COMBINATION,curated,3 ingredients -> single WHO combination code
1234949,N02AA08|R06AB04,R05DA20,COLLAPSE_TO_COMBINATION,curated,3 ingredients -> single WHO combination code
1234953,N02AA08|R06AB04,R05DA20,COLLAPSE_TO_COMBINATION,curated,3 ingredients -> single WHO combination code
1234957,N02AA08|R06AB04,R05DA20,COLLAPSE_TO_COMBINATION,curated,3 ingredients -> single WHO combination code
1234958,N02AA08|R06AB01,R05DA20,COLLAPSE_TO_COMBINATION,curated,3 ingredients -> single WHO combination code
1234966,N02AA08|R06AB01,R05DA20,COLLAPSE_TO_COMBINATION,curated,3 ingredients -> single WHO combination code
1235389,A11CA01|A11DA01|A11GA01|A11HA03|A11HA04|B03BA01|B03BB01,B03BB51,COLLAPSE_TO_COMBINATION,who_index_wildcard,11 ingredients -> single WHO combination code
1235467,C05AD03|D04AB04|R02AD01,,BLANKED_NO_WHO_COMBO,none,WHO defines no dedicated combination code for this ingredient set
1235472,C05AD03|D04AB04|R02AD01,,BLANKED_NO_WHO_COMBO,none,WHO defines no dedicated combination code for this ingredient set
1235477,C05AD03|D04AB04|R02AD01,,BLANKED_NO_WHO_COMBO,none,WHO defines no dedicated combination code for this ingredient set
1235490,C05AD03|D04AB04|R02AD01,,BLANKED_NO_WHO_COMBO,none,WHO defines no dedicated combination code for this ingredient set
1235569,R01AA06|R01AB03|S01GA02,,BLANKED_NO_WHO_COMBO,none,WHO defines no dedicated combination code for this ingredient set
1235867,G03AA05|G03FA01,,BLANKED_NO_WHO_COMBO,none,WHO defines no dedicated combination code for this ingredient set
1235874,G03CA01|G03DC02,,BLANKED_NO_WHO_COMBO,none,WHO defines no dedicated combination code for this ingredient set
1236048,D04AA32|R01AA04|R06AA02|S01FB01|S01XA20,S01XA20,COLLAPSE_TO_COMBINATION,current_cell,2 ingredients -> single WHO combination code
1236060,N02AA08|R06AB01,R05DA20,COLLAPSE_TO_COMBINATION,curated,3 ingredients -> single WHO combination code
1236062,N02AA08|R01BA02|R06AB04,N02AA58,COLLAPSE_TO_COMBINATION,who_index_wildcard,3 ingredients -> single WHO combination code
1236064,N02AA08|R01BA02|R06AB04,N02AA58,COLLAPSE_TO_COMBINATION,who_index_wildcard,3 ingredients -> single WHO combination code
1236068,N02AA08|R06AB04,R05DA20,COLLAPSE_TO_COMBINATION,curated,3 ingredients -> single WHO combination code
1236070,N02BE01|R05DA09|R06AB04,N07XX59,COLLAPSE_TO_COMBINATION,who_index_wildcard,3 ingredients -> single WHO combination code
1236073,N02AA08|R01BA01|R06AB04,,BLANKED_NO_WHO_COMBO,ambiguous,WHO defines no dedicated combination code for this ingredient set
1236075,N02AA08|R01BA01|R06AB04,,BLANKED_NO_WHO_COMBO,ambiguous,WHO defines no dedicated combination code for this ingredient set
1236081,N02AA08|R06AB04,,BLANKED_NO_WHO_COMBO,ambiguous,WHO defines no dedicated combination code for this ingredient set
1236083,N02AA08|R06AB04,,BLANKED_NO_WHO_COMBO,ambiguous,WHO defines no dedicated combination code for this ingredient set
1236086,N02AA08|R06AB04,,BLANKED_NO_WHO_COMBO,ambiguous,WHO defines no dedicated combination code for this ingredient set
1236115,N02AA08|R05CA03,N02AA58,COLLAPSE_TO_COMBINATION,who_index_wildcard,3 ingredients -> single WHO combination code
1236122,N02AA08|R05CA03,N02AA58,COLLAPSE_TO_COMBINATION,who_index_wildcard,3 ingredients -> single WHO combination code
1236148,M01AX05|M01AX25,,BLANKED_NO_WHO_COMBO,none,WHO defines no dedicated combination code for this ingredient set
1236419,N02BE01|R01BA02|R05DA09,N07XX59,COLLAPSE_TO_COMBINATION,who_index_wildcard,3 ingredients -> single WHO combination code
1236435,N02BE01|R01BA02|R05DA09,N07XX59,COLLAPSE_TO_COMBINATION,who_index_wildcard,3 ingredients -> single WHO combination code
1236707,R01BA02|R05DB10|R06AE04,,BLANKED_NO_WHO_COMBO,none,WHO defines no dedicated combination code for this ingredient set
1236716,R01BA02|R06AE04,R01BA52,COLLAPSE_TO_COMBINATION,who_index_wildcard,2 ingredients -> single WHO combination code
1241674,R01BA02|R05CA03|R05DA09,R05FB02,COLLAPSE_TO_COMBINATION,curated,3 ingredients -> single WHO combination code
1241796,A11HA01|B03BB01,B03BB51,COLLAPSE_TO_COMBINATION,who_index_wildcard,4 ingredients -> single WHO combination code
1241901,G03AC03|G03CA01,,BLANKED_NO_WHO_COMBO,none,WHO defines no dedicated combination code for this ingredient set
1242002,R01BA02|R05DA09|R06AB01,R05DA20,COLLAPSE_TO_COMBINATION,curated,3 ingredients -> single WHO combination code
1242391,R01BA02|R06AX13,R01BA52,COLLAPSE_TO_COMBINATION,who_index_wildcard,2 ingredients -> single WHO combination code
1242397,R01BA02|R06AX13,R01BA52,COLLAPSE_TO_COMBINATION,who_index_wildcard,2 ingredients -> single WHO combination code
1242399,R01BA02|R06AX13,R01BA52,COLLAPSE_TO_COMBINATION,who_index_wildcard,2 ingredients -> single WHO combination code
1242401,R01BA02|R06AX13,R01BA52,COLLAPSE_TO_COMBINATION,who_index_wildcard,2 ingredients -> single WHO combination code
1242406,R01BA02|R06AX13,R01BA52,COLLAPSE_TO_COMBINATION,who_index_wildcard,2 ingredients -> single WHO combination code
1242508,D11AX22|P02CF01,,BLANKED_NO_WHO_COMBO,none,WHO defines no dedicated combination code for this ingredient set
1242558,R01BA02|R05DA04|R06AE04,,BLANKED_NO_WHO_COMBO,none,WHO defines no dedicated combination code for this ingredient set
1242787,G03AA05|G03FA01,,BLANKED_NO_WHO_COMBO,none,WHO defines no dedicated combination code for this ingredient set
1243480,G01AD02|S02AA10,,BLANKED_NO_WHO_COMBO,none,WHO defines no dedicated combination code for this ingredient set
1243771,B02BC06|B02BD30,,BLANKED_NO_WHO_COMBO,none,WHO defines no dedicated combination code for this ingredient set
1243772,N02BE01|R05CA03|R05DA04,,BLANKED_NO_WHO_COMBO,none,WHO defines no dedicated combination code for this ingredient set
1243780,N02BE01|R05CA03|R05DA04,,BLANKED_NO_WHO_COMBO,none,WHO defines no dedicated combination code for this ingredient set
1243786,B02BC06|B02BD30,,BLANKED_NO_WHO_COMBO,none,WHO defines no dedicated combination code for this ingredient set
1243811,N02BE01|R05CA03,N02BE51,COLLAPSE_TO_COMBINATION,curated,3 ingredients -> single WHO combination code
1244008,A11CA01|A11CC05|A11GA01,A01AA51,COLLAPSE_TO_COMBINATION,who_index_wildcard,5 ingredients -> single WHO combination code
1244146,A11DA01|A11HA02|B03BA01,,BLANKED_NO_WHO_COMBO,none,WHO defines no dedicated combination code for this ingredient set
1244205,J07AF01|J07AM01,J07AJ52,COLLAPSE_TO_COMBINATION,curated,2 ingredients -> single WHO combination code
1244233,N01AF01|N05CA15,,BLANKED_NO_WHO_COMBO,none,WHO defines no dedicated combination code for this ingredient set
1244514,R01BA02|R06AB04,R01BA52,COLLAPSE_TO_COMBINATION,curated,3 ingredients -> single WHO combination code
1244592,R01BA02|R06AB04,R01BA52,COLLAPSE_TO_COMBINATION,curated,3 ingredients -> single WHO combination code
1244630,R01BA02|R06AB04,R01BA52,COLLAPSE_TO_COMBINATION,curated,3 ingredients -> single WHO combination code
1244638,N01AF01|N05CA15,,BLANKED_NO_WHO_COMBO,none,WHO defines no dedicated combination code for this ingredient set
1244675,R01BA02|R05CA03,R01BA52,COLLAPSE_TO_COMBINATION,who_index_wildcard,2 ingredients -> single WHO combination code
1244695,R01BA02|R05CA03,R01BA52,COLLAPSE_TO_COMBINATION,who_index_wildcard,2 ingredients -> single WHO combination code
1244754,R01BA02|R05CA03|R05DA03,R05FA02,COLLAPSE_TO_COMBINATION,curated,3 ingredients -> single WHO combination code
1244760,R01BA02|R05CA03|R05DA03,R05FA02,COLLAPSE_TO_COMBINATION,curated,3 ingredients -> single WHO combination code
1244763,R01BA02|R05CA03|R05DA03,R05FA02,COLLAPSE_TO_COMBINATION,curated,3 ingredients -> single WHO combination code
1244769,R01BA02|R05CA03|R05DA03,R05FA02,COLLAPSE_TO_COMBINATION,curated,3 ingredients -> single WHO combination code
1244908,B03AA02|G03CA01|G03DC02,G03AA05,COLLAPSE_TO_COMBINATION,curated,3 ingredients -> single WHO combination code
1244909,B03AA02|G03CA01|G03DC02,G03AA05,COLLAPSE_TO_COMBINATION,curated,3 ingredients -> single WHO combination code
1244921,R05DA04|R06AB01,R06AB51,COLLAPSE_TO_COMBINATION,who_index_wildcard,3 ingredients -> single WHO combination code
1245250,A01AB09|A01AC03|A07EA02|D01AC02|D06AX07|D07AA02|D07AB02|D07AB11|G01AF04|H02AB09|S01BA02|S03AA06,,BLANKED_NO_WHO_COMBO,none,WHO defines no dedicated combination code for this ingredient set
1245291,R01BA02|R05DA09|R06AB04,R05DA20,COLLAPSE_TO_COMBINATION,curated,3 ingredients -> single WHO combination code
1245298,R01BA02|R05DA09|R06AB04,R05DA20,COLLAPSE_TO_COMBINATION,curated,3 ingredients -> single WHO combination code
1245383,A12AA04|A12CC01,,BLANKED_NO_WHO_COMBO,none,WHO defines no dedicated combination code for this ingredient set
1245389,A12AA04|A12CC01,,BLANKED_NO_WHO_COMBO,none,WHO defines no dedicated combination code for this ingredient set
1245530,C05AD03|D04AB04|R02AD01,,BLANKED_NO_WHO_COMBO,none,WHO defines no dedicated combination code for this ingredient set
1245545,R01BA02|R06AB04,R01BA52,COLLAPSE_TO_COMBINATION,curated,3 ingredients -> single WHO combination code
1245616,R05CA03|R05DA09,R05FA02,COLLAPSE_TO_COMBINATION,curated,3 ingredients -> single WHO combination code
1245706,R05DB10|R06AB04,,BLANKED_NO_WHO_COMBO,none,WHO defines no dedicated combination code for this ingredient set
1245722,R01BA02|R05DA09|R06AB01,R05DA20,COLLAPSE_TO_COMBINATION,curated,3 ingredients -> single WHO combination code
1245732,A06AA02|B03AA02,,BLANKED_NO_WHO_COMBO,none,WHO defines no dedicated combination code for this ingredient set
1246066,A11HA01|B03BB01,B03BB51,COLLAPSE_TO_COMBINATION,who_index_wildcard,4 ingredients -> single WHO combination code
1246113,D04AB01|N01BB02|R02AD02,N01BB52,COLLAPSE_TO_COMBINATION,who_index_wildcard,2 ingredients -> single WHO combination code
1246528,A01AC03|A07EA02|D07AA02|D07AB02|D07AB11|H02AB09|S01BA02,R01AD60,COLLAPSE_TO_COMBINATION,who_index_wildcard,2 ingredients -> single WHO combination code
1246538,A01AC03|A07EA02|D07AA02|D07AB02|D07AB11|H02AB09|S01BA02,R01AD60,COLLAPSE_TO_COMBINATION,who_index_wildcard,2 ingredients -> single WHO combination code
1246573,A01AC03|A07EA02|D07AA02|D07AB02|D07AB11|H02AB09|S01BA02,C05AX03,COLLAPSE_TO_COMBINATION,curated,2 ingredients -> single WHO combination code
1246586,A01AC03|A07EA02|D07AA02|D07AB02|D07AB11|H02AB09|S01BA02,R01AD60,COLLAPSE_TO_COMBINATION,who_index_wildcard,2 ingredients -> single WHO combination code
1246919,A06AA02|B03AA02,,BLANKED_NO_WHO_COMBO,none,WHO defines no dedicated combination code for this ingredient set
1247891,A06AA02|B03AA02,,BLANKED_NO_WHO_COMBO,none,WHO defines no dedicated combination code for this ingredient set
1248020,R01BA02|R05DA03,R05DA20,COLLAPSE_TO_COMBINATION,curated,2 ingredients -> single WHO combination code
1248026,R01BA02|R05DA03,R05DA20,COLLAPSE_TO_COMBINATION,curated,2 ingredients -> single WHO combination code
1248039,R01BA02|R05DA03,R05DA20,COLLAPSE_TO_COMBINATION,curated,2 ingredients -> single WHO combination code
1248040,R01BA02|R05CA03|R05DA03,R05FA02,COLLAPSE_TO_COMBINATION,curated,3 ingredients -> single WHO combination code
1248042,R01BA02|R05CA03|R05DA03,R05FA02,COLLAPSE_TO_COMBINATION,curated,3 ingredients -> single WHO combination code
1248044,R01BA02|R05CA03|R05DA03,R05FA02,COLLAPSE_TO_COMBINATION,curated,3 ingredients -> single WHO combination code
1248046,R01BA02|R05CA03|R05DA03,R05FA02,COLLAPSE_TO_COMBINATION,curated,3 ingredients -> single WHO combination code
1248048,R05CA03|R05DB05,R05FB02,COLLAPSE_TO_COMBINATION,curated,2 ingredients -> single WHO combination code
1248057,R01AA04|R06AD02|S01FB01|S01XA20,S01XA20,COLLAPSE_TO_COMBINATION,current_cell,2 ingredients -> single WHO combination code
1248059,R01AA04|R06AD02|S01FB01|S01XA20,S01XA20,COLLAPSE_TO_COMBINATION,current_cell,2 ingredients -> single WHO combination code
1248207,A06AA02|B03AA02,,BLANKED_NO_WHO_COMBO,none,WHO defines no dedicated combination code for this ingredient set
1248321,R01BA02|R05CA03|R05DA03,R05FA02,COLLAPSE_TO_COMBINATION,curated,3 ingredients -> single WHO combination code
1248330,R01BA02|R05CA03|R05DA03,R05FA02,COLLAPSE_TO_COMBINATION,curated,3 ingredients -> single WHO combination code
1248362,R01AA04|R06AD02|S01FB01|S01XA20,S01XA20,COLLAPSE_TO_COMBINATION,current_cell,2 ingredients -> single WHO combination code
1248473,R05DB05|R06AB04,,BLANKED_NO_WHO_COMBO,none,WHO defines no dedicated combination code for this ingredient set
1248486,R05DB05|R06AB04,,BLANKED_NO_WHO_COMBO,none,WHO defines no dedicated combination code for this ingredient set
1248750,R05DB10|R06AB04,,BLANKED_NO_WHO_COMBO,none,WHO defines no dedicated combination code for this ingredient set
1249050,R05DB05|R06AB04,,BLANKED_NO_WHO_COMBO,none,WHO defines no dedicated combination code for this ingredient set
1250478,D04AA32|D08AE03|R06AA02,,BLANKED_NO_WHO_COMBO,none,WHO defines no dedicated combination code for this ingredient set
1250631,D08AJ01|D08AJ08|R02AA16,,BLANKED_NO_WHO_COMBO,none,WHO defines no dedicated combination code for this ingredient set
1250743,N02BE01|R01BA02|R05DA09,N07XX59,COLLAPSE_TO_COMBINATION,who_index_wildcard,3 ingredients -> single WHO combination code
1250974,R05DA04|R06AB04,R05FA02,COLLAPSE_TO_COMBINATION,curated,2 ingredients -> single WHO combination code
1250983,N02BE01|R05CA03|R05DA09|R06AB04,N07XX59,COLLAPSE_TO_COMBINATION,who_index_wildcard,4 ingredients -> single WHO combination code
1251031,R05CA03|R05DA09,R05FA02,COLLAPSE_TO_COMBINATION,curated,3 ingredients -> single WHO combination code
1251039,R05DA09|R06AB04,,BLANKED_NO_WHO_COMBO,ambiguous,WHO defines no dedicated combination code for this ingredient set
1251185,R05DA09|R06AB04,R05DA20,COLLAPSE_TO_COMBINATION,curated,3 ingredients -> single WHO combination code
1251296,R01BA02|R05CA03|R05DA09,R05FB02,COLLAPSE_TO_COMBINATION,curated,3 ingredients -> single WHO combination code
1251321,R01BA02|R06AE04,,BLANKED_NO_WHO_COMBO,none,WHO defines no dedicated combination code for this ingredient set
1251323,G03CA01|G03DC02,,BLANKED_NO_WHO_COMBO,none,WHO defines no dedicated combination code for this ingredient set
1251325,G03CA01|G03DC02,,BLANKED_NO_WHO_COMBO,none,WHO defines no dedicated combination code for this ingredient set
1251327,G03CA01|G03DC02,,BLANKED_NO_WHO_COMBO,none,WHO defines no dedicated combination code for this ingredient set
1251334,G03CA01|G03DC02,,BLANKED_NO_WHO_COMBO,none,WHO defines no dedicated combination code for this ingredient set
1251335,G03CA01|G03DC02,,BLANKED_NO_WHO_COMBO,none,WHO defines no dedicated combination code for this ingredient set
1251336,G03CA01|G03DC02,,BLANKED_NO_WHO_COMBO,none,WHO defines no dedicated combination code for this ingredient set
1251337,G03CA01|G03DC02,,BLANKED_NO_WHO_COMBO,none,WHO defines no dedicated combination code for this ingredient set
1251371,B05CA01|D08AJ03|D09AA07|R02AA06,,BLANKED_NO_WHO_COMBO,none,WHO defines no dedicated combination code for this ingredient set
1251401,R05CA03|R05DA09,R05FA02,COLLAPSE_TO_COMBINATION,curated,3 ingredients -> single WHO combination code
1251505,R05DA03|R06AB01,,BLANKED_NO_WHO_COMBO,none,WHO defines no dedicated combination code for this ingredient set
1251608,C05AD03|D04AB04|R02AD01,,BLANKED_NO_WHO_COMBO,none,WHO defines no dedicated combination code for this ingredient set
1251617,B05CA01|D08AJ03|D09AA07|R02AA06,,BLANKED_NO_WHO_COMBO,none,WHO defines no dedicated combination code for this ingredient set
1251619,B05CA01|D08AJ03|D09AA07|R02AA06,,BLANKED_NO_WHO_COMBO,none,WHO defines no dedicated combination code for this ingredient set
1251928,N02BE01|R01BA02|R06AB04,R01BA52,COLLAPSE_TO_COMBINATION,who_index_wildcard,3 ingredients -> single WHO combination code
1252016,G03AA09|G03AC09|G03CA01,G03AA09,COLLAPSE_TO_COMBINATION,current_cell,3 ingredients -> single WHO combination code
1291090,A01AC03|A07EA02|D07AA02|D07AB02|D07AB11|H02AB09|S01BA02,R01AD60,COLLAPSE_TO_COMBINATION,who_index_wildcard,2 ingredients -> single WHO combination code
1291101,A01AC03|A07EA02|D07AA02|D07AB02|D07AB11|H02AB09|S01BA02,R01AD60,COLLAPSE_TO_COMBINATION,who_index_wildcard,2 ingredients -> single WHO combination code
1291158,C05AD03|D04AB04|R02AD01,,BLANKED_NO_WHO_COMBO,none,WHO defines no dedicated combination code for this ingredient set
1291266,R05DA09|R06AB04,R05DA20,COLLAPSE_TO_COMBINATION,curated,3 ingredients -> single WHO combination code
1291363,B05CA01|D08AJ03|D09AA07|R02AA06,,BLANKED_NO_WHO_COMBO,none,WHO defines no dedicated combination code for this ingredient set
1291375,B05CA01|D08AJ03|D09AA07|R02AA06,,BLANKED_NO_WHO_COMBO,none,WHO defines no dedicated combination code for this ingredient set
1291383,A01AC03|A07EA02|D07AA02|D07AB02|D07AB11|H02AB09|S01BA02,R01AD60,COLLAPSE_TO_COMBINATION,who_index_wildcard,2 ingredients -> single WHO combination code
1291951,N02BE01|R01BA02|R05DA09,N07XX59,COLLAPSE_TO_COMBINATION,who_index_wildcard,3 ingredients -> single WHO combination code
1292314,C05AX04|D04AA32|R06AA02,,BLANKED_NO_WHO_COMBO,none,WHO defines no dedicated combination code for this ingredient set
1292321,D04AA32|R06AA02,R06AA52,COLLAPSE_TO_COMBINATION,who_index_wildcard,2 ingredients -> single WHO combination code
1292342,N02BE01|R05DA09|R06AB04,N07XX59,COLLAPSE_TO_COMBINATION,who_index_wildcard,3 ingredients -> single WHO combination code
1292443,J07BD01|J07BJ01|J07BK01,,BLANKED_NO_WHO_COMBO,none,WHO defines no dedicated combination code for this ingredient set
1292901,N02BE01|R01BA02|R05DA09,R05DA20,COLLAPSE_TO_COMBINATION,curated,3 ingredients -> single WHO combination code
1293344,N02BE01|R01BA02|R06AB04,R01BA52,COLLAPSE_TO_COMBINATION,who_index_wildcard,3 ingredients -> single WHO combination code
1293446,A12CB01|V03AB20,,BLANKED_NO_WHO_COMBO,none,WHO defines no dedicated combination code for this ingredient set
1293466,A12CB01|V03AB20,,BLANKED_NO_WHO_COMBO,none,WHO defines no dedicated combination code for this ingredient set
1293499,R01AA04|S01FB01|S01XA20,S01XA20,COLLAPSE_TO_COMBINATION,current_cell,2 ingredients -> single WHO combination code
1293628,C01CA24|D04AB01|N01BB02|R02AD02|S01EA01,D04AB01,COLLAPSE_TO_COMBINATION,curated,2 ingredients -> single WHO combination code
1293629,C05AD07|D04AB07,,BLANKED_NO_WHO_COMBO,none,WHO defines no dedicated combination code for this ingredient set
1293648,C01CA24|D04AB01|N01BB02|R02AD02|S01EA01,N01BB52,COLLAPSE_TO_COMBINATION,who_index_wildcard,2 ingredients -> single WHO combination code
1293649,A06AX01|R01AA04|S01FB01|S01XA20,S01XA20,COLLAPSE_TO_COMBINATION,current_cell,4 ingredients -> single WHO combination code
1293660,A01AC03|A07EA02|D07AA02|D07AB02|D07AB11|H02AB09|S01BA02,C05AA01,COLLAPSE_TO_COMBINATION,curated,2 ingredients -> single WHO combination code
1293706,N02BE01|R01BA02,R06AA52,COLLAPSE_TO_COMBINATION,who_index_wildcard,3 ingredients -> single WHO combination code
1293731,A01AC03|A07EA02|D07AA02|D07AB02|D07AB11|H02AB09|S01BA02,C05AA01,COLLAPSE_TO_COMBINATION,curated,2 ingredients -> single WHO combination code
1293739,A12CB01|V03AB20,,BLANKED_NO_WHO_COMBO,none,WHO defines no dedicated combination code for this ingredient set
1293834,A01AC03|A07EA02|D07AA02|D07AB02|D07AB11|H02AB09|S01BA02,C05AA01,COLLAPSE_TO_COMBINATION,curated,2 ingredients -> single WHO combination code
1293853,R01AA04|S01FB01|S01XA20,S01XA20,COLLAPSE_TO_COMBINATION,current_cell,2 ingredients -> single WHO combination code
1293854,R01AA04|S01FB01|S01XA20,S01XA20,COLLAPSE_TO_COMBINATION,current_cell,2 ingredients -> single WHO combination code
1293858,R01AA04|S01FB01|S01XA20,S01XA20,COLLAPSE_TO_COMBINATION,current_cell,2 ingredients -> single WHO combination code
1293962,B05CB02|R05CA03,,BLANKED_NO_WHO_COMBO,none,WHO defines no dedicated combination code for this ingredient set
1293974,A16AX05|D08AE05,,BLANKED_NO_WHO_COMBO,none,WHO defines no dedicated combination code for this ingredient set
1293987,C05AD07|D04AB07,,BLANKED_NO_WHO_COMBO,none,WHO defines no dedicated combination code for this ingredient set
1294019,N02BE01|R01BA02|R05CA03,R01BA52,COLLAPSE_TO_COMBINATION,who_index_wildcard,3 ingredients -> single WHO combination code
1294025,A01AC03|A07EA02|D07AA02|D07AB02|D07AB11|H02AB09|S01BA02,C05AX03,COLLAPSE_TO_COMBINATION,curated,2 ingredients -> single WHO combination code
1294201,N02BE01|R01BA02|R06AB04,R01BA52,COLLAPSE_TO_COMBINATION,who_index_wildcard,3 ingredients -> single WHO combination code
1294268,A16AX05|D08AE05,,BLANKED_NO_WHO_COMBO,none,WHO defines no dedicated combination code for this ingredient set
1294312,A16AX05|D08AE05,,BLANKED_NO_WHO_COMBO,none,WHO defines no dedicated combination code for this ingredient set
1294315,D08AJ01|D08AJ08|R02AA16,,BLANKED_NO_WHO_COMBO,none,WHO defines no dedicated combination code for this ingredient set
1294322,D04AA32|R01AA04|R06AA02|S01FB01|S01XA20,S01XA20,COLLAPSE_TO_COMBINATION,current_cell,2 ingredients -> single WHO combination code
1294348,D04AA32|R01AA04|R06AA02|S01FB01|S01XA20,S01XA20,COLLAPSE_TO_COMBINATION,current_cell,2 ingredients -> single WHO combination code
1294350,D04AA32|R01AA04|R06AA02|S01FB01|S01XA20,S01XA20,COLLAPSE_TO_COMBINATION,current_cell,2 ingredients -> single WHO combination code
1294356,R05DA04|R06AA01,,BLANKED_NO_WHO_COMBO,none,WHO defines no dedicated combination code for this ingredient set
1294365,D04AA32|R01AA04|R06AA02|S01FB01|S01XA20,S01XA20,COLLAPSE_TO_COMBINATION,current_cell,2 ingredients -> single WHO combination code
1294366,D04AA32|R01AA04|R06AA02|S01FB01|S01XA20,S01XA20,COLLAPSE_TO_COMBINATION,current_cell,2 ingredients -> single WHO combination code
1294381,D04AA32|D08AE03|R06AA02,,BLANKED_NO_WHO_COMBO,none,WHO defines no dedicated combination code for this ingredient set
1294391,N02BE01|R01BA01|R06AB04,,BLANKED_NO_WHO_COMBO,none,WHO defines no dedicated combination code for this ingredient set
1294436,D08AJ01|D08AJ08|R02AA16,,BLANKED_NO_WHO_COMBO,none,WHO defines no dedicated combination code for this ingredient set
1294468,N02BE01|R01BA02|R05DA09,R05DA20,COLLAPSE_TO_COMBINATION,curated,3 ingredients -> single WHO combination code
1294475,A07AA01|D06AX04|S01AA03,,BLANKED_NO_WHO_COMBO,none,WHO defines no dedicated combination code for this ingredient set
1294616,D04AA32|R06AA02,,BLANKED_NO_WHO_COMBO,none,WHO defines no dedicated combination code for this ingredient set
1297288,N02BE01|R05DA09|R06AA09,R05DA20,COLLAPSE_TO_COMBINATION,curated,4 ingredients -> single WHO combination code
1297366,R01BA02|R05DA03|R06AB04,R05DA20,COLLAPSE_TO_COMBINATION,curated,3 ingredients -> single WHO combination code
1297368,R01BA02|R05DA03|R06AB04,R05DA20,COLLAPSE_TO_COMBINATION,curated,3 ingredients -> single WHO combination code
1297390,R01BA02|R06AB04,M01AE51,COLLAPSE_TO_COMBINATION,who_index_wildcard,3 ingredients -> single WHO combination code
1297407,R01BA02|R05CA03|R05DA09,R05FB02,COLLAPSE_TO_COMBINATION,curated,3 ingredients -> single WHO combination code
1297564,D04AA32|R01AA04|R06AA02|S01FB01|S01XA20,S01XA20,COLLAPSE_TO_COMBINATION,current_cell,2 ingredients -> single WHO combination code
1297575,D04AA32|R01AA04|R06AA02|S01FB01|S01XA20,S01XA20,COLLAPSE_TO_COMBINATION,current_cell,2 ingredients -> single WHO combination code
1297956,D04AA32|R01AA04|R06AA02|S01FB01|S01XA20,S01XA20,COLLAPSE_TO_COMBINATION,current_cell,2 ingredients -> single WHO combination code
1298199,A11CC05|A11HA02|A11HA04|B03BA01|B03BB01,B03BB51,COLLAPSE_TO_COMBINATION,who_index_wildcard,5 ingredients -> single WHO combination code
1298226,R01BA02|R06AB02,R06AB52,COLLAPSE_TO_COMBINATION,who_index_wildcard,2 ingredients -> single WHO combination code
1298287,D04AA32|R06AA02,R06AA52,COLLAPSE_TO_COMBINATION,who_index_wildcard,2 ingredients -> single WHO combination code
1298329,R01BA02|R05CA03|R05DA09,R05FB02,COLLAPSE_TO_COMBINATION,curated,3 ingredients -> single WHO combination code
1298335,R01BA02|R05CA03|R05DA09,R05FB02,COLLAPSE_TO_COMBINATION,curated,3 ingredients -> single WHO combination code
1298339,R01BA02|R05CA03|R05DA09,R05FB02,COLLAPSE_TO_COMBINATION,curated,3 ingredients -> single WHO combination code
1298408,R01BA02|R05CA03,R05CA10,COLLAPSE_TO_COMBINATION,curated,2 ingredients -> single WHO combination code
1298411,R01BA02|R05CA03,R05CA10,COLLAPSE_TO_COMBINATION,curated,2 ingredients -> single WHO combination code
1298420,R01BA02|R05CA03,R05CA10,COLLAPSE_TO_COMBINATION,curated,2 ingredients -> single WHO combination code
1298433,R01BA02|R05DA09|R06AB02,,BLANKED_NO_WHO_COMBO,ambiguous,WHO defines no dedicated combination code for this ingredient set
1298439,R01BA02|R05CA03,R05CA10,COLLAPSE_TO_COMBINATION,curated,2 ingredients -> single WHO combination code
1298443,R01BA02|R05CA03,R01BA52,COLLAPSE_TO_COMBINATION,who_index_wildcard,2 ingredients -> single WHO combination code
1298453,R01BA02|R05CA03,R05CA10,COLLAPSE_TO_COMBINATION,curated,2 ingredients -> single WHO combination code
1298457,R01BA02|R05CA03|R05DA03,R05FA02,COLLAPSE_TO_COMBINATION,curated,3 ingredients -> single WHO combination code
1298742,B05CA01|D08AJ03|D09AA07|R02AA06,,BLANKED_NO_WHO_COMBO,none,WHO defines no dedicated combination code for this ingredient set
1299021,M01AE51|R01BA02,M01AE51,COLLAPSE_TO_COMBINATION,current_cell,2 ingredients -> single WHO combination code
1299141,R01AA04|S01FB01|S01XA20,S01XA20,COLLAPSE_TO_COMBINATION,current_cell,2 ingredients -> single WHO combination code
1299143,R01BA02|R06AB06,R06AB56,COLLAPSE_TO_COMBINATION,who_index_wildcard,2 ingredients -> single WHO combination code
1299145,R01AA04|S01FB01|S01XA20,S01XA20,COLLAPSE_TO_COMBINATION,current_cell,2 ingredients -> single WHO combination code
1299219,A01AB03|D08AC02|R02AA05,D08AC52,COLLAPSE_TO_COMBINATION,who_index_wildcard,2 ingredients -> single WHO combination code
1299244,R01BA02|R06AX13,R01BA52,COLLAPSE_TO_COMBINATION,who_index_wildcard,2 ingredients -> single WHO combination code
1299254,R01BA02|R05CA03|R05DB10,R05FB02,COLLAPSE_TO_COMBINATION,curated,3 ingredients -> single WHO combination code
1299646,N02BE01|R01BA02|R05DA09|R06AB04,R05DA20,COLLAPSE_TO_COMBINATION,curated,4 ingredients -> single WHO combination code
1299662,N02BE01|R01BA02|R05DA09|R06AB04,R05DA20,COLLAPSE_TO_COMBINATION,curated,4 ingredients -> single WHO combination code
1300017,R01BA02|R05CA03|R05DA09,R05FB02,COLLAPSE_TO_COMBINATION,curated,3 ingredients -> single WHO combination code
1300081,R01BA02|R06AB01,R01BA52,COLLAPSE_TO_COMBINATION,curated,2 ingredients -> single WHO combination code
1300082,R01BA02|R06AB01,R01BA52,COLLAPSE_TO_COMBINATION,curated,2 ingredients -> single WHO combination code
1300084,R01BA02|R06AB01,R01BA52,COLLAPSE_TO_COMBINATION,curated,2 ingredients -> single WHO combination code
1300085,R01BA02|R06AB01,R01BA52,COLLAPSE_TO_COMBINATION,curated,2 ingredients -> single WHO combination code
1300164,R05DA09|R06AB06,R05DA20,COLLAPSE_TO_COMBINATION,curated,3 ingredients -> single WHO combination code
1300191,J07AF01|J07AM01,,BLANKED_NO_WHO_COMBO,none,WHO defines no dedicated combination code for this ingredient set
1300195,R05DA09|R06AB06,R05DA20,COLLAPSE_TO_COMBINATION,curated,3 ingredients -> single WHO combination code
1300206,J07AF01|J07AM01,,BLANKED_NO_WHO_COMBO,none,WHO defines no dedicated combination code for this ingredient set
1300208,R01BA02|R06AB01,R01BA52,COLLAPSE_TO_COMBINATION,curated,2 ingredients -> single WHO combination code
1300211,R01BA02|R06AB01,R01BA52,COLLAPSE_TO_COMBINATION,curated,2 ingredients -> single WHO combination code
1300310,J07AF01|J07AM01,,BLANKED_NO_WHO_COMBO,none,WHO defines no dedicated combination code for this ingredient set
1300368,J07AF01|J07AM01,,BLANKED_NO_WHO_COMBO,none,WHO defines no dedicated combination code for this ingredient set
1300370,J07AF01|J07AM01,,BLANKED_NO_WHO_COMBO,none,WHO defines no dedicated combination code for this ingredient set
1300378,J07AF01|J07AM01,,BLANKED_NO_WHO_COMBO,none,WHO defines no dedicated combination code for this ingredient set
1300382,J07AF01|J07AM01,,BLANKED_NO_WHO_COMBO,none,WHO defines no dedicated combination code for this ingredient set
1300384,J07AF01|J07AM01,,BLANKED_NO_WHO_COMBO,none,WHO defines no dedicated combination code for this ingredient set
1300386,J07AF01|J07AM01,,BLANKED_NO_WHO_COMBO,none,WHO defines no dedicated combination code for this ingredient set
1300392,J07AF01|J07AM01,,BLANKED_NO_WHO_COMBO,none,WHO defines no dedicated combination code for this ingredient set
1300396,J07AF01|J07AM01,,BLANKED_NO_WHO_COMBO,none,WHO defines no dedicated combination code for this ingredient set
1300401,J07AF01|J07AM01,,BLANKED_NO_WHO_COMBO,none,WHO defines no dedicated combination code for this ingredient set
1300436,R05CA03|R05DB05,R05FB02,COLLAPSE_TO_COMBINATION,curated,2 ingredients -> single WHO combination code
1300437,R05CA03|R05DB05,R05FB02,COLLAPSE_TO_COMBINATION,curated,2 ingredients -> single WHO combination code
1300438,R05CA03|R05DB05,,BLANKED_NO_WHO_COMBO,none,WHO defines no dedicated combination code for this ingredient set
1301152,C05AD03|D04AB04|D08AJ01|D08AJ08|R02AA16|R02AD01,,BLANKED_NO_WHO_COMBO,none,WHO defines no dedicated combination code for this ingredient set
1302680,A11CA01|A11CC05,,BLANKED_NO_WHO_COMBO,none,WHO defines no dedicated combination code for this ingredient set
1303727,C05AD07|D04AB07|D06AX05|J01XX10|R02AB04,,BLANKED_NO_WHO_COMBO,none,WHO defines no dedicated combination code for this ingredient set
1303746,A16AA01|C01EB09,,BLANKED_NO_WHO_COMBO,none,WHO defines no dedicated combination code for this ingredient set
1303777,C05AD03|D04AB04|R02AD01,,BLANKED_NO_WHO_COMBO,none,WHO defines no dedicated combination code for this ingredient set
1303797,R05DA09|R06AB06,R05DA20,COLLAPSE_TO_COMBINATION,curated,3 ingredients -> single WHO combination code
1303845,R05CA03|R05DB10,,BLANKED_NO_WHO_COMBO,none,WHO defines no dedicated combination code for this ingredient set
1304105,R05DA09|R06AB01,R05DA20,COLLAPSE_TO_COMBINATION,curated,3 ingredients -> single WHO combination code
1304108,R01BA02|R05DA09,R05DA20,COLLAPSE_TO_COMBINATION,curated,2 ingredients -> single WHO combination code
1304503,A11CC05|A11DA01|A11GA01|A11HA01|A11HA02|A11HA04|B03BA01|B03BB01,B03BB51,COLLAPSE_TO_COMBINATION,who_index_wildcard,10 ingredients -> single WHO combination code
1304511,A11CC05|A11DA01|A11GA01|A11HA01|A11HA02|A11HA04|B03BA01|B03BB01,B03BB51,COLLAPSE_TO_COMBINATION,who_index_wildcard,15 ingredients -> single WHO combination code
1304564,A11CA01|A11CC05|A11DA01|A11GA01|A11HA01|A11HA02|A11HA04|A11HA05|B02BA01|B03BA01|B03BB01,B03BB51,COLLAPSE_TO_COMBINATION,who_index_wildcard,13 ingredients -> single WHO combination code
1304566,D01AE12|N02BA04,,BLANKED_NO_WHO_COMBO,none,WHO defines no dedicated combination code for this ingredient set
1304988,G03AC03|G03CA01,,BLANKED_NO_WHO_COMBO,none,WHO defines no dedicated combination code for this ingredient set
1305135,A11CC05|A11GA01|A11HA02|B03BB01,B03BB51,COLLAPSE_TO_COMBINATION,who_index_wildcard,9 ingredients -> single WHO combination code
1305137,A11CC05|A11GA01|A11HA02|B03BB01,B03BB51,COLLAPSE_TO_COMBINATION,who_index_wildcard,9 ingredients -> single WHO combination code
1305143,A11CC05|A11GA01|A11HA02|B03BB01,B03BB51,COLLAPSE_TO_COMBINATION,who_index_wildcard,9 ingredients -> single WHO combination code
1305205,A11CA01|A11CC01|A11DA01|A11GA01|A11HA01|A11HA02|A11HA04|A11HA05|B02BA01|B03BA01|B03BB01,B03BB51,COLLAPSE_TO_COMBINATION,who_index_wildcard,13 ingredients -> single WHO combination code
1305214,R05CA03|R05DA09,R05FA02,COLLAPSE_TO_COMBINATION,curated,3 ingredients -> single WHO combination code
1305222,A11CA01|A11CC05|A11DA01|A11GA01|A11HA01|A11HA02|A11HA04|A11HA05|B02BA01|B03BA01|B03BB01,B03BB51,COLLAPSE_TO_COMBINATION,who_index_wildcard,13 ingredients -> single WHO combination code
1305281,A11CC05|A11GA01|A11HA02|B03BB01,B03BB51,COLLAPSE_TO_COMBINATION,who_index_wildcard,9 ingredients -> single WHO combination code
1305459,R01BA02|R05CA03|R05DA09,R05FB02,COLLAPSE_TO_COMBINATION,curated,3 ingredients -> single WHO combination code
1305588,R01BA02|R06AB06|R06AB56,R06AB56,COLLAPSE_TO_COMBINATION,current_cell,2 ingredients -> single WHO combination code
1305595,R01BA02|R05CA03|R05DA09,R05FB02,COLLAPSE_TO_COMBINATION,curated,3 ingredients -> single WHO combination code
1305603,R01BA02|R05CA03,R01BA52,COLLAPSE_TO_COMBINATION,who_index_wildcard,2 ingredients -> single WHO combination code
1305606,R01BA02|R05CA03,R01BA52,COLLAPSE_TO_COMBINATION,who_index_wildcard,2 ingredients -> single WHO combination code
1305676,R01BA02|R05DB05,R05DB20,COLLAPSE_TO_COMBINATION,curated,2 ingredients -> single WHO combination code
1305766,R05DA09|R06AB01,N07XX59,COLLAPSE_TO_COMBINATION,who_index_wildcard,3 ingredients -> single WHO combination code
1305784,R01BA02|R05DA03,R01BA52,COLLAPSE_TO_COMBINATION,who_index_wildcard,2 ingredients -> single WHO combination code
1305786,R01BA02|R05DA03,R01BA52,COLLAPSE_TO_COMBINATION,who_index_wildcard,2 ingredients -> single WHO combination code
1305789,R01BA02|R05DB05,R05DB20,COLLAPSE_TO_COMBINATION,curated,2 ingredients -> single WHO combination code
1306298,J05AF07|J05AF09|J05AX11|V03AX03,J05AR09,COLLAPSE_TO_COMBINATION,min_property,4 ingredients -> single WHO combination code
1307073,R01BA02|R06AB04,R01BA52,COLLAPSE_TO_COMBINATION,curated,3 ingredients -> single WHO combination code
1307104,R05DA03|R06AB04,R05DA20,COLLAPSE_TO_COMBINATION,curated,3 ingredients -> single WHO combination code
1307167,R01BA02|R05CA03,R05CA10,COLLAPSE_TO_COMBINATION,curated,2 ingredients -> single WHO combination code
1307168,R01BA02|R05CA03,R05CA10,COLLAPSE_TO_COMBINATION,curated,2 ingredients -> single WHO combination code
1307226,R01BA02|R05CA03,R05CA10,COLLAPSE_TO_COMBINATION,curated,2 ingredients -> single WHO combination code
1307233,R01BA02|R05CA03,R05CA10,COLLAPSE_TO_COMBINATION,curated,2 ingredients -> single WHO combination code
1307235,R01BA02|R05CA03,R05CA10,COLLAPSE_TO_COMBINATION,curated,2 ingredients -> single WHO combination code
1307242,R01BA02|R05CA03,R05CA10,COLLAPSE_TO_COMBINATION,curated,2 ingredients -> single WHO combination code
1307247,R01BA02|R05CA03,R05CA10,COLLAPSE_TO_COMBINATION,curated,2 ingredients -> single WHO combination code
1307253,R01BA02|R05CA03|R05DA09,R05FB02,COLLAPSE_TO_COMBINATION,curated,3 ingredients -> single WHO combination code
1307267,R01BA01|R05CA03,R05CA10,COLLAPSE_TO_COMBINATION,curated,2 ingredients -> single WHO combination code
1308438,R05DA04|R06AB01,R05DA20,COLLAPSE_TO_COMBINATION,curated,2 ingredients -> single WHO combination code
1308440,R05DA04|R06AB01,R05DA20,COLLAPSE_TO_COMBINATION,curated,2 ingredients -> single WHO combination code
1308445,R01BA02|R05CA03|R05DA09,R05FB02,COLLAPSE_TO_COMBINATION,curated,3 ingredients -> single WHO combination code
1308448,R01BA02|R05CA03|R05DA09,R05FB02,COLLAPSE_TO_COMBINATION,curated,3 ingredients -> single WHO combination code
1309062,N02BE01|R05CA03,N02BE51,COLLAPSE_TO_COMBINATION,curated,3 ingredients -> single WHO combination code
1309308,J01EC02|P01BD01,P01BD51,COLLAPSE_TO_COMBINATION,who_index_wildcard,2 ingredients -> single WHO combination code
1310627,R05DA09|R06AB04,R05DA20,COLLAPSE_TO_COMBINATION,curated,3 ingredients -> single WHO combination code
1310718,A11HA01|A11HA02|B03BB01,B03BB51,COLLAPSE_TO_COMBINATION,who_index_wildcard,6 ingredients -> single WHO combination code
1312496,D08AG02|D09AA09|D11AC06|G01AX11|R02AA15,,BLANKED_NO_WHO_COMBO,none,WHO defines no dedicated combination code for this ingredient set
1313294,R05CA03|R05DA03,R05FA02,COLLAPSE_TO_COMBINATION,curated,3 ingredients -> single WHO combination code
1313298,R01BA02|R05DA09,R05DA20,COLLAPSE_TO_COMBINATION,curated,2 ingredients -> single WHO combination code
1313969,N02BE01|R06AB04,,BLANKED_NO_WHO_COMBO,ambiguous,WHO defines no dedicated combination code for this ingredient set
1314141,D04AB01|N01BB02|R01AA04|R02AD02|S01FB01|S01XA20,S01XA20,COLLAPSE_TO_COMBINATION,current_cell,2 ingredients -> single WHO combination code
1314399,A11DA01|A11HA01|A11HA02|A11HA04|B03BA01,,BLANKED_NO_WHO_COMBO,none,WHO defines no dedicated combination code for this ingredient set
1314400,R01BA02|R05CA03,R05CA10,COLLAPSE_TO_COMBINATION,curated,2 ingredients -> single WHO combination code
1314403,R01BA02|R05CA03,R05CA10,COLLAPSE_TO_COMBINATION,curated,2 ingredients -> single WHO combination code
1314626,A11DA01|A11HA01|A11HA02|A11HA04|B03BA01,,BLANKED_NO_WHO_COMBO,none,WHO defines no dedicated combination code for this ingredient set
1314636,A11DA01|A11HA01|A11HA02|A11HA04|B03BA01,,BLANKED_NO_WHO_COMBO,none,WHO defines no dedicated combination code for this ingredient set
1314654,A11DA01|A11HA01|A11HA02|A11HA04|A12CB01|B03BA01|B03BB01|V03AB20,B03BB51,COLLAPSE_TO_COMBINATION,who_index_wildcard,13 ingredients -> single WHO combination code
1314779,R01AA04|S01FB01|S01XA20,S01XA20,COLLAPSE_TO_COMBINATION,current_cell,2 ingredients -> single WHO combination code
1356310,R01BA02|R05CA03,R05CA10,COLLAPSE_TO_COMBINATION,curated,2 ingredients -> single WHO combination code
1356311,R01BA02|R05CA03,R05CA10,COLLAPSE_TO_COMBINATION,curated,2 ingredients -> single WHO combination code
1356330,C05AX04|N01BX04,,BLANKED_NO_WHO_COMBO,none,WHO defines no dedicated combination code for this ingredient set
1356346,R01BA02|R05CA03,R05CA10,COLLAPSE_TO_COMBINATION,curated,2 ingredients -> single WHO combination code
1356349,R01BA02|R05CA03,R05CA10,COLLAPSE_TO_COMBINATION,curated,2 ingredients -> single WHO combination code
1356350,R01BA02|R05CA03,R05CA10,COLLAPSE_TO_COMBINATION,curated,2 ingredients -> single WHO combination code
1356495,C05AD03|D04AB04|D08AE03|R02AD01,,BLANKED_NO_WHO_COMBO,none,WHO defines no dedicated combination code for this ingredient set
1356500,C05AD03|D04AB04|D08AE03|R02AD01,,BLANKED_NO_WHO_COMBO,none,WHO defines no dedicated combination code for this ingredient set
1356524,P02BA01|P02CC01,,BLANKED_NO_WHO_COMBO,none,WHO defines no dedicated combination code for this ingredient set
1356525,R01BA02|R05CA03,R05CA10,COLLAPSE_TO_COMBINATION,curated,2 ingredients -> single WHO combination code
1356527,P02BA01|P02CC01,,BLANKED_NO_WHO_COMBO,none,WHO defines no dedicated combination code for this ingredient set
1356529,P02BA01|P02CC01,,BLANKED_NO_WHO_COMBO,none,WHO defines no dedicated combination code for this ingredient set
1356531,P02BA01|P02CC01,,BLANKED_NO_WHO_COMBO,none,WHO defines no dedicated combination code for this ingredient set
1356775,N02BE01|R01BA02|R05CA03,,BLANKED_NO_WHO_COMBO,none,WHO defines no dedicated combination code for this ingredient set
1356778,R01BA02|R05CA03|R05DA09,R05FB02,COLLAPSE_TO_COMBINATION,curated,3 ingredients -> single WHO combination code
1356781,R01BA02|R05CA03,R05CA10,COLLAPSE_TO_COMBINATION,curated,2 ingredients -> single WHO combination code
1356786,R01BA02|R05CA03,R05CA10,COLLAPSE_TO_COMBINATION,curated,2 ingredients -> single WHO combination code
1356799,R05DA04|R06AB01,R06AB51,COLLAPSE_TO_COMBINATION,who_index_wildcard,3 ingredients -> single WHO combination code
1356802,R05DA04|R06AB01,R06AB51,COLLAPSE_TO_COMBINATION,who_index_wildcard,2 ingredients -> single WHO combination code
1356803,D04AB01|N01BB02|N01BX04|R02AD02,N01BB52,COLLAPSE_TO_COMBINATION,who_index_wildcard,4 ingredients -> single WHO combination code
1356806,R05DA04|R06AB01,R06AB51,COLLAPSE_TO_COMBINATION,who_index_wildcard,3 ingredients -> single WHO combination code
1356809,R05DA04|R06AB01,R06AB51,COLLAPSE_TO_COMBINATION,who_index_wildcard,2 ingredients -> single WHO combination code
1356812,R01BA02|R05DA09|R06AB01,R05DA20,COLLAPSE_TO_COMBINATION,curated,3 ingredients -> single WHO combination code
1356835,R01BA02|R05DA03|R06AB01,R06AB51,COLLAPSE_TO_COMBINATION,who_index_wildcard,3 ingredients -> single WHO combination code
1356837,R01BA02|R05DA03|R06AB01,R06AB51,COLLAPSE_TO_COMBINATION,who_index_wildcard,3 ingredients -> single WHO combination code
1356838,R01BA02|R05DA09|R06AB01,R05DA20,COLLAPSE_TO_COMBINATION,curated,3 ingredients -> single WHO combination code
1356866,R01BA02|R06AB01,R01BA52,COLLAPSE_TO_COMBINATION,curated,2 ingredients -> single WHO combination code
1356901,R05DA09|R06AB01,N07XX59,COLLAPSE_TO_COMBINATION,who_index_wildcard,3 ingredients -> single WHO combination code
1357010,R01BA02|R05DA09|R06AB01,R05DA20,COLLAPSE_TO_COMBINATION,curated,3 ingredients -> single WHO combination code
1357402,R01BA01|R05DA04|R06AB01,R06AB51,COLLAPSE_TO_COMBINATION,who_index_wildcard,3 ingredients -> single WHO combination code
1357404,R01BA01|R05DA04|R06AB01,,BLANKED_NO_WHO_COMBO,none,WHO defines no dedicated combination code for this ingredient set
1357405,R01BA01|R06AB01,R01BA51,COLLAPSE_TO_COMBINATION,curated,2 ingredients -> single WHO combination code
1357408,R01BA01|R06AB01,R01BA51,COLLAPSE_TO_COMBINATION,curated,2 ingredients -> single WHO combination code
1357422,R01BA01|R05DA09|R06AB01,,BLANKED_NO_WHO_COMBO,ambiguous,WHO defines no dedicated combination code for this ingredient set
1357425,R01BA01|R06AB01,R01BA51,COLLAPSE_TO_COMBINATION,curated,2 ingredients -> single WHO combination code
1357428,R01BA01|R06AB01,R01BA51,COLLAPSE_TO_COMBINATION,curated,2 ingredients -> single WHO combination code
1357548,N02BE01|R01BA02|R05DA09|R06AB01,,BLANKED_NO_WHO_COMBO,none,WHO defines no dedicated combination code for this ingredient set
1357573,R01BA01|R06AB01,R01BA51,COLLAPSE_TO_COMBINATION,curated,2 ingredients -> single WHO combination code
1357859,R01BA01|R05DA09|R06AB01,,BLANKED_NO_WHO_COMBO,none,WHO defines no dedicated combination code for this ingredient set
1357894,R05DA09|R06AB04,R05DA20,COLLAPSE_TO_COMBINATION,curated,3 ingredients -> single WHO combination code
1357901,R05CA03|R05DA09|R06AB04,N07XX59,COLLAPSE_TO_COMBINATION,who_index_wildcard,4 ingredients -> single WHO combination code
1357905,R05CA03|R05DA09,R05FA02,COLLAPSE_TO_COMBINATION,curated,3 ingredients -> single WHO combination code
1357936,R01BA02|R05DB05,R01BA52,COLLAPSE_TO_COMBINATION,who_index_wildcard,3 ingredients -> single WHO combination code
1357938,R01BA02|R05DB05,R01BA52,COLLAPSE_TO_COMBINATION,who_index_wildcard,3 ingredients -> single WHO combination code
1357940,R05DA03|R06AB02,R05DA20,COLLAPSE_TO_COMBINATION,curated,3 ingredients -> single WHO combination code
1357942,R05DA03|R06AB02,R05DA20,COLLAPSE_TO_COMBINATION,curated,3 ingredients -> single WHO combination code
1357943,R05CA03|R05DA09,R05DA20,COLLAPSE_TO_COMBINATION,curated,3 ingredients -> single WHO combination code
1358165,R05DB10|R06AE04,R05DB20,COLLAPSE_TO_COMBINATION,curated,2 ingredients -> single WHO combination code
1358377,R01BA02|R05CA03,R01BA52,COLLAPSE_TO_COMBINATION,who_index_wildcard,2 ingredients -> single WHO combination code
1358384,R01BA02|R05CA03,R01BA52,COLLAPSE_TO_COMBINATION,who_index_wildcard,2 ingredients -> single WHO combination code
1358429,R01BA02|R05CA03,R05CA10,COLLAPSE_TO_COMBINATION,curated,2 ingredients -> single WHO combination code
1358432,R01BA02|R05CA03,R05CA10,COLLAPSE_TO_COMBINATION,curated,2 ingredients -> single WHO combination code
1358435,R01BA01|R05CA03|R05DA09,R01BA51,COLLAPSE_TO_COMBINATION,who_index_wildcard,3 ingredients -> single WHO combination code
1358438,R01BA02|R05CA03|R05DA09,R05FB02,COLLAPSE_TO_COMBINATION,curated,3 ingredients -> single WHO combination code
1358441,R01BA02|R05CA03|R05DA09,R05FB02,COLLAPSE_TO_COMBINATION,curated,3 ingredients -> single WHO combination code
1358452,R01BA02|R05CA03,R05CA10,COLLAPSE_TO_COMBINATION,curated,2 ingredients -> single WHO combination code
1358455,R01BA02|R05CA03,R05CA10,COLLAPSE_TO_COMBINATION,curated,2 ingredients -> single WHO combination code
1358460,R01BA02|R05CA03|R05DA09,R05FB02,COLLAPSE_TO_COMBINATION,curated,3 ingredients -> single WHO combination code
1358463,R01BA02|R05CA03|R05DA09,R05FB02,COLLAPSE_TO_COMBINATION,curated,3 ingredients -> single WHO combination code
1358620,R05CA03|R05DA09,R05FA02,COLLAPSE_TO_COMBINATION,curated,3 ingredients -> single WHO combination code
1358623,R01BA02|R05CA03|R05DA09,R05FB02,COLLAPSE_TO_COMBINATION,curated,3 ingredients -> single WHO combination code
1358630,R01BA01|R05CA03,R05CA10,COLLAPSE_TO_COMBINATION,curated,2 ingredients -> single WHO combination code
1358704,R01BA02|R05CA03|R05DA09,R05FB02,COLLAPSE_TO_COMBINATION,curated,3 ingredients -> single WHO combination code
1358711,R01BA02|R05CA03|R05DA09,R05FB02,COLLAPSE_TO_COMBINATION,curated,3 ingredients -> single WHO combination code
1358714,R01BA02|R05CA03|R05DA09,R05FB02,COLLAPSE_TO_COMBINATION,curated,3 ingredients -> single WHO combination code
1358753,R01BA02|R05DA03|R06AB04,R05DA20,COLLAPSE_TO_COMBINATION,curated,3 ingredients -> single WHO combination code
1358756,R01BA02|R05DA03|R06AB04,R05DA20,COLLAPSE_TO_COMBINATION,curated,3 ingredients -> single WHO combination code
1358759,R01BA02|R05DA03|R06AB04,R05DA20,COLLAPSE_TO_COMBINATION,curated,3 ingredients -> single WHO combination code
1358843,R01AA04|S01FB01|S01XA20,S01XA20,COLLAPSE_TO_COMBINATION,current_cell,2 ingredients -> single WHO combination code
1358993,R01BA02|R05DA09|R06AB01,R05DA20,COLLAPSE_TO_COMBINATION,curated,3 ingredients -> single WHO combination code
1358997,R01BA02|R05DA09|R06AB01,R05DA20,COLLAPSE_TO_COMBINATION,curated,3 ingredients -> single WHO combination code
1359013,R01BA01|R05DA04|R06AB01,,BLANKED_NO_WHO_COMBO,none,WHO defines no dedicated combination code for this ingredient set
1359015,R01BA01|R05DA04|R06AB01,,BLANKED_NO_WHO_COMBO,none,WHO defines no dedicated combination code for this ingredient set
1359017,R01BA01|R05DA04|R06AB01,,BLANKED_NO_WHO_COMBO,none,WHO defines no dedicated combination code for this ingredient set
1359114,R01BA02|R05DA09|R06AB04,R05DA20,COLLAPSE_TO_COMBINATION,curated,3 ingredients -> single WHO combination code
1359126,G03CA03|G03CA53,G03CA53,COLLAPSE_TO_COMBINATION,current_cell,2 ingredients -> single WHO combination code
1359127,G03CA03|G03CA53,G03CA53,COLLAPSE_TO_COMBINATION,current_cell,2 ingredients -> single WHO combination code
1359128,G03CA03|G03CA53,G03CA53,COLLAPSE_TO_COMBINATION,current_cell,2 ingredients -> single WHO combination code
1359129,G03CA03|G03CA53,G03CA53,COLLAPSE_TO_COMBINATION,current_cell,2 ingredients -> single WHO combination code
1359141,N02BE01|R01BA02|R05CA03|R05DA04,R05FA02,COLLAPSE_TO_COMBINATION,curated,4 ingredients -> single WHO combination code
1359148,N02BE01|R01BA02|R05CA03|R05DA04,R05FA02,COLLAPSE_TO_COMBINATION,curated,4 ingredients -> single WHO combination code
1359154,N02BE01|R01BA02|R05CA03|R05DA09,R05FA02,COLLAPSE_TO_COMBINATION,curated,4 ingredients -> single WHO combination code
1359345,A07AA01|D06AX04|S01AA03,A07AA51,COLLAPSE_TO_COMBINATION,who_index_wildcard,4 ingredients -> single WHO combination code
1359347,A07AA01|D06AX04|S01AA03,A07AA51,COLLAPSE_TO_COMBINATION,who_index_wildcard,4 ingredients -> single WHO combination code
1359349,A07AA01|D06AX04|S01AA03,A07AA51,COLLAPSE_TO_COMBINATION,who_index_wildcard,4 ingredients -> single WHO combination code
1359350,A07AA01|D06AX04|S01AA03,A07AA51,COLLAPSE_TO_COMBINATION,who_index_wildcard,4 ingredients -> single WHO combination code
1359356,A07AA01|D06AX04|S01AA03,A07AA51,COLLAPSE_TO_COMBINATION,who_index_wildcard,4 ingredients -> single WHO combination code
1359359,A07AA05|C05AD07|D04AB07|D06AX05|J01XB02|J01XX10|R02AB04|S01AA18|S02AA11|S03AA03,,BLANKED_NO_WHO_COMBO,none,WHO defines no dedicated combination code for this ingredient set
1359363,A07AA01|D06AX04|S01AA03,A07AA51,COLLAPSE_TO_COMBINATION,who_index_wildcard,3 ingredients -> single WHO combination code
1359455,N02BE01|R05DA09,R05DA20,COLLAPSE_TO_COMBINATION,curated,2 ingredients -> single WHO combination code
1360638,R05DA09|R06AA09,R05DA20,COLLAPSE_TO_COMBINATION,curated,2 ingredients -> single WHO combination code
1360733,R01AA04|S01FB01|S01XA20,S01XA20,COLLAPSE_TO_COMBINATION,current_cell,2 ingredients -> single WHO combination code
1360954,A01AC03|A07EA02|D07AA02|D07AB02|D07AB11|H02AB09|S01BA02,C05AX03,COLLAPSE_TO_COMBINATION,curated,2 ingredients -> single WHO combination code
1361021,C04AB01|V03AB36,,BLANKED_NO_WHO_COMBO,none,WHO defines no dedicated combination code for this ingredient set
1361023,C04AB01|V03AB36,,BLANKED_NO_WHO_COMBO,none,WHO defines no dedicated combination code for this ingredient set
1361698,R01BA02|R05DB10|R06AE04,,BLANKED_NO_WHO_COMBO,none,WHO defines no dedicated combination code for this ingredient set
1361704,R05DB10|R06AE04,R05DB20,COLLAPSE_TO_COMBINATION,curated,2 ingredients -> single WHO combination code
1362206,R01BA02|R05CA03|R05DA09,R05FB02,COLLAPSE_TO_COMBINATION,curated,3 ingredients -> single WHO combination code
1362211,A01AC03|A07EA02|D07AA02|D07AB02|D07AB11|H02AB09|S01BA02,C05AX03,COLLAPSE_TO_COMBINATION,curated,2 ingredients -> single WHO combination code
1362213,A01AC03|A07EA02|D07AA02|D07AB02|D07AB11|H02AB09|S01BA02,C05AA01,COLLAPSE_TO_COMBINATION,curated,2 ingredients -> single WHO combination code
1362221,A01AC03|A07EA02|D07AA02|D07AB02|D07AB11|H02AB09|S01BA02,C05AA01,COLLAPSE_TO_COMBINATION,curated,2 ingredients -> single WHO combination code
1362223,A01AC03|A07EA02|D07AA02|D07AB02|D07AB11|H02AB09|S01BA02,C05AA01,COLLAPSE_TO_COMBINATION,curated,2 ingredients -> single WHO combination code
1362234,R05CA03|R05DA09,R05DA20,COLLAPSE_TO_COMBINATION,curated,3 ingredients -> single WHO combination code
1362704,C05AD03|D04AB04|R02AD01,,BLANKED_NO_WHO_COMBO,none,WHO defines no dedicated combination code for this ingredient set
1362791,R05DA03|R06AB02,R05DA20,COLLAPSE_TO_COMBINATION,curated,3 ingredients -> single WHO combination code
1363011,R01BA02|R06AB01,R01BA52,COLLAPSE_TO_COMBINATION,curated,2 ingredients -> single WHO combination code
1363027,R01BA02|R06AB01,R01BA52,COLLAPSE_TO_COMBINATION,curated,2 ingredients -> single WHO combination code
1363034,R01BA02|R06AB04,R01BA52,COLLAPSE_TO_COMBINATION,curated,3 ingredients -> single WHO combination code
1363223,R01BA02|R05CA03,R05CA10,COLLAPSE_TO_COMBINATION,curated,2 ingredients -> single WHO combination code
1363371,R01BA02|R05CA03,R05CA10,COLLAPSE_TO_COMBINATION,curated,2 ingredients -> single WHO combination code
1363507,N02BE01|R06AB06,,BLANKED_NO_WHO_COMBO,none,WHO defines no dedicated combination code for this ingredient set
1363513,R01BA02|R06AB06,R06AB56,COLLAPSE_TO_COMBINATION,who_index_wildcard,2 ingredients -> single WHO combination code
1363752,R05DA09|R06AB04,R05DA20,COLLAPSE_TO_COMBINATION,curated,3 ingredients -> single WHO combination code
1363777,R01AA04|S01FB01|S01XA20,S01XA20,COLLAPSE_TO_COMBINATION,current_cell,2 ingredients -> single WHO combination code
1363785,R01AA04|S01FB01|S01XA20,S01XA20,COLLAPSE_TO_COMBINATION,current_cell,2 ingredients -> single WHO combination code
1363795,R01AA04|S01FB01|S01XA20,S01XA20,COLLAPSE_TO_COMBINATION,current_cell,2 ingredients -> single WHO combination code
1364854,A11CA01|A11DA01|A11GA01|A11HA03|A11HA04|B03BA01|B03BB01,B03BB51,COLLAPSE_TO_COMBINATION,who_index_wildcard,11 ingredients -> single WHO combination code
1364855,A11CA01|A11DA01|A11GA01|A11HA03|A11HA04|B03BA01|B03BB01,B03BB51,COLLAPSE_TO_COMBINATION,who_index_wildcard,11 ingredients -> single WHO combination code
1364903,R01BA02|R06AB01,R01BA52,COLLAPSE_TO_COMBINATION,curated,2 ingredients -> single WHO combination code
1364914,R05CA03|R05DA09,R05FA02,COLLAPSE_TO_COMBINATION,curated,3 ingredients -> single WHO combination code
1364916,R01BA02|R05DA09|R06AB01,R05DA20,COLLAPSE_TO_COMBINATION,curated,3 ingredients -> single WHO combination code
1364919,R01BA02|R05CA03|R05DA09,R01BA52,COLLAPSE_TO_COMBINATION,who_index_wildcard,3 ingredients -> single WHO combination code
1364920,R01BA02|R05CA03,R01BA52,COLLAPSE_TO_COMBINATION,who_index_wildcard,2 ingredients -> single WHO combination code
1365980,A11CA01|A11CC05|A11GA01,A01AA51,COLLAPSE_TO_COMBINATION,who_index_wildcard,4 ingredients -> single WHO combination code
1365984,A11CA01|A11CC05|A11GA01,A01AA51,COLLAPSE_TO_COMBINATION,who_index_wildcard,4 ingredients -> single WHO combination code
1366149,A11CC05|A11HA03,,BLANKED_NO_WHO_COMBO,none,WHO defines no dedicated combination code for this ingredient set
1366206,G04BX13|M02AX03,,BLANKED_NO_WHO_COMBO,none,WHO defines no dedicated combination code for this ingredient set
1366825,N02BE01|R01BA02|R05DA09|R06AB04,R05DA20,COLLAPSE_TO_COMBINATION,curated,4 ingredients -> single WHO combination code
1366873,R01BA02|R05DA03,R05DA20,COLLAPSE_TO_COMBINATION,curated,2 ingredients -> single WHO combination code
1366875,R01BA02|R05DA03,R05DA20,COLLAPSE_TO_COMBINATION,curated,2 ingredients -> single WHO combination code
1366879,R01BA02|R05DA03|R06AB04,R05DA20,COLLAPSE_TO_COMBINATION,curated,3 ingredients -> single WHO combination code
1367204,N02BE01|R05CA03|R05DA09,N07XX59,COLLAPSE_TO_COMBINATION,who_index_wildcard,4 ingredients -> single WHO combination code
1367206,N02BE01|R05CA03,N02BE51,COLLAPSE_TO_COMBINATION,curated,3 ingredients -> single WHO combination code
1367211,N02BE01|N06BC01,,BLANKED_NO_WHO_COMBO,none,WHO defines no dedicated combination code for this ingredient set
1367225,R05CA03|R06AB04,,BLANKED_NO_WHO_COMBO,ambiguous,WHO defines no dedicated combination code for this ingredient set
1367315,R05CA03|R05DA09,R05DA20,COLLAPSE_TO_COMBINATION,curated,3 ingredients -> single WHO combination code
1367316,R05CA03|R05DA09,R05DA20,COLLAPSE_TO_COMBINATION,curated,3 ingredients -> single WHO combination code
1367318,R05CA03|R05DA09,R05DA20,COLLAPSE_TO_COMBINATION,curated,3 ingredients -> single WHO combination code
1367320,R01BA02|R05CA03,R05CA10,COLLAPSE_TO_COMBINATION,curated,2 ingredients -> single WHO combination code
1367381,R01BA02|R06AX12,R01BA52,COLLAPSE_TO_COMBINATION,curated,2 ingredients -> single WHO combination code
1367383,R01BA02|R06AX12,R01BA52,COLLAPSE_TO_COMBINATION,curated,2 ingredients -> single WHO combination code
1367420,B02BC06|B02BD30,,BLANKED_NO_WHO_COMBO,none,WHO defines no dedicated combination code for this ingredient set
1367691,G03CA01|G03DC02,,BLANKED_NO_WHO_COMBO,none,WHO defines no dedicated combination code for this ingredient set
1367702,D01AC01|D06AX07|D07AC01|H02AB01|S01BA06|S03AA06|S03BA03,,BLANKED_NO_WHO_COMBO,none,WHO defines no dedicated combination code for this ingredient set
1368280,A01AB11|A01AC01|A07AA01|A07AA02|D01AA01|D06AX04|H02AB08|R01AD11|S01AA03,,BLANKED_NO_WHO_COMBO,ambiguous,WHO defines no dedicated combination code for this ingredient set
1368963,R05DB10|R06AB04,,BLANKED_NO_WHO_COMBO,none,WHO defines no dedicated combination code for this ingredient set
1369397,R01BA02|R05CA03|R05DB10,R05FB02,COLLAPSE_TO_COMBINATION,curated,3 ingredients -> single WHO combination code
1369403,R05DB10|R06AB06,R06AB56,COLLAPSE_TO_COMBINATION,who_index_wildcard,3 ingredients -> single WHO combination code
1369420,R01BA02|R05DB10,R01BA52,COLLAPSE_TO_COMBINATION,who_index_wildcard,2 ingredients -> single WHO combination code
1369424,R01BA02|R05DB10|R06AB02,R06AB52,COLLAPSE_TO_COMBINATION,who_index_wildcard,3 ingredients -> single WHO combination code
1369746,A11CC05|A11GA01|A11HA02|B03BB01,B03BB51,COLLAPSE_TO_COMBINATION,who_index_wildcard,9 ingredients -> single WHO combination code
1369753,R01BA02|R06AX13,R01BA52,COLLAPSE_TO_COMBINATION,who_index_wildcard,2 ingredients -> single WHO combination code
1369756,R01BA02|R06AX13,R01BA52,COLLAPSE_TO_COMBINATION,who_index_wildcard,2 ingredients -> single WHO combination code
1369775,M01AE01|M01AE14|M02AA13|R01AA04|S01FB01|S01XA20,S01XA20,COLLAPSE_TO_COMBINATION,current_cell,2 ingredients -> single WHO combination code
1369801,N02BE01|R05DA09,N02BE51,COLLAPSE_TO_COMBINATION,curated,3 ingredients -> single WHO combination code
1369842,N02BE01|R05CA03|R05DA09,N07XX59,COLLAPSE_TO_COMBINATION,who_index_wildcard,4 ingredients -> single WHO combination code
1369927,N02BE01|R01BA02|R05DA09,N07XX59,COLLAPSE_TO_COMBINATION,who_index_wildcard,3 ingredients -> single WHO combination code
1369963,N02BE01|R01BA02|R05DA09,R05DA20,COLLAPSE_TO_COMBINATION,curated,3 ingredients -> single WHO combination code
1369971,R01BA02|R05DB10|R06AB02,R06AB52,COLLAPSE_TO_COMBINATION,who_index_wildcard,3 ingredients -> single WHO combination code
1369972,R01BA02|R05DB10|R06AB02,R06AB52,COLLAPSE_TO_COMBINATION,who_index_wildcard,3 ingredients -> single WHO combination code
1370002,R01AA04|S01FB01|S01XA20,S01XA20,COLLAPSE_TO_COMBINATION,current_cell,2 ingredients -> single WHO combination code
1370113,N02BE01|R05DA09,R05DA20,COLLAPSE_TO_COMBINATION,curated,2 ingredients -> single WHO combination code
1370119,N02BE01|R01BA02|R05DA09,R05DA20,COLLAPSE_TO_COMBINATION,curated,3 ingredients -> single WHO combination code
1370122,R05DA09|R06AB04,R05DA20,COLLAPSE_TO_COMBINATION,curated,3 ingredients -> single WHO combination code
1370125,R05DA09|R06AB04,R05DA20,COLLAPSE_TO_COMBINATION,curated,2 ingredients -> single WHO combination code
1370205,R05CA03|R05DA09,R05FA02,COLLAPSE_TO_COMBINATION,curated,3 ingredients -> single WHO combination code
1370222,R01BA02|R05CA03|R05DA09,R05FB02,COLLAPSE_TO_COMBINATION,curated,3 ingredients -> single WHO combination code
1370963,R01BA02|R06AB06,R06AB56,COLLAPSE_TO_COMBINATION,who_index_wildcard,2 ingredients -> single WHO combination code
1371196,R05DA09|R06AA09,R05DA20,COLLAPSE_TO_COMBINATION,curated,2 ingredients -> single WHO combination code
1371365,A01AB03|D01AC08|D08AC02|J02AB02|R02AA05,D08AC52,COLLAPSE_TO_COMBINATION,who_index_wildcard,2 ingredients -> single WHO combination code
1372265,R05DA03|R06AB04,R05DA20,COLLAPSE_TO_COMBINATION,curated,2 ingredients -> single WHO combination code
1372451,R05CA03|R05DA09,R05FA02,COLLAPSE_TO_COMBINATION,curated,3 ingredients -> single WHO combination code
1372459,R05CA03|R05DA09,R05FA02,COLLAPSE_TO_COMBINATION,curated,3 ingredients -> single WHO combination code
1372652,R05CA03|R05DA09,R05FA02,COLLAPSE_TO_COMBINATION,curated,3 ingredients -> single WHO combination code
1372873,R05DA03|R06AB04,R05DA20,COLLAPSE_TO_COMBINATION,curated,2 ingredients -> single WHO combination code
1372890,A01AC03|A07EA02|D07AA02|D07AB02|D07AB11|D08AE03|H02AB09|S01BA02,R01AD60,COLLAPSE_TO_COMBINATION,who_index_wildcard,2 ingredients -> single WHO combination code
1373011,V03AN01|V03AN03,,BLANKED_NO_WHO_COMBO,none,WHO defines no dedicated combination code for this ingredient set
1373503,G03AA07|G03CA01,G03AA07,COLLAPSE_TO_COMBINATION,current_cell,2 ingredients -> single WHO combination code
1373504,G03AA07|G03CA01,G03AA07,COLLAPSE_TO_COMBINATION,current_cell,2 ingredients -> single WHO combination code
1375110,R05DB05|R06AB02,,BLANKED_NO_WHO_COMBO,none,WHO defines no dedicated combination code for this ingredient set
1375125,R01BA02|R05DB05,,BLANKED_NO_WHO_COMBO,none,WHO defines no dedicated combination code for this ingredient set
1376380,C05AD03|D04AB04|D08AJ01|D08AJ08|R02AA16|R02AD01,,BLANKED_NO_WHO_COMBO,none,WHO defines no dedicated combination code for this ingredient set
1420997,D04AA32|R06AA02,,BLANKED_NO_WHO_COMBO,none,WHO defines no dedicated combination code for this ingredient set
1421461,B03AA02|G03CA01|G03DC02,G03AA05,COLLAPSE_TO_COMBINATION,curated,3 ingredients -> single WHO combination code
1421555,R01BA01|R05CA03|R05DA09,R05FA02,COLLAPSE_TO_COMBINATION,curated,3 ingredients -> single WHO combination code
1421633,R01BA01|R05CA03|R05DA09,R01BA51,COLLAPSE_TO_COMBINATION,who_index_wildcard,3 ingredients -> single WHO combination code
1421888,R01BA02|R05CA03|R05DA09,R05FB02,COLLAPSE_TO_COMBINATION,curated,3 ingredients -> single WHO combination code
1421982,R01BA02|R05CA03|R05DA09,R05FB02,COLLAPSE_TO_COMBINATION,curated,3 ingredients -> single WHO combination code
1421983,R01BA02|R05CA03|R05DA09,R05FB02,COLLAPSE_TO_COMBINATION,curated,3 ingredients -> single WHO combination code
1421985,R05DA09|R06AB04,R05DA20,COLLAPSE_TO_COMBINATION,curated,2 ingredients -> single WHO combination code
1422081,G03AA09|G03AC09,G03AA09,COLLAPSE_TO_COMBINATION,current_cell,3 ingredients -> single WHO combination code
1422494,R01BA01|R05CA03|R05DA09,R05FA02,COLLAPSE_TO_COMBINATION,curated,3 ingredients -> single WHO combination code
1422525,R01BA01|R05CA03|R05DA09,R01BA51,COLLAPSE_TO_COMBINATION,who_index_wildcard,3 ingredients -> single WHO combination code
1422563,D04AB01|N01BB02|N01BX04|R02AD02,N01BB52,COLLAPSE_TO_COMBINATION,who_index_wildcard,4 ingredients -> single WHO combination code
1422891,R01BA02|R05CA03|R05DA09,R05FB02,COLLAPSE_TO_COMBINATION,curated,3 ingredients -> single WHO combination code
1422892,B05CB02|R05CA03|R05DA09,,BLANKED_NO_WHO_COMBO,none,WHO defines no dedicated combination code for this ingredient set
1422893,R01BA01|R05DA09,,BLANKED_NO_WHO_COMBO,none,WHO defines no dedicated combination code for this ingredient set
1422901,R01BA02|R05DA09,R05DA20,COLLAPSE_TO_COMBINATION,curated,2 ingredients -> single WHO combination code
1423123,G03AA07|G03CA01,G03AA07,COLLAPSE_TO_COMBINATION,current_cell,2 ingredients -> single WHO combination code
1423246,R05CA03|R05DA09,R05DA20,COLLAPSE_TO_COMBINATION,curated,3 ingredients -> single WHO combination code
1423401,R05CA03|R05DA09,R05DA20,COLLAPSE_TO_COMBINATION,curated,3 ingredients -> single WHO combination code
1423702,R05DA09|R06AB01,R05DA20,COLLAPSE_TO_COMBINATION,curated,3 ingredients -> single WHO combination code
1423710,R01BA01|R05DA09|R06AB04,R05DA20,COLLAPSE_TO_COMBINATION,curated,3 ingredients -> single WHO combination code
1423711,R01BA02|R05DA09|R06AB04,R05DA20,COLLAPSE_TO_COMBINATION,curated,3 ingredients -> single WHO combination code
1423779,R05CA03|R05DA09,R05DA20,COLLAPSE_TO_COMBINATION,curated,3 ingredients -> single WHO combination code
1423795,R01BA02|R05CA03|R05DA09,R05FB02,COLLAPSE_TO_COMBINATION,curated,3 ingredients -> single WHO combination code
1423798,R05CA03|R05DA09|R06AB04,R05FA02,COLLAPSE_TO_COMBINATION,curated,4 ingredients -> single WHO combination code
1424013,D10AB02|D10AE01,D10AX30,COLLAPSE_TO_COMBINATION,curated,3 ingredients -> single WHO combination code
1424016,A01AB03|D01AC08|D08AC02|J02AB02|R02AA05,D08AC52,COLLAPSE_TO_COMBINATION,who_index_wildcard,2 ingredients -> single WHO combination code
1424021,A01AB03|D01AC08|D08AC02|J02AB02|R02AA05,,BLANKED_NO_WHO_COMBO,none,WHO defines no dedicated combination code for this ingredient set
1424029,R05CA03|R05DA09,R05DA20,COLLAPSE_TO_COMBINATION,curated,3 ingredients -> single WHO combination code
1424045,R01BA01|R05DA09|R06AB04,R01BA51,COLLAPSE_TO_COMBINATION,who_index_wildcard,3 ingredients -> single WHO combination code
1424050,A01AC03|A07EA02|D04AB01|D07AA02|D07AB02|D07AB11|H02AB09|N01BB02|R02AD02|S01BA02,C05AA01,COLLAPSE_TO_COMBINATION,curated,2 ingredients -> single WHO combination code
1424060,R05CA03|R05DA09|R06AB04,R05FA02,COLLAPSE_TO_COMBINATION,curated,4 ingredients -> single WHO combination code
1424065,R05CA09|R05DA09,,BLANKED_NO_WHO_COMBO,none,WHO defines no dedicated combination code for this ingredient set
1424066,R05CA09|R05DA09,,BLANKED_NO_WHO_COMBO,none,WHO defines no dedicated combination code for this ingredient set
1424307,R01BA02|R06AA08,R01BA52,COLLAPSE_TO_COMBINATION,who_index_wildcard,2 ingredients -> single WHO combination code
1424358,R01BA02|R05CA03,R05CA10,COLLAPSE_TO_COMBINATION,curated,2 ingredients -> single WHO combination code
1424361,R01BA02|R05CA03,R05CA10,COLLAPSE_TO_COMBINATION,curated,2 ingredients -> single WHO combination code
1424365,R01BA02|R05CA03|R05DA09,R05FB02,COLLAPSE_TO_COMBINATION,curated,3 ingredients -> single WHO combination code
1424369,R01BA02|R05DA09,R05DA20,COLLAPSE_TO_COMBINATION,curated,2 ingredients -> single WHO combination code
1424370,R01BA02|R05CA03|R06AB04,R05CA10,COLLAPSE_TO_COMBINATION,curated,3 ingredients -> single WHO combination code
1424375,N02BE01|R01BA02|R05DA09,R05DA20,COLLAPSE_TO_COMBINATION,curated,3 ingredients -> single WHO combination code
1424379,R01BA02|R05CA03|R06AA08,,BLANKED_NO_WHO_COMBO,none,WHO defines no dedicated combination code for this ingredient set
1424654,R01BA02|R05CA03,R05CA10,COLLAPSE_TO_COMBINATION,curated,2 ingredients -> single WHO combination code
1424657,R01BA02|R05CA03,R05CA10,COLLAPSE_TO_COMBINATION,curated,2 ingredients -> single WHO combination code
1424660,R01BA02|R05CA03|R05DA09,R05FB02,COLLAPSE_TO_COMBINATION,curated,3 ingredients -> single WHO combination code
1424847,R01BA02|R06AB04,R01BA52,COLLAPSE_TO_COMBINATION,curated,3 ingredients -> single WHO combination code
1424849,R01BA02|R05CA03|R05DA09,R05FB02,COLLAPSE_TO_COMBINATION,curated,3 ingredients -> single WHO combination code
1424850,N02BE01|R05CA03|R05DA09,,BLANKED_NO_WHO_COMBO,ambiguous,WHO defines no dedicated combination code for this ingredient set
1424872,R05DB10|R06AB04,,BLANKED_NO_WHO_COMBO,ambiguous,WHO defines no dedicated combination code for this ingredient set
1424919,R01BA02|R05CA03|R05DA09,R05FB02,COLLAPSE_TO_COMBINATION,curated,3 ingredients -> single WHO combination code
1425315,N02BE01|R05DA09|R06AB04,N07XX59,COLLAPSE_TO_COMBINATION,who_index_wildcard,3 ingredients -> single WHO combination code
1425510,D04AB01|N01BB02|N01BX04|R02AD02,N01BB52,COLLAPSE_TO_COMBINATION,who_index_wildcard,4 ingredients -> single WHO combination code
1425949,R01BA02|R05CA03,R05CA10,COLLAPSE_TO_COMBINATION,curated,2 ingredients -> single WHO combination code
1426579,R01BA02|R05CA03,R01BA52,COLLAPSE_TO_COMBINATION,who_index_wildcard,2 ingredients -> single WHO combination code
1426594,D04AB01|D08AE03|N01BB02|R02AD02,N01BB52,COLLAPSE_TO_COMBINATION,who_index_wildcard,2 ingredients -> single WHO combination code
1426600,B03AA02|G03CA01|G03DC02,G03AA05,COLLAPSE_TO_COMBINATION,curated,3 ingredients -> single WHO combination code
1426601,B03AA02|G03CA01|G03DC02,G03AA05,COLLAPSE_TO_COMBINATION,curated,3 ingredients -> single WHO combination code
1426660,R01BA02|R05CA03|R05DA09,R05FB02,COLLAPSE_TO_COMBINATION,curated,3 ingredients -> single WHO combination code
1426687,C05AD03|D04AB04|R02AD01,,BLANKED_NO_WHO_COMBO,none,WHO defines no dedicated combination code for this ingredient set
1426694,M01AX05|M01AX25,,BLANKED_NO_WHO_COMBO,none,WHO defines no dedicated combination code for this ingredient set
1426763,N02BE01|R01BA02|R05DA09,R05DA20,COLLAPSE_TO_COMBINATION,curated,3 ingredients -> single WHO combination code
1427298,A07AA01|D06AX04|S01AA03,,BLANKED_NO_WHO_COMBO,none,WHO defines no dedicated combination code for this ingredient set
1427301,G03AA05|G03FA01,,BLANKED_NO_WHO_COMBO,none,WHO defines no dedicated combination code for this ingredient set
1427379,D08AJ01|D08AJ08|R02AA16,,BLANKED_NO_WHO_COMBO,none,WHO defines no dedicated combination code for this ingredient set
1427998,R01BA02|R05CA03|R05DA09,R05FB02,COLLAPSE_TO_COMBINATION,curated,3 ingredients -> single WHO combination code
1428828,A11CA01|A11DA01|A11GA01|A11HA03|A11HA04|B03BA01|B03BB01,B03BB51,COLLAPSE_TO_COMBINATION,who_index_wildcard,11 ingredients -> single WHO combination code
1428880,N02BE01|R05DA09,,BLANKED_NO_WHO_COMBO,ambiguous,WHO defines no dedicated combination code for this ingredient set
1428933,G03AC03|G03CA01,,BLANKED_NO_WHO_COMBO,none,WHO defines no dedicated combination code for this ingredient set
1429362,R05CA03|R05DA09,R05FA02,COLLAPSE_TO_COMBINATION,curated,3 ingredients -> single WHO combination code
1430071,M01AX05|M01AX25,,BLANKED_NO_WHO_COMBO,none,WHO defines no dedicated combination code for this ingredient set
1430115,D01AC01|D06AX07|D07AC01|H02AB01|S01BA06|S03AA06|S03BA03,,BLANKED_NO_WHO_COMBO,none,WHO defines no dedicated combination code for this ingredient set
1430160,R01BA02|R05CA03|R05DA09,R05FB02,COLLAPSE_TO_COMBINATION,curated,3 ingredients -> single WHO combination code
1430400,R01BA02|R06AB04,R01BA52,COLLAPSE_TO_COMBINATION,curated,3 ingredients -> single WHO combination code
1430401,R01BA02|R06AB04,R01BA52,COLLAPSE_TO_COMBINATION,curated,3 ingredients -> single WHO combination code
1430402,R01BA02|R05CA03|R05DA09,R05FB02,COLLAPSE_TO_COMBINATION,curated,3 ingredients -> single WHO combination code
1430403,R01BA02|R05CA03|R05DA09,R05FB02,COLLAPSE_TO_COMBINATION,curated,3 ingredients -> single WHO combination code
1430404,R01BA02|R05CA03|R05DA09,R05FB02,COLLAPSE_TO_COMBINATION,curated,3 ingredients -> single WHO combination code
1430406,R01BA02|R05CA03,R05CA10,COLLAPSE_TO_COMBINATION,curated,2 ingredients -> single WHO combination code
1430407,R01BA02|R05CA03,R05CA10,COLLAPSE_TO_COMBINATION,curated,2 ingredients -> single WHO combination code
1430408,R01BA02|R05CA03,R05CA10,COLLAPSE_TO_COMBINATION,curated,2 ingredients -> single WHO combination code
1430517,R01BA02|R05CA03|R05DA09,R05FB02,COLLAPSE_TO_COMBINATION,curated,3 ingredients -> single WHO combination code
1430522,R01BA02|R06AB01,R06AB51,COLLAPSE_TO_COMBINATION,who_index_wildcard,2 ingredients -> single WHO combination code
1430534,R01BA02|R06AB01,R01BA52,COLLAPSE_TO_COMBINATION,curated,2 ingredients -> single WHO combination code
1431245,N02BE01|R05DA09|R06AA09,R05DA20,COLLAPSE_TO_COMBINATION,curated,4 ingredients -> single WHO combination code
1432143,D08AX05|P03AX06,,BLANKED_NO_WHO_COMBO,none,WHO defines no dedicated combination code for this ingredient set
1432283,V03AN01|V03AN03|V03AN04,,BLANKED_NO_WHO_COMBO,none,WHO defines no dedicated combination code for this ingredient set
1432488,N02BE01|R05CA03|R05DA09,N07XX59,COLLAPSE_TO_COMBINATION,who_index_wildcard,4 ingredients -> single WHO combination code
1432541,D04AB01|N01BB02|N01BX04|R02AD02,N01BB52,COLLAPSE_TO_COMBINATION,who_index_wildcard,4 ingredients -> single WHO combination code
1432799,R01BA02|R05CA03|R05DA09,R05FB02,COLLAPSE_TO_COMBINATION,curated,3 ingredients -> single WHO combination code
1432800,R01BA02|R05CA03|R05DA09,R05FB02,COLLAPSE_TO_COMBINATION,curated,3 ingredients -> single WHO combination code
1433894,B05CA01|D08AJ03|D09AA07|R02AA06,,BLANKED_NO_WHO_COMBO,none,WHO defines no dedicated combination code for this ingredient set
1435143,R01BA02|R05CA03|R05DA09,R05FB02,COLLAPSE_TO_COMBINATION,curated,3 ingredients -> single WHO combination code
1435262,C05AD03|D04AB04|D08AE03|R02AD01,,BLANKED_NO_WHO_COMBO,none,WHO defines no dedicated combination code for this ingredient set
1437300,D08AJ01|D08AJ08|R02AA16,,BLANKED_NO_WHO_COMBO,none,WHO defines no dedicated combination code for this ingredient set
1437782,A03AX10|N02BE01|N05CC04,,BLANKED_NO_WHO_COMBO,none,WHO defines no dedicated combination code for this ingredient set
1438107,A02AA04|A12AA04,,BLANKED_NO_WHO_COMBO,none,WHO defines no dedicated combination code for this ingredient set
1438497,R01AA04|S01FB01|S01XA20,S01XA20,COLLAPSE_TO_COMBINATION,current_cell,2 ingredients -> single WHO combination code
1438778,G03AA09|G03AC09|G03CA01,G03AA09,COLLAPSE_TO_COMBINATION,current_cell,3 ingredients -> single WHO combination code
1439953,A01AB03|D01AC08|D08AC02|G01AD02|J02AB02|R02AA05|S02AA10,D08AC52,COLLAPSE_TO_COMBINATION,who_index_wildcard,3 ingredients -> single WHO combination code
1440002,A01AB09|D01AC02|G01AF04,D01AC52,COLLAPSE_TO_COMBINATION,who_index_wildcard,2 ingredients -> single WHO combination code
1440003,R05DA04|R06AB02,R06AB52,COLLAPSE_TO_COMBINATION,who_index_wildcard,3 ingredients -> single WHO combination code
1440185,G03AC03|G03CA01,,BLANKED_NO_WHO_COMBO,none,WHO defines no dedicated combination code for this ingredient set
1440875,A03BA03|G04BX12|J01XX05,,BLANKED_NO_WHO_COMBO,none,WHO defines no dedicated combination code for this ingredient set
1441376,R01BA02|R05DB10|R06AB06,R06AB56,COLLAPSE_TO_COMBINATION,who_index_wildcard,3 ingredients -> single WHO combination code
1441740,G03CA57|G03XC02,G03CC07,COLLAPSE_TO_COMBINATION,min_property,2 ingredients -> single WHO combination code
1442155,C05AD03|D04AB04|D08AE03|R02AD01,,BLANKED_NO_WHO_COMBO,none,WHO defines no dedicated combination code for this ingredient set
1482656,A01AB03|D01AC08|D08AC02|J02AB02|R02AA05,,BLANKED_NO_WHO_COMBO,none,WHO defines no dedicated combination code for this ingredient set
1482662,A01AB03|D01AC08|D08AC02|J02AB02|R02AA05,D08AC52,COLLAPSE_TO_COMBINATION,who_index_wildcard,2 ingredients -> single WHO combination code
1483194,C05AD03|D04AB04|D08AJ01|D08AJ08|R02AA16|R02AD01,,BLANKED_NO_WHO_COMBO,none,WHO defines no dedicated combination code for this ingredient set
1483224,C05AD03|D04AB04|D08AJ01|D08AJ08|R02AA16|R02AD01,,BLANKED_NO_WHO_COMBO,none,WHO defines no dedicated combination code for this ingredient set
1483551,G03AC10|G03CA03,G03CA53,COLLAPSE_TO_COMBINATION,who_index_wildcard,2 ingredients -> single WHO combination code
1483554,G03AC10|G03CA03,G03CA53,COLLAPSE_TO_COMBINATION,who_index_wildcard,2 ingredients -> single WHO combination code
1483558,B03AA02|G03CA01|G03DC02,G03AA05,COLLAPSE_TO_COMBINATION,curated,3 ingredients -> single WHO combination code
1484879,N02BE01|R05CA03|R05DA09,N07XX59,COLLAPSE_TO_COMBINATION,who_index_wildcard,4 ingredients -> single WHO combination code
1484890,D01AE12|N02BA04,,BLANKED_NO_WHO_COMBO,none,WHO defines no dedicated combination code for this ingredient set
1484895,D01AE12|N02BA04,,BLANKED_NO_WHO_COMBO,none,WHO defines no dedicated combination code for this ingredient set
1485099,R01AA04|S01FB01|S01XA20,S01XA20,COLLAPSE_TO_COMBINATION,current_cell,2 ingredients -> single WHO combination code
1485182,A01AB03|D01AC08|D08AC02|J02AB02|R02AA05,,BLANKED_NO_WHO_COMBO,none,WHO defines no dedicated combination code for this ingredient set
1485227,C05AD03|D04AB04|R02AD01,,BLANKED_NO_WHO_COMBO,none,WHO defines no dedicated combination code for this ingredient set
1485332,G03CA01|G03DC02,,BLANKED_NO_WHO_COMBO,none,WHO defines no dedicated combination code for this ingredient set
1485531,A11CC05|A11GA01|A11HA02|B03BB01,B03BB51,COLLAPSE_TO_COMBINATION,who_index_wildcard,9 ingredients -> single WHO combination code
1486140,R05CA03|R05DA09,R05FA02,COLLAPSE_TO_COMBINATION,curated,3 ingredients -> single WHO combination code
1486248,R01BA02|R05DA03|R06AB04,R05DA20,COLLAPSE_TO_COMBINATION,curated,3 ingredients -> single WHO combination code
1486251,R01BA02|R05DA03|R06AB04,R05DA20,COLLAPSE_TO_COMBINATION,curated,3 ingredients -> single WHO combination code
1486452,B03AA02|G03CA01|G03DC02,G03AA05,COLLAPSE_TO_COMBINATION,curated,3 ingredients -> single WHO combination code
1486964,R05DA09|R06AB01,R05DA20,COLLAPSE_TO_COMBINATION,curated,3 ingredients -> single WHO combination code
1487369,R05CA03|R05DA09,R05FA02,COLLAPSE_TO_COMBINATION,curated,3 ingredients -> single WHO combination code
1487925,R01AA04|S01FB01|S01XA20,S01XA20,COLLAPSE_TO_COMBINATION,current_cell,2 ingredients -> single WHO combination code
1489310,R05DA09|R06AB04,R05DA20,COLLAPSE_TO_COMBINATION,curated,3 ingredients -> single WHO combination code
1490000,R05CA03|R05DA09,R05FA02,COLLAPSE_TO_COMBINATION,curated,3 ingredients -> single WHO combination code
1491618,A02AA02|A02AA04|A12AA04|C05AX04,,BLANKED_NO_WHO_COMBO,none,WHO defines no dedicated combination code for this ingredient set
1491717,R01AA04|S01FB01|S01XA20,S01XA20,COLLAPSE_TO_COMBINATION,current_cell,2 ingredients -> single WHO combination code
1492052,R05DA09|R06AX07,N07XX59,COLLAPSE_TO_COMBINATION,who_index_wildcard,3 ingredients -> single WHO combination code
1493510,D01AE12|D10AE01,D10AE51,COLLAPSE_TO_COMBINATION,who_index_wildcard,2 ingredients -> single WHO combination code
1493512,D01AE12|D10AE01,D10AE51,COLLAPSE_TO_COMBINATION,who_index_wildcard,2 ingredients -> single WHO combination code
1495202,A01AB03|D01AC08|D08AC02|J02AB02|R02AA05,D01AC08,COLLAPSE_TO_COMBINATION,curated,3 ingredients -> single WHO combination code
1534835,N02BE01|R05DA09|R06AA09,R05DA20,COLLAPSE_TO_COMBINATION,curated,4 ingredients -> single WHO combination code
1535160,A01AB09|D01AC02|G01AF04,D01AC52,COLLAPSE_TO_COMBINATION,who_index_wildcard,2 ingredients -> single WHO combination code
1535855,R05CA03|R05DA09,R05DA20,COLLAPSE_TO_COMBINATION,curated,3 ingredients -> single WHO combination code
1535923,R05DA09|R06AB04,R05DA20,COLLAPSE_TO_COMBINATION,curated,3 ingredients -> single WHO combination code
1535937,R01BA02|R05CA03|R05DA09,R05FB02,COLLAPSE_TO_COMBINATION,curated,3 ingredients -> single WHO combination code
1535958,R01BA02|R05CA03|R05DA09,R01BA52,COLLAPSE_TO_COMBINATION,who_index_wildcard,3 ingredients -> single WHO combination code
1535962,R01BA02|R05CA03|R05DA09,R01BA52,COLLAPSE_TO_COMBINATION,who_index_wildcard,3 ingredients -> single WHO combination code
1535965,R01BA02|R05CA03|R05DA09,R01BA52,COLLAPSE_TO_COMBINATION,who_index_wildcard,3 ingredients -> single WHO combination code
1535968,R01BA02|R05CA03|R05DA09,R05FB02,COLLAPSE_TO_COMBINATION,curated,3 ingredients -> single WHO combination code
1535970,R01BA02|R05CA03|R05DA09,R01BA52,COLLAPSE_TO_COMBINATION,who_index_wildcard,3 ingredients -> single WHO combination code
1535978,R05DA03|R06AB04,R05DA20,COLLAPSE_TO_COMBINATION,curated,3 ingredients -> single WHO combination code
1536604,A01AB09|D01AC02|G01AF04,D01AC52,COLLAPSE_TO_COMBINATION,who_index_wildcard,2 ingredients -> single WHO combination code
1536610,A01AB09|D01AC02|G01AF04,D01AC52,COLLAPSE_TO_COMBINATION,who_index_wildcard,2 ingredients -> single WHO combination code
1536862,R05DA09|R06AB04,R05DA20,COLLAPSE_TO_COMBINATION,curated,3 ingredients -> single WHO combination code
1536931,N02BE01|R06AB04,,BLANKED_NO_WHO_COMBO,ambiguous,WHO defines no dedicated combination code for this ingredient set
1536999,N02BE01|R05DA09|R06AA09,R05DA20,COLLAPSE_TO_COMBINATION,curated,4 ingredients -> single WHO combination code
1537029,R05DA09|R06AB04,N07XX59,COLLAPSE_TO_COMBINATION,who_index_wildcard,4 ingredients -> single WHO combination code
1537189,A01AB03|D01AC08|D08AC02|J02AB02|R02AA05,D08AC52,COLLAPSE_TO_COMBINATION,who_index_wildcard,2 ingredients -> single WHO combination code
1537235,A11CA01|A11GA01,,BLANKED_NO_WHO_COMBO,none,WHO defines no dedicated combination code for this ingredient set
1537336,A01AB03|D01AC08|D08AC02|J02AB02|R02AA05,D08AC52,COLLAPSE_TO_COMBINATION,who_index_wildcard,2 ingredients -> single WHO combination code
1537340,A01AC03|A07EA02|D04AA32|D07AA02|D07AB02|D07AB11|H02AB09|R06AA02|S01BA02,R01AD60,COLLAPSE_TO_COMBINATION,who_index_wildcard,2 ingredients -> single WHO combination code
1538130,G03AC03|G03CA01,,BLANKED_NO_WHO_COMBO,none,WHO defines no dedicated combination code for this ingredient set
1538589,N02BE01|R01BA02|R05DA09,R05DA20,COLLAPSE_TO_COMBINATION,curated,3 ingredients -> single WHO combination code
1539198,A01AC03|A07EA02|D07AA02|D07AB02|D07AB11|H02AB09|S01BA02,C05AA01,COLLAPSE_TO_COMBINATION,curated,2 ingredients -> single WHO combination code
1539265,A11HA03|C01EB09,C01EB09,COLLAPSE_TO_COMBINATION,curated,2 ingredients -> single WHO combination code
1539441,D04AB01|D08AJ01|D08AJ08|N01BB02|R02AA16|R02AD02,D04AB01,COLLAPSE_TO_COMBINATION,curated,2 ingredients -> single WHO combination code
1540507,N02BE01|R06AB04,,BLANKED_NO_WHO_COMBO,ambiguous,WHO defines no dedicated combination code for this ingredient set
1541213,A01AB03|A01AC03|A07EA02|D07AA02|D07AB02|D07AB11|D08AC02|H02AB09|R02AA05|S01BA02,R01AD60,COLLAPSE_TO_COMBINATION,who_index_wildcard,2 ingredients -> single WHO combination code
1541630,R05DA04|R06AB01,R06AB51,COLLAPSE_TO_COMBINATION,who_index_wildcard,3 ingredients -> single WHO combination code
1542385,R01AA04|S01FB01|S01XA20,S01XA20,COLLAPSE_TO_COMBINATION,current_cell,2 ingredients -> single WHO combination code
1542919,A12CA01|B05BB01|B05CB01|B05XA03|S01XA03,,BLANKED_NO_WHO_COMBO,none,WHO defines no dedicated combination code for this ingredient set
1542929,A01AB09|D01AC02|G01AF04,D01AC52,COLLAPSE_TO_COMBINATION,who_index_wildcard,2 ingredients -> single WHO combination code
1543553,G03AA12|G03AC10,G03AA12,COLLAPSE_TO_COMBINATION,min_property,3 ingredients -> single WHO combination code
1543754,N01BX04|V04CG03,,BLANKED_NO_WHO_COMBO,none,WHO defines no dedicated combination code for this ingredient set
1544281,R07AX01|V03AN04,,BLANKED_NO_WHO_COMBO,none,WHO defines no dedicated combination code for this ingredient set
1544971,R01AA04|S01FB01|S01XA20,S01XA20,COLLAPSE_TO_COMBINATION,current_cell,2 ingredients -> single WHO combination code
1544973,R01AA04|S01FB01|S01XA20,S01XA20,COLLAPSE_TO_COMBINATION,current_cell,2 ingredients -> single WHO combination code
1545144,C05AX04|R01AA04|S01FB01|S01XA20,S01XA20,COLLAPSE_TO_COMBINATION,current_cell,2 ingredients -> single WHO combination code
1545669,R01AA04|S01FB01|S01XA20,S01XA20,COLLAPSE_TO_COMBINATION,current_cell,2 ingredients -> single WHO combination code
1545794,V03AN01|V03AN02,,BLANKED_NO_WHO_COMBO,none,WHO defines no dedicated combination code for this ingredient set
1546194,D06AX07|D07AC01|H02AB01|S01BA06|S03AA06|S03BA03,,BLANKED_NO_WHO_COMBO,none,WHO defines no dedicated combination code for this ingredient set
1546881,N02BE01|R05DA09|R06AA09,R05DA20,COLLAPSE_TO_COMBINATION,curated,4 ingredients -> single WHO combination code
1546894,J05AF05|J05AF06|J05AX12,J05AR13,COLLAPSE_TO_COMBINATION,min_property,3 ingredients -> single WHO combination code
1547589,C05AD03|D04AB04|R02AD01,,BLANKED_NO_WHO_COMBO,none,WHO defines no dedicated combination code for this ingredient set
1547607,R01BA02|R05CA03|R05DA04,R05FA02,COLLAPSE_TO_COMBINATION,curated,3 ingredients -> single WHO combination code
1547767,C05AD03|D04AB04|R02AD01,,BLANKED_NO_WHO_COMBO,none,WHO defines no dedicated combination code for this ingredient set
1547952,A03BA03|G04BX12|J01XX05,,BLANKED_NO_WHO_COMBO,none,WHO defines no dedicated combination code for this ingredient set
1547981,A03BB01|A04AD01|N05CM05|R01AA04|S01FB01|S01XA20,S01XA20,COLLAPSE_TO_COMBINATION,current_cell,2 ingredients -> single WHO combination code
1549386,R01AA04|S01FB01|S01XA20,S01XA20,COLLAPSE_TO_COMBINATION,current_cell,2 ingredients -> single WHO combination code
1549388,R01AA04|S01FB01|S01XA20,S01XA20,COLLAPSE_TO_COMBINATION,current_cell,2 ingredients -> single WHO combination code
1549539,D06AX07|D07AC01|H02AB01|S01BA06|S03AA06|S03BA03,,BLANKED_NO_WHO_COMBO,none,WHO defines no dedicated combination code for this ingredient set
1549832,N03AB02|N05CA01,,BLANKED_NO_WHO_COMBO,none,WHO defines no dedicated combination code for this ingredient set
1550965,G03CA03|G03CA53,G03CA53,COLLAPSE_TO_COMBINATION,current_cell,2 ingredients -> single WHO combination code
1550968,N02BE01|R05CA03|R05DA09,N07XX59,COLLAPSE_TO_COMBINATION,who_index_wildcard,4 ingredients -> single WHO combination code
1551286,R05DB10|R06AB06,R06AB56,COLLAPSE_TO_COMBINATION,who_index_wildcard,2 ingredients -> single WHO combination code
1551417,A07AA01|D06AX04|S01AA03,N01BA53,COLLAPSE_TO_COMBINATION,who_index_wildcard,3 ingredients -> single WHO combination code
1551498,D06AX07|D07AC01|H02AB01|S01BA06|S03AA06|S03BA03,,BLANKED_NO_WHO_COMBO,none,WHO defines no dedicated combination code for this ingredient set
1551519,A07AA01|D06AX04|S01AA03,N01BA53,COLLAPSE_TO_COMBINATION,who_index_wildcard,3 ingredients -> single WHO combination code
1552200,R05CA03|R05DA09,R05FA02,COLLAPSE_TO_COMBINATION,curated,3 ingredients -> single WHO combination code
1552573,D01AC01|D06AX07|D07AC01|H02AB01|S01BA06|S03AA06|S03BA03,,BLANKED_NO_WHO_COMBO,none,WHO defines no dedicated combination code for this ingredient set
1593105,R05DA09|R06AB04,R05DA20,COLLAPSE_TO_COMBINATION,curated,3 ingredients -> single WHO combination code
1593450,N02BE01|R05CA03|R05DA09,N07XX59,COLLAPSE_TO_COMBINATION,who_index_wildcard,4 ingredients -> single WHO combination code
1595214,R05CA03|R05DA04,,BLANKED_NO_WHO_COMBO,none,WHO defines no dedicated combination code for this ingredient set
1595249,D04AB01|M09AX01|N01BB02|R02AD02,S01KA51,COLLAPSE_TO_COMBINATION,who_index_wildcard,2 ingredients -> single WHO combination code
1595989,D04AB01|N01BB02|R02AD02,N01BB52,COLLAPSE_TO_COMBINATION,who_index_wildcard,3 ingredients -> single WHO combination code
1596424,D08AG03|D08AX05,,BLANKED_NO_WHO_COMBO,none,WHO defines no dedicated combination code for this ingredient set
1596455,D01AC01|D06AX07|D07AC01|H02AB01|S01BA06|S03AA06|S03BA03,,BLANKED_NO_WHO_COMBO,none,WHO defines no dedicated combination code for this ingredient set
1596460,D01AC01|D06AX07|D07AC01|H02AB01|S01BA06|S03AA06|S03BA03,,BLANKED_NO_WHO_COMBO,none,WHO defines no dedicated combination code for this ingredient set
1596940,B05XA12|R02AA12,,BLANKED_NO_WHO_COMBO,none,WHO defines no dedicated combination code for this ingredient set
1597581,A03BA03|J01XX05,,BLANKED_NO_WHO_COMBO,none,WHO defines no dedicated combination code for this ingredient set
1598027,D08AJ01|D08AJ08|R02AA16,,BLANKED_NO_WHO_COMBO,none,WHO defines no dedicated combination code for this ingredient set
1598284,R05CA03|R05DA03,,BLANKED_NO_WHO_COMBO,none,WHO defines no dedicated combination code for this ingredient set
1599135,B05CA01|D08AJ03|D09AA07|R02AA06,,BLANKED_NO_WHO_COMBO,none,WHO defines no dedicated combination code for this ingredient set
1599137,B05CA01|D08AJ03|D09AA07|R02AA06,,BLANKED_NO_WHO_COMBO,none,WHO defines no dedicated combination code for this ingredient set
1599164,D04AB01|N01BB02|R02AD02,N01BB52,COLLAPSE_TO_COMBINATION,who_index_wildcard,3 ingredients -> single WHO combination code
1599302,D04AB01|N01BB02|R02AD02,N01BB52,COLLAPSE_TO_COMBINATION,who_index_wildcard,3 ingredients -> single WHO combination code
1599785,R01AA04|S01FB01|S01XA20,S01XA20,COLLAPSE_TO_COMBINATION,current_cell,2 ingredients -> single WHO combination code
1600611,D04AB01|N01BB02|N01BX04|R02AD02,N01BB52,COLLAPSE_TO_COMBINATION,who_index_wildcard,4 ingredients -> single WHO combination code
1600710,J05AE10|J05AR14|V03AX03,J05AR14,COLLAPSE_TO_COMBINATION,min_property,2 ingredients -> single WHO combination code
1601095,D04AB01|N01BB02|N01BX04|R02AD02,N01BB52,COLLAPSE_TO_COMBINATION,who_index_wildcard,4 ingredients -> single WHO combination code
1601097,D04AB01|N01BB02|N01BX04|R02AD02,N01BB52,COLLAPSE_TO_COMBINATION,who_index_wildcard,4 ingredients -> single WHO combination code
1601660,J05AE08|V03AX03,J05AR15,COLLAPSE_TO_COMBINATION,min_property,2 ingredients -> single WHO combination code
1602019,A06AX01|D04AB01|N01BB02|R02AD02,N01BB52,COLLAPSE_TO_COMBINATION,who_index_wildcard,2 ingredients -> single WHO combination code
1603294,R05CA03|R05DA09,R05FA02,COLLAPSE_TO_COMBINATION,curated,3 ingredients -> single WHO combination code
1603861,G03AA07|G03CA01,G03AA07,COLLAPSE_TO_COMBINATION,current_cell,2 ingredients -> single WHO combination code
1604325,R05CA03|R05DA09,R05DA20,COLLAPSE_TO_COMBINATION,curated,3 ingredients -> single WHO combination code
1605086,G03AA09|G03AC09,G03AA09,COLLAPSE_TO_COMBINATION,current_cell,3 ingredients -> single WHO combination code
1606021,D01AC01|D06AX07|D07AC13|R03BA07|S03AA06,R01AD59,COLLAPSE_TO_COMBINATION,who_index_wildcard,3 ingredients -> single WHO combination code
1606026,D01AC01|D06AX07|D07AC13|R03BA07|S03AA06,R01AD59,COLLAPSE_TO_COMBINATION,who_index_wildcard,3 ingredients -> single WHO combination code
1606208,A11HA02|A12CB02,,BLANKED_NO_WHO_COMBO,none,WHO defines no dedicated combination code for this ingredient set
1606353,A01AC03|A07EA02|D01AC08|D07AA02|D07AB02|D07AB11|H02AB09|J02AB02|S01BA02,D01AC20,COLLAPSE_TO_COMBINATION,curated,2 ingredients -> single WHO combination code
1606483,A01AC03|A07EA02|D07AA02|D07AB02|D07AB11|H02AB09|S01BA02,D07BA04,COLLAPSE_TO_COMBINATION,curated,2 ingredients -> single WHO combination code
1607012,C05AD02|D04AB06|N01BA03|S01HA03,,BLANKED_NO_WHO_COMBO,none,WHO defines no dedicated combination code for this ingredient set
1607808,J07AF01|J07AM01,,BLANKED_NO_WHO_COMBO,none,WHO defines no dedicated combination code for this ingredient set
1607990,B03AA02|G03CA01|G03DC02,G03AA05,COLLAPSE_TO_COMBINATION,curated,3 ingredients -> single WHO combination code
1608012,D04AB01|N01BB02|N01BX04|R02AD02,N01BB52,COLLAPSE_TO_COMBINATION,who_index_wildcard,3 ingredients -> single WHO combination code
1608065,D04AA32|R01AA04|R06AA02|S01FB01|S01XA20,S01XA20,COLLAPSE_TO_COMBINATION,current_cell,2 ingredients -> single WHO combination code
1608258,D04AB01|N01BB02|N01BX04|R02AD02,N01BB52,COLLAPSE_TO_COMBINATION,who_index_wildcard,3 ingredients -> single WHO combination code
1608264,D04AB01|N01BB02|N01BX04|R02AD02,N01BB52,COLLAPSE_TO_COMBINATION,who_index_wildcard,3 ingredients -> single WHO combination code
1608499,C01CA24|D04AB01|N01BB02|R02AD02|S01EA01,N01BB52,COLLAPSE_TO_COMBINATION,who_index_wildcard,2 ingredients -> single WHO combination code
1648132,A01AB03|A01AC03|A07EA02|D01AC08|D07AA02|D07AB02|D07AB11|D08AC02|H02AB09|J02AB02|R02AA05|S01BA02,,BLANKED_NO_WHO_COMBO,ambiguous,WHO defines no dedicated combination code for this ingredient set
1648152,D01AE12|N02BA04,,BLANKED_NO_WHO_COMBO,none,WHO defines no dedicated combination code for this ingredient set
1648174,G03CA03|G03DA04,G03CA53,COLLAPSE_TO_COMBINATION,who_index_wildcard,2 ingredients -> single WHO combination code
1648203,N02BE01|R05DA09|R06AA09,R05DA20,COLLAPSE_TO_COMBINATION,curated,4 ingredients -> single WHO combination code
1650201,B03AA02|G03CA01|G03DC02,G03AA05,COLLAPSE_TO_COMBINATION,curated,3 ingredients -> single WHO combination code
1650982,R05CA03|R05DA03,R05FA02,COLLAPSE_TO_COMBINATION,curated,2 ingredients -> single WHO combination code
1651564,R01BA02|R05CA03|R05DA03,R01BA52,COLLAPSE_TO_COMBINATION,who_index_wildcard,3 ingredients -> single WHO combination code
1652093,R05DA04|R06AB04,,BLANKED_NO_WHO_COMBO,none,WHO defines no dedicated combination code for this ingredient set
1653134,R05CA03|R05DA09,,BLANKED_NO_WHO_COMBO,none,WHO defines no dedicated combination code for this ingredient set
1653139,D04AA32|N02BA03|R01AA04|R06AA02|S01FB01|S01XA20,S01XA20,COLLAPSE_TO_COMBINATION,current_cell,3 ingredients -> single WHO combination code
1653440,D01AE12|G01AD01|N02BA04,,BLANKED_NO_WHO_COMBO,none,WHO defines no dedicated combination code for this ingredient set
1653940,R06AE09|R06AX13,,BLANKED_NO_WHO_COMBO,none,WHO defines no dedicated combination code for this ingredient set
1654662,D04AB01|N01BB02|N01BX04|R02AD02,N01BB52,COLLAPSE_TO_COMBINATION,who_index_wildcard,2 ingredients -> single WHO combination code
1655489,G03AA09|G03AC09|G03CA01,G03AA09,COLLAPSE_TO_COMBINATION,current_cell,4 ingredients -> single WHO combination code
1655934,R07AX02|R07AX30,R07AX30,COLLAPSE_TO_COMBINATION,min_property,2 ingredients -> single WHO combination code
1656815,N02BE01|R05CA03|R05DA09,N07XX59,COLLAPSE_TO_COMBINATION,who_index_wildcard,4 ingredients -> single WHO combination code
1657016,C01CA24|D04AB01|N01BB02|R02AD02|S01EA01,N01BB52,COLLAPSE_TO_COMBINATION,who_index_wildcard,2 ingredients -> single WHO combination code
1657026,C01CA24|D04AB01|N01BB02|R02AD02|S01EA01,N01BB52,COLLAPSE_TO_COMBINATION,who_index_wildcard,2 ingredients -> single WHO combination code
1657469,J07AF01|J07AM01,,BLANKED_NO_WHO_COMBO,none,WHO defines no dedicated combination code for this ingredient set
1657598,J07AF01|J07AM01,J07AJ52,COLLAPSE_TO_COMBINATION,curated,2 ingredients -> single WHO combination code
1657698,J07BB01|J07BB02|J07BC01,J07CA08,COLLAPSE_TO_COMBINATION,curated,2 ingredients -> single WHO combination code
1657771,J07AF01|J07AM01,,BLANKED_NO_WHO_COMBO,none,WHO defines no dedicated combination code for this ingredient set
1657874,J07AF01|J07AM01,,BLANKED_NO_WHO_COMBO,none,WHO defines no dedicated combination code for this ingredient set
1657880,J07AF01|J07AM01,,BLANKED_NO_WHO_COMBO,none,WHO defines no dedicated combination code for this ingredient set
1657881,J07AF01|J07AM01,,BLANKED_NO_WHO_COMBO,none,WHO defines no dedicated combination code for this ingredient set
1658278,C05AD03|D04AB04|R02AD01,,BLANKED_NO_WHO_COMBO,none,WHO defines no dedicated combination code for this ingredient set
1658672,C05AD03|D04AB04|R02AD01,,BLANKED_NO_WHO_COMBO,none,WHO defines no dedicated combination code for this ingredient set
1658695,C05AD03|D04AB04|R02AD01,,BLANKED_NO_WHO_COMBO,none,WHO defines no dedicated combination code for this ingredient set
1660690,G03AA09|G03AC09,G03AA09,COLLAPSE_TO_COMBINATION,current_cell,3 ingredients -> single WHO combination code
1661314,R05CA03|R05DA09,R05FA02,COLLAPSE_TO_COMBINATION,curated,3 ingredients -> single WHO combination code
1661335,B02BD02|B02BD10,B02BD06,COLLAPSE_TO_COMBINATION,curated,2 ingredients -> single WHO combination code
1661345,B02BD02|B02BD10,B02BD06,COLLAPSE_TO_COMBINATION,curated,2 ingredients -> single WHO combination code
1661352,B02BD02|B02BD10,B02BD06,COLLAPSE_TO_COMBINATION,curated,2 ingredients -> single WHO combination code
1664543,R05DA04|R06AB04,,BLANKED_NO_WHO_COMBO,none,WHO defines no dedicated combination code for this ingredient set
1664631,N02BE01|R05CA03|R05DA09,R06AA52,COLLAPSE_TO_COMBINATION,who_index_wildcard,5 ingredients -> single WHO combination code
1664658,D04AA32|N02BA03|R06AA02,,BLANKED_NO_WHO_COMBO,none,WHO defines no dedicated combination code for this ingredient set
1665365,D08AJ01|D08AJ08|R02AA16,,BLANKED_NO_WHO_COMBO,none,WHO defines no dedicated combination code for this ingredient set
1666116,R05DA09|R06AB01,,BLANKED_NO_WHO_COMBO,ambiguous,WHO defines no dedicated combination code for this ingredient set
1666372,R01AA04|S01FB01|S01XA20,S01XA20,COLLAPSE_TO_COMBINATION,current_cell,2 ingredients -> single WHO combination code
1666374,R01AA04|S01FB01|S01XA20,S01XA20,COLLAPSE_TO_COMBINATION,current_cell,2 ingredients -> single WHO combination code
1666758,D01AC01|D06AX07|D07AC01|H02AB01|S01BA06|S03AA06|S03BA03,,BLANKED_NO_WHO_COMBO,none,WHO defines no dedicated combination code for this ingredient set
1666829,D01AC01|D06AX07|D07AC13|R03BA07|S03AA06,R01AD59,COLLAPSE_TO_COMBINATION,who_index_wildcard,3 ingredients -> single WHO combination code
1666954,N03AB02|N05CA01,,BLANKED_NO_WHO_COMBO,none,WHO defines no dedicated combination code for this ingredient set
1667872,A03BA03|J01XX05,J01XX05,COLLAPSE_TO_COMBINATION,curated,4 ingredients -> single WHO combination code
1667878,A03BA03|G04BX12|J01XX05,,BLANKED_NO_WHO_COMBO,none,WHO defines no dedicated combination code for this ingredient set
1667909,C01CA02|R03AB02|R03CB01,,BLANKED_NO_WHO_COMBO,none,WHO defines no dedicated combination code for this ingredient set
1667911,C01CA02|R03AB02|R03CB01,,BLANKED_NO_WHO_COMBO,none,WHO defines no dedicated combination code for this ingredient set
1667915,C01CA02|R03AB02|R03CB01,,BLANKED_NO_WHO_COMBO,none,WHO defines no dedicated combination code for this ingredient set
1672917,N01BB01|N01BB51,N01BB51,COLLAPSE_TO_COMBINATION,current_cell,2 ingredients -> single WHO combination code
1673242,N01BB01|N01BB51,N01BB51,COLLAPSE_TO_COMBINATION,current_cell,2 ingredients -> single WHO combination code
1673296,N01BB01|N01BB51,N01BB51,COLLAPSE_TO_COMBINATION,current_cell,2 ingredients -> single WHO combination code
1673566,A07AA01|D06AX04|S01AA03,A07AA51,COLLAPSE_TO_COMBINATION,who_index_wildcard,4 ingredients -> single WHO combination code
1673869,N02BE01|R01BA02|R05CA03|R05DA09,R05FA02,COLLAPSE_TO_COMBINATION,curated,4 ingredients -> single WHO combination code
1674200,A01AC03|A07EA02|D07AA02|D07AB02|D07AB11|H02AB09|S01BA02,R01AD60,COLLAPSE_TO_COMBINATION,who_index_wildcard,2 ingredients -> single WHO combination code
1716031,A11CA01|A11CC05,,BLANKED_NO_WHO_COMBO,none,WHO defines no dedicated combination code for this ingredient set
1716036,A11CA01|A11CC05,,BLANKED_NO_WHO_COMBO,none,WHO defines no dedicated combination code for this ingredient set
1716037,G03AA09|G03AC09|G03CA01,G03AA09,COLLAPSE_TO_COMBINATION,current_cell,3 ingredients -> single WHO combination code
1716042,A11CA01|A11CC05,,BLANKED_NO_WHO_COMBO,none,WHO defines no dedicated combination code for this ingredient set
1720002,A06AX01|R01AA04|S01FB01|S01XA20,S01XA20,COLLAPSE_TO_COMBINATION,current_cell,4 ingredients -> single WHO combination code
1720616,G03AC03|G03CA01,,BLANKED_NO_WHO_COMBO,none,WHO defines no dedicated combination code for this ingredient set
1721619,J05AF09|J05AF13|J05AX11|V03AX03,J05AR18,COLLAPSE_TO_COMBINATION,min_property,4 ingredients -> single WHO combination code
1722107,C05AD03|D04AB04|R02AD01,N01BA53,COLLAPSE_TO_COMBINATION,who_index_wildcard,3 ingredients -> single WHO combination code
1722245,G03CA01|G03DC02,,BLANKED_NO_WHO_COMBO,none,WHO defines no dedicated combination code for this ingredient set
1726414,R05CA03|R05DA09,R05DA20,COLLAPSE_TO_COMBINATION,curated,3 ingredients -> single WHO combination code
1727521,B03AA02|G03CA01|G03DC02,G03AA05,COLLAPSE_TO_COMBINATION,curated,3 ingredients -> single WHO combination code
1728301,D04AB01|N01BB02|N01BX04|R02AD02,N01BB52,COLLAPSE_TO_COMBINATION,who_index_wildcard,4 ingredients -> single WHO combination code
1728766,A03BA03|N03AA02,A03CB02,COLLAPSE_TO_COMBINATION,curated,4 ingredients -> single WHO combination code
1728767,V03AN02|V03AN04,,BLANKED_NO_WHO_COMBO,none,WHO defines no dedicated combination code for this ingredient set
1732122,A01AB03|D01AC08|D08AC02|J02AB02|R02AA05,D01AC08,COLLAPSE_TO_COMBINATION,curated,3 ingredients -> single WHO combination code
1733863,D04AB01|N01BB02|R02AD02,N01BB52,COLLAPSE_TO_COMBINATION,who_index_wildcard,2 ingredients -> single WHO combination code
1733864,D04AB01|N01BB02|N01BX04|R02AD02,N01BB52,COLLAPSE_TO_COMBINATION,who_index_wildcard,2 ingredients -> single WHO combination code
1733890,C01CA24|D04AB01|N01BB02|R02AD02|S01EA01,,BLANKED_NO_WHO_COMBO,ambiguous,WHO defines no dedicated combination code for this ingredient set
1733892,C01CA24|D04AB01|N01BB02|R02AD02|S01EA01,D04AB01,COLLAPSE_TO_COMBINATION,curated,2 ingredients -> single WHO combination code
1734665,D01AC01|D06AX07|D07AC13|R03BA07|S03AA06,,BLANKED_NO_WHO_COMBO,none,WHO defines no dedicated combination code for this ingredient set
1736654,G03CA01|G03DC02,,BLANKED_NO_WHO_COMBO,none,WHO defines no dedicated combination code for this ingredient set
1736656,G03CA01|G03DC02,,BLANKED_NO_WHO_COMBO,none,WHO defines no dedicated combination code for this ingredient set
1741529,N02BE01|R06AB04,,BLANKED_NO_WHO_COMBO,ambiguous,WHO defines no dedicated combination code for this ingredient set
1741944,R05CA03|R05DA09,R05FA02,COLLAPSE_TO_COMBINATION,curated,3 ingredients -> single WHO combination code
1744001,J05AF07|J05AF09,J05AR03,COLLAPSE_TO_COMBINATION,min_property,2 ingredients -> single WHO combination code
1744003,J05AF07|J05AF09,J05AR03,COLLAPSE_TO_COMBINATION,min_property,2 ingredients -> single WHO combination code
1744005,J05AF07|J05AF09,J05AR03,COLLAPSE_TO_COMBINATION,min_property,2 ingredients -> single WHO combination code
1744007,J05AF07|J05AF09,J05AR03,COLLAPSE_TO_COMBINATION,min_property,2 ingredients -> single WHO combination code
1744009,J05AF07|J05AF09,J05AR03,COLLAPSE_TO_COMBINATION,min_property,2 ingredients -> single WHO combination code
1744011,J05AF07|J05AF09,J05AR03,COLLAPSE_TO_COMBINATION,min_property,2 ingredients -> single WHO combination code
1745438,A06AX01|D04AB01|N01BB02|R01AA04|R02AD02|S01FB01|S01XA20,S01XA20,COLLAPSE_TO_COMBINATION,current_cell,3 ingredients -> single WHO combination code
1745444,A06AX01|D04AB01|N01BB02|R01AA04|R02AD02|S01FB01|S01XA20,S01XA20,COLLAPSE_TO_COMBINATION,current_cell,3 ingredients -> single WHO combination code
1747697,J05AF09|J05AF13,J05AR17,COLLAPSE_TO_COMBINATION,min_property,2 ingredients -> single WHO combination code
1790651,N02BE01|R05CA03|R05DA09,N07XX59,COLLAPSE_TO_COMBINATION,who_index_wildcard,4 ingredients -> single WHO combination code
1792707,R01BA02|R05CA03|R05DA04,R05FA02,COLLAPSE_TO_COMBINATION,curated,3 ingredients -> single WHO combination code
1793135,B02BC06|B02BD30,,BLANKED_NO_WHO_COMBO,none,WHO defines no dedicated combination code for this ingredient set
1793145,B02BC06|B02BD30,,BLANKED_NO_WHO_COMBO,none,WHO defines no dedicated combination code for this ingredient set
1795585,R05CA03|R05DA09|R06AA09,R05FA02,COLLAPSE_TO_COMBINATION,curated,3 ingredients -> single WHO combination code
1795598,G03AC03|G03CA01,,BLANKED_NO_WHO_COMBO,none,WHO defines no dedicated combination code for this ingredient set
1796730,R01AA03|R03CA02,A08AA56,COLLAPSE_TO_COMBINATION,who_index_wildcard,2 ingredients -> single WHO combination code
1797511,A01AB03|D01AC08|D08AC02|J02AB02|R02AA05,D08AC52,COLLAPSE_TO_COMBINATION,who_index_wildcard,2 ingredients -> single WHO combination code
1797515,A01AB03|D01AC08|D08AC02|J02AB02|R02AA05,D08AC52,COLLAPSE_TO_COMBINATION,who_index_wildcard,2 ingredients -> single WHO combination code
1797851,A07EB01|S01GX01,,BLANKED_NO_WHO_COMBO,none,WHO defines no dedicated combination code for this ingredient set
1797853,A07EB01|S01GX01,,BLANKED_NO_WHO_COMBO,none,WHO defines no dedicated combination code for this ingredient set
1798297,A01AB03|D01AC08|D08AC02|J02AB02|R02AA05,D08AC52,COLLAPSE_TO_COMBINATION,who_index_wildcard,2 ingredients -> single WHO combination code
1798546,A01AB03|D01AC08|D08AC02|J02AB02|R02AA05,D08AC52,COLLAPSE_TO_COMBINATION,who_index_wildcard,2 ingredients -> single WHO combination code
1801689,D01AE12|N02BA04,,BLANKED_NO_WHO_COMBO,none,WHO defines no dedicated combination code for this ingredient set
1802555,C05AD03|D04AB04|R02AD01,,BLANKED_NO_WHO_COMBO,none,WHO defines no dedicated combination code for this ingredient set
1803669,N02BE01|R05DA09,,BLANKED_NO_WHO_COMBO,ambiguous,WHO defines no dedicated combination code for this ingredient set
1804375,A12CA01|B05BB01|B05CB01|B05XA03|S01XA03,,BLANKED_NO_WHO_COMBO,none,WHO defines no dedicated combination code for this ingredient set
1805285,A01AB03|D01AC08|D08AC02|J02AB02|R02AA05,,BLANKED_NO_WHO_COMBO,none,WHO defines no dedicated combination code for this ingredient set
1806684,G03CA03|G03CA53,G03CA53,COLLAPSE_TO_COMBINATION,current_cell,2 ingredients -> single WHO combination code
1808192,R05CA03|R05DA09,R05FA02,COLLAPSE_TO_COMBINATION,curated,3 ingredients -> single WHO combination code
1808194,R01AA04|S01FB01|S01XA20,S01XA20,COLLAPSE_TO_COMBINATION,current_cell,2 ingredients -> single WHO combination code
1808604,R05CA03|R05DA09,R05FA02,COLLAPSE_TO_COMBINATION,curated,3 ingredients -> single WHO combination code
1808849,P02BA01|P02CC01,,BLANKED_NO_WHO_COMBO,none,WHO defines no dedicated combination code for this ingredient set
1808851,P02BA01|P02CC01,,BLANKED_NO_WHO_COMBO,none,WHO defines no dedicated combination code for this ingredient set
1809029,B03BA01|B03BB01,B03BB51,COLLAPSE_TO_COMBINATION,curated,3 ingredients -> single WHO combination code
1809636,D04AA32|R01AA04|R06AA02|S01FB01|S01XA20,S01XA20,COLLAPSE_TO_COMBINATION,current_cell,2 ingredients -> single WHO combination code
1809905,B03AA02|G03CA01|G03DC02,G03AA05,COLLAPSE_TO_COMBINATION,curated,3 ingredients -> single WHO combination code
1812101,R05DA09|R06AB06,R05DA20,COLLAPSE_TO_COMBINATION,curated,3 ingredients -> single WHO combination code
1856424,G03AA05|G03FA01,,BLANKED_NO_WHO_COMBO,none,WHO defines no dedicated combination code for this ingredient set
1858383,R01AA04|S01FB01|S01XA20,S01XA20,COLLAPSE_TO_COMBINATION,current_cell,2 ingredients -> single WHO combination code
1860414,G03AC03|G03CA01,,BLANKED_NO_WHO_COMBO,none,WHO defines no dedicated combination code for this ingredient set
1864958,C05AD03|D04AB04|D08AJ01|D08AJ08|R02AA16|R02AD01,,BLANKED_NO_WHO_COMBO,none,WHO defines no dedicated combination code for this ingredient set
1865199,B05XA12|P03AX06,,BLANKED_NO_WHO_COMBO,none,WHO defines no dedicated combination code for this ingredient set
1866047,G03AA09|G03AC09,G03AA09,COLLAPSE_TO_COMBINATION,current_cell,3 ingredients -> single WHO combination code
1866164,A12CA01|B05BB01|B05CB01|B05XA03|S01XA03,,BLANKED_NO_WHO_COMBO,none,WHO defines no dedicated combination code for this ingredient set
1866218,A06AX01|D04AB01|N01BB02|R02AD02,N01BB52,COLLAPSE_TO_COMBINATION,who_index_wildcard,2 ingredients -> single WHO combination code
1866401,C05AD03|D04AB04|R02AD01,,BLANKED_NO_WHO_COMBO,none,WHO defines no dedicated combination code for this ingredient set
1867940,C01CA24|D04AB01|N01BB02|R02AD02|S01EA01,N01BB52,COLLAPSE_TO_COMBINATION,who_index_wildcard,2 ingredients -> single WHO combination code
1867941,C01CA24|D04AB01|N01BB02|R02AD02|S01EA01,N01BB52,COLLAPSE_TO_COMBINATION,who_index_wildcard,2 ingredients -> single WHO combination code
1867942,C01CA24|D04AB01|N01BB02|R02AD02|S01EA01,N01BB52,COLLAPSE_TO_COMBINATION,who_index_wildcard,2 ingredients -> single WHO combination code
1867943,C01CA24|D04AB01|N01BB02|R02AD02|S01EA01,N01BB52,COLLAPSE_TO_COMBINATION,who_index_wildcard,2 ingredients -> single WHO combination code
1867944,C01CA24|D04AB01|N01BB02|R02AD02|S01EA01,N01BB52,COLLAPSE_TO_COMBINATION,who_index_wildcard,2 ingredients -> single WHO combination code
1867993,C01CA24|D04AB01|N01BB02|R02AD02|S01EA01,N01BB52,COLLAPSE_TO_COMBINATION,who_index_wildcard,2 ingredients -> single WHO combination code
1867995,C01CA24|D04AB01|N01BB02|R02AD02|S01EA01,N01BB52,COLLAPSE_TO_COMBINATION,who_index_wildcard,2 ingredients -> single WHO combination code
1867996,C01CA24|D04AB01|N01BB02|R02AD02|S01EA01,N01BB52,COLLAPSE_TO_COMBINATION,who_index_wildcard,2 ingredients -> single WHO combination code
1867997,C01CA24|D04AB01|N01BB02|R02AD02|S01EA01,N01BB52,COLLAPSE_TO_COMBINATION,who_index_wildcard,2 ingredients -> single WHO combination code
1867998,C01CA24|D04AB01|N01BB02|R02AD02|S01EA01,N01BB52,COLLAPSE_TO_COMBINATION,who_index_wildcard,2 ingredients -> single WHO combination code
1867999,C01CA24|D04AB01|N01BB02|R02AD02|S01EA01,N01BB52,COLLAPSE_TO_COMBINATION,who_index_wildcard,2 ingredients -> single WHO combination code
1868028,C01CA24|D04AB01|N01BB02|R02AD02|S01EA01,N01BB52,COLLAPSE_TO_COMBINATION,who_index_wildcard,2 ingredients -> single WHO combination code
1868029,C01CA24|D04AB01|N01BB02|R02AD02|S01EA01,N01BB52,COLLAPSE_TO_COMBINATION,who_index_wildcard,2 ingredients -> single WHO combination code
1868461,C05AD03|D04AB04|R02AD01,,BLANKED_NO_WHO_COMBO,none,WHO defines no dedicated combination code for this ingredient set
1868839,A11HA07|B03BB01,B03BB51,COLLAPSE_TO_COMBINATION,who_index_wildcard,2 ingredients -> single WHO combination code
1869047,B03AA02|G03CA01|G03DC02,G03AA05,COLLAPSE_TO_COMBINATION,curated,3 ingredients -> single WHO combination code
1873704,B03AA02|G03CA01|G03DC02,G03AA05,COLLAPSE_TO_COMBINATION,curated,3 ingredients -> single WHO combination code
1874537,G03AA07|G03CA01,G03AA07,COLLAPSE_TO_COMBINATION,current_cell,2 ingredients -> single WHO combination code
1874730,R05CA03|R05DA09,R05FA02,COLLAPSE_TO_COMBINATION,curated,3 ingredients -> single WHO combination code
1874857,A11CC05|A12AA13,,BLANKED_NO_WHO_COMBO,none,WHO defines no dedicated combination code for this ingredient set
1876397,G03AA07|G03CA01,G03AA07,COLLAPSE_TO_COMBINATION,current_cell,2 ingredients -> single WHO combination code
1876751,D04AB01|N01BB02|N01BX04|R02AD02,N01BB52,COLLAPSE_TO_COMBINATION,who_index_wildcard,4 ingredients -> single WHO combination code
1876810,G03AA09|G03AC09|G03CA01,G03AA09,COLLAPSE_TO_COMBINATION,current_cell,3 ingredients -> single WHO combination code
1918056,G03AA07|G03CA01,G03AA07,COLLAPSE_TO_COMBINATION,current_cell,2 ingredients -> single WHO combination code
1918453,C05AD03|D04AB04|D08AJ01|D08AJ08|R02AA16|R02AD01,,BLANKED_NO_WHO_COMBO,none,WHO defines no dedicated combination code for this ingredient set
1919076,N02BE01|R05DA09,R05DA20,COLLAPSE_TO_COMBINATION,curated,2 ingredients -> single WHO combination code
1923421,G03AA09|G03AC09,G03AA09,COLLAPSE_TO_COMBINATION,current_cell,3 ingredients -> single WHO combination code
1923481,C05AD03|D04AB04|R02AD01,,BLANKED_NO_WHO_COMBO,none,WHO defines no dedicated combination code for this ingredient set
1923483,C05AD03|D04AB04|R02AD01,,BLANKED_NO_WHO_COMBO,none,WHO defines no dedicated combination code for this ingredient set
1926055,A01AA01|B05XA07,A01AA51,COLLAPSE_TO_COMBINATION,who_index_wildcard,3 ingredients -> single WHO combination code
1926221,D04AA32|R01AA04|R06AA02|S01FB01|S01XA20,S01XA20,COLLAPSE_TO_COMBINATION,current_cell,2 ingredients -> single WHO combination code
1940494,A01AB03|A01AB09|D01AC02|D08AC02|G01AF04|R02AA05,,BLANKED_NO_WHO_COMBO,none,WHO defines no dedicated combination code for this ingredient set
1942340,D04AA32|R06AA02,R06AA52,COLLAPSE_TO_COMBINATION,who_index_wildcard,2 ingredients -> single WHO combination code
1943497,R01BA02|R05DB10,R01BA52,COLLAPSE_TO_COMBINATION,who_index_wildcard,3 ingredients -> single WHO combination code
1944656,B03AA02|G03CA01|G03DC02,G03AA05,COLLAPSE_TO_COMBINATION,curated,3 ingredients -> single WHO combination code
1944785,M04AA01|M04AB05,M04AA51,COLLAPSE_TO_COMBINATION,curated,2 ingredients -> single WHO combination code
1944788,M04AA01|M04AB05,M04AA51,COLLAPSE_TO_COMBINATION,curated,2 ingredients -> single WHO combination code
1946979,R05DA09|R06AB06,R05DA20,COLLAPSE_TO_COMBINATION,curated,3 ingredients -> single WHO combination code
1987017,D04AB01|N01BB02|N01BX04|R02AD02,N01BB52,COLLAPSE_TO_COMBINATION,who_index_wildcard,3 ingredients -> single WHO combination code
1989506,J05AG05|J05AX12,J05AR21,COLLAPSE_TO_COMBINATION,min_property,2 ingredients -> single WHO combination code
1990881,R05DA09|R06AB02,,BLANKED_NO_WHO_COMBO,ambiguous,WHO defines no dedicated combination code for this ingredient set
1992526,D04AA32|R01AA04|R06AA02|S01FB01|S01XA20,S01XA20,COLLAPSE_TO_COMBINATION,current_cell,2 ingredients -> single WHO combination code
1994337,A01AB03|D01AC08|D08AC02|J02AB02|R02AA05,D08AC52,COLLAPSE_TO_COMBINATION,who_index_wildcard,2 ingredients -> single WHO combination code
1995288,N01BC01|S01HA01|S02DA02,,BLANKED_NO_WHO_COMBO,none,WHO defines no dedicated combination code for this ingredient set
1995293,N01BC01|S01HA01|S02DA02,,BLANKED_NO_WHO_COMBO,none,WHO defines no dedicated combination code for this ingredient set
1996098,N02BE01|R05DA09,,BLANKED_NO_WHO_COMBO,ambiguous,WHO defines no dedicated combination code for this ingredient set
1996972,D08AE05|D08AX05,,BLANKED_NO_WHO_COMBO,none,WHO defines no dedicated combination code for this ingredient set
1999026,G03AC03|G03CA01,,BLANKED_NO_WHO_COMBO,none,WHO defines no dedicated combination code for this ingredient set
1999202,A03AX13|A12AA04,A02AF02,COLLAPSE_TO_COMBINATION,curated,2 ingredients -> single WHO combination code
1999890,A07AA01|D06AX04|S01AA03,A07AA51,COLLAPSE_TO_COMBINATION,who_index_wildcard,4 ingredients -> single WHO combination code
2001424,J05AF05|J05AF07|J05AG03,J05AR11,COLLAPSE_TO_COMBINATION,min_property,3 ingredients -> single WHO combination code
2001430,J05AF05|J05AF07|J05AG03,J05AR11,COLLAPSE_TO_COMBINATION,min_property,3 ingredients -> single WHO combination code
2001686,D04AB01|N01BB02|N01BX04|R02AD02,N01BB52,COLLAPSE_TO_COMBINATION,who_index_wildcard,4 ingredients -> single WHO combination code
2001745,D04AB01|N01BB02|N01BX04|R02AD02,N01BB52,COLLAPSE_TO_COMBINATION,who_index_wildcard,4 ingredients -> single WHO combination code
2001751,G03AA07|G03CA01,G03AA07,COLLAPSE_TO_COMBINATION,current_cell,2 ingredients -> single WHO combination code
2001756,G03AA09|G03AC09|G03CA01,G03AA09,COLLAPSE_TO_COMBINATION,current_cell,3 ingredients -> single WHO combination code
2001994,A07AA01|D04AB01|D06AX04|N01BB02|R02AD02|S01AA03,,BLANKED_NO_WHO_COMBO,none,WHO defines no dedicated combination code for this ingredient set
2003123,R01BA02|R05CA03,R01BA52,COLLAPSE_TO_COMBINATION,who_index_wildcard,2 ingredients -> single WHO combination code
2003130,R05DA09|R06AB04,R05DA20,COLLAPSE_TO_COMBINATION,curated,3 ingredients -> single WHO combination code
2003131,C05AD03|D04AB04|R02AD01,,BLANKED_NO_WHO_COMBO,none,WHO defines no dedicated combination code for this ingredient set
2003179,R05DA09|R06AB04,R05DA20,COLLAPSE_TO_COMBINATION,curated,2 ingredients -> single WHO combination code
2003255,J05AF05|J05AF07,J05AR12,COLLAPSE_TO_COMBINATION,min_property,2 ingredients -> single WHO combination code
2003344,A12CB01|V03AB20,,BLANKED_NO_WHO_COMBO,none,WHO defines no dedicated combination code for this ingredient set
2003375,G03AA12|G03AC10,G03AA12,COLLAPSE_TO_COMBINATION,min_property,3 ingredients -> single WHO combination code
2043455,C05AD03|D04AB04|D08AJ01|D08AJ08|R02AA16|R02AD01,,BLANKED_NO_WHO_COMBO,none,WHO defines no dedicated combination code for this ingredient set
2043464,J05AF05|J05AF07|J05AG03,J05AR11,COLLAPSE_TO_COMBINATION,min_property,3 ingredients -> single WHO combination code
2045196,G03AA12|G03AC10,G03AA12,COLLAPSE_TO_COMBINATION,min_property,3 ingredients -> single WHO combination code
2045892,A01AB09|D01AC02|G01AF04,,BLANKED_NO_WHO_COMBO,none,WHO defines no dedicated combination code for this ingredient set
2048017,A03BA03|N03AA02,A04AD51,COLLAPSE_TO_COMBINATION,who_index_wildcard,4 ingredients -> single WHO combination code
2049223,N02BE01|R05CA03,N02BE51,COLLAPSE_TO_COMBINATION,curated,3 ingredients -> single WHO combination code
2049281,N02BE01|R01BA02|R05DA09,R05DA20,COLLAPSE_TO_COMBINATION,curated,3 ingredients -> single WHO combination code
2049283,N02BE01|R01BA02|R05DA09|R06AB04,R05DA20,COLLAPSE_TO_COMBINATION,curated,4 ingredients -> single WHO combination code
2049286,R05DA09|R06AB01,R05DA20,COLLAPSE_TO_COMBINATION,curated,3 ingredients -> single WHO combination code
2049405,R01BA02|R05DA09|R06AB01,R05DA20,COLLAPSE_TO_COMBINATION,curated,3 ingredients -> single WHO combination code
2049407,R05CA03|R05DA09|R06AB01,,BLANKED_NO_WHO_COMBO,none,WHO defines no dedicated combination code for this ingredient set
2049409,R01BA02|R05CA03|R05DA09|R06AB01,,BLANKED_NO_WHO_COMBO,none,WHO defines no dedicated combination code for this ingredient set
2049411,R01BA02|R05DA09|R06AB04,R05DA20,COLLAPSE_TO_COMBINATION,curated,3 ingredients -> single WHO combination code
2049414,R05DA09|R06AB02,R06AB52,COLLAPSE_TO_COMBINATION,who_index_wildcard,4 ingredients -> single WHO combination code
2049505,D06AX07|D07AC01|H02AB01|S01BA06|S03AA06|S03BA03,,BLANKED_NO_WHO_COMBO,none,WHO defines no dedicated combination code for this ingredient set
2049513,D01AC01|D06AX07|D07AC01|H02AB01|S01BA06|S03AA06|S03BA03,,BLANKED_NO_WHO_COMBO,none,WHO defines no dedicated combination code for this ingredient set
2049841,N02BE01|R05DA09|R06AB04,N07XX59,COLLAPSE_TO_COMBINATION,who_index_wildcard,3 ingredients -> single WHO combination code
2050367,R01BA02|R05DA09,R05DA20,COLLAPSE_TO_COMBINATION,curated,2 ingredients -> single WHO combination code
2052925,N01BX02|R02AD04,,BLANKED_NO_WHO_COMBO,none,WHO defines no dedicated combination code for this ingredient set
2055751,A07AA01|D06AX04|S01AA03,A07AA51,COLLAPSE_TO_COMBINATION,who_index_wildcard,4 ingredients -> single WHO combination code
2055815,J05AF05|J05AF07,J05AR24,COLLAPSE_TO_COMBINATION,min_property,3 ingredients -> single WHO combination code
2056073,R05CA03|R05DA09|R06AA09,R05FA02,COLLAPSE_TO_COMBINATION,curated,3 ingredients -> single WHO combination code
2056893,R05DA04|R06AB04,,BLANKED_NO_WHO_COMBO,ambiguous,WHO defines no dedicated combination code for this ingredient set
2099286,R05DA04|R06AB04,,BLANKED_NO_WHO_COMBO,none,WHO defines no dedicated combination code for this ingredient set
2101281,N02BE01|R05DA09,R05DA20,COLLAPSE_TO_COMBINATION,curated,2 ingredients -> single WHO combination code
2101296,R01BA02|R05DA09|R06AB01,N07XX59,COLLAPSE_TO_COMBINATION,who_index_wildcard,3 ingredients -> single WHO combination code
2106334,J07AF01|J07AM01,J07AJ52,COLLAPSE_TO_COMBINATION,curated,2 ingredients -> single WHO combination code
2106997,G03AA12|G03AC10,G03AA12,COLLAPSE_TO_COMBINATION,min_property,3 ingredients -> single WHO combination code
2107511,D04AB01|N01BB02|N01BX04|R02AD02,N01BB52,COLLAPSE_TO_COMBINATION,who_index_wildcard,4 ingredients -> single WHO combination code
2108930,G03CA03|G03DA04,G03CA53,COLLAPSE_TO_COMBINATION,who_index_wildcard,2 ingredients -> single WHO combination code
2109606,D08AJ01|D08AJ08|R02AA16,,BLANKED_NO_WHO_COMBO,none,WHO defines no dedicated combination code for this ingredient set
2109620,J07AF01|J07AM01,,BLANKED_NO_WHO_COMBO,none,WHO defines no dedicated combination code for this ingredient set
2110600,C05AD03|D04AB04|R02AD01,,BLANKED_NO_WHO_COMBO,none,WHO defines no dedicated combination code for this ingredient set
2117337,C05AD03|D04AB04|R02AD01,,BLANKED_NO_WHO_COMBO,none,WHO defines no dedicated combination code for this ingredient set
2119625,R05CA03|R05DA09|R06AB04,N07XX59,COLLAPSE_TO_COMBINATION,who_index_wildcard,3 ingredients -> single WHO combination code
2121105,D11AX22|P02CF01,,BLANKED_NO_WHO_COMBO,none,WHO defines no dedicated combination code for this ingredient set
2121931,D04AB01|N01BB02|R02AD02,N01BB52,COLLAPSE_TO_COMBINATION,who_index_wildcard,4 ingredients -> single WHO combination code
2122526,J05AF05|J05AX12,J05AR25,COLLAPSE_TO_COMBINATION,min_property,2 ingredients -> single WHO combination code
2122900,R05CA03|R05DA03,R05FA02,COLLAPSE_TO_COMBINATION,curated,3 ingredients -> single WHO combination code
2122902,R05CA03|R05DA03,R05FA02,COLLAPSE_TO_COMBINATION,curated,3 ingredients -> single WHO combination code
2122905,R05CA03|R05DA03,,BLANKED_NO_WHO_COMBO,ambiguous,WHO defines no dedicated combination code for this ingredient set
2122907,R05CA03|R05DA03,,BLANKED_NO_WHO_COMBO,ambiguous,WHO defines no dedicated combination code for this ingredient set
2122909,R05CA03|R05DA03,,BLANKED_NO_WHO_COMBO,ambiguous,WHO defines no dedicated combination code for this ingredient set
2123034,J05AF05|J05AF07,J05AR12,COLLAPSE_TO_COMBINATION,min_property,2 ingredients -> single WHO combination code
2166112,D01AC01|D06AX07|D07AC13|R03BA07|S03AA06,,BLANKED_NO_WHO_COMBO,none,WHO defines no dedicated combination code for this ingredient set
2166123,R05CA03|R05DA09,R05FA02,COLLAPSE_TO_COMBINATION,curated,3 ingredients -> single WHO combination code
2166129,D04AA32|R01AA04|R06AA02|S01FB01|S01XA20,S01XA20,COLLAPSE_TO_COMBINATION,current_cell,2 ingredients -> single WHO combination code
2166147,C05AD03|D04AB04|R02AD01,,BLANKED_NO_WHO_COMBO,none,WHO defines no dedicated combination code for this ingredient set
2167674,R05CA03|R05DA09,R05DA20,COLLAPSE_TO_COMBINATION,curated,3 ingredients -> single WHO combination code
2167676,R01BA02|R05CA03|R05DA09,R05FB02,COLLAPSE_TO_COMBINATION,curated,3 ingredients -> single WHO combination code
2167679,N02BE01|R01BA02|R05DA09,R05DA20,COLLAPSE_TO_COMBINATION,curated,3 ingredients -> single WHO combination code
2167728,R01BA02|R05DA09|R06AB01,R06AB51,COLLAPSE_TO_COMBINATION,who_index_wildcard,3 ingredients -> single WHO combination code
2167729,R01BA02|R05DA09|R06AB01,R05DA20,COLLAPSE_TO_COMBINATION,curated,3 ingredients -> single WHO combination code
2167731,R01BA02|R05DA09|R06AB01,R05DA20,COLLAPSE_TO_COMBINATION,curated,3 ingredients -> single WHO combination code
2167732,R01BA02|R05DA09|R06AB01,R05DA20,COLLAPSE_TO_COMBINATION,curated,3 ingredients -> single WHO combination code
2167740,R05DA09|R06AB04,R05DA20,COLLAPSE_TO_COMBINATION,curated,3 ingredients -> single WHO combination code
2167750,R05DA09|R06AB04,R05DA20,COLLAPSE_TO_COMBINATION,curated,3 ingredients -> single WHO combination code
2167752,R05DA09|R06AB04,R05DA20,COLLAPSE_TO_COMBINATION,curated,3 ingredients -> single WHO combination code
2167782,R01BA02|R05CA03|R05DA09,R05FB02,COLLAPSE_TO_COMBINATION,curated,3 ingredients -> single WHO combination code
2167783,R01BA02|R05CA03|R05DA09,R05FB02,COLLAPSE_TO_COMBINATION,curated,3 ingredients -> single WHO combination code
2167784,R05CA03|R05DA09,R05FA02,COLLAPSE_TO_COMBINATION,curated,3 ingredients -> single WHO combination code
2167800,R05CA03|R05DA09,R05DA20,COLLAPSE_TO_COMBINATION,curated,3 ingredients -> single WHO combination code
2167838,N02BE01|R01BA02|R05DA09,R05DA20,COLLAPSE_TO_COMBINATION,curated,3 ingredients -> single WHO combination code
2168002,R01BA02|R05DA09|R06AB02,R05DA20,COLLAPSE_TO_COMBINATION,curated,3 ingredients -> single WHO combination code
2168003,R05DA09|R06AB04,R05DA20,COLLAPSE_TO_COMBINATION,curated,3 ingredients -> single WHO combination code
2168004,R05DA09|R06AB04,R05DA20,COLLAPSE_TO_COMBINATION,curated,3 ingredients -> single WHO combination code
2168006,R05CA03|R05DA09,R05DA20,COLLAPSE_TO_COMBINATION,curated,3 ingredients -> single WHO combination code
2168011,R05CA03|R05DA09,R05DA20,COLLAPSE_TO_COMBINATION,curated,3 ingredients -> single WHO combination code
2168014,R05CA03|R05DA09,R05DA20,COLLAPSE_TO_COMBINATION,curated,3 ingredients -> single WHO combination code
2168019,R05CA03|R05DA09,R05DA20,COLLAPSE_TO_COMBINATION,curated,3 ingredients -> single WHO combination code
2168021,R01BA02|R05CA03|R05DA09,R05FB02,COLLAPSE_TO_COMBINATION,curated,3 ingredients -> single WHO combination code
2168025,R05CA09|R05DA09,,BLANKED_NO_WHO_COMBO,none,WHO defines no dedicated combination code for this ingredient set
2168438,R01BA02|R05CA03|R05DA09,R05FB02,COLLAPSE_TO_COMBINATION,curated,3 ingredients -> single WHO combination code
2168501,R05CA03|R05DA09,R05DA20,COLLAPSE_TO_COMBINATION,curated,3 ingredients -> single WHO combination code
2168502,R05CA03|R05DA09,R05DA20,COLLAPSE_TO_COMBINATION,curated,3 ingredients -> single WHO combination code
2168504,R01BA01|R05CA03|R05DA09,R05FA02,COLLAPSE_TO_COMBINATION,curated,3 ingredients -> single WHO combination code
2168506,R01BA02|R05CA03|R05DA09,R05FB02,COLLAPSE_TO_COMBINATION,curated,3 ingredients -> single WHO combination code
2168508,R05CA03|R05DA09,R05DA20,COLLAPSE_TO_COMBINATION,curated,3 ingredients -> single WHO combination code
2168517,R05DA09|R06AB06,R05DA20,COLLAPSE_TO_COMBINATION,curated,3 ingredients -> single WHO combination code
2168518,R05DA09|R06AB06,R05DA20,COLLAPSE_TO_COMBINATION,curated,3 ingredients -> single WHO combination code
2168531,N02BE01|R05DA09,,BLANKED_NO_WHO_COMBO,ambiguous,WHO defines no dedicated combination code for this ingredient set
2168602,N02BE01|R01BA02|R05DA09,R05DA20,COLLAPSE_TO_COMBINATION,curated,3 ingredients -> single WHO combination code
2168771,N02BE01|R01BA01|R05DA09|R06AB04,R05DA20,COLLAPSE_TO_COMBINATION,curated,4 ingredients -> single WHO combination code
2168772,N02BE01|R01BA01|R05DA09|R06AB04,R05DA20,COLLAPSE_TO_COMBINATION,curated,4 ingredients -> single WHO combination code
2168784,N02BE01|R01BA01|R05DA09,,BLANKED_NO_WHO_COMBO,none,WHO defines no dedicated combination code for this ingredient set
2168785,N02BE01|R01BA01|R05CA03|R05DA09,,BLANKED_NO_WHO_COMBO,none,WHO defines no dedicated combination code for this ingredient set
2169138,R05CA03|R05DA09,R05DA20,COLLAPSE_TO_COMBINATION,curated,3 ingredients -> single WHO combination code
2170058,R05CA03|R05CA09|R05DA09,,BLANKED_NO_WHO_COMBO,none,WHO defines no dedicated combination code for this ingredient set
2171132,D04AB01|N01BB02|R02AD02,N01BB52,COLLAPSE_TO_COMBINATION,who_index_wildcard,2 ingredients -> single WHO combination code
2172190,R05CA03|R05DA09,R05FA02,COLLAPSE_TO_COMBINATION,curated,3 ingredients -> single WHO combination code
2173654,R05DA09|R06AB04,R05DA20,COLLAPSE_TO_COMBINATION,curated,3 ingredients -> single WHO combination code
2173662,N02BE01|R05DA09|R06AX07,N07XX59,COLLAPSE_TO_COMBINATION,who_index_wildcard,4 ingredients -> single WHO combination code
2173667,N02BE01|R05DA09|R06AX07,N07XX59,COLLAPSE_TO_COMBINATION,who_index_wildcard,3 ingredients -> single WHO combination code
2173668,R01BA01|R05DA09|R06AB04,R05DA20,COLLAPSE_TO_COMBINATION,curated,3 ingredients -> single WHO combination code
2173678,R05DA09|R06AB04,R05DA20,COLLAPSE_TO_COMBINATION,curated,3 ingredients -> single WHO combination code
2173716,R05DA09|R06AB04,R05DA20,COLLAPSE_TO_COMBINATION,curated,3 ingredients -> single WHO combination code
2173720,R01BA02|R05CA03|R05DA09,N07XX59,COLLAPSE_TO_COMBINATION,who_index_wildcard,3 ingredients -> single WHO combination code
2173730,R05CA03|R05DA09,R05DA20,COLLAPSE_TO_COMBINATION,curated,3 ingredients -> single WHO combination code
2173738,R05CA03|R05DA09,,BLANKED_NO_WHO_COMBO,ambiguous,WHO defines no dedicated combination code for this ingredient set
2173825,R05CA03|R05DA09,,BLANKED_NO_WHO_COMBO,ambiguous,WHO defines no dedicated combination code for this ingredient set
2173826,R05CA03|R05DA09,R05DA20,COLLAPSE_TO_COMBINATION,curated,3 ingredients -> single WHO combination code
2173828,R01BA01|R05CA03|R05DA09,R05FA02,COLLAPSE_TO_COMBINATION,curated,3 ingredients -> single WHO combination code
2173829,R01BA02|R05CA03|R05DA09,R05FB02,COLLAPSE_TO_COMBINATION,curated,3 ingredients -> single WHO combination code
2173830,R01BA02|R05CA03|R05DA09,R05FB02,COLLAPSE_TO_COMBINATION,curated,3 ingredients -> single WHO combination code
2173831,R05CA03|R05DA09,R05DA20,COLLAPSE_TO_COMBINATION,curated,3 ingredients -> single WHO combination code
2173832,R01BA02|R05CA03|R05DA09,R05FB02,COLLAPSE_TO_COMBINATION,curated,3 ingredients -> single WHO combination code
2173833,R01BA02|R05CA03|R05DA09,R05FB02,COLLAPSE_TO_COMBINATION,curated,3 ingredients -> single WHO combination code
2173834,R05CA03|R05DA09,R05DA20,COLLAPSE_TO_COMBINATION,curated,3 ingredients -> single WHO combination code
2173839,R05CA03|R05DA09,R05DA20,COLLAPSE_TO_COMBINATION,curated,3 ingredients -> single WHO combination code
2173843,R01BA02|R05CA03|R05DA09,R05FB02,COLLAPSE_TO_COMBINATION,curated,3 ingredients -> single WHO combination code
2173851,R01BA02|R05DA09,,BLANKED_NO_WHO_COMBO,none,WHO defines no dedicated combination code for this ingredient set
2173854,R01BA02|R05CA03|R05DA09,R01BA52,COLLAPSE_TO_COMBINATION,who_index_wildcard,3 ingredients -> single WHO combination code
2173855,R05CA03|R05DA09,R05DA20,COLLAPSE_TO_COMBINATION,curated,3 ingredients -> single WHO combination code
2173857,R05CA03|R05DA09,R05DA20,COLLAPSE_TO_COMBINATION,curated,3 ingredients -> single WHO combination code
2173858,R05CA03|R05DA09,R05DA20,COLLAPSE_TO_COMBINATION,curated,3 ingredients -> single WHO combination code
2173928,R01BA01|R05CA03|R05DA09,R01BA51,COLLAPSE_TO_COMBINATION,who_index_wildcard,4 ingredients -> single WHO combination code
2173929,R01BA02|R05CA03|R05DA09,R05FB02,COLLAPSE_TO_COMBINATION,curated,3 ingredients -> single WHO combination code
2173943,R01BA02|R05CA03|R05DA09|R06AB06,R06AB56,COLLAPSE_TO_COMBINATION,who_index_wildcard,4 ingredients -> single WHO combination code
2173946,R05DA09|R06AB06,N07XX59,COLLAPSE_TO_COMBINATION,who_index_wildcard,4 ingredients -> single WHO combination code
2173947,R05CA03|R05DA09|R06AB02,,BLANKED_NO_WHO_COMBO,none,WHO defines no dedicated combination code for this ingredient set
2173954,R01BA02|R05DA09|R06AB02,R05DA20,COLLAPSE_TO_COMBINATION,curated,3 ingredients -> single WHO combination code
2174513,R01BA01|R05DA09|R06AB01,,BLANKED_NO_WHO_COMBO,none,WHO defines no dedicated combination code for this ingredient set
2174520,R01BA01|R05DA09|R06AB04,,BLANKED_NO_WHO_COMBO,none,WHO defines no dedicated combination code for this ingredient set
2174533,N02BE01|R01BA01|R05DA09|R06AB04,R05DA20,COLLAPSE_TO_COMBINATION,curated,4 ingredients -> single WHO combination code
2174534,N02BE01|R01BA01|R05DA09,,BLANKED_NO_WHO_COMBO,none,WHO defines no dedicated combination code for this ingredient set
2175104,N02BE01|R05CA03|R05DA09,,BLANKED_NO_WHO_COMBO,none,WHO defines no dedicated combination code for this ingredient set
2175997,M01AX05|M01AX25,,BLANKED_NO_WHO_COMBO,none,WHO defines no dedicated combination code for this ingredient set
2175998,M01AX05|M01AX25,,BLANKED_NO_WHO_COMBO,none,WHO defines no dedicated combination code for this ingredient set
2176457,N02BE01|R01BA02|R05DA09,R05DA20,COLLAPSE_TO_COMBINATION,curated,3 ingredients -> single WHO combination code
2176461,R01BA01|R05CA03|R05DA09|R06AB01,,BLANKED_NO_WHO_COMBO,none,WHO defines no dedicated combination code for this ingredient set
2176462,R05DA09|R06AB01,R05DA20,COLLAPSE_TO_COMBINATION,curated,3 ingredients -> single WHO combination code
2176463,R01BA02|R05DA09|R06AB01,R06AB51,COLLAPSE_TO_COMBINATION,who_index_wildcard,3 ingredients -> single WHO combination code
2176487,R05DA09|R06AB01,N07XX59,COLLAPSE_TO_COMBINATION,who_index_wildcard,3 ingredients -> single WHO combination code
2176488,R01BA02|R05DA09|R06AB04,R05DA20,COLLAPSE_TO_COMBINATION,curated,3 ingredients -> single WHO combination code
2177911,R05CA03|R05DA09|R06AB04,R05FA02,COLLAPSE_TO_COMBINATION,curated,4 ingredients -> single WHO combination code
2177912,R05CA03|R05DA09|R06AB04,R05FA02,COLLAPSE_TO_COMBINATION,curated,4 ingredients -> single WHO combination code
2177914,R01BA02|R05DA09|R06AB04,,BLANKED_NO_WHO_COMBO,none,WHO defines no dedicated combination code for this ingredient set
2177921,R05CA03|R05DA09|R06AB04,R05FA02,COLLAPSE_TO_COMBINATION,curated,4 ingredients -> single WHO combination code
2177922,R05CA03|R05DA09|R06AB04,R05FA02,COLLAPSE_TO_COMBINATION,curated,4 ingredients -> single WHO combination code
2178016,R01BA01|R05DA09|R06AB04,R01BA51,COLLAPSE_TO_COMBINATION,who_index_wildcard,4 ingredients -> single WHO combination code
2178017,R05DA09|R06AB04,R05DA20,COLLAPSE_TO_COMBINATION,curated,3 ingredients -> single WHO combination code
2178056,R01BA02|R05DA09|R06AB04,R01BA52,COLLAPSE_TO_COMBINATION,who_index_wildcard,3 ingredients -> single WHO combination code
2178057,R01BA02|R05DA09|R06AB04,R05DA20,COLLAPSE_TO_COMBINATION,curated,3 ingredients -> single WHO combination code
2178058,R01BA02|R05DA09|R06AB04,R05DA20,COLLAPSE_TO_COMBINATION,curated,3 ingredients -> single WHO combination code
2178059,R01BA02|R05DA09|R06AB04,R05DA20,COLLAPSE_TO_COMBINATION,curated,3 ingredients -> single WHO combination code
2178097,R01BA02|R05CA03|R05DA09|R06AB04,,BLANKED_NO_WHO_COMBO,none,WHO defines no dedicated combination code for this ingredient set
2178102,R05DA09|R06AB04,R05DA20,COLLAPSE_TO_COMBINATION,curated,3 ingredients -> single WHO combination code
2178159,R01BA02|R05DA09|R06AB04,R05DA20,COLLAPSE_TO_COMBINATION,curated,3 ingredients -> single WHO combination code
2178160,R01BA02|R05DA09|R06AB04,R05DA20,COLLAPSE_TO_COMBINATION,curated,3 ingredients -> single WHO combination code
2178161,R05CA03|R05DA09|R06AB04,R05FA02,COLLAPSE_TO_COMBINATION,curated,4 ingredients -> single WHO combination code
2178163,R01BA02|R05DA09|R06AB04,R01BA52,COLLAPSE_TO_COMBINATION,who_index_wildcard,3 ingredients -> single WHO combination code
2178168,R01BA02|R05DA09|R06AB04,,BLANKED_NO_WHO_COMBO,none,WHO defines no dedicated combination code for this ingredient set
2178941,N02BE01|R06AB04,N02BE51,COLLAPSE_TO_COMBINATION,curated,3 ingredients -> single WHO combination code
2181317,R01BA01|R06AB04,,BLANKED_NO_WHO_COMBO,ambiguous,WHO defines no dedicated combination code for this ingredient set
2182349,R05DA03|R06AB04,R05DA20,COLLAPSE_TO_COMBINATION,curated,3 ingredients -> single WHO combination code
2182351,R05DA03|R06AB04,R05DA20,COLLAPSE_TO_COMBINATION,curated,3 ingredients -> single WHO combination code
2182353,R05DA03|R06AB04,R05DA20,COLLAPSE_TO_COMBINATION,curated,3 ingredients -> single WHO combination code
2183669,R05DA03|R06AB04,R05DA20,COLLAPSE_TO_COMBINATION,curated,2 ingredients -> single WHO combination code
2183671,R05DA03|R06AB04,R05DA20,COLLAPSE_TO_COMBINATION,curated,2 ingredients -> single WHO combination code
2183676,R01BA02|R06AB04,,BLANKED_NO_WHO_COMBO,none,WHO defines no dedicated combination code for this ingredient set
2183700,R01BA02|R06AB04,R01BA52,COLLAPSE_TO_COMBINATION,who_index_wildcard,2 ingredients -> single WHO combination code
2183896,R05DB05|R06AB04,R05DB20,COLLAPSE_TO_COMBINATION,curated,2 ingredients -> single WHO combination code
2183898,R05DB05|R06AB04,R05DB20,COLLAPSE_TO_COMBINATION,curated,2 ingredients -> single WHO combination code
2184088,R01BA02|R06AB02,R06AB52,COLLAPSE_TO_COMBINATION,who_index_wildcard,2 ingredients -> single WHO combination code
2184131,N02BE01|R06AB04,,BLANKED_NO_WHO_COMBO,none,WHO defines no dedicated combination code for this ingredient set
2184132,N02BE01|R06AB04,,BLANKED_NO_WHO_COMBO,none,WHO defines no dedicated combination code for this ingredient set
2184167,R05DB05|R06AB04,R05DB20,COLLAPSE_TO_COMBINATION,curated,3 ingredients -> single WHO combination code
2184168,R05DB05|R06AB04,R05DB20,COLLAPSE_TO_COMBINATION,curated,3 ingredients -> single WHO combination code
2184177,R01BA02|R06AB04,,BLANKED_NO_WHO_COMBO,none,WHO defines no dedicated combination code for this ingredient set
2191891,D01AE12|D10AE01,D10AE51,COLLAPSE_TO_COMBINATION,who_index_wildcard,2 ingredients -> single WHO combination code
