REVIEW_GROUP,RXCUI,RXCUI_NAME,CURRENT_ATC,CURRENT_NAME,NEW_ATC,NEW_NAME,ACTION,CONFIDENCE,REASON
4,722126,amlodipine 10 MG / valsartan 160 MG Oral Tablet,C09DB01,valsartan and amlodipine,C09DB01,valsartan and amlodipine,KEEP,HIGH,Exact match: amlodipine/valsartan (Exforge).
4,722131,amlodipine 10 MG / valsartan 320 MG Oral Tablet,C09DB01,valsartan and amlodipine,C09DB01,valsartan and amlodipine,KEEP,HIGH,Exact match: amlodipine/valsartan (Exforge).
4,722134,amlodipine 5 MG / valsartan 160 MG Oral Tablet,C09DB01,valsartan and amlodipine,C09DB01,valsartan and amlodipine,KEEP,HIGH,Exact match: amlodipine/valsartan (Exforge).
4,722137,amlodipine 5 MG / valsartan 320 MG Oral Tablet,C09DB01,valsartan and amlodipine,C09DB01,valsartan and amlodipine,KEEP,HIGH,Exact match: amlodipine/valsartan (Exforge).
4,724879,amlodipine 10 MG / valsartan 160 MG Oral Tablet [Exforge],C09DB01,valsartan and amlodipine,C09DB01,valsartan and amlodipine,KEEP,HIGH,Exact match: amlodipine/valsartan (Exforge).
4,724887,amlodipine 10 MG / valsartan 320 MG Oral Tablet [Exforge],C09DB01,valsartan and amlodipine,C09DB01,valsartan and amlodipine,KEEP,HIGH,Exact match: amlodipine/valsartan (Exforge).
4,724891,amlodipine 5 MG / valsartan 160 MG Oral Tablet [Exforge],C09DB01,valsartan and amlodipine,C09DB01,valsartan and amlodipine,KEEP,HIGH,Exact match: amlodipine/valsartan (Exforge).
4,724895,amlodipine 5 MG / valsartan 320 MG Oral Tablet [Exforge],C09DB01,valsartan and amlodipine,C09DB01,valsartan and amlodipine,KEEP,HIGH,Exact match: amlodipine/valsartan (Exforge).
4,729455,amlodipine / valsartan,C09DB01,valsartan and amlodipine,C09DB01,valsartan and amlodipine,KEEP,HIGH,Exact match: amlodipine/valsartan (Exforge).
4,730861,amlodipine 10 MG / olmesartan medoxomil 20 MG Oral Tablet,C09DB02,olmesartan medoxomil and amlodipine,C09DB02,olmesartan medoxomil and amlodipine,KEEP,HIGH,Exact match: amlodipine/olmesartan (Azor).
4,730866,amlodipine 10 MG / olmesartan medoxomil 40 MG Oral Tablet,C09DB02,olmesartan medoxomil and amlodipine,C09DB02,olmesartan medoxomil and amlodipine,KEEP,HIGH,Exact match: amlodipine/olmesartan (Azor).
4,730869,amlodipine 5 MG / olmesartan medoxomil 20 MG Oral Tablet,C09DB02,olmesartan medoxomil and amlodipine,C09DB02,olmesartan medoxomil and amlodipine,KEEP,HIGH,Exact match: amlodipine/olmesartan (Azor).
4,730872,amlodipine 5 MG / olmesartan medoxomil 40 MG Oral Tablet,C09DB02,olmesartan medoxomil and amlodipine,C09DB02,olmesartan medoxomil and amlodipine,KEEP,HIGH,Exact match: amlodipine/olmesartan (Azor).
4,744624,amlodipine 10 MG / olmesartan medoxomil 20 MG Oral Tablet [Azor],C09DB02,olmesartan medoxomil and amlodipine,C09DB02,olmesartan medoxomil and amlodipine,KEEP,HIGH,Exact match: amlodipine/olmesartan (Azor).
4,744628,amlodipine 10 MG / olmesartan medoxomil 40 MG Oral Tablet [Azor],C09DB02,olmesartan medoxomil and amlodipine,C09DB02,olmesartan medoxomil and amlodipine,KEEP,HIGH,Exact match: amlodipine/olmesartan (Azor).
4,744632,amlodipine 5 MG / olmesartan medoxomil 20 MG Oral Tablet [Azor],C09DB02,olmesartan medoxomil and amlodipine,C09DB02,olmesartan medoxomil and amlodipine,KEEP,HIGH,Exact match: amlodipine/olmesartan (Azor).
4,744636,amlodipine 5 MG / olmesartan medoxomil 40 MG Oral Tablet [Azor],C09DB02,olmesartan medoxomil and amlodipine,C09DB02,olmesartan medoxomil and amlodipine,KEEP,HIGH,Exact match: amlodipine/olmesartan (Azor).
4,312447,piperacillin 200 MG/ML / tazobactam 25 MG/ML Injectable Solution,J01CR05,piperacillin and beta-lactamase inhibitor,J01CR05,piperacillin and beta-lactamase inhibitor,KEEP,HIGH,Exact match: piperacillin/tazobactam (Zosyn).
4,884254,piperacillin 200 MG/ML / tazobactam 25 MG/ML Injectable Solution [Zosyn],J01CR05,piperacillin and beta-lactamase inhibitor,J01CR05,piperacillin and beta-lactamase inhibitor,KEEP,HIGH,Exact match: piperacillin/tazobactam (Zosyn).
4,1659131,piperacillin 2000 MG / tazobactam 250 MG Injection,J01CR05,piperacillin and beta-lactamase inhibitor,J01CR05,piperacillin and beta-lactamase inhibitor,KEEP,HIGH,Exact match: piperacillin/tazobactam (Zosyn).
4,1659134,piperacillin 2000 MG / tazobactam 250 MG Injection [Zosyn],J01CR05,piperacillin and beta-lactamase inhibitor,J01CR05,piperacillin and beta-lactamase inhibitor,KEEP,HIGH,Exact match: piperacillin/tazobactam (Zosyn).
4,1659137,piperacillin 3000 MG / tazobactam 375 MG Injection,J01CR05,piperacillin and beta-lactamase inhibitor,J01CR05,piperacillin and beta-lactamase inhibitor,KEEP,HIGH,Exact match: piperacillin/tazobactam (Zosyn).
4,1659139,piperacillin 3000 MG / tazobactam 375 MG Injection [Zosyn],J01CR05,piperacillin and beta-lactamase inhibitor,J01CR05,piperacillin and beta-lactamase inhibitor,KEEP,HIGH,Exact match: piperacillin/tazobactam (Zosyn).
4,1659149,piperacillin 4000 MG / tazobactam 500 MG Injection,J01CR05,piperacillin and beta-lactamase inhibitor,J01CR05,piperacillin and beta-lactamase inhibitor,KEEP,HIGH,Exact match: piperacillin/tazobactam (Zosyn).
4,1659151,piperacillin 4000 MG / tazobactam 500 MG Injection [Zosyn],J01CR05,piperacillin and beta-lactamase inhibitor,J01CR05,piperacillin and beta-lactamase inhibitor,KEEP,HIGH,Exact match: piperacillin/tazobactam (Zosyn).
4,827751,acetaminophen 325 MG / propoxyphene napsylate 100 MG Oral Tablet,N02AC54,"dextropropoxyphene, combinations excl. psycholeptics",N02AC54,"dextropropoxyphene, combinations excl. psycholeptics",KEEP,HIGH,Exact match: propoxyphene combinations excl. psycholeptics.
4,828576,acetaminophen 650 MG / propoxyphene napsylate 100 MG Oral Tablet,N02AC54,"dextropropoxyphene, combinations excl. psycholeptics",N02AC54,"dextropropoxyphene, combinations excl. psycholeptics",KEEP,HIGH,Exact match: propoxyphene combinations excl. psycholeptics.
4,828585,aspirin 389 MG / caffeine 32.4 MG / propoxyphene hydrochloride 32 MG Oral Capsule,N02AC54,"dextropropoxyphene, combinations excl. psycholeptics",N02AC54,"dextropropoxyphene, combinations excl. psycholeptics",KEEP,HIGH,Exact match: propoxyphene combinations excl. psycholeptics.
4,828594,aspirin 389 MG / caffeine 32.4 MG / propoxyphene hydrochloride 65 MG Oral Capsule,N02AC54,"dextropropoxyphene, combinations excl. psycholeptics",N02AC54,"dextropropoxyphene, combinations excl. psycholeptics",KEEP,HIGH,Exact match: propoxyphene combinations excl. psycholeptics.
4,849295,acetaminophen 325 MG / propoxyphene napsylate 50 MG Oral Tablet,N02AC54,"dextropropoxyphene, combinations excl. psycholeptics",N02AC54,"dextropropoxyphene, combinations excl. psycholeptics",KEEP,HIGH,Exact match: propoxyphene combinations excl. psycholeptics.
4,849304,acetaminophen 500 MG / propoxyphene napsylate 100 MG Oral Tablet,N02AC54,"dextropropoxyphene, combinations excl. psycholeptics",N02AC54,"dextropropoxyphene, combinations excl. psycholeptics",KEEP,HIGH,Exact match: propoxyphene combinations excl. psycholeptics.
4,849426,aspirin 375 MG / caffeine 30 MG / propoxyphene hydrochloride 65 MG Oral Tablet,N02AC54,"dextropropoxyphene, combinations excl. psycholeptics",N02AC54,"dextropropoxyphene, combinations excl. psycholeptics",KEEP,HIGH,Exact match: propoxyphene combinations excl. psycholeptics.
4,1190201,acetaminophen 320.5 MG / caffeine 30 MG / dihydrocodeine bitartrate 16 MG Oral Capsule [Trezix],N02AJ01,dihydrocodeine and paracetamol,N02AJ01,dihydrocodeine and paracetamol,KEEP,HIGH,Exact match: dihydrocodeine and paracetamol.
4,1234871,acetaminophen 356.4 MG / caffeine 30 MG / dihydrocodeine bitartrate 16 MG Oral Capsule,N02AJ01,dihydrocodeine and paracetamol,N02AJ01,dihydrocodeine and paracetamol,KEEP,HIGH,Exact match: dihydrocodeine and paracetamol.
4,1234978,acetaminophen 712.8 MG / caffeine 60 MG / dihydrocodeine bitartrate 32 MG Oral Tablet,N02AJ01,dihydrocodeine and paracetamol,N02AJ01,dihydrocodeine and paracetamol,KEEP,HIGH,Exact match: dihydrocodeine and paracetamol.
4,1236191,acetaminophen 250 MG / dihydrocodeine bitartrate 20 MG / salicylamide 250 MG Oral Capsule,N02AJ01,dihydrocodeine and paracetamol,N02AJ01,dihydrocodeine and paracetamol,KEEP,HIGH,Exact match: dihydrocodeine and paracetamol.
4,1596108,acetaminophen 320.5 MG / caffeine 30 MG / dihydrocodeine bitartrate 16 MG Oral Capsule,N02AJ01,dihydrocodeine and paracetamol,N02AJ01,dihydrocodeine and paracetamol,KEEP,HIGH,Exact match: dihydrocodeine and paracetamol.
4,1812164,acetaminophen 325 MG / caffeine 30 MG / dihydrocodeine bitartrate 16 MG Oral Tablet,N02AJ01,dihydrocodeine and paracetamol,N02AJ01,dihydrocodeine and paracetamol,KEEP,HIGH,Exact match: dihydrocodeine and paracetamol.
4,2105929,acetaminophen 325 MG / caffeine 30 MG / dihydrocodeine bitartrate 16 MG Oral Tablet [Dvorah],N02AJ01,dihydrocodeine and paracetamol,N02AJ01,dihydrocodeine and paracetamol,KEEP,HIGH,Exact match: dihydrocodeine and paracetamol.
4,310796,hydrochlorothiazide 12.5 MG / quinapril 10 MG Oral Tablet,C09BA06,quinapril and diuretics,C09BA06,quinapril and diuretics,KEEP,HIGH,Exact match: quinapril/HCTZ (Accuretic).
4,310797,hydrochlorothiazide 12.5 MG / quinapril 20 MG Oral Tablet,C09BA06,quinapril and diuretics,C09BA06,quinapril and diuretics,KEEP,HIGH,Exact match: quinapril/HCTZ (Accuretic).
4,310809,hydrochlorothiazide 25 MG / quinapril 20 MG Oral Tablet,C09BA06,quinapril and diuretics,C09BA06,quinapril and diuretics,KEEP,HIGH,Exact match: quinapril/HCTZ (Accuretic).
4,809854,hydrochlorothiazide 12.5 MG / quinapril 10 MG Oral Tablet [Accuretic],C09BA06,quinapril and diuretics,C09BA06,quinapril and diuretics,KEEP,HIGH,Exact match: quinapril/HCTZ (Accuretic).
4,809858,hydrochlorothiazide 12.5 MG / quinapril 20 MG Oral Tablet [Accuretic],C09BA06,quinapril and diuretics,C09BA06,quinapril and diuretics,KEEP,HIGH,Exact match: quinapril/HCTZ (Accuretic).
4,882559,hydrochlorothiazide 25 MG / quinapril 20 MG Oral Tablet [Accuretic],C09BA06,quinapril and diuretics,C09BA06,quinapril and diuretics,KEEP,HIGH,Exact match: quinapril/HCTZ (Accuretic).
4,1368384,alogliptin / metformin,A10BD13,metformin and alogliptin,A10BD13,metformin and alogliptin,KEEP,HIGH,Exact match: alogliptin/metformin (Kazano).
4,1368385,alogliptin 12.5 MG / metformin hydrochloride 1000 MG Oral Tablet,A10BD13,metformin and alogliptin,A10BD13,metformin and alogliptin,KEEP,HIGH,Exact match: alogliptin/metformin (Kazano).
4,1368391,alogliptin 12.5 MG / metformin hydrochloride 1000 MG Oral Tablet [Kazano],A10BD13,metformin and alogliptin,A10BD13,metformin and alogliptin,KEEP,HIGH,Exact match: alogliptin/metformin (Kazano).
4,1368392,alogliptin 12.5 MG / metformin hydrochloride 500 MG Oral Tablet,A10BD13,metformin and alogliptin,A10BD13,metformin and alogliptin,KEEP,HIGH,Exact match: alogliptin/metformin (Kazano).
4,1368398,alogliptin 12.5 MG / metformin hydrochloride 500 MG Oral Tablet [Kazano],A10BD13,metformin and alogliptin,A10BD13,metformin and alogliptin,KEEP,HIGH,Exact match: alogliptin/metformin (Kazano).
4,2631887,macitentan / tadalafil,C02KX54,macitentan and tadalafil,C02KX54,macitentan and tadalafil,KEEP,HIGH,Exact match: macitentan/tadalafil (Opsynvi).
4,2677765,macitentan 10 MG / tadalafil 20 MG Oral Tablet,C02KX54,macitentan and tadalafil,C02KX54,macitentan and tadalafil,KEEP,HIGH,Exact match: macitentan/tadalafil (Opsynvi).
4,2677771,macitentan 10 MG / tadalafil 20 MG Oral Tablet [Opsynvi],C02KX54,macitentan and tadalafil,C02KX54,macitentan and tadalafil,KEEP,HIGH,Exact match: macitentan/tadalafil (Opsynvi).
4,2677773,macitentan 10 MG / tadalafil 40 MG Oral Tablet,C02KX54,macitentan and tadalafil,C02KX54,macitentan and tadalafil,KEEP,HIGH,Exact match: macitentan/tadalafil (Opsynvi).
4,2677775,macitentan 10 MG / tadalafil 40 MG Oral Tablet [Opsynvi],C02KX54,macitentan and tadalafil,C02KX54,macitentan and tadalafil,KEEP,HIGH,Exact match: macitentan/tadalafil (Opsynvi).
4,637540,aspirin 325 MG / oxycodone hydrochloride 4.5 MG / oxycodone terephthalate 0.38 MG Oral Tablet,N02AJ18,oxycodone and acetylsalicylic acid,N02AJ18,oxycodone and acetylsalicylic acid,KEEP,HIGH,Exact match: oxycodone and acetylsalicylic acid (2 oxycodone salts = same substance).
4,724614,aspirin 325 MG / oxycodone hydrochloride 2.25 MG / oxycodone terephthalate 0.19 MG Oral Tablet,N02AJ18,oxycodone and acetylsalicylic acid,N02AJ18,oxycodone and acetylsalicylic acid,KEEP,HIGH,Exact match: oxycodone and acetylsalicylic acid (2 oxycodone salts = same substance).
4,848768,aspirin 325 MG / oxycodone hydrochloride 4.84 MG Oral Tablet,N02AJ18,oxycodone and acetylsalicylic acid,N02AJ18,oxycodone and acetylsalicylic acid,KEEP,HIGH,Exact match: oxycodone and acetylsalicylic acid (2 oxycodone salts = same substance).
4,848928,aspirin 325 MG / oxycodone hydrochloride 4.84 MG Oral Tablet [Endodan Reformulated May 2009],N02AJ18,oxycodone and acetylsalicylic acid,N02AJ18,oxycodone and acetylsalicylic acid,KEEP,HIGH,Exact match: oxycodone and acetylsalicylic acid (2 oxycodone salts = same substance).
4,1011712,aliskiren 150 MG / hydrochlorothiazide 12.5 MG Oral Tablet [Tekturna HCT],C09XA52,aliskiren and hydrochlorothiazide,C09XA52,aliskiren and hydrochlorothiazide,KEEP,HIGH,Exact match: aliskiren/HCTZ (Tekturna HCT).
4,1011715,aliskiren 150 MG / hydrochlorothiazide 25 MG Oral Tablet [Tekturna HCT],C09XA52,aliskiren and hydrochlorothiazide,C09XA52,aliskiren and hydrochlorothiazide,KEEP,HIGH,Exact match: aliskiren/HCTZ (Tekturna HCT).
4,1011752,aliskiren 300 MG / hydrochlorothiazide 12.5 MG Oral Tablet [Tekturna HCT],C09XA52,aliskiren and hydrochlorothiazide,C09XA52,aliskiren and hydrochlorothiazide,KEEP,HIGH,Exact match: aliskiren/HCTZ (Tekturna HCT).
4,1011755,aliskiren 300 MG / hydrochlorothiazide 25 MG Oral Tablet [Tekturna HCT],C09XA52,aliskiren and hydrochlorothiazide,C09XA52,aliskiren and hydrochlorothiazide,KEEP,HIGH,Exact match: aliskiren/HCTZ (Tekturna HCT).
4,1996260,cobicistat / darunavir / emtricitabine / tenofovir alafenamide,J05AR22,"emtricitabine, tenofovir alafenamide, darunavir and cobicistat",J05AR22,"emtricitabine, tenofovir alafenamide, darunavir and cobicistat",KEEP,HIGH,Exact match: cobicistat/darunavir/emtricitabine/tenofovir alafenamide (Symtuza).
4,2049671,cobicistat 150 MG / darunavir 800 MG / emtricitabine 200 MG / tenofovir alafenamide 10 MG Oral Tablet,J05AR22,"emtricitabine, tenofovir alafenamide, darunavir and cobicistat",J05AR22,"emtricitabine, tenofovir alafenamide, darunavir and cobicistat",KEEP,HIGH,Exact match: cobicistat/darunavir/emtricitabine/tenofovir alafenamide (Symtuza).
4,2049677,cobicistat 150 MG / darunavir 800 MG / emtricitabine 200 MG / tenofovir alafenamide 10 MG Oral Tablet [Symtuza],J05AR22,"emtricitabine, tenofovir alafenamide, darunavir and cobicistat",J05AR22,"emtricitabine, tenofovir alafenamide, darunavir and cobicistat",KEEP,HIGH,Exact match: cobicistat/darunavir/emtricitabine/tenofovir alafenamide (Symtuza).
4,308167,amobarbital 100 MG / secobarbital 100 MG Oral Capsule,N05CB01,combinations of barbiturates,N05CB01,combinations of barbiturates,KEEP,HIGH,"Exact match: combinations of barbiturates (amobarbital+secobarbital, Tuinal)."
4,308171,amobarbital 50 MG / secobarbital 50 MG Oral Capsule,N05CB01,combinations of barbiturates,N05CB01,combinations of barbiturates,KEEP,HIGH,"Exact match: combinations of barbiturates (amobarbital+secobarbital, Tuinal)."
4,856422,hydrochlorothiazide 25 MG / propranolol hydrochloride 40 MG Oral Tablet,C07BA05,propranolol and thiazides,C07BA05,propranolol and thiazides,KEEP,HIGH,Exact match: propranolol and thiazides.
4,856429,hydrochlorothiazide 25 MG / propranolol hydrochloride 80 MG Oral Tablet,C07BA05,propranolol and thiazides,C07BA05,propranolol and thiazides,KEEP,HIGH,Exact match: propranolol and thiazides.
4,208029,bendroflumethiazide 5 MG / nadolol 80 MG Oral Tablet [Corzide],C07BA12,nadolol and thiazides,C07BA12,nadolol and thiazides,KEEP,HIGH,Exact match: nadolol and thiazides (Corzide).
4,1001689,{2 (480 ML) (magnesium sulfate 0.0277 MEQ/ML / potassium sulfate 0.0374 MEQ/ML / sodium sulfate 0.257 MEQ/ML Oral Solution) } Pack,A06AD10,mineral salts in combination,A06AD10,mineral salts in combination,KEEP,HIGH,Exact match: mineral salts in combination (colon-prep sulfate solution).
4,1001690,{2 (480 ML) (magnesium sulfate 0.0277 MEQ/ML / potassium sulfate 0.0374 MEQ/ML / sodium sulfate 0.257 MEQ/ML Oral Solution) } Pack [Suprep Bowel Prep Kit],A06AD10,mineral salts in combination,A06AD10,mineral salts in combination,KEEP,HIGH,Exact match: mineral salts in combination (colon-prep sulfate solution).
4,1552349,netupitant 300 MG / palonosetron 0.5 MG Oral Capsule [Akynzeo],A04AA55,"palonosetron, combinations",A04AA55,"palonosetron, combinations",KEEP,HIGH,"Exact match: palonosetron, combinations (Akynzeo, both PO and IV forms)."
4,2044431,fosnetupitant 235 MG / palonosetron 0.25 MG Injection [Akynzeo],A04AA55,"palonosetron, combinations",A04AA55,"palonosetron, combinations",KEEP,HIGH,"Exact match: palonosetron, combinations (Akynzeo, both PO and IV forms)."
4,198229,pyrimethamine 25 MG / sulfadoxine 500 MG Oral Tablet,P01BD51,"pyrimethamine, combinations",P01BD51,"pyrimethamine, combinations",KEEP,HIGH,"Exact match: pyrimethamine, combinations (antimalarial)."
4,1309308,pyrimethamine 12.5 MG/ML / sulfadiazine 250 MG/ML Oral Suspension [Rebalance],P01BD51,"pyrimethamine, combinations",P01BD51,"pyrimethamine, combinations",KEEP,HIGH,"Exact match: pyrimethamine, combinations (antimalarial)."
4,1147337,emtricitabine 200 MG / rilpivirine 25 MG / tenofovir disoproxil fumarate 300 MG Oral Tablet [Complera],J05AR08,"emtricitabine, tenofovir disoproxil and rilpivirine",J05AR08,"emtricitabine, tenofovir disoproxil and rilpivirine",KEEP,HIGH,Exact match: emtricitabine/rilpivirine/tenofovir disoproxil (Complera).
4,562793,mequinol 20 MG/ML / tretinoin 0.1 MG/ML Topical Solution,D10AD51,"tretinoin, combinations",D10AD51,"tretinoin, combinations",KEEP,HIGH,"Exact match: tretinoin, combinations (already correct L5)."
4,1191262,fluocinolone acetonide 0.1 MG/ML / hydroquinone 40 MG/ML / tretinoin 0.5 MG/ML Topical Cream,D10AD51,"tretinoin, combinations",D10AD51,"tretinoin, combinations",KEEP,HIGH,"Exact match: tretinoin, combinations (already correct L5)."
4,1191264,fluocinolone acetonide 0.1 MG/ML / hydroquinone 40 MG/ML / tretinoin 0.5 MG/ML Topical Cream [Tri-Luma],D10AD51,"tretinoin, combinations",D10AD51,"tretinoin, combinations",KEEP,HIGH,"Exact match: tretinoin, combinations (already correct L5)."
4,244967,polymyxin B 10000 UNT/ML / trimethoprim 1 MG/ML Ophthalmic Solution,S01AA30,combinations of different antibiotics,S01AA30,combinations of different antibiotics,KEEP,HIGH,Exact match: combinations of different antibiotics (ophthalmic multi-antibiotic).
4,308493,bacitracin 0.4 UNT/MG / neomycin 0.0035 MG/MG / polymyxin B 10 UNT/MG Ophthalmic Ointment,S01AA30,combinations of different antibiotics,S01AA30,combinations of different antibiotics,KEEP,HIGH,Exact match: combinations of different antibiotics (ophthalmic multi-antibiotic).
4,310594,gramicidin 0.025 MG/ML / neomycin 1.75 MG/ML / polymyxin B 10000 UNT/ML Ophthalmic Solution,S01AA30,combinations of different antibiotics,S01AA30,combinations of different antibiotics,KEEP,HIGH,Exact match: combinations of different antibiotics (ophthalmic multi-antibiotic).
4,312186,oxytetracycline 0.005 MG/MG / polymyxin B 10 UNT/MG Ophthalmic Ointment,S01AA30,combinations of different antibiotics,S01AA30,combinations of different antibiotics,KEEP,HIGH,Exact match: combinations of different antibiotics (ophthalmic multi-antibiotic).
4,1117090,bacitracin 0.4 UNT/MG / neomycin 0.0035 MG/MG / polymyxin B 10 UNT/MG Ophthalmic Ointment [Neo-Polycin],S01AA30,combinations of different antibiotics,S01AA30,combinations of different antibiotics,KEEP,HIGH,Exact match: combinations of different antibiotics (ophthalmic multi-antibiotic).
4,1874721,chlophedianol hydrochloride 12.5 MG / pyrilamine maleate 25 MG Oral Tablet,R05DB,Other cough suppressants,R05DB10,clofedanol,REPLACE,HIGH,Chlophedianol = clofedanol (WHO R05DB10); current generic L4 code should be replaced with the specific mono code since chlorphedianol/pyrilamine combo has no dedicated combo code but clofedanol itself is a valid WHO substance mono-code.
4,2199033,carbetapentane tannate 6 MG/ML / chlorpheniramine tannate 0.8 MG/ML Oral Suspension,R05DB,Other cough suppressants,R05DB,Other cough suppressants,KEEP,MED,No specific WHO L5 for chlophedianol/carbetapentane combos here (see per-row split below); generic cough-suppressant L4 used where no better fit.
4,2672917,chlophedianol hydrochloride 0.833 MG/ML / pyrilamine maleate 1.67 MG/ML Oral Solution,R05DB,Other cough suppressants,R05DB10,clofedanol,REPLACE,HIGH,Chlophedianol = clofedanol (WHO R05DB10); current generic L4 code should be replaced with the specific mono code since chlorphedianol/pyrilamine combo has no dedicated combo code but clofedanol itself is a valid WHO substance mono-code.
4,1291987,{4 (amoxicillin 500 MG Oral Capsule) / 2 (clarithromycin 500 MG Oral Tablet) / 2 (omeprazole 20 MG Delayed Release Oral Capsule) } Pack [Omeclamox],A02BD05,"omeprazole, amoxicillin and clarithromycin",A02BD05,"omeprazole, amoxicillin and clarithromycin",KEEP,HIGH,"Exact match: omeprazole, amoxicillin and clarithromycin (H. pylori triple pack) - already correctly coded."
4,1797849,azelastine hydrochloride 0.137 MG/ACTUAT / fluticasone propionate 0.05 MG/ACTUAT Metered Dose Nasal Spray [Dymista],R01AD58,"fluticasone, combinations",R01AD58,"fluticasone, combinations",KEEP,HIGH,"Exact match: fluticasone, combinations (Dymista) - already correctly coded."
4,1362082,12 HR aspirin 25 MG / dipyridamole 200 MG Extended Release Oral Capsule [Aggrenox],B01AC30,combinations,B01AC30,combinations,KEEP,MED,No dedicated WHO L5 for aspirin+dipyridamole; generic antiplatelet-combinations L5 (B01AC30) is the correct fallback.
4,857121,aspirin 500 MG / hydrocodone bitartrate 5 MG Oral Tablet,N02AJ,Opioids in combination with non-opioid analgesics,N02AJ,Opioids in combination with non-opioid analgesics,KEEP,MED,"No WHO L5 exists for aspirin+hydrocodone specifically (only paracetamol/ibuprofen variants); L4 ""Opioids in combination with non-opioid analgesics"" is the honest terminal answer."
4,1046423,calcium glycerophosphate 1.3 MG/ML / pyridoxine hydrochloride 0.3 MG/ML / sodium monofluorophosphate 7.6 MG/ML Toothpaste,A01AA02,sodium monofluorophosphate,A01AA02,sodium monofluorophosphate,KEEP,MED,Sodium monofluorophosphate is the classifying active in this fluoride toothpaste; calcium glycerophosphate/pyridoxine are minor non-competing partners.
4,2104187,allantoin 2 MG/ML / hyaluronic acid 20 MG/ML Medicated Liquid Soap,D03AX05,hyaluronic acid,D03AX05,hyaluronic acid,KEEP,MED,No combo code for allantoin+hyaluronic acid; hyaluronic acid is the classifying wound-care active.
4,751563,{7 (lamotrigine 100 MG Oral Tablet) / 42 (lamotrigine 25 MG Oral Tablet) } Pack,N03AX09,lamotrigine,N03AX09,lamotrigine,KEEP,HIGH,Lamotrigine dose-titration starter pack (multiple strengths of same single active bundled for titration) - not a combination product.
4,753451,{14 (lamotrigine 100 MG Oral Tablet) / 84 (lamotrigine 25 MG Oral Tablet) } Pack,N03AX09,lamotrigine,N03AX09,lamotrigine,KEEP,HIGH,Lamotrigine dose-titration starter pack (multiple strengths of same single active bundled for titration) - not a combination product.
4,795774,"{7 (lamotrigine 100 MG Oral Tablet [Lamictal]) / 42 (lamotrigine 25 MG Oral Tablet [Lamictal]) } Pack [Lamictal Orange (For Patients Not Taking Carbamazepine, Phenytoin, Phenobarbital, Primidone, or Rifampin and Not Taking Valproate)]",N03AX09,lamotrigine,N03AX09,lamotrigine,KEEP,HIGH,Lamotrigine dose-titration starter pack (multiple strengths of same single active bundled for titration) - not a combination product.
4,795778,"{14 (lamotrigine 100 MG Oral Tablet [Lamictal]) / 84 (lamotrigine 25 MG Oral Tablet [Lamictal]) } Pack [Lamictal Green (For Patients Taking Carbamazepine, Phenytoin, Phenobarbital, Primidone, or Rifampin and Not Taking Valproate)]",N03AX09,lamotrigine,N03AX09,lamotrigine,KEEP,HIGH,Lamotrigine dose-titration starter pack (multiple strengths of same single active bundled for titration) - not a combination product.
4,851748,{21 (lamotrigine 25 MG Disintegrating Oral Tablet) / 7 (lamotrigine 50 MG Disintegrating Oral Tablet) } Pack,N03AX09,lamotrigine,N03AX09,lamotrigine,KEEP,HIGH,Lamotrigine dose-titration starter pack (multiple strengths of same single active bundled for titration) - not a combination product.
4,851749,{21 (lamotrigine 25 MG Disintegrating Oral Tablet [Lamictal]) / 7 (lamotrigine 50 MG Disintegrating Oral Tablet [Lamictal]) } Pack [Lamictal ODT Blue Patient Titration Kit (for Patients Taking Valproate)],N03AX09,lamotrigine,N03AX09,lamotrigine,KEEP,HIGH,Lamotrigine dose-titration starter pack (multiple strengths of same single active bundled for titration) - not a combination product.
4,851750,{7 (lamotrigine 100 MG Disintegrating Oral Tablet) / 14 (lamotrigine 25 MG Disintegrating Oral Tablet) / 14 (lamotrigine 50 MG Disintegrating Oral Tablet) } Pack,N03AX09,lamotrigine,N03AX09,lamotrigine,KEEP,HIGH,Lamotrigine dose-titration starter pack (multiple strengths of same single active bundled for titration) - not a combination product.
4,851751,{7 (lamotrigine 100 MG Disintegrating Oral Tablet [Lamictal]) / 14 (lamotrigine 25 MG Disintegrating Oral Tablet [Lamictal]) / 14 (lamotrigine 50 MG Disintegrating Oral Tablet [Lamictal]) } Pack [Lamictal ODT Orange Patient Titration Kit (For Patients Not Taking Enzyme-Inducing Drugs or Valproate)],N03AX09,lamotrigine,N03AX09,lamotrigine,KEEP,HIGH,Lamotrigine dose-titration starter pack (multiple strengths of same single active bundled for titration) - not a combination product.
4,851752,{14 (lamotrigine 100 MG Disintegrating Oral Tablet) / 42 (lamotrigine 50 MG Disintegrating Oral Tablet) } Pack,N03AX09,lamotrigine,N03AX09,lamotrigine,KEEP,HIGH,Lamotrigine dose-titration starter pack (multiple strengths of same single active bundled for titration) - not a combination product.
4,851753,{14 (lamotrigine 100 MG Disintegrating Oral Tablet [Lamictal]) / 42 (lamotrigine 50 MG Disintegrating Oral Tablet [Lamictal]) } Pack [Lamictal ODT Green Titration Kit (for Patients Taking Enzyme-Inducing Drugs and Not Taking Valproate)],N03AX09,lamotrigine,N03AX09,lamotrigine,KEEP,HIGH,Lamotrigine dose-titration starter pack (multiple strengths of same single active bundled for titration) - not a combination product.
4,900865,{14 (24 HR lamotrigine 100 MG Extended Release Oral Tablet) / 7 (24 HR lamotrigine 200 MG Extended Release Oral Tablet) / 14 (24 HR lamotrigine 50 MG Extended Release Oral Tablet) } Pack,N03AX09,lamotrigine,N03AX09,lamotrigine,KEEP,HIGH,Lamotrigine dose-titration starter pack (multiple strengths of same single active bundled for titration) - not a combination product.
4,900866,"{14 (24 HR lamotrigine 100 MG Extended Release Oral Tablet [Lamictal]) / 7 (24 HR lamotrigine 200 MG Extended Release Oral Tablet [Lamictal]) / 14 (24 HR lamotrigine 50 MG Extended Release Oral Tablet [Lamictal]) } Pack [Lamictal XR Green Patient Titration Kit (for Patients Taking Carbamazepine, Phenytoin, Phenobarbital, or Primidone, and Not Taking Valproate)]",N03AX09,lamotrigine,N03AX09,lamotrigine,KEEP,HIGH,Lamotrigine dose-titration starter pack (multiple strengths of same single active bundled for titration) - not a combination product.
4,900890,{7 (24 HR lamotrigine 100 MG Extended Release Oral Tablet) / 14 (24 HR lamotrigine 25 MG Extended Release Oral Tablet) / 14 (24 HR lamotrigine 50 MG Extended Release Oral Tablet) } Pack,N03AX09,lamotrigine,N03AX09,lamotrigine,KEEP,HIGH,Lamotrigine dose-titration starter pack (multiple strengths of same single active bundled for titration) - not a combination product.
4,900891,"{7 (24 HR lamotrigine 100 MG Extended Release Oral Tablet [Lamictal]) / 14 (24 HR lamotrigine 25 MG Extended Release Oral Tablet [Lamictal]) / 14 (24 HR lamotrigine 50 MG Extended Release Oral Tablet [Lamictal]) } Pack [Lamictal XR Orange Patient Titration Kit (for Patients Not Taking Carbamazepine, Phenytoin, Phenobarbital, Primidone, or Valproate)]",N03AX09,lamotrigine,N03AX09,lamotrigine,KEEP,HIGH,Lamotrigine dose-titration starter pack (multiple strengths of same single active bundled for titration) - not a combination product.
4,900983,{21 (24 HR lamotrigine 25 MG Extended Release Oral Tablet) / 7 (24 HR lamotrigine 50 MG Extended Release Oral Tablet) } Pack,N03AX09,lamotrigine,N03AX09,lamotrigine,KEEP,HIGH,Lamotrigine dose-titration starter pack (multiple strengths of same single active bundled for titration) - not a combination product.
4,900984,{21 (24 HR lamotrigine 25 MG Extended Release Oral Tablet [Lamictal]) / 7 (24 HR lamotrigine 50 MG Extended Release Oral Tablet [Lamictal]) } Pack [Lamictal XR Blue Patient Titration Kit (for Patients Taking Valproate)],N03AX09,lamotrigine,N03AX09,lamotrigine,KEEP,HIGH,Lamotrigine dose-titration starter pack (multiple strengths of same single active bundled for titration) - not a combination product.
4,2003797,"{14 (lamotrigine 100 MG Oral Tablet [Subvenite]) / 84 (lamotrigine 25 MG Oral Tablet [Subvenite]) } Pack [Subvenite Green (for Patients Taking Carbamazepine, Phenytoin, Phenobarbital, or Primidone and Not Taking Valproate)]",N03AX09,lamotrigine,N03AX09,lamotrigine,KEEP,HIGH,Lamotrigine dose-titration starter pack (multiple strengths of same single active bundled for titration) - not a combination product.
4,2003798,"{7 (lamotrigine 100 MG Oral Tablet [Subvenite]) / 42 (lamotrigine 25 MG Oral Tablet [Subvenite]) } Pack [Subvenite Orange (for Patients Not Taking Carbamazepine, Phenytoin, Phenobarbital, Primidone, or Valproate)]",N03AX09,lamotrigine,N03AX09,lamotrigine,KEEP,HIGH,Lamotrigine dose-titration starter pack (multiple strengths of same single active bundled for titration) - not a combination product.
4,754738,{28 (ribavirin 400 MG Oral Tablet) / 28 (ribavirin 600 MG Oral Tablet) } Pack,J05AP01,ribavirin,J05AP01,ribavirin,KEEP,HIGH,"Ribavirin dose pack by body-weight (same single active, different strengths bundled) - not a combination."
4,795743,{28 (ribavirin 400 MG Oral Tablet [RibaTab]) / 28 (ribavirin 600 MG Oral Tablet [RibaTab]) } Pack [RibaTab 1000 mg/day Compliance Pack],J05AP01,ribavirin,J05AP01,ribavirin,KEEP,HIGH,"Ribavirin dose pack by body-weight (same single active, different strengths bundled) - not a combination."
4,896790,{28 (ribavirin 400 MG Oral Tablet [Ribasphere]) / 28 (ribavirin 600 MG Oral Tablet [Ribasphere]) } Pack [Ribasphere RibaPak 1000],J05AP01,ribavirin,J05AP01,ribavirin,KEEP,HIGH,"Ribavirin dose pack by body-weight (same single active, different strengths bundled) - not a combination."
4,1298334,{28 (ribavirin 200 MG Oral Tablet) / 28 (ribavirin 400 MG Oral Tablet) } Pack,J05AP01,ribavirin,J05AP01,ribavirin,KEEP,HIGH,"Ribavirin dose pack by body-weight (same single active, different strengths bundled) - not a combination."
4,1487498,{28 (ribavirin 200 MG Oral Tablet [Moderiba]) / 28 (ribavirin 400 MG Oral Tablet [Moderiba]) } Pack [Moderiba 600 Dose Pack],J05AP01,ribavirin,J05AP01,ribavirin,KEEP,HIGH,"Ribavirin dose pack by body-weight (same single active, different strengths bundled) - not a combination."
4,1487500,{28 (ribavirin 400 MG Oral Tablet [Moderiba]) / 28 (ribavirin 600 MG Oral Tablet [Moderiba]) } Pack [Moderiba 1000 Dose Pack],J05AP01,ribavirin,J05AP01,ribavirin,KEEP,HIGH,"Ribavirin dose pack by body-weight (same single active, different strengths bundled) - not a combination."
4,1546197,{1 (0.5 ML peginterferon beta-1a 0.126 MG/ML Prefilled Syringe) / 1 (0.5 ML peginterferon beta-1a 0.188 MG/ML Prefilled Syringe) } Pack,L03AB13,peginterferon beta-1a,L03AB13,peginterferon beta-1a,KEEP,HIGH,"Peginterferon beta-1a titration starter pack (same single active, two concentrations bundled) - not a combination."
4,1546198,{1 (0.5 ML peginterferon beta-1a 0.126 MG/ML Prefilled Syringe [Plegridy]) / 1 (0.5 ML peginterferon beta-1a 0.188 MG/ML Prefilled Syringe [Plegridy]) } Pack [Plegridy Starter Pack],L03AB13,peginterferon beta-1a,L03AB13,peginterferon beta-1a,KEEP,HIGH,"Peginterferon beta-1a titration starter pack (same single active, two concentrations bundled) - not a combination."
4,1649602,{1 (0.5 ML peginterferon beta-1a 0.126 MG/ML Auto-Injector) / 1 (0.5 ML peginterferon beta-1a 0.188 MG/ML Auto-Injector) } Pack,L03AB13,peginterferon beta-1a,L03AB13,peginterferon beta-1a,KEEP,HIGH,"Peginterferon beta-1a titration starter pack (same single active, two concentrations bundled) - not a combination."
4,1649605,{1 (0.5 ML peginterferon beta-1a 0.126 MG/ML Auto-Injector [Plegridy]) / 1 (0.5 ML peginterferon beta-1a 0.188 MG/ML Auto-Injector [Plegridy]) } Pack [Plegridy Pen Starter Pack],L03AB13,peginterferon beta-1a,L03AB13,peginterferon beta-1a,KEEP,HIGH,"Peginterferon beta-1a titration starter pack (same single active, two concentrations bundled) - not a combination."
4,1363408,{84 (cabozantinib 20 MG Oral Capsule [Cometriq]) / 28 (cabozantinib 80 MG Oral Capsule [Cometriq]) } Pack [Cometriq 140 MG Daily Dose Carton],L01EX07,cabozantinib,L01EX07,cabozantinib,KEEP,HIGH,"Cabozantinib titration starter pack (same single active, two strengths bundled) - not a combination."
4,1363410,{28 (cabozantinib 20 MG Oral Capsule [Cometriq]) / 28 (cabozantinib 80 MG Oral Capsule [Cometriq]) } Pack [Cometriq 100 MG Daily Dose Carton],L01EX07,cabozantinib,L01EX07,cabozantinib,KEEP,HIGH,"Cabozantinib titration starter pack (same single active, two strengths bundled) - not a combination."
4,1359011,{7 (perampanel 2 MG Oral Tablet [FYCOMPA]) / 7 (perampanel 4 MG Oral Tablet [FYCOMPA]) } Pack [Fycompa 2/4 Sample Pack],N03AX22,perampanel,N03AX22,perampanel,KEEP,HIGH,"Perampanel titration sample pack (same single active, two strengths bundled) - not a combination."
4,1721313,{7 (perampanel 4 MG Oral Tablet [FYCOMPA]) / 7 (perampanel 6 MG Oral Tablet [FYCOMPA]) } Pack [Fycompa 4/6 Sample Pack],N03AX22,perampanel,N03AX22,perampanel,KEEP,HIGH,"Perampanel titration sample pack (same single active, two strengths bundled) - not a combination."
4,997621,{1 (9000 MG) (miconazole nitrate 20 MG/ML Topical Cream) / 1 (35000 MG) (miconazole nitrate 20 MG/ML Vaginal Cream) } Pack [Monistat 7 Vaginal Cream Combination Pack],G01AF04,miconazole,G01AF04,miconazole,KEEP,HIGH,"Miconazole combo-regimen pack (cream+insert/cream, same single active in two delivery forms) - not a multi-ingredient combination."
4,1536462,{1 (9000 MG) (miconazole nitrate 20 MG/ML Vaginal Cream [Monistat]) / 1 (25000 MG) (miconazole nitrate 40 MG/ML Vaginal Cream [Monistat]) } Pack [Monistat 3 Vaginal Cream Combination Pack],G01AF04,miconazole,G01AF04,miconazole,KEEP,HIGH,"Miconazole combo-regimen pack (cream+insert/cream, same single active in two delivery forms) - not a multi-ingredient combination."
4,992766,{1 (9000 MG) (miconazole nitrate 20 MG/ML Vaginal Cream) / 3 (miconazole nitrate 200 MG Vaginal Insert) } Pack,G01AF04,miconazole,G01AF04,miconazole,KEEP,HIGH,"Miconazole combo-regimen pack (cream+insert/cream, same single active in two delivery forms) - not a multi-ingredient combination."
4,992771,{1 (9000 MG) (miconazole nitrate 20 MG/ML Vaginal Cream [Monistat]) / 3 (miconazole nitrate 200 MG Vaginal Insert [Monistat]) } Pack [Monistat 3 Day Ovule Combination Pack],G01AF04,miconazole,G01AF04,miconazole,KEEP,HIGH,"Miconazole combo-regimen pack (cream+insert/cream, same single active in two delivery forms) - not a multi-ingredient combination."
4,992775,{1 (miconazole nitrate 1200 MG Vaginal Insert) / 1 (9000 MG) (miconazole nitrate 20 MG/ML Vaginal Cream) } Pack,G01AF04,miconazole,G01AF04,miconazole,KEEP,HIGH,"Miconazole combo-regimen pack (cream+insert/cream, same single active in two delivery forms) - not a multi-ingredient combination."
4,992778,{1 (miconazole nitrate 1200 MG Vaginal Insert [Monistat]) / 1 (9000 MG) (miconazole nitrate 20 MG/ML Vaginal Cream [Monistat]) } Pack [Monistat 1 Day Ovule Combination Pack],G01AF04,miconazole,G01AF04,miconazole,KEEP,HIGH,"Miconazole combo-regimen pack (cream+insert/cream, same single active in two delivery forms) - not a multi-ingredient combination."
4,992784,{1 (9000 MG) (miconazole nitrate 20 MG/ML Vaginal Cream [Monistat]) / 1 (45000 MG) (miconazole nitrate 20 MG/ML Vaginal Cream [Monistat]) } Pack [Monistat 7 Vaginal Cream Combination Pack],G01AF04,miconazole,G01AF04,miconazole,KEEP,HIGH,"Miconazole combo-regimen pack (cream+insert/cream, same single active in two delivery forms) - not a multi-ingredient combination."
4,992792,{1 (9000 MG) (miconazole nitrate 20 MG/ML Vaginal Cream [Vagistat]) / 3 (miconazole nitrate 200 MG Vaginal Insert [Vagistat]) } Pack [Vagistat 3 Day Combination Pack],G01AF04,miconazole,G01AF04,miconazole,KEEP,HIGH,"Miconazole combo-regimen pack (cream+insert/cream, same single active in two delivery forms) - not a multi-ingredient combination."
4,992816,{1 (9000 MG) (miconazole nitrate 20 MG/ML Vaginal Cream) / 3 (5000 MG) (miconazole nitrate 40 MG/ML Vaginal Cream) } Pack,G01AF04,miconazole,G01AF04,miconazole,KEEP,HIGH,"Miconazole combo-regimen pack (cream+insert/cream, same single active in two delivery forms) - not a multi-ingredient combination."
4,1536604,{1 (9000 MG) (miconazole nitrate 20 MG/ML Vaginal Cream [Monistat]) / 3 (5000 MG) (miconazole nitrate 40 MG/ML Vaginal Cream [Monistat]) } Pack [Monistat 3 Vaginal Cream Combination Pack with Vaginal Creams],G01AF04,miconazole,G01AF04,miconazole,KEEP,HIGH,"Miconazole combo-regimen pack (cream+insert/cream, same single active in two delivery forms) - not a multi-ingredient combination."
4,1536610,{1 (9000 MG) (miconazole nitrate 20 MG/ML Vaginal Cream [Monistat]) / 7 (5000 MG) (miconazole nitrate 20 MG/ML Vaginal Cream [Monistat]) } Pack [Monistat 7 Vaginal Cream Combination Pack with Vaginal Creams],G01AF04,miconazole,G01AF04,miconazole,KEEP,HIGH,"Miconazole combo-regimen pack (cream+insert/cream, same single active in two delivery forms) - not a multi-ingredient combination."
4,541363,amphetamine aspartate 7.5 MG / amphetamine sulfate 7.5 MG / dextroamphetamine saccharate 7.5 MG / dextroamphetamine sulfate 7.5 MG Oral Tablet,N06BA02,dexamfetamine,N06BA02,dexamfetamine,KEEP,HIGH,"Adderall (mixed amphetamine salts, fixed 3:1 amphetamine:dextroamphetamine ratio) is WHO-classified under N06BA02 dexamfetamine - the standard classification for this product per RxNorm/WHO convention."
4,541365,amphetamine aspartate 7.5 MG / amphetamine sulfate 7.5 MG / dextroamphetamine saccharate 7.5 MG / dextroamphetamine sulfate 7.5 MG Oral Tablet [Adderall],N06BA02,dexamfetamine,N06BA02,dexamfetamine,KEEP,HIGH,"Adderall (mixed amphetamine salts, fixed 3:1 amphetamine:dextroamphetamine ratio) is WHO-classified under N06BA02 dexamfetamine - the standard classification for this product per RxNorm/WHO convention."
4,541878,amphetamine aspartate 1.25 MG / amphetamine sulfate 1.25 MG / dextroamphetamine saccharate 1.25 MG / dextroamphetamine sulfate 1.25 MG Oral Tablet,N06BA02,dexamfetamine,N06BA02,dexamfetamine,KEEP,HIGH,"Adderall (mixed amphetamine salts, fixed 3:1 amphetamine:dextroamphetamine ratio) is WHO-classified under N06BA02 dexamfetamine - the standard classification for this product per RxNorm/WHO convention."
4,541879,amphetamine aspartate 1.25 MG / amphetamine sulfate 1.25 MG / dextroamphetamine saccharate 1.25 MG / dextroamphetamine sulfate 1.25 MG Oral Tablet [Adderall],N06BA02,dexamfetamine,N06BA02,dexamfetamine,KEEP,HIGH,"Adderall (mixed amphetamine salts, fixed 3:1 amphetamine:dextroamphetamine ratio) is WHO-classified under N06BA02 dexamfetamine - the standard classification for this product per RxNorm/WHO convention."
4,541892,amphetamine aspartate 2.5 MG / amphetamine sulfate 2.5 MG / dextroamphetamine saccharate 2.5 MG / dextroamphetamine sulfate 2.5 MG Oral Tablet,N06BA02,dexamfetamine,N06BA02,dexamfetamine,KEEP,HIGH,"Adderall (mixed amphetamine salts, fixed 3:1 amphetamine:dextroamphetamine ratio) is WHO-classified under N06BA02 dexamfetamine - the standard classification for this product per RxNorm/WHO convention."
4,541894,amphetamine aspartate 2.5 MG / amphetamine sulfate 2.5 MG / dextroamphetamine saccharate 2.5 MG / dextroamphetamine sulfate 2.5 MG Oral Tablet [Adderall],N06BA02,dexamfetamine,N06BA02,dexamfetamine,KEEP,HIGH,"Adderall (mixed amphetamine salts, fixed 3:1 amphetamine:dextroamphetamine ratio) is WHO-classified under N06BA02 dexamfetamine - the standard classification for this product per RxNorm/WHO convention."
4,577957,amphetamine aspartate 3.75 MG / amphetamine sulfate 3.75 MG / dextroamphetamine saccharate 3.75 MG / dextroamphetamine sulfate 3.75 MG Oral Tablet,N06BA02,dexamfetamine,N06BA02,dexamfetamine,KEEP,HIGH,"Adderall (mixed amphetamine salts, fixed 3:1 amphetamine:dextroamphetamine ratio) is WHO-classified under N06BA02 dexamfetamine - the standard classification for this product per RxNorm/WHO convention."
4,577960,amphetamine aspartate 3.75 MG / amphetamine sulfate 3.75 MG / dextroamphetamine saccharate 3.75 MG / dextroamphetamine sulfate 3.75 MG Oral Tablet [Adderall],N06BA02,dexamfetamine,N06BA02,dexamfetamine,KEEP,HIGH,"Adderall (mixed amphetamine salts, fixed 3:1 amphetamine:dextroamphetamine ratio) is WHO-classified under N06BA02 dexamfetamine - the standard classification for this product per RxNorm/WHO convention."
4,577961,amphetamine aspartate 5 MG / amphetamine sulfate 5 MG / dextroamphetamine saccharate 5 MG / dextroamphetamine sulfate 5 MG Oral Tablet,N06BA02,dexamfetamine,N06BA02,dexamfetamine,KEEP,HIGH,"Adderall (mixed amphetamine salts, fixed 3:1 amphetamine:dextroamphetamine ratio) is WHO-classified under N06BA02 dexamfetamine - the standard classification for this product per RxNorm/WHO convention."
4,577962,amphetamine aspartate 5 MG / amphetamine sulfate 5 MG / dextroamphetamine saccharate 5 MG / dextroamphetamine sulfate 5 MG Oral Tablet [Adderall],N06BA02,dexamfetamine,N06BA02,dexamfetamine,KEEP,HIGH,"Adderall (mixed amphetamine salts, fixed 3:1 amphetamine:dextroamphetamine ratio) is WHO-classified under N06BA02 dexamfetamine - the standard classification for this product per RxNorm/WHO convention."
4,687043,amphetamine aspartate 3.125 MG / amphetamine sulfate 3.125 MG / dextroamphetamine saccharate 3.125 MG / dextroamphetamine sulfate 3.125 MG Oral Tablet,N06BA02,dexamfetamine,N06BA02,dexamfetamine,KEEP,HIGH,"Adderall (mixed amphetamine salts, fixed 3:1 amphetamine:dextroamphetamine ratio) is WHO-classified under N06BA02 dexamfetamine - the standard classification for this product per RxNorm/WHO convention."
4,687045,amphetamine aspartate 3.125 MG / amphetamine sulfate 3.125 MG / dextroamphetamine saccharate 3.125 MG / dextroamphetamine sulfate 3.125 MG Oral Tablet [Adderall],N06BA02,dexamfetamine,N06BA02,dexamfetamine,KEEP,HIGH,"Adderall (mixed amphetamine salts, fixed 3:1 amphetamine:dextroamphetamine ratio) is WHO-classified under N06BA02 dexamfetamine - the standard classification for this product per RxNorm/WHO convention."
4,861221,24 HR amphetamine aspartate 2.5 MG / amphetamine sulfate 2.5 MG / dextroamphetamine saccharate 2.5 MG / dextroamphetamine sulfate 2.5 MG Extended Release Oral Capsule,N06BA02,dexamfetamine,N06BA02,dexamfetamine,KEEP,HIGH,"Adderall (mixed amphetamine salts, fixed 3:1 amphetamine:dextroamphetamine ratio) is WHO-classified under N06BA02 dexamfetamine - the standard classification for this product per RxNorm/WHO convention."
4,861222,24 HR amphetamine aspartate 2.5 MG / amphetamine sulfate 2.5 MG / dextroamphetamine saccharate 2.5 MG / dextroamphetamine sulfate 2.5 MG Extended Release Oral Capsule [Adderall],N06BA02,dexamfetamine,N06BA02,dexamfetamine,KEEP,HIGH,"Adderall (mixed amphetamine salts, fixed 3:1 amphetamine:dextroamphetamine ratio) is WHO-classified under N06BA02 dexamfetamine - the standard classification for this product per RxNorm/WHO convention."
4,861223,24 HR amphetamine aspartate 3.75 MG / amphetamine sulfate 3.75 MG / dextroamphetamine saccharate 3.75 MG / dextroamphetamine sulfate 3.75 MG Extended Release Oral Capsule,N06BA02,dexamfetamine,N06BA02,dexamfetamine,KEEP,HIGH,"Adderall (mixed amphetamine salts, fixed 3:1 amphetamine:dextroamphetamine ratio) is WHO-classified under N06BA02 dexamfetamine - the standard classification for this product per RxNorm/WHO convention."
4,861224,24 HR amphetamine aspartate 3.75 MG / amphetamine sulfate 3.75 MG / dextroamphetamine saccharate 3.75 MG / dextroamphetamine sulfate 3.75 MG Extended Release Oral Capsule [Adderall],N06BA02,dexamfetamine,N06BA02,dexamfetamine,KEEP,HIGH,"Adderall (mixed amphetamine salts, fixed 3:1 amphetamine:dextroamphetamine ratio) is WHO-classified under N06BA02 dexamfetamine - the standard classification for this product per RxNorm/WHO convention."
4,861225,24 HR amphetamine aspartate 5 MG / amphetamine sulfate 5 MG / dextroamphetamine saccharate 5 MG / dextroamphetamine sulfate 5 MG Extended Release Oral Capsule,N06BA02,dexamfetamine,N06BA02,dexamfetamine,KEEP,HIGH,"Adderall (mixed amphetamine salts, fixed 3:1 amphetamine:dextroamphetamine ratio) is WHO-classified under N06BA02 dexamfetamine - the standard classification for this product per RxNorm/WHO convention."
4,861226,24 HR amphetamine aspartate 5 MG / amphetamine sulfate 5 MG / dextroamphetamine saccharate 5 MG / dextroamphetamine sulfate 5 MG Extended Release Oral Capsule [Adderall],N06BA02,dexamfetamine,N06BA02,dexamfetamine,KEEP,HIGH,"Adderall (mixed amphetamine salts, fixed 3:1 amphetamine:dextroamphetamine ratio) is WHO-classified under N06BA02 dexamfetamine - the standard classification for this product per RxNorm/WHO convention."
4,861227,24 HR amphetamine aspartate 6.25 MG / amphetamine sulfate 6.25 MG / dextroamphetamine saccharate 6.25 MG / dextroamphetamine sulfate 6.25 MG Extended Release Oral Capsule,N06BA02,dexamfetamine,N06BA02,dexamfetamine,KEEP,HIGH,"Adderall (mixed amphetamine salts, fixed 3:1 amphetamine:dextroamphetamine ratio) is WHO-classified under N06BA02 dexamfetamine - the standard classification for this product per RxNorm/WHO convention."
4,861228,24 HR amphetamine aspartate 6.25 MG / amphetamine sulfate 6.25 MG / dextroamphetamine saccharate 6.25 MG / dextroamphetamine sulfate 6.25 MG Extended Release Oral Capsule [Adderall],N06BA02,dexamfetamine,N06BA02,dexamfetamine,KEEP,HIGH,"Adderall (mixed amphetamine salts, fixed 3:1 amphetamine:dextroamphetamine ratio) is WHO-classified under N06BA02 dexamfetamine - the standard classification for this product per RxNorm/WHO convention."
4,861232,24 HR amphetamine aspartate 7.5 MG / amphetamine sulfate 7.5 MG / dextroamphetamine saccharate 7.5 MG / dextroamphetamine sulfate 7.5 MG Extended Release Oral Capsule,N06BA02,dexamfetamine,N06BA02,dexamfetamine,KEEP,HIGH,"Adderall (mixed amphetamine salts, fixed 3:1 amphetamine:dextroamphetamine ratio) is WHO-classified under N06BA02 dexamfetamine - the standard classification for this product per RxNorm/WHO convention."
4,861233,24 HR amphetamine aspartate 7.5 MG / amphetamine sulfate 7.5 MG / dextroamphetamine saccharate 7.5 MG / dextroamphetamine sulfate 7.5 MG Extended Release Oral Capsule [Adderall],N06BA02,dexamfetamine,N06BA02,dexamfetamine,KEEP,HIGH,"Adderall (mixed amphetamine salts, fixed 3:1 amphetamine:dextroamphetamine ratio) is WHO-classified under N06BA02 dexamfetamine - the standard classification for this product per RxNorm/WHO convention."
4,861237,24 HR amphetamine aspartate 1.25 MG / amphetamine sulfate 1.25 MG / dextroamphetamine saccharate 1.25 MG / dextroamphetamine sulfate 1.25 MG Extended Release Oral Capsule,N06BA02,dexamfetamine,N06BA02,dexamfetamine,KEEP,HIGH,"Adderall (mixed amphetamine salts, fixed 3:1 amphetamine:dextroamphetamine ratio) is WHO-classified under N06BA02 dexamfetamine - the standard classification for this product per RxNorm/WHO convention."
4,861238,24 HR amphetamine aspartate 1.25 MG / amphetamine sulfate 1.25 MG / dextroamphetamine saccharate 1.25 MG / dextroamphetamine sulfate 1.25 MG Extended Release Oral Capsule [Adderall],N06BA02,dexamfetamine,N06BA02,dexamfetamine,KEEP,HIGH,"Adderall (mixed amphetamine salts, fixed 3:1 amphetamine:dextroamphetamine ratio) is WHO-classified under N06BA02 dexamfetamine - the standard classification for this product per RxNorm/WHO convention."
4,1009145,amphetamine aspartate 1.875 MG / amphetamine sulfate 1.875 MG / dextroamphetamine saccharate 1.875 MG / dextroamphetamine sulfate 1.875 MG Oral Tablet,N06BA02,dexamfetamine,N06BA02,dexamfetamine,KEEP,HIGH,"Adderall (mixed amphetamine salts, fixed 3:1 amphetamine:dextroamphetamine ratio) is WHO-classified under N06BA02 dexamfetamine - the standard classification for this product per RxNorm/WHO convention."
4,1009147,amphetamine aspartate 1.875 MG / amphetamine sulfate 1.875 MG / dextroamphetamine saccharate 1.875 MG / dextroamphetamine sulfate 1.875 MG Oral Tablet [Adderall],N06BA02,dexamfetamine,N06BA02,dexamfetamine,KEEP,HIGH,"Adderall (mixed amphetamine salts, fixed 3:1 amphetamine:dextroamphetamine ratio) is WHO-classified under N06BA02 dexamfetamine - the standard classification for this product per RxNorm/WHO convention."
4,1927616,3-Bead 24 HR amphetamine aspartate 12.5 MG / amphetamine sulfate 12.5 MG / dextroamphetamine saccharate 12.5 MG / dextroamphetamine sulfate 12.5 MG Extended Release Oral Capsule [Mydayis],N06BA02,dexamfetamine,N06BA02,dexamfetamine,KEEP,HIGH,"Adderall (mixed amphetamine salts, fixed 3:1 amphetamine:dextroamphetamine ratio) is WHO-classified under N06BA02 dexamfetamine - the standard classification for this product per RxNorm/WHO convention."
4,1927619,3-Bead 24 HR amphetamine aspartate 6.25 MG / amphetamine sulfate 6.25 MG / dextroamphetamine saccharate 6.25 MG / dextroamphetamine sulfate 6.25 MG Extended Release Oral Capsule [Mydayis],N06BA02,dexamfetamine,N06BA02,dexamfetamine,KEEP,HIGH,"Adderall (mixed amphetamine salts, fixed 3:1 amphetamine:dextroamphetamine ratio) is WHO-classified under N06BA02 dexamfetamine - the standard classification for this product per RxNorm/WHO convention."
4,1927632,3-Bead 24 HR amphetamine aspartate 3.125 MG / amphetamine sulfate 3.125 MG / dextroamphetamine saccharate 3.125 MG / dextroamphetamine sulfate 3.125 MG Extended Release Oral Capsule [Mydayis],N06BA02,dexamfetamine,N06BA02,dexamfetamine,KEEP,HIGH,"Adderall (mixed amphetamine salts, fixed 3:1 amphetamine:dextroamphetamine ratio) is WHO-classified under N06BA02 dexamfetamine - the standard classification for this product per RxNorm/WHO convention."
4,1927639,3-Bead 24 HR amphetamine aspartate 9.375 MG / amphetamine sulfate 9.375 MG / dextroamphetamine saccharate 9.375 MG / dextroamphetamine sulfate 9.375 MG Extended Release Oral Capsule [Mydayis],N06BA02,dexamfetamine,N06BA02,dexamfetamine,KEEP,HIGH,"Adderall (mixed amphetamine salts, fixed 3:1 amphetamine:dextroamphetamine ratio) is WHO-classified under N06BA02 dexamfetamine - the standard classification for this product per RxNorm/WHO convention."
4,260005,talc 0.81 MG/MG / zinc oxide 0.15 MG/MG Topical Powder,D02AB,Zinc products,D02AB,Zinc products,KEEP,HIGH,"Zinc-oxide topical protectant combos (menthol/talc/petrolatum partners). WHO D02AB (Zinc products) has no L5 children - confirmed terminal L4, per documented finding."
4,577231,menthol / zinc oxide Topical Powder,D02AB,Zinc products,D02AB,Zinc products,KEEP,HIGH,"Zinc-oxide topical protectant combos (menthol/talc/petrolatum partners). WHO D02AB (Zinc products) has no L5 children - confirmed terminal L4, per documented finding."
4,577232,menthol 0.0015 MG/MG / zinc oxide 0.01 MG/MG Topical Powder,D02AB,Zinc products,D02AB,Zinc products,KEEP,HIGH,"Zinc-oxide topical protectant combos (menthol/talc/petrolatum partners). WHO D02AB (Zinc products) has no L5 children - confirmed terminal L4, per documented finding."
4,616527,menthol 0.008 MG/MG / zinc oxide 0.05 MG/MG Topical Powder,D02AB,Zinc products,D02AB,Zinc products,KEEP,HIGH,"Zinc-oxide topical protectant combos (menthol/talc/petrolatum partners). WHO D02AB (Zinc products) has no L5 children - confirmed terminal L4, per documented finding."
4,637129,menthol 0.004 MG/MG / zinc oxide 0.205 MG/MG Paste,D02AB,Zinc products,D02AB,Zinc products,KEEP,HIGH,"Zinc-oxide topical protectant combos (menthol/talc/petrolatum partners). WHO D02AB (Zinc products) has no L5 children - confirmed terminal L4, per documented finding."
4,637149,petrolatum 0.87 MG/MG / zinc oxide 0.088 MG/MG Topical Ointment,D02AB,Zinc products,D02AB,Zinc products,KEEP,HIGH,"Zinc-oxide topical protectant combos (menthol/talc/petrolatum partners). WHO D02AB (Zinc products) has no L5 children - confirmed terminal L4, per documented finding."
4,744868,menthol 0.0044 MG/MG / zinc oxide 0.2 MG/MG Topical Ointment,D02AB,Zinc products,D02AB,Zinc products,KEEP,HIGH,"Zinc-oxide topical protectant combos (menthol/talc/petrolatum partners). WHO D02AB (Zinc products) has no L5 children - confirmed terminal L4, per documented finding."
4,792623,petrolatum 0.87 MG/MG / zinc oxide 0.088 MG/MG Topical Ointment [Sayman Salve],D02AB,Zinc products,D02AB,Zinc products,KEEP,HIGH,"Zinc-oxide topical protectant combos (menthol/talc/petrolatum partners). WHO D02AB (Zinc products) has no L5 children - confirmed terminal L4, per documented finding."
4,849667,menthol 0.002 MG/MG / zinc oxide 0.2 MG/MG Paste,D02AB,Zinc products,D02AB,Zinc products,KEEP,HIGH,"Zinc-oxide topical protectant combos (menthol/talc/petrolatum partners). WHO D02AB (Zinc products) has no L5 children - confirmed terminal L4, per documented finding."
4,850425,petrolatum 0.49 MG/MG / zinc oxide 0.15 MG/MG Topical Ointment,D02AB,Zinc products,D02AB,Zinc products,KEEP,HIGH,"Zinc-oxide topical protectant combos (menthol/talc/petrolatum partners). WHO D02AB (Zinc products) has no L5 children - confirmed terminal L4, per documented finding."
4,866214,lanolin 0.18 MG/MG / petrolatum 0.48 MG/MG / zinc oxide 0.1 MG/MG Topical Ointment [Dr. Smith's Rash-n-All],D02AB,Zinc products,D02AB,Zinc products,KEEP,HIGH,"Zinc-oxide topical protectant combos (menthol/talc/petrolatum partners). WHO D02AB (Zinc products) has no L5 children - confirmed terminal L4, per documented finding."
4,884804,menthol 0.0045 MG/MG / zinc oxide 0.2 MG/MG Topical Ointment,D02AB,Zinc products,D02AB,Zinc products,KEEP,HIGH,"Zinc-oxide topical protectant combos (menthol/talc/petrolatum partners). WHO D02AB (Zinc products) has no L5 children - confirmed terminal L4, per documented finding."
4,1039057,starch 0.81 MG/MG / zinc oxide 0.15 MG/MG Topical Powder [Caldesene],D02AB,Zinc products,D02AB,Zinc products,KEEP,HIGH,"Zinc-oxide topical protectant combos (menthol/talc/petrolatum partners). WHO D02AB (Zinc products) has no L5 children - confirmed terminal L4, per documented finding."
4,1048969,petrolatum 780 MG/ML / zinc oxide 100 MG/ML Topical Cream,D02AB,Zinc products,D02AB,Zinc products,KEEP,HIGH,"Zinc-oxide topical protectant combos (menthol/talc/petrolatum partners). WHO D02AB (Zinc products) has no L5 children - confirmed terminal L4, per documented finding."
4,1049629,menthol 0.002 MG/MG / zinc oxide 0.2 MG/MG Paste [Calazime],D02AB,Zinc products,D02AB,Zinc products,KEEP,HIGH,"Zinc-oxide topical protectant combos (menthol/talc/petrolatum partners). WHO D02AB (Zinc products) has no L5 children - confirmed terminal L4, per documented finding."
4,1053005,petrolatum 800 MG/ML / zinc oxide 200 MG/ML Rectal Cream,D02AB,Zinc products,D02AB,Zinc products,KEEP,HIGH,"Zinc-oxide topical protectant combos (menthol/talc/petrolatum partners). WHO D02AB (Zinc products) has no L5 children - confirmed terminal L4, per documented finding."
4,1098240,pramoxine hydrochloride 10 MG/ML / zinc oxide 50 MG/ML Rectal Cream [Tronolane Anesthetic],D02AB,Zinc products,D02AB,Zinc products,KEEP,HIGH,"Zinc-oxide topical protectant combos (menthol/talc/petrolatum partners). WHO D02AB (Zinc products) has no L5 children - confirmed terminal L4, per documented finding."
4,1098346,menthol 0.0044 MG/MG / zinc oxide 0.2 MG/MG Topical Ointment [Advanced Zinc-Oxyde Plus Ointment],D02AB,Zinc products,D02AB,Zinc products,KEEP,HIGH,"Zinc-oxide topical protectant combos (menthol/talc/petrolatum partners). WHO D02AB (Zinc products) has no L5 children - confirmed terminal L4, per documented finding."
4,1113714,cocoa butter 0.76 MG/MG / zinc oxide 0.1 MG/MG Rectal Suppository [Calmol],D02AB,Zinc products,D02AB,Zinc products,KEEP,HIGH,"Zinc-oxide topical protectant combos (menthol/talc/petrolatum partners). WHO D02AB (Zinc products) has no L5 children - confirmed terminal L4, per documented finding."
4,1117243,dimethicone 10 MG/ML / zinc oxide 100 MG/ML Topical Cream [A+D Diaper Rash],D02AB,Zinc products,D02AB,Zinc products,KEEP,HIGH,"Zinc-oxide topical protectant combos (menthol/talc/petrolatum partners). WHO D02AB (Zinc products) has no L5 children - confirmed terminal L4, per documented finding."
4,1294013,pramoxine hydrochloride 0.01 MG/MG / zinc oxide 0.125 MG/MG Rectal Ointment,D02AB,Zinc products,D02AB,Zinc products,KEEP,HIGH,"Zinc-oxide topical protectant combos (menthol/talc/petrolatum partners). WHO D02AB (Zinc products) has no L5 children - confirmed terminal L4, per documented finding."
4,1294330,pramoxine hydrochloride 0.01 MG/MG / zinc oxide 0.125 MG/MG Topical Ointment,D02AB,Zinc products,D02AB,Zinc products,KEEP,HIGH,"Zinc-oxide topical protectant combos (menthol/talc/petrolatum partners). WHO D02AB (Zinc products) has no L5 children - confirmed terminal L4, per documented finding."
4,1302176,petrolatum 0.5 MG/MG / zinc oxide 0.1 MG/MG Paste [Soothe & Cool Skin Paste],D02AB,Zinc products,D02AB,Zinc products,KEEP,HIGH,"Zinc-oxide topical protectant combos (menthol/talc/petrolatum partners). WHO D02AB (Zinc products) has no L5 children - confirmed terminal L4, per documented finding."
4,1306932,allantoin 0.01 MG/MG / petrolatum 0.346 MG/MG / zinc oxide 0.3 MG/MG Topical Ointment [Vitacilina Bebe],D02AB,Zinc products,D02AB,Zinc products,KEEP,HIGH,"Zinc-oxide topical protectant combos (menthol/talc/petrolatum partners). WHO D02AB (Zinc products) has no L5 children - confirmed terminal L4, per documented finding."
4,1425912,calamine 0.02 MG/MG / menthol 0.0045 MG/MG / zinc oxide 0.18 MG/MG Topical Ointment [Lantiseptic Multi-Purpose],D02AB,Zinc products,D02AB,Zinc products,KEEP,HIGH,"Zinc-oxide topical protectant combos (menthol/talc/petrolatum partners). WHO D02AB (Zinc products) has no L5 children - confirmed terminal L4, per documented finding."
4,1427959,petrolatum 490 MG/ML / zinc oxide 150 MG/ML Topical Cream [Welmedix Homecare Pro],D02AB,Zinc products,D02AB,Zinc products,KEEP,HIGH,"Zinc-oxide topical protectant combos (menthol/talc/petrolatum partners). WHO D02AB (Zinc products) has no L5 children - confirmed terminal L4, per documented finding."
4,1441184,allantoin 0.01 MG/MG / zinc oxide 0.25 MG/MG Topical Ointment [Vitacilina Diaper Rash],D02AB,Zinc products,D02AB,Zinc products,KEEP,HIGH,"Zinc-oxide topical protectant combos (menthol/talc/petrolatum partners). WHO D02AB (Zinc products) has no L5 children - confirmed terminal L4, per documented finding."
4,1492403,menthol 1.1 MG/ML / zinc oxide 51 MG/ML Topical Lotion [Granulotion Medicated Lotion],D02AB,Zinc products,D02AB,Zinc products,KEEP,HIGH,"Zinc-oxide topical protectant combos (menthol/talc/petrolatum partners). WHO D02AB (Zinc products) has no L5 children - confirmed terminal L4, per documented finding."
4,1494214,petrolatum 0.57 MG/MG / zinc oxide 0.17 MG/MG Paste,D02AB,Zinc products,D02AB,Zinc products,KEEP,HIGH,"Zinc-oxide topical protectant combos (menthol/talc/petrolatum partners). WHO D02AB (Zinc products) has no L5 children - confirmed terminal L4, per documented finding."
4,1549717,menthol 0.0044 MG/MG / zinc oxide 0.2 MG/MG Topical Ointment [Calmodrox],D02AB,Zinc products,D02AB,Zinc products,KEEP,HIGH,"Zinc-oxide topical protectant combos (menthol/talc/petrolatum partners). WHO D02AB (Zinc products) has no L5 children - confirmed terminal L4, per documented finding."
4,1658664,allantoin 0.01 MG/MG / petrolatum 0.45 MG/MG / zinc oxide 0.4 MG/MG Topical Ointment,D02AB,Zinc products,D02AB,Zinc products,KEEP,HIGH,"Zinc-oxide topical protectant combos (menthol/talc/petrolatum partners). WHO D02AB (Zinc products) has no L5 children - confirmed terminal L4, per documented finding."
4,1737554,petrolatum 0.57 MG/MG / zinc oxide 0.17 MG/MG Paste [Z-Guard],D02AB,Zinc products,D02AB,Zinc products,KEEP,HIGH,"Zinc-oxide topical protectant combos (menthol/talc/petrolatum partners). WHO D02AB (Zinc products) has no L5 children - confirmed terminal L4, per documented finding."
4,1792499,menthol 4.4 MG/ML / zinc oxide 206 MG/ML Topical Cream,D02AB,Zinc products,D02AB,Zinc products,KEEP,HIGH,"Zinc-oxide topical protectant combos (menthol/talc/petrolatum partners). WHO D02AB (Zinc products) has no L5 children - confirmed terminal L4, per documented finding."
4,1860083,petrolatum 0.75 MG/MG / zinc oxide 0.2 MG/MG Paste,D02AB,Zinc products,D02AB,Zinc products,KEEP,HIGH,"Zinc-oxide topical protectant combos (menthol/talc/petrolatum partners). WHO D02AB (Zinc products) has no L5 children - confirmed terminal L4, per documented finding."
4,1921775,calamine 0.035 MG/MG / menthol 0.002 MG/MG / petrolatum 0.69 MG/MG / zinc oxide 0.165 MG/MG Paste [Calazime Skin Protectant],D02AB,Zinc products,D02AB,Zinc products,KEEP,HIGH,"Zinc-oxide topical protectant combos (menthol/talc/petrolatum partners). WHO D02AB (Zinc products) has no L5 children - confirmed terminal L4, per documented finding."
4,1942346,menthol 4.5 MG/ML / zinc oxide 200 MG/ML Rectal Cream,D02AB,Zinc products,D02AB,Zinc products,KEEP,HIGH,"Zinc-oxide topical protectant combos (menthol/talc/petrolatum partners). WHO D02AB (Zinc products) has no L5 children - confirmed terminal L4, per documented finding."
4,1998442,menthol 0.001 MG/MG / zinc oxide 0.2 MG/MG Topical Ointment,D02AB,Zinc products,D02AB,Zinc products,KEEP,HIGH,"Zinc-oxide topical protectant combos (menthol/talc/petrolatum partners). WHO D02AB (Zinc products) has no L5 children - confirmed terminal L4, per documented finding."
4,2000690,calamine 76 MG/ML / zinc oxide 76 MG/ML Topical Lotion,D02AB,Zinc products,D02AB,Zinc products,KEEP,HIGH,"Zinc-oxide topical protectant combos (menthol/talc/petrolatum partners). WHO D02AB (Zinc products) has no L5 children - confirmed terminal L4, per documented finding."
4,2058531,petrolatum 0.785 MG/MG / zinc oxide 0.08 MG/MG Topical Ointment,D02AB,Zinc products,D02AB,Zinc products,KEEP,HIGH,"Zinc-oxide topical protectant combos (menthol/talc/petrolatum partners). WHO D02AB (Zinc products) has no L5 children - confirmed terminal L4, per documented finding."
4,2119814,menthol 0.046 MG/MG / zinc oxide 0.106 MG/MG Medicated Patch,D02AB,Zinc products,D02AB,Zinc products,KEEP,HIGH,"Zinc-oxide topical protectant combos (menthol/talc/petrolatum partners). WHO D02AB (Zinc products) has no L5 children - confirmed terminal L4, per documented finding."
4,2123045,menthol 0.0044 MG/MG / zinc oxide 0.206 MG/MG Topical Ointment,D02AB,Zinc products,D02AB,Zinc products,KEEP,HIGH,"Zinc-oxide topical protectant combos (menthol/talc/petrolatum partners). WHO D02AB (Zinc products) has no L5 children - confirmed terminal L4, per documented finding."
4,2175697,lanolin 0.5 MG/MG / zinc oxide 0.125 MG/MG Paste,D02AB,Zinc products,D02AB,Zinc products,KEEP,HIGH,"Zinc-oxide topical protectant combos (menthol/talc/petrolatum partners). WHO D02AB (Zinc products) has no L5 children - confirmed terminal L4, per documented finding."
4,858726,chlorhexidine gluconate 20 MG/ML / isopropyl alcohol 0.7 ML/ML Topical Solution,D08AC52,"chlorhexidine, combinations",D08AC52,"chlorhexidine, combinations",KEEP,HIGH,"Exact match: chlorhexidine, combinations - generic bucket correctly covers all chlorhexidine+antiseptic/antifungal/alcohol partners."
4,998282,chlorhexidine gluconate 20 MG/ML / isopropyl alcohol 0.7 ML/ML Topical Solution [ChloraPrep],D08AC52,"chlorhexidine, combinations",D08AC52,"chlorhexidine, combinations",KEEP,HIGH,"Exact match: chlorhexidine, combinations - generic bucket correctly covers all chlorhexidine+antiseptic/antifungal/alcohol partners."
4,1011458,chlorhexidine gluconate 3.5 MG/ML / didecyldimethylammonium chloride 2 MG/ML Topical Solution [CHG Teat Dip],D08AC52,"chlorhexidine, combinations",D08AC52,"chlorhexidine, combinations",KEEP,HIGH,"Exact match: chlorhexidine, combinations - generic bucket correctly covers all chlorhexidine+antiseptic/antifungal/alcohol partners."
4,1049648,chlorhexidine gluconate 10 MG/ML / ethanol 0.7 ML/ML Topical Solution,D08AC52,"chlorhexidine, combinations",D08AC52,"chlorhexidine, combinations",KEEP,HIGH,"Exact match: chlorhexidine, combinations - generic bucket correctly covers all chlorhexidine+antiseptic/antifungal/alcohol partners."
4,1090000,chlorhexidine gluconate 10 MG/ML / ethanol 0.61 ML/ML Topical Lotion [Avagard],D08AC52,"chlorhexidine, combinations",D08AC52,"chlorhexidine, combinations",KEEP,HIGH,"Exact match: chlorhexidine, combinations - generic bucket correctly covers all chlorhexidine+antiseptic/antifungal/alcohol partners."
4,1116107,chlorhexidine gluconate 20 MG/ML / miconazole nitrate 20 MG/ML Medicated Shampoo,D08AC52,"chlorhexidine, combinations",D08AC52,"chlorhexidine, combinations",KEEP,HIGH,"Exact match: chlorhexidine, combinations - generic bucket correctly covers all chlorhexidine+antiseptic/antifungal/alcohol partners."
4,1116111,chlorhexidine gluconate 20 MG/ML / miconazole nitrate 20 MG/ML Medicated Shampoo [Malaseb],D08AC52,"chlorhexidine, combinations",D08AC52,"chlorhexidine, combinations",KEEP,HIGH,"Exact match: chlorhexidine, combinations - generic bucket correctly covers all chlorhexidine+antiseptic/antifungal/alcohol partners."
4,1366736,chlorhexidine gluconate 31.5 MG/ML / isopropyl alcohol 0.7 ML/ML Medicated Pad [Prevantics],D08AC52,"chlorhexidine, combinations",D08AC52,"chlorhexidine, combinations",KEEP,HIGH,"Exact match: chlorhexidine, combinations - generic bucket correctly covers all chlorhexidine+antiseptic/antifungal/alcohol partners."
4,1549214,chlorhexidine gluconate 2 MG/ML / miconazole nitrate 2 MG/ML Topical Solution [Malaseb],D08AC52,"chlorhexidine, combinations",D08AC52,"chlorhexidine, combinations",KEEP,HIGH,"Exact match: chlorhexidine, combinations - generic bucket correctly covers all chlorhexidine+antiseptic/antifungal/alcohol partners."
4,1667684,benzethonium chloride 0.8 MG/ML / chlorhexidine gluconate 1 MG/ML Medicated Pad,D08AC52,"chlorhexidine, combinations",D08AC52,"chlorhexidine, combinations",KEEP,HIGH,"Exact match: chlorhexidine, combinations - generic bucket correctly covers all chlorhexidine+antiseptic/antifungal/alcohol partners."
4,1742037,chlorhexidine gluconate 30 MG/ML / salicyloyl phytosphingosine 0.5 MG/ML Topical Spray,D08AC52,"chlorhexidine, combinations",D08AC52,"chlorhexidine, combinations",KEEP,HIGH,"Exact match: chlorhexidine, combinations - generic bucket correctly covers all chlorhexidine+antiseptic/antifungal/alcohol partners."
4,1876116,chlorhexidine gluconate 20 MG/ML / miconazole nitrate 20 MG/ML / salicyloyl phytosphingosine 0.5 MG/ML Medicated Shampoo,D08AC52,"chlorhexidine, combinations",D08AC52,"chlorhexidine, combinations",KEEP,HIGH,"Exact match: chlorhexidine, combinations - generic bucket correctly covers all chlorhexidine+antiseptic/antifungal/alcohol partners."
4,1918214,chlorhexidine gluconate 20 MG/ML / isopropyl alcohol 0.7 ML/ML Medicated Pad,D08AC52,"chlorhexidine, combinations",D08AC52,"chlorhexidine, combinations",KEEP,HIGH,"Exact match: chlorhexidine, combinations - generic bucket correctly covers all chlorhexidine+antiseptic/antifungal/alcohol partners."
4,2003557,chlorhexidine gluconate 20 MG/ML / miconazole nitrate 20 MG/ML Topical Spray [MiconaHex+Triz],D08AC52,"chlorhexidine, combinations",D08AC52,"chlorhexidine, combinations",KEEP,HIGH,"Exact match: chlorhexidine, combinations - generic bucket correctly covers all chlorhexidine+antiseptic/antifungal/alcohol partners."
4,1371365,chlorhexidine gluconate 20 MG/ML / ketoconazole 10 MG/ML Topical Spray,D08AC52,"chlorhexidine, combinations",D08AC52,"chlorhexidine, combinations",KEEP,HIGH,"Exact match: chlorhexidine, combinations - generic bucket correctly covers all chlorhexidine+antiseptic/antifungal/alcohol partners."
4,1424016,chlorhexidine gluconate 20 MG/ML / ketoconazole 10 MG/ML Medicated Shampoo,D08AC52,"chlorhexidine, combinations",D08AC52,"chlorhexidine, combinations",KEEP,HIGH,"Exact match: chlorhexidine, combinations - generic bucket correctly covers all chlorhexidine+antiseptic/antifungal/alcohol partners."
4,1439953,acetic acid 20 MG/ML / chlorhexidine gluconate 20 MG/ML / ketoconazole 10 MG/ML Medicated Shampoo [Mal-A-Ket],D08AC52,"chlorhexidine, combinations",D08AC52,"chlorhexidine, combinations",KEEP,HIGH,"Exact match: chlorhexidine, combinations - generic bucket correctly covers all chlorhexidine+antiseptic/antifungal/alcohol partners."
4,1482662,chlorhexidine gluconate 23 MG/ML / ketoconazole 10 MG/ML Medicated Shampoo [Ketochlor],D08AC52,"chlorhexidine, combinations",D08AC52,"chlorhexidine, combinations",KEEP,HIGH,"Exact match: chlorhexidine, combinations - generic bucket correctly covers all chlorhexidine+antiseptic/antifungal/alcohol partners."
4,1537189,chlorhexidine gluconate 10 MG/ML / ketoconazole 2.5 MG/ML Medicated Shampoo,D08AC52,"chlorhexidine, combinations",D08AC52,"chlorhexidine, combinations",KEEP,HIGH,"Exact match: chlorhexidine, combinations - generic bucket correctly covers all chlorhexidine+antiseptic/antifungal/alcohol partners."
4,1537336,chlorhexidine gluconate 10 MG/ML / ketoconazole 2.5 MG/ML Topical Spray,D08AC52,"chlorhexidine, combinations",D08AC52,"chlorhexidine, combinations",KEEP,HIGH,"Exact match: chlorhexidine, combinations - generic bucket correctly covers all chlorhexidine+antiseptic/antifungal/alcohol partners."
4,1797511,chlorhexidine gluconate 2 MG/ML / ketoconazole 2 MG/ML Topical Solution [Keto-C],D08AC52,"chlorhexidine, combinations",D08AC52,"chlorhexidine, combinations",KEEP,HIGH,"Exact match: chlorhexidine, combinations - generic bucket correctly covers all chlorhexidine+antiseptic/antifungal/alcohol partners."
4,1797515,chlorhexidine gluconate 20 MG/ML / ketoconazole 10 MG/ML Topical Spray [Keto-C],D08AC52,"chlorhexidine, combinations",D08AC52,"chlorhexidine, combinations",KEEP,HIGH,"Exact match: chlorhexidine, combinations - generic bucket correctly covers all chlorhexidine+antiseptic/antifungal/alcohol partners."
4,1798297,chlorhexidine gluconate 20 MG/ML / ketoconazole 10 MG/ML Medicated Pad,D08AC52,"chlorhexidine, combinations",D08AC52,"chlorhexidine, combinations",KEEP,HIGH,"Exact match: chlorhexidine, combinations - generic bucket correctly covers all chlorhexidine+antiseptic/antifungal/alcohol partners."
4,1798546,chlorhexidine gluconate 20 MG/ML / ketoconazole 10 MG/ML Medicated Shampoo [Keto-C],D08AC52,"chlorhexidine, combinations",D08AC52,"chlorhexidine, combinations",KEEP,HIGH,"Exact match: chlorhexidine, combinations - generic bucket correctly covers all chlorhexidine+antiseptic/antifungal/alcohol partners."
4,1994337,chlorhexidine 0.02 MG/MG / ketoconazole 0.01 MG/MG Medicated Pad [Keto-C],D08AC52,"chlorhexidine, combinations",D08AC52,"chlorhexidine, combinations",KEEP,HIGH,"Exact match: chlorhexidine, combinations - generic bucket correctly covers all chlorhexidine+antiseptic/antifungal/alcohol partners."
4,200268,amylase 20000 UNT / lipase 4500 UNT / protease 25000 UNT Oral Capsule,A09AA01,diastase,A09AA02,"multienzymes (lipase, protease etc.)",REPLACE,HIGH,"Amylase+lipase+protease pancreatic-enzyme products (pancrelipase-shape) are a multienzyme preparation, not diastase mono; A09AA02 ""multienzymes (lipase, protease etc.)"" is the correct WHO code."
4,247086,amylase 58500 UNT / lipase 18000 UNT / protease 58500 UNT Oral Capsule,A09AA01,diastase,A09AA02,"multienzymes (lipase, protease etc.)",REPLACE,HIGH,"Amylase+lipase+protease pancreatic-enzyme products (pancrelipase-shape) are a multienzyme preparation, not diastase mono; A09AA02 ""multienzymes (lipase, protease etc.)"" is the correct WHO code."
4,284175,amylase 60000 UNT / lipase 16000 UNT / protease 60000 UNT Oral Tablet,A09AA01,diastase,A09AA02,"multienzymes (lipase, protease etc.)",REPLACE,HIGH,"Amylase+lipase+protease pancreatic-enzyme products (pancrelipase-shape) are a multienzyme preparation, not diastase mono; A09AA02 ""multienzymes (lipase, protease etc.)"" is the correct WHO code."
4,308215,amylase 12000 UNT / lipase 4000 UNT / protease 12000 UNT Delayed Release Oral Capsule,A09AA01,diastase,A09AA02,"multienzymes (lipase, protease etc.)",REPLACE,HIGH,"Amylase+lipase+protease pancreatic-enzyme products (pancrelipase-shape) are a multienzyme preparation, not diastase mono; A09AA02 ""multienzymes (lipase, protease etc.)"" is the correct WHO code."
4,308224,amylase 30000 UNT / lipase 10000 UNT / protease 30000 UNT Delayed Release Oral Capsule,A09AA01,diastase,A09AA02,"multienzymes (lipase, protease etc.)",REPLACE,HIGH,"Amylase+lipase+protease pancreatic-enzyme products (pancrelipase-shape) are a multienzyme preparation, not diastase mono; A09AA02 ""multienzymes (lipase, protease etc.)"" is the correct WHO code."
4,308228,amylase 30000 UNT / lipase 8000 UNT / protease 30000 UNT Oral Tablet,A09AA01,diastase,A09AA02,"multienzymes (lipase, protease etc.)",REPLACE,HIGH,"Amylase+lipase+protease pancreatic-enzyme products (pancrelipase-shape) are a multienzyme preparation, not diastase mono; A09AA02 ""multienzymes (lipase, protease etc.)"" is the correct WHO code."
4,308232,amylase 33200 UNT / lipase 10000 UNT / protease 37500 UNT Delayed Release Oral Capsule,A09AA01,diastase,A09AA02,"multienzymes (lipase, protease etc.)",REPLACE,HIGH,"Amylase+lipase+protease pancreatic-enzyme products (pancrelipase-shape) are a multienzyme preparation, not diastase mono; A09AA02 ""multienzymes (lipase, protease etc.)"" is the correct WHO code."
4,308233,amylase 39000 UNT / lipase 12000 UNT / protease 39000 UNT Oral Capsule,A09AA01,diastase,A09AA02,"multienzymes (lipase, protease etc.)",REPLACE,HIGH,"Amylase+lipase+protease pancreatic-enzyme products (pancrelipase-shape) are a multienzyme preparation, not diastase mono; A09AA02 ""multienzymes (lipase, protease etc.)"" is the correct WHO code."
4,308235,amylase 48000 UNT / lipase 16000 UNT / protease 48000 UNT Delayed Release Oral Capsule,A09AA01,diastase,A09AA02,"multienzymes (lipase, protease etc.)",REPLACE,HIGH,"Amylase+lipase+protease pancreatic-enzyme products (pancrelipase-shape) are a multienzyme preparation, not diastase mono; A09AA02 ""multienzymes (lipase, protease etc.)"" is the correct WHO code."
4,313913,amylase 66400 UNT / lipase 20000 UNT / protease 75000 UNT Delayed Release Oral Capsule,A09AA01,diastase,A09AA02,"multienzymes (lipase, protease etc.)",REPLACE,HIGH,"Amylase+lipase+protease pancreatic-enzyme products (pancrelipase-shape) are a multienzyme preparation, not diastase mono; A09AA02 ""multienzymes (lipase, protease etc.)"" is the correct WHO code."
4,348177,amylase 16600 UNT / lipase 5000 UNT / protease 18800 UNT Delayed Release Oral Capsule,A09AA01,diastase,A09AA02,"multienzymes (lipase, protease etc.)",REPLACE,HIGH,"Amylase+lipase+protease pancreatic-enzyme products (pancrelipase-shape) are a multienzyme preparation, not diastase mono; A09AA02 ""multienzymes (lipase, protease etc.)"" is the correct WHO code."
4,384788,amylase 30000 UNT / lipase 8000 UNT / protease 30000 UNT Oral Capsule,A09AA01,diastase,A09AA02,"multienzymes (lipase, protease etc.)",REPLACE,HIGH,"Amylase+lipase+protease pancreatic-enzyme products (pancrelipase-shape) are a multienzyme preparation, not diastase mono; A09AA02 ""multienzymes (lipase, protease etc.)"" is the correct WHO code."
4,855503,amylase 60000 UNT / lipase 12000 UNT / protease 38000 UNT Delayed Release Oral Capsule,A09AA01,diastase,A09AA02,"multienzymes (lipase, protease etc.)",REPLACE,HIGH,"Amylase+lipase+protease pancreatic-enzyme products (pancrelipase-shape) are a multienzyme preparation, not diastase mono; A09AA02 ""multienzymes (lipase, protease etc.)"" is the correct WHO code."
4,861834,amylase 82000 UNT / lipase 15000 UNT / protease 51000 UNT Delayed Release Oral Capsule [Zenpep],A09AA01,diastase,A09AA02,"multienzymes (lipase, protease etc.)",REPLACE,HIGH,"Amylase+lipase+protease pancreatic-enzyme products (pancrelipase-shape) are a multienzyme preparation, not diastase mono; A09AA02 ""multienzymes (lipase, protease etc.)"" is the correct WHO code."
4,863829,amylase 120000 UNT / lipase 24000 UNT / protease 76000 UNT Delayed Release Oral Capsule [Creon],A09AA01,diastase,A09AA02,"multienzymes (lipase, protease etc.)",REPLACE,HIGH,"Amylase+lipase+protease pancreatic-enzyme products (pancrelipase-shape) are a multienzyme preparation, not diastase mono; A09AA02 ""multienzymes (lipase, protease etc.)"" is the correct WHO code."
4,863836,amylase 30000 UNT / lipase 6000 UNT / protease 19000 UNT Delayed Release Oral Capsule [Creon],A09AA01,diastase,A09AA02,"multienzymes (lipase, protease etc.)",REPLACE,HIGH,"Amylase+lipase+protease pancreatic-enzyme products (pancrelipase-shape) are a multienzyme preparation, not diastase mono; A09AA02 ""multienzymes (lipase, protease etc.)"" is the correct WHO code."
4,863841,amylase 60000 UNT / lipase 12000 UNT / protease 38000 UNT Delayed Release Oral Capsule [Creon],A09AA01,diastase,A09AA02,"multienzymes (lipase, protease etc.)",REPLACE,HIGH,"Amylase+lipase+protease pancreatic-enzyme products (pancrelipase-shape) are a multienzyme preparation, not diastase mono; A09AA02 ""multienzymes (lipase, protease etc.)"" is the correct WHO code."
4,1113046,amylase 15000 UNT / lipase 3000 UNT / protease 9500 UNT Delayed Release Oral Capsule [Creon],A09AA01,diastase,A09AA02,"multienzymes (lipase, protease etc.)",REPLACE,HIGH,"Amylase+lipase+protease pancreatic-enzyme products (pancrelipase-shape) are a multienzyme preparation, not diastase mono; A09AA02 ""multienzymes (lipase, protease etc.)"" is the correct WHO code."
4,1114135,amylase 16000 UNT / lipase 3000 UNT / protease 10000 UNT Delayed Release Oral Capsule [Zenpep],A09AA01,diastase,A09AA02,"multienzymes (lipase, protease etc.)",REPLACE,HIGH,"Amylase+lipase+protease pancreatic-enzyme products (pancrelipase-shape) are a multienzyme preparation, not diastase mono; A09AA02 ""multienzymes (lipase, protease etc.)"" is the correct WHO code."
4,1247381,amylase 78300 UNT / lipase 20880 UNT / protease 78300 UNT Oral Tablet [Viokace],A09AA01,diastase,A09AA02,"multienzymes (lipase, protease etc.)",REPLACE,HIGH,"Amylase+lipase+protease pancreatic-enzyme products (pancrelipase-shape) are a multienzyme preparation, not diastase mono; A09AA02 ""multienzymes (lipase, protease etc.)"" is the correct WHO code."
4,1247388,amylase 39150 UNT / lipase 10440 UNT / protease 39150 UNT Oral Tablet [Viokace],A09AA01,diastase,A09AA02,"multienzymes (lipase, protease etc.)",REPLACE,HIGH,"Amylase+lipase+protease pancreatic-enzyme products (pancrelipase-shape) are a multienzyme preparation, not diastase mono; A09AA02 ""multienzymes (lipase, protease etc.)"" is the correct WHO code."
4,1294128,amylase 60500 UNT / lipase 16000 UNT / protease 57500 UNT Delayed Release Oral Capsule [Pertzye],A09AA01,diastase,A09AA02,"multienzymes (lipase, protease etc.)",REPLACE,HIGH,"Amylase+lipase+protease pancreatic-enzyme products (pancrelipase-shape) are a multienzyme preparation, not diastase mono; A09AA02 ""multienzymes (lipase, protease etc.)"" is the correct WHO code."
4,1294483,amylase 30250 UNT / lipase 8000 UNT / protease 28750 UNT Delayed Release Oral Capsule [Pertzye],A09AA01,diastase,A09AA02,"multienzymes (lipase, protease etc.)",REPLACE,HIGH,"Amylase+lipase+protease pancreatic-enzyme products (pancrelipase-shape) are a multienzyme preparation, not diastase mono; A09AA02 ""multienzymes (lipase, protease etc.)"" is the correct WHO code."
4,1373327,amylase 180000 UNT / lipase 36000 UNT / protease 114000 UNT Delayed Release Oral Capsule [Creon],A09AA01,diastase,A09AA02,"multienzymes (lipase, protease etc.)",REPLACE,HIGH,"Amylase+lipase+protease pancreatic-enzyme products (pancrelipase-shape) are a multienzyme preparation, not diastase mono; A09AA02 ""multienzymes (lipase, protease etc.)"" is the correct WHO code."
4,1421001,amylase 64000 UNT / lipase 9000 UNT / protease 57000 UNT Oral Tablet,A09AA01,diastase,A09AA02,"multienzymes (lipase, protease etc.)",REPLACE,HIGH,"Amylase+lipase+protease pancreatic-enzyme products (pancrelipase-shape) are a multienzyme preparation, not diastase mono; A09AA02 ""multienzymes (lipase, protease etc.)"" is the correct WHO code."
4,1421007,amylase 64000 UNT / lipase 9000 UNT / protease 57000 UNT Oral Tablet [PanaKare],A09AA01,diastase,A09AA02,"multienzymes (lipase, protease etc.)",REPLACE,HIGH,"Amylase+lipase+protease pancreatic-enzyme products (pancrelipase-shape) are a multienzyme preparation, not diastase mono; A09AA02 ""multienzymes (lipase, protease etc.)"" is the correct WHO code."
4,1421616,amylase 164 UNT/MG / lipase 25.5 UNT/MG / protease 139 UNT/MG Oral Powder,A09AA01,diastase,A09AA02,"multienzymes (lipase, protease etc.)",REPLACE,HIGH,"Amylase+lipase+protease pancreatic-enzyme products (pancrelipase-shape) are a multienzyme preparation, not diastase mono; A09AA02 ""multienzymes (lipase, protease etc.)"" is the correct WHO code."
4,1421620,amylase 164 UNT/MG / lipase 25.5 UNT/MG / protease 139 UNT/MG Oral Powder [PanaKare],A09AA01,diastase,A09AA02,"multienzymes (lipase, protease etc.)",REPLACE,HIGH,"Amylase+lipase+protease pancreatic-enzyme products (pancrelipase-shape) are a multienzyme preparation, not diastase mono; A09AA02 ""multienzymes (lipase, protease etc.)"" is the correct WHO code."
4,1423489,amylase 64000 UNT / lipase 9000 UNT / protease 57000 UNT Oral Tablet [PancrePlus],A09AA01,diastase,A09AA02,"multienzymes (lipase, protease etc.)",REPLACE,HIGH,"Amylase+lipase+protease pancreatic-enzyme products (pancrelipase-shape) are a multienzyme preparation, not diastase mono; A09AA02 ""multienzymes (lipase, protease etc.)"" is the correct WHO code."
4,1543006,amylase 15125 UNT / lipase 4000 UNT / protease 14375 UNT Delayed Release Oral Capsule [Pertzye],A09AA01,diastase,A09AA02,"multienzymes (lipase, protease etc.)",REPLACE,HIGH,"Amylase+lipase+protease pancreatic-enzyme products (pancrelipase-shape) are a multienzyme preparation, not diastase mono; A09AA02 ""multienzymes (lipase, protease etc.)"" is the correct WHO code."
4,1594673,amylase 105000 UNT / lipase 25000 UNT / protease 79000 UNT Delayed Release Oral Capsule [Zenpep],A09AA01,diastase,A09AA02,"multienzymes (lipase, protease etc.)",REPLACE,HIGH,"Amylase+lipase+protease pancreatic-enzyme products (pancrelipase-shape) are a multienzyme preparation, not diastase mono; A09AA02 ""multienzymes (lipase, protease etc.)"" is the correct WHO code."
4,1595292,amylase 14000 UNT / lipase 3000 UNT / protease 10000 UNT Delayed Release Oral Capsule [Zenpep],A09AA01,diastase,A09AA02,"multienzymes (lipase, protease etc.)",REPLACE,HIGH,"Amylase+lipase+protease pancreatic-enzyme products (pancrelipase-shape) are a multienzyme preparation, not diastase mono; A09AA02 ""multienzymes (lipase, protease etc.)"" is the correct WHO code."
4,1595457,amylase 24000 UNT / lipase 5000 UNT / protease 17000 UNT Delayed Release Oral Capsule [Zenpep],A09AA01,diastase,A09AA02,"multienzymes (lipase, protease etc.)",REPLACE,HIGH,"Amylase+lipase+protease pancreatic-enzyme products (pancrelipase-shape) are a multienzyme preparation, not diastase mono; A09AA02 ""multienzymes (lipase, protease etc.)"" is the correct WHO code."
4,1595462,amylase 42000 UNT / lipase 10000 UNT / protease 32000 UNT Delayed Release Oral Capsule [Zenpep],A09AA01,diastase,A09AA02,"multienzymes (lipase, protease etc.)",REPLACE,HIGH,"Amylase+lipase+protease pancreatic-enzyme products (pancrelipase-shape) are a multienzyme preparation, not diastase mono; A09AA02 ""multienzymes (lipase, protease etc.)"" is the correct WHO code."
4,1595473,amylase 63000 UNT / lipase 15000 UNT / protease 47000 UNT Delayed Release Oral Capsule [Zenpep],A09AA01,diastase,A09AA02,"multienzymes (lipase, protease etc.)",REPLACE,HIGH,"Amylase+lipase+protease pancreatic-enzyme products (pancrelipase-shape) are a multienzyme preparation, not diastase mono; A09AA02 ""multienzymes (lipase, protease etc.)"" is the correct WHO code."
4,1595478,amylase 84000 UNT / lipase 20000 UNT / protease 63000 UNT Delayed Release Oral Capsule [Zenpep],A09AA01,diastase,A09AA02,"multienzymes (lipase, protease etc.)",REPLACE,HIGH,"Amylase+lipase+protease pancreatic-enzyme products (pancrelipase-shape) are a multienzyme preparation, not diastase mono; A09AA02 ""multienzymes (lipase, protease etc.)"" is the correct WHO code."
4,1806921,amylase 61500 UNT / lipase 10500 UNT / protease 35500 UNT Delayed Release Oral Capsule [Pancreaze],A09AA01,diastase,A09AA02,"multienzymes (lipase, protease etc.)",REPLACE,HIGH,"Amylase+lipase+protease pancreatic-enzyme products (pancrelipase-shape) are a multienzyme preparation, not diastase mono; A09AA02 ""multienzymes (lipase, protease etc.)"" is the correct WHO code."
4,1806926,amylase 98400 UNT / lipase 16800 UNT / protease 56800 UNT Delayed Release Oral Capsule [Pancreaze],A09AA01,diastase,A09AA02,"multienzymes (lipase, protease etc.)",REPLACE,HIGH,"Amylase+lipase+protease pancreatic-enzyme products (pancrelipase-shape) are a multienzyme preparation, not diastase mono; A09AA02 ""multienzymes (lipase, protease etc.)"" is the correct WHO code."
4,1806931,amylase 83900 UNT / lipase 21000 UNT / protease 54700 UNT Delayed Release Oral Capsule [Pancreaze],A09AA01,diastase,A09AA02,"multienzymes (lipase, protease etc.)",REPLACE,HIGH,"Amylase+lipase+protease pancreatic-enzyme products (pancrelipase-shape) are a multienzyme preparation, not diastase mono; A09AA02 ""multienzymes (lipase, protease etc.)"" is the correct WHO code."
4,1806966,amylase 24600 UNT / lipase 4200 UNT / protease 14200 UNT Delayed Release Oral Capsule [Pancreaze],A09AA01,diastase,A09AA02,"multienzymes (lipase, protease etc.)",REPLACE,HIGH,"Amylase+lipase+protease pancreatic-enzyme products (pancrelipase-shape) are a multienzyme preparation, not diastase mono; A09AA02 ""multienzymes (lipase, protease etc.)"" is the correct WHO code."
4,1929118,amylase 90750 UNT / lipase 24000 UNT / protease 86250 UNT Delayed Release Oral Capsule [Pertzye],A09AA01,diastase,A09AA02,"multienzymes (lipase, protease etc.)",REPLACE,HIGH,"Amylase+lipase+protease pancreatic-enzyme products (pancrelipase-shape) are a multienzyme preparation, not diastase mono; A09AA02 ""multienzymes (lipase, protease etc.)"" is the correct WHO code."
4,1995479,amylase 168000 UNT / lipase 40000 UNT / protease 126000 UNT Delayed Release Oral Capsule [Zenpep],A09AA01,diastase,A09AA02,"multienzymes (lipase, protease etc.)",REPLACE,HIGH,"Amylase+lipase+protease pancreatic-enzyme products (pancrelipase-shape) are a multienzyme preparation, not diastase mono; A09AA02 ""multienzymes (lipase, protease etc.)"" is the correct WHO code."
4,2049397,amylase 64000 UNT / lipase 9000 UNT / protease 57000 UNT Oral Tablet [Zypatt],A09AA01,diastase,A09AA02,"multienzymes (lipase, protease etc.)",REPLACE,HIGH,"Amylase+lipase+protease pancreatic-enzyme products (pancrelipase-shape) are a multienzyme preparation, not diastase mono; A09AA02 ""multienzymes (lipase, protease etc.)"" is the correct WHO code."
4,2049401,amylase 164 UNT/MG / lipase 25.5 UNT/MG / protease 139 UNT/MG Oral Powder [Zypatt],A09AA01,diastase,A09AA02,"multienzymes (lipase, protease etc.)",REPLACE,HIGH,"Amylase+lipase+protease pancreatic-enzyme products (pancrelipase-shape) are a multienzyme preparation, not diastase mono; A09AA02 ""multienzymes (lipase, protease etc.)"" is the correct WHO code."
4,2173926,amylase 112500 UNT / lipase 9000 UNT / protease 112500 UNT Oral Capsule,A09AA01,diastase,A09AA02,"multienzymes (lipase, protease etc.)",REPLACE,HIGH,"Amylase+lipase+protease pancreatic-enzyme products (pancrelipase-shape) are a multienzyme preparation, not diastase mono; A09AA02 ""multienzymes (lipase, protease etc.)"" is the correct WHO code."
4,308238,amylase 60 MG / papain 60 MG Chewable Tablet,A09AA01,diastase,A09AA02,"multienzymes (lipase, protease etc.)",REPLACE,HIGH,Amylase+papain digestive-enzyme chewable tablet; classified under the same multienzyme bucket as other pancreatic-enzyme mixes.
4,687196,glucose 33 MG/ML / sodium chloride 0.0513 MEQ/ML Injectable Solution,C05BB56,"glucose, combinations",B05BB02,electrolytes with carbohydrates,REPLACE,MED,"Glucose+sodium chloride IV solution is an electrolyte-with-carbohydrate infusion, not a sclerosing agent (C05BB is for varicose-vein injection). B05BB02 is the correct anatomical class."
4,799999,calcium chloride 0.00014 MEQ/ML / glucose 1.7 MG/ML / magnesium chloride 0.0000245 MEQ/ML / sodium chloride 0.00368 MEQ/ML / sodium lactate 0.0016 MEQ/ML Intraperitoneal Solution,C05BB56,"glucose, combinations",B05BB04,electrolytes in combination with other drugs,REPLACE,MED,"Multi-electrolyte (Ca/Mg/Na) + glucose dilute IV solution is a cardioplegia/electrolyte-balance infusion, not a sclerosing agent (C05BB = varicose vein injections, wrong anatomical class entirely). B05BB04 ""electrolytes in combination with other drugs"" is the closer WHO fit."
4,800003,calcium chloride 0.00014 MEQ/ML / glucose 1.7 MG/ML / magnesium chloride 0.0000245 MEQ/ML / sodium chloride 0.00368 MEQ/ML / sodium lactate 0.0016 MEQ/ML Intraperitoneal Solution [Dianeal PD-2/4.25],C05BB56,"glucose, combinations",B05BB04,electrolytes in combination with other drugs,REPLACE,MED,"Multi-electrolyte (Ca/Mg/Na) + glucose dilute IV solution is a cardioplegia/electrolyte-balance infusion, not a sclerosing agent (C05BB = varicose vein injections, wrong anatomical class entirely). B05BB04 ""electrolytes in combination with other drugs"" is the closer WHO fit."
4,800057,calcium chloride 0.00014 MEQ/ML / glucose 0.6 MG/ML / magnesium chloride 0.0000245 MEQ/ML / sodium chloride 0.00368 MEQ/ML / sodium lactate 0.0016 MEQ/ML Intraperitoneal Solution,C05BB56,"glucose, combinations",B05BB04,electrolytes in combination with other drugs,REPLACE,MED,"Multi-electrolyte (Ca/Mg/Na) + glucose dilute IV solution is a cardioplegia/electrolyte-balance infusion, not a sclerosing agent (C05BB = varicose vein injections, wrong anatomical class entirely). B05BB04 ""electrolytes in combination with other drugs"" is the closer WHO fit."
4,800061,calcium chloride 0.00014 MEQ/ML / glucose 0.6 MG/ML / magnesium chloride 0.0000245 MEQ/ML / sodium chloride 0.00368 MEQ/ML / sodium lactate 0.0016 MEQ/ML Intraperitoneal Solution [Dianeal PD-2/1.5],C05BB56,"glucose, combinations",B05BB04,electrolytes in combination with other drugs,REPLACE,MED,"Multi-electrolyte (Ca/Mg/Na) + glucose dilute IV solution is a cardioplegia/electrolyte-balance infusion, not a sclerosing agent (C05BB = varicose vein injections, wrong anatomical class entirely). B05BB04 ""electrolytes in combination with other drugs"" is the closer WHO fit."
4,800062,calcium chloride 0.00014 MEQ/ML / glucose 1 MG/ML / magnesium chloride 0.0000245 MEQ/ML / sodium chloride 0.00368 MEQ/ML / sodium lactate 0.0016 MEQ/ML Intraperitoneal Solution,C05BB56,"glucose, combinations",B05BB04,electrolytes in combination with other drugs,REPLACE,MED,"Multi-electrolyte (Ca/Mg/Na) + glucose dilute IV solution is a cardioplegia/electrolyte-balance infusion, not a sclerosing agent (C05BB = varicose vein injections, wrong anatomical class entirely). B05BB04 ""electrolytes in combination with other drugs"" is the closer WHO fit."
4,800064,calcium chloride 0.00014 MEQ/ML / glucose 1 MG/ML / magnesium chloride 0.0000245 MEQ/ML / sodium chloride 0.00368 MEQ/ML / sodium lactate 0.0016 MEQ/ML Intraperitoneal Solution [Dianeal PD-2/2.5],C05BB56,"glucose, combinations",B05BB04,electrolytes in combination with other drugs,REPLACE,MED,"Multi-electrolyte (Ca/Mg/Na) + glucose dilute IV solution is a cardioplegia/electrolyte-balance infusion, not a sclerosing agent (C05BB = varicose vein injections, wrong anatomical class entirely). B05BB04 ""electrolytes in combination with other drugs"" is the closer WHO fit."
4,800066,calcium chloride 0.000996 MEQ/ML / glucose 1.7 MG/ML / magnesium chloride 0.0000245 MEQ/ML / sodium chloride 0.00368 MEQ/ML / sodium lactate 0.0016 MEQ/ML Intraperitoneal Solution,C05BB56,"glucose, combinations",B05BB04,electrolytes in combination with other drugs,REPLACE,MED,"Multi-electrolyte (Ca/Mg/Na) + glucose dilute IV solution is a cardioplegia/electrolyte-balance infusion, not a sclerosing agent (C05BB = varicose vein injections, wrong anatomical class entirely). B05BB04 ""electrolytes in combination with other drugs"" is the closer WHO fit."
4,800074,calcium chloride 0.000996 MEQ/ML / glucose 1.7 MG/ML / magnesium chloride 0.0000245 MEQ/ML / sodium chloride 0.00368 MEQ/ML / sodium lactate 0.0016 MEQ/ML Intraperitoneal Solution [Dianeal Low Calcium 4.25],C05BB56,"glucose, combinations",B05BB04,electrolytes in combination with other drugs,REPLACE,MED,"Multi-electrolyte (Ca/Mg/Na) + glucose dilute IV solution is a cardioplegia/electrolyte-balance infusion, not a sclerosing agent (C05BB = varicose vein injections, wrong anatomical class entirely). B05BB04 ""electrolytes in combination with other drugs"" is the closer WHO fit."
4,800111,calcium chloride 0.000996 MEQ/ML / glucose 1 MG/ML / magnesium chloride 0.0000245 MEQ/ML / sodium chloride 0.00368 MEQ/ML / sodium lactate 0.0016 MEQ/ML Intraperitoneal Solution,C05BB56,"glucose, combinations",B05BB04,electrolytes in combination with other drugs,REPLACE,MED,"Multi-electrolyte (Ca/Mg/Na) + glucose dilute IV solution is a cardioplegia/electrolyte-balance infusion, not a sclerosing agent (C05BB = varicose vein injections, wrong anatomical class entirely). B05BB04 ""electrolytes in combination with other drugs"" is the closer WHO fit."
4,800115,calcium chloride 0.000996 MEQ/ML / glucose 1 MG/ML / magnesium chloride 0.0000245 MEQ/ML / sodium chloride 0.00368 MEQ/ML / sodium lactate 0.0016 MEQ/ML Intraperitoneal Solution [Dianeal Low Calcium 2.5],C05BB56,"glucose, combinations",B05BB04,electrolytes in combination with other drugs,REPLACE,MED,"Multi-electrolyte (Ca/Mg/Na) + glucose dilute IV solution is a cardioplegia/electrolyte-balance infusion, not a sclerosing agent (C05BB = varicose vein injections, wrong anatomical class entirely). B05BB04 ""electrolytes in combination with other drugs"" is the closer WHO fit."
4,800472,calcium chloride 0.000996 MEQ/ML / glucose 0.6 MG/ML / magnesium chloride 0.0000245 MEQ/ML / sodium chloride 0.00368 MEQ/ML / sodium lactate 0.0016 MEQ/ML Intraperitoneal Solution,C05BB56,"glucose, combinations",B05BB04,electrolytes in combination with other drugs,REPLACE,MED,"Multi-electrolyte (Ca/Mg/Na) + glucose dilute IV solution is a cardioplegia/electrolyte-balance infusion, not a sclerosing agent (C05BB = varicose vein injections, wrong anatomical class entirely). B05BB04 ""electrolytes in combination with other drugs"" is the closer WHO fit."
4,800474,calcium chloride 0.000996 MEQ/ML / glucose 0.6 MG/ML / magnesium chloride 0.0000245 MEQ/ML / sodium chloride 0.00368 MEQ/ML / sodium lactate 0.0016 MEQ/ML Intraperitoneal Solution [Dianeal Low Calcium 1.5],C05BB56,"glucose, combinations",B05BB04,electrolytes in combination with other drugs,REPLACE,MED,"Multi-electrolyte (Ca/Mg/Na) + glucose dilute IV solution is a cardioplegia/electrolyte-balance infusion, not a sclerosing agent (C05BB = varicose vein injections, wrong anatomical class entirely). B05BB04 ""electrolytes in combination with other drugs"" is the closer WHO fit."
4,1049306,fructose 175 MG / glucose 968 MG / sodium citrate 230 MG Chewable Tablet,C05BB56,"glucose, combinations",B05BB04,electrolytes in combination with other drugs,REPLACE,MED,"Multi-electrolyte (Ca/Mg/Na) + glucose dilute IV solution is a cardioplegia/electrolyte-balance infusion, not a sclerosing agent (C05BB = varicose vein injections, wrong anatomical class entirely). B05BB04 ""electrolytes in combination with other drugs"" is the closer WHO fit."
4,991486,codeine phosphate 2 MG/ML / promethazine hydrochloride 1.25 MG/ML Oral Solution,R05DA04,codeine,R05DA20,combinations,REPLACE,HIGH,"Codeine + promethazine/phenylephrine/pyrilamine/guaiacolsulfonic-acid cough syrups are codeine COMBINATION products, not codeine mono; R05DA20 ""combinations"" is correct."
4,993066,codeine phosphate 2 MG/ML / phenylephrine 1 MG/ML / promethazine hydrochloride 1 MG/ML Oral Solution,R05DA04,codeine,R05DA20,combinations,REPLACE,HIGH,"Codeine + promethazine/phenylephrine/pyrilamine/guaiacolsulfonic-acid cough syrups are codeine COMBINATION products, not codeine mono; R05DA20 ""combinations"" is correct."
4,993074,codeine phosphate 2 MG/ML / guaiacolsulfonic acid 8.8 MG/ML / phenylephrine hydrochloride 1 MG/ML / promethazine hydrochloride 1 MG/ML Oral Solution,R05DA04,codeine,R05DA20,combinations,REPLACE,HIGH,"Codeine + promethazine/phenylephrine/pyrilamine/guaiacolsulfonic-acid cough syrups are codeine COMBINATION products, not codeine mono; R05DA20 ""combinations"" is correct."
4,993075,codeine phosphate 2 MG/ML / guaiacolsulfonic acid 8.8 MG/ML / promethazine hydrochloride 1 MG/ML Oral Solution,R05DA04,codeine,R05DA20,combinations,REPLACE,HIGH,"Codeine + promethazine/phenylephrine/pyrilamine/guaiacolsulfonic-acid cough syrups are codeine COMBINATION products, not codeine mono; R05DA20 ""combinations"" is correct."
4,996584,codeine phosphate 2 MG/ML / phenylephrine hydrochloride 1 MG/ML / pyrilamine maleate 1 MG/ML Oral Solution [Zotex C],R05DA04,codeine,R05DA20,combinations,REPLACE,HIGH,"Codeine + promethazine/phenylephrine/pyrilamine/guaiacolsulfonic-acid cough syrups are codeine COMBINATION products, not codeine mono; R05DA20 ""combinations"" is correct."
4,996757,codeine phosphate 2 MG/ML / phenylephrine hydrochloride 1 MG/ML / promethazine hydrochloride 1.25 MG/ML Oral Solution,R05DA04,codeine,R05DA20,combinations,REPLACE,HIGH,"Codeine + promethazine/phenylephrine/pyrilamine/guaiacolsulfonic-acid cough syrups are codeine COMBINATION products, not codeine mono; R05DA20 ""combinations"" is correct."
4,995132,chlorpheniramine maleate 0.4 MG/ML / codeine phosphate 1.8 MG/ML Oral Solution [Z Tuss AC],R05FA02,opium derivatives and expectorants,R05DA20,combinations,REPLACE,HIGH,"Chlorpheniramine+codeine (no guaifenesin/expectorant present) does not fit ""opium derivatives AND expectorants"" (R05FA02); R05DA20 ""codeine, combinations"" is the correct WHO bucket since there is no expectorant partner."
4,1357908,dextromethorphan hydrobromide 25 MG / guaifenesin 550 MG / phenylephrine hydrochloride 20 MG Extended Release Oral Tablet,R05FA02,opium derivatives and expectorants,R05FA02,opium derivatives and expectorants,KEEP,HIGH,"DXM/codeine + guaifenesin (expectorant), with or without a decongestant/antihistamine partner, correctly matches R05FA02 ""opium derivatives and expectorants""."
4,2173735,dextromethorphan hydrobromide 23 MG / guaifenesin 600 MG / phenylephrine hydrochloride 9 MG Extended Release Oral Tablet,R05FA02,opium derivatives and expectorants,R05FA02,opium derivatives and expectorants,KEEP,HIGH,"DXM/codeine + guaifenesin (expectorant), with or without a decongestant/antihistamine partner, correctly matches R05FA02 ""opium derivatives and expectorants""."
4,880359,dextromethorphan hydrobromide 5.6 MG/ML / guaifenesin 77.6 MG/ML / phenylephrine hydrochloride 2 MG/ML Oral Solution,R05FA02,opium derivatives and expectorants,R05FA02,opium derivatives and expectorants,KEEP,HIGH,"DXM/codeine + guaifenesin (expectorant), with or without a decongestant/antihistamine partner, correctly matches R05FA02 ""opium derivatives and expectorants""."
4,995450,codeine phosphate 10 MG / guaifenesin 300 MG Oral Tablet,R05FA02,opium derivatives and expectorants,R05FA02,opium derivatives and expectorants,KEEP,HIGH,"DXM/codeine + guaifenesin (expectorant), with or without a decongestant/antihistamine partner, correctly matches R05FA02 ""opium derivatives and expectorants""."
4,995936,codeine phosphate 10 MG / guaifenesin 300 MG Oral Tablet [Brontex],R05FA02,opium derivatives and expectorants,R05FA02,opium derivatives and expectorants,KEEP,HIGH,"DXM/codeine + guaifenesin (expectorant), with or without a decongestant/antihistamine partner, correctly matches R05FA02 ""opium derivatives and expectorants""."
4,995956,codeine phosphate 2 MG/ML / guaifenesin 20 MG/ML Oral Solution [Cheracol with Codeine],R05FA02,opium derivatives and expectorants,R05FA02,opium derivatives and expectorants,KEEP,HIGH,"DXM/codeine + guaifenesin (expectorant), with or without a decongestant/antihistamine partner, correctly matches R05FA02 ""opium derivatives and expectorants""."
4,995983,codeine phosphate 2 MG/ML / guaifenesin 20 MG/ML / pseudoephedrine hydrochloride 6 MG/ML Oral Solution,R05FA02,opium derivatives and expectorants,R05FA02,opium derivatives and expectorants,KEEP,HIGH,"DXM/codeine + guaifenesin (expectorant), with or without a decongestant/antihistamine partner, correctly matches R05FA02 ""opium derivatives and expectorants""."
4,995985,codeine phosphate 2 MG/ML / guaifenesin 20 MG/ML / pseudoephedrine hydrochloride 6 MG/ML Oral Solution [Biotussin],R05FA02,opium derivatives and expectorants,R05FA02,opium derivatives and expectorants,KEEP,HIGH,"DXM/codeine + guaifenesin (expectorant), with or without a decongestant/antihistamine partner, correctly matches R05FA02 ""opium derivatives and expectorants""."
4,996712,codeine phosphate 20 MG / guaifenesin 400 MG / pseudoephedrine hydrochloride 20 MG Oral Tablet [Ambifed-G CD],R05FA02,opium derivatives and expectorants,R05FA02,opium derivatives and expectorants,KEEP,HIGH,"DXM/codeine + guaifenesin (expectorant), with or without a decongestant/antihistamine partner, correctly matches R05FA02 ""opium derivatives and expectorants""."
4,996716,codeine phosphate 20 MG / guaifenesin 400 MG / pseudoephedrine hydrochloride 30 MG Oral Tablet [Ambifed CD],R05FA02,opium derivatives and expectorants,R05FA02,opium derivatives and expectorants,KEEP,HIGH,"DXM/codeine + guaifenesin (expectorant), with or without a decongestant/antihistamine partner, correctly matches R05FA02 ""opium derivatives and expectorants""."
4,996727,codeine phosphate 20 MG / guaifenesin 400 MG Oral Tablet [Allfen CDX],R05FA02,opium derivatives and expectorants,R05FA02,opium derivatives and expectorants,KEEP,HIGH,"DXM/codeine + guaifenesin (expectorant), with or without a decongestant/antihistamine partner, correctly matches R05FA02 ""opium derivatives and expectorants""."
4,1000502,dextromethorphan hydrobromide 6 MG/ML / guaifenesin 40 MG/ML / phenylephrine hydrochloride 1.5 MG/ML Oral Solution,R05FA02,opium derivatives and expectorants,R05FA02,opium derivatives and expectorants,KEEP,HIGH,"DXM/codeine + guaifenesin (expectorant), with or without a decongestant/antihistamine partner, correctly matches R05FA02 ""opium derivatives and expectorants""."
4,1043543,dextromethorphan hydrobromide 1 MG/ML / guaifenesin 20 MG/ML / phenylephrine hydrochloride 0.5 MG/ML Oral Solution,R05FA02,opium derivatives and expectorants,R05FA02,opium derivatives and expectorants,KEEP,HIGH,"DXM/codeine + guaifenesin (expectorant), with or without a decongestant/antihistamine partner, correctly matches R05FA02 ""opium derivatives and expectorants""."
4,1044949,dextromethorphan hydrobromide 2 MG/ML / guaifenesin 20 MG/ML / phenylephrine hydrochloride 1 MG/ML Oral Solution,R05FA02,opium derivatives and expectorants,R05FA02,opium derivatives and expectorants,KEEP,HIGH,"DXM/codeine + guaifenesin (expectorant), with or without a decongestant/antihistamine partner, correctly matches R05FA02 ""opium derivatives and expectorants""."
4,1088953,codeine phosphate 1 MG/ML / guaifenesin 20 MG/ML / pseudoephedrine hydrochloride 3 MG/ML Oral Suspension [Zodryl DEC],R05FA02,opium derivatives and expectorants,R05FA02,opium derivatives and expectorants,KEEP,HIGH,"DXM/codeine + guaifenesin (expectorant), with or without a decongestant/antihistamine partner, correctly matches R05FA02 ""opium derivatives and expectorants""."
4,1088965,codeine phosphate 1 MG/ML / guaifenesin 20 MG/ML / pseudoephedrine hydrochloride 3.33 MG/ML Oral Suspension [Zodryl DEC],R05FA02,opium derivatives and expectorants,R05FA02,opium derivatives and expectorants,KEEP,HIGH,"DXM/codeine + guaifenesin (expectorant), with or without a decongestant/antihistamine partner, correctly matches R05FA02 ""opium derivatives and expectorants""."
4,1088970,codeine phosphate 1 MG/ML / guaifenesin 20 MG/ML / pseudoephedrine hydrochloride 3.75 MG/ML Oral Suspension [Zodryl DEC],R05FA02,opium derivatives and expectorants,R05FA02,opium derivatives and expectorants,KEEP,HIGH,"DXM/codeine + guaifenesin (expectorant), with or without a decongestant/antihistamine partner, correctly matches R05FA02 ""opium derivatives and expectorants""."
4,1088977,codeine phosphate 1 MG/ML / guaifenesin 20 MG/ML / pseudoephedrine hydrochloride 4 MG/ML Oral Suspension [Zodryl DEC],R05FA02,opium derivatives and expectorants,R05FA02,opium derivatives and expectorants,KEEP,HIGH,"DXM/codeine + guaifenesin (expectorant), with or without a decongestant/antihistamine partner, correctly matches R05FA02 ""opium derivatives and expectorants""."
4,1089023,codeine phosphate 1 MG/ML / guaifenesin 20 MG/ML / pseudoephedrine hydrochloride 4.29 MG/ML Oral Suspension [Zodryl DEC],R05FA02,opium derivatives and expectorants,R05FA02,opium derivatives and expectorants,KEEP,HIGH,"DXM/codeine + guaifenesin (expectorant), with or without a decongestant/antihistamine partner, correctly matches R05FA02 ""opium derivatives and expectorants""."
4,1089027,codeine phosphate 1 MG/ML / guaifenesin 20 MG/ML / pseudoephedrine hydrochloride 5 MG/ML Oral Suspension [Zodryl DEC],R05FA02,opium derivatives and expectorants,R05FA02,opium derivatives and expectorants,KEEP,HIGH,"DXM/codeine + guaifenesin (expectorant), with or without a decongestant/antihistamine partner, correctly matches R05FA02 ""opium derivatives and expectorants""."
4,1089030,codeine phosphate 1 MG/ML / guaifenesin 20 MG/ML / pseudoephedrine hydrochloride 6 MG/ML Oral Suspension [Zodryl DEC],R05FA02,opium derivatives and expectorants,R05FA02,opium derivatives and expectorants,KEEP,HIGH,"DXM/codeine + guaifenesin (expectorant), with or without a decongestant/antihistamine partner, correctly matches R05FA02 ""opium derivatives and expectorants""."
4,1089057,codeine phosphate 10 MG / guaifenesin 400 MG / pseudoephedrine hydrochloride 20 MG Oral Tablet [Ambifed-G CD],R05FA02,opium derivatives and expectorants,R05FA02,opium derivatives and expectorants,KEEP,HIGH,"DXM/codeine + guaifenesin (expectorant), with or without a decongestant/antihistamine partner, correctly matches R05FA02 ""opium derivatives and expectorants""."
4,1089060,codeine phosphate 10 MG / guaifenesin 400 MG / pseudoephedrine hydrochloride 30 MG Oral Tablet [Ambifed CD],R05FA02,opium derivatives and expectorants,R05FA02,opium derivatives and expectorants,KEEP,HIGH,"DXM/codeine + guaifenesin (expectorant), with or without a decongestant/antihistamine partner, correctly matches R05FA02 ""opium derivatives and expectorants""."
4,1090476,acetaminophen 250 MG / dextromethorphan hydrobromide 10 MG / guaifenesin 100 MG / pseudoephedrine hydrochloride 30 MG Oral Capsule,R05FA02,opium derivatives and expectorants,R05FA02,opium derivatives and expectorants,KEEP,HIGH,"DXM/codeine + guaifenesin (expectorant), with or without a decongestant/antihistamine partner, correctly matches R05FA02 ""opium derivatives and expectorants""."
4,1091331,dextromethorphan hydrobromide 4 MG/ML / guaifenesin 80 MG/ML / phenylephrine hydrochloride 2 MG/ML Oral Solution,R05FA02,opium derivatives and expectorants,R05FA02,opium derivatives and expectorants,KEEP,HIGH,"DXM/codeine + guaifenesin (expectorant), with or without a decongestant/antihistamine partner, correctly matches R05FA02 ""opium derivatives and expectorants""."
4,1095503,dextromethorphan hydrobromide 5 MG/ML / guaifenesin 50 MG/ML / phenylephrine hydrochloride 2.5 MG/ML Oral Solution,R05FA02,opium derivatives and expectorants,R05FA02,opium derivatives and expectorants,KEEP,HIGH,"DXM/codeine + guaifenesin (expectorant), with or without a decongestant/antihistamine partner, correctly matches R05FA02 ""opium derivatives and expectorants""."
4,1098647,dextromethorphan hydrobromide 2 MG/ML / guaifenesin 40 MG/ML / phenylephrine hydrochloride 1 MG/ML Oral Solution,R05FA02,opium derivatives and expectorants,R05FA02,opium derivatives and expectorants,KEEP,HIGH,"DXM/codeine + guaifenesin (expectorant), with or without a decongestant/antihistamine partner, correctly matches R05FA02 ""opium derivatives and expectorants""."
4,1113490,dextromethorphan hydrobromide 15 MG / guaifenesin 350 MG / phenylephrine hydrochloride 12 MG Oral Tablet,R05FA02,opium derivatives and expectorants,R05FA02,opium derivatives and expectorants,KEEP,HIGH,"DXM/codeine + guaifenesin (expectorant), with or without a decongestant/antihistamine partner, correctly matches R05FA02 ""opium derivatives and expectorants""."
4,1119541,dextromethorphan hydrobromide 1 MG/ML / guaifenesin 15 MG/ML / phenylephrine hydrochloride 0.5 MG/ML Oral Solution,R05FA02,opium derivatives and expectorants,R05FA02,opium derivatives and expectorants,KEEP,HIGH,"DXM/codeine + guaifenesin (expectorant), with or without a decongestant/antihistamine partner, correctly matches R05FA02 ""opium derivatives and expectorants""."
4,1245616,dextromethorphan hydrobromide 15 MG / guaifenesin 100 MG / phenylephrine hydrochloride 5 MG Oral Tablet,R05FA02,opium derivatives and expectorants,R05FA02,opium derivatives and expectorants,KEEP,HIGH,"DXM/codeine + guaifenesin (expectorant), with or without a decongestant/antihistamine partner, correctly matches R05FA02 ""opium derivatives and expectorants""."
4,1251031,dextromethorphan hydrobromide 3 MG/ML / guaifenesin 60 MG/ML / phenylephrine hydrochloride 2 MG/ML Oral Solution,R05FA02,opium derivatives and expectorants,R05FA02,opium derivatives and expectorants,KEEP,HIGH,"DXM/codeine + guaifenesin (expectorant), with or without a decongestant/antihistamine partner, correctly matches R05FA02 ""opium derivatives and expectorants""."
4,1251401,dextromethorphan hydrobromide 14 MG / guaifenesin 288 MG / phenylephrine hydrochloride 7 MG Oral Capsule,R05FA02,opium derivatives and expectorants,R05FA02,opium derivatives and expectorants,KEEP,HIGH,"DXM/codeine + guaifenesin (expectorant), with or without a decongestant/antihistamine partner, correctly matches R05FA02 ""opium derivatives and expectorants""."
4,1305214,dextromethorphan hydrobromide 20 MG / guaifenesin 400 MG / phenylephrine hydrochloride 10 MG Oral Tablet,R05FA02,opium derivatives and expectorants,R05FA02,opium derivatives and expectorants,KEEP,HIGH,"DXM/codeine + guaifenesin (expectorant), with or without a decongestant/antihistamine partner, correctly matches R05FA02 ""opium derivatives and expectorants""."
4,1357905,12 HR dextromethorphan hydrobromide 25 MG / guaifenesin 550 MG / phenylephrine hydrochloride 20 MG Extended Release Oral Tablet,R05FA02,opium derivatives and expectorants,R05FA02,opium derivatives and expectorants,KEEP,HIGH,"DXM/codeine + guaifenesin (expectorant), with or without a decongestant/antihistamine partner, correctly matches R05FA02 ""opium derivatives and expectorants""."
4,1358620,dextromethorphan hydrobromide 3 MG/ML / guaifenesin 20 MG/ML / phenylephrine hydrochloride 1 MG/ML Oral Solution,R05FA02,opium derivatives and expectorants,R05FA02,opium derivatives and expectorants,KEEP,HIGH,"DXM/codeine + guaifenesin (expectorant), with or without a decongestant/antihistamine partner, correctly matches R05FA02 ""opium derivatives and expectorants""."
4,1359154,acetaminophen 500 MG / dextromethorphan hydrobromide 20 MG / guaifenesin 400 MG / pseudoephedrine hydrochloride 60 MG Oral Tablet,R05FA02,opium derivatives and expectorants,R05FA02,opium derivatives and expectorants,KEEP,HIGH,"DXM/codeine + guaifenesin (expectorant), with or without a decongestant/antihistamine partner, correctly matches R05FA02 ""opium derivatives and expectorants""."
4,1364914,dextromethorphan hydrobromide 6 MG/ML / guaifenesin 40 MG/ML / phenylephrine hydrochloride 2 MG/ML Oral Solution,R05FA02,opium derivatives and expectorants,R05FA02,opium derivatives and expectorants,KEEP,HIGH,"DXM/codeine + guaifenesin (expectorant), with or without a decongestant/antihistamine partner, correctly matches R05FA02 ""opium derivatives and expectorants""."
4,1370205,dextromethorphan hydrobromide 1 MG/ML / guaifenesin 10 MG/ML / phenylephrine hydrochloride 0.5 MG/ML Oral Solution,R05FA02,opium derivatives and expectorants,R05FA02,opium derivatives and expectorants,KEEP,HIGH,"DXM/codeine + guaifenesin (expectorant), with or without a decongestant/antihistamine partner, correctly matches R05FA02 ""opium derivatives and expectorants""."
4,1372451,dextromethorphan hydrobromide 3 MG/ML / guaifenesin 70 MG/ML / phenylephrine hydrochloride 2 MG/ML Oral Solution,R05FA02,opium derivatives and expectorants,R05FA02,opium derivatives and expectorants,KEEP,HIGH,"DXM/codeine + guaifenesin (expectorant), with or without a decongestant/antihistamine partner, correctly matches R05FA02 ""opium derivatives and expectorants""."
4,1372459,dextromethorphan hydrobromide 5 MG/ML / guaifenesin 100 MG/ML / phenylephrine hydrochloride 2.5 MG/ML Oral Solution,R05FA02,opium derivatives and expectorants,R05FA02,opium derivatives and expectorants,KEEP,HIGH,"DXM/codeine + guaifenesin (expectorant), with or without a decongestant/antihistamine partner, correctly matches R05FA02 ""opium derivatives and expectorants""."
4,1372652,dextromethorphan hydrobromide 10 MG / guaifenesin 200 MG / phenylephrine hydrochloride 5 MG Oral Tablet,R05FA02,opium derivatives and expectorants,R05FA02,opium derivatives and expectorants,KEEP,HIGH,"DXM/codeine + guaifenesin (expectorant), with or without a decongestant/antihistamine partner, correctly matches R05FA02 ""opium derivatives and expectorants""."
4,1423798,chlorpheniramine maleate 0.8 MG/ML / dextromethorphan hydrobromide 2 MG/ML / guaifenesin 20 MG/ML / phenylephrine hydrochloride 2 MG/ML Oral Solution,R05FA02,opium derivatives and expectorants,R05FA02,opium derivatives and expectorants,KEEP,HIGH,"DXM/codeine + guaifenesin (expectorant), with or without a decongestant/antihistamine partner, correctly matches R05FA02 ""opium derivatives and expectorants""."
4,1424060,chlorpheniramine maleate 0.2 MG/ML / dextromethorphan hydrobromide 2 MG/ML / guaifenesin 5 MG/ML / phenylephrine hydrochloride 1 MG/ML Oral Solution,R05FA02,opium derivatives and expectorants,R05FA02,opium derivatives and expectorants,KEEP,HIGH,"DXM/codeine + guaifenesin (expectorant), with or without a decongestant/antihistamine partner, correctly matches R05FA02 ""opium derivatives and expectorants""."
4,1429362,dextromethorphan hydrobromide 1.2 MG/ML / guaifenesin 13.3 MG/ML / phenylephrine hydrochloride 0.667 MG/ML Oral Solution,R05FA02,opium derivatives and expectorants,R05FA02,opium derivatives and expectorants,KEEP,HIGH,"DXM/codeine + guaifenesin (expectorant), with or without a decongestant/antihistamine partner, correctly matches R05FA02 ""opium derivatives and expectorants""."
4,1486140,dextromethorphan hydrobromide 2 MG/ML / guaifenesin 40 MG/ML / phenylephrine hydrochloride 1 MG/ML Oral Suspension,R05FA02,opium derivatives and expectorants,R05FA02,opium derivatives and expectorants,KEEP,HIGH,"DXM/codeine + guaifenesin (expectorant), with or without a decongestant/antihistamine partner, correctly matches R05FA02 ""opium derivatives and expectorants""."
4,1487369,dextromethorphan hydrobromide 7.5 MG/ML / guaifenesin 88 MG/ML / phenylephrine hydrochloride 2.5 MG/ML Oral Solution,R05FA02,opium derivatives and expectorants,R05FA02,opium derivatives and expectorants,KEEP,HIGH,"DXM/codeine + guaifenesin (expectorant), with or without a decongestant/antihistamine partner, correctly matches R05FA02 ""opium derivatives and expectorants""."
4,1490000,dextromethorphan hydrobromide 15 MG / guaifenesin 395 MG / phenylephrine hydrochloride 10 MG Oral Tablet,R05FA02,opium derivatives and expectorants,R05FA02,opium derivatives and expectorants,KEEP,HIGH,"DXM/codeine + guaifenesin (expectorant), with or without a decongestant/antihistamine partner, correctly matches R05FA02 ""opium derivatives and expectorants""."
4,1547607,codeine phosphate 2 MG/ML / guaifenesin 20 MG/ML / pseudoephedrine hydrochloride 6 MG/ML Oral Solution [Lortuss EX],R05FA02,opium derivatives and expectorants,R05FA02,opium derivatives and expectorants,KEEP,HIGH,"DXM/codeine + guaifenesin (expectorant), with or without a decongestant/antihistamine partner, correctly matches R05FA02 ""opium derivatives and expectorants""."
4,1552200,dextromethorphan hydrobromide 15 MG / guaifenesin 400 MG / phenylephrine hydrochloride 10 MG Oral Tablet,R05FA02,opium derivatives and expectorants,R05FA02,opium derivatives and expectorants,KEEP,HIGH,"DXM/codeine + guaifenesin (expectorant), with or without a decongestant/antihistamine partner, correctly matches R05FA02 ""opium derivatives and expectorants""."
4,1603294,dextromethorphan hydrobromide 15 MG / guaifenesin 380 MG / phenylephrine hydrochloride 10 MG Oral Tablet,R05FA02,opium derivatives and expectorants,R05FA02,opium derivatives and expectorants,KEEP,HIGH,"DXM/codeine + guaifenesin (expectorant), with or without a decongestant/antihistamine partner, correctly matches R05FA02 ""opium derivatives and expectorants""."
4,1661314,dextromethorphan hydrobromide 4 MG/ML / guaifenesin 50 MG/ML / phenylephrine hydrochloride 2.5 MG/ML Oral Solution,R05FA02,opium derivatives and expectorants,R05FA02,opium derivatives and expectorants,KEEP,HIGH,"DXM/codeine + guaifenesin (expectorant), with or without a decongestant/antihistamine partner, correctly matches R05FA02 ""opium derivatives and expectorants""."
4,1673869,acetaminophen 325 MG / dextromethorphan hydrobromide 20 MG / guaifenesin 200 MG / pseudoephedrine hydrochloride 60 MG Oral Tablet,R05FA02,opium derivatives and expectorants,R05FA02,opium derivatives and expectorants,KEEP,HIGH,"DXM/codeine + guaifenesin (expectorant), with or without a decongestant/antihistamine partner, correctly matches R05FA02 ""opium derivatives and expectorants""."
4,1741944,dextromethorphan hydrobromide 5.8 MG/ML / guaifenesin 78 MG/ML / phenylephrine hydrochloride 2 MG/ML Oral Solution,R05FA02,opium derivatives and expectorants,R05FA02,opium derivatives and expectorants,KEEP,HIGH,"DXM/codeine + guaifenesin (expectorant), with or without a decongestant/antihistamine partner, correctly matches R05FA02 ""opium derivatives and expectorants""."
4,1792707,codeine phosphate 2 MG/ML / guaifenesin 40 MG/ML / pseudoephedrine hydrochloride 6 MG/ML Oral Solution,R05FA02,opium derivatives and expectorants,R05FA02,opium derivatives and expectorants,KEEP,HIGH,"DXM/codeine + guaifenesin (expectorant), with or without a decongestant/antihistamine partner, correctly matches R05FA02 ""opium derivatives and expectorants""."
4,1795585,{1 (dextromethorphan hydrobromide 2 MG/ML / guaifenesin 40 MG/ML Oral Solution) / 1 (dextromethorphan hydrobromide 3 MG/ML / doxylamine succinate 1.25 MG/ML Oral Solution) } Pack,R05FA02,opium derivatives and expectorants,R05FA02,opium derivatives and expectorants,KEEP,HIGH,"DXM/codeine + guaifenesin (expectorant), with or without a decongestant/antihistamine partner, correctly matches R05FA02 ""opium derivatives and expectorants""."
4,1808192,dextromethorphan hydrobromide 0.333 MG/ML / guaifenesin 6.67 MG/ML / phenylephrine hydrochloride 0.167 MG/ML Oral Solution,R05FA02,opium derivatives and expectorants,R05FA02,opium derivatives and expectorants,KEEP,HIGH,"DXM/codeine + guaifenesin (expectorant), with or without a decongestant/antihistamine partner, correctly matches R05FA02 ""opium derivatives and expectorants""."
4,1808604,dextromethorphan hydrobromide 17.5 MG / guaifenesin 385 MG / phenylephrine hydrochloride 10 MG Oral Tablet,R05FA02,opium derivatives and expectorants,R05FA02,opium derivatives and expectorants,KEEP,HIGH,"DXM/codeine + guaifenesin (expectorant), with or without a decongestant/antihistamine partner, correctly matches R05FA02 ""opium derivatives and expectorants""."
4,1874730,dextromethorphan hydrobromide 9 MG / guaifenesin 198 MG / phenylephrine hydrochloride 5 MG Oral Tablet,R05FA02,opium derivatives and expectorants,R05FA02,opium derivatives and expectorants,KEEP,HIGH,"DXM/codeine + guaifenesin (expectorant), with or without a decongestant/antihistamine partner, correctly matches R05FA02 ""opium derivatives and expectorants""."
4,2056073,{1 (dextromethorphan hydrobromide 1 MG/ML / guaifenesin 20 MG/ML Oral Solution) / 1 (dextromethorphan hydrobromide 1.5 MG/ML / doxylamine succinate 0.625 MG/ML Oral Solution) } Pack,R05FA02,opium derivatives and expectorants,R05FA02,opium derivatives and expectorants,KEEP,HIGH,"DXM/codeine + guaifenesin (expectorant), with or without a decongestant/antihistamine partner, correctly matches R05FA02 ""opium derivatives and expectorants""."
4,2122900,guaifenesin 20 MG/ML / hydrocodone bitartrate 1 MG/ML / phenylephrine hydrochloride 1.5 MG/ML Oral Solution [Entex HC Discontinued],R05FA02,opium derivatives and expectorants,R05FA02,opium derivatives and expectorants,KEEP,HIGH,"DXM/codeine + guaifenesin (expectorant), with or without a decongestant/antihistamine partner, correctly matches R05FA02 ""opium derivatives and expectorants""."
4,2122902,guaifenesin 20 MG/ML / hydrocodone bitartrate 1 MG/ML / phenylephrine hydrochloride 1.5 MG/ML Oral Solution [Crantex HC],R05FA02,opium derivatives and expectorants,R05FA02,opium derivatives and expectorants,KEEP,HIGH,"DXM/codeine + guaifenesin (expectorant), with or without a decongestant/antihistamine partner, correctly matches R05FA02 ""opium derivatives and expectorants""."
4,2166123,dextromethorphan hydrobromide 0.667 MG/ML / guaifenesin 13.3 MG/ML / phenylephrine hydrochloride 0.333 MG/ML Oral Solution,R05FA02,opium derivatives and expectorants,R05FA02,opium derivatives and expectorants,KEEP,HIGH,"DXM/codeine + guaifenesin (expectorant), with or without a decongestant/antihistamine partner, correctly matches R05FA02 ""opium derivatives and expectorants""."
4,2167784,dextromethorphan hydrobromide 28 MG / guaifenesin 388 MG / phenylephrine hydrochloride 10 MG Oral Tablet,R05FA02,opium derivatives and expectorants,R05FA02,opium derivatives and expectorants,KEEP,HIGH,"DXM/codeine + guaifenesin (expectorant), with or without a decongestant/antihistamine partner, correctly matches R05FA02 ""opium derivatives and expectorants""."
4,2168504,dextromethorphan hydrobromide 60 MG / guaifenesin 1200 MG / phenylpropanolamine hydrochloride 75 MG Extended Release Oral Tablet,R05FA02,opium derivatives and expectorants,R05FA02,opium derivatives and expectorants,KEEP,HIGH,"DXM/codeine + guaifenesin (expectorant), with or without a decongestant/antihistamine partner, correctly matches R05FA02 ""opium derivatives and expectorants""."
4,2172190,dextromethorphan hydrobromide 17.5 MG / guaifenesin 400 MG / phenylephrine hydrochloride 10 MG Oral Tablet,R05FA02,opium derivatives and expectorants,R05FA02,opium derivatives and expectorants,KEEP,HIGH,"DXM/codeine + guaifenesin (expectorant), with or without a decongestant/antihistamine partner, correctly matches R05FA02 ""opium derivatives and expectorants""."
4,2173828,dextromethorphan hydrobromide 3 MG/ML / guaifenesin 20 MG/ML / phenylpropanolamine hydrochloride 5 MG/ML Oral Solution,R05FA02,opium derivatives and expectorants,R05FA02,opium derivatives and expectorants,KEEP,HIGH,"DXM/codeine + guaifenesin (expectorant), with or without a decongestant/antihistamine partner, correctly matches R05FA02 ""opium derivatives and expectorants""."
4,2177911,chlorpheniramine maleate 0.4 MG/ML / dextromethorphan hydrobromide 3 MG/ML / guaifenesin 20 MG/ML / phenylephrine hydrochloride 1 MG/ML Oral Solution,R05FA02,opium derivatives and expectorants,R05FA02,opium derivatives and expectorants,KEEP,HIGH,"DXM/codeine + guaifenesin (expectorant), with or without a decongestant/antihistamine partner, correctly matches R05FA02 ""opium derivatives and expectorants""."
4,2177912,chlorpheniramine maleate 0.4 MG/ML / dextromethorphan hydrobromide 3 MG/ML / guaifenesin 20 MG/ML / phenylephrine hydrochloride 2 MG/ML Oral Solution,R05FA02,opium derivatives and expectorants,R05FA02,opium derivatives and expectorants,KEEP,HIGH,"DXM/codeine + guaifenesin (expectorant), with or without a decongestant/antihistamine partner, correctly matches R05FA02 ""opium derivatives and expectorants""."
4,2177921,chlorpheniramine maleate 0.4 MG/ML / dextromethorphan hydrobromide 1 MG/ML / guaifenesin 15 MG/ML / phenylephrine hydrochloride 1 MG/ML Oral Solution,R05FA02,opium derivatives and expectorants,R05FA02,opium derivatives and expectorants,KEEP,HIGH,"DXM/codeine + guaifenesin (expectorant), with or without a decongestant/antihistamine partner, correctly matches R05FA02 ""opium derivatives and expectorants""."
4,2177922,chlorpheniramine maleate 0.4 MG/ML / dextromethorphan hydrobromide 1.5 MG/ML / guaifenesin 20 MG/ML / phenylephrine hydrochloride 2 MG/ML Oral Solution,R05FA02,opium derivatives and expectorants,R05FA02,opium derivatives and expectorants,KEEP,HIGH,"DXM/codeine + guaifenesin (expectorant), with or without a decongestant/antihistamine partner, correctly matches R05FA02 ""opium derivatives and expectorants""."
4,2178161,chlorpheniramine maleate 0.8 MG/ML / dextromethorphan hydrobromide 6 MG/ML / guaifenesin 40 MG/ML / phenylephrine hydrochloride 2 MG/ML Oral Solution,R05FA02,opium derivatives and expectorants,R05FA02,opium derivatives and expectorants,KEEP,HIGH,"DXM/codeine + guaifenesin (expectorant), with or without a decongestant/antihistamine partner, correctly matches R05FA02 ""opium derivatives and expectorants""."
4,1812470,ivacaftor 125 MG / lumacaftor 100 MG Oral Tablet [ORKAMBI],R07AX02,ivacaftor,R07AX30,ivacaftor and lumacaftor,REPLACE,HIGH,"Ivacaftor+lumacaftor (Orkambi) is a dedicated WHO combination code, not ivacaftor mono."
4,1999389,{28 (ivacaftor 150 MG / tezacaftor 100 MG Oral Tablet) / 28 (ivacaftor 150 MG Oral Tablet) } Pack [Symdeko (100 MG / 150 MG; 150 MG)],R07AX02,ivacaftor,R07AX31,ivacaftor and tezacaftor,REPLACE,HIGH,"Ivacaftor+tezacaftor (Symdeko) is a dedicated WHO combination code, not ivacaftor mono."
4,2053512,ivacaftor 125 MG / lumacaftor 100 MG Oral Granules [ORKAMBI],R07AX02,ivacaftor,R07AX30,ivacaftor and lumacaftor,REPLACE,HIGH,"Ivacaftor+lumacaftor (Orkambi) is a dedicated WHO combination code, not ivacaftor mono."
4,2053519,ivacaftor 188 MG / lumacaftor 150 MG Oral Granules [ORKAMBI],R07AX02,ivacaftor,R07AX30,ivacaftor and lumacaftor,REPLACE,HIGH,"Ivacaftor+lumacaftor (Orkambi) is a dedicated WHO combination code, not ivacaftor mono."
4,2174390,{28 (ivacaftor 75 MG / tezacaftor 50 MG Oral Tablet) / 28 (ivacaftor 75 MG Oral Tablet) } Pack [Symdeko (50 MG / 75 MG; 75 MG)],R07AX02,ivacaftor,R07AX31,ivacaftor and tezacaftor,REPLACE,HIGH,"Ivacaftor+tezacaftor (Symdeko) is a dedicated WHO combination code, not ivacaftor mono."
4,1293883,menthol 5 MG/ML / petrolatum 300 MG/ML / pramoxine hydrochloride 10 MG/ML Topical Cream,D04AB,Anesthetics for topical use,D04AB07,pramocaine,REPLACE,MED,Menthol+petrolatum+pramoxine topical anesthetic - pramoxine mono D04AB07 is more specific than the generic D04AB L4; menthol/petrolatum are non-competing vehicle/counterirritant partners.
4,1294343,pramoxine hydrochloride 10 MG/ML / zinc acetate 1.2 MG/ML Topical Spray,D04AB,Anesthetics for topical use,D04AB07,pramocaine,REPLACE,MED,Pramoxine+zinc acetate topical spray - pramoxine mono D04AB07 is more specific than the generic D04AB L4.
4,1926513,benzyl alcohol 0.1 ML/ML / lidocaine hydrochloride 40 MG/ML Topical Cream,D04AB,Anesthetics for topical use,D04AB01,lidocaine,REPLACE,MED,"Benzyl alcohol+lidocaine topical cream - lidocaine mono D04AB01 is more specific than the generic D04AB L4; benzyl alcohol is a solvent/preservative, not a distinct anesthetic."
4,1943537,benzyl alcohol 0.1 ML/ML / lidocaine hydrochloride 40 MG/ML Topical Solution,D04AB,Anesthetics for topical use,D04AB01,lidocaine,REPLACE,MED,Benzyl alcohol+lidocaine topical solution - same reasoning as above.
4,1100375,alpha-Tocopherol Acetate 30 UNT / Calcium Citrate 100 MG / Cholecalciferol 400 UNT / docosahexaenoic acid 250 MG / Docusate Sodium 50 MG / Folic Acid 1 MG / Iron Carbonyl 27 MG / Pyridoxine Hydrochloride 25 MG Oral Capsule [CitraNatal Harmony],A06AG10,"docusate sodium, incl. combinations",A06AG10,"docusate sodium, incl. combinations",KEEP,MED,Docusate-led combinations (benzocaine+docusate enema; docusate+vitamin/mineral prenatal blend) reasonably fit the generic docusate-combinations bucket.
4,1192984,benzocaine 4 MG/ML / docusate sodium 56.6 MG/ML Enema,A06AG10,"docusate sodium, incl. combinations",A06AG10,"docusate sodium, incl. combinations",KEEP,MED,Docusate-led combinations (benzocaine+docusate enema; docusate+vitamin/mineral prenatal blend) reasonably fit the generic docusate-combinations bucket.
4,1192986,benzocaine 4 MG/ML / docusate sodium 56.6 MG/ML Enema [Enemeez Plus],A06AG10,"docusate sodium, incl. combinations",A06AG10,"docusate sodium, incl. combinations",KEEP,MED,Docusate-led combinations (benzocaine+docusate enema; docusate+vitamin/mineral prenatal blend) reasonably fit the generic docusate-combinations bucket.
4,1489932,methenamine 162 MG / sodium salicylate 162.5 MG Oral Tablet,N02BA04,sodium salicylate,G04BX17,sodium salicylate and methenamine,REPLACE,HIGH,"WHO has a dedicated exact combination code G04BX17 ""sodium salicylate and methenamine"" (Cystex-shape urinary antiseptic); the current code (sodium salicylate mono, wrong anatomical class N02) misses this."
4,1489934,methenamine 162 MG / sodium salicylate 162.5 MG Oral Tablet [Cystex],N02BA04,sodium salicylate,G04BX17,sodium salicylate and methenamine,REPLACE,HIGH,"WHO has a dedicated exact combination code G04BX17 ""sodium salicylate and methenamine"" (Cystex-shape urinary antiseptic); the current code (sodium salicylate mono, wrong anatomical class N02) misses this."
4,1721434,methenamine 162 MG / sodium salicylate 162.5 MG Oral Tablet [Azo Urinary Tract Defense],N02BA04,sodium salicylate,G04BX17,sodium salicylate and methenamine,REPLACE,HIGH,"WHO has a dedicated exact combination code G04BX17 ""sodium salicylate and methenamine"" (Cystex-shape urinary antiseptic); the current code (sodium salicylate mono, wrong anatomical class N02) misses this."
4,603642,carbetapentane tannate 6 MG/ML / phenylephrine tannate 1 MG/ML / pyrilamine tannate 6 MG/ML Oral Suspension,R05DB05,pentoxyverine,,,BLANK,LOW,Carbetapentane tannate is not the same substance as pentoxyverine (R05DB05) despite similar pharmacology; carbetapentane has no WHO ATC entry at all. Current code names the wrong substance.
4,603820,carbetapentane tannate 6 MG/ML / phenylephrine tannate 6 MG/ML Extended Release Suspension [Levall-12],R05DB05,pentoxyverine,,,BLANK,LOW,Carbetapentane tannate is not the same substance as pentoxyverine (R05DB05) despite similar pharmacology; carbetapentane has no WHO ATC entry at all. Current code names the wrong substance.
4,692776,carbetapentane tannate 6 MG/ML / phenylephrine tannate 5 MG/ML Extended Release Suspension [Levall-12],R05DB05,pentoxyverine,,,BLANK,LOW,Carbetapentane tannate is not the same substance as pentoxyverine (R05DB05) despite similar pharmacology; carbetapentane has no WHO ATC entry at all. Current code names the wrong substance.
4,208451,polymyxin B 10000 UNT/ML / trimethoprim 1 MG/ML Ophthalmic Solution [Polytrim],S01AA20,antibiotics in combination with other drugs,S01AA30,combinations of different antibiotics,REPLACE,MED,"Polymyxin B + trimethoprim (Polytrim) is the identical formula already coded S01AA30 elsewhere in this dataset; standardizing to ""combinations of different antibiotics"" for consistency (trimethoprim is antibacterial-classed here)."
4,861578,meperidine hydrochloride 50 MG / promethazine hydrochloride 25 MG Oral Capsule,N02AB52,"pethidine, combinations excl. psycholeptics",N02AB72,"pethidine, combinations with psycholeptics",REPLACE,HIGH,"Promethazine is a phenothiazine (psycholeptic-classed in ATC N05); meperidine+promethazine belongs under N02AB72 ""pethidine, combinations WITH psycholeptics"", not the excl.-psycholeptics code."
4,996206,dextran 70 1 MG/ML / polyethylene glycol 400 10 MG/ML / povidone 10 MG/ML / tetrahydrozoline hydrochloride 0.5 MG/ML Ophthalmic Solution [Visine Advanced Relief],B05AA05,dextran,S01GA55,"phenylephrine, combinations",REPLACE,LOW,"Dextran+PEG+povidone (lubricant polymers) + tetrahydrozoline (decongestant) ophthalmic solution is a Visine-shape eye-lubricant/decongestant combo, not an IV plasma-substitute (B05AA = wrong anatomical class entirely). S01GA55 ""phenylephrine, combinations"" family covers decongestant combos; using the closest tetrahydrozoline-adjacent WHO combinations code."
4,750191,Gramicidin 0.025 MG/ML / Neomycin 1.75 MG/ML / Polymyxin B 10000 UNT/ML Ophthalmic Solution [Neosporin Solution],R02AB30,gramicidin,S01AA30,combinations of different antibiotics,REPLACE,MED,"Gramicidin+neomycin+polymyxin B (Neosporin Solution) is the same triple-antibiotic-combo formula already coded S01AA30 (ophthalmic) elsewhere in this dataset; R02AB has no combinations-suffix code, and this branded product is classically an ophthalmic solution."
4,1792386,ciprofloxacin 3 MG/ML / fluocinolone acetonide 0.25 MG/ML Otic Solution,J01MA02,ciprofloxacin,S02CA05,fluocinolone acetonide and antiinfectives,REPLACE,HIGH,"Ciprofloxacin+fluocinolone acetonide otic solution matches the exact WHO combination code S02CA05 ""fluocinolone acetonide and antiinfectives"", not ciprofloxacin mono."
4,1600923,pramoxine hydrochloride 10 MG/ML / zinc acetate 1.2 MG/ML Topical Spray [Ivarest Poison Ivy Itch Spray],A16AX05,zinc acetate,,,BLANK,LOW,Pramoxine (anesthetic) + zinc acetate (astringent) has no dedicated WHO combination code and neither mono-code fairly represents the product; matches the established precedent for this exact combination elsewhere in the dataset.
4,1044286,naphazoline hydrochloride 0.5 MG/ML / phenylephrine hydrochloride 5 MG/ML / pyrilamine maleate 2 MG/ML Nasal Spray,R01AA|R01AB|R01BA,"Sympathomimetics, plain|Sympathomimetics, combinations excl. corticosteroids|Sympathomimetics",R01BA53,"phenylephrine, combinations",REPLACE,LOW,"Naphazoline+phenylephrine+pyrilamine nasal spray: naphazoline has no ""combinations"" suffix in R01AB, but phenylephrine does (R01BA53); using the ingredient with a valid WHO combinations code."
4,1545149,canagliflozin / metformin,A10BD16,metformin and canagliflozin,A10BD16,metformin and canagliflozin,KEEP,HIGH,Exact match: canagliflozin/metformin (Invokamet).
4,1545150,canagliflozin 150 MG / metformin hydrochloride 1000 MG Oral Tablet,A10BD16,metformin and canagliflozin,A10BD16,metformin and canagliflozin,KEEP,HIGH,Exact match: canagliflozin/metformin (Invokamet).
4,1545156,canagliflozin 150 MG / metformin hydrochloride 1000 MG Oral Tablet [Invokamet],A10BD16,metformin and canagliflozin,A10BD16,metformin and canagliflozin,KEEP,HIGH,Exact match: canagliflozin/metformin (Invokamet).
4,1545157,canagliflozin 150 MG / metformin hydrochloride 500 MG Oral Tablet,A10BD16,metformin and canagliflozin,A10BD16,metformin and canagliflozin,KEEP,HIGH,Exact match: canagliflozin/metformin (Invokamet).
4,1545159,canagliflozin 150 MG / metformin hydrochloride 500 MG Oral Tablet [Invokamet],A10BD16,metformin and canagliflozin,A10BD16,metformin and canagliflozin,KEEP,HIGH,Exact match: canagliflozin/metformin (Invokamet).
4,1545161,canagliflozin 50 MG / metformin hydrochloride 1000 MG Oral Tablet,A10BD16,metformin and canagliflozin,A10BD16,metformin and canagliflozin,KEEP,HIGH,Exact match: canagliflozin/metformin (Invokamet).
4,1545163,canagliflozin 50 MG / metformin hydrochloride 1000 MG Oral Tablet [Invokamet],A10BD16,metformin and canagliflozin,A10BD16,metformin and canagliflozin,KEEP,HIGH,Exact match: canagliflozin/metformin (Invokamet).
4,1545164,canagliflozin 50 MG / metformin hydrochloride 500 MG Oral Tablet,A10BD16,metformin and canagliflozin,A10BD16,metformin and canagliflozin,KEEP,HIGH,Exact match: canagliflozin/metformin (Invokamet).
4,1545166,canagliflozin 50 MG / metformin hydrochloride 500 MG Oral Tablet [Invokamet],A10BD16,metformin and canagliflozin,A10BD16,metformin and canagliflozin,KEEP,HIGH,Exact match: canagliflozin/metformin (Invokamet).
4,1810997,24 HR canagliflozin 150 MG / metformin hydrochloride 1000 MG Extended Release Oral Tablet,A10BD16,metformin and canagliflozin,A10BD16,metformin and canagliflozin,KEEP,HIGH,Exact match: canagliflozin/metformin (Invokamet).
4,1810999,24 HR canagliflozin 150 MG / metformin hydrochloride 1000 MG Extended Release Oral Tablet [Invokamet],A10BD16,metformin and canagliflozin,A10BD16,metformin and canagliflozin,KEEP,HIGH,Exact match: canagliflozin/metformin (Invokamet).
4,1811002,24 HR canagliflozin 150 MG / metformin hydrochloride 500 MG Extended Release Oral Tablet,A10BD16,metformin and canagliflozin,A10BD16,metformin and canagliflozin,KEEP,HIGH,Exact match: canagliflozin/metformin (Invokamet).
4,1811003,24 HR canagliflozin 150 MG / metformin hydrochloride 500 MG Extended Release Oral Tablet [Invokamet],A10BD16,metformin and canagliflozin,A10BD16,metformin and canagliflozin,KEEP,HIGH,Exact match: canagliflozin/metformin (Invokamet).
4,1811006,24 HR canagliflozin 50 MG / metformin hydrochloride 1000 MG Extended Release Oral Tablet,A10BD16,metformin and canagliflozin,A10BD16,metformin and canagliflozin,KEEP,HIGH,Exact match: canagliflozin/metformin (Invokamet).
4,1811007,24 HR canagliflozin 50 MG / metformin hydrochloride 1000 MG Extended Release Oral Tablet [Invokamet],A10BD16,metformin and canagliflozin,A10BD16,metformin and canagliflozin,KEEP,HIGH,Exact match: canagliflozin/metformin (Invokamet).
4,1811010,24 HR canagliflozin 50 MG / metformin hydrochloride 500 MG Extended Release Oral Tablet,A10BD16,metformin and canagliflozin,A10BD16,metformin and canagliflozin,KEEP,HIGH,Exact match: canagliflozin/metformin (Invokamet).
4,1811011,24 HR canagliflozin 50 MG / metformin hydrochloride 500 MG Extended Release Oral Tablet [Invokamet],A10BD16,metformin and canagliflozin,A10BD16,metformin and canagliflozin,KEEP,HIGH,Exact match: canagliflozin/metformin (Invokamet).
4,1368402,alogliptin / pioglitazone,A10BD09,pioglitazone and alogliptin,A10BD09,pioglitazone and alogliptin,KEEP,HIGH,Exact match: alogliptin/pioglitazone (Oseni).
4,1368403,alogliptin 12.5 MG / pioglitazone 15 MG Oral Tablet,A10BD09,pioglitazone and alogliptin,A10BD09,pioglitazone and alogliptin,KEEP,HIGH,Exact match: alogliptin/pioglitazone (Oseni).
4,1368409,alogliptin 12.5 MG / pioglitazone 15 MG Oral Tablet [Oseni],A10BD09,pioglitazone and alogliptin,A10BD09,pioglitazone and alogliptin,KEEP,HIGH,Exact match: alogliptin/pioglitazone (Oseni).
4,1368410,alogliptin 12.5 MG / pioglitazone 30 MG Oral Tablet,A10BD09,pioglitazone and alogliptin,A10BD09,pioglitazone and alogliptin,KEEP,HIGH,Exact match: alogliptin/pioglitazone (Oseni).
4,1368416,alogliptin 12.5 MG / pioglitazone 30 MG Oral Tablet [Oseni],A10BD09,pioglitazone and alogliptin,A10BD09,pioglitazone and alogliptin,KEEP,HIGH,Exact match: alogliptin/pioglitazone (Oseni).
4,1368417,alogliptin 12.5 MG / pioglitazone 45 MG Oral Tablet,A10BD09,pioglitazone and alogliptin,A10BD09,pioglitazone and alogliptin,KEEP,HIGH,Exact match: alogliptin/pioglitazone (Oseni).
4,1368423,alogliptin 12.5 MG / pioglitazone 45 MG Oral Tablet [Oseni],A10BD09,pioglitazone and alogliptin,A10BD09,pioglitazone and alogliptin,KEEP,HIGH,Exact match: alogliptin/pioglitazone (Oseni).
4,1368424,alogliptin 25 MG / pioglitazone 15 MG Oral Tablet,A10BD09,pioglitazone and alogliptin,A10BD09,pioglitazone and alogliptin,KEEP,HIGH,Exact match: alogliptin/pioglitazone (Oseni).
4,1368430,alogliptin 25 MG / pioglitazone 15 MG Oral Tablet [Oseni],A10BD09,pioglitazone and alogliptin,A10BD09,pioglitazone and alogliptin,KEEP,HIGH,Exact match: alogliptin/pioglitazone (Oseni).
4,1368431,alogliptin 25 MG / pioglitazone 30 MG Oral Tablet,A10BD09,pioglitazone and alogliptin,A10BD09,pioglitazone and alogliptin,KEEP,HIGH,Exact match: alogliptin/pioglitazone (Oseni).
4,1368437,alogliptin 25 MG / pioglitazone 30 MG Oral Tablet [Oseni],A10BD09,pioglitazone and alogliptin,A10BD09,pioglitazone and alogliptin,KEEP,HIGH,Exact match: alogliptin/pioglitazone (Oseni).
4,1368438,alogliptin 25 MG / pioglitazone 45 MG Oral Tablet,A10BD09,pioglitazone and alogliptin,A10BD09,pioglitazone and alogliptin,KEEP,HIGH,Exact match: alogliptin/pioglitazone (Oseni).
4,1368444,alogliptin 25 MG / pioglitazone 45 MG Oral Tablet [Oseni],A10BD09,pioglitazone and alogliptin,A10BD09,pioglitazone and alogliptin,KEEP,HIGH,Exact match: alogliptin/pioglitazone (Oseni).
4,1098914,guaifenesin 50 MG/ML / pseudoephedrine hydrochloride 5 MG/ML Oral Solution,R05CA10,combinations,R05CA10,combinations,KEEP,HIGH,Exact match: guaifenesin/pseudoephedrine combinations - already correctly coded.
4,1298439,guaifenesin 200 MG / pseudoephedrine hydrochloride 30 MG Oral Tablet,R05CA10,combinations,R05CA10,combinations,KEEP,HIGH,Exact match: guaifenesin/pseudoephedrine combinations - already correctly coded.
4,1356346,12 HR guaifenesin 1200 MG / pseudoephedrine hydrochloride 75 MG Extended Release Oral Tablet,R05CA10,combinations,R05CA10,combinations,KEEP,HIGH,Exact match: guaifenesin/pseudoephedrine combinations - already correctly coded.
4,1356350,guaifenesin 100 MG / pseudoephedrine hydrochloride 60 MG Oral Tablet,R05CA10,combinations,R05CA10,combinations,KEEP,HIGH,Exact match: guaifenesin/pseudoephedrine combinations - already correctly coded.
4,1367320,guaifenesin 600 MG / pseudoephedrine hydrochloride 120 MG Oral Tablet,R05CA10,combinations,R05CA10,combinations,KEEP,HIGH,Exact match: guaifenesin/pseudoephedrine combinations - already correctly coded.
4,1424358,guaifenesin 250 MG / pseudoephedrine hydrochloride 30 MG Oral Tablet,R05CA10,combinations,R05CA10,combinations,KEEP,HIGH,Exact match: guaifenesin/pseudoephedrine combinations - already correctly coded.
4,1424361,guaifenesin 100 MG / pseudoephedrine hydrochloride 30 MG Oral Tablet,R05CA10,combinations,R05CA10,combinations,KEEP,HIGH,Exact match: guaifenesin/pseudoephedrine combinations - already correctly coded.
4,1424654,guaifenesin 300 MG / pseudoephedrine hydrochloride 60 MG Extended Release Oral Tablet,R05CA10,combinations,R05CA10,combinations,KEEP,HIGH,Exact match: guaifenesin/pseudoephedrine combinations - already correctly coded.
4,1424657,guaifenesin 200 MG / pseudoephedrine hydrochloride 60 MG Oral Capsule,R05CA10,combinations,R05CA10,combinations,KEEP,HIGH,Exact match: guaifenesin/pseudoephedrine combinations - already correctly coded.
4,1425949,guaifenesin 1200 MG / pseudoephedrine hydrochloride 60 MG Extended Release Oral Tablet,R05CA10,combinations,R05CA10,combinations,KEEP,HIGH,Exact match: guaifenesin/pseudoephedrine combinations - already correctly coded.
4,1430407,guaifenesin 1000 MG / pseudoephedrine hydrochloride 60 MG Extended Release Oral Tablet,R05CA10,combinations,R05CA10,combinations,KEEP,HIGH,Exact match: guaifenesin/pseudoephedrine combinations - already correctly coded.
4,1799211,sofosbuvir / velpatasvir,J05AP55,sofosbuvir and velpatasvir,J05AP55,sofosbuvir and velpatasvir,KEEP,HIGH,Exact match: sofosbuvir and velpatasvir (Epclusa) - already correctly coded.
4,1799212,sofosbuvir 400 MG / velpatasvir 100 MG Oral Tablet,J05AP55,sofosbuvir and velpatasvir,J05AP55,sofosbuvir and velpatasvir,KEEP,HIGH,Exact match: sofosbuvir and velpatasvir (Epclusa) - already correctly coded.
4,1799218,sofosbuvir 400 MG / velpatasvir 100 MG Oral Tablet [Epclusa],J05AP55,sofosbuvir and velpatasvir,J05AP55,sofosbuvir and velpatasvir,KEEP,HIGH,Exact match: sofosbuvir and velpatasvir (Epclusa) - already correctly coded.
4,2288814,sofosbuvir 200 MG / velpatasvir 50 MG Oral Tablet,J05AP55,sofosbuvir and velpatasvir,J05AP55,sofosbuvir and velpatasvir,KEEP,HIGH,Exact match: sofosbuvir and velpatasvir (Epclusa) - already correctly coded.
4,2288816,sofosbuvir 200 MG / velpatasvir 50 MG Oral Tablet [Epclusa],J05AP55,sofosbuvir and velpatasvir,J05AP55,sofosbuvir and velpatasvir,KEEP,HIGH,Exact match: sofosbuvir and velpatasvir (Epclusa) - already correctly coded.
4,2584196,sofosbuvir 150 MG / velpatasvir 37.5 MG Oral Pellet,J05AP55,sofosbuvir and velpatasvir,J05AP55,sofosbuvir and velpatasvir,KEEP,HIGH,Exact match: sofosbuvir and velpatasvir (Epclusa) - already correctly coded.
4,2584199,sofosbuvir 150 MG / velpatasvir 37.5 MG Oral Pellet [Epclusa],J05AP55,sofosbuvir and velpatasvir,J05AP55,sofosbuvir and velpatasvir,KEEP,HIGH,Exact match: sofosbuvir and velpatasvir (Epclusa) - already correctly coded.
4,2584200,sofosbuvir 200 MG / velpatasvir 50 MG Oral Pellet,J05AP55,sofosbuvir and velpatasvir,J05AP55,sofosbuvir and velpatasvir,KEEP,HIGH,Exact match: sofosbuvir and velpatasvir (Epclusa) - already correctly coded.
4,2584201,sofosbuvir 200 MG / velpatasvir 50 MG Oral Pellet [Epclusa],J05AP55,sofosbuvir and velpatasvir,J05AP55,sofosbuvir and velpatasvir,KEEP,HIGH,Exact match: sofosbuvir and velpatasvir (Epclusa) - already correctly coded.
4,379186,fentanyl / ropivacaine Injectable Solution,N01BB09,ropivacaine,,,BLANK,LOW,Fentanyl (systemic opioid) + ropivacaine (local anesthetic) epidural mix spans two different pharmacologic classes with no dedicated WHO combination code; current code (ropivacaine mono) misrepresents the opioid component.
4,1233687,fentanyl 0.004 MG/ML / ropivacaine hydrochloride 2 MG/ML Injectable Solution,N01BB09,ropivacaine,,,BLANK,LOW,Fentanyl (systemic opioid) + ropivacaine (local anesthetic) epidural mix spans two different pharmacologic classes with no dedicated WHO combination code; current code (ropivacaine mono) misrepresents the opioid component.
4,1043619,eucalyptol 0.92 MG/ML / menthol 0.42 MG/ML / methyl salicylate 0.6 MG/ML / thymol 0.64 MG/ML Mouthwash,A01AB,Antiinfectives and antiseptics for local oral treatment,A01AB,Antiinfectives and antiseptics for local oral treatment,KEEP,HIGH,"Eucalyptol/menthol/methyl salicylate/thymol mouthwash (Listerine) fits the generic ""antiinfectives and antiseptics for local oral treatment"" L4 bucket - no more specific WHO L5 exists for this exact essential-oil combination."
4,2043303,eucalyptol 0.92 MG/ML / menthol 0.42 MG/ML / methyl salicylate 0.6 MG/ML / thymol 0.64 MG/ML Mouthwash [Listerine Ultraclean],A01AB,Antiinfectives and antiseptics for local oral treatment,A01AB,Antiinfectives and antiseptics for local oral treatment,KEEP,HIGH,"Eucalyptol/menthol/methyl salicylate/thymol mouthwash (Listerine) fits the generic ""antiinfectives and antiseptics for local oral treatment"" L4 bucket - no more specific WHO L5 exists for this exact essential-oil combination."
4,198001,bendroflumethiazide 5 MG / nadolol 80 MG Oral Tablet,,,C07BA12,nadolol and thiazides,REPLACE,HIGH,Exact match: nadolol/bendroflumethiazide (Corzide); currently blank.
4,204884,Acetaminophen 325 MG / Chlorpheniramine 2 MG / Phenylpropanolamine 12.5 MG Oral Capsule,,,N02BE51,"paracetamol, combinations excl. psycholeptics",REPLACE,HIGH,APAP-led combo (APAP+chlorpheniramine+phenylpropanolamine) - paracetamol combinations excl. psycholeptics.
4,210346,camphor 108 MG/ML / phenol 47 MG/ML Topical Solution [Campho-Phenique],,,D08AX,Other antiseptics and disinfectants,REPLACE,LOW,"Camphor+phenol topical antiseptic (Campho-Phenique); no dedicated combo code, generic ""other antiseptics"" L4 used."
4,213621,bacitracin 0.5 UNT/MG / polymyxin B 10 UNT/MG Ophthalmic Ointment [Polycin],,,S01AA30,combinations of different antibiotics,REPLACE,HIGH,Bacitracin+polymyxin B ophthalmic - matches the established combinations-of-antibiotics bucket.
4,213916,12 HR Chlorpheniramine 12 MG / Phenylpropanolamine 75 MG Extended Release Oral Capsule [Rhinolar-EX],,,R01BA51,"phenylpropanolamine, combinations",REPLACE,HIGH,Chlorpheniramine+phenylpropanolamine (no decongestant-antihistamine tie present) - decongestant-led per established precedent: phenylpropanolamine combinations.
4,259711,mecobalamin 0.6 MG / vitamin B12 0.6 MG Sublingual Tablet,,,B03BA05,mecobalamin,REPLACE,HIGH,"Mecobalamin = methylcobalamin, a form of vitamin B12; WHO has an exact mono code (mecobalamin) - duplicate labeling of the same substance, not a true combination."
4,308473,"belladonna extract, USP 0.128 MG / Chlorpheniramine 1 MG / Pheniramine 12.5 MG / Phenylpropanolamine 50 MG Oral Capsule",,,R01BA51,"phenylpropanolamine, combinations",REPLACE,MED,Chlorpheniramine+pheniramine+phenylpropanolamine (+belladonna) - decongestant-led per established precedent.
4,309207,Chlorpheniramine 10 MG / Phenylpropanolamine 75 MG Extended Release Oral Capsule,,,R01BA51,"phenylpropanolamine, combinations",REPLACE,HIGH,Chlorpheniramine+phenylpropanolamine - decongestant-led.
4,309445,acetaminophen 300 MG / codeine 15 MG Oral Capsule,,,N02AJ06,codeine and paracetamol,REPLACE,HIGH,Exact match: codeine and paracetamol (Tylenol #3-shape).
4,313599,ascorbic acid 35 MG/ML / cholecalciferol 0.01 MG/ML / vitamin A 0.45 MG/ML Oral Solution,,,,,BLANK,HIGH,"Multivitamin liquid (ascorbic acid+cholecalciferol+vitamin A) - nutraceutical blend, no single dominant WHO-classified drug."
4,314969,Ascorbic Acid 100 MG / Chlorpheniramine 4 MG / Phenylpropanolamine 50 MG / Pyrilamine 25 MG Oral Capsule,,,R01BA51,"phenylpropanolamine, combinations",REPLACE,MED,Ascorbic acid+chlorpheniramine+phenylpropanolamine+pyrilamine - decongestant-led; vitamin C is a non-competing adjuvant.
4,388525,betamethasone dipropionate 0.000643 MG/MG / calcipotriene 0.00005 MG/MG Topical Ointment,,,D05AX52,"calcipotriol, combinations",REPLACE,HIGH,"Exact match: calcipotriol, combinations (Taclonex-shape betamethasone dipropionate+calcipotriene)."
4,484901,Chlorpheniramine 8 MG / Phenylpropanolamine 50 MG / Pseudoephedrine 25 MG Extended Release Oral Tablet,,,R01BA52,"pseudoephedrine, combinations",REPLACE,MED,Chlorpheniramine+phenylpropanolamine+pseudoephedrine (two decongestants) - pseudoephedrine combinations code used as the more specific decongestant match.
4,562646,12 HR Chlorpheniramine 8 MG / Phenylpropanolamine 75 MG Extended Release Oral Capsule,,,R01BA51,"phenylpropanolamine, combinations",REPLACE,HIGH,Chlorpheniramine+phenylpropanolamine - decongestant-led.
4,617115,carbetapentane 6 MG/ML / Chlorpheniramine 0.8 MG/ML Oral Suspension [Tannihist 12 RF],,,R05DB,Other cough suppressants,REPLACE,MED,"Carbetapentane+chlorpheniramine - carbetapentane has no WHO ATC entry; generic ""other cough suppressants"" L4 used."
4,701913,acetaminophen 500 MG / caffeine 60 MG / pyrilamine maleate 15 MG Oral Capsule,,,N02BE51,"paracetamol, combinations excl. psycholeptics",REPLACE,MED,APAP+caffeine+pyrilamine (Midol-shape) - APAP-led combination.
4,750187,Bacitracin 0.4 UNT/MG / Neomycin 0.0035 MG/MG / Polymyxin B 10 UNT/MG Ophthalmic Ointment [Neosporin Ointment],,,S01AA30,combinations of different antibiotics,REPLACE,HIGH,Bacitracin+neomycin+polymyxin B ophthalmic (Neosporin Ointment) - combinations-of-antibiotics bucket.
4,755812,Chlorpheniramine 1 MG/ML / Phenylpropanolamine 4 MG/ML / Pseudoephedrine 4 MG/ML Oral Solution,,,R01BA52,"pseudoephedrine, combinations",REPLACE,MED,Chlorpheniramine+phenylpropanolamine+pseudoephedrine - pseudoephedrine combinations (more specific decongestant).
4,795770,ferrous fumarate 162 MG / polysaccharide iron complex 115 MG Oral Capsule [TANDEM],,,B03AA02,ferrous fumarate,REPLACE,MED,Ferrous fumarate + polysaccharide iron complex - both are iron-repletion forms; ferrous fumarate is the classifying WHO code.
4,827353,magnesium chloride 0.00148 MEQ/ML / potassium chloride 0.005 MEQ/ML / sodium acetate 0.027 MEQ/ML / sodium chloride 0.09 MEQ/ML / sodium gluconate 0.023 MEQ/ML Irrigation Solution [Physiolyte],,,B05XA30,combinations of electrolytes,REPLACE,MED,Multi-electrolyte dilute IV solution (Mg/K/Na) - combinations of electrolytes.
4,833507,{1 (30 ML) (hydrocortisone 20 MG/ML Topical Lotion [Scalacort]) / 1 (118 ML) (salicylic acid 20 MG/ML / sulfur 20 MG/ML Medicated Shampoo) } Pack [Scalacort DK],,,,,BLANK,HIGH,Multi-product pack bundling two distinct topical products (hydrocortisone lotion + salicylic acid/sulfur shampoo) for a single regimen; no single ATC code represents a bundle of two different products.
4,859256,Chlorpheniramine 1.6 MG/ML / Hydrocodone Bitartrate 2 MG/ML Oral Suspension,,,R05DA20,combinations,REPLACE,MED,Chlorpheniramine+hydrocodone antitussive combo (no decongestant/expectorant) - opium-alkaloid combinations bucket.
4,884648,Ascorbic Acid 60 MG / Folic Acid 0.3 MG / Niacin 13.5 MG / pyridoxine 1.05 MG / Riboflavin 1.2 MG / Sodium Fluoride 0.5 MG / Thiamine 1.05 MG / Vitamin A 2500 UNT / Vitamin B 12 0.0045 MG / Vitamin D 400 UNT / Vitamin E 15 UNT Chewable Tablet,,,,,BLANK,HIGH,"Multivitamin+fluoride liquid blend - nutraceutical, no single dominant WHO-classified drug."
4,905379,hydralazine hydrochloride 37.5 MG / isosorbide dinitrate 20 MG Oral Tablet [Bidil],,,C01DA20,organic nitrates in combination,REPLACE,MED,"Hydralazine+isosorbide dinitrate (BiDil) - hydralazine is a vasodilator (C02), isosorbide dinitrate is an organic nitrate (C01DA); no dedicated cross-class combo exists, using organic-nitrates-in-combination as the closer anatomical fit since isosorbide dinitrate is the classifying antianginal/vasodilator agent."
4,991685,ormetoprim 40 MG / sulfadimethoxine 200 MG Oral Tablet [Primor],,,,,BLANK,HIGH,"Ormetoprim+sulfadimethoxine (Primor) is a veterinary antibacterial for dogs, not a human ATC-classified product."
4,1005710,Calcium Citrate 1190 MG / Vitamin D 200 UNT Oral Tablet [Citracal Regular + D],,,A12AX,"Calcium, combinations with vitamin D and/or other drugs",REPLACE,HIGH,"Calcium citrate+vitamin D - matches WHO L4 ""Calcium, combinations with vitamin D and/or other drugs"" (terminal, no L5 children)."
4,1012564,12 HR carbinoxamine maleate 8 MG / pseudoephedrine hydrochloride 120 MG Extended Release Oral Tablet [Rondec],,,R01BA52,"pseudoephedrine, combinations",REPLACE,HIGH,Carbinoxamine+pseudoephedrine - decongestant-led per established precedent.
4,1012863,carbinoxamine maleate 2 MG/ML / pseudoephedrine hydrochloride 25 MG/ML Oral Solution [Dura Ron],,,R01BA52,"pseudoephedrine, combinations",REPLACE,HIGH,Carbinoxamine+pseudoephedrine - decongestant-led.
4,1037176,carbinoxamine maleate 0.4 MG/ML / pseudoephedrine hydrochloride 5 MG/ML Oral Solution [Palgic D],,,R01BA52,"pseudoephedrine, combinations",REPLACE,HIGH,Carbinoxamine+pseudoephedrine - decongestant-led.
4,1052620,allantoin 0.01 MG/MG / benzocaine 0.2 MG/MG / camphor 0.03 MG/MG / petrolatum 0.649 MG/MG Topical Ointment [Anbesol Cold Sore Therapy],,,D04AB,Anesthetics for topical use,REPLACE,LOW,"Allantoin+benzocaine+camphor+petrolatum topical anesthetic combo - generic ""anesthetics for topical use"" L4, no more specific combo code exists."
4,1053631,chlorpheniramine maleate 8 MG / pseudoephedrine hydrochloride 120 MG Extended Release Oral Capsule [Deconamine],,,R06AB54,"chlorphenamine, combinations",REPLACE,HIGH,"Chlorpheniramine+pseudoephedrine - established antihistamine-led EXCEPTION (chlorphenamine, combinations)."
4,1089117,bacitracin 0.5 UNT/ML / dimethicone 200 MG/ML / zinc oxide 250 MG/ML Topical Spray [Rash Relief Antibacterial],,,D06AX05,bacitracin,REPLACE,LOW,Bacitracin+dimethicone+zinc oxide (Rash Relief Antibacterial) - bacitracin is the medically active antibiotic component; dimethicone/zinc oxide are protectant adjuvants.
4,1098478,sodium fluoride 0.55 MG / xylitol 237 MG Chewable Tablet [Fluor a Day Chewable],,,A01AA51,"sodium fluoride, combinations",REPLACE,HIGH,"Sodium fluoride+xylitol dental chewable - matches ""sodium fluoride, combinations""."
4,1113388,chlorpheniramine maleate 0.8 MG/ML / pseudoephedrine hydrochloride 9 MG/ML Oral Solution [Accuhist Drops Reformulated Sep 2008],,,R06AB54,"chlorphenamine, combinations",REPLACE,HIGH,Chlorpheniramine+pseudoephedrine - antihistamine-led exception.
4,1116967,capsaicin 0.25 MG/ML / menthol 100 MG/ML / methyl salicylate 300 MG/ML Topical Lotion,,,M02AX10,various,REPLACE,MED,"Capsaicin+menthol+methyl salicylate topical lotion (muscle/joint counterirritant) - generic ""other topical products for joint and muscular pain"" bucket."
4,1193311,{1 (42000 MG) (Colloidal oatmeal 10 MG/ML Topical Cream [Neosporin Moisturizing]) / 1 (8500 MG) (Hydrocortisone 10 MG/ML Topical Cream [Neosporin Eczema]) } Pack [Neosporin Essentials Trial Pack],,,,,BLANK,HIGH,Multi-product pack bundling colloidal-oatmeal cream + hydrocortisone cream as two distinct products for one regimen; no single ATC code represents the bundle.
4,1236207,dextromethorphan hydrobromide 1 MG/ML / doxylamine succinate 0.417 MG/ML Oral Solution [Nyquil Cough],,,R05DA20,combinations,REPLACE,MED,DXM+doxylamine (Nyquil Cough) - dextromethorphan is WHO-classified under R05DA; combinations bucket used since no expectorant/decongestant is present.
4,1242543,{1 (295 ML) (acetaminophen 21.7 MG/ML / dextromethorphan hydrobromide 0.667 MG/ML / phenylephrine hydrochloride 0.333 MG/ML Oral Solution) / 1 (295 ML) (acetaminophen 33.3 MG/ML / dextromethorphan hydrobromide 1 MG/ML / doxylamine succinate 0.417 MG/ML Oral Solution) } Pack,,,N02BE51,"paracetamol, combinations excl. psycholeptics",REPLACE,HIGH,APAP+DXM+phenylephrine (pack) - APAP-led combination.
4,1245492,benzoic acid 9 MG / hyoscyamine sulfate 0.12 MG / methenamine 81.6 MG / methylene blue 10.8 MG / phenyl salicylate 36.2 MG Oral Tablet [Prosed DS],,,G04BX,Other urologicals,REPLACE,MED,"Hyoscyamine+methenamine+methylene blue(+benzoic acid) urinary antiseptic complex (Urised-shape) - generic ""other urologicals"" L4, no exact 4-5 ingredient combo code exists."
4,1248241,docusate sodium 83 MG / phenolphthalein 90 MG Oral Capsule,,,A06AB20,contact laxatives in combination,REPLACE,MED,"Docusate+phenolphthalein (softener+stimulant laxative) - ""contact laxatives in combination"" bucket."
4,1251594,Benzocaine 200 MG/ML / Cetylpyridinium Chloride 1 MG/ML Mucous Membrane Topical Solution [Orajel Mouth-Aid],,,A01AD11,various,REPLACE,MED,"Benzocaine+cetylpyridinium chloride (Orajel Mouth-Aid) - generic ""other agents for local oral treatment"" bucket."
4,1293859,ammonium lactate 120 MG/ML / pramoxine hydrochloride 10 MG/ML Topical Cream,,,D02AX,Other emollients and protectives,REPLACE,LOW,"Ammonium lactate+pramoxine topical cream - generic ""other emollients and protectives"" L4, no combo code exists for this pairing."
4,1294033,pramoxine hydrochloride 10 MG/ML / zinc acetate 1 MG/ML Topical Spray,,,,,BLANK,HIGH,Pramoxine+zinc acetate topical spray - matches the established precedent (no dedicated WHO combination code; neither mono-code fairly represents the product).
4,1300207,12 HR brompheniramine maleate 6 MG / pseudoephedrine hydrochloride 60 MG Extended Release Oral Capsule [Bromfed],,,R01BA52,"pseudoephedrine, combinations",REPLACE,HIGH,Brompheniramine+pseudoephedrine - decongestant-led per established precedent.
4,1302801,acetaminophen 250 MG / aspirin 250 MG / caffeine 65 MG Oral Tablet [Bayer Migraine],,,N02BA51,"acetylsalicylic acid, combinations excl. psycholeptics",REPLACE,HIGH,APAP+aspirin+caffeine (Bayer Migraine) - aspirin-led combinations bucket (aspirin is the salicylate signal WHO groups this class under).
4,1356834,12 HR brompheniramine maleate 9 MG / pseudoephedrine hydrochloride 90 MG Extended Release Oral Capsule [Brovex PSE],,,R01BA52,"pseudoephedrine, combinations",REPLACE,HIGH,Brompheniramine+pseudoephedrine - decongestant-led.
4,1357866,dextromethorphan hydrobromide 1.5 MG/ML / pseudoephedrine hydrochloride 3 MG/ML Oral Solution [Dimetapp Childrens Long Acting Cough Plus Cold],,,R05DA20,combinations,REPLACE,MED,DXM+pseudoephedrine (no antihistamine/expectorant) - dextromethorphan combinations bucket.
4,1363032,12 HR chlorpheniramine maleate 12 MG / pseudoephedrine hydrochloride 120 MG Extended Release Oral Capsule [Rescon],,,R06AB54,"chlorphenamine, combinations",REPLACE,HIGH,Chlorpheniramine+pseudoephedrine - antihistamine-led exception.
4,1369777,ibuprofen 200 MG / phenylephrine hydrochloride 10 MG Oral Tablet [Advil Congestion Relief],,,,,BLANK,HIGH,"Ibuprofen+phenylephrine (Advil Congestion Relief) - NSAID+decongestant combo with no dedicated WHO code; ibuprofen is not in the ""acetaminophen/aspirin, combinations"" family and no NSAID-decongestant L5 exists."
4,1422886,chlorpheniramine maleate 0.4 MG/ML / dextromethorphan hydrobromide 2 MG/ML Oral Solution [Tricodene Sugar Free],,,R05DA20,combinations,REPLACE,MED,Chlorpheniramine+DXM (no decongestant) - dextromethorphan combinations bucket.
4,1430532,brompheniramine maleate 5.75 MG / pseudoephedrine hydrochloride 60 MG Extended Release Oral Capsule [Touro Allergy],,,R01BA52,"pseudoephedrine, combinations",REPLACE,HIGH,Brompheniramine+pseudoephedrine - decongestant-led.
4,1489300,{1 (295 ML) (acetaminophen 21.7 MG/ML / dextromethorphan hydrobromide 0.667 MG/ML / phenylephrine hydrochloride 0.333 MG/ML Oral Solution) / 1 (295 ML) (acetaminophen 21.7 MG/ML / dextromethorphan hydrobromide 1 MG/ML / doxylamine succinate 0.417 MG/ML Oral Solution) } Pack,,,N02BE51,"paracetamol, combinations excl. psycholeptics",REPLACE,HIGH,APAP+DXM+phenylephrine (pack) - APAP-led combination.
4,1537012,aspirin 325 MG / citric acid 1000 MG / sodium bicarbonate 1916 MG Effervescent Oral Tablet [Bromo Seltzer Antacid Pain Reliever],,,N02BA51,"acetylsalicylic acid, combinations excl. psycholeptics",REPLACE,HIGH,Aspirin+citric acid+sodium bicarbonate (Bromo Seltzer) - aspirin combinations bucket.
4,1552014,chlorpheniramine maleate 12 MG / pseudoephedrine hydrochloride 120 MG Extended Release Oral Capsule [Histade Reformulated Feb 2008],,,R06AB54,"chlorphenamine, combinations",REPLACE,HIGH,Chlorpheniramine+pseudoephedrine - antihistamine-led exception.
4,1597298,acetaminophen 500 MG / caffeine 60 MG / pyrilamine maleate 15 MG Oral Tablet,,,N02BE51,"paracetamol, combinations excl. psycholeptics",REPLACE,MED,APAP+caffeine+pyrilamine - APAP-led combination.
4,1666879,ethanol 0.75 ML/ML / isopropyl alcohol 0.04 ML/ML Topical Gel,,,D08AX,Other antiseptics and disinfectants,REPLACE,LOW,"Ethanol+isopropyl alcohol topical antiseptic gel - generic ""other antiseptics and disinfectants"" L4."
4,1730188,{12 (acetaminophen 325 MG / dextromethorphan hydrobromide 10 MG / phenylephrine hydrochloride 5 MG Oral Capsule) / 12 (acetaminophen 325 MG / dextromethorphan hydrobromide 15 MG / doxylamine succinate 6.25 MG Oral Capsule) } Pack,,,N02BE51,"paracetamol, combinations excl. psycholeptics",REPLACE,HIGH,APAP+DXM+phenylephrine (pack) - APAP-led combination.
4,1798358,Camphor 0.02 MG/MG / Lidocaine Hydrochloride 0.025 MG/MG / methyl salicylate 0.04 MG/MG Medicated Patch,,,M02AX10,various,REPLACE,MED,"Camphor+lidocaine+methyl salicylate patch - ""other topical products for joint and muscular pain"" bucket."
4,1804176,lidocaine 0.04 MG/MG / menthol 0.01 MG/MG Topical Gel,,,D04AB01,lidocaine,REPLACE,MED,Lidocaine+menthol topical gel - lidocaine mono is the classifying anesthetic; menthol is a counterirritant adjuvant.
4,1872088,aspirin 500 MG / citric acid 1000 MG / sodium bicarbonate 1985 MG Granules for Oral Solution [Alka-Seltzer],,,N02BA51,"acetylsalicylic acid, combinations excl. psycholeptics",REPLACE,HIGH,Aspirin+citric acid+sodium bicarbonate (Alka-Seltzer) - aspirin combinations bucket.
4,1923055,{28 (letrozole 2.5 MG Oral Tablet) / 42 (ribociclib 200 MG Oral Tablet) } Pack,,,,,BLANK,HIGH,Letrozole + ribociclib co-pack bundles two distinct anticancer drugs from different classes into one regimen pack; no single ATC code represents the bundle.
4,1947507,{6 (acetaminophen 500 MG / dextromethorphan hydrobromide 20 MG / phenylephrine hydrochloride 10 MG Granules for Oral Solution) / 6 (acetaminophen 500 MG / diphenhydramine hydrochloride 25 MG / phenylephrine hydrochloride 10 MG Powder for Oral Solution) } Pack,,,N02BE51,"paracetamol, combinations excl. psycholeptics",REPLACE,HIGH,APAP+DXM+phenylephrine (granules pack) - APAP-led combination.
4,1999657,12 HR doxylamine succinate 20 MG / pyridoxine hydrochloride 20 MG Extended Release Oral Tablet [Bonjesta],,,A11DB,Vitamin B1 in combination with vitamin B6 and/or vitamin B12,REPLACE,MED,"Doxylamine+pyridoxine (Bonjesta, anti-nausea for pregnancy) - not a true vitamin-B-complex per se, but pyridoxine is the WHO-classified vitamin component; using the closest available combination-vitamin bucket as no doxylamine+pyridoxine-specific code exists."
4,2100015,glycerin 144 MG/ML / lidocaine 50 MG/ML / petrolatum 150 MG/ML / phenylephrine hydrochloride 2.5 MG/ML Topical Cream,,,C05AX06,phenylephrine,REPLACE,MED,Glycerin+lidocaine+petrolatum+phenylephrine topical (hemorrhoid-shape) - phenylephrine is WHO-classified for hemorrhoid preparations (C05AX06).
4,2122270,Dextromethorphan Hydrobromide 1 MG/ML / Phenylpropanolamine Hydrochloride 1.25 MG/ML Oral Solution [Triaminic DM],,,R05DA20,combinations,REPLACE,MED,"DXM+phenylpropanolamine (Triaminic, no antihistamine/expectorant) - dextromethorphan combinations bucket."
4,2175793,camphor 0.03 MG/MG / menthol 0.01 MG/MG / petrolatum 0.892 MG/MG / phenol 0.015 MG/MG Topical Gel,,,M02AX10,various,REPLACE,MED,"Camphor+menthol+petrolatum+phenol topical gel (counterirritant) - ""other topical products for joint and muscular pain"" bucket."
4,2185293,{4 (acetaminophen 325 MG / dextromethorphan hydrobromide 10 MG / doxylamine succinate 6.25 MG / phenylephrine hydrochloride 5 MG Oral Capsule) / 8 (acetaminophen 325 MG / dextromethorphan hydrobromide 10 MG / guaifenesin 200 MG / phenylephrine hydrochloride 5 MG Oral Capsule) } Pack,,,N02BE51,"paracetamol, combinations excl. psycholeptics",REPLACE,HIGH,APAP+DXM+doxylamine+phenylephrine (Nyquil-shape) - APAP-led combination per established precedent.
4,242623,calcium carbonate 550 MG / magnesium hydroxide 110 MG Chewable Tablet,,,A02AC10,combinations,REPLACE,HIGH,"Calcium carbonate+magnesium hydroxide (Tums-shape antacid) - exact match ""calcium compounds, combinations""."
4,283279,lactic acid 140 MG/ML / resorcinol 140 MG/ML / salicylic acid 140 MG/ML Topical Solution,,,D11AF,Wart and anti-corn preparations,REPLACE,MED,"Lactic acid+resorcinol+salicylic acid topical solution (keratolytic) - ""wart and anti-corn preparations"" L4 (terminal, no L5 children)."
4,312124,ethinyl estradiol 0.05 MG / norethindrone 1 MG Oral Tablet,,,G03AA05,norethisterone and ethinylestradiol,REPLACE,HIGH,Exact match: norethisterone and ethinylestradiol (combined oral contraceptive).
4,348600,helium 75 % / oxygen 25 % Gas for Inhalation,,,,,BLANK,HIGH,"Helium+oxygen gas mixture for inhalation - WHO codes individual medical gases, not mixtures (matches established precedent)."
4,541999,carbon dioxide 20 % / oxygen 80 % Gas for Inhalation,,,,,BLANK,HIGH,Carbon dioxide+oxygen gas mixture - same medical-gas-mixture precedent.
4,582608,nitric oxide 0.08 % / nitrogen 99.92 % Gas for Inhalation,,,,,BLANK,HIGH,Nitric oxide+nitrogen gas mixture - same medical-gas-mixture precedent.
4,749736,{21 (ethinyl estradiol 0.035 MG / norethindrone 0.4 MG Oral Tablet) / 7 (inert ingredients 1 MG Oral Tablet) } Pack,,,G03AA05,norethisterone and ethinylestradiol,REPLACE,HIGH,Ethinyl estradiol+norethindrone 21-active/7-placebo pack - norethisterone and ethinylestradiol.
4,751885,{21 (ethinyl estradiol 0.02 MG / levonorgestrel 0.1 MG Oral Tablet) / 7 (inert ingredients 1 MG Oral Tablet) } Pack [Lessina 28 Day],,,G03AA07,levonorgestrel and ethinylestradiol,REPLACE,HIGH,Exact match: levonorgestrel and ethinylestradiol.
4,804614,calcium citrate 250 MG / cholecalciferol 125 UNT / magnesium citrate 40 MG Chewable Tablet,,,A12AX,"Calcium, combinations with vitamin D and/or other drugs",REPLACE,MED,"Calcium citrate+cholecalciferol+magnesium citrate - ""calcium, combinations with vitamin D and/or other drugs"" L4 (terminal)."
4,823883,chondroitin sulfates 1200 MG / glucosamine sulfate 1500 MG Oral Tablet,,,,,BLANK,HIGH,Chondroitin+glucosamine (joint-health nutraceutical) - not a WHO ATC-classified drug combination (matches established supplement precedent).
4,854997,colistin 3 MG/ML / hydrocortisone 10 MG/ML / neomycin 3.3 MG/ML / thonzonium bromide 0.5 MG/ML Otic Suspension [Cortisporin-TC],,,S02CA03,hydrocortisone and antiinfectives,REPLACE,HIGH,"Colistin+hydrocortisone+neomycin+thonzonium bromide otic (Coly-Mycin S-shape) - ""hydrocortisone and antiinfectives"" bucket."
4,876861,ascorbic acid 35 MG/ML / cholecalciferol 0.01 MG/ML / niacin 8 MG/ML / riboflavin 0.6 MG/ML / thiamine 0.5 MG/ML / vitamin A 0.45 MG/ML / vitamin B12 0.002 MG/ML / vitamin B6 0.4 MG/ML / vitamin E 2.25 MG/ML Oral Solution [Poly-Vi-Sol],,,,,BLANK,HIGH,"Multivitamin liquid (ascorbic acid+cholecalciferol+niacin+riboflavin+thiamine) - nutraceutical blend, no single dominant WHO-classified drug."
4,892099,febantel 680 MG / praziquantel 136 MG / pyrantel 136 MG Chewable Tablet,,,,,BLANK,HIGH,"Febantel+praziquantel+pyrantel (Drontal Plus) is a veterinary dewormer for dogs, not a human ATC-classified product."
4,892336,febantel 340 MG / praziquantel 68 MG / pyrantel 68 MG Chewable Tablet,,,,,BLANK,HIGH,"Same veterinary dewormer formula (febantel/praziquantel/pyrantel) as above, different strength."
4,904255,potassium chloride 0.4 MEQ / sodium chloride 7.69 MEQ Oral Tablet,,,B05XA30,combinations of electrolytes,REPLACE,HIGH,"Potassium chloride+sodium chloride electrolyte tablet - ""combinations of electrolytes""."
4,991456,ergocalciferol 400 UNT / vitamin A 10000 UNT Oral Tablet,,,A11CC20,combinations,REPLACE,MED,"Ergocalciferol+vitamin A - ""vitamin D combinations"" bucket (closest WHO fit for a vitamin-D-led multi-vitamin pair)."
4,996512,codeine phosphate 2 MG/ML / guaifenesin 60 MG/ML Oral Solution,,,R05FA02,opium derivatives and expectorants,REPLACE,HIGH,"Codeine+guaifenesin - exact match to the established ""opium derivatives and expectorants"" pattern."
4,999651,carbon dioxide 5 % / oxygen 45 % Gas for Inhalation,,,,,BLANK,HIGH,Carbon dioxide+oxygen gas mixture - medical-gas-mixture precedent.
4,1012223,hydrocortisone acetate 0.025 MG/MG / lidocaine hydrochloride 0.03 MG/MG Rectal Gel,,,C05AX03,"other preparations, combinations",REPLACE,MED,"Hydrocortisone acetate+lidocaine rectal gel (hemorrhoid) - ""other preparations, combinations"" bucket."
4,1042693,chlorpheniramine maleate 0.4 MG/ML / codeine phosphate 2 MG/ML / phenylephrine hydrochloride 1 MG/ML Oral Solution,,,R05DA20,combinations,REPLACE,MED,Chlorpheniramine+codeine+phenylephrine - codeine (opium alkaloid) is the class-defining signal; combinations bucket.
4,1046353,benzocaine 15 MG / menthol 10 MG Oral Lozenge [Chloraseptic Sore Throat],,,R02AD01,benzocaine,REPLACE,MED,Benzocaine+menthol oral lozenge (Chloraseptic Sore Throat) - benzocaine mono is the classifying throat anesthetic; menthol is a flavoring/counterirritant adjuvant.
4,1050325,"hyoscyamine sulfate 0.12 MG / methenamine 81.6 MG / methylene blue 10.8 MG / sodium phosphate, monobasic 40.8 MG Oral Tablet",,,G04BX,Other urologicals,REPLACE,MED,"Hyoscyamine+methenamine+methylene blue+sodium phosphate urinary antiseptic complex (Urised-shape) - ""other urologicals"" L4."
4,1087463,12 HR chlorpheniramine polistirex 1.6 MG/ML / hydrocodone polistirex 2 MG/ML Extended Release Suspension [Tussionex],,,R05DA20,combinations,REPLACE,HIGH,Chlorpheniramine polistirex+hydrocodone polistirex (Tussionex) - opium-alkaloid combinations bucket.
4,1094543,{21 (ethinyl estradiol 0.035 MG / norethindrone 0.4 MG Oral Tablet) / 7 (inert ingredients 1 MG Oral Tablet) } Pack [Briellyn 28 Day],,,G03AA05,norethisterone and ethinylestradiol,REPLACE,HIGH,Ethinyl estradiol+norethindrone 21/7 pack - norethisterone and ethinylestradiol.
4,1099708,codeine phosphate 2 MG/ML / guaifenesin 20 MG/ML / pseudoephedrine hydrochloride 6 MG/ML / triprolidine hydrochloride 0.4 MG/ML Oral Solution,,,R05FA02,opium derivatives and expectorants,REPLACE,HIGH,"Codeine+guaifenesin+pseudoephedrine+triprolidine - matches the established R05FA02 pattern (opium derivative + expectorant, decongestant/antihistamine incidental)."
4,1116173,carbetapentane tannate 60 MG / chlorpheniramine tannate 5 MG / ephedrine tannate 10 MG / phenylephrine tannate 10 MG Oral Tablet,,,R05DB,Other cough suppressants,REPLACE,LOW,"Carbetapentane+chlorpheniramine+ephedrine+phenylephrine - carbetapentane not WHO-classified; generic ""other cough suppressants"" L4 fallback."
4,1190839,atropine sulfate 0.024 MG / brompheniramine maleate 4 MG / phenyltoloxamine citrate 50 MG / pseudoephedrine hydrochloride 120 MG Extended Release Oral Tablet,,,R01BA52,"pseudoephedrine, combinations",REPLACE,MED,Atropine+brompheniramine+phenyltoloxamine+pseudoephedrine - decongestant-led per established precedent; atropine is a minor anticholinergic adjuvant.
4,1244146,pyridoxine hydrochloride 100 MG / thiamine hydrochloride 100 MG / vitamin B12 0.2 MG Oral Tablet,,,A11DB,Vitamin B1 in combination with vitamin B6 and/or vitamin B12,REPLACE,HIGH,"Pyridoxine+thiamine+vitamin B12 - exact match ""Vitamin B1 in combination with vitamin B6 and/or vitamin B12"" (terminal L4)."
4,1248207,docusate sodium 100 MG / ferrous fumarate 150 MG Oral Capsule,,,B03AA02,ferrous fumarate,REPLACE,MED,Docusate+ferrous fumarate (iron with stool softener) - ferrous fumarate is the classifying treatment-target active.
4,1293974,chloroxylenol 1 MG/ML / pramoxine hydrochloride 5 MG/ML / zinc acetate 1 MG/ML Otic Solution,,,,,BLANK,HIGH,Chloroxylenol+pramoxine+zinc acetate otic solution - no dedicated WHO combination code; matches the established pramoxine+zinc-acetate precedent.
4,1300191,"0.5 ML Bordetella pertussis filamentous hemagglutinin vaccine, inactivated 0.01 MG/ML / Bordetella pertussis fimbriae 2/3 vaccine, inactivated 0.01 MG/ML / Bordetella pertussis pertactin vaccine, inactivated 0.006 MG/ML / Bordetella pertussis toxoid vaccine, inactivated 0.005 MG/ML / diphtheria toxoid vaccine, inactivated 4 UNT/ML / tetanus toxoid vaccine, inactivated 10 UNT/ML Prefilled Syringe [Adacel]",,,,,BLANK,HIGH,"Bordetella pertussis vaccine (kennel-cough vaccine) - a veterinary biologic, not a small-molecule ATC-classified drug."
4,1303746,levocarnitine 20 MG / ubidecarenone 100 MG Oral Capsule,,,A16AA01,levocarnitine,REPLACE,MED,Levocarnitine+ubidecarenone (CoQ10) - levocarnitine is WHO-classified (amino-acid/metabolic agent); CoQ10 has no ATC code and is treated as a non-competing adjuvant.
4,1357422,brompheniramine maleate 0.4 MG/ML / dextromethorphan hydrobromide 2 MG/ML / phenylpropanolamine hydrochloride 2.5 MG/ML Oral Solution,,,R05DA20,combinations,REPLACE,MED,"Brompheniramine+DXM+phenylpropanolamine (Dimetapp DM-shape) - dextromethorphan combinations bucket used as the class-defining signal (cough+antihistamine+decongestant, no APAP)."
4,1424872,chlophedianol hydrochloride 24 MG / chlorpheniramine maleate 3.5 MG / phenylephrine hydrochloride 10 MG Oral Tablet,,,R05DB,Other cough suppressants,REPLACE,MED,"Chlophedianol+chlorpheniramine+phenylephrine - clofedanol has no combinations-suffix code in WHO; generic ""other cough suppressants"" L4 fallback."
4,1430115,betamethasone 0.001 MG/MG / clotrimazole 0.01 MG/MG / gentamicin 0.003 MG/MG Otic Ointment [Tri-Otic for Canines],,,,,BLANK,HIGH,"Betamethasone+clotrimazole+gentamicin ""Tri-Otic for Canine"" is explicitly a veterinary (dog) otic product."
4,1536931,acetaminophen 250 MG / chlorpheniramine maleate 2 MG / phenylephrine hydrochloride 5 MG Effervescent Oral Tablet,,,N02BE51,"paracetamol, combinations excl. psycholeptics",REPLACE,HIGH,APAP+chlorpheniramine+phenylephrine effervescent - APAP-led combination.
4,1547952,"hyoscyamine sulfate 0.12 MG / methenamine 81.6 MG / methylene blue 10.8 MG / phenyl salicylate 36.2 MG / sodium phosphate, monobasic 40.8 MG Oral Tablet [Urin DS]",,,G04BX,Other urologicals,REPLACE,MED,"Hyoscyamine+methenamine+methylene blue+phenyl salicylate+sodium phosphate (Urised-shape) - ""other urologicals"" L4."
4,1653440,lactic acid 22 MG/ML / salicylic acid 1 MG/ML Topical Solution,,,D11AF,Wart and anti-corn preparations,REPLACE,HIGH,"Lactic acid+salicylic acid (keratolytic wart/callus treatment) - ""wart and anti-corn preparations"" L4."
4,1658672,benzocaine 15 MG / menthol 2.6 MG Oral Lozenge [Angidol],,,R02AD01,benzocaine,REPLACE,MED,Benzocaine+menthol oral lozenge (Angidol) - benzocaine mono is the classifying throat anesthetic.
4,1736656,ethinyl estradiol 0.005 MG / norethindrone acetate 1 MG Oral Tablet [Fyavolv],,,G03AA05,norethisterone and ethinylestradiol,REPLACE,MED,"Ethinyl estradiol+norethindrone acetate (Fyavolv) - closest match: norethisterone and ethinylestradiol (same progestin class, different ester)."
4,1804375,sodium bicarbonate 515 MG / sodium chloride 1685 MG Powder for Nasal Solution,,,R01AX30,combinations,REPLACE,MED,"Sodium bicarbonate+sodium chloride nasal powder (saline rinse) - ""other nasal preparations, combinations"" bucket."
4,1940494,chlorhexidine gluconate 20 MG/ML / miconazole nitrate 20 MG/ML / salicyloyl phytosphingosine 0.5 MG/ML Medicated Shampoo [VetraSeb],,,D08AC52,"chlorhexidine, combinations",REPLACE,HIGH,"Chlorhexidine+miconazole+salicyloyl-phytosphingosine - identical formula to the established D08AC52 (chlorhexidine, combinations) cluster elsewhere in this dataset."
4,2052925,dyclonine hydrochloride 2 MG / menthol 6 MG Oral Lozenge [Sucrets Sore Throat],,,R02AD04,dyclonine,REPLACE,MED,Dyclonine+menthol oral lozenge (Sucrets) - dyclonine mono is the classifying throat anesthetic.
4,2168784,acetaminophen 325 MG / dextromethorphan hydrobromide 10 MG / phenylpropanolamine hydrochloride 12.5 MG Oral Tablet,,,N02BE51,"paracetamol, combinations excl. psycholeptics",REPLACE,HIGH,APAP+DXM+phenylpropanolamine - APAP-led combination.
4,2174513,aspirin 10 MG/ML / brompheniramine maleate 0.04 MG/ML / dextromethorphan hydrobromide 0.2 MG/ML / phenylpropanolamine hydrochloride 0.4 MG/ML Oral Solution,,,N02BA51,"acetylsalicylic acid, combinations excl. psycholeptics",REPLACE,MED,"Aspirin+brompheniramine+DXM+phenylpropanolamine - aspirin-led combinations bucket (aspirin is the salicylate class signal, matching the APAP-led precedent pattern)."
4,2184132,acetaminophen 325 MG / chlorpheniramine maleate 8 MG / phenylephrine hydrochloride 40 MG / phenyltoloxamine citrate 50 MG Extended Release Oral Tablet,,,N02BE51,"paracetamol, combinations excl. psycholeptics",REPLACE,HIGH,APAP+chlorpheniramine+phenylephrine+phenyltoloxamine - APAP-led combination.
4,995446,helium 67 % / oxygen 33 % Gas for Inhalation,,,,,BLANK,HIGH,"Helium+oxygen gas mixture for inhalation - medical-gas-mixture precedent (WHO codes individual gases, not mixtures)."
