rxcui,atcprod_l4s,candidate_l5,coverage
745479,,,MISS
308660,,,MISS
308904,,,MISS
1989869,,,MISS
206406,,,MISS
644290,D04AB,D04AB06,COVERED
798169,N01BA,N01BA05,COVERED
308915,A02AC,A02AC01,COVERED
311215,A07AA,A07AA08,COVERED
753367,,,MISS
308272,,,MISS
310667,,,MISS
311250,,,MISS
199194,,,MISS
1987017,M02AC,,COVERED
642355,A02AD,,COVERED
892160,,,MISS
902644,,,MISS
314266,D11AH,D11AH01,COVERED
308843,,,MISS
313061,D02AX,,COVERED
706946,,,MISS
794246,,,MISS
707268,,,MISS
763581,,,MISS
308322,N02BE,N02BE01,COVERED
373369,C01CA,C01CA06,COVERED
991519,,,MISS
308413,,,MISS
687443,D04AB,D04AB06,COVERED
309351,,,MISS
207057,,,MISS
794244,M02AB,M02AB01,COVERED
207054,,,MISS
800415,B05BA,,COVERED
617430,J01CR,,COVERED
826860,A11EX,,COVERED
761985,,,MISS
890957,,,MISS
310637,,,MISS
198707,D07AA,D07AA02,COVERED
2052704,L04AD,L04AD02,COVERED
404066,,,MISS
707207,,,MISS
309317,G04BC,,COVERED
998521,D01AC,D01AC02,COVERED
891870,,,MISS
795468,,,MISS
895883,,,MISS
992479,,,MISS
311451,,,MISS
311558,,,MISS
206223,,,MISS
206328,,,MISS
992530,D01AE,D01AE15,COVERED
979489,R03AB,R03AB03,COVERED
206754,,,MISS
999805,,,MISS
198556,M02AB,M02AB01,COVERED
806718,,,MISS
1988768,L01ED,L01ED04,COVERED
978583,,,MISS
310054,,,MISS
206975,,,MISS
749159,,,MISS
309280,,,MISS
999986,C09DX,,COVERED
312887,D11AF,,COVERED
999783,B03AE,,COVERED
308640,D04AB,D04AB04,COVERED
702316,N02BA,N02BA01,COVERED
207338,,,MISS
891710,D02AA,,COVERED
831831,,,MISS
1090972,A11JA,,COVERED
312020,C01DA,C01DA02,COVERED
617322,J01CR,,COVERED
199998,P02CF,P02CF01,COVERED
310870,D07BA,,COVERED
208588,,,MISS
831393,D01AC,D01AC02,COVERED
2100015,,,MISS
211880,,,MISS
317564,D07AA,D07AA02,COVERED
213663,,,MISS
834150,D08AC,D08AC02,COVERED
214038,,,MISS
1094891,,,MISS
1111697,,,MISS
1114105,,,MISS
1148595,,,MISS
2120175,D04AB,D04AB01,COVERED
1190744,,,MISS
1232977,,,MISS
847621,V07AB,,COVERED
545144,,,MISS
826653,A11EX,,COVERED
836395,N02AJ,N02AJ13,COVERED
1146022,R01AX,,COVERED
1147533,R01AX,,COVERED
1234338,D07XA,D07XA01,COVERED
857752,,,MISS
1116976,M02AC,,COVERED
1234514,D07XA,D07XA01,COVERED
857841,,,MISS
582819,D04AB,D04AB04,COVERED
859174,,,MISS
577215,D02AA,,COVERED
1012080,,,MISS
1012023,,,MISS
1014197,,,MISS
58930,R06AE,R06AE07,COVERED
615979,L01EX,L01EX02,COVERED
1046929,,,MISS
1053772,,,MISS
244486,,,MISS
244549,,,MISS
260309,,,MISS
260311,,,MISS
1039483,D08AX,D08AX08,COVERED
1047791,G04BX,G04BX12,COVERED
1000558,,,MISS
246504,J01GB,J01GB07,COVERED
1000726,,,MISS
1039625,D01AE|D02AF,D01AE12,COVERED
252430,A12CC,A12CC10,COVERED
282561,D05BA,D05BA02,COVERED
1655041,D08AC,D08AC02,COVERED
1234396,D07XA,D07XA01,COVERED
1012017,,,MISS
1037328,,,MISS
1045344,,,MISS
1234506,D07XA,D07XA01,COVERED
244095,,,MISS
1047761,,,MISS
1046810,,,MISS
1012609,,,MISS
1053368,,,MISS
1010234,D10AF,D10AF06,COVERED
1996082,,,MISS
1011709,N01BB,N01BB02,COVERED
1043488,D08AG,D08AG02,COVERED
207390,,,MISS
208003,,,MISS
313627,,,MISS
830205,,,MISS
1049900,R06AA,R06AA02,COVERED
830538,,,MISS
210847,,,MISS
213972,,,MISS
2178939,,,MISS
351875,N05CM,N05CM05,COVERED
1091941,,,MISS
359450,D02AA,,COVERED
848178,D07AC,D07AC01,COVERED
854181,S01BA,S01BA01,COVERED
403939,,,MISS
847440,,,MISS
211753,,,MISS
2178275,M01AE,M01AE01,COVERED
2043303,A01AB,,COVERED
1094353,,,MISS
1149666,,,MISS
1190319,,,MISS
562844,,,MISS
801923,V07AB,,COVERED
860036,,,MISS
1006687,,,MISS
1013073,,,MISS
239018,,,MISS
2117610,B05XA,B05XA19,COVERED
1110820,N01BA,N01BA05,COVERED
857853,,,MISS
1013659,J01AA,J01AA08,COVERED
1037039,D08AX,D08AX08,COVERED
1723991,D04AB,D04AB01,COVERED
1046972,,,MISS
1053417,,,MISS
1044606,R01AX,,COVERED
1039708,D08AX,D08AX08,COVERED
1046487,D01AE,D01AE12,COVERED
1739211,,,MISS
260269,,,MISS
1099488,,,MISS
577391,D10AF,,COVERED
243463,A02AD,,COVERED
1190450,,,MISS
1191003,,,MISS
245647,D04AB,D04AB04,COVERED
1046557,,,MISS
857111,N02AJ,,COVERED
1190563,S01FA,S01FA01,COVERED
283270,M02AC,,COVERED
1006107,D10AF,D10AF06,COVERED
1115754,,,MISS
1014639,D02AF,,COVERED
310152,D10AF,D10AF02,COVERED
1117116,,,MISS
579247,A07FA,,COVERED
848956,S02AA,S02AA15,COVERED
1665365,D11AC,,COVERED
283411,D02AA,,COVERED
1120017,,,MISS
1101850,N01BX,N01BX03,COVERED
1012231,,,MISS
1085781,,,MISS
1235477,R02AD,R02AD01,COVERED
212381,J04AA,J04AA01,COVERED
543879,G01AC,G01AC30,COVERED
243471,,,MISS
252551,,,MISS
582205,D08AJ,D08AJ08,COVERED
603206,L01EB,L01EB02,COVERED
1190850,,,MISS
2167855,M02AX,,COVERED
1657985,,,MISS
544553,G04BC,,COVERED
577231,D02AB,,COVERED
1797937,,,MISS
1805714,,,MISS
244526,D01AE,D01AE12,COVERED
1865706,,,MISS
1797915,R01AD,R01AD11,COVERED
1876116,,,MISS
1807639,B05XA,B05XA03,COVERED
859383,R05FA,,COVERED
1807638,B05XA,B05XA03,COVERED
1789542,A12AX,,COVERED
1795171,B05BB,,COVERED
1744003,J05AR,J05AR03,COVERED
1812737,D09AA,D09AA11,COVERED
1356495,,,MISS
1362958,,,MISS
1363382,,,MISS
1242998,L01XJ,L01XJ01,COVERED
1293504,N02CA,N02CA02,COVERED
1376059,,,MISS
1293727,D07XA,D07XA01,COVERED
1422064,,,MISS
1356802,R05DA,R05DA04,COVERED
1425448,,,MISS
1356841,R01BA,R01BA03,COVERED
1425446,,,MISS
1437678,,,MISS
1372312,R01BA,R01BA03,COVERED
1549312,,,MISS
1599815,,,MISS
197429,,,MISS
1246068,,,MISS
1539545,R01BA,R01BA03,COVERED
1300074,,,MISS
1356803,M02AC,,COVERED
1247441,D04AB,D04AB04,COVERED
1293905,D04AB,D04AB07,COVERED
1375115,,,MISS
1797059,D02AB,,COVERED
1860100,B03AA,B03AA07,COVERED
1293717,D04AA,D04AA32,COVERED
1439915,,,MISS
1485215,,,MISS
1494214,D02AB,,COVERED
1549403,,,MISS
1358750,,,MISS
1795478,,,MISS
1305810,,,MISS
1309346,D02AA,,COVERED
1551519,,,MISS
1436083,C05AD,C05AD01,COVERED
1241888,,,MISS
1359545,,,MISS
1487376,D11AF,,COVERED
1359675,,,MISS
1870633,J01GB,J01GB03,COVERED
1251337,,,MISS
1307862,D02AA,,COVERED
1651393,,,MISS
1359111,,,MISS
1438107,A02AD,,COVERED
197362,D02AX|D07AC,,COVERED
1362781,,,MISS
1429345,R01BA,R01BA03,COVERED
1427997,,,MISS
1541928,L01EX,L01EX01,COVERED
1425228,L01EC,L01EC02,COVERED
1375981,D02AB,,COVERED
993261,,,MISS
668660,H02AB,H02AB06,COVERED
701305,D10AD,D10AD01,COVERED
876866,,,MISS
308402,,,MISS
644790,A11JA,,COVERED
310866,,,MISS
800057,B05DB,,COVERED
800115,B05DB,,COVERED
308207,J01CA,J01CA01,COVERED
2003792,,,MISS
884772,M09AB,M09AB03,COVERED
896864,,,MISS
198461,N02BA,N02BA01,COVERED
2046528,R06AA,R06AA02,COVERED
991502,,,MISS
309926,,,MISS
204520,A12BA,A12BA01,COVERED
310867,,,MISS
994007,M01AE,M01AE02,COVERED
308907,A02AC,A02AC01,COVERED
669750,D07AB,D07AB08,COVERED
2001745,,,MISS
748856,G03AA,,COVERED
205800,,,MISS
1305757,G03AB|G03AA,,COVERED
308761,A07BB|A02BD,,COVERED
749737,G03AA,,COVERED
998509,D01AC,D01AC02,COVERED
311450,B05BC,B05BC01,COVERED
701184,,,MISS
702019,,,MISS
701371,,,MISS
668901,,,MISS
755839,,,MISS
747260,,,MISS
309274,,,MISS
308791,,,MISS
1089090,R01AX,,COVERED
314106,P01AB|A02BD,P01AB01,COVERED
310208,,,MISS
629699,J01AA,J01AA08,COVERED
861657,C01DA,C01DA02,COVERED
800037,,,MISS
990990,,,MISS
1998481,H02AB,H02AB02,COVERED
998540,G01AF,G01AF04,COVERED
309695,,,MISS
312215,A03AD,A03AD01,COVERED
313002,B05XA,B05XA03,COVERED
695964,,,MISS
311931,,,MISS
996032,B03AE,,COVERED
831872,G03CA|G03AA|G03AB,G03CA01,COVERED
629979,,,MISS
798118,,,MISS
861580,,,MISS
755802,,,MISS
313634,B03AE,,COVERED
309690,,,MISS
312178,,,MISS
2045892,,,MISS
207291,,,MISS
884211,,,MISS
967944,,,MISS
308905,,,MISS
310226,,,MISS
2054159,L01EX,L01EX08,COVERED
1090000,,,MISS
198455,,,MISS
990997,S01EB,S01EB05,COVERED
998400,,,MISS
701990,S01XA,,COVERED
801632,,,MISS
995070,R05DA,R05DA04,COVERED
315186,,,MISS
967558,D02AB,,COVERED
998530,D01AC,D01AC02,COVERED
800976,,,MISS
891812,A11JB,,COVERED
208812,,,MISS
209278,,,MISS
1087912,D08AX,D08AX08,COVERED
210372,,,MISS
207358,J01AA,J01AA08,COVERED
314163,A12BA,A12BA01,COVERED
998679,C02AC,C02AC01,COVERED
2108098,,,MISS
211677,,,MISS
2171132,,,MISS
388525,D05AX,D05AX02,COVERED
213560,,,MISS
1094748,,,MISS
1099581,,,MISS
2106362,A07AA,A07AA13,COVERED
831259,,,MISS
1116104,,,MISS
212265,,,MISS
1094338,R06AA,R06AA02,COVERED
1112248,R01BA,R01BA02,COVERED
406468,,,MISS
859232,,,MISS
859230,,,MISS
404472,A02AD,A02AD03,COVERED
211149,A07BB|A02BD,,COVERED
800925,B05BB,,COVERED
1011996,,,MISS
1190776,A03BA,A03BA01,COVERED
1012266,,,MISS
1037088,,,MISS
486515,B05CB,B05CB01,COVERED
1044284,,,MISS
858366,S01BC,S01BC05,COVERED
1010688,N01BB,N01BB02,COVERED
1006686,,,MISS
1085642,,,MISS
238031,,,MISS
250912,D04AB,D04AB01,COVERED
1049374,D09AA,D09AA11,COVERED
308072,A02AD,A02AD03,COVERED
1190611,A03BA,A03BA01,COVERED
616401,,,MISS
1039026,D08AJ,D08AJ08,COVERED
211316,N01BA,N01BA05,COVERED
1192862,S01KA,,COVERED
312287,,,MISS
1001437,N02BA,,COVERED
208940,,,MISS
351330,D10AF,D10AF01,COVERED
210046,,,MISS
828365,C05AD,C05AD07,COVERED
314259,N01AF,N01AF03,COVERED
830648,D10AD,D10AD03,COVERED
211334,,,MISS
312282,,,MISS
1099577,,,MISS
1999991,,,MISS
205878,,,MISS
313950,,,MISS
315145,,,MISS
831302,,,MISS
351958,,,MISS
827671,D02AX,,COVERED
2118449,J01XA,J01XA01,COVERED
858140,,,MISS
208314,,,MISS
208953,,,MISS
2104345,,,MISS
858664,R02AD,R02AD01,COVERED
1093222,,,MISS
1093085,,,MISS
403914,A03BB,A03BB03,COVERED
808502,D02AA,,COVERED
809819,V03AB,V03AB04,COVERED
1146715,,,MISS
213082,D10AF,D10AF02,COVERED
430249,,,MISS
1093113,R06AA,R06AA02,COVERED
1000858,,,MISS
1039073,,,MISS
1046301,,,MISS
1085758,,,MISS
1233282,D08AJ,D08AJ01,COVERED
1086030,,,MISS
284051,,,MISS
1193345,L01EJ,L01EJ01,COVERED
2176259,,,MISS
238920,D07AC,D07AC01,COVERED
544597,R05CA,R05CA02,COVERED
239204,J01GB,J01GB03,COVERED
1235133,,,MISS
1190694,,,MISS
1667915,C01CA,C01CA02,COVERED
1232711,,,MISS
1733890,N01BB,N01BB02,COVERED
1000686,,,MISS
261380,,,MISS
411877,A12CC,A12CC10,COVERED
577181,A06AC,,COVERED
2123151,,,MISS
543816,N01BA,N01BA05,COVERED
1150969,,,MISS
1233607,A12AX,,COVERED
1232397,,,MISS
541953,,,MISS
1050076,R06AA,R06AA02,COVERED
1012963,,,MISS
1001593,B02BC,B02BC06,COVERED
1046654,S01GA,S01GA01,COVERED
1657749,,,MISS
282836,A11JC,,COVERED
198710,,,MISS
804374,,,MISS
1657660,L01FE,L01FE01,COVERED
402091,L01EB,L01EB01,COVERED
1115012,N02BF,N02BF01,COVERED
1657664,L01FE,L01FE01,COVERED
388052,S01AD,S01AD09,COVERED
211337,,,MISS
213622,,,MISS
403941,,,MISS
801925,V07AB,,COVERED
1099896,M02AC,,COVERED
1012084,,,MISS
242960,,,MISS
808085,B03AB,,COVERED
1235591,J05AJ,J05AJ01,COVERED
1663455,,,MISS
1049111,D08AJ,D08AJ08,COVERED
543460,D02AX,,COVERED
211804,,,MISS
312481,C02LE,,COVERED
858320,D02AA,,COVERED
1045424,D08AJ|D02AC,D08AJ08,COVERED
1789470,,,MISS
1046700,S01GA,S01GA01,COVERED
1795473,,,MISS
1053258,R01BA,R01BA03,COVERED
1657658,L01FE,L01FE01,COVERED
1235150,C09DA,,COVERED
544550,G04BC,,COVERED
251400,D11AF,,COVERED
248332,D07AC|D02AX,,COVERED
1790684,D07AA,D07AA02,COVERED
1809845,,,MISS
1663733,D02AB,,COVERED
1236459,,,MISS
1245466,,,MISS
1251345,,,MISS
1807548,B05XA,B05XA03,COVERED
1797917,R01AD,R01AD01,COVERED
1870650,J01GB,J01GB03,COVERED
1923481,R02AD,R02AD01,COVERED
1293320,,,MISS
1314479,,,MISS
1301694,,,MISS
1251416,D08AX,D08AX08,COVERED
1425114,,,MISS
1294034,D04AB,D04AB07,COVERED
1483624,,,MISS
1303159,N02BE,N02BE01,COVERED
1484770,,,MISS
1358853,N02BE,N02BE01,COVERED
1435490,R02AD,R02AD01,COVERED
1551493,,,MISS
1600611,,,MISS
1430383,G03AC,G03AC01,COVERED
1426687,R02AA,R02AA06,COVERED
1493162,D08AJ,D08AJ01,COVERED
1536993,R01BA,R01BA03,COVERED
1235731,,,MISS
1244573,,,MISS
1291375,A01AB,,COVERED
1250559,,,MISS
1360011,,,MISS
1314474,,,MISS
1797921,R01AD,R01AD01,COVERED
1366630,,,MISS
1372304,,,MISS
1795147,B05BB,,COVERED
1250282,A02AD,A02AD03,COVERED
1423838,,,MISS
1357416,,,MISS
1488624,A02AH,,COVERED
1549559,R06AA,R06AA02,COVERED
1595448,D04AB,D04AB01,COVERED
1369972,R05DB,R05DB10,COVERED
1305892,B02BC,B02BC06,COVERED
1807508,J01XA,J01XA01,COVERED
1546589,D02AB,,COVERED
1249602,,,MISS
1426278,,,MISS
1483340,,,MISS
1547771,S01HA,S01HA03,COVERED
1737582,J01FF,J01FF01,COVERED
1492682,,,MISS
1422080,D04AB,D04AB01,COVERED
1597119,,,MISS
1809029,A11JA,,COVERED
1248156,,,MISS
1294364,,,MISS
1941643,D11AF,,COVERED
1483143,,,MISS
1539953,G03AC,G03AC01,COVERED
1486572,,,MISS
1492678,,,MISS
1548724,S01BA,S01BA04,COVERED
1651332,,,MISS
647681,,,MISS
1604350,L01EX,L01EX08,COVERED
1539955,G03AC,G03AC01,COVERED
1536675,N02BA,N02BA01,COVERED
705836,,,MISS
1236277,S01XA,,COVERED
749880,,,MISS
686385,,,MISS
762816,,,MISS
763632,,,MISS
1601394,L01EF,L01EF01,COVERED
794012,,,MISS
1311662,D02AX,,COVERED
992679,,,MISS
1087335,,,MISS
797951,D01AE|D02AF,D01AE12,COVERED
1304988,G03AA,,COVERED
206324,,,MISS
899660,C01DA,C01DA02,COVERED
310132,C01CA,C01CA24,COVERED
198477,N02BA,N02BA01,COVERED
309916,D02AA,,COVERED
1241471,S01XA,,COVERED
312281,,,MISS
750187,,,MISS
998541,G01AF,G01AF04,COVERED
2045382,R03BA,R03BA09,COVERED
308282,,,MISS
308305,,,MISS
792582,B05XA,B05XA02,COVERED
206403,,,MISS
900528,N02BA,N02BA01,COVERED
312988,R01AX,,COVERED
991037,,,MISS
901833,,,MISS
312564,D08AG,D08AG02,COVERED
966566,,,MISS
2047428,N02BE,N02BE01,COVERED
315002,,,MISS
692774,,,MISS
792049,,,MISS
860943,,,MISS
312517,A12BA,A12BA01,COVERED
801648,B05BA,,COVERED
792051,M02AB,M02AB01,COVERED
205834,,,MISS
882506,R06AA,R06AA02,COVERED
314146,G03AA,,COVERED
309714,S01XA,,COVERED
806717,,,MISS
990999,S01EB,S01EB05,COVERED
310322,B03AA,B03AA07,COVERED
861689,J01CR,,COVERED
692658,,,MISS
745505,,,MISS
809533,A12AX,,COVERED
308304,,,MISS
312526,,,MISS
311888,S01CA,,COVERED
706868,S01AA,S01AA26,COVERED
309680,S01CA,,COVERED
2047875,,,MISS
312104,A03DB,,COVERED
359932,,,MISS
1086723,R01BA,R01BA03,COVERED
643496,A02AF,,COVERED
877513,L01XH,L01XH02,COVERED
701627,A11CB,,COVERED
762007,G03AA|G03AB,,COVERED
830530,,,MISS
996209,S01GA,S01GA02,COVERED
618654,,,MISS
723520,,,MISS
198604,D02AA,,COVERED
860945,,,MISS
312542,,,MISS
995195,,,MISS
997523,,,MISS
864650,S01AD,S01AD09,COVERED
998183,,,MISS
312013,C01DA,C01DA02,COVERED
318272,B01AC,B01AC06,COVERED
206347,D07AA,D07AA02,COVERED
763472,G04BE,G04BE01,COVERED
359939,,,MISS
750268,G03AA,,COVERED
800644,B05BB,,COVERED
308368,,,MISS
202020,,,MISS
314929,,,MISS
2048956,,,MISS
800400,,,MISS
207934,,,MISS
208593,,,MISS
312880,D11AF,,COVERED
208683,,,MISS
903309,H03AA,H03AA02,COVERED
211100,,,MISS
807277,J07AM,J07AM01,COVERED
348689,B03AE,,COVERED
2122900,,,MISS
1094059,,,MISS
210961,A12CC,A12CC10,COVERED
208423,S01KA,,COVERED
849612,B03AE,,COVERED
2118835,H02AB,H02AB02,COVERED
1094831,,,MISS
1094724,D08AX,D08AX08,COVERED
1099634,R05CA,R05CA03,COVERED
1099668,R01BA,R01BA02,COVERED
1189850,,,MISS
378788,G03FA,,COVERED
2003255,J05AR,J05AR12,COVERED
1232718,,,MISS
1100894,A12AX,,COVERED
1190538,A03BA,A03BA01,COVERED
858847,,,MISS
1232651,C01CA,C01CA06,COVERED
860435,,,MISS
1234333,D07XA,D07XA01,COVERED
1116547,V07AX,,COVERED
582753,D08AX,D08AX08,COVERED
1038830,,,MISS
1012177,,,MISS
1039250,,,MISS
1039353,,,MISS
1042852,,,MISS
1085658,,,MISS
1115800,A11JB,,COVERED
1085994,,,MISS
241713,,,MISS
1011752,C09XA,C09XA02,COVERED
1043399,M02AB,M02AB01,COVERED
1665002,,,MISS
1115886,,,MISS
1045420,D08AJ|D02AB,D08AJ08,COVERED
1658222,,,MISS
1116154,,,MISS
1150122,,,MISS
1190560,,,MISS
1232716,,,MISS
404554,,,MISS
2184132,,,MISS
1189640,B05BA,,COVERED
260285,,,MISS
245660,D02AB,,COVERED
204912,,,MISS
996697,,,MISS
1116183,B03AE,,COVERED
210751,,,MISS
2002590,D01AE,D01AE12,COVERED
244098,B05BB,,COVERED
1090525,,,MISS
2118829,H02AB,H02AB02,COVERED
800915,A06AD,A06AD13,COVERED
2174801,D04AA,D04AA32,COVERED
349115,,,MISS
830536,,,MISS
828381,C10AB,C10AB05,COVERED
244382,D10AA,,COVERED
1116294,C01CA,C01CA26,COVERED
211372,,,MISS
1112785,,,MISS
1149660,,,MISS
1099269,G03AA,,COVERED
848176,D07AC,D07AC01,COVERED
857830,,,MISS
1039446,,,MISS
210000,A02AF,,COVERED
607038,N02BF,N02BF02,COVERED
1099923,M02AC,,COVERED
1047797,,,MISS
1010739,N01BB,N01BB02,COVERED
1010749,N01BB,N01BB02,COVERED
105395,,,MISS
243461,,,MISS
1150291,A11JA,,COVERED
211680,,,MISS
1012570,,,MISS
1653440,,,MISS
1658707,,,MISS
1011749,,,MISS
1009375,,,MISS
577068,A12AX,,COVERED
1049280,D08AJ,D08AJ01,COVERED
251156,B03AA,B03AA07,COVERED
1088447,C01EX,,COVERED
1729545,,,MISS
858838,N02AJ,N02AJ23,COVERED
1046713,,,MISS
1665362,B01AC,B01AC06,COVERED
261314,P02CF,P02CF01,COVERED
603203,L01EB,L01EB02,COVERED
607018,N02BF,N02BF02,COVERED
1092209,,,MISS
346911,,,MISS
1087919,,,MISS
210754,,,MISS
240707,G03AA,G03AA09,COVERED
579443,,,MISS
1000143,,,MISS
1001751,A12AX,,COVERED
859063,M01AB,M01AB05,COVERED
1668032,,,MISS
1100907,N02BE,N02BE01,COVERED
543873,G01AC,G01AC30,COVERED
1744840,,,MISS
1085996,H02AB,H02AB08,COVERED
1795251,,,MISS
2184088,R01BA,R01BA02,COVERED
1870685,,,MISS
1744005,J05AR,J05AR03,COVERED
1918453,,,MISS
1868473,B05XA,B05XA02,COVERED
1868469,B05XA,B05XA02,COVERED
1245403,,,MISS
1869047,B03AA|G03AA,B03AA02,COVERED
1250949,,,MISS
1251022,,,MISS
1292364,,,MISS
1242397,R01BA,R01BA02,COVERED
1293853,,,MISS
1301959,,,MISS
1314654,,,MISS
1372918,,,MISS
1370754,,,MISS
1302656,J01AA,J01AA08,COVERED
1536447,,,MISS
1538280,,,MISS
1363363,P02CF,P02CF01,COVERED
1437306,R06AA,R06AA02,COVERED
1424307,R01BA,R01BA02,COVERED
1606488,,,MISS
1670322,L01BC,,COVERED
1551286,R05DB,R05DB10,COVERED
1745455,,,MISS
1789738,,,MISS
1648999,D07AB,D07AB09,COVERED
1874173,,,MISS
1789740,R06AA,R06AA02,COVERED
1250554,,,MISS
1792393,L01EX,L01EX08,COVERED
1359123,G03FA,,COVERED
1869595,H02AB,H02AB02,COVERED
1294338,,,MISS
1297833,,,MISS
1094015,J01RA,,COVERED
1244193,D01AE,D01AE12,COVERED
1312496,,,MISS
1362026,,,MISS
1369777,,,MISS
1926571,D11AC,,COVERED
1488218,,,MISS
1542825,,,MISS
1305100,D08AX,D08AX08,COVERED
1547121,,,MISS
1361402,N02BE,N02BE01,COVERED
1734777,,,MISS
1737724,,,MISS
1482679,D01AE,D01AE04,COVERED
1741263,B03AC,,COVERED
1243998,,,MISS
1251782,,,MISS
1729173,C05AD,C05AD01,COVERED
1297524,,,MISS
1302617,,,MISS
1372464,M02AC,,COVERED
1356524,,,MISS
1310481,,,MISS
1858383,R01BA,R01BA03,COVERED
1366788,,,MISS
197592,,,MISS
1735004,,,MISS
1801689,,,MISS
1869344,S01KA,,COVERED
1592290,D04AB,D04AB01,COVERED
1251594,,,MISS
1791409,B05BC,B05BC01,COVERED
197576,H02AB,H02AB02,COVERED
1249026,,,MISS
1358777,,,MISS
1251212,D08AC,D08AC02,COVERED
1494979,C01EB,C01EB09,COVERED
1362822,,,MISS
1437300,,,MISS
1593876,R01AX,,COVERED
1544281,,,MISS
657561,,,MISS
685578,,,MISS
1312997,D11AF,,COVERED
1537019,N02BA,N02BA01,COVERED
749855,,,MISS
705133,C01DA,C01DA02,COVERED
1440021,D02AA,,COVERED
749874,,,MISS
618028,J01CR,,COVERED
702503,D07AA,D07AA02,COVERED
729768,D01AC,D01AC08,COVERED
617339,J01CR,,COVERED
880890,,,MISS
899257,,,MISS
707381,R01AX,,COVERED
797654,,,MISS
308799,,,MISS
312218,,,MISS
312601,,,MISS
206549,,,MISS
748866,,,MISS
308493,S01AA,S01AA32,COVERED
861663,,,MISS
724863,N06BA,N06BA13,COVERED
800341,B05BA,,COVERED
800345,B05BA,,COVERED
1995011,,,MISS
206369,,,MISS
630062,,,MISS
800062,B05DB,,COVERED
198471,N02BA,N02BA01,COVERED
707359,R01AX,,COVERED
629994,,,MISS
761998,,,MISS
731573,,,MISS
891136,,,MISS
968989,,,MISS
308897,,,MISS
702615,N02BE,N02BE01,COVERED
309536,,,MISS
891820,A11JB,,COVERED
796544,A11JA,,COVERED
1087663,V06DD,,COVERED
686497,A01AD,,COVERED
343040,H02AB,H02AB02,COVERED
1088970,R05FA,,COVERED
311998,V03AN,V03AN04,COVERED
309390,D05AA,,COVERED
2001358,N02AJ,,COVERED
702296,,,MISS
891134,,,MISS
206213,,,MISS
347745,,,MISS
308403,N02BA,N02BA01,COVERED
310473,J01GB,J01GB03,COVERED
308657,N01BA,N01BA05,COVERED
309291,D01AE,D01AE14,COVERED
993067,,,MISS
312221,,,MISS
789980,J01CA,J01CA01,COVERED
809206,D04AB,D04AB04,COVERED
204135,D07AB,D07AB08,COVERED
729908,,,MISS
883807,,,MISS
979491,,,MISS
205256,,,MISS
828618,G04BC,,COVERED
317059,,,MISS
346558,,,MISS
637462,D02AA,,COVERED
205530,D07AB,D07AB08,COVERED
801653,,,MISS
310545,,,MISS
800237,B05BA,,COVERED
2054120,D11AA,D11AA01,COVERED
999803,,,MISS
211137,,,MISS
211746,,,MISS
832864,D10AF,D10AF06,COVERED
213664,,,MISS
1098478,,,MISS
377519,D11AC,,COVERED
2109088,R03AA,R03AA01,COVERED
806861,,,MISS
828296,,,MISS
312483,C02LE,,COVERED
2121735,H02AB,H02AB02,COVERED
541705,,,MISS
857758,,,MISS
995864,A11JC|A11JB,,COVERED
2118734,N02AJ,,COVERED
1006409,,,MISS
1012245,,,MISS
2117770,G03AB|G03AA|G03CA,G03AB03|G03AA08|G03CA01,COVERED
1046840,,,MISS
1149663,S01AX,S01AX18,COVERED
1049256,,,MISS
1010671,N01BB,N01BB02,COVERED
244413,,,MISS
1048307,G04BX,G04BX12,COVERED
1660175,,,MISS
1085644,D07AB,D07AB09,COVERED
1046611,R01AA,R01AA08,COVERED
1092398,N02BA,N02BA01,COVERED
1020062,,,MISS
1037241,,,MISS
261119,D06BX,D06BX01,COVERED
1234519,D07XA,D07XA01,COVERED
1192923,A06AG,,COVERED
249415,V06DD,,COVERED
1053740,,,MISS
1085992,,,MISS
1001689,A06AD,A06AD13,COVERED
1047786,G04BX,G04BX12,COVERED
1086316,,,MISS
1049285,D08AJ,D08AJ01,COVERED
1667878,,,MISS
1085738,D07AB,D07AB09,COVERED
1037070,,,MISS
1658271,,,MISS
260393,,,MISS
1660750,,,MISS
283373,,,MISS
1190166,,,MISS
106222,D04AB,D04AB01,COVERED
1145110,A11JC,,COVERED
245489,A11CA,A11CA02,COVERED
2056893,R05DA,R05DA04,COVERED
834177,,,MISS
853134,M02AB,M02AB01,COVERED
208649,,,MISS
208589,,,MISS
206535,B05BC,B05BC01,COVERED
313138,J01EB,J01EB06,COVERED
210110,,,MISS
2168528,,,MISS
1114604,,,MISS
2099286,R05DA,R05DA04,COVERED
2184153,,,MISS
1115831,,,MISS
1087180,,,MISS
211189,N02BE,N02BE01,COVERED
996759,,,MISS
1148952,,,MISS
377500,D05AA,,COVERED
1235496,,,MISS
485166,,,MISS
859216,,,MISS
2108020,S01BA,S01BA01,COVERED
801034,B05BA,,COVERED
1039556,,,MISS
259047,,,MISS
577237,D06BX,D06BX01,COVERED
858772,N02AJ,N02AJ23,COVERED
284328,,,MISS
1658672,,,MISS
1010895,D04AB,D04AB01,COVERED
248411,D01AE,D01AE12,COVERED
1667872,,,MISS
1664645,,,MISS
1099575,,,MISS
1000128,L02AB,L02AB02,COVERED
858836,,,MISS
1000642,,,MISS
1045481,,,MISS
847741,J05AR,J05AR10,COVERED
1053247,,,MISS
1665214,,,MISS
248249,,,MISS
425101,,,MISS
1665459,M01AB,M01AB15,COVERED
1000672,,,MISS
1737850,V03AB,V03AB17,COVERED
1039391,,,MISS
1234552,D04AB,D04AB07,COVERED
1657122,,,MISS
213556,,,MISS
2180420,,,MISS
1046963,,,MISS
800687,,,MISS
617304,J01CR,,COVERED
1000673,S01AB,S01AB04,COVERED
801145,,,MISS
1101940,,,MISS
1658265,B05XA,B05XA05,COVERED
308085,A02AD,,COVERED
1190750,,,MISS
208947,,,MISS
259581,S01XA,,COVERED
857403,,,MISS
211726,,,MISS
313248,S01AA,S01AA09,COVERED
858797,,,MISS
1038908,,,MISS
858374,J01AA,J01AA08,COVERED
544754,,,MISS
1741930,,,MISS
212462,A02AC,A02AC01,COVERED
2047247,L04AF,L04AF02,COVERED
242816,J01GB,J01GB03,COVERED
1791230,,,MISS
261280,N02BF,N02BF01,COVERED
1293042,,,MISS
486109,D11AA,,COVERED
1804178,D08AX,D08AX08,COVERED
1737744,C01BB,C01BB01,COVERED
1876395,D08AJ,D08AJ08,COVERED
1294382,,,MISS
1298255,,,MISS
1294557,,,MISS
1299879,,,MISS
212094,D04AX,,COVERED
1293311,A03BA,A03BA01,COVERED
1310589,,,MISS
1359029,,,MISS
1367691,,,MISS
1358843,R01BA,R01BA03,COVERED
1436374,,,MISS
1430054,D01AE,D01AE04,COVERED
1439953,,,MISS
1244199,D03AX,,COVERED
1302680,A11CB,,COVERED
198153,M04AC,M04AC01,COVERED
1362704,R02AA,R02AA06,COVERED
1482662,,,MISS
1483223,,,MISS
1545688,,,MISS
1549304,,,MISS
1540356,D07AA,D07AA02,COVERED
197406,,,MISS
1441563,D11AC,,COVERED
1249096,,,MISS
1293739,B05BB,,COVERED
1790167,L01EX,L01EX07,COVERED
1250751,,,MISS
1293858,,,MISS
1294262,,,MISS
1313987,,,MISS
1540235,S01FB,S01FB01,COVERED
1371361,,,MISS
1293344,R01BA,R01BA02,COVERED
1746915,J06BC,J06BC04,COVERED
1538294,,,MISS
1442122,M01AB,M01AB05,COVERED
1294589,D04AA,D04AA32,COVERED
1300382,J07AJ,,COVERED
1543069,D04AB,D04AB01,COVERED
1540507,R01BA,R01BA03,COVERED
1547767,R02AA,R02AA06,COVERED
1358640,,,MISS
1374389,,,MISS
1356815,R01BA,R01BA03,COVERED
1293491,R01BA,R01BA03,COVERED
1243415,A12AX,,COVERED
1421893,D04AB,D04AB01,COVERED
1359345,D06AX,D06AX05,COVERED
1435159,D01AE,D01AE04,COVERED
1235262,S01XA,,COVERED
1813112,G03AA,,COVERED
1488047,D10AD,D10AD01,COVERED
1483141,D02AA,,COVERED
1493276,J05AB,J05AB01,COVERED
1433802,N02AJ,,COVERED
1549401,D04AB,D04AB01,COVERED
1494825,D10AF,D10AF06,COVERED
1292923,D08AB,,COVERED
1855744,,,MISS
1876498,,,MISS
1244523,,,MISS
1294381,,,MISS
1596005,A01AA,A01AA01,COVERED
1305770,,,MISS
1361021,C04AB,C04AB01,COVERED
1542942,,,MISS
1248011,,,MISS
1494827,D10AF,D10AF06,COVERED
1305337,D02AB,,COVERED
1795950,A02AH,,COVERED
1599495,,,MISS
1421552,D02AB,,COVERED
1442980,D02AA,,COVERED
1604336,G01AF,G01AF01,COVERED
1245976,S01KA,,COVERED
1593881,R01AX,,COVERED
1250471,,,MISS
631715,,,MISS
629417,,,MISS
1302833,A08AA,A08AA01,COVERED
672582,,,MISS
745302,,,MISS
892118,,,MISS
1487371,D11AF,,COVERED
204589,,,MISS
1603845,J01DD,J01DD02,COVERED
204709,,,MISS
759494,R01BA,R01BA03,COVERED
205234,,,MISS
199870,M02AB,M02AB01,COVERED
867510,,,MISS
312016,C01DA,C01DA02,COVERED
310869,D07AA,D07AA02,COVERED
900138,S01XA,,COVERED
901190,,,MISS
1988751,D01AE,D01AE12,COVERED
647869,,,MISS
672248,,,MISS
1550964,G03FA,,COVERED
351179,R01AX,,COVERED
744636,C09DB,,COVERED
895526,,,MISS
309345,,,MISS
707922,,,MISS
998426,D07CA,,COVERED
348025,A11EB,,COVERED
891522,A11EB,,COVERED
891438,,,MISS
896876,,,MISS
748325,B02BD,B02BD30,COVERED
861960,N06BA,N06BA13,COVERED
94188,,,MISS
308899,,,MISS
310684,,,MISS
687064,J05AR,J05AR05,COVERED
794229,B01AC,B01AC06,COVERED
995125,R05DA,R05DA04,COVERED
309692,S01BA,S01BA01,COVERED
206373,,,MISS
876425,,,MISS
861083,B03AE,,COVERED
198303,H02AB,H02AB08,COVERED
205683,,,MISS
898694,A12AX,,COVERED
994430,N02BA,N02BA01,COVERED
2049533,D04AB,D04AB01,COVERED
880657,,,MISS
900420,,,MISS
1088800,A12AX,,COVERED
1090777,,,MISS
308913,,,MISS
198314,,,MISS
198304,,,MISS
993066,,,MISS
861956,,,MISS
204499,G03CB,G03CB02,COVERED
205717,H02AB,H02AB02,COVERED
998254,R01BA,R01BA02,COVERED
979381,,,MISS
993781,N02AJ,N02AJ06,COVERED
309149,,,MISS
899688,C01DA,C01DA02,COVERED
198745,,,MISS
205747,,,MISS
308724,L01XF,L01XF03,COVERED
308411,N02BA,N02BA01,COVERED
808900,A11JA,,COVERED
205162,D01AE,D01AE12,COVERED
805013,,,MISS
834784,,,MISS
831391,D01AC,D01AC02,COVERED
866486,A02AC,A02AC01,COVERED
351068,G03CB,G03CB01,COVERED
802720,,,MISS
806413,,,MISS
211598,,,MISS
904462,M05BB,,COVERED
210823,,,MISS
211202,,,MISS
211201,,,MISS
199055,P01AB,P01AB01,COVERED
2119808,,,MISS
312888,D11AF,,COVERED
2171258,,,MISS
2180419,,,MISS
211591,D07AA,D07AA02,COVERED
1092459,,,MISS
211832,B01AC,B01AC06,COVERED
857004,N02AJ,,COVERED
1094216,,,MISS
213502,L01XF,L01XF02,COVERED
1095372,,,MISS
1150496,,,MISS
1233720,,,MISS
1234580,,,MISS
210111,A02AC,A02AC01,COVERED
215850,A12AA,A12AA04,COVERED
404537,,,MISS
1233694,D04AB,D04AB07,COVERED
616910,,,MISS
1234539,D04AB,D04AB07,COVERED
859031,,,MISS
1012690,,,MISS
1001085,,,MISS
1037379,,,MISS
1190122,S01KA,,COVERED
1234240,G04BE,G04BE01,COVERED
580294,D01AC,D01AC14,COVERED
1047793,,,MISS
1085771,,,MISS
244487,,,MISS
1658695,,,MISS
856825,N06CA,,COVERED
213630,,,MISS
1038559,D09AA,D09AA11,COVERED
1053327,N02BA,N02BA01,COVERED
1039030,,,MISS
252006,M02AB,M02AB01,COVERED
1040050,,,MISS
1046314,,,MISS
1049634,,,MISS
1020364,D08AX,D08AX08,COVERED
1086006,,,MISS
244535,,,MISS
1661432,,,MISS
205820,,,MISS
1041882,D08AX,D08AX08,COVERED
206839,,,MISS
577232,D02AB,,COVERED
243797,A11CA,A11CA02,COVERED
804567,,,MISS
205843,J01CR,J01CR04,COVERED
214080,,,MISS
846127,D08AC,D08AC02,COVERED
209970,N01BA,N01BA03,COVERED
996512,R05FA,,COVERED
312219,,,MISS
1099446,R01BA,R01BA02,COVERED
836368,R03BB,R03BB01,COVERED
205788,,,MISS
210248,A12CD,A12CD01,COVERED
207058,,,MISS
996623,,,MISS
995040,,,MISS
314012,,,MISS
825321,D06BB,D06BB03,COVERED
849668,,,MISS
210347,D04AX,,COVERED
211254,,,MISS
1993067,D08AX,D08AX01,COVERED
832907,,,MISS
997415,R01BA,R01BA02,COVERED
1146712,,,MISS
1233540,,,MISS
858346,M01AB,M01AB05,COVERED
404507,A02AF,,COVERED
1000118,,,MISS
1048044,,,MISS
1050336,,,MISS
1234546,D04AB,D04AB07,COVERED
247973,,,MISS
1665227,,,MISS
1049179,R01BA,R01BA02,COVERED
1049371,D08AJ,D08AJ01,COVERED
1049633,R06AA,R06AA02,COVERED
1723988,,,MISS
1111341,,,MISS
261281,N02BF,N02BF01,COVERED
858875,,,MISS
1046838,,,MISS
1193046,A11JC,,COVERED
1053701,,,MISS
1664664,,,MISS
1090076,R06AA,R06AA02,COVERED
432638,,,MISS
1037065,,,MISS
2117609,,,MISS
580001,S01XA,,COVERED
2182351,,,MISS
1723996,D04AB,D04AB01,COVERED
1733865,D04AB,D04AB06,COVERED
416212,D11AF,,COVERED
1046644,S01GA,S01GA01,COVERED
237506,,,MISS
1657013,L01FX,L01FX04,COVERED
1149381,,,MISS
1657362,J06BD,J06BD01,COVERED
211754,,,MISS
1149667,G03AB|G03AA|G03CA,G03AB03|G03AA08|G03CA01,COVERED
1049095,D08AJ,D08AJ08,COVERED
545122,,,MISS
207273,C01DA,C01DA02,COVERED
857123,,,MISS
858777,,,MISS
1012228,G01AE,,COVERED
1006114,,,MISS
1039397,,,MISS
242049,,,MISS
1660761,,,MISS
1113058,,,MISS
374474,D02AB,,COVERED
1052770,,,MISS
1802555,,,MISS
562106,S01KA,,COVERED
1865199,,,MISS
1799434,C01DA,C01DA02,COVERED
1807552,B05XA,B05XA03,COVERED
248279,D02AB,,COVERED
1875237,D04AB,D04AB01,COVERED
197305,S02AA,S02AA10,COVERED
1242401,R01BA,R01BA02,COVERED
1250478,,,MISS
1294574,,,MISS
1245389,A12CC,A12CC01,COVERED
1811763,G03AC,G03AC01,COVERED
1299682,,,MISS
1293482,,,MISS
1310485,,,MISS
1374385,,,MISS
1439968,,,MISS
1246586,D04AB|C05AA,D04AB07|C05AA01,COVERED
1442848,,,MISS
1484895,,,MISS
1246604,D03AX,,COVERED
1485075,,,MISS
1489374,,,MISS
1537336,,,MISS
1537194,,,MISS
1544558,,,MISS
1552573,,,MISS
1599785,,,MISS
1291383,,,MISS
1359127,G03FA,,COVERED
1370750,,,MISS
1426861,,,MISS
197703,J02AX,J02AX01,COVERED
1250734,,,MISS
1367429,,,MISS
1374392,,,MISS
1429379,,,MISS
198098,,,MISS
860745,A04AD,,COVERED
1811916,B01AC,B01AC06,COVERED
1940239,,,MISS
1309063,,,MISS
1422172,D04AB,D04AB01,COVERED
1363826,,,MISS
197735,D06AX,D06AX07,COVERED
1534788,,,MISS
1860239,A12BA,A12BA01,COVERED
1812434,D05BA,D05BA02,COVERED
1248448,,,MISS
1362948,,,MISS
1801295,A12BA,A12BA01,COVERED
1364100,,,MISS
1545172,,,MISS
1543172,D11AF,,COVERED
1599816,,,MISS
744790,,,MISS
1247576,S01JA,S01JA01,COVERED
1298953,L01FD,L01FD02,COVERED
644287,D04AB,D04AB06,COVERED
645651,,,MISS
753273,,,MISS
1602161,D02AA,,COVERED
1432514,D02AB,,COVERED
1485220,D02AA,,COVERED
1648122,D02AB,,COVERED
727995,B05XA,B05XA02,COVERED
702022,,,MISS
1440191,D02AA,,COVERED
310474,,,MISS
900500,,,MISS
1923410,A07FA,,COVERED
308857,,,MISS
311953,,,MISS
801636,,,MISS
198302,,,MISS
686538,,,MISS
309350,,,MISS
204627,,,MISS
206526,,,MISS
312139,D01AC,D01AC11,COVERED
802049,,,MISS
806384,,,MISS
308494,,,MISS
896870,,,MISS
618285,,,MISS
702662,,,MISS
636830,,,MISS
2050430,,,MISS
312882,D01AE,D01AE12,COVERED
2056670,N02CD,N02CD01,COVERED
636559,P01AB,P01AB01,COVERED
1087238,B03AE,,COVERED
758487,,,MISS
692836,N02BE,N02BE01,COVERED
315048,,,MISS
763484,D04AB,D04AB04,COVERED
830638,,,MISS
701984,S01XA,,COVERED
310230,G03AB|G03AA,G03AB03|G03AA08,COVERED
979415,R03AB,R03AB03,COVERED
884196,,,MISS
884198,C02LC,,COVERED
309785,,,MISS
310325,B03AA,B03AA07,COVERED
91348,D08AX,D08AX01,COVERED
903316,H03AA,H03AA02,COVERED
808357,N01BA,N01BA05,COVERED
668664,,,MISS
310466,S01AA,S01AA11,COVERED
313786,S02CA,,COVERED
1088926,C01EX,,COVERED
656780,,,MISS
809555,A12AX,,COVERED
668606,L01XH,L01XH01,COVERED
309767,,,MISS
312260,,,MISS
727820,B05XA,B05XA03,COVERED
199239,A09AB,,COVERED
797023,H02AB,H02AB02,COVERED
312879,,,MISS
340276,,,MISS
199159,L01XF,L01XF01,COVERED
831834,,,MISS
308323,,,MISS
309336,J01FF,J01FF01,COVERED
754766,,,MISS
749759,,,MISS
706461,J01FF,J01FF01,COVERED
377010,A16AX,,COVERED
750254,,,MISS
1088885,,,MISS
2049593,C08CA,C08CA01,COVERED
750244,G03AA,,COVERED
206514,,,MISS
748974,,,MISS
672149,L01EH,L01EH01,COVERED
746083,S01XA,,COVERED
359937,,,MISS
800294,,,MISS
798115,D10AF,D10AF02,COVERED
199012,A01AB,A01AB02,COVERED
313144,S01AB,S01AB02,COVERED
806674,,,MISS
853460,,,MISS
349351,D07AB,D07AB08,COVERED
800862,,,MISS
2045196,G03AA,,COVERED
208559,,,MISS
857586,,,MISS
1091828,,,MISS
1099159,,,MISS
1099400,,,MISS
1113693,,,MISS
1116365,,,MISS
403855,C09DA,,COVERED
213088,J05AR,J05AR01,COVERED
476825,,,MISS
212033,N02BA|C10BX,N02BA01,COVERED
606947,N02BE,N02BE01,COVERED
2109530,R01AX,,COVERED
858798,N02AJ,N02AJ23,COVERED
476549,A02AD,,COVERED
1112810,A02AD,,COVERED
859234,,,MISS
477031,D02AF,,COVERED
615107,B05BB,,COVERED
1006791,,,MISS
1013089,,,MISS
1012015,,,MISS
1012583,,,MISS
1000131,L02AB,L02AB02,COVERED
1049918,,,MISS
213568,,,MISS
858967,R05FA,,COVERED
1038834,D08AJ,D08AJ01,COVERED
1189036,,,MISS
1119573,A11AA,,COVERED
243670,B01AC|C10BX,B01AC06,COVERED
858866,,,MISS
1020407,,,MISS
1038824,,,MISS
1044412,D02AB,,COVERED
1046562,,,MISS
1046918,,,MISS
252591,,,MISS
1086613,S01XA,,COVERED
259287,A11CB,,COVERED
260384,,,MISS
282746,,,MISS
857824,,,MISS
1098584,D11AF,,COVERED
1012000,,,MISS
1113536,,,MISS
1052647,R01BA,R01BA03,COVERED
210838,,,MISS
1092678,,,MISS
283077,H02AB,H02AB06,COVERED
1116369,,,MISS
1038741,D09AA,D09AA11,COVERED
207216,,,MISS
851210,,,MISS
829757,B05XA,B05XA05,COVERED
857430,R06AA,R06AA04,COVERED
313806,,,MISS
1092447,R06AA,R06AA02,COVERED
208451,,,MISS
210050,,,MISS
213275,,,MISS
1190834,,,MISS
1232719,,,MISS
858774,,,MISS
605118,,,MISS
1043479,,,MISS
105330,,,MISS
1047759,,,MISS
1000487,G03FA|G03CA,G03CA57,COVERED
1010035,N01BB,N01BB02,COVERED
1041780,D08AX,D08AX08,COVERED
1037204,D08AG,D08AG02,COVERED
1091403,D11AC,,COVERED
1086475,,,MISS
106258,D07AA,D07AA02,COVERED
260407,,,MISS
404592,,,MISS
1729511,D07AA,D07AA02,COVERED
1000715,,,MISS
856467,G03AA|G03AB,,COVERED
1000935,,,MISS
608934,G01AF,G01AF01,COVERED
249469,A01AD,A01AD07,COVERED
260402,,,MISS
260947,,,MISS
1657066,L01FG,L01FG01,COVERED
1011875,D10AF,D10AF06,COVERED
562360,S01KA,,COVERED
1234575,,,MISS
1001062,,,MISS
106078,D07CA,,COVERED
999653,,,MISS
831841,,,MISS
1053158,D02AA,,COVERED
238851,D08AG,D08AG02,COVERED
849315,,,MISS
198601,D04AB,D04AB02,COVERED
1090443,R01BA,R01BA03,COVERED
377766,G01AF,G01AF04,COVERED
213503,,,MISS
857851,,,MISS
1005771,,,MISS
1010297,,,MISS
1047040,,,MISS
1039265,,,MISS
1193293,R01BA,R01BA03,COVERED
346508,C01EB,C01EB03,COVERED
1806938,,,MISS
1944524,,,MISS
1235322,,,MISS
1246573,,,MISS
1246538,,,MISS
1745091,D04AB,D04AB01,COVERED
1043300,A11JC,,COVERED
1248912,,,MISS
1359152,,,MISS
1367213,,,MISS
1430115,,,MISS
1795344,B05BB,,COVERED
1795480,B05BA,,COVERED
1483190,,,MISS
1294591,D04AA,D04AA32,COVERED
1546288,,,MISS
1549214,,,MISS
198116,A12BA,A12BA01,COVERED
1593886,,,MISS
1437725,R06AA,R06AA02,COVERED
1242125,,,MISS
1242101,,,MISS
1243999,,,MISS
1792707,R05FA,,COVERED
1244547,,,MISS
1440002,G01AF,G01AF04,COVERED
1608253,G01AF,G01AF01,COVERED
1855057,J06BC,J06BC03,COVERED
1867552,A12BA,A12BA01,COVERED
1247256,,,MISS
1250174,,,MISS
1248059,,,MISS
1251885,,,MISS
1293710,,,MISS
1294194,,,MISS
1294255,,,MISS
1299698,,,MISS
1376070,,,MISS
153658,,,MISS
1246528,C05AA,C05AA01,COVERED
1293861,D04AB,D04AB07,COVERED
1876669,,,MISS
1359349,D06AX,D06AX05,COVERED
1927660,,,MISS
1250729,,,MISS
1309069,,,MISS
1919094,L01EX,L01EX10,COVERED
1792398,B05CX,,COVERED
1424847,,,MISS
1314685,B03AE,,COVERED
1359360,D06AX,D06AX04,COVERED
1305910,B02BC,B02BC06,COVERED
1942959,L01FB,L01FB01,COVERED
1369756,R01BA,R01BA02,COVERED
1436929,,,MISS
141859,D06BB,D06BB03,COVERED
1367375,D11AC,,COVERED
1599137,A01AB,,COVERED
1249628,,,MISS
1490057,C01CA,C01CA24,COVERED
1593733,D04AB,D04AB01,COVERED
1424013,,,MISS
197804,M01AE,M01AE01,COVERED
1251688,D06BX,D06BX01,COVERED
1291083,R02AA,R02AA06,COVERED
1869821,D11AX,D11AX27,COVERED
618651,,,MISS
1536931,R01BA,R01BA03,COVERED
1485895,D11AC,,COVERED
197367,D01AE,,COVERED
1432261,N02BE,N02BE01,COVERED
890858,,,MISS
1536840,R01BA,R01BA03,COVERED
700499,V03AB,V03AB33,COVERED
895040,,,MISS
706872,S01AA,S01AA26,COVERED
1598052,S01XA,,COVERED
310681,,,MISS
992787,,,MISS
668292,A12AX,,COVERED
749329,D10AD,D10AD01,COVERED
206296,,,MISS
998558,,,MISS
311431,A12CC,A12CC10,COVERED
900393,,,MISS
749853,G03AA|G03AB,,COVERED
1987646,D10AD,D10AD01,COVERED
902282,,,MISS
313943,,,MISS
647253,D01AC,D01AC08,COVERED
309344,,,MISS
311678,D06BX,D06BX01,COVERED
308718,H02AB,H02AB01,COVERED
2043252,D11AF,,COVERED
1999657,R06AA,R06AA09,COVERED
2003670,B02BC,B02BC06,COVERED
309288,B06AA,B06AA04,COVERED
745560,,,MISS
308303,,,MISS
308717,,,MISS
308901,A02AC,A02AC01,COVERED
312182,,,MISS
993943,N02AJ,,COVERED
882536,G01AA,G01AA10,COVERED
708071,D02AB,,COVERED
198248,N01BA,N01BA03,COVERED
801398,,,MISS
198488,N01BA,N01BA05,COVERED
205964,J01FF,J01FF01,COVERED
317145,D08AG,D08AG02,COVERED
308939,D04AX,,COVERED
309338,,,MISS
308842,,,MISS
310586,,,MISS
200010,D02AA,,COVERED
1088712,,,MISS
312894,,,MISS
310972,,,MISS
761974,,,MISS
746023,C07CB,,COVERED
750243,,,MISS
979499,,,MISS
979379,R03AB,R03AB03,COVERED
896878,,,MISS
995613,B03AA,B03AA07,COVERED
884191,,,MISS
309911,,,MISS
312354,,,MISS
309876,,,MISS
206950,,,MISS
828346,,,MISS
701678,A02AF,,COVERED
312505,A12BA,A12BA01,COVERED
900141,S01XA,,COVERED
1991509,A06AD,A06AD02,COVERED
729941,,,MISS
312015,,,MISS
968993,,,MISS
198252,J01AA|A02BD,J01AA07,COVERED
204637,,,MISS
200015,A11JA,,COVERED
200059,N05CM,N05CM05,COVERED
205798,,,MISS
904429,D07AC|D02AX,,COVERED
1089990,D08AJ,D08AJ01,COVERED
1995293,N01BC,N01BC01,COVERED
2048005,D04AB,D04AB01,COVERED
996959,,,MISS
312911,,,MISS
315157,,,MISS
198759,C04AC,C04AC01,COVERED
831398,,,MISS
996708,R05FA,,COVERED
834131,,,MISS
315211,,,MISS
208950,,,MISS
209017,,,MISS
210057,,,MISS
847225,H02AB,H02AB02,COVERED
212285,,,MISS
2099778,D08AX,D08AX01,COVERED
213721,,,MISS
2102837,D01AE|D02AF,D01AE12,COVERED
211343,D06BB,D06BB06,COVERED
856720,N06CA,,COVERED
856944,N02AJ,,COVERED
1092456,,,MISS
1099486,,,MISS
210142,D11AF,,COVERED
2181307,N02BE,N02BE01,COVERED
1116922,,,MISS
1095421,B03AA,B03AA07,COVERED
1099770,R01BA,R01BA02,COVERED
1190438,,,MISS
1101555,R01BA,R01BA03,COVERED
1190646,,,MISS
209002,S01BA,S01BA04,COVERED
403940,,,MISS
312990,B05CB,B05CB01,COVERED
403942,,,MISS
1114847,M01AX,M01AX25,COVERED
404536,,,MISS
1148644,R05CA,R05CA03,COVERED
859176,,,MISS
857736,,,MISS
860254,,,MISS
1001713,,,MISS
2048017,A03CB,,COVERED
602427,G01AA,G01AA10,COVERED
1012574,,,MISS
1045450,,,MISS
1046688,,,MISS
428485,A12AX,,COVERED
402252,G03FA,,COVERED
1049114,,,MISS
605662,D11AA,,COVERED
1085696,,,MISS
1012345,D07XA,D07XA01,COVERED
282764,,,MISS
1658278,,,MISS
211141,,,MISS
1039185,D02AB,,COVERED
1086474,R05CA,R05CA02,COVERED
1190041,,,MISS
858757,,,MISS
1657074,L01FG,L01FG01,COVERED
103572,,,MISS
211666,D06BX,D06BX01,COVERED
1043330,,,MISS
1115898,D10AF,D10AF06,COVERED
237865,A02AD,,COVERED
1046512,D04AB,D04AB01,COVERED
1053697,D07CB,,COVERED
1049184,,,MISS
1012118,,,MISS
1049127,,,MISS
1046877,,,MISS
247294,,,MISS
205771,,,MISS
307757,,,MISS
1048903,D01AE,D01AE12,COVERED
809204,,,MISS
833706,,,MISS
847629,,,MISS
848182,,,MISS
210008,,,MISS
210010,,,MISS
1049289,R06AA,R06AA02,COVERED
261178,D01AA,D01AA01,COVERED
212421,,,MISS
213217,,,MISS
259586,B03AA,B03AA07,COVERED
1099764,,,MISS
314109,,,MISS
857525,,,MISS
359936,,,MISS
208920,,,MISS
226552,N05CM,N05CM05,COVERED
210535,,,MISS
1112686,,,MISS
237402,,,MISS
1189673,,,MISS
1232720,,,MISS
616513,,,MISS
616770,,,MISS
1116729,D08AJ,D08AJ01,COVERED
208560,S01ED,S01ED01,COVERED
859943,,,MISS
2120195,N02CD,N02CD01,COVERED
1020199,,,MISS
1049266,,,MISS
1053861,,,MISS
244099,,,MISS
260391,,,MISS
562253,J01CR,,COVERED
1049213,N01BA,N01BA05,COVERED
859066,M01AB,M01AB05,COVERED
2106743,A07BB,,COVERED
1116552,,,MISS
616787,,,MISS
1666372,C01CA,C01CA06,COVERED
859331,,,MISS
1667911,C01CA,C01CA02,COVERED
1012308,,,MISS
105446,N04BC,N04BC01,COVERED
1037113,,,MISS
284516,,,MISS
856706,N06CA,,COVERED
1733863,C05AD,C05AD01,COVERED
1011851,D04AB,D04AB01,COVERED
1000001,C09DX,,COVERED
1095684,,,MISS
858761,,,MISS
260502,D02AB,,COVERED
252971,C05AD,C05AD03,COVERED
1006196,,,MISS
1737581,J01FF,J01FF01,COVERED
1738590,H02AB,H02AB09,COVERED
1013046,,,MISS
1737742,C01BB,C01BB01,COVERED
1048138,,,MISS
1085647,,,MISS
1006684,D10AF,D10AF06,COVERED
1012681,R01BA,R01BA02,COVERED
1086701,,,MISS
1190779,,,MISS
308058,,,MISS
425103,,,MISS
311453,,,MISS
1020055,,,MISS
259196,S01XA,,COVERED
311958,,,MISS
349116,,,MISS
310150,D10AF,D10AF02,COVERED
1094179,,,MISS
826662,,,MISS
1113435,,,MISS
244637,D02AB,,COVERED
597658,,,MISS
1047508,,,MISS
1192986,A06AG,,COVERED
2049133,L01EE,L01EE03,COVERED
406689,,,MISS
616285,L01EX,L01EX01,COVERED
859203,B05XA,B05XA03,COVERED
1788876,,,MISS
483438,N02BF,N02BF02,COVERED
1040048,A02AF,,COVERED
1797515,,,MISS
1737637,C01BB,C01BB01,COVERED
1807631,B05XA,B05XA03,COVERED
1794887,B05BB,,COVERED
1795477,B05BA,,COVERED
197519,D10AF,D10AF01,COVERED
1241663,D08AX,D08AX08,COVERED
1291082,,,MISS
1291092,,,MISS
1922512,L01FD,L01FD01,COVERED
2107300,D04AX,,COVERED
1863605,B05BB,,COVERED
545259,S01CA,,COVERED
1294008,,,MISS
1294475,,,MISS
1307224,,,MISS
1358764,,,MISS
1370752,,,MISS
1359266,,,MISS
1491015,,,MISS
1534814,,,MISS
1244675,R05CA,R05CA03,COVERED
1305269,C01CA,C01CA24,COVERED
1307051,D08AX,D08AX08,COVERED
1539198,,,MISS
1547589,,,MISS
1606045,,,MISS
1591999,,,MISS
1241901,,,MISS
1651001,D04AB,D04AB01,COVERED
1442130,M01AB,M01AB05,COVERED
1942847,D01AE,D01AE12,COVERED
1648110,D06AX,D06AX05,COVERED
1422174,,,MISS
1293859,D04AB,D04AB07,COVERED
1921129,M02AC,,COVERED
1862590,L01XK,L01XK03,COVERED
1424021,,,MISS
1797884,R01AC,R01AC03,COVERED
1310503,R01BA,R01BA03,COVERED
1359350,D06AX,D06AX05,COVERED
1535361,,,MISS
1729543,,,MISS
1736015,,,MISS
1307104,,,MISS
1298345,,,MISS
1424388,,,MISS
1485222,,,MISS
1598084,,,MISS
1856270,,,MISS
1721583,L01EB,L01EB04,COVERED
1300295,,,MISS
1364855,A11AA,,COVERED
1432962,,,MISS
1541610,,,MISS
1596940,,,MISS
1923432,S01ED,S01ED01,COVERED
1372298,C05AX,C05AX06,COVERED
197693,,,MISS
645923,,,MISS
1367082,D08AJ,D08AJ01,COVERED
142046,G01AF,G01AF01,COVERED
1492403,D02AB,,COVERED
670084,H02AB,H02AB01,COVERED
701983,,,MISS
705129,C01DA,C01DA02,COVERED
1483554,G03FA,,COVERED
795097,,,MISS
1488578,D11AC,,COVERED
749875,,,MISS
656882,D10AD,D10AD01,COVERED
1293103,D02AX,,COVERED
902221,,,MISS
902285,,,MISS
94186,,,MISS
311210,,,MISS
992675,,,MISS
2002067,,,MISS
2047186,,,MISS
205068,,,MISS
308489,,,MISS
724568,G01AA,G01AA01,COVERED
1089078,D08AJ,D08AJ01,COVERED
700777,,,MISS
309171,,,MISS
745292,,,MISS
2003650,,,MISS
2048893,,,MISS
904773,D10AF,D10AF06,COVERED
801445,,,MISS
730861,C09DB,,COVERED
800273,B05BA,,COVERED
995034,,,MISS
2049016,D04AB,D04AB01,COVERED
1090639,B05BA,,COVERED
800637,,,MISS
762332,,,MISS
2043247,D11AF,,COVERED
308677,,,MISS
312350,,,MISS
308912,,,MISS
795642,,,MISS
404083,,,MISS
899690,C01DA,C01DA02,COVERED
831833,,,MISS
991180,,,MISS
763089,,,MISS
861202,,,MISS
900105,,,MISS
310543,,,MISS
618333,,,MISS
707275,,,MISS
885111,,,MISS
206228,D10AF,D10AF02,COVERED
309451,,,MISS
864675,P01BB,P01BB01,COVERED
198472,,,MISS
1997446,,,MISS
204749,A11HA,,COVERED
313596,S01AD,S01AD06,COVERED
207048,,,MISS
745512,,,MISS
198557,,,MISS
206876,,,MISS
1992303,S01ED,S01ED01,COVERED
753543,G03AA,,COVERED
312504,A12BA,A12BA01,COVERED
1995471,D11AC,,COVERED
750242,G03AA,,COVERED
198605,D02AA,,COVERED
998535,,,MISS
749852,G03AB|G03AA,,COVERED
801874,,,MISS
825181,,,MISS
831298,,,MISS
994539,M03BC,M03BC01,COVERED
831260,,,MISS
856810,,,MISS
309270,A03FA,,COVERED
829539,D10AD,D10AD03,COVERED
312910,S01FA,S01FA02,COVERED
352257,N07XX,N07XX04,COVERED
207380,,,MISS
206193,D11AA,,COVERED
212735,,,MISS
1115978,,,MISS
1116164,,,MISS
856717,,,MISS
1101871,,,MISS
208361,G04BX,G04BX13,COVERED
1189260,,,MISS
616501,,,MISS
857875,,,MISS
315008,D08AD,,COVERED
858897,,,MISS
577395,M02AB,M02AB01,COVERED
581660,D08AX,D08AX08,COVERED
1037108,,,MISS
856903,N02AJ,,COVERED
1039746,,,MISS
1010759,N01BB,N01BB02,COVERED
485338,D11AA,,COVERED
1049723,,,MISS
1050231,,,MISS
2197110,,,MISS
1041851,D08AX,D08AX08,COVERED
251919,,,MISS
1014642,D02AF,,COVERED
1049224,R02AD,R02AD01,COVERED
260088,,,MISS
1091910,,,MISS
1666758,,,MISS
243685,N02BA,N02BA01,COVERED
247816,N02BE,N02BE01,COVERED
858969,R05FA,,COVERED
1038798,,,MISS
1114840,,,MISS
1009418,,,MISS
1053712,,,MISS
261216,,,MISS
308084,,,MISS
1086028,,,MISS
1718751,,,MISS
1085693,,,MISS
1043307,D09AA,D09AA11,COVERED
260192,C05AA,C05AA01,COVERED
1013050,,,MISS
317014,,,MISS
2003745,,,MISS
378167,,,MISS
1993079,,,MISS
252296,D11AF,,COVERED
203576,R06AX,R06AX13,COVERED
846955,D10AD,D10AD01,COVERED
827351,V07AB,,COVERED
259195,S01XA,,COVERED
827353,V07AB,,COVERED
832910,A12AX,,COVERED
2122905,,,MISS
213290,,,MISS
211161,N02BE,N02BE01,COVERED
1101952,,,MISS
1086812,C01EX,,COVERED
210180,D11AC,,COVERED
848987,A11JA,,COVERED
828432,,,MISS
832914,,,MISS
1994403,M02AB,M02AB01,COVERED
314182,A12BA,A12BA01,COVERED
857531,,,MISS
211224,,,MISS
211226,,,MISS
2056897,L01EG,L01EG02,COVERED
211310,,,MISS
806667,R01AX,,COVERED
850425,D02AB,,COVERED
833741,A12AX,,COVERED
849667,D02AB,,COVERED
583304,,,MISS
616209,,,MISS
1001018,,,MISS
858898,,,MISS
477433,C01EX,,COVERED
1100391,D07AB,,COVERED
1047755,D08AX,D08AX08,COVERED
308080,,,MISS
1085756,H02AB,H02AB08,COVERED
1665228,,,MISS
245001,A02AD,A02AD03,COVERED
283616,D06AX,D06AX05,COVERED
995985,R05FA,,COVERED
1049908,R06AA,R06AA02,COVERED
1734689,,,MISS
212833,,,MISS
1011833,,,MISS
105396,,,MISS
244123,,,MISS
1737743,,,MISS
1737778,D04AB,D04AB01,COVERED
544946,,,MISS
1190439,B05BB,,COVERED
582615,,,MISS
1098140,S01KA,,COVERED
1001476,,,MISS
1037305,,,MISS
1190540,A03BA,A03BA01,COVERED
1037352,,,MISS
1005835,D10AF,D10AF06,COVERED
1049386,,,MISS
307747,A02AF,,COVERED
105898,,,MISS
1010836,D04AB,D04AB01,COVERED
1050062,,,MISS
307762,,,MISS
562411,J01XX,J01XX10,COVERED
1112864,N02BE,N02BE01,COVERED
1043623,A01AB,,COVERED
1146709,D01AE,D01AE12,COVERED
1148506,L01ED,L01ED01,COVERED
1658236,B05XA,B05XA05,COVERED
1992304,S01ED,S01ED01,COVERED
996629,,,MISS
845492,,,MISS
311446,B05CX,B05CX04,COVERED
1193037,A11JC,,COVERED
204903,A11CA,A11CA02,COVERED
206211,D10AF,D10AF02,COVERED
1190818,,,MISS
832718,A12BA,A12BA01,COVERED
403947,,,MISS
1005850,,,MISS
311249,D02AX,,COVERED
211396,,,MISS
1745444,,,MISS
1085730,,,MISS
1095362,G03AA,,COVERED
402250,G03FA,,COVERED
1657723,L01FE,L01FE02,COVERED
1098158,D03AX,,COVERED
1807632,B05XA,B05XA03,COVERED
1807633,B05XA,B05XA03,COVERED
1867941,,,MISS
1795252,B05BB,,COVERED
1866218,C05AD,C05AD01,COVERED
1795618,B05BA,,COVERED
1944692,,,MISS
1291604,,,MISS
1299054,,,MISS
1926221,R01BA,R01BA03,COVERED
1312718,,,MISS
1250672,,,MISS
1806684,G03FA,,COVERED
1369746,,,MISS
1375985,,,MISS
1919489,V06DC,V06DC01,COVERED
1298443,R05CA,R05CA03,COVERED
1483224,,,MISS
1424611,,,MISS
1437690,,,MISS
1541707,,,MISS
1542806,,,MISS
1602597,,,MISS
1607217,,,MISS
1494599,R06AA,R06AA02,COVERED
1536835,N02BA,N02BA01,COVERED
1305137,,,MISS
1792391,S02CA,,COVERED
1422563,M02AC,,COVERED
1543432,D04AB,D04AB04,COVERED
1608477,V06DC,V06DC01,COVERED
1876516,,,MISS
1744011,J05AR,J05AR03,COVERED
1299667,,,MISS
1366646,,,MISS
1297390,R01BA,R01BA02,COVERED
1308442,R01BA,R01BA03,COVERED
1863988,B05BB,,COVERED
1811631,B01AC,B01AC06,COVERED
1545034,,,MISS
1360733,R01BA,R01BA03,COVERED
1945207,R01AX,,COVERED
1243014,L01EK,L01EK01,COVERED
1375954,R06AA,R06AA09,COVERED
1442274,D04AB,D04AB01,COVERED
1247917,,,MISS
1294370,,,MISS
1294266,,,MISS
1249050,,,MISS
1299687,,,MISS
1592891,,,MISS
1549447,D04AB,D04AB01,COVERED
1598826,D10AF,D10AF01,COVERED
1247818,,,MISS
1248168,,,MISS
1293877,,,MISS
1310934,,,MISS
1294587,,,MISS
1809056,N01BA,N01BA03,COVERED
1868485,B05XA,B05XA02,COVERED
1486880,,,MISS
1872091,D08AJ,D08AJ08,COVERED
153595,,,MISS
1495103,,,MISS
1541094,,,MISS
670307,,,MISS
1602356,D10AF,D10AF06,COVERED
685576,,,MISS
745462,,,MISS
688708,,,MISS
647127,H02AB,H02AB06,COVERED
1440185,G03AA,,COVERED
1652634,G04BC,,COVERED
1495480,D02AB,,COVERED
800110,,,MISS
2001994,,,MISS
750245,,,MISS
992671,,,MISS
687211,P01AB,P01AB01,COVERED
308959,,,MISS
757665,B02BD,B02BD30,COVERED
310865,,,MISS
792577,B05XA,B05XA02,COVERED
884783,D08AX,D08AX08,COVERED
802696,,,MISS
310434,N02BF,N02BF01,COVERED
748321,B02BD,B02BD30,COVERED
825186,,,MISS
746757,,,MISS
93131,,,MISS
1087218,,,MISS
205895,,,MISS
199219,M09AB,M09AB03,COVERED
198301,H02AB,H02AB08,COVERED
832092,,,MISS
2045409,H02AB,H02AB02,COVERED
310812,C03EA,,COVERED
998528,D01AC,D01AC02,COVERED
800064,B05DB,,COVERED
309874,,,MISS
995081,R05DA,R05DA04,COVERED
664844,,,MISS
800216,B05BA,,COVERED
805370,D10AD,D10AD01,COVERED
2058531,D02AB,,COVERED
749796,N01BA,N01BA05,COVERED
313962,S01XA,,COVERED
637168,D02AB,,COVERED
1087399,B03AE,,COVERED
310682,,,MISS
749786,G03AA,,COVERED
904783,D07XA,D07XA01,COVERED
877014,D01AE,D01AE12,COVERED
200871,,,MISS
897048,J01CR,,COVERED
205157,,,MISS
631799,S02DC,,COVERED
205901,,,MISS
198494,D04AB,D04AB04,COVERED
992733,,,MISS
883795,,,MISS
2049723,D04AB,D04AB01,COVERED
311682,,,MISS
204498,G03CB,G03CB02,COVERED
797885,D01AE,D01AE12,COVERED
998511,,,MISS
310963,M01AE,M01AE01,COVERED
315198,,,MISS
313000,R01AX,,COVERED
376695,,,MISS
207248,D01AC,D01AC11,COVERED
705877,,,MISS
205606,,,MISS
347742,,,MISS
1089065,D02AB,,COVERED
207060,,,MISS
313408,S01ED,S01ED01,COVERED
207330,,,MISS
998671,C02AC,C02AC01,COVERED
2044962,,,MISS
991369,D04AX,,COVERED
312447,J01CR,,COVERED
801357,B05BB,,COVERED
1999202,A02AF,,COVERED
311254,D02AX,,COVERED
377732,,,MISS
315183,A12BA,A12BA01,COVERED
207797,,,MISS
208303,,,MISS
801112,B05BB,,COVERED
2104187,,,MISS
210820,,,MISS
804919,B02BC,B02BC06,COVERED
801136,B05BA,,COVERED
810097,G03AA|G03CA|G03AB,G03AA08|G03CA01|G03AB03,COVERED
1100469,,,MISS
826807,D02AA,,COVERED
213555,,,MISS
1190894,,,MISS
849822,S01KA,,COVERED
2117608,B05XA,B05XA19,COVERED
404033,,,MISS
433353,,,MISS
2118551,D04AB,D04AB01,COVERED
562497,,,MISS
562531,,,MISS
807284,B05XA,B05XA02,COVERED
1234512,D07XA,D07XA01,COVERED
860042,,,MISS
860044,,,MISS
1038903,,,MISS
1012099,D08AJ,D08AJ01,COVERED
1046548,,,MISS
1014314,D07AB,D07AB09,COVERED
1046914,,,MISS
1046910,,,MISS
1046353,R02AD,R02AD01,COVERED
617302,J01CR,,COVERED
1047765,,,MISS
1042693,R05DA,R05DA04,COVERED
1053756,,,MISS
1085100,,,MISS
1100746,B05DA,,COVERED
1085762,,,MISS
1046560,,,MISS
307685,,,MISS
1099756,,,MISS
435681,,,MISS
1085680,H02AB,H02AB08,COVERED
1039057,D02AB,,COVERED
1116499,D07XA,D07XA01,COVERED
1086271,,,MISS
1011767,D04AB,D04AB01,COVERED
248609,D02AF,,COVERED
1043325,D08AJ,D08AJ08,COVERED
1098644,S01GA,S01GA02,COVERED
403890,B05BB,,COVERED
1052620,D04AB,D04AB04,COVERED
206218,,,MISS
1000861,D10AF,D10AF06,COVERED
603929,C05AD,C05AD03,COVERED
857750,,,MISS
2099528,,,MISS
214040,,,MISS
360348,N01BA,N01BA05,COVERED
348719,J01GB,J01GB01,COVERED
1989491,M02AC,,COVERED
198535,,,MISS
809572,A12AX,,COVERED
1094434,R01BA,R01BA03,COVERED
205871,,,MISS
1111764,D04AA,D04AA32,COVERED
1089811,S01XA,,COVERED
1098139,S01KA,,COVERED
2055026,S01XA,S01XA18,COVERED
854764,,,MISS
1991413,L01FF,L01FF01,COVERED
1989112,C01CA,C01CA24,COVERED
211640,,,MISS
209867,,,MISS
849742,D04AB,D04AB04,COVERED
211755,,,MISS
2174514,,,MISS
211798,,,MISS
2177190,,,MISS
562414,,,MISS
860239,,,MISS
1092461,R06AA,R06AA02,COVERED
856992,N02AJ,,COVERED
1093377,R06AA,R06AA02,COVERED
1112942,D04AB,D04AB04,COVERED
1191394,D08AH,,COVERED
1039560,,,MISS
1010033,N01BB,N01BB02,COVERED
1046313,,,MISS
1119597,M02AC,,COVERED
244537,,,MISS
1039699,D08AX,D08AX08,COVERED
103439,D07AB,D07AB08,COVERED
260495,,,MISS
1046997,A03CB,,COVERED
1665682,,,MISS
1673799,,,MISS
1673788,,,MISS
1674197,,,MISS
1006551,,,MISS
1012226,,,MISS
1037082,,,MISS
252963,,,MISS
1086605,A12AX,,COVERED
1659139,J01CR,,COVERED
1011854,D04AB,D04AB01,COVERED
245208,V06DD,,COVERED
1044265,D08AG,D08AG02,COVERED
859236,,,MISS
1006127,,,MISS
1005829,,,MISS
244475,D05AA,,COVERED
1191692,D04AB,D04AB01,COVERED
1234533,D04AB,D04AB07,COVERED
1047774,,,MISS
1658108,A07FA,,COVERED
206219,,,MISS
800683,,,MISS
833746,,,MISS
1737343,C01BB,C01BB01,COVERED
1010755,N01BB,N01BB02,COVERED
198776,N01BX,N01BX03,COVERED
1091242,,,MISS
210043,,,MISS
313861,A11CA,A11CA02,COVERED
476677,,,MISS
313572,J01XA,J01XA01,COVERED
857652,,,MISS
1052645,,,MISS
213197,D03AX,D03AX06,COVERED
1044465,D11AC,,COVERED
836358,R03BB,R03BB01,COVERED
857005,N02AJ,,COVERED
211273,,,MISS
1867995,,,MISS
1673566,D06AX,D06AX05,COVERED
1923431,,,MISS
1659592,J01CR,J01CR04,COVERED
2104192,G03AB|G03AA,,COVERED
1048078,A03CB,,COVERED
616292,L01EX,L01EX01,COVERED
1925871,,,MISS
245346,A02AD,,COVERED
1868461,D04AB,D04AB04,COVERED
1927647,,,MISS
1872075,N02BE,N02BE01,COVERED
1942340,,,MISS
1235467,,,MISS
1245250,,,MISS
1248362,,,MISS
1250923,,,MISS
1293895,,,MISS
1294383,,,MISS
1303727,,,MISS
1307225,,,MISS
1298747,,,MISS
1438129,,,MISS
1488602,,,MISS
1251336,G03AA|G03FA,G03AA05,COVERED
1292877,D04AB,D04AB01,COVERED
1491773,,,MISS
1294036,D04AB,D04AB07,COVERED
1540505,,,MISS
1593660,,,MISS
1598027,,,MISS
1795345,,,MISS
1803546,,,MISS
1293510,,,MISS
1945175,,,MISS
1535160,G01AF,G01AF04,COVERED
1536610,G01AF,G01AF04,COVERED
1549315,S01BA,S01BA04,COVERED
1360391,,,MISS
1291672,D04AB,D04AB01,COVERED
1244636,D07AC,D07AC01,COVERED
1245229,D04AB,D04AB04,COVERED
1251928,R01BA,R01BA02,COVERED
1598068,D11AX,D11AX22,COVERED
142002,S01KA,S01KA02,COVERED
1490693,,,MISS
1363410,L01EX,L01EX07,COVERED
1370963,R01BA,R01BA02,COVERED
1731584,,,MISS
197411,N04BC,N04BC01,COVERED
1797927,,,MISS
1245379,,,MISS
1376094,D02AF,,COVERED
1493165,D02AF|D01AE|J01AA,D01AE12,COVERED
1484890,,,MISS
1537049,,,MISS
1651571,,,MISS
1246075,D04AB,D04AB07,COVERED
1249712,H02AB,H02AB02,COVERED
1293639,N02CA,N02CA02,COVERED
1547991,,,MISS
1552201,D04AB,D04AB01,COVERED
1535981,,,MISS
1947261,,,MISS
1546212,D08AG,D08AG02,COVERED
1366571,J06BC,J06BC02,COVERED
1308385,,,MISS
645497,,,MISS
1539265,C01EX,,COVERED
1363408,L01EX,L01EX07,COVERED
1251617,A01AB,,COVERED
1301848,D02AA,,COVERED
1542919,R01AX,,COVERED
885568,,,MISS
631504,B05CB,B05CB01,COVERED
308930,,,MISS
884787,D08AX,D08AX08,COVERED
744868,D02AB,,COVERED
727507,G03GA,G03GA08,COVERED
799999,B05DB,,COVERED
204899,,,MISS
903298,H03AA,H03AA02,COVERED
992778,G01AF,G01AF04,COVERED
205890,,,MISS
310431,N02BF,N02BF01,COVERED
756303,,,MISS
979413,,,MISS
198999,B03AA,B03AA07,COVERED
834176,D08AC,D08AC02,COVERED
205023,D11AC,,COVERED
312017,C01DA,C01DA02,COVERED
996101,G04CA,G04CA02,COVERED
866489,A02AC,A02AC01,COVERED
359261,D08AE,D08AE04,COVERED
979411,,,MISS
905300,,,MISS
991488,,,MISS
898718,N02BF,N02BF02,COVERED
204849,,,MISS
206998,,,MISS
1999026,G03AA,,COVERED
966542,,,MISS
884804,D02AB,,COVERED
313091,B05CX,B05CX02,COVERED
865105,D01AE,D01AE12,COVERED
309783,B05BB,,COVERED
1088235,D04AB,D04AB01,COVERED
312562,D08AG,D08AG02,COVERED
827706,,,MISS
831111,,,MISS
2045638,N02CD,N02CD01,COVERED
204676,,,MISS
692757,,,MISS
1995288,N01BC,N01BC01,COVERED
708221,,,MISS
880411,,,MISS
1996196,D11AC,,COVERED
979338,B03AE,,COVERED
199135,,,MISS
966743,,,MISS
702243,,,MISS
309316,,,MISS
205347,,,MISS
903302,H03AA,H03AA02,COVERED
702008,S01XA,,COVERED
312289,N02AD,N02AD01,COVERED
308167,N05CB,,COVERED
313253,,,MISS
997515,R01BA,R01BA02,COVERED
309339,J01FF,J01FF01,COVERED
2000538,D04AB,D04AB01,COVERED
2003131,,,MISS
2045343,,,MISS
865073,D02AB,,COVERED
753482,G03AA,,COVERED
998479,,,MISS
829762,B05XA,B05XA05,COVERED
311642,S01XA,,COVERED
359930,,,MISS
795765,B03AE,,COVERED
800918,A06AD,A06AD13,COVERED
801533,,,MISS
317865,A02AC,A02AC01,COVERED
210752,,,MISS
995441,R05FA,,COVERED
213545,,,MISS
213641,,,MISS
2181318,,,MISS
801185,G03AA,,COVERED
828377,C10AB,C10AB05,COVERED
1098487,,,MISS
856908,N02AJ,,COVERED
2107058,L01FD,L01FD01,COVERED
1101859,,,MISS
198334,J01EE,J01EE01,COVERED
212403,,,MISS
1095224,B03AA|G03AA,B03AA02,COVERED
1099583,R01BA,R01BA02,COVERED
1150121,,,MISS
1190936,,,MISS
2106334,J07AM,J07AM01,COVERED
1099892,,,MISS
2168083,H02AB,H02AB08,COVERED
1146883,D04AA,D04AA32,COVERED
541544,,,MISS
1233208,D04AB,D04AB07,COVERED
857866,,,MISS
1234509,D07XA,D07XA01,COVERED
856422,C07BA,,COVERED
1001064,,,MISS
1010055,,,MISS
477451,D10AF,D10AF01,COVERED
608897,N01BA,N01BA05,COVERED
1012611,,,MISS
1041873,,,MISS
1043199,,,MISS
858064,J01AA,J01AA08,COVERED
1010900,N01BB,N01BB02,COVERED
1053133,S01GA,S01GA01,COVERED
108204,D08AG,D08AG02,COVERED
1660018,,,MISS
1085612,,,MISS
1085636,D07AB,D07AB09,COVERED
242297,G03AB|G03AA,G03AB03|G03AA08,COVERED
242429,R05CA,R05CA02,COVERED
1049759,D08AJ|D11AC|P03AC,D08AJ01,COVERED
247137,N02BA,N02BA01,COVERED
211806,,,MISS
307703,,,MISS
1116111,,,MISS
237367,B05BB,,COVERED
857725,,,MISS
1012569,,,MISS
1012264,,,MISS
1086115,,,MISS
261349,L01XF,L01XF03,COVERED
581658,D08AX,D08AX08,COVERED
204925,,,MISS
997160,,,MISS
314197,,,MISS
578803,H02AB,H02AB01,COVERED
1047362,D01AE,D01AE12,COVERED
855659,,,MISS
545255,S01CA,,COVERED
1013662,J01AA,J01AA08,COVERED
998282,D08AC,D08AC02,COVERED
853511,D01AE,D01AE12,COVERED
1101855,,,MISS
207633,,,MISS
1191400,,,MISS
208328,D10AD,D10AD01,COVERED
857443,R06AA,R06AA04,COVERED
211109,D08AG,D08AG02,COVERED
204808,,,MISS
205832,,,MISS
206954,,,MISS
2181317,R01BA,R01BA03,COVERED
2109973,S01KA,,COVERED
2045245,A06AD,A06AD13,COVERED
210223,,,MISS
1098144,,,MISS
998546,G01AF,G01AF04,COVERED
616411,,,MISS
860678,,,MISS
1000933,,,MISS
403826,A02AF,,COVERED
211881,N02BA|C10BX,N02BA01,COVERED
859081,N04BC,N04BC01,COVERED
582608,R07AX,R07AX01,COVERED
377234,B05BB,,COVERED
1001718,,,MISS
1005808,,,MISS
1037146,,,MISS
1001714,D10AF,D10AF06,COVERED
1049100,,,MISS
1086033,,,MISS
1014305,B02BC,B02BC06,COVERED
245244,,,MISS
307713,,,MISS
1656284,,,MISS
1728768,,,MISS
1100650,S01XA,,COVERED
239209,J01XA,J01XA01,COVERED
1038840,,,MISS
245723,D10AD,D10AD01,COVERED
318146,A16AX,,COVERED
1013044,,,MISS
1657916,,,MISS
1739871,,,MISS
1233729,,,MISS
858770,N02AJ,N02AJ23,COVERED
858334,A11JA,,COVERED
1738592,H02AB,H02AB09,COVERED
483440,N02BF,N02BF02,COVERED
602393,J05AR,J05AR02,COVERED
860234,,,MISS
860426,,,MISS
1041847,,,MISS
543362,,,MISS
1012375,,,MISS
307748,,,MISS
1657904,,,MISS
1659219,,,MISS
1038558,D09AA,D09AA11,COVERED
237512,B05XA,B05XA18,COVERED
1044532,A02AC,A02AC01,COVERED
210760,,,MISS
260409,H02AB,H02AB06,COVERED
859130,G04BE,G04BE01,COVERED
1099893,D02AF,,COVERED
211069,,,MISS
313967,R03AA,R03AA01,COVERED
860149,,,MISS
824190,J01CR,,COVERED
1116117,,,MISS
211223,,,MISS
1117398,D02AA,,COVERED
1193353,L01EJ,L01EJ01,COVERED
1863606,,,MISS
1125471,D02AB,,COVERED
1243233,,,MISS
1000095,D04AX,D04AX01,COVERED
1807580,B05XA,B05XA03,COVERED
1947197,D04AB,D04AB01,COVERED
1043249,S01GA,S01GA02,COVERED
1243237,,,MISS
197407,D07AC,D07AC01,COVERED
1244205,,,MISS
1869281,V03AZ,V03AZ01,COVERED
1795470,B05BB,,COVERED
1250486,,,MISS
1293338,,,MISS
1302627,,,MISS
856792,N06CA,,COVERED
1427298,,,MISS
1425493,,,MISS
1245492,J01XX,J01XX05,COVERED
1432974,,,MISS
1374372,H02AB,H02AB02,COVERED
1247825,D02AF|D01AE|D02AE,D01AE12|D02AE01,COVERED
1430457,L01EB,L01EB03,COVERED
1293649,C05AD,C05AD07,COVERED
1488702,,,MISS
1442964,D08AJ,D08AJ01,COVERED
1541233,,,MISS
1607582,,,MISS
1483617,R06AA,R06AA02,COVERED
1535597,D08AX,D08AX08,COVERED
1603382,D01AE,D01AE12,COVERED
1246599,D03AX,,COVERED
1659595,J01CR,J01CR04,COVERED
1727485,L01ED,L01ED03,COVERED
1648155,D02AF,,COVERED
1299672,,,MISS
1807637,B05XA,B05XA03,COVERED
1298806,,,MISS
1299244,R01BA,R01BA02,COVERED
1356529,,,MISS
1741559,D02AF,,COVERED
1796083,J05AJ,J05AJ03,COVERED
1371353,,,MISS
1491830,,,MISS
1945072,,,MISS
1437982,D01AE,D01AE04,COVERED
1432967,,,MISS
1424872,R05DB,R05DB10,COVERED
1495106,,,MISS
1242240,R01BA,R01BA03,COVERED
1535144,,,MISS
1547607,R05FA,,COVERED
1540854,,,MISS
197431,H05BX,H05BX05,COVERED
1548705,,,MISS
1423123,G03AB|G03AA|G03CA,G03AB03|G03AA08|G03CA01,COVERED
1357940,,,MISS
1541104,,,MISS
1248166,,,MISS
1244215,,,MISS
1250898,,,MISS
1307165,,,MISS
1542813,D06AA,D06AA04,COVERED
687204,,,MISS
1431286,N02AJ,,COVERED
1536467,N02BA,N02BA01,COVERED
756250,,,MISS
308254,,,MISS
1648152,D11AX,,COVERED
1543552,L01XH,L01XH04,COVERED
880454,,,MISS
617432,J01CR,,COVERED
797955,D01AE,D01AE12,COVERED
797274,D10AF,D10AF01,COVERED
308486,,,MISS
204887,,,MISS
2001439,D04AB,D04AB01,COVERED
1607808,J07CA,,COVERED
318178,,,MISS
207346,C01DA,C01DA02,COVERED
801009,B05BB,,COVERED
198463,N02BA,N02BA01,COVERED
1739887,A03CB,,COVERED
310878,A07EA,A07EA02,COVERED
308848,,,MISS
310880,,,MISS
206513,,,MISS
206851,,,MISS
206960,,,MISS
834167,D08AC,D08AC02,COVERED
207355,,,MISS
309349,,,MISS
93253,C03EA,,COVERED
790888,,,MISS
695930,,,MISS
993924,,,MISS
310470,,,MISS
728126,D04AB,D04AB06,COVERED
311661,,,MISS
1992841,,,MISS
2044375,,,MISS
998485,,,MISS
801015,,,MISS
1860414,G03AA,,COVERED
748868,G03AA,,COVERED
884225,N02CX,N02CX02,COVERED
206698,,,MISS
876858,A11JA,,COVERED
207846,,,MISS
800066,B05DB,,COVERED
992799,,,MISS
317146,D08AG,D08AG02,COVERED
343050,A12BA,A12BA01,COVERED
312373,,,MISS
313045,,,MISS
2045140,,,MISS
312555,,,MISS
998513,,,MISS
313626,,,MISS
861422,S01ED,S01ED01,COVERED
968663,D02AA,,COVERED
347669,,,MISS
1090941,,,MISS
310594,S01AA,S01AA03,COVERED
748857,G03AA,,COVERED
860928,,,MISS
904620,D10AF|D02AE,D10AF06|D02AE01,COVERED
206511,S02CA,,COVERED
797452,D10AF,D10AF02,COVERED
895749,D04AB,D04AB04,COVERED
204906,,,MISS
205643,D02AX|D07AC,,COVERED
637149,D02AB,,COVERED
1996204,B03BB,B03BB01,COVERED
308940,D04AX,,COVERED
315219,,,MISS
618606,A11JC,,COVERED
205349,,,MISS
205818,,,MISS
2001424,J05AR,J05AR11,COVERED
763088,G03AC|G03AD,G03AC03|G03AD01,COVERED
997555,,,MISS
996746,,,MISS
313947,,,MISS
314986,,,MISS
834154,,,MISS
809547,,,MISS
313805,,,MISS
313251,J01AA,J01AA07,COVERED
845493,,,MISS
857463,,,MISS
373901,B05XA,B05XA03,COVERED
208029,,,MISS
209704,,,MISS
705921,G03EA,,COVERED
212048,,,MISS
212739,,,MISS
1095510,,,MISS
204901,V06DD,,COVERED
1100501,,,MISS
2180661,D06AA,D06AA04,COVERED
801031,B05BA,,COVERED
213541,D07AC,D07AC01,COVERED
1110809,,,MISS
2119467,,,MISS
1099593,R01BA,R01BA02,COVERED
1098198,D08AX,D08AX08,COVERED
211609,S01KA,S01KA02,COVERED
1119422,,,MISS
1116150,,,MISS
1191684,,,MISS
1233685,,,MISS
1011820,,,MISS
859141,,,MISS
1011981,,,MISS
1101852,R02AA,R02AA19,COVERED
1012253,,,MISS
1014367,,,MISS
1086240,,,MISS
244051,,,MISS
1020479,R06AA,R06AA02,COVERED
1039281,D07AA,D07AA02,COVERED
1050385,R01BA,R01BA03,COVERED
1234576,R01AA,R01AA04,COVERED
1052416,N02BE,N02BE01,COVERED
1012257,,,MISS
1085769,,,MISS
1098924,,,MISS
1052950,,,MISS
403840,J01AA,J01AA08,COVERED
251380,D11AF,,COVERED
248678,D02AF,,COVERED
1086041,,,MISS
1049901,R06AA,R06AA02,COVERED
204510,,,MISS
1095693,D11AF,,COVERED
311430,A12CC,A12CC10,COVERED
346806,,,MISS
199130,D08AX,D08AX08,COVERED
996994,N02AJ,N02AJ07,COVERED
857527,,,MISS
802559,R02AD,R02AD01,COVERED
857754,,,MISS
332451,M01AC,M01AC06,COVERED
996736,R05FA,,COVERED
208652,,,MISS
855628,M01AB,M01AB05,COVERED
209469,,,MISS
824194,J01CR,,COVERED
1053753,D07CB,,COVERED
2104586,,,MISS
1147526,,,MISS
855657,M01AB,M01AB05,COVERED
349092,,,MISS
999832,,,MISS
206316,,,MISS
210351,M02AB,M02AB01,COVERED
807356,,,MISS
833197,,,MISS
208332,D10AD,D10AD01,COVERED
210056,,,MISS
212792,,,MISS
1114383,,,MISS
1001060,,,MISS
1012929,,,MISS
1098397,D06AX,D06AX05,COVERED
237212,G04BE,G04BE01,COVERED
284024,,,MISS
860236,,,MISS
1147619,R01BA,R01BA03,COVERED
1046593,D08AJ,D08AJ01,COVERED
1052633,N01BA,N01BA05,COVERED
1740250,,,MISS
486042,G04BC,,COVERED
485788,,,MISS
540582,,,MISS
1046957,,,MISS
1661567,J01GB,J01GB01,COVERED
241063,R03DA,R03DA01,COVERED
1739880,,,MISS
106302,D10AD,D10AD01,COVERED
205625,,,MISS
476628,A11JA,,COVERED
1191691,D11AF,,COVERED
251294,D01AE,D01AE12,COVERED
205850,,,MISS
248684,D01AE|D02AF,D01AE12,COVERED
831337,,,MISS
208985,,,MISS
1737566,C01BB,C01BB01,COVERED
2118716,,,MISS
857861,,,MISS
2049888,J01XA,J01XA01,COVERED
1048906,,,MISS
577819,,,MISS
604271,,,MISS
1658260,,,MISS
312214,A03AD,A03AD01,COVERED
1797871,,,MISS
1192860,S01KA,,COVERED
1091092,D11AC,,COVERED
1795149,B05BB,,COVERED
1858984,D04AB,D04AB01,COVERED
262197,B05BB,,COVERED
1795254,B05BB,,COVERED
1870207,C01CA,C01CA24,COVERED
1237129,,,MISS
1804806,B01AD,B01AD02,COVERED
1923483,R02AD,R02AD01,COVERED
1250065,,,MISS
577190,A11GB,,COVERED
1250909,,,MISS
1294322,,,MISS
1294246,,,MISS
1868839,A11JA,,COVERED
1294366,,,MISS
1247397,N02BA,N02BA01,COVERED
1297564,,,MISS
1314141,,,MISS
1297547,,,MISS
1356859,,,MISS
1362213,,,MISS
1435083,,,MISS
1440184,,,MISS
1491795,,,MISS
1494064,,,MISS
1431687,D04AB,D04AB01,COVERED
1246594,S01KA,,COVERED
197736,J01GB,J01GB03,COVERED
1545297,,,MISS
1250657,,,MISS
1250492,,,MISS
1299702,,,MISS
1297363,,,MISS
1293342,,,MISS
1648369,R06AA,R06AA02,COVERED
1668247,B05XA,B05XA19,COVERED
1357942,,,MISS
1363511,,,MISS
1364052,,,MISS
1246609,S01KA,,COVERED
1356809,R05DA,R05DA04,COVERED
1303251,N02BE,N02BE01,COVERED
1492680,,,MISS
1293040,,,MISS
1490487,A02AC,A02AC01,COVERED
1293962,,,MISS
1292443,J07BD,,COVERED
1300206,J07AJ,,COVERED
1362059,,,MISS
1795518,B05BA,,COVERED
1429409,,,MISS
1293446,B05BB,,COVERED
1537189,,,MISS
1299811,A12AX,,COVERED
1361692,D02AA,,COVERED
1741417,A11JC,,COVERED
1485531,A11JC,,COVERED
1491797,D08AX,D08AX08,COVERED
1543717,D04AB,D04AB01,COVERED
1649526,,,MISS
1365980,A11JB,,COVERED
1250921,,,MISS
1650696,,,MISS
1547593,N01BA,N01BA05,COVERED
1549435,,,MISS
1603365,L01XH,L01XH03,COVERED
1245283,,,MISS
1920976,,,MISS
1294248,,,MISS
1876392,D08AJ,D08AJ08,COVERED
1543072,N02BE,N02BE01,COVERED
1427959,D02AB,,COVERED
1364581,L01EX,L01EX07,COVERED
667906,,,MISS
686185,,,MISS
1865206,D02AB,,COVERED
628953,A12BA,A12BA01,COVERED
1923343,D02AA,,COVERED
905005,,,MISS
861098,,,MISS
895907,,,MISS
308370,,,MISS
991259,,,MISS
707544,R01AX,,COVERED
310890,,,MISS
312527,,,MISS
1550965,G03FA,,COVERED
800003,B05DB,,COVERED
801012,B05BA,,COVERED
310891,D07AA,D07AA02,COVERED
1997508,,,MISS
205914,,,MISS
1293268,D08AB,,COVERED
308714,D07XC,D07XC01,COVERED
998543,,,MISS
876852,,,MISS
309771,,,MISS
901818,,,MISS
2003668,B02BC,B02BC06,COVERED
705164,R01BA,R01BA03,COVERED
830541,,,MISS
866404,M02AC,,COVERED
2059297,,,MISS
992443,,,MISS
313016,B05XA,B05XA03,COVERED
758019,J01AA|A07BB|P01AB|A02BD,J01AA07|P01AB01,COVERED
1087285,A11JB,,COVERED
895905,,,MISS
310207,,,MISS
749848,G03AA,,COVERED
992668,,,MISS
998232,S01XA,,COVERED
314029,C03EA,,COVERED
748962,G03AC,G03AC01,COVERED
308846,,,MISS
995192,,,MISS
830873,,,MISS
881376,,,MISS
895521,,,MISS
198555,M02AB,M02AB01,COVERED
309774,V06DC,V06DC01,COVERED
206354,D07AA,D07AA02,COVERED
333834,,,MISS
348548,,,MISS
997658,D04AB,D04AB04,COVERED
2001364,N02AJ,,COVERED
313092,A06AD,A06AD18,COVERED
1088953,R05FA,,COVERED
93130,,,MISS
312032,,,MISS
794239,D11AX,D11AX03,COVERED
995455,,,MISS
800269,B05BA,,COVERED
978949,G03CA|G03AA|G03AB,G03CA03,COVERED
351277,,,MISS
794979,H02AB,H02AB06,COVERED
749736,G03AA,,COVERED
309454,,,MISS
807790,,,MISS
312881,D01AE,D01AE12,COVERED
308281,,,MISS
312284,,,MISS
2055989,G02BB,,COVERED
311948,A11JA,,COVERED
310476,,,MISS
833472,D05AX,D05AX02,COVERED
617995,J01CR,,COVERED
730866,C09DB,,COVERED
312356,,,MISS
876980,D02AA,,COVERED
348870,,,MISS
1087459,R05DA,R05DA03,COVERED
310811,C07BA,,COVERED
831533,G03AC,G03AC01,COVERED
1088965,R05FA,,COVERED
848180,D07AC,D07AC01,COVERED
324026,R06AX,R06AX26,COVERED
800790,,,MISS
309682,S01CA,,COVERED
848579,R01AX,,COVERED
847630,B05BB,,COVERED
1094467,,,MISS
1095687,,,MISS
857099,N02AJ,,COVERED
1098175,,,MISS
1099033,,,MISS
209468,N02BE,N02BE01,COVERED
857595,,,MISS
1116094,,,MISS
2117337,R02AD,R02AD01,COVERED
210249,A12CD,A12CD01,COVERED
1100016,D08AX,D08AX08,COVERED
1098910,B03AA,B03AA07,COVERED
860430,,,MISS
801405,B05BA,,COVERED
608926,N01BA,N01BA05,COVERED
543492,D07AA,D07AA02,COVERED
1011746,,,MISS
597823,J01GB,J01GB01,COVERED
860115,M01AB,M01AB15,COVERED
1189668,B05BB,,COVERED
1190551,A03BA,A03BA01,COVERED
1012208,,,MISS
1014379,,,MISS
1037074,,,MISS
1038768,,,MISS
1110802,A02AH,,COVERED
1011852,D04AB,D04AB01,COVERED
2184168,,,MISS
244661,,,MISS
1014022,J01AA,J01AA08,COVERED
1010740,,,MISS
1044196,,,MISS
1050624,,,MISS
1013934,C02AC,C02AC01,COVERED
1043014,D11AC,,COVERED
311426,,,MISS
104873,,,MISS
2119719,L01FD,L01FD01,COVERED
312217,,,MISS
1052684,D04AB,D04AB07,COVERED
1052670,R01BA,R01BA03,COVERED
1012223,C05AA,C05AA01,COVERED
206955,,,MISS
2001516,,,MISS
1053329,D01AE,D01AE12,COVERED
830661,,,MISS
830547,,,MISS
855492,,,MISS
1085640,D07AB,D07AB09,COVERED
207640,,,MISS
1114372,,,MISS
198579,,,MISS
847414,,,MISS
857404,,,MISS
208133,,,MISS
1101854,R02AA,R02AA19,COVERED
1089117,D06AX,D06AX05,COVERED
211684,,,MISS
1091892,,,MISS
855635,M02AA,M02AA15,COVERED
856940,N02AJ,,COVERED
1112948,,,MISS
212332,D11AF|D02AF,,COVERED
1190770,,,MISS
542512,,,MISS
1043760,,,MISS
1046305,,,MISS
1232712,R01AA,R01AA06,COVERED
1235267,G03AB|G03AA|G03CA,G03AB03|G03AA08|G03CA01,COVERED
829989,J07CA,,COVERED
1046646,,,MISS
1046865,,,MISS
1052982,,,MISS
1010902,N01BB,N01BB02,COVERED
1053111,,,MISS
1099026,G03AA,,COVERED
1235490,,,MISS
1046569,,,MISS
242989,,,MISS
1053346,A06AD,A06AD04,COVERED
1739988,,,MISS
1192505,,,MISS
1235389,A11AA,,COVERED
477144,,,MISS
859368,,,MISS
245220,B05BB,,COVERED
1741529,R01BA,R01BA03,COVERED
615111,B05BB,,COVERED
1049291,,,MISS
260847,N02BA|C10BX,N02BA01,COVERED
1660758,,,MISS
1732124,,,MISS
1734934,J05AB,J05AB01,COVERED
1735065,,,MISS
1657997,,,MISS
1039329,,,MISS
1046501,,,MISS
283163,,,MISS
1665215,,,MISS
211108,D08AG,D08AG02,COVERED
1043191,D11AF,,COVERED
860096,M01AB,M01AB15,COVERED
1735533,,,MISS
1010835,D04AB,D04AB01,COVERED
349544,,,MISS
800786,,,MISS
210076,,,MISS
1053339,N01BA,N01BA05,COVERED
211808,,,MISS
858136,,,MISS
860034,,,MISS
1006200,,,MISS
1657989,,,MISS
238015,G03AA,G03AA05,COVERED
1865204,,,MISS
198911,D02AB,,COVERED
1013665,J01AA,J01AA08,COVERED
581753,D03BA,D03BA01,COVERED
1869280,,,MISS
1809754,B03BB,B03BB01,COVERED
1867940,N01BB,N01BB02,COVERED
1940587,,,MISS
1244008,,,MISS
1795348,B05BB,,COVERED
1244581,,,MISS
1804375,R01AX,,COVERED
1867944,N01BB,N01BB02,COVERED
1866164,R01AX,,COVERED
1250488,,,MISS
1249040,,,MISS
1291718,,,MISS
1293038,,,MISS
1301152,,,MISS
1245383,A12CC,A12CC01,COVERED
1247254,,,MISS
1364272,,,MISS
1249717,R06AA,R06AA02,COVERED
1368963,,,MISS
1251327,G03AA|G03FA,G03AA05,COVERED
1425352,,,MISS
1300064,D01AE,D01AE14,COVERED
1425510,,,MISS
1874857,A12AX,,COVERED
1535484,,,MISS
1545673,,,MISS
1373504,G03AA|G03AB|G03CA,G03AA08|G03AB03|G03CA01,COVERED
1430119,,,MISS
1369810,S01KA,,COVERED
1792142,,,MISS
1595155,D04AB,D04AB04,COVERED
1425559,A02AH,,COVERED
1486452,B03AA|G03AA,B03AA02,COVERED
1807509,,,MISS
1737568,C01BB,C01BB01,COVERED
1294005,,,MISS
1926055,,,MISS
1300908,,,MISS
1376380,,,MISS
1741905,D10AX,D10AX05,COVERED
1865193,M02AB,M02AB01,COVERED
1795498,,,MISS
197962,C02LB,,COVERED
1798997,,,MISS
197781,,,MISS
1433894,A01AB,,COVERED
1363513,R01BA,R01BA02,COVERED
1856424,G03AB|G03AA,,COVERED
1292897,,,MISS
1297369,,,MISS
1297960,,,MISS
1300740,,,MISS
1537235,,,MISS
1430401,,,MISS
1438497,C05AX,C05AX06,COVERED
1601564,,,MISS
1546705,,,MISS
1245937,D11AC,,COVERED
1246250,D11AC,,COVERED
1546588,D11AF,,COVERED
1652108,C05AD,C05AD01,COVERED
1244999,,,MISS
1542820,M02AX,,COVERED
1599163,M02AC,,COVERED
1361568,,,MISS
1366206,,,MISS
1290936,D01AE,D01AE12,COVERED
1494203,D02AB,,COVERED
1235758,M02AC,,COVERED
1811918,B01AC,B01AC06,COVERED
1294621,A02BD,A02BD08,COVERED
1433755,,,MISS
664704,,,MISS
669031,,,MISS
1928875,D08AH,,COVERED
708018,,,MISS
1424257,D04AB,D04AB07,COVERED
309846,,,MISS
793867,,,MISS
1302176,D02AB,,COVERED
891437,,,MISS
978954,,,MISS
884185,C02AC,C02AC01,COVERED
731572,J01CE,J01CE08,COVERED
731538,J01CE,J01CE08,COVERED
753536,G03AA,,COVERED
751884,G03AA,,COVERED
637518,D04AB,D04AB04,COVERED
997406,R01BA,R01BA02,COVERED
759697,H02AB,H02AB02,COVERED
207586,,,MISS
205255,,,MISS
803308,,,MISS
198247,,,MISS
198367,,,MISS
904268,A12BA,A12BA01,COVERED
898396,G01AX,G01AX11,COVERED
639497,,,MISS
687659,,,MISS
312529,A12BA,A12BA01,COVERED
901829,,,MISS
205289,,,MISS
753526,,,MISS
1994389,N02BF,N02BF02,COVERED
351974,A01AB,A01AB23,COVERED
880326,N02BE,N02BE01,COVERED
793865,,,MISS
861661,,,MISS
308615,,,MISS
997520,,,MISS
312771,,,MISS
359468,,,MISS
346910,,,MISS
308666,,,MISS
904465,M05BB,,COVERED
308398,,,MISS
311660,,,MISS
995906,,,MISS
882504,R06AA,R06AA02,COVERED
748961,G03AC,G03AC01,COVERED
198861,A02AH,,COVERED
311905,,,MISS
756236,,,MISS
636528,A11JA,,COVERED
834160,D08AC,D08AC02,COVERED
205259,J07AM,J07AM01,COVERED
754744,,,MISS
899705,C01DA,C01DA02,COVERED
995440,R05FA,,COVERED
206512,,,MISS
359322,,,MISS
359929,,,MISS
309015,,,MISS
309674,,,MISS
647416,D02AX,,COVERED
797233,D02AB,,COVERED
864669,A12AX,,COVERED
308725,L01XF,L01XF03,COVERED
206033,,,MISS
997283,,,MISS
347744,,,MISS
204602,D06AX,D06AX05,COVERED
349212,,,MISS
309318,G04BC,,COVERED
1089030,R05FA,,COVERED
313789,,,MISS
2000023,L01EL,L01EL01,COVERED
998525,D01AC,D01AC02,COVERED
848216,,,MISS
2104323,,,MISS
210133,,,MISS
2122909,,,MISS
204423,S02CA,,COVERED
1147181,,,MISS
846192,H02AB,H02AB02,COVERED
211315,N01BA,N01BA05,COVERED
849295,N02AC,N02AC04,COVERED
477245,,,MISS
543666,,,MISS
1233682,D08AC,D08AC02,COVERED
1116967,M02AC,,COVERED
859327,,,MISS
859329,,,MISS
1001086,,,MISS
1010846,,,MISS
1189310,B05BA,,COVERED
476828,D10AX,,COVERED
608696,N02BA,N02BA01,COVERED
1043723,,,MISS
1044563,,,MISS
543812,D02AX|D07AC,,COVERED
800928,B05BB,,COVERED
1012229,C05AA,C05AA01,COVERED
103403,D07AA,D07AA02,COVERED
1012966,D04AB,D04AB01,COVERED
1050079,,,MISS
1052530,,,MISS
1012327,C05AA,C05AA01,COVERED
1045430,D08AJ|D02AB,D08AJ08,COVERED
106371,,,MISS
260406,,,MISS
260302,,,MISS
307832,,,MISS
615968,,,MISS
238909,N01BA,N01BA05,COVERED
857877,,,MISS
1053142,D04AA,D04AA32,COVERED
1014318,,,MISS
259305,S01XA,,COVERED
1111703,R05CA,R05CA02,COVERED
1041498,D08AX,D08AX08,COVERED
1049906,R06AA,R06AA02,COVERED
1046959,,,MISS
1001006,N07AX,N07AX01,COVERED
1011080,S01CA,,COVERED
2044805,,,MISS
834173,,,MISS
348568,,,MISS
1661099,D11AF,,COVERED
855162,,,MISS
847534,,,MISS
1659151,J01CR,,COVERED
210541,,,MISS
804544,S01BA,S01BA16,COVERED
211890,,,MISS
2176270,,,MISS
1092412,,,MISS
205233,A02AD,,COVERED
1098592,,,MISS
1111680,,,MISS
1190781,,,MISS
1115730,,,MISS
200082,J05AR,J05AR01,COVERED
1095725,R06AA,R06AA04,COVERED
198534,,,MISS
1094385,,,MISS
2108930,G03FA,,COVERED
403937,N02BE,N02BE01,COVERED
1050325,G04BX,,COVERED
1094740,D04AB,D04AB04,COVERED
2001749,M02AC,,COVERED
2045632,N02CD,N02CD01,COVERED
857007,N02AJ,,COVERED
999967,C09DX,,COVERED
1000937,,,MISS
1013030,,,MISS
1038947,,,MISS
1053761,,,MISS
544741,D10AF,D10AF01,COVERED
1038856,D09AA,D09AA11,COVERED
1235205,D02AF|D01AE|J01AA,D01AE12,COVERED
1101873,,,MISS
1737641,C01BB,C01BB01,COVERED
213279,D02AX,,COVERED
2174809,L01FD,L01FD01,COVERED
485550,A12AX,,COVERED
1233698,D04AB,D04AB07,COVERED
1658044,L04AG,L04AG12,COVERED
249713,,,MISS
1087245,B03AE,,COVERED
1674200,,,MISS
1739992,,,MISS
240812,D01AC,D01AC08,COVERED
1193103,,,MISS
1791365,,,MISS
1232141,,,MISS
1233294,,,MISS
1000005,C09DX,,COVERED
239237,D01BA,D01BA01,COVERED
859143,,,MISS
562647,,,MISS
242736,D06BX,D06BX01,COVERED
1052729,,,MISS
1659218,,,MISS
1728766,,,MISS
1000983,,,MISS
247835,D08AX,D08AX08,COVERED
1795168,B05BB,,COVERED
1658087,L01FD,L01FD03,COVERED
347823,,,MISS
1737753,,,MISS
1190331,R01BA,R01BA02,COVERED
1053188,D08AJ,D08AJ01,COVERED
1085745,D07AB,D07AB09,COVERED
205976,,,MISS
1234242,G04BE,G04BE01,COVERED
1235380,,,MISS
833456,,,MISS
212599,,,MISS
1043669,,,MISS
244539,,,MISS
562387,,,MISS
800812,B05BB,,COVERED
1001010,,,MISS
307745,,,MISS
242946,C01DA,C01DA02,COVERED
213178,G04CB,G04CB01,COVERED
417547,D02AA,,COVERED
577043,A12AX,,COVERED
1797913,R01AD,R01AD11,COVERED
849608,B03AE,,COVERED
1926456,,,MISS
1235561,,,MISS
1809903,D08AX,D08AX08,COVERED
1867544,A12BA,A12BA01,COVERED
1236458,,,MISS
1868562,C01DA,C01DA02,COVERED
1243899,,,MISS
1246891,,,MISS
1866190,B05BB,,COVERED
1250917,,,MISS
1297575,,,MISS
1303777,,,MISS
1291979,,,MISS
1236716,R01BA,R01BA02,COVERED
1356302,,,MISS
1360330,,,MISS
1235874,G03AA,,COVERED
1361198,,,MISS
284069,A12CX,,COVERED
1370950,,,MISS
1427379,,,MISS
1363475,R06AA,R06AA02,COVERED
1424457,D10AD,D10AD01,COVERED
1435502,,,MISS
1363785,R01BA,R01BA03,COVERED
1442871,,,MISS
1489103,,,MISS
1491717,,,MISS
1313061,A08AA,A08AA01,COVERED
1359128,G03FA,,COVERED
1596455,,,MISS
1544639,,,MISS
1293644,,,MISS
1428933,G03AA,,COVERED
1604395,L01EX,L01EX08,COVERED
1796137,M02AB,M02AB01,COVERED
1918056,G03AB|G03AA|G03CA,G03AB03|G03AA08|G03CA01,COVERED
1868028,N01BB,N01BB02,COVERED
1293660,,,MISS
1593569,D11AC,,COVERED
1235595,J05AJ,J05AJ01,COVERED
1294562,,,MISS
1432948,,,MISS
1483212,,,MISS
1247988,,,MISS
1244579,,,MISS
1241833,,,MISS
1250903,,,MISS
197952,C02LA,,COVERED
1251557,,,MISS
1737763,C01BB,C01BB01,COVERED
1870225,C01CA,C01CA24,COVERED
1294371,,,MISS
1297584,,,MISS
1370002,,,MISS
1300368,J07AJ,,COVERED
1241796,A11JB,,COVERED
1490785,,,MISS
1495476,,,MISS
1291677,D04AB,D04AB01,COVERED
141868,M02AB,M02AB01,COVERED
1300092,S01FB,S01FB01,COVERED
1303358,D11AC,,COVERED
1537107,S01KA,,COVERED
1544065,,,MISS
1597593,,,MISS
1540278,,,MISS
1551989,,,MISS
1593771,N02BE,N02BE01,COVERED
1376395,,,MISS
1244565,,,MISS
1542385,C01CA,C01CA06,COVERED
1251049,,,MISS
1653326,D04AB,D04AB01,COVERED
1251175,,,MISS
1608258,M02AX,,COVERED
1545174,,,MISS
657568,,,MISS
707339,,,MISS
1603369,L01XH,L01XH03,COVERED
723530,,,MISS
1367227,R01BA,R01BA03,COVERED
643066,J05AR,J05AR06,COVERED
687196,B05BB,,COVERED
798176,D08AG,D08AG02,COVERED
895666,M01AE,M01AE01,COVERED
1603861,G03AB|G03AA|G03CA,G03AB03|G03AA08|G03CA01,COVERED
707333,R01AX,,COVERED
206510,,,MISS
308941,,,MISS
311423,,,MISS
1359129,G03FA,,COVERED
800074,B05DB,,COVERED
795770,B03AE,,COVERED
763577,,,MISS
748641,,,MISS
755799,,,MISS
800588,B05BA,,COVERED
200036,G01AF,G01AF02,COVERED
310313,B03AE,,COVERED
755838,,,MISS
762005,,,MISS
991251,,,MISS
311997,,,MISS
309315,,,MISS
995084,R05DA,R05DA04,COVERED
885131,D10AF,D10AF01,COVERED
308278,N02BE,N02BE01,COVERED
200866,,,MISS
317282,,,MISS
763095,S02CA,,COVERED
998526,D01AC,D01AC02,COVERED
731559,,,MISS
198300,D10AD,D10AD01,COVERED
1087249,B03AE,,COVERED
630422,,,MISS
889520,N02BE,N02BE01,COVERED
308524,,,MISS
808534,A11JA,,COVERED
312525,,,MISS
308841,A02AF,,COVERED
801579,,,MISS
310911,,,MISS
1087457,G04BX,G04BX12,COVERED
998501,D01AC,D01AC02,COVERED
2047879,D08AJ,D08AJ01,COVERED
630475,,,MISS
309287,B06AA,B06AA04,COVERED
308903,,,MISS
866813,,,MISS
198493,,,MISS
753549,,,MISS
992582,D02AX,,COVERED
692730,M02AB,M02AB01,COVERED
308667,A01AD,,COVERED
992754,,,MISS
198468,,,MISS
206344,B05XA,B05XA11,COVERED
198717,,,MISS
309289,D01AE,D01AE14,COVERED
199561,A02BA,A02BA02,COVERED
999990,C09DX,,COVERED
2046149,L01FG,L01FG01,COVERED
206336,D07AA,D07AA02,COVERED
846953,,,MISS
807206,,,MISS
994435,N02BA,N02BA01,COVERED
1090456,R06AA,R06AA02,COVERED
310228,G03AA,,COVERED
853367,,,MISS
855644,,,MISS
207127,J02AX,J02AX01,COVERED
749157,G03AB|G03AA,,COVERED
210078,,,MISS
208957,,,MISS
2184133,,,MISS
313134,J01EE,J01EE01,COVERED
848960,S02AA,S02AA15,COVERED
1101942,,,MISS
1094418,,,MISS
1099308,R01BA,R01BA02,COVERED
1112244,R01BA,R01BA02,COVERED
452688,,,MISS
2174390,R07AX,R07AX02,COVERED
1191262,D10AD,D10AD01,COVERED
859164,,,MISS
860600,,,MISS
1101377,S01GA,S01GA02,COVERED
2184177,,,MISS
1046504,,,MISS
2106997,G03AA,,COVERED
251406,,,MISS
245038,,,MISS
407856,V03AN,V03AN04,COVERED
1038746,D09AA,D09AA11,COVERED
1658313,,,MISS
1020053,D11AF,,COVERED
1094447,,,MISS
1085741,D07AB,D07AB09,COVERED
283274,N02BE,N02BE01,COVERED
540142,,,MISS
1655934,R07AX,R07AX02,COVERED
1001079,,,MISS
209251,G03EA,,COVERED
1039499,,,MISS
1657910,,,MISS
283602,D11AF,,COVERED
1046900,,,MISS
995447,,,MISS
317862,,,MISS
807835,,,MISS
1148394,D02AA,,COVERED
2049391,,,MISS
208592,,,MISS
856824,,,MISS
205626,M01AE,M01AE09,COVERED
210778,,,MISS
211893,,,MISS
2184131,,,MISS
2123159,,,MISS
1092552,,,MISS
208311,,,MISS
206178,,,MISS
999995,C09DX,,COVERED
998673,C02AC,C02AC01,COVERED
801194,,,MISS
831250,,,MISS
314171,,,MISS
1091339,D10AF,D10AF01,COVERED
377832,,,MISS
210827,,,MISS
1190184,A06AG,,COVERED
237406,,,MISS
1094481,,,MISS
1233692,,,MISS
211836,,,MISS
579816,,,MISS
210864,N02BE,N02BE01,COVERED
2170987,D01AE,D01AE12,COVERED
1006709,,,MISS
1012004,,,MISS
2178283,M02AB,M02AB01,COVERED
1085698,,,MISS
543786,N01BA,N01BA03,COVERED
1005853,D10AF,D10AF06,COVERED
260127,,,MISS
251404,,,MISS
211682,,,MISS
1049910,R06AA,R06AA02,COVERED
1047862,,,MISS
1733859,D04AB,D04AB01,COVERED
1085977,,,MISS
1664359,,,MISS
105467,G04BE,G04BE01,COVERED
1010053,N01BB,N01BB02,COVERED
1046442,D08AJ,D08AJ01,COVERED
238405,D02AB,,COVERED
1737638,,,MISS
245020,,,MISS
859941,,,MISS
307828,,,MISS
1050670,,,MISS
1046867,A01AA,A01AA02,COVERED
1668154,,,MISS
860143,,,MISS
616810,D08AX,D08AX08,COVERED
1737565,,,MISS
1009433,D04AB,D04AB01,COVERED
206847,,,MISS
205859,,,MISS
1000497,G03FA,,COVERED
1086767,R06AA,R06AA02,COVERED
833703,,,MISS
239239,D01BA,D01BA01,COVERED
404179,A02AC,A02AC01,COVERED
1100896,,,MISS
208323,,,MISS
208942,,,MISS
210540,,,MISS
1744041,D11AC,,COVERED
349404,D02AB,,COVERED
577862,,,MISS
857413,,,MISS
849450,N02CC,N02CC01,COVERED
857764,,,MISS
1020059,,,MISS
1037147,,,MISS
416684,D02AB,,COVERED
545118,S01AE,S01AE05,COVERED
245043,,,MISS
617309,J01CR,,COVERED
261359,,,MISS
562251,J01CR,,COVERED
1946727,,,MISS
1241824,,,MISS
1863967,,,MISS
857468,C10AA,,COVERED
1797906,R01AD,R01AD11,COVERED
1090849,A12CX,,COVERED
1191376,D08AH,,COVERED
1867997,N01BB,N01BB02,COVERED
1292314,,,MISS
1304511,,,MISS
1374408,,,MISS
1798541,D11AF,,COVERED
1873704,G03AA|B03AA,B03AA02,COVERED
1246628,D08AJ,D08AJ01,COVERED
1372891,D04AB,D04AB01,COVERED
1442585,D01AC,D01AC03,COVERED
1422103,D04AB,D04AB01,COVERED
1545290,D04AB,D04AB01,COVERED
1432119,,,MISS
1604352,L01EX,L01EX08,COVERED
244309,,,MISS
1425110,L01EE,L01EE01,COVERED
1547672,R03BA,R03BA09,COVERED
1798385,D08AX,D08AX08,COVERED
1293975,,,MISS
1793135,B02BC,B02BC06,COVERED
1251562,D01AE,D01AE12,COVERED
1297551,,,MISS
1919512,L01FF,L01FF03,COVERED
1943497,R05DB,R05DB10,COVERED
1242787,G03AB|G03AA,,COVERED
197953,C02LA,,COVERED
1245985,S01KA,,COVERED
1363034,,,MISS
1376066,,,MISS
1436155,,,MISS
1486665,,,MISS
1546894,J05AR,J05AR13,COVERED
1943551,,,MISS
1442590,D01AC,D01AC03,COVERED
1310954,A12AX,,COVERED
1310944,,,MISS
1534833,D02AA,,COVERED
1244921,R05DA,R05DA04,COVERED
1801294,A12BA,A12BA01,COVERED
1422081,G03AA,,COVERED
1807510,J01XA,J01XA01,COVERED
1363499,,,MISS
1310820,D08AJ,D08AJ01,COVERED
1869381,S01KA,,COVERED
198208,,,MISS
1436931,,,MISS
1312408,L01EX,L01EX05,COVERED
1545669,,,MISS
1601098,,,MISS
1539190,,,MISS
1483558,B03AA|G03AA,B03AA02,COVERED
1544971,,,MISS
1536882,R01BA,R01BA03,COVERED
1359347,D06AX,D06AX05,COVERED
1547952,G04BX,G04BX12,COVERED
1245286,,,MISS
1923433,S01ED,S01ED01,COVERED
1598471,,,MISS
1601091,,,MISS
1923428,S01ED,S01ED01,COVERED
702434,,,MISS
1293876,S02CA,,COVERED
1806683,G03FA,,COVERED
312193,,,MISS
308366,,,MISS
885228,R02AD,R02AD01,COVERED
1442992,L01EL,L01EL01,COVERED
892830,,,MISS
992774,G01AF,G01AF04,COVERED
1440065,M02AC,,COVERED
884770,N02BE,N02BE01,COVERED
1302633,D04AX,,COVERED
91349,D08AX,D08AX01,COVERED
205899,,,MISS
800220,B05BA,,COVERED
995615,,,MISS
998514,,,MISS
995077,R05DA,R05DA04,COVERED
2044886,D07XA,D07XA01,COVERED
802059,,,MISS
351358,,,MISS
308898,,,MISS
308579,D03AX,D03AX06,COVERED
315243,,,MISS
312614,H02AB,H02AB06,COVERED
845494,,,MISS
1090529,,,MISS
198818,D08AG,D08AG02,COVERED
1988786,L01ED,L01ED04,COVERED
901814,M01AE,M01AE01,COVERED
1597620,J01DI,,COVERED
656808,,,MISS
876679,A11JA,,COVERED
617333,J01CR,,COVERED
903438,H03AA,H03AA02,COVERED
312018,C01DA,C01DA02,COVERED
830778,C10AA,,COVERED
829759,A11JB,,COVERED
315158,,,MISS
199105,D04AB,D04AB01,COVERED
998483,D01AC,D01AC02,COVERED
313452,D10AD,D10AD01,COVERED
314047,M01AE,M01AE01,COVERED
198404,,,MISS
891815,A11JB,,COVERED
730869,C09DB,,COVERED
1088977,R05FA,,COVERED
746030,C07CB,,COVERED
404284,D07AA,D07AA02,COVERED
801486,,,MISS
311662,,,MISS
404176,A02AF,,COVERED
656843,,,MISS
373896,B05XA,B05XA02,COVERED
388054,S01ED,S01ED01,COVERED
310433,N02BF,N02BF01,COVERED
758486,,,MISS
310326,,,MISS
900438,,,MISS
311214,,,MISS
884014,P02CF,P02CF01,COVERED
312266,,,MISS
724859,N06BA,N06BA13,COVERED
198487,N01BA,N01BA05,COVERED
896862,,,MISS
749158,G03AA|G03AB,,COVERED
991013,,,MISS
748800,G03AA,,COVERED
995443,R05FA,,COVERED
979334,,,MISS
312106,,,MISS
672193,D11AA,,COVERED
757667,B02BD,B02BD30,COVERED
204969,D04AB,D04AB04,COVERED
998369,,,MISS
1087258,A11JB,,COVERED
2046145,L01FG,L01FG01,COVERED
313788,,,MISS
2055008,D10AD,D10AD01,COVERED
1087026,D04AA,D04AA32,COVERED
349607,,,MISS
1087682,D02AA,,COVERED
999613,D10AF,D10AF06,COVERED
805017,,,MISS
834158,,,MISS
310541,S01XA,,COVERED
848197,,,MISS
854861,,,MISS
208123,,,MISS
801005,B05BB,,COVERED
208590,,,MISS
1094168,,,MISS
213561,,,MISS
827693,R07AX,R07AX01,COVERED
360422,A12AX,,COVERED
351913,,,MISS
1116629,,,MISS
1190804,,,MISS
313090,B05CX,B05CX02,COVERED
1000046,,,MISS
562300,,,MISS
855626,M01AB,M01AB05,COVERED
1013011,,,MISS
1233623,M02AB,M02AB01,COVERED
1234594,D01AE,D01AE12,COVERED
404044,D07AA,D07AA02,COVERED
1037153,,,MISS
1101389,S01GA,S01GA02,COVERED
1011707,N01BB,N01BB02,COVERED
1044218,,,MISS
1047939,,,MISS
1052709,,,MISS
1053282,,,MISS
1037205,D08AG,D08AG02,COVERED
1053364,,,MISS
108329,,,MISS
1014571,R01BA,R01BA02,COVERED
2184158,,,MISS
543685,,,MISS
1659174,,,MISS
616906,,,MISS
1085773,D07AB,D07AB09,COVERED
1020375,,,MISS
1044982,,,MISS
543806,,,MISS
1658262,B05XA,B05XA05,COVERED
1011705,D04AB,D04AB01,COVERED
207638,,,MISS
284453,R01AX,,COVERED
809521,,,MISS
283420,D08AX,D08AX01,COVERED
833104,,,MISS
853021,,,MISS
1999389,R07AX,R07AX02,COVERED
1091245,,,MISS
211958,,,MISS
283279,D02AF,,COVERED
392275,J01FF,J01FF01,COVERED
1111055,,,MISS
310639,,,MISS
311454,,,MISS
1011987,S01CA,,COVERED
1101534,R01BA,R01BA03,COVERED
210177,D11AC,,COVERED
313250,,,MISS
313963,,,MISS
346805,,,MISS
352350,,,MISS
827180,,,MISS
211508,,,MISS
616765,,,MISS
857762,,,MISS
2181311,R01BA,R01BA03,COVERED
237205,C01DA,C01DA02,COVERED
1234532,D04AB,D04AB07,COVERED
857836,,,MISS
860272,,,MISS
1013038,,,MISS
211151,A07BB|A02BD,,COVERED
1046965,,,MISS
847042,C09DA,,COVERED
1049245,,,MISS
1047125,,,MISS
1053206,,,MISS
2118730,N02AJ,,COVERED
1038799,D08AJ,D08AJ01,COVERED
242538,,,MISS
312107,A03DB,,COVERED
260401,,,MISS
307829,,,MISS
1000654,,,MISS
245640,D01AE,D01AE12,COVERED
283523,N02BF,N02BF01,COVERED
307760,,,MISS
242623,A02AD,,COVERED
1039716,D01AE|D02AF|J01AA,D01AE12,COVERED
1656287,,,MISS
1010763,N01BB,N01BB02,COVERED
805378,J07CA,,COVERED
1049888,D04AA,D04AA32,COVERED
1737735,C01BB,C01BB01,COVERED
240422,V07AX,,COVERED
1789199,,,MISS
860090,,,MISS
1000948,,,MISS
1005806,,,MISS
1736656,G03AA|G03FA,G03AA05,COVERED
1086386,V06DC,V06DC01,COVERED
1789746,R06AA,R06AA02,COVERED
1006691,,,MISS
1039991,,,MISS
238936,,,MISS
243508,,,MISS
1005819,D10AF,D10AF06,COVERED
261177,,,MISS
106339,D11AC,,COVERED
1794886,B05BB,,COVERED
602598,,,MISS
308074,,,MISS
206893,,,MISS
846918,,,MISS
434102,,,MISS
857529,,,MISS
1006122,S01AB,S01AB04,COVERED
1049086,,,MISS
616287,L01EX,L01EX01,COVERED
1794882,,,MISS
1094560,D02AB,,COVERED
1193337,L01EJ,L01EJ01,COVERED
1810869,,,MISS
2118728,N02AJ,,COVERED
1861581,,,MISS
1807550,B05XA,B05XA03,COVERED
1863554,,,MISS
1657705,L01FE,L01FE02,COVERED
1804802,B01AD,B01AD02,COVERED
1812194,H02AB,H02AB02,COVERED
1867942,,,MISS
1860080,D08AX,D08AX08,COVERED
1242769,,,MISS
1243780,,,MISS
1244908,,,MISS
1865144,D07AA,D07AA02,COVERED
1294035,,,MISS
1294192,,,MISS
1297952,,,MISS
1314629,,,MISS
1359359,,,MISS
1293729,D07XA,D07XA01,COVERED
1359608,,,MISS
1048075,R05FB,,COVERED
1359743,,,MISS
1312747,M02AB,M02AB01,COVERED
1362223,,,MISS
1424050,,,MISS
1435897,,,MISS
1426565,,,MISS
1483772,,,MISS
1552231,,,MISS
1494041,,,MISS
1374842,A07AA,A07AA01,COVERED
247139,,,MISS
284430,,,MISS
1487251,N02BE,N02BE01,COVERED
1856552,,,MISS
1865292,,,MISS
1869605,,,MISS
2184108,R01BA,R01BA03,COVERED
1251771,,,MISS
1301161,,,MISS
1086356,D11AF,,COVERED
1305135,,,MISS
1307073,,,MISS
1441385,,,MISS
1488333,,,MISS
1359083,,,MISS
1294019,R05CA,R05CA03,COVERED
1860083,D02AB,,COVERED
1922727,,,MISS
1313925,A11JC,,COVERED
1432482,D04AB,D04AB01,COVERED
1943549,,,MISS
1485332,G03AA,,COVERED
1921723,G03AB|G03AA|G03CA,G03AB03|G03AA08|G03CA01,COVERED
1363648,,,MISS
1482656,,,MISS
285028,J05AR,J05AR04,COVERED
1541115,,,MISS
1489299,D04AX,,COVERED
1551498,,,MISS
1593295,,,MISS
1489070,R02AD,R02AD01,COVERED
1491882,D04AB,D04AB01,COVERED
1547664,R03BA,R03BA09,COVERED
1550957,M01AE,M01AE02,COVERED
1600927,,,MISS
1606208,,,MISS
1293466,B05BB,,COVERED
1362791,,,MISS
1243393,A12AX,,COVERED
1441398,,,MISS
1600974,,,MISS
1549308,,,MISS
1804844,,,MISS
1244632,,,MISS
1291099,,,MISS
1248032,,,MISS
1427410,D02AB,,COVERED
1297387,,,MISS
1360388,,,MISS
197665,,,MISS
1372560,M02AC,,COVERED
1542988,,,MISS
1551512,,,MISS
628955,,,MISS
1363279,L01EX,L01EX07,COVERED
747236,,,MISS
688701,,,MISS
197324,D11AA,,COVERED
795728,,,MISS
992739,,,MISS
890953,,,MISS
861962,N06BA,N06BA13,COVERED
1536470,A02AH,,COVERED
311933,,,MISS
637551,B05BB,,COVERED
2043455,,,MISS
206989,,,MISS
207289,,,MISS
795853,,,MISS
645669,,,MISS
1604564,A07FA,,COVERED
753522,,,MISS
308849,,,MISS
1594962,S01XA,,COVERED
761977,G03AA|G03AB,,COVERED
310872,,,MISS
1994337,,,MISS
206368,,,MISS
310877,D07AA,D07AA02,COVERED
758020,J01AA|A07BB|P01AB|A02BD,J01AA07|P01AB01,COVERED
198405,M01AE,M01AE01,COVERED
308274,,,MISS
310687,S02CA,,COVERED
876861,A11JA,,COVERED
998675,C02AC,C02AC01,COVERED
685574,,,MISS
804752,M02AB,M02AB01,COVERED
312255,D06BB,D06BB06,COVERED
992528,D01AE,D01AE15,COVERED
884192,,,MISS
748596,,,MISS
763390,,,MISS
312220,,,MISS
201142,,,MISS
995073,R05DA,R05DA04,COVERED
206032,,,MISS
313005,,,MISS
309431,,,MISS
686403,D02AA,,COVERED
198475,N02BA,N02BA01,COVERED
994535,M03BC,M03BC01,COVERED
755702,,,MISS
748869,,,MISS
2000027,L01EL,L01EL01,COVERED
860947,,,MISS
723801,R05CA,R05CA02,COVERED
880878,D02AA,,COVERED
312604,,,MISS
2003190,,,MISS
744628,C09DB,,COVERED
206520,,,MISS
864735,N01BA,N01BA05,COVERED
204913,H03CA,,COVERED
744793,,,MISS
999927,D10AD,D10AD01,COVERED
994237,N02AJ,,COVERED
861385,J02AX,J02AX05,COVERED
729935,D02AB,,COVERED
198235,J01EB,J01EB05,COVERED
199190,,,MISS
2045477,,,MISS
998474,,,MISS
828576,N02AC,N02AC04,COVERED
885578,B03AA,B03AA07,COVERED
669025,N01BA,N01BA05,COVERED
883501,D11AF|D11AC|D02AF,,COVERED
807012,D02AX,,COVERED
998539,,,MISS
900384,,,MISS
891806,D02AB,,COVERED
205862,,,MISS
317104,,,MISS
205281,,,MISS
199680,D02AA,,COVERED
206887,,,MISS
349563,,,MISS
313629,,,MISS
825190,,,MISS
198706,D07AA,D07AA02,COVERED
204442,M01AE,M01AE01,COVERED
313009,A12CA,A12CA01,COVERED
802503,B03AE,,COVERED
311916,,,MISS
995019,C01DA,C01DA02,COVERED
833096,,,MISS
857523,,,MISS
847217,,,MISS
208305,,,MISS
211154,,,MISS
1094019,,,MISS
1094087,,,MISS
208406,J01EE,J01EE01,COVERED
1150120,,,MISS
211194,N02BE,N02BE01,COVERED
313847,L01XF,L01XF02,COVERED
1100057,D01AE,D01AE14,COVERED
212978,A02AD,A02AD03,COVERED
562662,,,MISS
1145610,D08AX,D08AX08,COVERED
1095227,G03AB|G03AA,,COVERED
859029,,,MISS
860030,,,MISS
860741,,,MISS
359329,R05FB,,COVERED
1046760,,,MISS
404084,B03AE,,COVERED
1011839,D08AJ,D08AJ01,COVERED
1039227,D04AB,D04AB04,COVERED
858364,S01BC,S01BC05,COVERED
1053716,,,MISS
1053239,N01BA,N01BA05,COVERED
1086263,,,MISS
1043353,N01BA,N01BA05,COVERED
244267,,,MISS
245650,,,MISS
1048969,D02AB,,COVERED
248273,,,MISS
1085750,H02AB,H02AB08,COVERED
1659993,,,MISS
1053200,D02AA,,COVERED
209717,,,MISS
545871,,,MISS
1116912,,,MISS
1012021,S01CA,,COVERED
1045341,,,MISS
1664543,R05DA,R05DA04,COVERED
1114865,,,MISS
315014,,,MISS
1012068,N01BB,N01BB02,COVERED
1046643,S01GA,S01GA01,COVERED
831233,,,MISS
800122,,,MISS
833543,,,MISS
307707,V07AB,,COVERED
1659131,J01CR,,COVERED
857744,,,MISS
857742,,,MISS
2102938,,,MISS
1099631,,,MISS
804547,S01BA,S01BA16,COVERED
802759,B03AE,,COVERED
310876,,,MISS
1115833,,,MISS
1100070,M01AE,M01AE01,COVERED
212584,D11AC,,COVERED
200215,,,MISS
1999724,G03AA,,COVERED
212586,D11AC,,COVERED
847121,A12AX,,COVERED
1102185,D08AJ,D08AJ01,COVERED
313249,,,MISS
209884,D11AC,,COVERED
210040,,,MISS
996991,N02AJ,N02AJ07,COVERED
313802,,,MISS
212996,,,MISS
849304,N02AC,N02AC04,COVERED
313996,J01GB,J01GB03,COVERED
206208,D11AA,,COVERED
1115708,,,MISS
312893,D11AF|D02AF,,COVERED
211336,,,MISS
2123034,J05AR,J05AR12,COVERED
1098498,R01BA,R01BA02,COVERED
1053401,,,MISS
1193111,R01BA,R01BA03,COVERED
1235472,R02AD,R02AD01,COVERED
1044524,A02AC,A02AC01,COVERED
1117525,J01XB,J01XB01,COVERED
1234569,R01AA,R01AA04,COVERED
1721434,N02BA,N02BA04,COVERED
1044427,N02AJ,,COVERED
579996,S01XA,,COVERED
1233297,,,MISS
1047041,,,MISS
1737761,C01BB,C01BB01,COVERED
1739207,,,MISS
422098,,,MISS
543725,R02AD,R02AD01,COVERED
1722676,G03AB|G03AA,,COVERED
259240,,,MISS
856769,N06CA,,COVERED
1658256,,,MISS
1673947,,,MISS
1000638,S01EB,S01EB01,COVERED
239201,,,MISS
1721476,J01CA,J01CA01,COVERED
1049278,D08AJ,D08AJ01,COVERED
1191414,D07BA,,COVERED
1654919,,,MISS
207292,,,MISS
831224,,,MISS
996588,,,MISS
1000491,G03FA,,COVERED
848195,,,MISS
214104,,,MISS
1094180,,,MISS
1094473,,,MISS
413206,,,MISS
1092428,D04AA,D04AA32,COVERED
1741907,D10AX,D10AX05,COVERED
1798546,,,MISS
1940494,,,MISS
1658259,B05XA,B05XA05,COVERED
604651,D01AC,D01AC08,COVERED
1243239,,,MISS
607026,N02BF,N02BF02,COVERED
1872891,D04AB,D04AB01,COVERED
1245530,,,MISS
1866143,N02BE,N02BE01,COVERED
244458,D11AC,,COVERED
1247875,,,MISS
1246061,,,MISS
1293640,,,MISS
1293726,,,MISS
1313294,,,MISS
1370969,,,MISS
1373239,,,MISS
1374387,,,MISS
1942346,D02AB,,COVERED
1299143,R01BA,R01BA02,COVERED
1300272,D01AC,D01AC08,COVERED
1495169,,,MISS
1495472,,,MISS
1495199,,,MISS
1547981,,,MISS
1592004,,,MISS
1743118,,,MISS
581757,,,MISS
243665,,,MISS
1246066,A11JB,,COVERED
1792394,,,MISS
1363777,R01BA,R01BA03,COVERED
1608499,N01BB,N01BB02,COVERED
1246896,,,MISS
1924604,,,MISS
1246918,,,MISS
198043,G03AA,,COVERED
1250470,,,MISS
1297412,,,MISS
1796730,C01CA,C01CA26,COVERED
1870230,C01CA,C01CA24,COVERED
1788989,V03AB,V03AB17,COVERED
1249758,D04AB,D04AB01,COVERED
1376068,,,MISS
1442975,,,MISS
1306298,J05AR,J05AR09,COVERED
1366343,,,MISS
1236684,,,MISS
1359867,,,MISS
198000,C07BA,,COVERED
1375125,,,MISS
1366789,C05AD,C05AD01,COVERED
1536439,,,MISS
1540340,,,MISS
1595784,,,MISS
1422078,C05AD,C05AD01,COVERED
1486031,D02AB,,COVERED
1651391,,,MISS
1550534,G01AF,G01AF08,COVERED
1375948,R06AA,R06AA09,COVERED
1495070,P01CX,P01CX04,COVERED
1549717,D02AB,,COVERED
1536680,N02BA,N02BA01,COVERED
1251756,,,MISS
1943339,D02AB,,COVERED
1858562,,,MISS
1294306,,,MISS
1298226,R01BA,R01BA02,COVERED
1537337,D11AC,,COVERED
1297381,,,MISS
1607016,,,MISS
1855072,H05BX,H05BX05,COVERED
656680,,,MISS
1599660,A11JB,,COVERED
759761,,,MISS
1489934,N02BA,N02BA04,COVERED
748867,,,MISS
308418,,,MISS
617973,D08AG,D08AG02,COVERED
1088854,,,MISS
892833,D04AB,D04AB04,COVERED
966550,,,MISS
899127,,,MISS
1987647,D04AB,D04AB01,COVERED
1088805,,,MISS
705919,G03EA,,COVERED
2055291,,,MISS
2049223,R05CA,R05CA03,COVERED
1597581,G04BX,,COVERED
311679,D06BX,D06BX01,COVERED
993755,N02AJ,N02AJ06,COVERED
750184,,,MISS
756337,,,MISS
311683,P01AB,P01AB01,COVERED
900470,,,MISS
753477,,,MISS
205173,D11AC,,COVERED
92584,,,MISS
308487,,,MISS
993804,G03AA,,COVERED
308491,,,MISS
317152,D02AF,,COVERED
309406,,,MISS
864681,P01BB,P01BB01,COVERED
311191,,,MISS
998499,,,MISS
207053,,,MISS
763597,A11JA,,COVERED
309371,A01AB,A01AB18,COVERED
978030,,,MISS
795107,,,MISS
310905,,,MISS
763103,J07BF,,COVERED
1997444,,,MISS
656862,,,MISS
994537,M03BC,M03BC01,COVERED
351177,S01KA,,COVERED
756260,A03CB,,COVERED
686389,,,MISS
700387,L04AJ,L04AJ01,COVERED
308806,M09AB,M09AB03,COVERED
669214,D04AB,D04AB04,COVERED
644794,A11JA,,COVERED
701392,A02AC,A02AC01,COVERED
797892,D01AE|D02AF,D01AE12,COVERED
723778,D01AE,D01AE12,COVERED
903312,H03AA,H03AA02,COVERED
310862,,,MISS
310116,C01CA,C01CA24,COVERED
992780,G01AF,G01AF04,COVERED
308589,A03CB,,COVERED
748798,G03AA,,COVERED
318218,,,MISS
205596,,,MISS
311962,,,MISS
2003557,,,MISS
800954,,,MISS
310118,,,MISS
1086720,R01BA,R01BA03,COVERED
2045339,,,MISS
994498,,,MISS
313819,,,MISS
198845,D01AE,D01AE12,COVERED
310971,S01AD,S01AD01,COVERED
198633,,,MISS
349148,D10AF,D10AF02,COVERED
198760,C04AC,C04AC01,COVERED
360349,N01BA,N01BA05,COVERED
848214,,,MISS
373522,A12BA,A12BA01,COVERED
208939,,,MISS
824889,H02AB,H02AB06,COVERED
857461,R06AA,R06AA04,COVERED
213970,,,MISS
856999,N02AJ,,COVERED
2121948,D01AC,D01AC02,COVERED
2099700,H02AB,H02AB02,COVERED
1099606,,,MISS
1101738,,,MISS
857121,N02AJ,,COVERED
1111013,,,MISS
1099310,R01BA,R01BA02,COVERED
1111841,,,MISS
211101,,,MISS
1149629,,,MISS
831430,B05BA,,COVERED
847785,B05BA,,COVERED
1189678,,,MISS
1189776,,,MISS
540914,,,MISS
858788,,,MISS
859376,,,MISS
616805,D08AX,D08AX08,COVERED
476673,N02BF,N02BF01,COVERED
860592,,,MISS
607028,N02BF,N02BF02,COVERED
1189611,B05BA,,COVERED
1012304,,,MISS
213320,S02CA,,COVERED
1012908,,,MISS
1010774,D04AB,D04AB01,COVERED
1000664,S01EB,S01EB01,COVERED
1012594,D04AB,D04AB01,COVERED
1038910,,,MISS
1989506,J05AR,J05AR21,COVERED
1145114,A11JC,,COVERED
1020365,D08AJ,D08AJ01,COVERED
1086000,,,MISS
1085985,H02AB,H02AB08,COVERED
1664658,,,MISS
207843,,,MISS
1037234,J01XX,J01XX05,COVERED
239207,J01GB,J01GB07,COVERED
578355,,,MISS
1053269,D11AF,,COVERED
858782,,,MISS
250511,D01AC,D01AC14,COVERED
245663,D02AB,,COVERED
1012312,,,MISS
1043359,,,MISS
1037338,,,MISS
1049890,,,MISS
1234456,D01AE|D02AF,D01AE12,COVERED
750265,G03AA,,COVERED
1658719,,,MISS
1147993,V06DC,V06DC01,COVERED
282751,,,MISS
284520,,,MISS
2184150,,,MISS
1012233,C05AA,C05AA01,COVERED
205531,,,MISS
315218,,,MISS
1052943,S01GA,S01GA02,COVERED
351543,,,MISS
208955,,,MISS
1657343,J06BD,J06BD01,COVERED
211233,,,MISS
211848,,,MISS
211877,,,MISS
1720616,G03AA,,COVERED
855687,D10AD,D10AD01,COVERED
1098426,,,MISS
2109053,D11AC,,COVERED
213500,A01AB,A01AB02,COVERED
1114842,,,MISS
1094177,,,MISS
1190917,,,MISS
211874,N02BA|C10BX,N02BA01,COVERED
995868,R05FA,,COVERED
198316,C03EA,,COVERED
2001748,,,MISS
313035,,,MISS
311951,C04AC,C04AC01,COVERED
1087463,R05DA,R05DA03,COVERED
1091088,D11AC,,COVERED
208192,,,MISS
853248,,,MISS
998533,D01AC,D01AC02,COVERED
827318,N02BE,N02BE01,COVERED
2170427,,,MISS
1094427,,,MISS
2001750,M02AC,,COVERED
1189645,B05BA,,COVERED
543791,,,MISS
543801,,,MISS
603879,,,MISS
1090992,G03AA|G03FA,G03AA05,COVERED
1116191,R03CA,R03CA02,COVERED
1101350,D02AA,,COVERED
581662,D08AX,D08AX08,COVERED
858905,,,MISS
210037,A02AF,,COVERED
1090975,A11JB,,COVERED
607022,N02BF,N02BF02,COVERED
1013042,,,MISS
242825,,,MISS
1726645,,,MISS
1039628,,,MISS
1005834,D10AF,D10AF06,COVERED
244127,,,MISS
477437,C01EX,,COVERED
1150492,,,MISS
485560,A01AD,,COVERED
859310,,,MISS
249066,H02AB,H02AB06,COVERED
1114096,L01EX,L01EX04,COVERED
1657068,L01FG,L01FG01,COVERED
1048081,,,MISS
210137,D11AF,,COVERED
1052946,,,MISS
1039558,,,MISS
211634,,,MISS
1233687,,,MISS
1191136,D02AB,,COVERED
1012956,R01BA,R01BA02,COVERED
1043205,,,MISS
995958,,,MISS
198578,,,MISS
1000355,G03FA,,COVERED
834133,,,MISS
1046378,R01BA,R01BA03,COVERED
1000479,A06AD|A06AB,A06AB02,COVERED
1101858,,,MISS
1148636,,,MISS
824983,D02AF|D01AE,D01AE12,COVERED
542772,,,MISS
804617,A11JA,,COVERED
1117522,J01XB,J01XB01,COVERED
2117335,R02AD,R02AD01,COVERED
1190542,A03BA,A03BA01,COVERED
849756,A01AD,,COVERED
210031,A02AF,,COVERED
857631,,,MISS
607033,N02BF,N02BF02,COVERED
1000116,,,MISS
1005845,,,MISS
1049400,,,MISS
606433,,,MISS
1011326,,,MISS
238006,G03EA,,COVERED
1235569,S01GA,S01GA02,COVERED
617296,J01CR,,COVERED
209253,G03EA,,COVERED
1006110,D10AF,D10AF06,COVERED
1866223,,,MISS
1235779,,,MISS
1243802,,,MISS
1794902,B05BB,,COVERED
1250170,,,MISS
1867943,N01BB,N01BB02,COVERED
2118732,N02AJ,,COVERED
1797853,R01AC,R01AC01,COVERED
1291085,,,MISS
1291158,,,MISS
1863607,B05BB,,COVERED
847749,J05AR,J05AR10,COVERED
1863975,B05BB,,COVERED
1305281,,,MISS
1358746,,,MISS
1366652,,,MISS
1363794,,,MISS
1367380,,,MISS
1370756,,,MISS
1422076,,,MISS
1294356,R05DA,R05DA04,COVERED
1432125,,,MISS
1438760,,,MISS
1435262,,,MISS
197786,D07AA,D07AA02,COVERED
1483218,,,MISS
197725,M01AE,M01AE09,COVERED
1485182,,,MISS
1430522,R01BA,R01BA02,COVERED
1421168,D02AF|D01AE|J01AA,D01AE12,COVERED
1549390,,,MISS
1608065,,,MISS
1534809,G03AA,G03AA13,COVERED
1536434,A12BA,A12BA01,COVERED
1441553,D02AX,,COVERED
1540241,D10AF,D10AF01,COVERED
1549223,D04AB,D04AB01,COVERED
1797912,,,MISS
1867554,,,MISS
1538130,G03AA,,COVERED
1875613,,,MISS
1547773,S01HA,S01HA03,COVERED
1242508,,,MISS
1797910,R01AD,R01AD01,COVERED
1649002,D02AF,,COVERED
1872886,D04AB,D04AB01,COVERED
1294199,,,MISS
1299669,,,MISS
1294367,,,MISS
1300719,,,MISS
1363776,,,MISS
1811632,B01AC,B01AC06,COVERED
197310,J05AB,J05AB01,COVERED
1249715,R06AA,R06AA02,COVERED
1423292,,,MISS
1426841,,,MISS
198097,,,MISS
1537437,,,MISS
1244233,N01AF,N01AF01,COVERED
1376075,,,MISS
1595453,,,MISS
1489307,D08AX,D08AX08,COVERED
1741538,,,MISS
1242520,,,MISS
1592802,P02CF,P02CF01,COVERED
1244630,,,MISS
1247883,,,MISS
1294559,,,MISS
197532,G01AF,G01AF02,COVERED
141998,,,MISS
1737571,C01BB,C01BB01,COVERED
1944656,G03AA|B03AA,B03AA02,COVERED
1547450,B05BB,,COVERED
1797876,,,MISS
1600991,B01AC,B01AC06,COVERED
1313818,C05AX,C05AX06,COVERED
1292020,,,MISS
1244562,,,MISS
1544968,C05AX,C05AX06,COVERED
1424281,D02AX,,COVERED
1294380,,,MISS
1539752,,,MISS
1435119,,,MISS
1922518,,,MISS
630200,,,MISS
686893,,,MISS
1791403,B05BC,B05BC01,COVERED
1541816,N01BA,N01BA05,COVERED
763531,,,MISS
1547234,A02AH,,COVERED
1297753,C07AB,C07AB05,COVERED
1293943,S02CA,,COVERED
686890,,,MISS
707793,D07AA,D07AA02,COVERED
1369420,R05DB,R05DB10,COVERED
884207,,,MISS
748594,,,MISS
800106,,,MISS
863995,,,MISS
978070,,,MISS
797730,D08AG,D08AG02,COVERED
1986870,,,MISS
891451,V06DC,V06DC01,COVERED
309290,D01AE,D01AE14,COVERED
308649,,,MISS
198412,B05BB,B05BB03,COVERED
310873,,,MISS
643127,H02AB,H02AB06,COVERED
206957,,,MISS
359221,N02BE,N02BE01,COVERED
877425,,,MISS
829546,,,MISS
1090482,R05CA,R05CA03,COVERED
900409,,,MISS
895525,,,MISS
199292,V06DD,,COVERED
798072,N01BA,N01BA05,COVERED
701882,S01XA,,COVERED
617993,J01CR,,COVERED
752814,,,MISS
692479,R01BA,R01BA03,COVERED
800474,B05DB,,COVERED
706548,D11AC,,COVERED
311195,,,MISS
1088707,,,MISS
309575,,,MISS
891793,A11JB,,COVERED
727505,G03GA,G03GA08,COVERED
802748,B03AE,,COVERED
310134,,,MISS
311428,,,MISS
198480,N02BA,N02BA01,COVERED
994239,N02AJ,,COVERED
2043457,,,MISS
308409,N02BA,N02BA01,COVERED
723562,D04AB,D04AB04,COVERED
205915,,,MISS
313030,,,MISS
877516,L01XH,L01XH02,COVERED
753398,,,MISS
863538,,,MISS
999638,G01AC,G01AC30,COVERED
884231,,,MISS
1090915,C01EX,,COVERED
312100,,,MISS
314021,,,MISS
315061,,,MISS
801559,,,MISS
809536,A12AX,,COVERED
702648,D02AX,,COVERED
617316,J01CR,,COVERED
801142,,,MISS
310472,,,MISS
311952,,,MISS
314988,,,MISS
205529,D07AB,D07AB08,COVERED
1090754,D01AC,D01AC02,COVERED
1087030,D04AA,D04AA32,COVERED
199864,D04AB,D04AB04,COVERED
198751,D08AX,,COVERED
209301,,,MISS
211228,,,MISS
214105,,,MISS
200090,D02AA,,COVERED
856441,D02AF,,COVERED
210958,A12CC,A12CC10,COVERED
857118,N02AJ,,COVERED
2117381,D01AE,D01AE12,COVERED
1100578,,,MISS
211891,N02BA,N02BA01,COVERED
1098418,L01EX,L01EX04,COVERED
2103317,,,MISS
213526,,,MISS
1098219,,,MISS
2178281,R06AC,R06AC01,COVERED
484850,,,MISS
857847,,,MISS
1190692,A03BA,A03BA01,COVERED
858138,,,MISS
1000980,,,MISS
1005712,,,MISS
1006554,,,MISS
857076,N02AJ,,COVERED
1114342,A11EX,,COVERED
805375,J07CA,,COVERED
1012249,,,MISS
1042673,,,MISS
1100924,A01AB,,COVERED
615100,B05BB,,COVERED
1010769,D04AB,D04AB01,COVERED
1010878,N01BB,N01BB02,COVERED
1010931,D04AB,D04AB01,COVERED
1011703,S01HA,S01HA07,COVERED
1053177,,,MISS
1049230,,,MISS
2184172,,,MISS
1658178,,,MISS
1190890,,,MISS
857839,,,MISS
1011728,,,MISS
1050077,D04AA,D04AA32,COVERED
260392,,,MISS
1049276,,,MISS
1657026,N01BB,N01BB02,COVERED
998185,,,MISS
313865,,,MISS
359931,,,MISS
1037185,G03AA|G03AB|G03CA|B03AA,G03CA01|B03AA02,COVERED
240209,D07AC,D07AC01,COVERED
831254,,,MISS
1000154,L02AB,L02AB02,COVERED
997643,D10AD,D10AD01,COVERED
2003344,,,MISS
849699,,,MISS
351291,S01XA,S01XA18,COVERED
211879,,,MISS
2173645,,,MISS
2053519,R07AX,R07AX02,COVERED
1092193,,,MISS
1116090,,,MISS
994809,,,MISS
311602,,,MISS
1088465,,,MISS
204807,,,MISS
2196992,D08AC,D08AC02,COVERED
313504,,,MISS
1190614,A03BA,A03BA01,COVERED
349114,,,MISS
849400,,,MISS
849578,,,MISS
857610,,,MISS
857107,N02AJ,,COVERED
860433,,,MISS
995122,R05DA,R05DA04,COVERED
562260,,,MISS
1049376,,,MISS
1658311,,,MISS
1012715,D08AJ,D08AJ01,COVERED
2120199,N02CD,N02CD01,COVERED
2118448,J01XA,J01XA01,COVERED
1234563,R01AA,R01AA04,COVERED
1663747,D10AD,D10AD03,COVERED
562618,,,MISS
1011715,C09XA,C09XA02,COVERED
1041516,D02AA,,COVERED
1013096,,,MISS
1053386,D02AA,,COVERED
1085714,,,MISS
1737723,C01BB,C01BB01,COVERED
1745001,,,MISS
259218,G03AC|G03AD,G03AC03|G03AD01,COVERED
1189657,,,MISS
1039474,D08AX,D08AX08,COVERED
1232298,,,MISS
245199,D01AE,D01AE12,COVERED
1721619,J05AR,J05AR18,COVERED
602395,J05AR,J05AR02,COVERED
1189781,B01AC,B01AC06,COVERED
307683,,,MISS
1014123,D10AF,D10AF06,COVERED
1039279,D07AA,D07AA02,COVERED
238030,N01BA,N01BA02,COVERED
801391,,,MISS
284303,M02AB,M02AB01,COVERED
543014,G04BC,,COVERED
562508,J01CR,,COVERED
831305,,,MISS
2101530,,,MISS
857679,,,MISS
603642,,,MISS
1049081,,,MISS
1792289,,,MISS
860028,,,MISS
199703,N04BC,N04BC06,COVERED
1292836,,,MISS
1291869,,,MISS
1301158,,,MISS
616640,A11JB,,COVERED
1244695,R05CA,R05CA03,COVERED
1251486,,,MISS
1039149,D02AA,,COVERED
1251325,G03AA|G03FA,G03AA05,COVERED
1309978,,,MISS
1366804,,,MISS
1311820,,,MISS
1485099,,,MISS
1251619,A01AB,,COVERED
1489372,,,MISS
1374574,J01GB,J01GB01,COVERED
1598099,,,MISS
1440936,D07AA,D07AA02,COVERED
1305099,A02AH,,COVERED
198039,C01DA,C01DA02,COVERED
1441376,R05DB,R05DB10,COVERED
1608012,,,MISS
1599133,N02BE,N02BE01,COVERED
1923579,,,MISS
1252021,,,MISS
1649008,D04AB,D04AB01,COVERED
1362041,D01AE,D01AE04,COVERED
1860136,A12BA,A12BA01,COVERED
1866401,D04AB,D04AB04,COVERED
1870205,C01CA,C01CA24,COVERED
1291374,,,MISS
1367208,,,MISS
1362054,,,MISS
1370768,,,MISS
1235157,C09DA,,COVERED
1371355,,,MISS
1425431,,,MISS
1424016,,,MISS
1364539,D02AA,,COVERED
1535250,,,MISS
1546204,,,MISS
1795598,,,MISS
1876614,,,MISS
1941599,,,MISS
1245706,,,MISS
1358761,,,MISS
1919088,L01EX,L01EX10,COVERED
1362069,,,MISS
1370097,,,MISS
1251034,D01AE,D01AE04,COVERED
1251787,R06AA,R06AA02,COVERED
1535468,,,MISS
1542835,,,MISS
1542859,,,MISS
1946651,J01DH,J01DH02,COVERED
1595249,,,MISS
1361708,A02AH,,COVERED
151720,G03CA,G03CA03,COVERED
1736057,,,MISS
1294560,,,MISS
1357931,,,MISS
197961,C02LB,,COVERED
1361023,C04AB,C04AB01,COVERED
1362952,,,MISS
1486787,,,MISS
1921228,L01ED,L01ED04,COVERED
1650604,,,MISS
1491506,,,MISS
1424677,,,MISS
1247614,,,MISS
670086,,,MISS
1722376,L01EE,L01EE02,COVERED
902219,,,MISS
1536586,G03AA,G03AA13,COVERED
991326,,,MISS
1250976,D01AE,D01AE04,COVERED
309875,,,MISS
259132,C10AA,,COVERED
309170,,,MISS
749795,B01AC,B01AC06,COVERED
1491511,D03AX,,COVERED
756325,,,MISS
968100,D01AE|D02AF,D01AE12,COVERED
745049,,,MISS
994835,,,MISS
308273,,,MISS
310791,,,MISS
312181,,,MISS
312372,,,MISS
1999989,,,MISS
310119,,,MISS
308624,,,MISS
309227,,,MISS
884223,N02CX,N02CX02,COVERED
891709,A11JB,,COVERED
992766,G01AF,G01AF04,COVERED
834144,,,MISS
762002,G03CA|G03AA|G03AB,G03CA01,COVERED
1989117,C01CA,C01CA24,COVERED
800209,,,MISS
1087037,R01BA,R01BA03,COVERED
724592,R01AX,,COVERED
310636,,,MISS
896868,,,MISS
902220,,,MISS
895893,,,MISS
705170,,,MISS
999640,G01AC,G01AC30,COVERED
979452,,,MISS
308502,,,MISS
2059178,D11AC,,COVERED
1087406,B03AE,,COVERED
992775,G01AF,G01AF04,COVERED
644787,A11JA,,COVERED
204501,C02LA,,COVERED
996778,,,MISS
308709,H02AB,H02AB01,COVERED
756008,C01EX,,COVERED
310477,J01GB,J01GB03,COVERED
312140,D01AC,D01AC11,COVERED
308512,D06AX,D06AX05,COVERED
310863,,,MISS
995038,,,MISS
1992554,,,MISS
995591,,,MISS
207215,,,MISS
998476,,,MISS
995088,R05DA,R05DA04,COVERED
312981,,,MISS
312482,C02LE,,COVERED
896315,,,MISS
644120,,,MISS
885585,,,MISS
895887,,,MISS
308616,,,MISS
311212,,,MISS
990988,,,MISS
198592,,,MISS
1993075,,,MISS
315147,,,MISS
2055289,,,MISS
991456,A11CB,,COVERED
995118,R05DA,R05DA04,COVERED
351383,D01AE,D01AE14,COVERED
745464,,,MISS
1087302,B03AE,,COVERED
1999330,D02AX,,COVERED
1996189,N02AE,N02AE01,COVERED
979446,,,MISS
308268,,,MISS
994277,,,MISS
315208,,,MISS
1090041,,,MISS
2049388,,,MISS
804173,,,MISS
708127,A02AF,,COVERED
744624,C09DB,,COVERED
313254,J01AA,J01AA07,COVERED
2047180,,,MISS
315003,,,MISS
800979,,,MISS
748806,G03AA,,COVERED
995493,,,MISS
891140,S01KA,,COVERED
999618,D11AC|D02AF,,COVERED
208959,,,MISS
211106,,,MISS
207359,J01AA,J01AA08,COVERED
211138,,,MISS
834148,A01AB,A01AB03,COVERED
211611,,,MISS
213562,,,MISS
214042,,,MISS
1098483,,,MISS
856710,,,MISS
1190120,,,MISS
543989,,,MISS
544241,,,MISS
212843,D01AE,D01AE12,COVERED
849452,N02CC,N02CC01,COVERED
579315,,,MISS
602696,,,MISS
1234322,D07XA,D07XA01,COVERED
857756,,,MISS
1006698,,,MISS
483442,N02BF,N02BF02,COVERED
1046954,,,MISS
1046926,,,MISS
616763,D08AX,D08AX08,COVERED
416750,D02AB,,COVERED
1049094,,,MISS
1049293,,,MISS
1085688,,,MISS
1046351,R02AD,R02AD01,COVERED
1085635,,,MISS
1048132,R02AD,R02AD04,COVERED
1043483,,,MISS
1014130,R01AX,,COVERED
307743,,,MISS
308122,,,MISS
308087,,,MISS
260125,H02AB,H02AB06,COVERED
1050665,D11AF,,COVERED
1655179,D08AC,D08AC02,COVERED
858863,,,MISS
1658245,B05XA,B05XA05,COVERED
247990,D11AF,,COVERED
860747,,,MISS
1661076,D08AC,D08AC02,COVERED
1190334,R01BA,R01BA02,COVERED
284515,,,MISS
260688,,,MISS
1010692,N01BB,N01BB02,COVERED
313792,,,MISS
1012081,D08AJ,D08AJ01,COVERED
237703,A11GB,,COVERED
1724486,D04AA,D04AA32,COVERED
830533,,,MISS
199189,M02AB,M02AB01,COVERED
1723868,D08AC,D08AC02,COVERED
260239,D02AX,,COVERED
836344,,,MISS
856806,,,MISS
210058,,,MISS
1094070,,,MISS
211271,,,MISS
1094214,,,MISS
347021,V03AN,V03AN04,COVERED
1190034,,,MISS
998721,,,MISS
404473,S01AE,S01AE07,COVERED
211887,N02BA,N02BA01,COVERED
979477,,,MISS
2044644,,,MISS
857083,N02AJ,,COVERED
205257,,,MISS
346298,D11AF,,COVERED
1101637,G04BX,G04BX12,COVERED
205710,,,MISS
205903,,,MISS
832917,,,MISS
857845,,,MISS
849314,,,MISS
2182355,,,MISS
351380,D01AE,D01AE14,COVERED
1234327,,,MISS
207249,D01AC,D01AC11,COVERED
1005847,,,MISS
1006733,,,MISS
1112715,G03AA,G03AA08,COVERED
1012008,,,MISS
995872,R05FA,,COVERED
830557,J07CA,,COVERED
1000946,D10AF,D10AF06,COVERED
1085742,,,MISS
1085908,,,MISS
1042821,D01AE,D01AE12,COVERED
1048134,R02AD,R02AD04,COVERED
847734,P01BF,P01BF01,COVERED
562648,,,MISS
103161,M01AB,M01AB03,COVERED
1048118,,,MISS
283156,,,MISS
1654662,M02AX,,COVERED
1734942,D02AB,,COVERED
436525,D02AB,,COVERED
1147228,L01EC,L01EC01,COVERED
1010238,D10AF,D10AF06,COVERED
859312,,,MISS
1001012,,,MISS
1049228,D08AJ,D08AJ01,COVERED
1114982,,,MISS
581285,,,MISS
1738541,D07AC,D07AC01,COVERED
583282,,,MISS
1000151,,,MISS
105225,,,MISS
483448,N02BF,N02BF02,COVERED
307749,,,MISS
404081,,,MISS
1006057,D10AF,D10AF06,COVERED
1660001,B02BD,B02BD03,COVERED
860223,,,MISS
359934,,,MISS
198249,,,MISS
856935,,,MISS
1044932,D02AA,,COVERED
1088744,D01AC,D01AC02,COVERED
581736,D04AX,,COVERED
208411,,,MISS
1113390,,,MISS
313246,D04AB,D04AB06,COVERED
212778,,,MISS
1098416,L01EX,L01EX04,COVERED
1049108,,,MISS
307758,,,MISS
307764,,,MISS
1234583,,,MISS
1053146,S01XA,,COVERED
562445,M02AB,M02AB01,COVERED
1012278,,,MISS
1115594,A11JC,,COVERED
858778,N02AJ,N02AJ23,COVERED
1747301,,,MISS
1720617,D07AB|D02AA,D07AB09,COVERED
1862084,,,MISS
1807546,,,MISS
1862150,,,MISS
1808600,,,MISS
1244592,,,MISS
1101332,D02AA,,COVERED
1804836,D08AX,D08AX08,COVERED
1249710,,,MISS
197582,H02AB,H02AB02,COVERED
1874537,G03AA|G03AB|G03CA,G03AA08|G03AB03|G03CA01,COVERED
1360159,,,MISS
1292313,D04AA,D04AA32,COVERED
1293508,N02CA,N02CA02,COVERED
1360949,,,MISS
1314932,D07AA,D07AA02,COVERED
1363507,,,MISS
1360956,D07XA,D07XA01,COVERED
1483194,,,MISS
1244936,A12AX,,COVERED
1422560,D02AF|D01AE|J01AA,D01AE12,COVERED
1428948,D04AB,D04AB01,COVERED
1537024,,,MISS
197784,D07AA|D11AC,D07AA02,COVERED
1303746,C01EX,,COVERED
1537198,,,MISS
1543074,,,MISS
1599173,,,MISS
1437709,D11AX,D11AX21,COVERED
1798358,,,MISS
1944113,,,MISS
1485227,R02AA,R02AA06,COVERED
1244571,,,MISS
1293494,,,MISS
1294253,,,MISS
1298273,,,MISS
1867996,N01BB,N01BB02,COVERED
1302342,,,MISS
1359125,G03FA,,COVERED
1536474,A02AH,,COVERED
1438528,,,MISS
1442970,,,MISS
1548714,,,MISS
1367692,D08AX,D08AX08,COVERED
1742037,,,MISS
1441831,R01BA,R01BA03,COVERED
1605086,G03AA,,COVERED
1870631,J01GB,J01GB03,COVERED
1247402,N02BA,N02BA01,COVERED
1249763,D04AB,D04AB01,COVERED
1599302,M02AC,,COVERED
1294342,D04AB,D04AB07,COVERED
1368300,,,MISS
1433750,,,MISS
1424386,,,MISS
1539267,A11JA,,COVERED
1428828,A11AA,,COVERED
1302676,J01AA,J01AA08,COVERED
1293834,,,MISS
1300155,,,MISS
1601660,J05AR,J05AR15,COVERED
1495160,,,MISS
1655062,D10AF,D10AF06,COVERED
1539435,,,MISS
152571,,,MISS
1243786,B02BD,B02BD30,COVERED
1250234,D08AB,,COVERED
1652849,,,MISS
1542815,,,MISS
1657196,L01FF,L01FF01,COVERED
1549533,,,MISS
1305089,G03AA,,COVERED
1300310,J07AJ,,COVERED
751877,,,MISS
706544,,,MISS
1599652,M02AB,M02AB01,COVERED
876863,,,MISS
205868,,,MISS
702306,H02AB,H02AB06,COVERED
1494206,D02AB,,COVERED
727822,B05XA,B05XA03,COVERED
636767,V06DD,,COVERED
992797,,,MISS
993257,,,MISS
1089194,,,MISS
992770,G01AF,G01AF04,COVERED
204525,,,MISS
724590,R01AX,,COVERED
966548,,,MISS
861381,J02AX,J02AX05,COVERED
310933,S01KA,S01KA02,COVERED
979118,,,MISS
1090623,R05CA,R05CA03,COVERED
1088546,,,MISS
312509,,,MISS
668658,H02AB,H02AB06,COVERED
206522,,,MISS
313550,,,MISS
315004,,,MISS
805661,N06BA,N06BA13,COVERED
731577,,,MISS
310467,S01AA,S01AA11,COVERED
882550,D10AD,D10AD01,COVERED
308909,,,MISS
1996206,B03BB,B03BB01,COVERED
763116,N02BE,N02BE01,COVERED
204638,D11AC,,COVERED
308668,R02AD,R02AD01,COVERED
701858,D10AX,D10AX05,COVERED
753457,,,MISS
308894,,,MISS
309696,H02AB,H02AB02,COVERED
310688,,,MISS
904255,A12CX,,COVERED
202098,,,MISS
387090,N02BA,N02BA01,COVERED
309259,,,MISS
647328,,,MISS
749787,,,MISS
701128,,,MISS
695932,,,MISS
866214,D02AC,,COVERED
312288,N02AJ,,COVERED
629697,J01AA,J01AA08,COVERED
201896,,,MISS
631803,D02AA,,COVERED
831117,,,MISS
896821,,,MISS
308914,A02AC,A02AC01,COVERED
644148,R01AX,,COVERED
198384,J04AM,J04AM05,COVERED
2001430,J05AR,J05AR11,COVERED
645649,,,MISS
998538,,,MISS
978579,,,MISS
751876,,,MISS
206199,,,MISS
371774,B05BB,,COVERED
1995466,,,MISS
1988772,L01ED,L01ED04,COVERED
309368,G01AF,G01AF02,COVERED
800420,B05BA,,COVERED
206789,,,MISS
311447,B05BC,B05BC01,COVERED
198380,G01AF,G01AF08,COVERED
800662,,,MISS
809346,,,MISS
198315,,,MISS
311957,,,MISS
997512,R01BA,R01BA02,COVERED
898715,N02BF,N02BF02,COVERED
348987,V03AN,V03AN04,COVERED
834175,,,MISS
834164,,,MISS
828600,,,MISS
205534,D07AB,D07AB08,COVERED
849546,,,MISS
995095,R05DA,R05DA04,COVERED
1986365,D11AF,,COVERED
198335,J01EE,J01EE01,COVERED
211333,,,MISS
2119805,,,MISS
2105785,,,MISS
213495,,,MISS
1099897,,,MISS
204466,,,MISS
210117,A02AC,A02AC01,COVERED
857608,,,MISS
210390,A07AA,A07AA02,COVERED
1149388,,,MISS
213125,,,MISS
1189206,,,MISS
2183684,R01BA,R01BA03,COVERED
1101849,N01BX,N01BX03,COVERED
485348,,,MISS
584503,,,MISS
1000137,,,MISS
1000373,,,MISS
603589,,,MISS
1001082,,,MISS
1006547,,,MISS
1012025,,,MISS
1012354,,,MISS
1095682,M02AC,,COVERED
1046307,,,MISS
1046605,,,MISS
1049178,,,MISS
1053304,,,MISS
1053736,,,MISS
1053705,,,MISS
1014573,R01BA,R01BA02,COVERED
1041807,D08AX,D08AX08,COVERED
607273,,,MISS
1000405,G03AC,G03AC01,COVERED
1013053,,,MISS
1039685,,,MISS
284275,,,MISS
1657016,N01BB,N01BB02,COVERED
1012002,,,MISS
1658180,,,MISS
1047945,,,MISS
248328,R01AX,,COVERED
1668250,B05XA,B05XA19,COVERED
1012235,C05AA,C05AA01,COVERED
352080,,,MISS
199213,D01AE,D01AE12,COVERED
1010673,N01BB,N01BB02,COVERED
2109606,,,MISS
211297,,,MISS
314088,A03BB,A03BB03,COVERED
1994404,D11AF,,COVERED
312997,R01AX,,COVERED
212841,,,MISS
208221,D04AB,D04AB04,COVERED
1117122,,,MISS
1099602,,,MISS
203970,,,MISS
801644,B05BA,,COVERED
206225,,,MISS
824590,A11JB,,COVERED
207933,,,MISS
1091626,,,MISS
210780,,,MISS
1099869,,,MISS
859153,,,MISS
312973,B05XA,B05XA02,COVERED
310664,C02LF,,COVERED
422998,D01AE,D01AE12,COVERED
1145348,A11JA,,COVERED
1013731,,,MISS
1012272,,,MISS
1046596,,,MISS
1000976,D10AF,D10AF06,COVERED
1006683,D10AF,D10AF06,COVERED
1053859,,,MISS
1049176,,,MISS
1046704,,,MISS
1085987,,,MISS
244399,,,MISS
1000153,L02AB,L02AB02,COVERED
1000682,,,MISS
1658308,,,MISS
1738136,,,MISS
1115980,,,MISS
603646,,,MISS
1739875,D04AB,D04AB01,COVERED
283224,M02AC,,COVERED
860164,,,MISS
1042818,,,MISS
1658091,L01FD,L01FD03,COVERED
1046961,,,MISS
860103,S01BC,S01BC05,COVERED
1116971,M02AC,,COVERED
856797,N06CA,,COVERED
1039339,D08AX,D08AX08,COVERED
1043539,M02AB,M02AB01,COVERED
207290,,,MISS
884202,,,MISS
244642,D02AA,,COVERED
2052609,L04AD,L04AD02,COVERED
2003662,B02BC,B02BC06,COVERED
204919,D02AB,,COVERED
402092,S01XA,S01XA18,COVERED
210804,,,MISS
1101845,N01BX,N01BX03,COVERED
1053426,,,MISS
1012757,,,MISS
243998,H03CA,,COVERED
308077,,,MISS
282739,,,MISS
404032,D10AF,D10AF01,COVERED
2106103,D02AB,,COVERED
1673147,,,MISS
1049110,,,MISS
1740883,,,MISS
1792775,,,MISS
616279,L01EX,L01EX01,COVERED
1000407,G03AC,G03AC01,COVERED
307650,J05AR,J05AR04,COVERED
1251335,,,MISS
1867999,N01BB,N01BB02,COVERED
1293472,,,MISS
1098161,D03AX,,COVERED
1293512,,,MISS
311368,J05AR,J05AR10,COVERED
1293731,,,MISS
1860241,A12BA,A12BA01,COVERED
1294368,,,MISS
1294350,,,MISS
1294567,,,MISS
197572,D07AB,D07AB08,COVERED
1299764,,,MISS
1300363,,,MISS
1356330,,,MISS
1359352,,,MISS
1356527,,,MISS
1363770,,,MISS
1367212,,,MISS
1432785,,,MISS
1313785,S01XA,S01XA21,COVERED
1442280,,,MISS
1537095,,,MISS
1537071,,,MISS
1371365,,,MISS
1364392,D02AF|D01AE|J01AA,D01AE12,COVERED
1546164,,,MISS
1918252,,,MISS
1247574,,,MISS
1245259,,,MISS
197383,C07CB,,COVERED
1442714,D02AF,,COVERED
1292988,,,MISS
1293665,,,MISS
1357871,,,MISS
1367214,,,MISS
1430400,,,MISS
1435267,,,MISS
1435634,,,MISS
1435889,,,MISS
1534818,,,MISS
1373130,D04AB,D04AB01,COVERED
1302845,A08AA,A08AA01,COVERED
1594682,,,MISS
1649341,,,MISS
198001,C07BA,,COVERED
1591995,D02AF|D01AE|J01AA,D01AE12,COVERED
1542929,G01AF,G01AF04,COVERED
1291386,,,MISS
1297641,,,MISS
1870676,J01GB,J01GB03,COVERED
1737758,C01BB,C01BB01,COVERED
1873995,L01EF,L01EF02,COVERED
1424374,,,MISS
1423967,R06AA,R06AA04,COVERED
1546074,,,MISS
1486983,A06AG,,COVERED
1304971,R02AA,R02AA06,COVERED
1366149,A11JA,,COVERED
1592912,,,MISS
285007,,,MISS
1942757,D05AA,,COVERED
1799178,B03AA,,COVERED
1805278,,,MISS
1246373,,,MISS
1487267,,,MISS
1300294,,,MISS
1737757,C01BB,C01BB01,COVERED
1428025,D02AX,,COVERED
1252016,G03AB|G03CA|G03AA,G03CA01,COVERED
1591982,D02AA,,COVERED
792052,,,MISS
1876355,D08AJ,D08AJ08,COVERED
798179,,,MISS
311996,,,MISS
197771,C02LA,,COVERED
900580,,,MISS
308293,,,MISS
639888,J05AR,J05AR03,COVERED
731541,J01CE,J01CE08,COVERED
994528,M03BC,M03BC01,COVERED
311369,J05AR,J05AR10,COVERED
207352,,,MISS
198741,A12CC,A12CC10,COVERED
310767,N05CA,N05CA16,COVERED
351455,,,MISS
746756,,,MISS
790879,,,MISS
308712,,,MISS
308495,,,MISS
207850,S01AA,S01AA12,COVERED
1087410,B03AE,,COVERED
800241,B05BA,,COVERED
2003378,M02AC,,COVERED
884175,,,MISS
745051,,,MISS
904238,A12BA,A12BA01,COVERED
996288,N01BA,N01BA05,COVERED
309340,,,MISS
895664,M01AE,M01AE01,COVERED
2048979,V03AZ,V03AZ01,COVERED
997557,,,MISS
351519,,,MISS
643123,H02AB,H02AB06,COVERED
312398,C05AX,C05AX06,COVERED
656866,,,MISS
1992526,R01BA,R01BA03,COVERED
763168,,,MISS
895384,,,MISS
899228,,,MISS
896893,,,MISS
308793,,,MISS
979316,R03AB,R03AB03,COVERED
637197,M01AE,M01AE01,COVERED
795716,H02AB,H02AB02,COVERED
310595,,,MISS
199161,D11AF,,COVERED
205577,,,MISS
205795,,,MISS
347741,,,MISS
1998482,H02AB,H02AB02,COVERED
308496,,,MISS
1090641,D07AB,D07AB09,COVERED
761979,,,MISS
2050977,D08AX,D08AX08,COVERED
891178,,,MISS
993074,,,MISS
308390,,,MISS
1089027,R05FA,,COVERED
308705,,,MISS
310547,,,MISS
708076,N01BA,N01BA05,COVERED
205188,,,MISS
636106,D03BA,D03BA01,COVERED
803310,,,MISS
996738,R05FA,,COVERED
207334,,,MISS
864685,P01BB,P01BB01,COVERED
312399,,,MISS
314973,,,MISS
801432,,,MISS
800884,,,MISS
313416,J01GB,J01GB01,COVERED
849547,,,MISS
352083,D05BA,D05BA02,COVERED
2055815,J05AR,J05AR24,COVERED
853610,,,MISS
848208,D07AC,D07AC01,COVERED
2053512,R07AX,R07AX02,COVERED
857389,,,MISS
857432,,,MISS
828585,N02AC,N02AC04,COVERED
854762,M01AE,M01AE01,COVERED
214041,,,MISS
213538,,,MISS
2000686,A02AF,,COVERED
210072,D01AE,D01AE12,COVERED
1101857,,,MISS
1101914,,,MISS
806392,S01KX,,COVERED
856942,N02AJ,,COVERED
1147496,,,MISS
1098616,D04AB,D04AB01,COVERED
1190888,,,MISS
2123045,D02AB,,COVERED
1101947,,,MISS
1117562,R01BA,R01BA02,COVERED
1192857,,,MISS
541140,,,MISS
1191683,H02AB,H02AB06,COVERED
857738,,,MISS
1091387,M02AX,,COVERED
1190608,A03BA,A03BA01,COVERED
857859,,,MISS
1000989,,,MISS
1193349,L01EJ,L01EJ01,COVERED
208416,J01EE,J01EE01,COVERED
477585,R05CA,R05CA03,COVERED
1005820,,,MISS
1044345,,,MISS
484925,A11JA,,COVERED
1046820,,,MISS
403828,A02AF,,COVERED
1010077,D04AB,D04AB01,COVERED
238145,,,MISS
1085732,,,MISS
1039550,D04AB|C05AA,D04AB07,COVERED
1112788,,,MISS
1011755,C09XA,C09XA02,COVERED
1663735,D08AX,D08AX08,COVERED
1012621,,,MISS
1052678,B01AC,B01AC06,COVERED
1013034,,,MISS
1000736,D10AF,D10AF06,COVERED
1010768,N01BB,N01BB02,COVERED
1049091,,,MISS
1037115,,,MISS
259090,D02AA,,COVERED
1085638,,,MISS
1665675,M01AB,M01AB15,COVERED
1005855,,,MISS
1085783,,,MISS
245667,,,MISS
205884,,,MISS
996590,,,MISS
315155,,,MISS
315214,,,MISS
1723740,R06AA,R06AA02,COVERED
208364,,,MISS
857681,,,MISS
199134,D01AE,D01AE12,COVERED
239200,J01BA,J01BA01,COVERED
1092351,,,MISS
846101,J01AA|D01AE,J01AA02|D01AE12,COVERED
1660690,G03AA,,COVERED
1098468,,,MISS
1117233,,,MISS
204779,,,MISS
205891,,,MISS
856980,N02AJ,,COVERED
1094355,R01BA,R01BA02,COVERED
206221,,,MISS
312971,,,MISS
1190620,A03BA,A03BA01,COVERED
1094022,A12AX,,COVERED
314002,,,MISS
347052,,,MISS
831150,,,MISS
831274,,,MISS
359275,,,MISS
1235563,,,MISS
832919,A12AX,,COVERED
545074,,,MISS
860227,,,MISS
860571,,,MISS
1000588,,,MISS
208124,C03EA,,COVERED
859317,N02AJ,N02AJ23,COVERED
1046817,,,MISS
244451,,,MISS
1011712,C09XA,C09XA02,COVERED
1046781,R01BA,R01BA03,COVERED
261168,,,MISS
1654914,,,MISS
1085736,D07AB,D07AB09,COVERED
1656634,,,MISS
1013930,C02AC,C02AC01,COVERED
240738,N06BC,N06BC01,COVERED
208951,,,MISS
209280,,,MISS
1043636,D02AX,,COVERED
1046789,,,MISS
1658264,B05XA,B05XA05,COVERED
1085121,,,MISS
1738589,H02AB,H02AB09,COVERED
1661560,J01GB,J01GB01,COVERED
242993,,,MISS
1232646,,,MISS
616968,,,MISS
208813,S01CA,,COVERED
1039016,,,MISS
1043056,,,MISS
406396,G03AB|G03AA,G03AB09|G03AA11,COVERED
1086267,,,MISS
259870,A11CB,,COVERED
1086634,,,MISS
1045382,M02AB,M02AB01,COVERED
244400,,,MISS
1722245,G03AA|G03FA,G03AA05,COVERED
307746,A02AF,,COVERED
1052679,R01BA,R01BA03,COVERED
259184,,,MISS
1085752,H02AB,H02AB08,COVERED
545278,,,MISS
1735057,,,MISS
1005848,,,MISS
310552,,,MISS
2047112,,,MISS
1000717,,,MISS
1992043,N01BA,N01BA05,COVERED
1657751,L01FF,L01FF02,COVERED
1802849,,,MISS
310043,R03DA,R03DA01,COVERED
1663612,R01BA,R01BA03,COVERED
1006689,D10AF,D10AF06,COVERED
1747492,D04AB,D04AB01,COVERED
1014195,S02AA,,COVERED
1870686,,,MISS
1874539,,,MISS
1804185,D04AB,D04AB07,COVERED
1245232,,,MISS
1858385,D04AB,D04AB06,COVERED
1807571,B05XA,B05XA03,COVERED
1245392,,,MISS
1867547,A12BA,A12BA01,COVERED
1659149,J01CR,,COVERED
1248750,,,MISS
1250490,,,MISS
1302643,,,MISS
1305143,,,MISS
1360059,,,MISS
1363751,,,MISS
1866047,G03AA,,COVERED
1251284,D04AB,D04AB07,COVERED
1363779,,,MISS
1425498,,,MISS
1490656,,,MISS
1549539,,,MISS
1299141,R01AA,R01AA04,COVERED
1369753,R01BA,R01BA02,COVERED
152997,A12BA,A12BA01,COVERED
1653139,,,MISS
1248120,,,MISS
562395,G01AE,,COVERED
1603470,D08AJ,D08AJ01,COVERED
1291363,A01AB,,COVERED
1242785,,,MISS
1242618,N02BE,N02BE01,COVERED
1357873,,,MISS
1807630,B05XA,B05XA03,COVERED
1361577,,,MISS
1291711,R01BA,R01BA02,COVERED
1797883,R01AC,R01AC03,COVERED
1363749,,,MISS
1356806,R05DA,R05DA04,COVERED
1374851,,,MISS
1359126,G03FA,,COVERED
1426606,,,MISS
1375978,,,MISS
1361205,D04AB,D04AB01,COVERED
1432525,,,MISS
1438136,,,MISS
1373136,D04AB,D04AB01,COVERED
1442155,,,MISS
1540663,,,MISS
1373322,,,MISS
197639,R03DA,R03DA01,COVERED
1491722,C05AA,C05AA01,COVERED
1488045,D10AD,D10AD01,COVERED
197702,J02AX,J02AX01,COVERED
1426579,R05CA,R05CA03,COVERED
198203,J04AM,J04AM02,COVERED
1796087,D04AB,D04AB01,COVERED
1425118,L01EE,L01EE01,COVERED
1359256,,,MISS
1291956,,,MISS
1294602,,,MISS
1791404,B05BC,B05BC01,COVERED
1432118,,,MISS
1923484,B05XA,B05XA02,COVERED
1602019,C05AD,C05AD01,COVERED
1535506,,,MISS
1486532,,,MISS
1544645,,,MISS
1041732,,,MISS
1244514,,,MISS
1298073,,,MISS
1595023,,,MISS
1244634,D07AC,D07AC01,COVERED
1442405,D11AF,,COVERED
1549099,,,MISS
1293634,D04AB,D04AB07,COVERED
1484737,A02AC,A02AC01,COVERED
1300370,J07AJ,,COVERED
629987,,,MISS
645508,,,MISS
702167,,,MISS
1603361,L01XH,L01XH03,COVERED
1489405,M02AB,M02AB01,COVERED
1436947,D08AH,,COVERED
758498,,,MISS
800957,,,MISS
1293865,S02CA,,COVERED
796480,,,MISS
731535,M01AE,M01AE01,COVERED
800666,,,MISS
891077,,,MISS
707329,R01AX,,COVERED
308290,,,MISS
644789,A11JA,,COVERED
310129,,,MISS
995043,R05DA,R05DA04,COVERED
727759,N01AH,N01AH01,COVERED
312196,,,MISS
312633,,,MISS
992792,G01AF,G01AF04,COVERED
204630,,,MISS
746340,,,MISS
310626,,,MISS
310858,,,MISS
308416,B01AC,B01AC06,COVERED
311536,,,MISS
202248,,,MISS
198841,,,MISS
807371,,,MISS
312058,A07AA,A07AA02,COVERED
992910,,,MISS
1087365,G04BX,G04BX12,COVERED
311930,,,MISS
1088126,S01GA,S01GA02,COVERED
314124,B05CA,B05CA09,COVERED
358922,M02AB,M02AB01,COVERED
330396,A02BC,A02BC02,COVERED
636109,D03BA,D03BA01,COVERED
700669,,,MISS
749671,,,MISS
708020,,,MISS
900462,,,MISS
1090522,D08AG,,COVERED
637129,D02AB,,COVERED
308900,,,MISS
800933,B05BA,,COVERED
672152,L01EH,L01EH01,COVERED
309577,,,MISS
206282,,,MISS
688067,D11AF,,COVERED
617954,D04AX,,COVERED
198296,M01AB,M01AB03,COVERED
310478,,,MISS
833696,,,MISS
95267,,,MISS
882533,G01AA,G01AA10,COVERED
998437,D01AC,D01AC02,COVERED
359938,,,MISS
358917,D10AF,D10AF01,COVERED
745309,,,MISS
645671,,,MISS
745300,,,MISS
790302,,,MISS
348622,B03AE,,COVERED
762008,,,MISS
755976,,,MISS
1089775,R05CA,R05CA03,COVERED
308807,,,MISS
1992300,S01ED,S01ED01,COVERED
827346,D07AA|D11AC,D07AA02,COVERED
314160,,,MISS
834043,,,MISS
312124,G03AA,G03AA05,COVERED
991633,,,MISS
1991329,C01CA,C01CA24,COVERED
860914,M02AC,,COVERED
828293,,,MISS
1087798,D01AE,D01AE12,COVERED
202263,,,MISS
205712,H02AB,H02AB02,COVERED
200172,G04CB,G04CB01,COVERED
2048002,,,MISS
995026,,,MISS
1994392,N02BF,N02BF02,COVERED
311877,D06AX,D06AX09,COVERED
313793,,,MISS
830166,,,MISS
206848,,,MISS
810015,,,MISS
998236,S01XA,,COVERED
1089057,R05FA,,COVERED
2109253,,,MISS
810096,G03AB|G03AA|G03CA,G03AB03|G03AA08|G03CA01,COVERED
313599,A11JA,,COVERED
211319,N01BA,N01BA05,COVERED
856987,N02AJ,,COVERED
856840,N06CA,,COVERED
1094393,R06AA,R06AA02,COVERED
212318,D11AC,,COVERED
215101,M01AE,M01AE02,COVERED
1116454,,,MISS
211637,A02AF,,COVERED
213694,J05AB,J05AB01,COVERED
1117106,,,MISS
1190444,,,MISS
485102,,,MISS
208591,S01CA,,COVERED
545875,,,MISS
603086,,,MISS
1095364,N01BA,N01BA05,COVERED
1100471,A11JB|A11HA,A11HA02,COVERED
1046534,,,MISS
417994,D02AB,,COVERED
1009241,B05XA,B05XA02,COVERED
1012238,D07XA,D07XA01,COVERED
1010844,C01BB,C01BB01,COVERED
245224,,,MISS
1000636,D02AA,,COVERED
102250,A07EA,A07EA02,COVERED
307710,,,MISS
1190113,S01KA,,COVERED
248280,N01BA,N01BA05,COVERED
1045335,N01BA,N01BA05,COVERED
238154,N02BE,N02BE01,COVERED
307686,N02BE,N02BE01,COVERED
1663812,D08AX,D08AX08,COVERED
1234482,A11AA,,COVERED
1043063,D07AA,D07AA02,COVERED
1722107,N01BA,N01BA03,COVERED
1658300,,,MISS
239009,S02DA,,COVERED
1053423,,,MISS
1727521,B03AA|G03AA,B03AA02,COVERED
999434,,,MISS
1723750,L01FE,L01FE03,COVERED
346966,,,MISS
311422,B05XA,B05XA11,COVERED
106248,D07AA,D07AA02,COVERED
207125,J02AX,J02AX01,COVERED
2052064,G03AC,G03AC01,COVERED
857368,,,MISS
313633,,,MISS
857716,,,MISS
804973,D10AF,D10AF01,COVERED
206905,M01AE,M01AE01,COVERED
1726416,S01XA,,COVERED
1095225,,,MISS
1098170,,,MISS
208312,B05XA,B05XA02,COVERED
1101741,,,MISS
800444,B05BA,,COVERED
238135,N02BA,N02BA01,COVERED
313456,,,MISS
857410,,,MISS
209304,G04BC,,COVERED
2107062,,,MISS
312004,C01DA,C01DA02,COVERED
1046815,A03CB,,COVERED
562193,,,MISS
213543,,,MISS
605132,,,MISS
1192741,D02AA,,COVERED
312891,D11AF,,COVERED
859225,,,MISS
997951,A11JA,,COVERED
1006725,,,MISS
2117659,D10AD,D10AD01,COVERED
244541,,,MISS
260394,,,MISS
248244,,,MISS
1667692,,,MISS
860117,,,MISS
1000666,,,MISS
1014018,J01AA,J01AA08,COVERED
1049648,,,MISS
859132,G04BE,G04BE01,COVERED
1088930,C01EX,,COVERED
243783,,,MISS
244124,,,MISS
544351,,,MISS
1042829,,,MISS
1658303,,,MISS
1730425,D11AF,,COVERED
244323,R02AD,R02AD01,COVERED
859128,G04BE,G04BE01,COVERED
206962,,,MISS
1053444,N01BA,N01BA05,COVERED
1050338,C02AC,C02AC01,COVERED
317055,,,MISS
1000000,C09DX,,COVERED
831313,,,MISS
998428,D01AC,D01AC02,COVERED
577927,S01XA,,COVERED
853019,,,MISS
1091712,,,MISS
1001679,A11JB,,COVERED
1089060,R05FA,,COVERED
994005,M01AE,M01AE02,COVERED
1235747,,,MISS
208318,,,MISS
1006063,,,MISS
577799,,,MISS
476679,N02BF,N02BF01,COVERED
616283,L01EX,L01EX01,COVERED
261345,,,MISS
1052610,D08AJ,D08AJ08,COVERED
1112894,A07FA,,COVERED
1101339,N02BF,N02BF01,COVERED
1805281,,,MISS
205073,B05BB,,COVERED
1049898,D04AA,D04AA32,COVERED
1923430,,,MISS
239984,L04AG,L04AG01,COVERED
1807549,B05XA,B05XA03,COVERED
1812079,H02AB,H02AB02,COVERED
1860132,A12BA,A12BA01,COVERED
1241720,,,MISS
1246336,,,MISS
1794905,B05BB,,COVERED
1248486,,,MISS
1248347,,,MISS
1923421,G03AA,,COVERED
1241639,D11AF,,COVERED
1294313,,,MISS
1250980,D01AE,D01AE04,COVERED
1251334,G03AA|G03FA,G03AA05,COVERED
1244638,N01AF,N01AF01,COVERED
1293648,N01BB,N01BB02,COVERED
1294348,,,MISS
1314399,,,MISS
1358395,,,MISS
1244146,A11JA,,COVERED
1359024,,,MISS
1368312,,,MISS
1370760,,,MISS
1293874,S02CA,,COVERED
1423416,,,MISS
198021,,,MISS
1293983,D04AX,,COVERED
1441185,,,MISS
1537434,,,MISS
1598339,,,MISS
1241621,,,MISS
1431682,D04AB,D04AB01,COVERED
198207,N05CM,N05CM05,COVERED
1250631,,,MISS
197948,D05AD,D05AD02,COVERED
1294395,,,MISS
1292982,,,MISS
1494174,D10AF,D10AF06,COVERED
1546217,R03AA,R03AA01,COVERED
1545716,,,MISS
1593156,B02BD,B02BD14,COVERED
1597269,,,MISS
1293036,,,MISS
1426293,D04AB,D04AB04,COVERED
1247453,S01JA,S01JA01,COVERED
1297932,,,MISS
1926461,,,MISS
1297983,,,MISS
1311810,,,MISS
1368640,,,MISS
1372490,D08AJ,D08AJ08,COVERED
1540246,D10AF,D10AF01,COVERED
1545703,,,MISS
1294033,D04AB,D04AB07,COVERED
1251566,D11AF,,COVERED
1653155,,,MISS
1484873,,,MISS
1425181,A02AC,A02AC01,COVERED
800033,,,MISS
756219,,,MISS
1488304,B02BD,B02BD11,COVERED
801192,,,MISS
748987,G03AC,G03AC01,COVERED
744980,,,MISS
1534829,S01KA,,COVERED
311904,,,MISS
884077,D07AA|D11AC,D07AA02,COVERED
351524,,,MISS
758864,,,MISS
1088846,,,MISS
205121,A06AG,,COVERED
310892,,,MISS
205022,,,MISS
746686,,,MISS
749881,,,MISS
312056,A07AA,A07AA02,COVERED
753476,,,MISS
800061,B05DB,,COVERED
762667,,,MISS
197959,C02LB,,COVERED
731526,,,MISS
308206,,,MISS
309421,,,MISS
892798,N01BA,N01BA05,COVERED
347690,,,MISS
903305,H03AA,H03AA02,COVERED
730872,C09DB,,COVERED
308310,N02BE,N02BE01,COVERED
894875,,,MISS
310910,,,MISS
308291,,,MISS
755546,,,MISS
899863,D02AB,,COVERED
763474,G04BE,G04BE01,COVERED
312010,C01DA,C01DA02,COVERED
800105,,,MISS
310871,,,MISS
992783,,,MISS
748865,G03AA|G03AB,,COVERED
668350,D07AB,D07AB08,COVERED
728481,M02AB,M02AB01,COVERED
993770,N02AJ,N02AJ06,COVERED
829764,,,MISS
198297,M01AB,M01AB03,COVERED
349516,N02BA,N02BA01,COVERED
993075,,,MISS
198466,N02BA,N02BA01,COVERED
902515,D08AX,D08AX08,COVERED
1088869,B03AE,,COVERED
311971,,,MISS
352131,S01KA,,COVERED
730905,,,MISS
1087757,,,MISS
198531,,,MISS
762334,G03AA|G03AB,,COVERED
206286,,,MISS
999731,,,MISS
636337,V06DD,,COVERED
801035,,,MISS
198230,J01EB,J01EB02,COVERED
314933,,,MISS
352096,,,MISS
198635,B03AA,B03AA07,COVERED
198490,,,MISS
204801,,,MISS
205904,,,MISS
807391,,,MISS
827689,,,MISS
831267,,,MISS
204474,C02DA,C02DA01,COVERED
832739,,,MISS
805379,,,MISS
205336,A01AB,A01AB02,COVERED
207662,,,MISS
830655,B05BA,,COVERED
210828,,,MISS
834156,D08AC,D08AC02,COVERED
2121105,,,MISS
199842,A11GB,,COVERED
848166,N02BA,N02BA01,COVERED
213528,,,MISS
213635,,,MISS
2108920,D04AB,D04AB01,COVERED
2178934,,,MISS
830684,B05BA,,COVERED
1114385,,,MISS
212240,D06AX,D06AX05,COVERED
210141,D11AF,,COVERED
212246,D04AB,D04AB04,COVERED
1147235,,,MISS
852869,,,MISS
1148253,,,MISS
2121931,M02AC,,COVERED
1190639,,,MISS
562781,,,MISS
857734,,,MISS
1149658,D08AG,D08AG02,COVERED
859137,,,MISS
1234586,R01AA,R01AA04,COVERED
860441,,,MISS
1005789,,,MISS
1116731,D02AA,,COVERED
351706,D07BA,,COVERED
1234393,D07XA,D07XA01,COVERED
1039923,,,MISS
1044910,,,MISS
1014024,J01AA,J01AA08,COVERED
1085779,,,MISS
543018,G04BC,,COVERED
1037274,N02BE,N02BE01,COVERED
1053618,R01BA,R01BA02,COVERED
1038754,,,MISS
1085633,D07AB,D07AB09,COVERED
1086453,,,MISS
1039248,,,MISS
1654645,D08AX,D08AX08,COVERED
1661424,B05XA,B05XA03,COVERED
1732122,,,MISS
1722333,,,MISS
1117090,S01AA,S01AA32,COVERED
1011766,,,MISS
207214,,,MISS
211394,,,MISS
857687,,,MISS
1039811,D08AX,D08AX08,COVERED
1721473,J01CA,J01CA01,COVERED
252592,N01BA,N01BA03,COVERED
1094911,,,MISS
1116195,,,MISS
2117976,,,MISS
1115759,,,MISS
834768,G03AA|G03AB,,COVERED
2003464,D02AB,,COVERED
1090048,,,MISS
1050493,G03AA,,COVERED
847627,B05BB,,COVERED
210779,,,MISS
371226,B05XA,B05XA19,COVERED
310818,C03EA,,COVERED
1091325,C01EX,,COVERED
858726,D08AC,D08AC02,COVERED
1099659,R01BA,R01BA03,COVERED
210753,,,MISS
801451,B05BB,,COVERED
856962,N02AJ,,COVERED
858763,,,MISS
476137,D08AJ,D08AJ08,COVERED
1112895,A07FA,,COVERED
476556,J05AR,J05AR03,COVERED
604669,R01BA,R01BA03,COVERED
1101729,D11AC,,COVERED
856429,C07BA,,COVERED
858854,,,MISS
1000122,,,MISS
1042815,,,MISS
858784,,,MISS
858795,,,MISS
1044290,,,MISS
261179,,,MISS
616798,,,MISS
1049425,,,MISS
243459,,,MISS
1011814,N01BB,N01BB02,COVERED
1043322,D09AA,D09AA11,COVERED
1114019,,,MISS
1114376,,,MISS
1039681,M02AB,M02AB01,COVERED
413248,,,MISS
1013619,,,MISS
1006710,S01AB,S01AB04,COVERED
1050123,,,MISS
284199,,,MISS
1049093,D08AJ,D08AJ08,COVERED
1737764,C01BB,C01BB01,COVERED
435191,,,MISS
616913,,,MISS
244557,D04AB,D04AB04,COVERED
1086253,,,MISS
1114098,D02AX,,COVERED
242814,,,MISS
260375,,,MISS
284465,,,MISS
251407,D11AF,,COVERED
204735,,,MISS
1665679,M01AB,M01AB15,COVERED
206755,,,MISS
1092454,,,MISS
1111457,,,MISS
242668,B03AE,,COVERED
1116271,,,MISS
1721082,S01KA,,COVERED
210025,,,MISS
616918,,,MISS
1043619,A01AB,,COVERED
859139,,,MISS
857685,,,MISS
860743,,,MISS
1045553,,,MISS
282708,,,MISS
1006729,S01AB,S01AB04,COVERED
1095689,D11AF,,COVERED
1005858,,,MISS
1037240,N02BE,N02BE01,COVERED
312885,D11AC,,COVERED
1000895,D10AF,D10AF06,COVERED
2179758,L01FD,L01FD01,COVERED
1809636,,,MISS
1189629,B05BB,,COVERED
1864958,,,MISS
1737562,C01BB,C01BB01,COVERED
1659600,J01CR,J01CR04,COVERED
1242779,,,MISS
1250569,,,MISS
1297755,,,MISS
1793145,B02BC,B02BC06,COVERED
1311206,,,MISS
1359097,,,MISS
1807516,J01XA,J01XA01,COVERED
2186001,D04AX,,COVERED
1433630,,,MISS
1483199,,,MISS
1489373,,,MISS
1495202,,,MISS
1235200,S01GA,S01GA01,COVERED
1243585,S01BC,S01BC04,COVERED
1537340,,,MISS
1543754,,,MISS
1487770,D04AB,D04AB01,COVERED
1600520,,,MISS
1242891,,,MISS
1486841,J05AJ,J05AJ01,COVERED
1809083,J01EE,J01EE01,COVERED
1297354,,,MISS
1547775,S01HA,S01HA03,COVERED
1807518,J01XA,J01XA01,COVERED
1648997,D07AB,D07AB09,COVERED
1247251,D04AB,D04AB07,COVERED
1598322,V06DC,V06DC01,COVERED
1299675,,,MISS
1300293,,,MISS
1248360,R06AA,R06AA02,COVERED
197963,C02LB,,COVERED
1944704,L01FX,L01FX02,COVERED
1299021,R01BA,R01BA02,COVERED
1442145,,,MISS
1430059,,,MISS
1305268,C01CA,C01CA24,COVERED
1366736,D08AC,D08AC02,COVERED
1375960,V06DC,V06DC01,COVERED
1370758,D07AB,D07AB02,COVERED
1543735,,,MISS
1549085,,,MISS
1493160,D08AJ,D08AJ01,COVERED
1537012,N02BA,N02BA01,COVERED
1595997,,,MISS
1305603,R05CA,R05CA03,COVERED
1605695,,,MISS
1600378,,,MISS
1294001,,,MISS
1546194,,,MISS
1487080,D11AC,,COVERED
1484963,B02BD,B02BD04,COVERED
1297965,,,MISS
1363651,,,MISS
1483184,,,MISS
1535503,,,MISS
1790175,L01EX,L01EX07,COVERED
1942710,A01AB,A01AB02,COVERED
1542941,,,MISS
1547777,,,MISS
1549551,,,MISS
1297389,A12AX,,COVERED
1535618,N01BB,N01BB02,COVERED
1539441,D08AJ,D08AJ01,COVERED
197583,H02AB,H02AB02,COVERED
1424612,D02AF,,COVERED
1945071,,,MISS
1313070,,,MISS
1359293,,,MISS
1657192,L01FF,L01FF01,COVERED
1872088,N02BA,N02BA01,COVERED
1441321,,,MISS
1924315,J05AJ,J05AJ01,COVERED
1490659,,,MISS
1487627,,,MISS
1300889,M02AB,M02AB01,COVERED
1860466,A12BA,A12BA01,COVERED
707916,,,MISS
1298427,D11AX,D11AX22,COVERED
702428,,,MISS
861185,,,MISS
657440,,,MISS
884995,,,MISS
895899,,,MISS
1251290,G04BX,,COVERED
761361,D01AE,D01AE12,COVERED
312528,,,MISS
1923329,M02AC,,COVERED
2048895,,,MISS
1601095,M02AC,,COVERED
309332,D10AF,D10AF01,COVERED
96058,D08AF,D08AF01,COVERED
998493,D01AC,D01AC02,COVERED
308664,,,MISS
206352,D07AA,D07AA02,COVERED
795713,,,MISS
312556,G01AX,G01AX11,COVERED
994507,,,MISS
759719,,,MISS
199240,A11JA,,COVERED
308716,,,MISS
801000,B05BA,,COVERED
313450,D10AD,D10AD01,COVERED
205826,,,MISS
312609,,,MISS
828587,,,MISS
994008,M01AE,M01AE02,COVERED
900424,,,MISS
881350,,,MISS
756237,,,MISS
685855,,,MISS
309335,J01FF,J01FF01,COVERED
730063,S01KA,S01KA02,COVERED
992457,,,MISS
636141,A06AD,A06AD17,COVERED
991233,L01XF,L01XF03,COVERED
617423,J01CR,,COVERED
308209,,,MISS
991370,A02AC,A02AC01,COVERED
310363,,,MISS
314113,A12CC,A12CC10,COVERED
705726,A11CB,,COVERED
806573,L01FD,L01FD01,COVERED
800111,B05DB,,COVERED
308363,N02BA,N02BA01,COVERED
990993,,,MISS
308985,J01CA,J01CA03,COVERED
800988,B05BB,,COVERED
312491,,,MISS
744632,C09DB,,COVERED
312507,A12BA,A12BA01,COVERED
755593,,,MISS
901857,,,MISS
883806,R03AA,R03AA01,COVERED
205111,,,MISS
1991327,,,MISS
629695,J01AA,J01AA08,COVERED
343037,,,MISS
308891,A02AC,A02AC01,COVERED
308356,,,MISS
309477,,,MISS
308508,S01AA,S01AA32,COVERED
308892,A02AC,A02AC01,COVERED
1996193,N02AE,N02AE01,COVERED
1992305,S01ED,S01ED01,COVERED
800192,B05BA,,COVERED
723739,A12CC,A12CC10,COVERED
867506,L01EX,L01EX03,COVERED
2047185,,,MISS
885133,D10AF,D10AF01,COVERED
205885,,,MISS
359906,,,MISS
351071,,,MISS
809125,,,MISS
203457,R06AA|D04AA,R06AA02|D04AA32,COVERED
2001686,M02AC,,COVERED
2054157,L01EX,L01EX08,COVERED
798451,J07AG,,COVERED
313081,,,MISS
992816,G01AF,G01AF04,COVERED
809835,,,MISS
830677,,,MISS
848210,,,MISS
866357,A01AD,,COVERED
206349,D07AA,D07AA02,COVERED
857612,,,MISS
1998442,D02AB,,COVERED
211796,,,MISS
2105780,,,MISS
1100467,,,MISS
1094734,,,MISS
826091,,,MISS
857421,,,MISS
855660,,,MISS
856799,,,MISS
1189269,,,MISS
857002,N02AJ,,COVERED
1189281,,,MISS
1190233,,,MISS
2106107,D02AB,,COVERED
1147327,L01FX,L01FX05,COVERED
1116374,R01AX,,COVERED
836268,B03AE,,COVERED
543549,,,MISS
545229,,,MISS
546651,,,MISS
410226,N02BE,N02BE01,COVERED
616880,,,MISS
858856,,,MISS
584513,D07AB,D07AB08,COVERED
1190919,J07AM,J07AM01,COVERED
542045,A11JA,,COVERED
616480,N01BX,N01BX03,COVERED
1009392,,,MISS
858062,J01AA,J01AA08,COVERED
1011841,,,MISS
1012996,,,MISS
2184171,,,MISS
1010057,D04AB,D04AB01,COVERED
1000133,L02AB,L02AB02,COVERED
1011983,D08AJ,D08AJ01,COVERED
476553,A02AF,,COVERED
247138,,,MISS
1085666,H02AB,H02AB08,COVERED
859150,,,MISS
1115990,,,MISS
860098,,,MISS
1110806,D07AB,D07AB09,COVERED
1046602,R01AA,R01AA08,COVERED
404172,N02BE,N02BE01,COVERED
1726322,,,MISS
1043719,D02AX,,COVERED
1037117,D04AB,D04AB04,COVERED
198474,,,MISS
1012221,C05AA,C05AA01,COVERED
240559,D11AF,,COVERED
1020420,M02AC,,COVERED
259093,C05AX,C05AX06,COVERED
313884,A02AC,A02AC01,COVERED
314122,C01DA,C01DA02,COVERED
830614,,,MISS
847540,,,MISS
211892,,,MISS
213554,,,MISS
1670324,L01BC,,COVERED
2184157,,,MISS
809559,A12AX,,COVERED
1112246,,,MISS
403853,C09DA,,COVERED
308650,,,MISS
207086,A03BB,A03BB03,COVERED
1053741,R05FB,,COVERED
213626,D06AX,D06AX05,COVERED
832731,A12BA,A12BA01,COVERED
1147337,J05AR,J05AR08,COVERED
207287,,,MISS
834171,,,MISS
807367,,,MISS
847617,B05BB,,COVERED
1090577,D02AB,,COVERED
857834,,,MISS
211312,,,MISS
1088604,D02AA,,COVERED
2122902,,,MISS
847745,J05AR,J05AR10,COVERED
343033,H02AB,H02AB02,COVERED
212839,,,MISS
541951,,,MISS
2109512,D04AB,D04AB07,COVERED
1046812,,,MISS
1047873,,,MISS
1001690,A06AD,A06AD13,COVERED
198859,A02AH,,COVERED
477180,D02AB,,COVERED
213372,D10AX,D10AX02,COVERED
562592,S01FB,S01FB01,COVERED
260395,,,MISS
1012100,D04AB,D04AB01,COVERED
1049880,D04AA,D04AA32,COVERED
106303,D10AD,D10AD01,COVERED
1085686,D07AB,D07AB09,COVERED
252203,A02AD,A02AD03,COVERED
1733870,D04AB,D04AB06,COVERED
1742420,N01BA,N01BA05,COVERED
1747294,M01AE,M01AE01,COVERED
1190629,,,MISS
1001089,,,MISS
417424,D02AF|D01AE,D01AE12,COVERED
860437,,,MISS
1085744,,,MISS
1654725,,,MISS
1115013,N02BF,N02BF01,COVERED
1098199,D08AJ,D08AJ01,COVERED
308618,,,MISS
198879,,,MISS
2003375,G03AA,,COVERED
1658048,L04AG,L04AG12,COVERED
308071,D11AA,,COVERED
314116,,,MISS
207360,,,MISS
1098490,,,MISS
1994320,N02BA,N02BA03,COVERED
1718991,A06AD|A06AB,A06AB02,COVERED
1101879,,,MISS
2000695,G03AA,,COVERED
209264,,,MISS
2181301,,,MISS
2184166,,,MISS
857766,,,MISS
1086328,,,MISS
1045328,,,MISS
308081,,,MISS
237511,B05XA,B05XA18,COVERED
210761,,,MISS
1000720,D10AF,D10AF06,COVERED
1111339,S01GX,S01GX09,COVERED
1190764,A03BA,A03BA01,COVERED
1146128,D02AA,,COVERED
1807579,,,MISS
1045385,M02AC,,COVERED
1246227,,,MISS
1291103,,,MISS
238910,N01BA,N01BA05,COVERED
1299137,,,MISS
1798453,N02BE,N02BE01,COVERED
1807646,B05XA,B05XA03,COVERED
1359113,,,MISS
1871453,D04AB,D04AB01,COVERED
1294201,R01BA,R01BA02,COVERED
1360954,,,MISS
1362058,,,MISS
1363387,,,MISS
1809905,G03AA|B03AA,B03AA02,COVERED
1357883,R01BA,R01BA03,COVERED
1436161,,,MISS
1438297,,,MISS
1534658,,,MISS
1549474,,,MISS
1369775,R01BA,R01BA03,COVERED
1489158,,,MISS
1789192,,,MISS
1494824,D10AF,D10AF06,COVERED
1803724,,,MISS
1607990,B03AA|G03AA,B03AA02,COVERED
1495050,R01AX,,COVERED
1299083,,,MISS
1300438,R05FB,,COVERED
1543553,G03AA,,COVERED
1301239,,,MISS
1789947,A03AD,A03AD01,COVERED
1312784,,,MISS
1360744,,,MISS
1361035,,,MISS
1919516,L01FF,L01FF03,COVERED
1797867,R01AC,R01AC03,COVERED
1363631,,,MISS
1376210,,,MISS
1426594,,,MISS
1876397,G03AA|G03AB|G03CA,G03AA08|G03AB03|G03CA01,COVERED
1926470,D06AA,D06AA04,COVERED
1541268,,,MISS
1537091,,,MISS
1599273,,,MISS
1544187,,,MISS
1740002,,,MISS
197580,H02AB,H02AB02,COVERED
1867921,,,MISS
1650201,B03AA|G03AA,B03AA02,COVERED
1251608,,,MISS
1292872,,,MISS
1432541,M02AC,,COVERED
1314499,,,MISS
1918214,D08AC,D08AC02,COVERED
1648148,D11AC,,COVERED
1251365,A02AD,A02AD03,COVERED
1294394,N02CA,N02CA02,COVERED
1545801,,,MISS
1605123,,,MISS
1367420,B02BD,B02BD30,COVERED
1356799,R05DA,R05DA04,COVERED
1534792,D04AB,D04AB01,COVERED
1425418,,,MISS
197724,M01AE,M01AE09,COVERED
1923327,M02AB,M02AB01,COVERED
1427301,G03AB|G03AA,,COVERED
1537021,,,MISS
1293637,D04AB,D04AB07,COVERED
1918242,L01XK,L01XK02,COVERED
1597902,,,MISS
731097,,,MISS
729783,,,MISS
1482821,N02BF,N02BF01,COVERED
1368022,D02AX,,COVERED
1357013,R01BA,R01BA03,COVERED
800213,,,MISS
1442443,A12AX,,COVERED
792119,,,MISS
993926,,,MISS
706943,R01AX,,COVERED
902574,D08AX,D08AX08,COVERED
748864,G03AA,,COVERED
883808,D01AE|D02AF,D01AE12,COVERED
995067,R05DA,R05DA04,COVERED
310468,,,MISS
2049513,,,MISS
800449,B05BA,,COVERED
1792386,S02CA,,COVERED
895045,,,MISS
309337,G01AA,G01AA10,COVERED
993837,N02AJ,N02AJ06,COVERED
753483,G03AA,,COVERED
865087,,,MISS
1997458,,,MISS
994289,R05DA,R05DA04,COVERED
308498,D06AX,D06AX05,COVERED
313902,,,MISS
670299,,,MISS
751553,G03AA,G03AA08,COVERED
1087367,G04BX,G04BX12,COVERED
311906,A14AB,A14AB01,COVERED
351973,N02BF,N02BF01,COVERED
749870,,,MISS
637077,D08AX,D08AX08,COVERED
1089023,R05FA,,COVERED
900388,,,MISS
722152,G03AA,G03AA08,COVERED
308358,,,MISS
701919,D06BX,D06BX01,COVERED
206517,,,MISS
206372,,,MISS
707677,B05CB,B05CB01,COVERED
707251,R01AX,,COVERED
311207,P02CF,P02CF01,COVERED
727415,V03AB,V03AB04,COVERED
205074,A02AC,A02AC01,COVERED
891172,,,MISS
894887,,,MISS
998704,A02AC,A02AC01,COVERED
790300,,,MISS
966747,,,MISS
348804,G03AB|G03AA,G03AB03|G03AA08,COVERED
749762,G03AA|G03CA|G03AB,G03AA08|G03CA01|G03AB03,COVERED
994228,,,MISS
308728,,,MISS
2003712,D08AX,D08AX08,COVERED
198996,,,MISS
313981,,,MISS
205833,,,MISS
207051,,,MISS
389031,,,MISS
359278,,,MISS
2000031,,,MISS
1090743,R01BA,R01BA02,COVERED
2043464,J05AR,J05AR11,COVERED
746746,,,MISS
749184,,,MISS
753486,,,MISS
310665,C02CC,C02CC02,COVERED
665096,,,MISS
895895,,,MISS
312512,,,MISS
744846,J05AJ,J05AJ01,COVERED
806656,,,MISS
313137,J01EE,J01EE01,COVERED
199308,D01AE,D01AE12,COVERED
996989,,,MISS
997518,,,MISS
313941,D01AE,D01AE14,COVERED
1994395,N02BF,N02BF02,COVERED
801878,,,MISS
809132,,,MISS
806859,,,MISS
996712,R05FA,,COVERED
834786,,,MISS
672519,A11JC,,COVERED
824574,R02AD,R02AD01,COVERED
857718,,,MISS
313407,S01ED,S01ED01,COVERED
836397,N02AJ,N02AJ13,COVERED
2109438,,,MISS
1098244,,,MISS
210325,A07AA,A07AA02,COVERED
212345,,,MISS
1088217,S01XA,,COVERED
1099490,,,MISS
847626,B05BB,,COVERED
211292,N02BA,N02BA01,COVERED
830456,A02AF,,COVERED
1088146,S01XA,,COVERED
413249,,,MISS
579304,,,MISS
562654,,,MISS
857772,,,MISS
1005711,,,MISS
1234549,D04AB,D04AB07,COVERED
1011825,,,MISS
1193341,L01EJ,L01EJ01,COVERED
1233850,G03AA,,COVERED
597730,J05AR,J05AR10,COVERED
608844,D01AC,D01AC08,COVERED
1000981,S01GA,S01GA04,COVERED
1037307,,,MISS
1046908,,,MISS
1038759,,,MISS
1048316,,,MISS
1010751,N01BB,N01BB02,COVERED
1050241,,,MISS
1085614,,,MISS
1037273,N02BE,N02BE01,COVERED
1085807,,,MISS
284544,,,MISS
244523,,,MISS
1049182,R01BA,R01BA03,COVERED
1085805,,,MISS
238754,H02AB,H02AB09,COVERED
237631,,,MISS
238144,,,MISS
1661427,B05XA,B05XA03,COVERED
1659927,L01XJ,L01XJ02,COVERED
1666374,C01CA,C01CA06,COVERED
1010745,N01BB,N01BB02,COVERED
349625,,,MISS
836370,,,MISS
240093,N02BE,N02BE01,COVERED
204759,,,MISS
249465,C05AX,C05AX06,COVERED
205247,,,MISS
252965,D08AG,D08AG02,COVERED
206963,,,MISS
315120,,,MISS
806013,,,MISS
832909,A12AX,,COVERED
211835,,,MISS
318202,D10AF,D10AF02,COVERED
833695,,,MISS
212837,,,MISS
853499,N02BA,N02BA01,COVERED
996202,S01GA,S01GA02,COVERED
2122526,J05AR,J05AR25,COVERED
1087208,B03AE,,COVERED
830871,,,MISS
832924,,,MISS
2197238,N01BA,N01BA05,COVERED
857822,,,MISS
1090699,R01BA,R01BA02,COVERED
1000500,G03FA,,COVERED
807016,D02AX,,COVERED
1092680,,,MISS
1092602,,,MISS
1088255,L01EB,L01EB02,COVERED
1100258,,,MISS
1099097,,,MISS
2121061,L01ED,L01ED02,COVERED
1190897,,,MISS
1147659,,,MISS
425319,,,MISS
858851,,,MISS
1114074,L01EX,L01EX04,COVERED
1101840,N01BX,N01BX03,COVERED
1006685,,,MISS
309286,B06AA,B06AA04,COVERED
1044470,,,MISS
1046598,,,MISS
1046862,,,MISS
1048309,,,MISS
860092,M01AB,M01AB15,COVERED
1047451,,,MISS
1039942,D08AX,D08AX08,COVERED
1049904,,,MISS
1049725,,,MISS
1038791,D08AJ|D11AC,D08AJ01,COVERED
1086249,,,MISS
1086242,,,MISS
1116098,,,MISS
1189683,,,MISS
1041846,,,MISS
1046969,,,MISS
242446,S02AA,S02AA16,COVERED
1737636,C01BB,C01BB01,COVERED
1720002,C05AX,C05AX06,COVERED
1005844,,,MISS
1047766,,,MISS
604664,R01BA,R01BA03,COVERED
1049905,,,MISS
603208,L01EB,L01EB02,COVERED
245249,D01BA,D01BA01,COVERED
248426,,,MISS
259533,,,MISS
1192980,,,MISS
1049549,,,MISS
243587,D04AB,D04AB04,COVERED
1795169,,,MISS
310411,,,MISS
312497,,,MISS
1721571,L01EB,L01EB04,COVERED
200139,,,MISS
1788839,D08AX,D08AX08,COVERED
205848,,,MISS
343013,,,MISS
1745438,C05AD,C05AD01,COVERED
1720258,B03BB,B03BB01,COVERED
1795170,B05BB,,COVERED
1116143,,,MISS
1190920,,,MISS
1001691,A11JB,,COVERED
2181302,,,MISS
858900,,,MISS
859939,,,MISS
860147,,,MISS
1994362,L01EL,L01EL01,COVERED
1111343,S01GX,S01GX09,COVERED
1043389,,,MISS
1046575,,,MISS
805663,N06BA,N06BA13,COVERED
1673951,,,MISS
1807547,,,MISS
1655054,B02BC,B02BC06,COVERED
1747697,J05AR,J05AR17,COVERED
1006120,S01AB,S01AB04,COVERED
1808194,,,MISS
1807513,J01XA,J01XA01,COVERED
1044936,D02AA,,COVERED
1801298,A12BA,A12BA01,COVERED
1790877,B03BB,B03BB01,COVERED
284140,D02AA,,COVERED
1807636,B05XA,B05XA03,COVERED
1244576,,,MISS
1860139,A12BA,A12BA01,COVERED
1247831,,,MISS
1869797,D04AB,D04AB01,COVERED
1921589,L01XK,L01XK03,COVERED
1868494,C01DA,C01DA02,COVERED
1939340,D04AB,D04AB01,COVERED
1291292,,,MISS
1293854,,,MISS
1297956,,,MISS
1870112,M02AC,,COVERED
1293997,,,MISS
1251355,A02AD,A02AD03,COVERED
1244968,R01AX,,COVERED
1300288,,,MISS
1248057,R01BA,R01BA03,COVERED
1312265,,,MISS
1242123,R02AA,R02AA19,COVERED
1362221,,,MISS
1293506,N02CA,N02CA02,COVERED
1368280,,,MISS
1363787,,,MISS
1372890,,,MISS
1372449,,,MISS
1424008,,,MISS
1428830,,,MISS
1314768,J01GB,J01GB01,COVERED
1366794,C05AD,C05AD01,COVERED
1373142,D04AB,D04AB01,COVERED
1723168,,,MISS
1876729,,,MISS
1373137,D04AB,D04AB01,COVERED
1251788,,,MISS
1297521,,,MISS
1305902,,,MISS
1367702,,,MISS
1947133,H02AB,H02AB08,COVERED
197960,C02LB,,COVERED
1424042,,,MISS
1308577,,,MISS
1542981,N02AJ,,COVERED
1373503,G03AA|G03AB|G03CA,G03AA08|G03AB03|G03CA01,COVERED
1363788,,,MISS
1375110,,,MISS
1427002,D04AB,D04AB01,COVERED
1423319,,,MISS
1375107,,,MISS
1552226,D04AB,D04AB04,COVERED
1596460,,,MISS
1648217,,,MISS
1366116,D06AX,D06AX05,COVERED
1251276,,,MISS
1598039,,,MISS
1245700,,,MISS
198204,N02BE,N02BE01,COVERED
1312713,,,MISS
1251371,A01AB,,COVERED
1358506,,,MISS
1359242,,,MISS
1545036,,,MISS
1652093,R05DA,R05DA04,COVERED
1592764,,,MISS
1535978,,,MISS
730976,,,MISS
1604323,D08AJ,D08AJ01,COVERED
1597267,L01FX,L01FX07,COVERED
1251495,G03FA,,COVERED
1542803,N01BA,N01BA05,COVERED
672601,N02BE,N02BE01,COVERED
749849,,,MISS
645146,D11AX,D11AX01,COVERED
308488,,,MISS
757594,,,MISS
756189,,,MISS
668579,L01XH,L01XH01,COVERED
1942846,A07BB,,COVERED
992795,,,MISS
756245,N02BE,N02BE01,COVERED
308636,,,MISS
309472,,,MISS
200141,V06DC,V06DC01,COVERED
205352,,,MISS
206952,,,MISS
313927,,,MISS
797450,,,MISS
313807,,,MISS
312539,R05CA,R05CA02,COVERED
762967,,,MISS
2058529,J01AA,J01AA08,COVERED
312515,A12BA,A12BA01,COVERED
904311,A12CX,,COVERED
310355,,,MISS
2049505,,,MISS
201415,,,MISS
206285,,,MISS
628918,,,MISS
807839,,,MISS
705166,,,MISS
977836,G03AC,G03AC01,COVERED
882548,D10AD,D10AD01,COVERED
756235,,,MISS
308715,D07XC,D07XC01,COVERED
808513,A11JA,,COVERED
749857,,,MISS
978950,G03CA|G03AA|G03AB,G03CA03,COVERED
797277,,,MISS
795727,,,MISS
877466,A11EB,,COVERED
883748,,,MISS
901649,,,MISS
966623,,,MISS
93462,,,MISS
310882,,,MISS
797022,H02AB,H02AB02,COVERED
312740,,,MISS
313630,,,MISS
995064,R05DA,R05DA04,COVERED
312513,,,MISS
731591,,,MISS
730876,,,MISS
749151,,,MISS
198473,N02BA,N02BA01,COVERED
311364,J01MA,J01MA07,COVERED
309699,,,MISS
895952,,,MISS
309502,,,MISS
204874,S01CA,,COVERED
312570,S01AX,S01AX18,COVERED
206359,,,MISS
831485,,,MISS
891867,,,MISS
706820,S01XA,,COVERED
896976,C07BG,,COVERED
2003123,R05CA,R05CA03,COVERED
992682,,,MISS
308369,,,MISS
754869,,,MISS
748977,G03AC,G03AC01,COVERED
993111,,,MISS
312279,,,MISS
198268,P02CA,P02CA02,COVERED
206726,,,MISS
204675,,,MISS
312769,,,MISS
798447,J07AG,,COVERED
314244,,,MISS
845491,,,MISS
209265,,,MISS
314108,J01AA,J01AA08,COVERED
827757,R05CA,R05CA03,COVERED
996097,G04CA,G04CA02,COVERED
211641,,,MISS
999749,B03AE,,COVERED
315096,G03AA,,COVERED
1091600,,,MISS
801417,B05BA,,COVERED
847628,V07AB,,COVERED
211747,D08AG,D08AG02,COVERED
1101385,,,MISS
212567,D07AA,D07AA02,COVERED
2107511,M02AC,,COVERED
2183700,R01BA,R01BA02,COVERED
1099719,R01BA,R01BA02,COVERED
2183676,,,MISS
2168270,N01AH,N01AH01,COVERED
1113064,,,MISS
1115016,,,MISS
1113392,,,MISS
210073,D01AE,D01AE12,COVERED
1116107,,,MISS
213109,M02AB,M02AB01,COVERED
1117564,,,MISS
1192981,,,MISS
616785,,,MISS
1037245,,,MISS
1038795,,,MISS
1085691,,,MISS
243450,,,MISS
1190817,S01FA,S01FA01,COVERED
248113,,,MISS
260126,,,MISS
1000126,L02AB,L02AB02,COVERED
260405,,,MISS
1659147,,,MISS
1112703,,,MISS
858871,,,MISS
245248,D01BA,D01BA01,COVERED
1045558,,,MISS
1085785,,,MISS
239202,,,MISS
237867,A02AF,,COVERED
1092591,,,MISS
241514,,,MISS
1037336,,,MISS
213499,A01AB,A01AB02,COVERED
1116277,,,MISS
1050789,,,MISS
831718,,,MISS
606786,D10AF,,COVERED
1046529,D08AJ,D08AJ01,COVERED
1049568,D08AX,D08AX08,COVERED
836374,,,MISS
213540,,,MISS
1049882,D04AA,D04AA32,COVERED
828367,C05AD,C05AD07,COVERED
310311,,,MISS
205075,,,MISS
857748,,,MISS
2166129,R01BA,R01BA03,COVERED
209769,,,MISS
2169362,L01FD,L01FD01,COVERED
834206,D08AC,D08AC02,COVERED
313322,P02CA,P02CA02,COVERED
1101425,,,MISS
1145624,,,MISS
208334,D10AD,D10AD01,COVERED
1005860,,,MISS
1095271,A01AB,A01AB02,COVERED
1012943,,,MISS
1006707,,,MISS
857366,D01AC,D01AC03,COVERED
1053855,,,MISS
244496,,,MISS
1085700,,,MISS
307753,,,MISS
1653767,,,MISS
248341,D04AB,D04AB04,COVERED
1037288,,,MISS
1116155,D04AB,D04AB07,COVERED
1006688,D10AF,D10AF06,COVERED
1048336,G04BX,G04BX12,COVERED
1011093,C01BB,C01BB01,COVERED
1667909,C01CA,C01CA02,COVERED
804186,J07BD,,COVERED
244542,,,MISS
243774,,,MISS
1234566,,,MISS
1047795,G04BX,G04BX12,COVERED
1052767,R01BA,R01BA03,COVERED
1014331,,,MISS
544743,D11AC,,COVERED
1737345,C01BB,C01BB01,COVERED
416910,D02AF,,COVERED
259191,A11JA,,COVERED
1046924,A03CB,,COVERED
1728301,,,MISS
1667684,,,MISS
1798297,,,MISS
1037347,,,MISS
1805285,,,MISS
996584,,,MISS
314982,,,MISS
211809,,,MISS
2183672,,,MISS
1092422,R06AA,R06AA02,COVERED
244967,S01AA,S01AA18,COVERED
404063,,,MISS
1236048,R01BA|R05DA,R01BA03,COVERED
539903,,,MISS
562521,,,MISS
603711,,,MISS
237210,A03AD,A03AD01,COVERED
310759,D07BA,,COVERED
1006116,,,MISS
208330,D10AD,D10AD01,COVERED
849410,A11JC,,COVERED
1012764,,,MISS
1047771,,,MISS
1006693,D10AF,D10AF06,COVERED
604020,S01AD,S01AD09,COVERED
311415,A02AF,,COVERED
1668248,B05XA,B05XA19,COVERED
857131,N02AJ,,COVERED
208424,S01KA,,COVERED
1863986,,,MISS
240984,J01CR,J01CR04,COVERED
1005856,D10AF,D10AF06,COVERED
1807551,B05XA,B05XA03,COVERED
1293628,,,MISS
1294196,,,MISS
1868486,B05XA,B05XA02,COVERED
1363509,,,MISS
1297549,,,MISS
1807511,J01XA,J01XA01,COVERED
1490668,,,MISS
1245230,D08AC,D08AC02,COVERED
1489163,,,MISS
1873993,L01EF,L01EF02,COVERED
1542796,,,MISS
1547648,,,MISS
1251398,R01AX,,COVERED
1549433,,,MISS
1549317,,,MISS
1542798,,,MISS
1541630,R05DA,R05DA04,COVERED
1373379,D02AA,,COVERED
1293651,,,MISS
1421626,,,MISS
1492387,A02AF,,COVERED
1293487,R01BA,R01BA03,COVERED
1491562,,,MISS
1294026,D04AB,D04AB07,COVERED
1545789,,,MISS
1547928,,,MISS
1294024,D07XA,D07XA01,COVERED
1247445,S01JA,S01JA01,COVERED
1437295,D01AE,D01AE04,COVERED
1356073,,,MISS
1369971,R05DB,R05DB10,COVERED
1235456,A02AF,,COVERED
1599169,,,MISS
1366495,R06AE,R06AE04,COVERED
1543162,D04AB,D04AB06,COVERED
1604384,L01EX,L01EX08,COVERED
1875468,,,MISS
1298275,,,MISS
197404,A11CA,A11CA02,COVERED
1430453,L01EB,L01EB03,COVERED
1484809,,,MISS
1606483,C05AA,C05AA01,COVERED
1604331,,,MISS
1608264,,,MISS
1869320,S01KA,,COVERED
1494826,D10AF,D10AF06,COVERED
1596010,,,MISS
644134,,,MISS
1595989,N01BB,N01BB02,COVERED
745286,,,MISS
1442442,A12AX,,COVERED
797807,,,MISS
646333,M02AB,M02AB01,COVERED
795618,,,MISS
308662,,,MISS
310680,,,MISS
899217,D08AC,D08AC02,COVERED
905139,,,MISS
724861,N06BA,N06BA13,COVERED
197670,G03EA,,COVERED
800438,B05BA,,COVERED
1305916,D04AX,,COVERED
992765,G01AF,G01AF04,COVERED
978033,,,MISS
310857,,,MISS
311193,,,MISS
753396,,,MISS
800298,,,MISS
759696,H02AB,H02AB02,COVERED
310520,,,MISS
308514,,,MISS
308513,D06AX,D06AX05,COVERED
312353,,,MISS
1089121,,,MISS
808062,N01BA,N01BA05,COVERED
804978,,,MISS
665106,,,MISS
664961,D01AC,D01AC08,COVERED
995483,R05FA,,COVERED
833036,N02AJ,,COVERED
309016,,,MISS
311251,,,MISS
635970,B03AA,B03AA07,COVERED
646456,D01AA,D01AA01,COVERED
311356,,,MISS
790884,D02AF|D01AE,D01AE12,COVERED
1087960,,,MISS
309683,S01CA,,COVERED
206375,,,MISS
797463,B03AE,,COVERED
198462,,,MISS
998537,,,MISS
1088253,L01EB,L01EB02,COVERED
686868,,,MISS
348624,V03AN,V03AN04,COVERED
309917,D02AA,,COVERED
313714,D02AX,,COVERED
897298,,,MISS
637565,D02AA,,COVERED
308389,,,MISS
310127,S01EA,S01EA01,COVERED
312493,,,MISS
1090937,,,MISS
885109,D02AX,,COVERED
308355,,,MISS
1089805,,,MISS
864010,D02AX|D07AC,,COVERED
205714,,,MISS
345131,S01BA,S01BA04,COVERED
205906,D01BA,D01BA01,COVERED
311359,G03AA,,COVERED
308144,,,MISS
343002,G03CA,G03CA07,COVERED
2002727,,,MISS
310323,B03AA,B03AA07,COVERED
751885,G03AA,,COVERED
727988,N01BA,N01BA05,COVERED
204539,,,MISS
901038,D10AF,D10AF06,COVERED
995940,R05FA,,COVERED
979318,,,MISS
309175,,,MISS
206224,,,MISS
315094,,,MISS
206527,,,MISS
1090824,A11JB,,COVERED
313801,,,MISS
828602,,,MISS
2049890,J01XA,J01XA01,COVERED
834179,,,MISS
2055315,D01AE|D02AF,D01AE12,COVERED
207584,,,MISS
994226,M03BA,M03BA02,COVERED
211352,,,MISS
211822,,,MISS
211587,,,MISS
212019,,,MISS
1101019,,,MISS
829758,A11JB,,COVERED
315045,B06AA,B06AA04,COVERED
1115981,,,MISS
1232714,,,MISS
827751,N02AC,N02AC04,COVERED
1145942,,,MISS
210140,D11AF,,COVERED
544438,,,MISS
1115894,D10AF,D10AF06,COVERED
1101754,N02BE,N02BE01,COVERED
1012224,,,MISS
1006703,,,MISS
1013036,,,MISS
1043507,,,MISS
562793,D10AD,D10AD01,COVERED
584414,D01AA,D01AA01,COVERED
1000859,D10AF,D10AF06,COVERED
1098159,D03AX,,COVERED
1000091,D04AX,D04AX01,COVERED
1043757,,,MISS
1052431,,,MISS
1085777,,,MISS
1085748,,,MISS
1663410,,,MISS
616795,,,MISS
1052928,R01BA,R01BA03,COVERED
1011342,,,MISS
859038,,,MISS
1037330,,,MISS
1189623,D04AB,D04AB01,COVERED
616762,D08AX,D08AX08,COVERED
212086,N02BA,N02BA01,COVERED
105226,,,MISS
2184134,,,MISS
1041869,,,MISS
260500,,,MISS
347106,,,MISS
207302,,,MISS
404508,,,MISS
860114,M01AB,M01AB15,COVERED
805659,N06BA,N06BA13,COVERED
829734,B05XA,B05XA05,COVERED
359050,D10AD,D10AD01,COVERED
857583,,,MISS
834162,D08AC,D08AC02,COVERED
848200,D07AC,D07AC01,COVERED
857416,R06AA,R06AA04,COVERED
404509,A02AF,,COVERED
2107764,,,MISS
210692,,,MISS
211639,,,MISS
208331,D10AD,D10AD01,COVERED
309910,,,MISS
1102207,B03AE|A11EX,,COVERED
829187,,,MISS
857828,,,MISS
2118078,,,MISS
847055,C09DA,,COVERED
317161,D04AB,D04AB06,COVERED
209823,N02BA,N02BA01,COVERED
2179019,,,MISS
199891,A12CX,,COVERED
1092683,,,MISS
1150114,,,MISS
1094224,,,MISS
1112489,,,MISS
2109948,S01KA,,COVERED
2119706,S01EE,S01EE01,COVERED
1112250,R01BA,R01BA02,COVERED
210346,D04AX,,COVERED
562768,,,MISS
859126,,,MISS
413424,B05XA,B05XA02,COVERED
859238,,,MISS
860085,,,MISS
1098125,S01KA,,COVERED
1012993,,,MISS
359595,S01XA,,COVERED
1234579,S01FB,S01FB01,COVERED
1012955,D04AB,D04AB01,COVERED
103568,D01AE,D01AE12,COVERED
1086738,,,MISS
283342,,,MISS
1049254,D08AJ,D08AJ01,COVERED
1655489,,,MISS
1049909,R06AA,R06AA02,COVERED
1655506,,,MISS
238850,D08AG,D08AG02,COVERED
1668054,,,MISS
1721266,,,MISS
578759,C01EX,,COVERED
1001029,,,MISS
102770,,,MISS
1045616,,,MISS
562444,M02AB,M02AB01,COVERED
1053196,,,MISS
1192984,A06AG,,COVERED
1658720,,,MISS
1721530,,,MISS
1047479,P02CF,P02CF01,COVERED
1115928,,,MISS
1049306,A04AD,,COVERED
1190839,,,MISS
483446,N02BF,N02BF02,COVERED
1039541,D04AB|C05AA,D04AB07,COVERED
1734932,J05AB,J05AB01,COVERED
1738574,D07XA,D07XA01,COVERED
485818,C01EX,,COVERED
1737567,C01BB,C01BB01,COVERED
1795496,,,MISS
1797511,,,MISS
1792499,D02AB,,COVERED
1801282,,,MISS
1791408,B05BC,B05BC01,COVERED
802716,,,MISS
1794881,B05BB,,COVERED
1795250,B05BB,,COVERED
1190759,,,MISS
2101534,,,MISS
1038806,,,MISS
1006202,,,MISS
1053414,,,MISS
1050494,G03AA,,COVERED
1094451,R06AA,R06AA02,COVERED
1657987,,,MISS
1006701,,,MISS
1721308,,,MISS
1086035,,,MISS
1125493,M02AC,,COVERED
607024,N02BF,N02BF02,COVERED
1244909,,,MISS
1798481,D04AB,D04AB07,COVERED
1245374,,,MISS
238460,D02AF,,COVERED
1250637,,,MISS
1812262,D08AX,D08AX08,COVERED
1868482,B05XA,B05XA02,COVERED
1251505,,,MISS
1251836,,,MISS
1797851,R01AC,R01AC01,COVERED
1362783,,,MISS
1362944,,,MISS
1363759,,,MISS
485558,A01AD,,COVERED
1373217,,,MISS
1359363,D06AX,D06AX05,COVERED
1420997,,,MISS
1483229,,,MISS
1484775,,,MISS
1369424,R05DB,R05DB10,COVERED
1493170,,,MISS
1540669,,,MISS
1441112,D01AE,D01AE12,COVERED
1542804,,,MISS
1547983,,,MISS
1789250,,,MISS
1310473,,,MISS
1811470,D04AB,D04AB01,COVERED
1867993,N01BB,N01BB02,COVERED
1812095,H02AB,H02AB02,COVERED
1242399,R01BA,R01BA02,COVERED
1925790,N02BA,N02BA01,COVERED
1941489,J01AA,J01AA08,COVERED
1361609,,,MISS
1796079,J05AJ,J05AJ03,COVERED
1365984,A11JB,,COVERED
1372899,,,MISS
1363795,,,MISS
1359356,D06AX,D06AX05,COVERED
1483551,G03FA,,COVERED
1426601,G03AA|B03AA,B03AA02,COVERED
1547926,S01FB,S01FB01,COVERED
1292454,,,MISS
1245086,,,MISS
197530,G01AF,G01AF02,COVERED
1544717,D04AB,D04AB07,COVERED
1242406,R01BA,R01BA02,COVERED
1495092,G03AC,G03AC01,COVERED
1313971,,,MISS
1364278,,,MISS
1549386,R01AA,R01AA04,COVERED
1491000,,,MISS
1650988,,,MISS
1491618,,,MISS
1485610,,,MISS
1537046,,,MISS
1536833,N02BA,N02BA01,COVERED
1539808,D01AE,D01AE12,COVERED
1310948,A12AX,,COVERED
1294244,,,MISS
1294264,,,MISS
1248356,R06AA,R06AA02,COVERED
1535619,,,MISS
1302737,D08AJ,D08AJ08,COVERED
1489932,N02BA,N02BA04,COVERED
1923429,S01ED,S01ED01,COVERED
1297519,N02BA,,COVERED
1599135,A01AB,,COVERED
618026,,,MISS
1433879,J05AJ,J05AJ03,COVERED
1550952,D02AB,,COVERED
745535,,,MISS
1595214,R05FA,,COVERED
749565,,,MISS
701913,N02BE,N02BE01,COVERED
1600710,J05AR,J05AR14,COVERED
643125,H02AB,H02AB06,COVERED
758497,,,MISS
1359124,G03FA,,COVERED
623677,J01CE,J01CE08,COVERED
904326,,,MISS
686534,B05BB,,COVERED
995617,,,MISS
745294,,,MISS
894876,,,MISS
992660,,,MISS
308653,,,MISS
992656,,,MISS
688704,,,MISS
993890,N02AJ,N02AJ06,COVERED
308708,,,MISS
801018,,,MISS
753544,G03AA,,COVERED
800472,B05DB,,COVERED
759743,G03AB|G03CA|G03AA,G03CA01,COVERED
896884,N02BA,N02BA01,COVERED
759717,C05AA,C05AA01,COVERED
310875,,,MISS
198912,A12CB,A12CB01,COVERED
309918,D02AA,,COVERED
994839,,,MISS
885580,B03AA,B03AA07,COVERED
861054,,,MISS
707375,,,MISS
994404,R05DA,R05DA04,COVERED
731563,,,MISS
795067,D07AA,D07AA02,COVERED
312216,A03AD,A03AD01,COVERED
311491,,,MISS
731536,M01AE,M01AE01,COVERED
990986,,,MISS
308255,,,MISS
1087262,A11JB,,COVERED
312522,,,MISS
308297,N02BE,N02BE01,COVERED
2045344,,,MISS
643142,V06DD,,COVERED
207017,,,MISS
198467,N02BA,N02BA01,COVERED
318217,,,MISS
2001751,G03AB|G03AA|G03CA,G03AB03|G03AA08|G03CA01,COVERED
309305,S02CA,,COVERED
312541,R05CA,R05CA02,COVERED
200350,,,MISS
759742,G03AA|G03AB,,COVERED
205973,,,MISS
315077,,,MISS
313037,,,MISS
996958,,,MISS
1999890,D06AX,D06AX05,COVERED
312223,A11HA,,COVERED
203088,D01AC,D01AC08,COVERED
2048259,D08AJ,D08AJ01,COVERED
311680,D06BX,D06BX01,COVERED
895464,,,MISS
896789,A11JC,,COVERED
978077,,,MISS
902614,,,MISS
93370,,,MISS
797811,D08AX,D08AX01,COVERED
793099,H02AB,H02AB06,COVERED
309694,,,MISS
312632,,,MISS
702354,D11AX,D11AX01,COVERED
827485,,,MISS
750264,G03AA|G03AB,,COVERED
998516,,,MISS
793871,,,MISS
833507,D07AA|D11AC,D07AA02,COVERED
2057666,D08AJ,D08AJ01,COVERED
205669,S01BA,S01BA01,COVERED
860926,,,MISS
881156,,,MISS
727347,C01CA,C01CA24,COVERED
205104,D11AC,,COVERED
312263,,,MISS
313908,,,MISS
201152,,,MISS
315209,,,MISS
806527,,,MISS
1996965,,,MISS
885880,C02AC,C02AC01,COVERED
1998639,,,MISS
204590,,,MISS
206793,,,MISS
904495,M05BB,,COVERED
313975,D11AX,D11AX16,COVERED
978282,D02AA,,COVERED
198295,M01AB,M01AB03,COVERED
359277,,,MISS
2055751,D06AX,D06AX05,COVERED
999604,D10AF,D10AF06,COVERED
351349,D07AA,D07AA02,COVERED
853618,,,MISS
857597,,,MISS
834152,D08AC,D08AC02,COVERED
209303,,,MISS
2107814,,,MISS
317106,B03BA,B03BA03,COVERED
853501,N02BA,N02BA01,COVERED
213525,,,MISS
208327,D10AD,D10AD01,COVERED
1091511,,,MISS
806727,R01AX,,COVERED
857001,N02AJ,,COVERED
1098408,,,MISS
806396,S01KX,,COVERED
211904,A11CA,A11CA02,COVERED
210487,,,MISS
1148121,,,MISS
402239,,,MISS
1190696,,,MISS
2179641,S01XA,,COVERED
440303,,,MISS
212836,D02AF|J01AA|D01AE,D01AE12,COVERED
349482,N07XX,N07XX04,COVERED
540938,,,MISS
858832,,,MISS
859761,,,MISS
375355,A11JA,,COVERED
860428,,,MISS
1000555,,,MISS
1000680,,,MISS
1117243,D02AA,,COVERED
1006695,,,MISS
1190916,J07AM,J07AM01,COVERED
417425,D02AB,,COVERED
1044914,,,MISS
1044579,,,MISS
1049899,,,MISS
1011809,N01BB,N01BB02,COVERED
1039273,D07AA,D07AA02,COVERED
1013630,G03AA,,COVERED
1052526,D08AX,D08AX08,COVERED
1053192,D08AJ,D08AJ01,COVERED
1047415,D02AF,,COVERED
1013048,,,MISS
244573,A01AD,,COVERED
1234238,G04BE,G04BE01,COVERED
210015,A02AF,,COVERED
1658663,M02AB,M02AB01,COVERED
1014580,R01BA,R01BA02,COVERED
205335,,,MISS
315200,,,MISS
849426,,,MISS
830750,,,MISS
244613,D11AA,,COVERED
804754,M02AB,M02AB01,COVERED
213542,,,MISS
404285,D07AA,D07AA02,COVERED
2166147,,,MISS
209971,N01BA,N01BA03,COVERED
315109,,,MISS
831209,,,MISS
210135,,,MISS
211633,A02AF,,COVERED
211269,,,MISS
858372,J01AA,J01AA08,COVERED
1116173,,,MISS
1090034,M02AC,,COVERED
853372,D02AB,,COVERED
616917,,,MISS
804183,J07BD,,COVERED
2101531,M02AB,M02AB01,COVERED
860576,,,MISS
1011843,,,MISS
307677,,,MISS
241793,,,MISS
1723776,,,MISS
307750,,,MISS
1020477,R06AA,R06AA02,COVERED
1046978,A03CB,,COVERED
1046999,A03CB,,COVERED
1043446,,,MISS
1010448,,,MISS
1050951,,,MISS
244556,,,MISS
584534,S01AA,S01AA17,COVERED
1793920,,,MISS
1090053,,,MISS
106234,D07BA,,COVERED
800410,,,MISS
607295,D10AX,D10AX05,COVERED
1052932,D11AC,,COVERED
1041849,D08AX,D08AX08,COVERED
829753,,,MISS
210041,,,MISS
1235049,,,MISS
1086022,D02AB,,COVERED
237872,,,MISS
211105,,,MISS
1042692,A12AX,,COVERED
544118,D07BA,,COVERED
2122907,,,MISS
1145629,,,MISS
1859165,,,MISS
1716037,G03AB|G03CA|G03AA,G03CA01,COVERED
1098163,D03AX,,COVERED
1807578,B05XA,B05XA03,COVERED
426904,D11AC,,COVERED
1657007,L01FX,L01FX04,COVERED
1871479,,,MISS
1874008,,,MISS
1741569,A02AF,,COVERED
1867998,N01BB,N01BB02,COVERED
1793915,D02AB,,COVERED
1243894,,,MISS
1860463,A12BA,A12BA01,COVERED
1248331,,,MISS
1291607,,,MISS
1291096,,,MISS
1876117,R01BA,R01BA03,COVERED
1869279,V03AZ,V03AZ01,COVERED
1300361,,,MISS
1314779,,,MISS
1246076,D04AB,D04AB07,COVERED
1357938,,,MISS
1358508,,,MISS
1359362,,,MISS
1297832,N01BA,N01BA05,COVERED
1862595,L01XK,L01XK03,COVERED
1245026,R01AX,,COVERED
1362061,,,MISS
1367222,,,MISS
1486208,,,MISS
1374383,D04AB,D04AB01,COVERED
1541109,,,MISS
1440003,R05DA,R05DA04,COVERED
1494173,D10AF,D10AF06,COVERED
1536604,G01AF,G01AF04,COVERED
1487076,M02AA,M02AA15,COVERED
1486985,A06AG,,COVERED
1535143,V06DC,V06DC01,COVERED
1542380,D10AF,D10AF06,COVERED
1294616,,,MISS
1300901,,,MISS
1942189,N01BA,N01BA05,COVERED
1305222,A11JA,,COVERED
1245378,N01BA,N01BA05,COVERED
1436557,,,MISS
1494046,,,MISS
1421461,G03AA|B03AA,B03AA02,COVERED
1541594,,,MISS
1245168,A06AD,A06AD19,COVERED
1549399,,,MISS
1741268,B03AC,,COVERED
1247893,,,MISS
1250169,,,MISS
1300384,J07AJ,,COVERED
1251274,,,MISS
1494035,G02CX,,COVERED
1946577,M02AC,,COVERED
1243771,B02BD,B02BD30,COVERED
1309062,R05CA,R05CA03,COVERED
1314672,B03AE,,COVERED
1542994,D07CC,,COVERED
1367219,,,MISS
1430050,D01AE,D01AE04,COVERED
197477,C02LA,,COVERED
1535364,,,MISS
1649007,,,MISS
1606353,,,MISS
1310125,D02AA,,COVERED
1946481,D02AC,,COVERED
197947,D05BA,D05BA02,COVERED
198158,N01BA,N01BA02,COVERED
1484488,M02AB,M02AB01,COVERED
1601386,L01EF,L01EF01,COVERED
1651394,,,MISS
1549081,,,MISS
1607012,,,MISS
1537948,D11AX,D11AX01,COVERED
1598073,D11AX,D11AX22,COVERED
1549867,D08AJ,D08AJ01,COVERED
1436949,D08AH,,COVERED
1439918,D01AE,D01AE12,COVERED
686514,,,MISS
1652638,G04BC,,COVERED
761649,,,MISS
694009,,,MISS
1598284,R05FA,,COVERED
745533,,,MISS
1442520,D11AC,,COVERED
308412,,,MISS
993242,,,MISS
728550,D01AC,D01AC08,COVERED
730781,B05XA,B05XA03,COVERED
1651564,R05FA,,COVERED
667904,D11AC|D02AF,,COVERED
312611,,,MISS
762001,G03CA|G03AA|G03AB,G03CA01,COVERED
745284,,,MISS
762813,,,MISS
311448,B05BC,B05BC01,COVERED
1991422,N01BA,N01BA05,COVERED
800405,B05BA,,COVERED
205817,,,MISS
884173,C02AC,C02AC01,COVERED
308490,,,MISS
1090087,R01BA,R01BA03,COVERED
861072,B03AE,,COVERED
806728,R01AX,,COVERED
833694,,,MISS
310868,C05AA,C05AA01,COVERED
2002008,D04AB,D04AB01,COVERED
991000,S01EB,S01EB05,COVERED
1086840,C01EX,,COVERED
828379,C10AB,C10AB05,COVERED
731590,,,MISS
746020,,,MISS
865163,,,MISS
723533,N02BE,N02BE01,COVERED
628958,A12BA,A12BA01,COVERED
312186,,,MISS
206026,,,MISS
800118,,,MISS
204509,J01XB,J01XB02,COVERED
900428,,,MISS
310432,N02BF,N02BF01,COVERED
761973,,,MISS
311928,D06AX,D06AX04,COVERED
966562,,,MISS
750255,,,MISS
890854,,,MISS
310469,,,MISS
309279,,,MISS
311945,,,MISS
311946,,,MISS
311950,,,MISS
992784,G01AF,G01AF04,COVERED
315156,,,MISS
1086847,C01EX,,COVERED
748672,A11JA,,COVERED
198470,,,MISS
206331,D07AA,D07AA02,COVERED
308704,A11CA,A11CA02,COVERED
2052925,,,MISS
309579,,,MISS
310471,,,MISS
2003664,B02BC,B02BC06,COVERED
375983,J01XA,J01XA01,COVERED
311949,,,MISS
2056934,,,MISS
205897,,,MISS
317153,,,MISS
826865,A11EX,,COVERED
884203,C02LC,,COVERED
309561,,,MISS
198581,C10AX,,COVERED
832891,,,MISS
1089069,D02AB,,COVERED
997964,D02AF|J01AA|D01AE,D01AE12,COVERED
198420,J01EB,J01EB05,COVERED
854995,,,MISS
198735,V06DD,,COVERED
994530,M03BC,M03BC01,COVERED
359541,A11JA,,COVERED
209249,,,MISS
210036,,,MISS
208677,,,MISS
211114,,,MISS
999996,C09DX,,COVERED
801177,A11EA,,COVERED
847060,C09DA,,COVERED
807396,B05BB,,COVERED
2182349,,,MISS
1190910,,,MISS
1114356,,,MISS
857383,N02AJ,,COVERED
1232621,,,MISS
562507,,,MISS
213194,J01GB,J01GB01,COVERED
616507,,,MISS
1006712,,,MISS
1012152,,,MISS
208602,S01CA,,COVERED
1012628,,,MISS
578806,H02AB,H02AB01,COVERED
1000093,D04AX,D04AX01,COVERED
562359,G04BX,G04BX13,COVERED
103577,,,MISS
577055,A12AX,,COVERED
1042982,,,MISS
1047001,,,MISS
1111752,A11EC,,COVERED
1086257,,,MISS
1014583,R01BA,R01BA02,COVERED
1049123,D04AB,D04AB07,COVERED
1049402,,,MISS
1014137,R01AX,,COVERED
240571,D07AC,D07AC01,COVERED
1005767,D10AF,D10AF06,COVERED
241907,,,MISS
1012066,N01BB,N01BB02,COVERED
1048124,R01BA,R01BA02,COVERED
1050080,D04AA,D04AA32,COVERED
1659947,,,MISS
1086463,R01BA,R01BA03,COVERED
205671,,,MISS
801442,,,MISS
1661176,G01AF,G01AF08,COVERED
313625,,,MISS
206537,B05BC,B05BC01,COVERED
808354,,,MISS
374862,R02AD,R02AD01,COVERED
208958,,,MISS
208191,,,MISS
1000158,L02AB,L02AB02,COVERED
808596,A12AX,,COVERED
992735,A03BB,A03BB06,COVERED
1659137,J01CR,,COVERED
213539,,,MISS
2184167,,,MISS
1090532,,,MISS
2056681,,,MISS
206035,,,MISS
349541,,,MISS
831137,,,MISS
208129,,,MISS
212645,D02AX,,COVERED
212812,D11AF,,COVERED
351894,D07AC,D07AC01,COVERED
828594,N02AC,N02AC04,COVERED
1146211,,,MISS
360347,D04AB,D04AB04,COVERED
211765,D10AA,,COVERED
1116289,,,MISS
431806,,,MISS
1190587,R05DA,R05DA04,COVERED
1111750,A11EC,,COVERED
483444,N02BF,N02BF02,COVERED
1235022,D08AJ,D08AJ01,COVERED
603011,A06AD,A06AD17,COVERED
543789,N01BA,N01BA03,COVERED
1011849,D04AB,D04AB01,COVERED
1052616,,,MISS
1048302,,,MISS
1039012,D08AJ,D08AJ01,COVERED
238996,,,MISS
1045432,D04AB,D04AB01,COVERED
1046310,D08AJ,D08AJ01,COVERED
1721014,,,MISS
244492,D07AA,D07AA02,COVERED
1733892,,,MISS
1733871,,,MISS
1665370,D08AX,D08AX08,COVERED
1726119,L01FX,L01FX08,COVERED
1013040,,,MISS
1738596,H02AB,H02AB09,COVERED
1000731,D10AF,D10AF06,COVERED
860582,,,MISS
1657777,L01FG,L01FG02,COVERED
830736,A11JC,,COVERED
1006060,,,MISS
1000556,S01CA,,COVERED
1046980,,,MISS
859315,N02AJ,N02AJ23,COVERED
1734033,,,MISS
1731591,,,MISS
1048069,N01BA,N01BA05,COVERED
858800,,,MISS
1053138,D04AA,D04AA32,COVERED
244374,D10AF,D10AF02,COVERED
238134,N02BA,N02BA01,COVERED
1001409,A12AX,,COVERED
198997,,,MISS
577769,A11JC,,COVERED
313040,,,MISS
1149361,,,MISS
1737762,C01BB,C01BB01,COVERED
1744007,J05AR,J05AR03,COVERED
1659134,J01CR,,COVERED
210777,,,MISS
1797902,R01AD,R01AD01,COVERED
860145,,,MISS
105914,,,MISS
240675,,,MISS
199078,M02AB,M02AB01,COVERED
1656333,,,MISS
1731729,,,MISS
1876413,,,MISS
1927027,,,MISS
1006105,D10AF,D10AF06,COVERED
1043244,D11AC,,COVERED
1242883,,,MISS
1872972,D04AB,D04AB01,COVERED
1245406,,,MISS
1245471,,,MISS
1235867,G03AB|G03AA,,COVERED
1250461,,,MISS
1945074,D11AX,D11AX05,COVERED
1251774,,,MISS
1291101,,,MISS
1013629,G03AA,,COVERED
1866559,B05BB,,COVERED
1291372,,,MISS
1294237,,,MISS
1299219,,,MISS
1294025,,,MISS
1299700,,,MISS
1314792,,,MISS
1291367,G04BE,G04BE10,COVERED
1362211,,,MISS
1359354,,,MISS
1363423,,,MISS
1300277,D08AG,D08AG02,COVERED
1432276,,,MISS
1356071,D04AB,D04AB01,COVERED
1488693,,,MISS
1534811,,,MISS
1425866,D01AC,D01AC02,COVERED
1541213,,,MISS
1304564,A11JA,,COVERED
1545144,,,MISS
1435578,P02CF,P02CF01,COVERED
1440875,G04BX,G04BX12,COVERED
1537947,D11AX,D11AX01,COVERED
1247879,,,MISS
1248152,,,MISS
1549388,R01AA,R01AA04,COVERED
1423410,D02AB,,COVERED
1292321,,,MISS
1291090,,,MISS
1870232,C01CA,C01CA24,COVERED
1242391,R01BA,R01BA02,COVERED
1544471,L01EM,L01EM01,COVERED
1734865,S01KA,,COVERED
1300191,J07AJ,,COVERED
1294372,,,MISS
1535708,,,MISS
1544973,,,MISS
1551559,,,MISS
197374,,,MISS
1299145,R01BA,R01BA03,COVERED
197805,M01AE,M01AE01,COVERED
1297935,,,MISS
1298287,,,MISS
1423494,D02AF|D01AE|J01AA,D01AE12,COVERED
1360120,,,MISS
1293468,R01BA,R01BA03,COVERED
1360266,,,MISS
1362063,,,MISS
1302666,J01AA,J01AA08,COVERED
1812470,R07AX,R07AX02,COVERED
1303110,D09AA,D09AA11,COVERED
1376336,S01BA,S01BA04,COVERED
1245545,,,MISS
1437774,R06AA,R06AA02,COVERED
1483629,D01AE,D01AE12,COVERED
1494169,D10AF,D10AF06,COVERED
1593765,N02BE,N02BE01,COVERED
1359263,,,MISS
1248193,D04AB,D04AB07,COVERED
1648115,,,MISS
1367439,G02BB,,COVERED
198042,G03AC,G03AC01,COVERED
1598277,,,MISS
1487154,,,MISS
1595624,D04AB,D04AB01,COVERED
1552450,M02AB,M02AB01,COVERED
686894,,,MISS
763548,,,MISS
892815,,,MISS
1547464,B05BB,,COVERED
1367206,R05CA,R05CA03,COVERED
792242,M01AE,M01AE01,COVERED
901792,,,MISS
630923,D02AB,,COVERED
630796,B05BB,,COVERED
1251323,G03AA|G03FA,G03AA05,COVERED
763418,,,MISS
861582,,,MISS
309473,,,MISS
310666,,,MISS
312185,,,MISS
1991174,,,MISS
968817,D02AA,,COVERED
708129,S01XA,,COVERED
1251501,G03FA,,COVERED
904617,D10AF|D02AE,D10AF06|D02AE01,COVERED
749761,G03AB|G03AA|G03CA,G03AB03|G03AA08|G03CA01,COVERED
198479,N02BA,N02BA01,COVERED
308908,,,MISS
966538,,,MISS
309450,,,MISS
1088950,,,MISS
1089103,,,MISS
1990751,,,MISS
999971,C09DX,,COVERED
801554,,,MISS
2049725,M02AC,,COVERED
864089,C05AX,C05AX06,COVERED
1087047,R01AA,R01AA04,COVERED
2000543,,,MISS
891706,A11JB,,COVERED
311320,,,MISS
1988809,,,MISS
801584,,,MISS
686892,,,MISS
656640,,,MISS
403888,A12BA,A12BA01,COVERED
753095,,,MISS
93252,C03EA,,COVERED
308404,,,MISS
207374,,,MISS
995489,,,MISS
877318,A12AX,,COVERED
308417,N02BA,N02BA01,COVERED
310817,,,MISS
1087414,B03AE,,COVERED
1990455,,,MISS
403924,,,MISS
756269,,,MISS
2001756,G03AB|G03CA|G03AA,G03CA01,COVERED
313451,D10AD,D10AD01,COVERED
744842,J05AJ,J05AJ01,COVERED
204793,,,MISS
206852,,,MISS
313415,S01AA,S01AA12,COVERED
891719,A11JB,,COVERED
999685,,,MISS
313505,R06AC,R06AC04,COVERED
835559,,,MISS
310149,S01AA,S01AA17,COVERED
729945,,,MISS
748998,,,MISS
204797,,,MISS
998706,N02BE,N02BE01,COVERED
753485,,,MISS
731007,,,MISS
749856,,,MISS
885235,,,MISS
309678,,,MISS
199264,,,MISS
205674,,,MISS
999608,,,MISS
748804,G03AA,,COVERED
312222,,,MISS
198580,,,MISS
1994397,,,MISS
317127,J01AA,J01AA08,COVERED
998677,C02AC,C02AC01,COVERED
830761,D07AA|D11AC,D07AA02,COVERED
995036,,,MISS
806677,,,MISS
849316,,,MISS
1086838,C01EX,,COVERED
999991,C09DX,,COVERED
208131,,,MISS
208335,,,MISS
884221,N02CX,N02CX02,COVERED
2107315,,,MISS
2110600,,,MISS
206536,B05BC,B05BC01,COVERED
854187,M01AE,M01AE01,COVERED
210027,,,MISS
1092600,,,MISS
1101383,,,MISS
827179,,,MISS
1095608,,,MISS
1092424,R06AA,R06AA02,COVERED
800808,B05BB,,COVERED
1190761,,,MISS
2168097,H02AB,H02AB08,COVERED
1148185,,,MISS
1192983,,,MISS
1193116,,,MISS
1233662,R06AA,R06AA02,COVERED
484491,,,MISS
2166094,D05AX,D05AX05,COVERED
1146217,R01AX,,COVERED
860159,,,MISS
422997,D01AE,D01AE12,COVERED
849580,J01EE,J01EE01,COVERED
1000120,,,MISS
604449,D07AA,D07AA02,COVERED
1006540,,,MISS
1010723,,,MISS
1014366,,,MISS
208821,S01CA,,COVERED
1038764,,,MISS
1047484,,,MISS
1039078,,,MISS
1049919,,,MISS
605730,D06BX,D06BX01,COVERED
1012019,N01BB,N01BB02,COVERED
307830,,,MISS
1038561,D09AA,D09AA11,COVERED
602424,,,MISS
606794,,,MISS
1006118,,,MISS
1012087,,,MISS
1659598,J01CR,J01CR04,COVERED
262191,,,MISS
1006109,,,MISS
562379,S01BA,S01BA04,COVERED
248108,J05AB,J05AB01,COVERED
201831,,,MISS
318270,,,MISS
202433,N02BE,N02BE01,COVERED
1052760,A06AD,A06AD19,COVERED
861420,S01ED,S01ED01,COVERED
313812,J05AB,J05AB01,COVERED
2048004,M02AX,,COVERED
562675,B05BB,,COVERED
857434,,,MISS
349472,L01EB,L01EB01,COVERED
209277,,,MISS
2099533,,,MISS
801769,,,MISS
206903,,,MISS
845659,,,MISS
1000499,G03FA,,COVERED
857768,,,MISS
212647,,,MISS
995226,R05FA,,COVERED
1090874,,,MISS
855633,M02AA,M02AA15,COVERED
856886,N01BA,N01BA05,COVERED
1099585,,,MISS
1116309,,,MISS
403854,C09DA,,COVERED
1094354,,,MISS
1099579,,,MISS
1114389,,,MISS
995983,R05FA,,COVERED
422996,,,MISS
413251,,,MISS
616454,,,MISS
858780,,,MISS
860040,,,MISS
1113516,D11AF,,COVERED
1001755,,,MISS
1048141,,,MISS
1053099,,,MISS
1188571,D02AF,,COVERED
1093331,D10AX,,COVERED
1656660,,,MISS
1049250,D08AJ|D11AC,D08AJ01,COVERED
1190943,,,MISS
1053207,D08AJ,D08AJ08,COVERED
249357,G03AB|G03AA,G03AB05|G03AA09,COVERED
860246,,,MISS
1005852,,,MISS
1046423,,,MISS
1193294,,,MISS
858895,,,MISS
282663,D02AF,,COVERED
1144761,A11JC,,COVERED
1657703,L01FE,L01FE02,COVERED
1000921,,,MISS
1039465,D08AX,D08AX08,COVERED
1737554,D02AB,,COVERED
1041834,A06AC,,COVERED
1797115,,,MISS
1731737,D08AJ,D08AJ01,COVERED
1744001,J05AR,J05AR03,COVERED
1721475,J01CA,J01CA01,COVERED
1101869,,,MISS
1795150,B05BB,,COVERED
1794904,B05BB,,COVERED
1801299,A12BA,A12BA01,COVERED
1804176,D04AB,D04AB01,COVERED
857533,,,MISS
1797857,M01AB,M01AB15,COVERED
860099,,,MISS
238240,,,MISS
1039702,,,MISS
1085918,,,MISS
1052475,,,MISS
208320,,,MISS
1053097,,,MISS
2049891,J01XA,J01XA01,COVERED
577127,N02BF,N02BF02,COVERED
1739846,,,MISS
1874747,,,MISS
1739221,D01AE,D01AE15,COVERED
1790171,L01EX,L01EX07,COVERED
1796665,L01EX,L01EX08,COVERED
1868029,N01BB,N01BB02,COVERED
1243772,,,MISS
1876810,G03AB|G03CA|G03AA,G03CA01,COVERED
1250494,,,MISS
1876751,M02AC,,COVERED
1243889,D08AJ,D08AJ08,COVERED
1243587,S01BC,S01BC04,COVERED
1246113,N01BB,N01BB02,COVERED
1858836,G03AB|G03AA,,COVERED
1291380,,,MISS
1248354,R06AA,R06AA02,COVERED
1292998,,,MISS
1250563,D01AE,D01AE04,COVERED
1293499,,,MISS
1305205,,,MISS
1358505,,,MISS
1483665,,,MISS
1487925,,,MISS
1495165,,,MISS
1546195,,,MISS
1358869,A02AC,A02AC01,COVERED
1439778,D08AJ,D08AJ01,COVERED
1862735,,,MISS
1873628,,,MISS
1046787,A03CB,,COVERED
1302856,A08AA,A08AA01,COVERED
1807627,B05XA,B05XA03,COVERED
1362082,,,MISS
1495474,,,MISS
1357402,R05DA,R05DA04,COVERED
1537207,,,MISS
1422896,G03AC,G03AC01,COVERED
1494601,D04AB,D04AB01,COVERED
1551417,,,MISS
1536815,N02BA,N02BA01,COVERED
1357936,,,MISS
142001,S01KA,S01KA02,COVERED
1298742,,,MISS
197964,V03AB,V03AB17,COVERED
1370099,,,MISS
1368311,,,MISS
1246247,D11AC,,COVERED
1547998,,,MISS
1549484,,,MISS
1438778,G03AB|G03CA|G03AA,G03CA01,COVERED
1372896,D04AB,D04AB01,COVERED
1248142,B03AE,,COVERED
1541083,M02AC,,COVERED
1313927,B03AE,,COVERED
1606988,D04AB,D04AB01,COVERED
1544475,L01EM,L01EM01,COVERED
1926450,D08AJ,D08AJ01,COVERED
1304566,D05AA,,COVERED
1248241,,,MISS
197435,B05XA,B05XA19,COVERED
1250904,,,MISS
1248590,,,MISS
1425912,D04AX,,COVERED
1251363,,,MISS
1299064,,,MISS
1301128,,,MISS
1600925,,,MISS
1648132,,,MISS
686383,,,MISS
701198,,,MISS
1601982,B05BA,,COVERED
1605852,D10AF,D10AF06,COVERED
723770,,,MISS
643070,J05AR,J05AR06,COVERED
1436369,M02AC,,COVERED
731531,M01AE,M01AE01,COVERED
860932,,,MISS
1243010,L01EK,L01EK01,COVERED
197382,C07CB,,COVERED
992730,,,MISS
1601097,M02AC,,COVERED
312057,,,MISS
206951,,,MISS
206370,,,MISS
994010,M01AE,M01AE02,COVERED
707347,R01AX,,COVERED
346765,,,MISS
864679,P01BB,P01BB01,COVERED
895901,,,MISS
310201,,,MISS
903283,H03AA,H03AA02,COVERED
801574,,,MISS
308501,,,MISS
890862,,,MISS
309786,B05BB,,COVERED
198501,,,MISS
993253,,,MISS
204420,,,MISS
404094,,,MISS
730782,B05XA,B05XA03,COVERED
993776,,,MISS
312603,,,MISS
687099,,,MISS
978060,,,MISS
706458,,,MISS
199603,G01AF,G01AF02,COVERED
200869,,,MISS
2048982,V03AZ,V03AZ01,COVERED
749760,,,MISS
759481,H02AB,H02AB02,COVERED
669081,D07AB,D07AB08,COVERED
998681,C02AC,C02AC01,COVERED
727821,,,MISS
309606,B03AE,,COVERED
1088443,C01EX,,COVERED
308847,,,MISS
206212,D10AF,D10AF02,COVERED
308893,,,MISS
309700,,,MISS
312283,,,MISS
763106,J07BF,,COVERED
1089087,,,MISS
199156,C01EX,,COVERED
899866,G03AA,,COVERED
313636,,,MISS
623695,J01CE,J01CE08,COVERED
803239,,,MISS
308663,N01BA,N01BA05,COVERED
991424,,,MISS
204902,,,MISS
313453,D10AD,D10AD01,COVERED
312877,,,MISS
198496,N01BA,N01BA05,COVERED
853517,,,MISS
857436,,,MISS
313414,S01AA,S01AA12,COVERED
210852,,,MISS
2119083,,,MISS
2181315,,,MISS
999748,B03AE,,COVERED
2182353,,,MISS
1093178,,,MISS
836270,B03AE,,COVERED
1095618,,,MISS
1101885,,,MISS
1093102,R06AA,R06AA02,COVERED
1999408,S01KA,,COVERED
1086970,A02AF,,COVERED
1145012,,,MISS
1095485,D08AJ,D08AJ01,COVERED
1112687,G03AB|G03AA|G03CA,G03AB03|G03AA08|G03CA01,COVERED
1144131,R02AD,R02AD01,COVERED
211731,G01AX,G01AX11,COVERED
607076,,,MISS
1148398,D06BX,D06BX01,COVERED
859146,,,MISS
1012188,,,MISS
545236,S01AA,S01AA11,COVERED
562600,D01AE|D02AF|J01AA,D01AE12,COVERED
1013028,,,MISS
802762,B03AE,,COVERED
1037344,,,MISS
1098601,S01XA,,COVERED
1048047,,,MISS
1086235,,,MISS
477174,D02AB,,COVERED
854997,S02CA,,COVERED
1000563,,,MISS
1005861,,,MISS
1052949,D08AJ,D08AJ01,COVERED
1048340,G04BX,G04BX12,COVERED
1112260,R01BA,R01BA02,COVERED
1116927,H02AB,H02AB02,COVERED
562785,N01BA,N01BA05,COVERED
1043690,,,MISS
1044248,,,MISS
1045348,,,MISS
1046879,,,MISS
237870,A02AF,,COVERED
404640,A03BB,A03BB03,COVERED
242979,,,MISS
1658254,,,MISS
238153,N02BE,N02BE01,COVERED
312616,,,MISS
1110712,N01BA,N01BA05,COVERED
1659445,D07AA,D07AA02,COVERED
346887,,,MISS
311452,B05BC,B05BC01,COVERED
1088251,L01EB,L01EB02,COVERED
308400,,,MISS
209686,,,MISS
211294,,,MISS
211313,,,MISS
836307,J01CE,J01CE08,COVERED
205618,,,MISS
808611,A11JA,,COVERED
1014431,B05BA,,COVERED
828373,C10AB,C10AB05,COVERED
804614,A11JB,,COVERED
210455,,,MISS
2121441,,,MISS
211365,D08AC,D08AC02,COVERED
998544,G01AF,G01AF04,COVERED
809602,A16AX,,COVERED
314121,C01DA,C01DA02,COVERED
1094438,,,MISS
1101883,,,MISS
1112713,,,MISS
1190793,,,MISS
1191359,D07CC,,COVERED
1148502,L01ED,L01ED01,COVERED
1111095,R06AA,R06AA02,COVERED
1012006,,,MISS
1111345,S01GX,S01GX09,COVERED
1091725,S01KA,,COVERED
1053278,,,MISS
1098703,A11JA,,COVERED
1673949,,,MISS
1038855,D08AJ,D08AJ01,COVERED
485819,C01EX,,COVERED
1000496,G03FA,,COVERED
1037236,J01XX,J01XX05,COVERED
1014256,,,MISS
1042645,D02AA,,COVERED
579948,A16AA,,COVERED
1048290,,,MISS
1736654,G03AA|G03FA,G03AA05,COVERED
1086326,,,MISS
1048276,,,MISS
1005713,,,MISS
1733864,M02AX,,COVERED
1006052,,,MISS
1049406,,,MISS
1049295,,,MISS
1001004,N07AX,N07AX01,COVERED
1085746,,,MISS
483450,N02BF,N02BF02,COVERED
1085734,,,MISS
251267,G01AF,G01AF02,COVERED
1098625,D02AB,,COVERED
830867,,,MISS
1188405,,,MISS
1086251,,,MISS
283597,,,MISS
311429,A12CC,A12CC10,COVERED
1744009,J05AR,J05AR03,COVERED
1657712,,,MISS
1731532,,,MISS
1801694,,,MISS
825180,B01AC,B01AC06,COVERED
1000713,D10AF,D10AF06,COVERED
1803009,,,MISS
1855091,,,MISS
1807634,B05XA,B05XA03,COVERED
2179763,L01FD,L01FD01,COVERED
1870691,,,MISS
1872479,,,MISS
1726115,L01FX,L01FX08,COVERED
1294436,,,MISS
1657781,L01FG,L01FG02,COVERED
1919073,R06AA,R06AA02,COVERED
1243480,G01AC,G01AC30,COVERED
1241829,R01BA,R01BA03,COVERED
1863973,B05BB,,COVERED
1299766,,,MISS
1356500,,,MISS
1372307,,,MISS
1246622,S01KA,,COVERED
1741271,B03AC,,COVERED
1246836,S01KA,,COVERED
1373244,,,MISS
1423328,,,MISS
1424037,,,MISS
1371298,N01BA,N01BA05,COVERED
1299653,D11AC,,COVERED
1438754,,,MISS
1305908,B02BC,B02BC06,COVERED
1540974,,,MISS
1442085,,,MISS
1808524,,,MISS
197785,D07AA,D07AA02,COVERED
1541084,,,MISS
1855722,,,MISS
1243284,,,MISS
1425407,D08AX,D08AX08,COVERED
1294572,,,MISS
1543158,D04AB,D04AB06,COVERED
1302483,,,MISS
1371036,,,MISS
1493173,,,MISS
1534846,,,MISS
1441740,G03CC,G03CC07,COVERED
1927693,G03XX,G03XX01,COVERED
1364854,A11AA,,COVERED
1425554,D01AE|D02AF,D01AE12,COVERED
1552035,,,MISS
1495080,,,MISS
1422107,C05AD,C05AD01,COVERED
1945173,,,MISS
1243811,,,MISS
1305890,,,MISS
197853,H02CA,H02CA03,COVERED
198109,,,MISS
1545292,,,MISS
1547668,R03BA,R03BA09,COVERED
1362049,,,MISS
1432487,D04AB,D04AB01,COVERED
1595449,,,MISS
1372546,,,MISS
1596030,J01GB,J01GB01,COVERED
1591934,N02BE,N02BE01,COVERED
1425230,L01EC,L01EC02,COVERED
1484903,,,MISS
1313969,R01BA,R01BA03,COVERED
1297544,,,MISS
1593744,B03BB,B03BB01,COVERED
197930,N02BA,N02BA01,COVERED
750180,,,MISS
1087614,,,MISS
1601390,L01EF,L01EF01,COVERED
670031,A12BA,A12BA01,COVERED
798133,D10AF,D10AF02,COVERED
750261,,,MISS
745483,,,MISS
308284,,,MISS
1243364,A12AX,,COVERED
642338,A02AD,,COVERED
891153,,,MISS
312519,,,MISS
205116,,,MISS
748859,G03AA,,COVERED
206027,,,MISS
1300378,J07AJ,,COVERED
199071,N01BA,N01BA05,COVERED
1087623,,,MISS
830525,,,MISS
313551,D01AE,D01AE04,COVERED
990982,V03AB,V03AB19,COVERED
1087418,B03AE,,COVERED
999826,B03AE,,COVERED
645459,,,MISS
846161,D07AA,D07AA02,COVERED
1087774,D01AE,D01AE12,COVERED
748832,G03AB|G03AA,,COVERED
688880,,,MISS
751554,,,MISS
754028,,,MISS
656805,,,MISS
801021,B05BA,,COVERED
991632,,,MISS
996716,R05FA,,COVERED
884215,,,MISS
636230,N07BA,N07BA03,COVERED
882546,,,MISS
308397,,,MISS
702249,B03AA,B03AA07,COVERED
1086950,,,MISS
992771,G01AF,G01AF04,COVERED
2045120,,,MISS
800648,B05BB,,COVERED
749854,,,MISS
1087043,R01AA,R01AA04,COVERED
205900,,,MISS
731027,,,MISS
861958,,,MISS
310519,V06DC,V06DC01,COVERED
310879,C05AA,C05AA01,COVERED
308499,,,MISS
310430,N02BF,N02BF01,COVERED
2000019,L01EL,L01EL01,COVERED
205815,,,MISS
730024,M02AB,M02AB01,COVERED
206295,,,MISS
207221,,,MISS
309679,S01CA,,COVERED
750248,,,MISS
991376,,,MISS
2043465,G03AC,G03AC01,COVERED
860930,,,MISS
312097,,,MISS
198620,,,MISS
199099,D02AB,,COVERED
205675,,,MISS
392147,,,MISS
314994,,,MISS
803062,,,MISS
806575,,,MISS
311954,,,MISS
199852,D02AB,,COVERED
359542,A11JA,,COVERED
996693,,,MISS
313143,,,MISS
348225,,,MISS
831339,,,MISS
849651,,,MISS
1087779,D02AB,,COVERED
2050067,D01AE,D01AE12,COVERED
995110,R05DA,R05DA04,COVERED
207799,,,MISS
207664,,,MISS
2103222,,,MISS
348805,G03AB|G03AA,G03AB03|G03AA08,COVERED
211117,,,MISS
855642,M02AA,M02AA15,COVERED
2178941,,,MISS
1099448,,,MISS
1114900,,,MISS
211813,D04AB,D04AB06,COVERED
857391,N02AJ,,COVERED
404710,,,MISS
1099774,R01BA,R01BA02,COVERED
1098640,S01GA,S01GA02,COVERED
1232653,C01CA,C01CA06,COVERED
857864,,,MISS
1006544,,,MISS
1094543,G03AA,,COVERED
213182,D06AX,D06AX09,COVERED
616289,L01EX,L01EX01,COVERED
1011845,,,MISS
1012150,,,MISS
1013024,,,MISS
1232104,D02AB,,COVERED
1047789,,,MISS
1043364,,,MISS
1048366,,,MISS
615099,B05BB,,COVERED
1038982,D01AE,D01AE12,COVERED
1042644,D08AX,D08AX08,COVERED
1043074,D07AA,D07AA02,COVERED
1011748,,,MISS
1052947,D08AJ,D08AJ01,COVERED
1012244,,,MISS
1053241,N01BA,N01BA05,COVERED
1085998,,,MISS
1048126,,,MISS
1666549,A06AD,A06AD04,COVERED
260312,C05AA,C05AA01,COVERED
1053768,,,MISS
1046967,,,MISS
857850,,,MISS
238803,,,MISS
804916,,,MISS
1085921,D08AJ,D08AJ08,COVERED
1659175,R01BA,R01BA03,COVERED
2059045,,,MISS
996601,,,MISS
207391,,,MISS
1011081,G03AA,,COVERED
856955,,,MISS
831531,,,MISS
1992299,S01ED,S01ED01,COVERED
210229,,,MISS
2103397,,,MISS
213544,,,MISS
806606,N01BA,N01BA05,COVERED
1087438,B03AE,,COVERED
212740,,,MISS
312280,,,MISS
237192,C02LA,,COVERED
312348,,,MISS
999799,B03AE,,COVERED
210834,,,MISS
210007,,,MISS
211805,,,MISS
1111741,,,MISS
805372,D10AD,D10AD01,COVERED
1090996,G03AA|G03FA,G03AA05,COVERED
801109,B05BB,,COVERED
544666,,,MISS
1234578,R01AA,R01AA04,COVERED
1091721,S01KA,,COVERED
616713,,,MISS
1190179,S01KA,,COVERED
1099861,A12AX,,COVERED
1043608,,,MISS
1048136,,,MISS
860105,S01BC,S01BC05,COVERED
1049404,,,MISS
1052707,,,MISS
860113,M01AB,M01AB15,COVERED
579999,S01XA,,COVERED
1046281,D01AE,D01AE12,COVERED
260494,,,MISS
260851,,,MISS
1726835,,,MISS
1001021,,,MISS
1085754,H02AB,H02AB08,COVERED
1053345,,,MISS
1192516,,,MISS
860217,,,MISS
1191264,D10AD,D10AD01,COVERED
1011470,,,MISS
2109620,J07CA,,COVERED
244638,D02AB,,COVERED
1115592,A11JC,,COVERED
1039147,,,MISS
1046835,,,MISS
307831,,,MISS
1190635,,,MISS
1012204,D04AB,D04AB01,COVERED
1085703,,,MISS
309035,,,MISS
206988,,,MISS
213120,D06BX,D06BX01,COVERED
213559,,,MISS
2186092,D08AC,D08AC02,COVERED
578124,A11JC,,COVERED
1114838,R01BA,R01BA03,COVERED
1010793,,,MISS
1737563,C01BB,C01BB01,COVERED
2178792,C01CA,C01CA24,COVERED
607020,N02BF,N02BF02,COVERED
1666111,,,MISS
250344,D11AC,,COVERED
403818,S01AE,S01AE07,COVERED
1867716,,,MISS
1043348,D08AJ,D08AJ08,COVERED
1875600,,,MISS
1928545,,,MISS
1245957,,,MISS
1248473,,,MISS
1000352,G03FA,,COVERED
1737569,C01BB,C01BB01,COVERED
1737852,V03AB,V03AB17,COVERED
1293706,,,MISS
1294002,,,MISS
1873991,L01EF,L01EF02,COVERED
1294365,,,MISS
1303845,,,MISS
1356489,,,MISS
1313116,,,MISS
1356531,,,MISS
1376440,,,MISS
1421878,,,MISS
1429887,,,MISS
1302195,A12BA,A12BA01,COVERED
1534676,,,MISS
1544183,,,MISS
1747725,,,MISS
1793908,,,MISS
1423814,R05CA,R05CA02,COVERED
1870681,,,MISS
1294315,,,MISS
1293642,,,MISS
1547660,R03BA,R03BA09,COVERED
1376207,A02AD,,COVERED
1313820,,,MISS
1442876,,,MISS
1541229,D02AA,,COVERED
1422546,C05AD,C05AD01,COVERED
1435495,R02AD,R02AD01,COVERED
197954,C02LA,,COVERED
197408,D07AC,D07AC01,COVERED
1491009,N01BA,N01BA05,COVERED
1550963,M01AE,M01AE02,COVERED
1294592,D04AA,D04AA32,COVERED
197579,H02AB,H02AB02,COVERED
1362950,,,MISS
1360044,,,MISS
1490415,,,MISS
1251571,D02AF|D01AE,D01AE12,COVERED
1251574,D01AE,D01AE12,COVERED
1648510,,,MISS
1305588,,,MISS
1245951,,,MISS
1367211,,,MISS
1597298,N02BE,N02BE01,COVERED
1600130,D04AB,D04AB01,COVERED
1430449,L01EB,L01EB03,COVERED
1537911,D02AA,,COVERED
1650439,,,MISS
1370826,D08AJ,D08AJ08,COVERED
1599164,M02AC,,COVERED
1426600,G03AA|B03AA,B03AA02,COVERED
1652104,C05AD,C05AD01,COVERED
1648584,N02BE,N02BE01,COVERED
1362805,A12AX,,COVERED
1657073,L01FG,L01FG01,COVERED
1651599,D11AC,,COVERED
1658042,L04AG,L04AG12,COVERED
2046140,L01FG,L01FG01,COVERED
1658047,L04AG,L04AG12,COVERED
1996184,N02AE,N02AE01,COVERED
1996185,N02AE,N02AE01,COVERED
1596413,D03AX,,COVERED
1996192,N02AE,N02AE01,COVERED
2046141,L01FG,L01FG01,COVERED
2046148,L01FG,L01FG01,COVERED
2268039,L01FG,L01FG01,COVERED
2268040,L01FG,L01FG01,COVERED
2268047,L01FG,L01FG01,COVERED
2268044,L01FG,L01FG01,COVERED
2268048,L01FG,L01FG01,COVERED
2056895,L01EG,L01EG02,COVERED
2599043,L01FG,L01FG01,COVERED
2599045,L01FG,L01FG01,COVERED
2474267,N01AH,N01AH01,COVERED
2474269,N01AH,N01AH01,COVERED
2599049,L01FG,L01FG01,COVERED
2599051,L01FG,L01FG01,COVERED
2599052,L01FG,L01FG01,COVERED
2627650,L01FG,L01FG01,COVERED
2627652,L01FG,L01FG01,COVERED
2627656,L01FG,L01FG01,COVERED
2627659,L01FG,L01FG01,COVERED
2627658,L01FG,L01FG01,COVERED
2629337,N01AH,N01AH01,COVERED
2639021,N02AE,N02AE01,COVERED
2639023,N02AE,N02AE01,COVERED
2639027,N02AE,N02AE01,COVERED
2639029,N02AE,N02AE01,COVERED
2639030,N02AE,N02AE01,COVERED
2639031,N02AE,N02AE01,COVERED
2639032,N02AE,N02AE01,COVERED
2639033,N02AE,N02AE01,COVERED
2639034,N02AE,N02AE01,COVERED
2639036,N02AE,N02AE01,COVERED
2639039,N02AE,N02AE01,COVERED
2639041,N02AE,N02AE01,COVERED
2639042,N02AE,N02AE01,COVERED
2639043,N02AE,N02AE01,COVERED
2639044,N02AE,N02AE01,COVERED
2700735,L01FG,L01FG01,COVERED
2700737,L01FG,L01FG01,COVERED
2700744,L01FG,L01FG01,COVERED
2700742,L01FG,L01FG01,COVERED
2700745,L01FG,L01FG01,COVERED
2712048,L01FG,L01FG01,COVERED
2712050,L01FG,L01FG01,COVERED
2712055,L01FG,L01FG01,COVERED
2712057,L01FG,L01FG01,COVERED
2712058,L01FG,L01FG01,COVERED
337521,L01FG,L01FG01,COVERED
389141,,,MISS
876301,L04AG,L04AG12,COVERED
389140,,,MISS
977427,L01EG,L01EG02,COVERED
977438,L01EG,L01EG02,COVERED
891170,,,MISS
1547650,R03BA,R03BA09,COVERED
2045377,R03BA,R03BA09,COVERED
1547663,R03BA,R03BA09,COVERED
1547658,R03BA,R03BA09,COVERED
1547666,R03BA,R03BA09,COVERED
1547671,R03BA,R03BA09,COVERED
1370688,,,MISS
315148,L01BA,L01BA01,COVERED
1546089,,,MISS
977434,L01EG,L01EG02,COVERED
977431,L01EG,L01EG02,COVERED
977436,L01EG,L01EG02,COVERED
977440,L01EG,L01EG02,COVERED
1597387,,,MISS
1597388,,,MISS
1797890,R01AD,R01AD12,COVERED
1869712,R01AD,R01AD12,COVERED
905211,C02LG,,COVERED
905203,C02LG,,COVERED
905217,C02LG,,COVERED
