rxcui,in_production,has_prior
618364,1,1
618751,1,1
729048,1,1
642355,1,1
686400,1,1
721778,1,1
644290,1,1
727339,1,1
725068,1,1
731571,1,1
750231,1,1
797657,1,1
798169,1,1
800415,1,1
902729,1,1
1987017,1,1
745479,1,1
757702,1,1
884707,1,1
892271,1,1
896190,1,1
903855,1,1
903703,1,1
308660,1,1
308904,1,1
308915,1,1
309310,1,1
311215,1,1
1090686,1,1
311407,1,1
198713,1,1
1989869,1,1
204750,1,1
205140,1,1
206406,1,1
313061,1,1
314266,1,1
317128,1,1
808520,1,1
992485,1,1
730992,1,1
861467,1,1
790297,1,1
753367,1,1
799056,1,1
991884,1,1
308272,1,1
310667,1,1
312109,1,1
311250,1,1
199194,1,1
206835,1,1
313235,1,1
348544,1,1
809022,1,1
826860,1,1
884187,1,1
892160,1,1
902644,1,1
308867,1,1
312764,1,1
201882,1,1
402169,1,1
836286,1,1
308322,1,1
308843,1,1
201961,1,1
373369,1,1
617430,1,1
701338,1,1
706946,1,1
645688,1,1
672920,1,1
687443,1,1
751864,1,1
664743,1,1
755737,1,1
755796,1,1
794246,1,1
798309,1,1
763232,1,1
707268,1,1
861966,1,1
865149,1,1
897785,1,1
93756,1,1
992819,1,1
966230,1,1
966622,1,1
637213,1,1
763581,1,1
794244,1,1
896790,1,1
979432,1,1
991519,1,1
992473,1,1
866419,1,1
308413,1,1
308481,1,1
309140,1,1
309317,1,1
309351,1,1
1086990,1,1
198351,1,1
198352,1,1
198707,1,1
199093,1,1
2001568,1,1
2052704,1,1
2052826,1,1
207057,1,1
207054,1,1
207938,1,1
996191,1,1
996271,1,1
998521,1,1
999986,1,1
346574,1,1
347765,1,1
359494,1,1
807830,1,1
809258,1,1
831215,1,1
761985,1,1
860807,1,1
890957,1,1
904661,1,1
966474,1,1
310385,1,1
310637,1,1
861576,1,1
861668,1,1
861228,1,1
861743,1,1
2001472,1,1
207137,1,1
404066,1,1
994519,1,1
310938,1,1
617945,1,1
643937,1,1
636794,1,1
672255,1,1
645617,1,1
707207,1,1
752005,1,1
668691,1,1
755312,1,1
759388,1,1
751871,1,1
866421,1,1
891870,1,1
902626,1,1
992530,1,1
727355,1,1
749148,1,1
798926,1,1
795468,1,1
861463,1,1
861757,1,1
863599,1,1
894780,1,1
895883,1,1
966153,1,1
979489,1,1
905087,1,1
992479,1,1
309447,1,1
310672,1,1
311451,1,1
311550,1,1
311558,1,1
312828,1,1
1090972,1,1
198556,1,1
1988768,1,1
199209,1,1
199889,1,1
205745,1,1
206223,1,1
206328,1,1
206637,1,1
206754,1,1
997287,1,1
999783,1,1
999805,1,1
312887,1,1
313072,1,1
313195,1,1
313836,1,1
349629,1,1
359634,1,1
375503,1,1
806718,1,1
978583,1,1
310054,1,1
860886,1,1
206975,1,1
308640,1,1
617322,1,1
630679,1,1
639537,1,1
667136,1,1
643177,1,1
643712,1,1
636631,1,1
647121,1,1
702316,1,1
745679,1,1
861670,1,1
966210,1,1
966217,1,1
309672,1,1
749159,1,1
797979,1,1
761909,1,1
791838,1,1
864753,1,1
891710,1,1
894970,1,1
897680,1,1
900984,1,1
903875,1,1
904431,1,1
905495,1,1
966397,1,1
992494,1,1
892263,1,1
308388,1,1
308989,1,1
309280,1,1
310194,1,1
310870,1,1
311198,1,1
312020,1,1
312457,1,1
198853,1,1
1992274,1,1
2058488,1,1
206752,1,1
999523,1,1
313862,1,1
314072,1,1
314157,1,1
313979,1,1
861724,1,1
897685,1,1
897753,1,1
898356,1,1
900866,1,1
905395,1,1
966171,1,1
897689,1,1
993091,1,1
2047769,1,1
892277,1,1
311714,1,1
198272,1,1
1998453,1,1
199998,1,1
201219,1,1
206159,1,1
207338,1,1
995993,1,1
317173,1,1
346494,1,1
809325,1,1
826653,1,1
829373,1,1
831393,1,1
831831,1,1
833234,1,1
2056490,1,1
313406,1,1
317564,1,1
359439,1,1
834150,1,1
836395,1,1
847330,1,1
847621,1,1
849322,1,1
849515,1,1
856734,1,1
857635,1,1
208588,1,1
209072,1,1
2099508,1,1
2105776,1,1
211190,1,1
2100015,1,1
211544,1,1
211880,1,1
2120175,1,1
212229,1,1
212426,1,1
212434,1,1
212958,1,1
213663,1,1
214038,1,1
2176488,1,1
2183671,1,1
1092378,1,1
1094891,1,1
1099084,1,1
1099646,1,1
1111697,1,1
1112255,1,1
1114105,1,1
1116185,1,1
1116976,1,1
1146022,1,1
1146998,1,1
1148595,1,1
1148523,1,1
1147533,1,1
1189827,1,1
1190641,1,1
1190744,1,1
1232977,1,1
1234338,1,1
1234514,1,1
404668,1,1
425539,1,1
545144,1,1
577215,1,1
582819,1,1
58930,1,0
606728,1,1
615979,1,1
616129,1,1
857752,1,1
857841,1,1
859174,1,1
1000050,1,1
1012080,1,1
1012023,1,1
1014197,1,1
102377,1,1
1039483,1,1
1039625,1,1
1043268,1,1
1046929,1,1
1047791,1,1
1048379,1,1
1049165,1,1
1049534,1,1
1049680,1,1
1050350,1,1
1050421,1,1
1053772,1,1
2173826,1,1
244486,1,1
244549,1,1
246504,1,1
252430,1,1
260309,1,1
260311,1,1
282561,1,1
284425,1,1
1655041,1,1
1656346,1,1
1665188,1,1
1091467,1,1
1113048,1,1
1234396,1,1
1234506,1,1
858264,1,1
859419,1,1
1000558,1,1
1000726,1,1
1010234,1,1
1011709,1,1
1012017,1,1
1037328,1,1
1043488,1,1
1045003,1,1
1045344,1,1
1049900,1,1
238004,1,1
244095,1,1
283709,1,1
858108,1,1
1047761,1,1
1046810,1,1
1012609,1,1
1053368,1,1
311382,1,1
311944,1,1
1996082,1,1
199772,1,1
2043303,1,1
206080,1,1
207239,1,1
207390,1,1
208003,1,1
313076,1,1
313151,1,1
313211,1,1
313627,1,1
315116,1,1
317110,1,1
351875,1,1
352212,1,1
359450,1,1
315102,1,1
801923,1,1
807726,1,1
826105,1,1
828265,1,1
830205,1,1
830538,1,1
831701,1,1
835831,1,1
835894,1,1
206949,1,1
206985,1,1
401981,1,1
848178,1,1
848768,1,1
853332,1,1
853498,1,1
854181,1,1
857379,1,1
854256,1,1
856971,1,1
208230,1,1
208137,1,1
209305,1,1
209666,1,1
210421,1,1
2105797,1,1
210847,1,1
211695,1,1
212281,1,1
212957,1,1
213270,1,1
213972,1,1
2168548,1,1
2174890,1,1
2178275,1,1
226426,1,1
2178939,1,1
1091941,1,1
1113490,1,1
828556,1,1
828689,1,1
857111,1,1
208816,1,1
198904,1,1
199296,1,1
204430,1,1
2046155,1,1
2046639,1,1
313413,1,1
348472,1,1
360110,1,1
401883,1,1
403939,1,1
370495,1,1
810000,1,1
834063,1,1
204416,1,1
313312,1,1
349483,1,1
847133,1,1
847440,1,1
854821,1,1
855180,1,1
858607,1,1
854882,1,1
208981,1,1
209134,1,1
2099993,1,1
211753,1,1
2117610,1,1
2118588,1,1
2119573,1,1
213158,1,1
211002,1,1
1094353,1,1
1099790,1,1
1110820,1,1
1114481,1,1
1149666,1,1
1150300,1,1
1190319,1,1
1146699,1,1
1149376,1,1
1191234,1,1
1233546,1,1
1234872,1,1
544516,1,1
562844,1,1
581571,1,1
582984,1,1
603978,1,1
860674,1,1
860036,1,1
1006687,1,1
1013659,1,1
1013073,1,1
1037039,1,1
1044606,1,1
1050496,1,1
239018,1,1
243463,1,1
245500,1,1
283510,1,1
284243,1,1
307694,1,1
1660009,1,1
1665369,1,1
1666800,1,1
1668238,1,1
1721313,1,1
1723991,1,1
1735013,1,1
1736863,1,1
209013,1,1
1098691,1,1
429042,1,1
577391,1,1
857853,1,1
858976,1,1
1039708,1,1
1042620,1,1
1043658,1,1
1046487,1,1
1046972,1,1
1050490,1,1
1053417,1,1
245647,1,1
283270,1,1
1721956,1,1
1732003,1,1
1734204,1,1
1739211,1,1
260269,1,1
1099488,1,1
1190450,1,1
1190563,1,1
1191003,1,1
1193360,1,1
404187,1,1
436367,1,1
540517,1,1
545106,1,1
577033,1,1
579247,1,1
602759,1,1
860244,1,1
1000909,1,1
1001058,1,1
1012545,1,1
1014639,1,1
1038973,1,1
1041508,1,1
1046557,1,1
1053230,1,1
1665365,1,1
1723194,1,1
1725079,1,1
1730929,1,1
1732157,1,1
1733707,1,1
1734091,1,1
1736547,1,1
237393,1,1
603378,1,1
860002,1,1
1006107,1,1
1012863,1,1
1049779,1,1
240906,1,1
261185,1,1
283411,1,1
858993,1,1
310152,1,1
311978,1,1
309841,1,1
204579,1,1
205490,1,1
206714,1,1
204534,1,1
996824,1,1
996826,1,1
997224,1,1
313721,1,1
346296,1,1
809308,1,1
828359,1,1
206934,1,1
312952,1,1
825429,1,1
848751,1,1
848956,1,1
853004,1,1
1099572,1,1
1101850,1,1
1112493,1,1
1115754,1,1
1117116,1,1
1120017,1,1
1235477,1,1
207483,1,1
208674,1,1
212381,1,1
212787,1,1
212823,1,1
214050,1,1
2167855,1,1
2173937,1,1
2183701,1,1
238019,1,1
404711,1,1
485064,1,1
541999,1,1
543879,1,1
544140,1,1
544553,1,1
577231,1,1
582205,1,1
597850,1,1
603206,1,1
616852,1,1
857307,1,1
858583,1,1
1012231,1,1
1085781,1,1
243471,1,1
247974,1,1
248420,1,1
252551,1,1
260476,1,1
1661566,1,1
1666781,1,1
1101748,1,1
1190850,1,1
209168,1,1
2120909,1,1
476827,1,1
579148,1,1
616460,1,1
859383,1,1
1086797,1,1
240374,1,1
261224,1,1
285017,1,1
1657985,1,1
243809,1,1
1725175,1,1
1656983,1,1
244526,1,1
1741301,1,1
1742401,1,1
1744003,1,1
1745062,1,1
1789240,1,1
1789542,1,1
1790100,1,1
1790146,1,1
1795171,1,1
1797915,1,1
1797937,1,1
1802557,1,1
1805714,1,1
1807639,1,1
1807638,1,1
1808192,1,1
1809429,1,1
1812737,1,1
1865706,1,1
1869690,1,1
1876012,1,1
1876116,1,1
1923829,1,1
197351,1,1
197561,1,1
1919082,1,1
1235391,1,1
1236129,1,1
1242998,1,1
1243026,1,1
1245430,1,1
1251629,1,1
1293331,1,1
1293504,1,1
1293727,1,1
1298445,1,1
1299773,1,1
1300437,1,1
1304533,1,1
1305757,1,1
1305789,1,1
1305784,1,1
1305783,1,1
1307309,1,1
1356495,1,1
1356803,1,1
1356802,1,1
1356841,1,1
1357553,1,1
1357908,1,1
1358514,1,1
1362958,1,1
1363309,1,1
1363382,1,1
1363493,1,1
1369962,1,1
1372312,1,1
1376059,1,1
1422064,1,1
1422943,1,1
1425448,1,1
1425446,1,1
197893,1,1
1431104,1,1
1435630,1,1
1437678,1,1
1442285,1,1
1494214,1,1
150750,1,1
153048,1,1
1539545,1,1
1541228,1,1
1545780,1,1
1549312,1,1
1593116,1,1
1595159,1,1
1597076,1,1
1599815,1,1
1742222,1,1
1745886,1,1
1797059,1,1
1808604,1,1
1809834,1,1
1860100,1,1
1860129,1,1
1925257,1,1
1941607,1,1
197429,1,1
1236062,1,1
1242120,1,1
1243046,1,1
1244763,1,1
1246068,1,1
1247441,1,1
1293717,1,1
1293905,1,1
1297404,1,1
1299713,1,1
1300074,1,1
1309346,1,1
1359011,1,1
1368423,1,1
1375115,1,1
1421636,1,1
1429389,1,1
1430122,1,1
1432291,1,1
1436083,1,1
197535,1,1
1439903,1,1
1439926,1,1
1439915,1,1
1485215,1,1
1486977,1,1
1487376,1,1
1488671,1,1
1492380,1,1
153008,1,1
1544396,1,1
1548871,1,1
1549403,1,1
1552004,1,1
1591985,1,1
1358750,1,1
1427984,1,1
1722680,1,1
1728054,1,1
1730927,1,1
259843,1,1
1742331,1,1
1742329,1,1
1743856,1,1
1790248,1,1
1791419,1,1
1795478,1,1
1796676,1,1
1813417,1,1
1863350,1,1
1869699,1,1
1872980,1,1
1923424,1,1
1946527,1,1
197303,1,1
197362,1,1
1244665,1,1
1246254,1,1
1251395,1,1
1291276,1,1
1298435,1,1
1299188,1,1
1300164,1,1
1305810,1,1
1307862,1,1
1308448,1,1
1308438,1,1
1314133,1,1
1359107,1,1
1362730,1,1
1364490,1,1
1421067,1,1
1422912,1,1
1438107,1,1
197445,1,1
1438502,1,1
1490067,1,1
1491531,1,1
1539205,1,1
1547118,1,1
1551482,1,1
1551519,1,1
1424384,1,1
1731042,1,1
1731995,1,1
1791591,1,1
1791576,1,1
1809430,1,1
1809671,1,1
1810093,1,1
1812484,1,1
1867614,1,1
1870633,1,1
1923326,1,1
197323,1,1
197354,1,1
197495,1,1
1241888,1,1
1245391,1,1
1247290,1,1
1293170,1,1
1298081,1,1
1298902,1,1
1309312,1,1
1359022,1,1
1359545,1,1
1359658,1,1
1359675,1,1
1368034,1,1
1375932,1,1
1375981,1,1
1422924,1,1
1423468,1,1
1425228,1,1
1429345,1,1
1431142,1,1
1435881,1,1
197889,1,1
198181,1,1
1484805,1,1
1488353,1,1
153591,1,1
1546189,1,1
1551474,1,1
1593738,1,1
1601407,1,1
1608274,1,1
1652242,1,1
1251337,1,1
198188,1,1
1441533,1,1
1535226,1,1
1651393,1,1
197384,1,1
1359111,1,1
1362781,1,1
1370772,1,1
197686,1,1
1541928,1,1
1650994,1,1
1427997,1,1
1650305,1,1
1246991,1,1
1421071,1,1
1492746,1,1
151229,1,1
1537045,1,1
748879,1,1
668660,1,1
749737,1,1
644790,1,1
701305,1,1
794078,1,1
800057,1,1
800115,1,1
748856,1,1
895268,1,1
901802,1,1
93382,1,1
991046,1,1
993261,1,1
308207,1,1
308402,1,1
308896,1,1
866412,1,1
876866,1,1
884772,1,1
886688,1,1
895991,1,1
896011,1,1
896209,1,1
904419,1,1
308761,1,1
309096,1,1
310866,1,1
1088768,1,1
198461,1,1
199374,1,1
2003792,1,1
204520,1,1
2046528,1,1
803348,1,1
810002,1,1
827183,1,1
896864,1,1
904870,1,1
669750,1,1
899763,1,1
991502,1,1
96304,1,1
966613,1,1
994007,1,1
308907,1,1
309926,1,1
310867,1,1
311450,1,1
312368,1,1
1089090,1,1
198806,1,1
2001745,1,1
206756,1,1
996032,1,1
998509,1,1
313226,1,1
317769,1,1
402106,1,1
755535,1,1
895784,1,1
904630,1,1
205800,1,1
314106,1,1
389122,1,1
863669,1,1
864980,1,1
351209,1,1
686433,1,1
629699,1,1
701184,1,1
701371,1,1
702019,1,1
668628,1,1
728109,1,1
668901,1,1
751302,1,1
755839,1,1
747260,1,1
861416,1,1
865568,1,1
899513,1,1
992150,1,1
979492,1,1
308171,1,1
309274,1,1
998540,1,1
758032,1,1
861362,1,1
861657,1,1
866021,1,1
891893,1,1
905057,1,1
966169,1,1
966181,1,1
899642,1,1
308168,1,1
308347,1,1
308791,1,1
309602,1,1
310208,1,1
312215,1,1
1998481,1,1
206595,1,1
995680,1,1
997170,1,1
313634,1,1
317573,1,1
347856,1,1
401953,1,1
809248,1,1
831872,1,1
966202,1,1
993757,1,1
800037,1,1
867497,1,1
905520,1,1
990990,1,1
313002,1,1
860977,1,1
309695,1,1
630035,1,1
629979,1,1
647407,1,1
686441,1,1
701990,1,1
725094,1,1
799055,1,1
702016,1,1
672921,1,1
686420,1,1
695964,1,1
751623,1,1
791880,1,1
860981,1,1
861436,1,1
863638,1,1
891812,1,1
894757,1,1
966209,1,1
311931,1,1
312593,1,1
688240,1,1
798118,1,1
755802,1,1
763469,1,1
861580,1,1
896773,1,1
979444,1,1
990997,1,1
905532,1,1
308885,1,1
309690,1,1
312178,1,1
312841,1,1
309610,1,1
199299,1,1
2045892,1,1
2054159,1,1
205562,1,1
207291,1,1
997605,1,1
347250,1,1
351582,1,1
351988,1,1
904589,1,1
904934,1,1
966757,1,1
309269,1,1
864824,1,1
966248,1,1
207079,1,1
833038,1,1
668535,1,1
727357,1,1
727360,1,1
730442,1,1
730947,1,1
749783,1,1
790436,1,1
866436,1,1
884211,1,1
886668,1,1
892345,1,1
967944,1,1
904932,1,1
200329,1,1
754761,1,1
866449,1,1
880433,1,1
885219,1,1
897584,1,1
966198,1,1
991221,1,1
991557,1,1
993286,1,1
967558,1,1
308905,1,1
309013,1,1
310155,1,1
310226,1,1
311919,1,1
312719,1,1
1090000,1,1
198455,1,1
204782,1,1
207078,1,1
995070,1,1
995274,1,1
998400,1,1
998530,1,1
999793,1,1
313148,1,1
313482,1,1
313913,1,1
351855,1,1
371244,1,0
388525,1,1
801632,1,1
827406,1,1
831269,1,1
866094,1,1
899461,1,1
308210,1,1
308597,1,1
966247,1,1
312634,1,1
1087912,1,1
108958,1,1
199169,1,1
200033,1,1
2002800,1,1
2048025,1,1
205807,1,1
997493,1,1
998019,1,1
998256,1,1
313036,1,1
313893,1,1
315186,1,1
315220,1,1
351127,1,1
363592,1,1
998679,1,1
800925,1,1
800976,1,1
828555,1,1
829749,1,1
830239,1,1
833532,1,1
834137,1,1
205911,1,1
207358,1,1
362755,1,1
314163,1,1
851749,1,1
855336,1,1
847365,1,1
208397,1,1
208812,1,1
209278,1,1
209369,1,1
209628,1,1
210372,1,1
2105802,1,1
2106362,1,1
2108098,1,1
2109981,1,1
211677,1,1
212844,1,1
213560,1,1
213818,1,1
2170993,1,1
2171132,1,1
2173855,1,1
1091265,1,1
1091341,1,1
1094338,1,1
1094748,1,1
1099581,1,1
1099759,1,1
1112248,1,1
1119631,1,1
11253,1,0
831259,1,1
2105803,1,1
211149,1,1
211919,1,1
212265,1,1
213392,1,1
1098911,1,1
1116104,1,1
1190776,1,1
1192862,1,1
1234521,1,1
404472,1,1
406468,1,1
413250,1,1
484714,1,1
486515,1,1
546585,1,1
604381,1,1
616551,1,1
858366,1,1
859017,1,1
859232,1,1
859230,1,1
860225,1,1
1001437,1,1
1010688,1,1
1011458,1,1
1011996,1,1
1012266,1,1
1014469,1,1
1037088,1,1
1044284,1,1
1047922,1,1
1049374,1,1
105553,1,1
243328,1,1
246830,1,1
250912,1,1
252463,1,1
252559,1,1
261339,1,1
261378,1,1
308072,1,1
1659167,1,1
1098618,1,1
1190611,1,1
404443,1,1
476322,1,1
857730,1,1
859072,1,1
859757,1,1
1005928,1,1
1006686,1,1
1085642,1,1
238031,1,1
242671,1,1
245768,1,1
248160,1,1
1039026,1,1
1670199,1,1
1672917,1,1
211316,1,1
616401,1,1
311991,1,1
198627,1,1
199010,1,1
1999187,1,1
205821,1,1
207209,1,1
199364,1,1
313328,1,1
314259,1,1
351330,1,1
404167,1,1
807347,1,1
803353,1,1
827671,1,1
828365,1,1
830648,1,1
830883,1,1
831870,1,1
835564,1,1
845479,1,1
312287,1,1
352218,1,1
314268,1,1
854142,1,1
854908,1,1
855191,1,1
856483,1,1
857155,1,1
857732,1,1
208061,1,1
208232,1,1
208482,1,1
208940,1,1
210046,1,1
2106373,1,1
210632,1,1
2118449,1,1
2119481,1,1
211965,1,1
2122369,1,1
213043,1,1
213163,1,1
213319,1,1
213621,1,1
2168540,1,1
226922,1,1
211334,1,1
237166,1,1
1091331,1,1
1093289,1,1
1094744,1,1
1098134,1,1
1098610,1,1
1099577,1,1
1101448,1,1
312282,1,1
1087607,1,1
198284,1,1
1999991,1,1
207677,1,1
205878,1,1
999657,1,1
313742,1,1
313950,1,1
314132,1,1
315145,1,1
317160,1,1
349197,1,1
349407,1,1
351583,1,1
352047,1,1
393245,1,1
403914,1,1
808502,1,1
809819,1,1
831302,1,1
831323,1,1
834198,1,1
206589,1,1
207073,1,1
351958,1,1
404062,1,1
847360,1,1
848330,1,1
856698,1,1
857538,1,1
858664,1,1
854236,1,1
855346,1,1
858140,1,1
208118,1,1
208181,1,1
208314,1,1
208325,1,1
208579,1,1
208953,1,1
2104345,1,1
2117876,1,1
213082,1,1
213332,1,1
2172190,1,1
2174513,1,1
1093085,1,1
1093113,1,1
1093222,1,1
1098672,1,1
1099916,1,1
1101620,1,1
1101785,1,1
1101867,1,1
1114060,1,1
1114202,1,1
1119551,1,1
1145605,1,1
1146715,1,1
1191026,1,1
1193345,1,1
1233282,1,1
430249,1,1
476351,1,1
485496,1,1
486510,1,1
544597,1,1
577181,1,1
583239,1,1
604597,1,1
858819,1,1
860256,1,1
1000056,1,1
1000858,1,1
1010044,1,1
1020119,1,1
102376,1,1
1039073,1,1
1040012,1,1
1046263,1,1
1046301,1,1
1053323,1,1
1053330,1,1
1053749,1,1
1085758,1,1
1086030,1,1
238920,1,1
239204,1,1
259752,1,1
261167,1,1
282460,1,1
282836,1,1
283485,1,1
284051,1,1
1654630,1,1
1666837,1,1
1667915,1,1
1670192,1,1
1718990,1,1
1733890,1,1
1737453,1,1
2176259,1,1
1099569,1,1
1235133,1,1
1044258,1,1
261317,1,1
1673073,1,1
1731991,1,1
485423,1,1
308048,1,1
1190694,1,1
1191686,1,1
1232711,1,1
1233607,1,1
411877,1,1
419849,1,1
476362,1,1
543816,1,1
562366,1,1
562790,1,1
597974,1,1
605320,1,1
616159,1,1
1000686,1,1
1000876,1,1
1001593,1,1
1046654,1,1
1048411,1,1
1049653,1,1
1050076,1,1
244128,1,1
261135,1,1
261380,1,1
307682,1,1
1721558,1,1
1731101,1,1
1735062,1,1
259966,1,1
209703,1,1
2123151,1,1
1099871,1,1
1150969,1,1
1232397,1,1
541953,1,1
860535,1,1
1000649,1,1
1001025,1,1
1046779,1,1
239998,1,1
260481,1,1
261134,1,1
1657660,1,1
1657664,1,1
1657749,1,1
1666385,1,1
1012963,1,1
1115012,1,1
309593,1,1
312481,1,1
309150,1,1
198482,1,1
198710,1,1
199246,1,1
201569,1,1
205830,1,1
995224,1,1
997625,1,1
998607,1,1
317136,1,1
388052,1,1
402091,1,1
352183,1,1
801925,1,1
804374,1,1
807834,1,1
1995461,1,1
808085,1,1
831877,1,1
834095,1,1
850091,1,1
855330,1,1
856621,1,1
1093160,1,1
1094160,1,1
1095588,1,1
1095712,1,1
1099503,1,1
1099684,1,1
1099896,1,1
1150286,1,1
1150812,1,1
1191032,1,1
1235150,1,1
1235591,1,1
207478,1,1
208063,1,1
210299,1,1
210519,1,1
210574,1,1
210814,1,1
211337,1,1
211961,1,1
2122273,1,1
213622,1,1
403941,1,1
427163,1,1
483425,1,1
486499,1,1
543460,1,1
857395,1,1
858320,1,1
858941,1,1
860109,1,1
1012084,1,1
1038965,1,1
1045424,1,1
1049111,1,1
1085728,1,1
240488,1,1
242960,1,1
248109,1,1
248332,1,1
253010,1,1
261302,1,1
1663455,1,1
1665052,1,1
1148631,1,1
208215,1,1
210997,1,1
211804,1,1
544550,1,1
857700,1,1
103968,1,1
1046700,1,1
1049299,1,1
1053258,1,1
244368,1,1
245255,1,1
251400,1,1
284441,1,1
1657658,1,1
1663733,1,1
1663728,1,1
616465,1,1
1726660,1,1
104121,1,1
1738139,1,1
1789470,1,1
1790684,1,1
1791612,1,1
1792713,1,1
1795473,1,1
1797917,1,1
1807548,1,1
1809535,1,1
1809845,1,1
1870650,1,1
1923481,1,1
1236459,1,1
1245466,1,1
1251345,1,1
1251416,1,1
1291375,1,1
1293320,1,1
1294034,1,1
1294015,1,1
1297288,1,1
1298293,1,1
1298799,1,1
1298751,1,1
1300105,1,1
1301694,1,1
1303159,1,1
1307635,1,1
1310823,1,1
1314479,1,1
1356572,1,1
1357395,1,1
1358734,1,1
1358853,1,1
1362815,1,1
1370205,1,1
1370739,1,1
1373489,1,1
141850,1,1
1424375,1,1
1425114,1,1
1426687,1,1
197678,1,1
197970,1,1
198038,1,1
1430383,1,1
1432508,1,1
1435490,1,1
1437782,1,1
1483624,1,1
1484770,1,1
1488624,1,1
1493162,1,1
150721,1,1
1536993,1,1
1543437,1,1
1545159,1,1
1551493,1,1
1600382,1,1
1650142,1,1
1600611,1,1
1791498,1,1
1795147,1,1
1797833,1,1
1797921,1,1
1804758,1,1
1806185,1,1
1807459,1,1
1858971,1,1
1946772,1,1
197428,1,1
1235731,1,1
1242002,1,1
1242558,1,1
1242700,1,1
1244573,1,1
1248829,1,1
1250282,1,1
1250559,1,1
1251348,1,1
1298439,1,1
1298818,1,1
1299978,1,1
1299967,1,1
1300203,1,1
1314474,1,1
1360011,1,1
1362918,1,1
1363752,1,1
1366630,1,1
1369972,1,1
1372304,1,1
1423838,1,1
1428880,1,1
1430403,1,1
1436245,1,1
1423795,1,1
197510,1,1
197913,1,1
198032,1,1
198145,1,1
1482684,1,1
1486136,1,1
1486837,1,1
1495188,1,1
1535965,1,1
1536148,1,1
1541218,1,1
1544386,1,1
1546589,1,1
1547771,1,1
1549559,1,1
1551306,1,1
1551888,1,1
1595448,1,1
1595742,1,1
1305892,1,1
1357416,1,1
1732161,1,1
1736786,1,1
1737582,1,1
1738803,1,1
1738804,1,1
1741759,1,1
1790890,1,1
1791854,1,1
1795585,1,1
1804737,1,1
1805012,1,1
1807508,1,1
1809029,1,1
1855524,1,1
1858561,1,1
1864326,1,1
1923425,1,1
1941643,1,1
1944535,1,1
1234995,1,1
1241785,1,1
1245738,1,1
1249602,1,1
1291447,1,1
1294609,1,1
1300006,1,1
1308005,1,1
1308456,1,1
1310144,1,1
1357905,1,1
1359455,1,1
1359499,1,1
1359543,1,1
1361201,1,1
1422080,1,1
1422184,1,1
1423307,1,1
1424244,1,1
1426278,1,1
197449,1,1
197904,1,1
1441364,1,1
1483340,1,1
1483574,1,1
1492682,1,1
151100,1,1
153843,1,1
1539953,1,1
1548724,1,1
1597124,1,1
1597119,1,1
198141,1,1
1741765,1,1
1741767,1,1
1742029,1,1
1742396,1,1
1790379,1,1
1792490,1,1
1812099,1,1
1870935,1,1
197573,1,1
197690,1,1
1236277,1,1
1243346,1,1
1248156,1,1
1248839,1,1
1250091,1,1
1250544,1,1
1294347,1,1
1294364,1,1
1305676,1,1
1358627,1,1
1360504,1,1
1361569,1,1
1421001,1,1
1421643,1,1
1427393,1,1
198102,1,1
198198,1,1
1439784,1,1
1483143,1,1
1483746,1,1
1485605,1,1
1486572,1,1
1492678,1,1
1536675,1,1
1539955,1,1
197574,1,1
1604350,1,1
1651332,1,1
1483774,1,1
1241471,1,1
1311662,1,1
1428983,1,1
1549694,1,1
1600695,1,1
1649429,1,1
1808217,1,1
1299020,1,1
1437280,1,1
1601394,1,1
1649996,1,1
1866551,1,1
1304988,1,1
152933,1,1
618370,1,1
630182,1,1
647681,1,1
705836,1,1
749871,1,1
701709,1,1
727574,1,1
686385,1,1
725826,1,1
730918,1,1
749880,1,1
750139,1,1
756089,1,1
762816,1,1
763632,1,1
797951,1,1
794012,1,1
860903,1,1
895237,1,1
94348,1,1
896130,1,1
309916,1,1
312648,1,1
731566,1,1
861434,1,1
861583,1,1
897294,1,1
899660,1,1
991606,1,1
992679,1,1
308966,1,1
309871,1,1
309886,1,1
309897,1,1
310132,1,1
311075,1,1
1087335,1,1
198477,1,1
2001351,1,1
2045382,1,1
204647,1,1
206324,1,1
998541,1,1
312988,1,1
351987,1,1
895264,1,1
755526,1,1
792582,1,1
722122,1,1
92583,1,1
312281,1,1
750187,1,1
864749,1,1
900528,1,1
308282,1,1
308305,1,1
309714,1,1
311918,1,1
312233,1,1
312564,1,1
199997,1,1
2047428,1,1
206403,1,1
998463,1,1
313850,1,1
314146,1,1
359228,1,1
801648,1,1
991037,1,1
751608,1,1
901833,1,1
966566,1,1
966920,1,1
903694,1,1
311888,1,1
312517,1,1
1089863,1,1
1090684,1,1
310692,1,1
198261,1,1
313341,1,1
313364,1,1
315002,1,1
881399,1,1
991007,1,1
617451,1,1
618376,1,1
656719,1,1
637365,1,1
644112,1,1
688507,1,1
692774,1,1
688647,1,1
792051,1,1
792049,1,1
882506,1,1
897747,1,1
977885,1,1
979468,1,1
993856,1,1
308920,1,1
793741,1,1
860943,1,1
861432,1,1
861689,1,1
866353,1,1
898366,1,1
905150,1,1
977998,1,1
993552,1,1
995218,1,1
308223,1,1
308225,1,1
309027,1,1
309308,1,1
309869,1,1
312023,1,1
312104,1,1
312308,1,1
312840,1,1
200236,1,1
2053927,1,1
2057216,1,1
205834,1,1
997501,1,1
998471,1,1
313638,1,1
351297,1,1
351878,1,1
809533,1,1
750211,1,1
990999,1,1
994089,1,1
310322,1,1
978006,1,1
311977,1,1
310655,1,1
311613,1,1
198725,1,1
199387,1,1
204154,1,1
313102,1,1
313222,1,1
349420,1,1
806717,1,1
807728,1,1
897739,1,1
876528,1,1
309680,1,1
637540,1,1
643496,1,1
706868,1,1
692658,1,1
656498,1,1
726746,1,1
745505,1,1
756277,1,1
701627,1,1
762007,1,1
793873,1,1
861983,1,1
864755,1,1
883810,1,1
898418,1,1
901478,1,1
308304,1,1
310757,1,1
877513,1,1
884227,1,1
889614,1,1
898361,1,1
901824,1,1
904605,1,1
905225,1,1
966609,1,1
979424,1,1
862013,1,1
901296,1,1
309072,1,1
310362,1,1
311896,1,1
312133,1,1
312323,1,1
312526,1,1
1086723,1,1
198604,1,1
204426,1,1
2047875,1,1
206337,1,1
996209,1,1
314135,1,1
314210,1,1
351993,1,1
359932,1,1
352118,1,1
800644,1,1
807805,1,1
830530,1,1
308713,1,1
308759,1,1
1090476,1,1
318272,1,1
372184,1,1
308135,1,1
618654,1,1
749860,1,1
702631,1,1
750268,1,1
706827,1,1
686352,1,1
701712,1,1
723520,1,1
727147,1,1
749872,1,1
758555,1,1
896192,1,1
898719,1,1
308233,1,1
729931,1,1
763472,1,1
860945,1,1
864650,1,1
883358,1,1
891874,1,1
903891,1,1
966216,1,1
991184,1,1
310352,1,1
310606,1,1
310650,1,1
311723,1,1
312013,1,1
312021,1,1
312363,1,1
312542,1,1
108828,1,1
1988311,1,1
199596,1,1
205480,1,1
206347,1,1
995195,1,1
997523,1,1
998183,1,1
999703,1,1
312880,1,1
313263,1,1
359939,1,1
378788,1,1
801168,1,1
762598,1,1
889616,1,1
903309,1,1
899485,1,1
308368,1,1
309004,1,1
311959,1,1
2003255,1,1
312439,1,1
198321,1,1
198333,1,1
1999037,1,1
201262,1,1
202020,1,1
2048956,1,1
206274,1,1
206554,1,1
207269,1,1
996231,1,1
996776,1,1
313823,1,1
314081,1,1
314929,1,1
348603,1,1
351246,1,1
314903,1,1
800400,1,1
807277,1,1
835721,1,1
348689,1,1
849612,1,1
854848,1,1
854844,1,1
855859,1,1
857164,1,1
207934,1,1
208423,1,1
208465,1,1
208495,1,1
208593,1,1
208683,1,1
209070,1,1
209102,1,1
209283,1,1
210718,1,1
210961,1,1
211100,1,1
2118835,1,1
2122356,1,1
2122900,1,1
213273,1,1
2173828,1,1
1094059,1,1
1094724,1,1
1094831,1,1
1098151,1,1
1099658,1,1
1099668,1,1
1099634,1,1
1100690,1,1
1100894,1,1
1101469,1,1
1111766,1,1
1112448,1,1
1115800,1,1
1116183,1,1
1116547,1,1
1147795,1,1
213345,1,1
1110756,1,1
1149627,1,1
1189640,1,1
1189850,1,1
1190538,1,1
1192939,1,1
1232651,1,1
1232718,1,1
1234333,1,1
1232617,1,1
404665,1,1
540799,1,1
541825,1,1
542905,1,1
544840,1,1
579033,1,1
582753,1,1
597718,1,1
616853,1,1
857799,1,1
858749,1,1
858847,1,1
859183,1,1
859426,1,1
859841,1,1
860435,1,1
1009145,1,1
1010095,1,1
1011752,1,1
1012177,1,1
1038830,1,1
1010073,1,1
1039250,1,1
1039353,1,1
104064,1,1
1042852,1,1
1043399,1,1
1045420,1,1
1047905,1,1
104837,1,1
1049211,1,1
1049777,1,1
106336,1,1
1085658,1,1
1085994,1,1
241713,1,1
243762,1,1
245660,1,1
247769,1,1
251141,1,1
307816,1,1
1655967,1,1
1658222,1,1
1665002,1,1
1665515,1,1
2167838,1,1
2178161,1,1
1114002,1,1
1115886,1,1
1116154,1,1
1150122,1,1
1190560,1,1
1232716,1,1
404554,1,1
433798,1,1
576647,1,1
1012160,1,1
1037334,1,1
2184132,1,1
226666,1,1
242126,1,1
244098,1,1
244382,1,1
260285,1,1
1000939,1,1
308111,1,1
1718907,1,1
1043716,1,1
1046242,1,1
311575,1,1
1088447,1,1
309618,1,1
309873,1,1
2001566,1,1
2002590,1,1
204870,1,1
204912,1,1
205217,1,1
206061,1,1
207347,1,1
2054318,1,1
996697,1,1
997292,1,1
313778,1,1
315128,1,1
348326,1,1
351989,1,1
404369,1,1
800915,1,1
806501,1,1
828381,1,1
834106,1,1
834235,1,1
966470,1,1
313109,1,1
313470,1,1
847917,1,1
848204,1,1
849574,1,1
854235,1,1
854925,1,1
855296,1,1
856605,1,1
208062,1,1
209007,1,1
210751,1,1
211500,1,1
2118829,1,1
2119565,1,1
212437,1,1
213638,1,1
214095,1,1
2174801,1,1
237178,1,1
237325,1,1
1090525,1,1
1092183,1,1
1098608,1,1
1099269,1,1
1099563,1,1
1111455,1,1
1116102,1,1
2173928,1,1
1116294,1,1
312750,1,1
312086,1,1
199106,1,1
199850,1,1
204848,1,1
205333,1,1
2055036,1,1
207353,1,1
997004,1,1
312842,1,1
314173,1,1
348223,1,1
349115,1,1
372980,1,1
402246,1,1
402249,1,1
402695,1,1
403922,1,1
371794,1,1
830536,1,1
846029,1,1
846146,1,1
200327,1,1
848176,1,1
856785,1,1
858079,1,1
827753,1,1
207947,1,1
2099429,1,1
210000,1,1
2103018,1,1
211372,1,1
2119625,1,1
212587,1,1
1091395,1,1
1091498,1,1
1098142,1,1
1099923,1,1
1112785,1,1
1113313,1,1
1117402,1,1
213295,1,1
1149660,1,1
1150291,1,1
1189098,1,1
1192737,1,1
1234484,1,1
541929,1,1
577068,1,1
583211,1,1
598008,1,1
607038,1,1
616781,1,1
857830,1,1
859042,1,1
860725,1,1
1001046,1,1
1006610,1,1
1010739,1,1
1010749,1,1
1010782,1,1
1011870,1,1
1013939,1,1
1020476,1,0
103401,1,1
1039446,1,1
1039654,1,1
1042836,1,1
1039285,1,1
1047797,1,1
105395,1,1
242941,1,1
243461,1,1
245256,1,1
245265,1,1
283669,1,1
1661689,1,1
1664448,1,1
1720881,1,1
1732184,1,1
1734090,1,1
211680,1,1
213298,1,1
1117104,1,1
1189691,1,1
860252,1,1
1012570,1,1
104420,1,1
1046408,1,1
1049280,1,1
251156,1,1
252215,1,1
284400,1,1
308096,1,1
1655956,1,1
1658707,1,1
1049143,1,1
1653440,1,1
1011749,1,1
1191665,1,1
1234375,1,1
485471,1,1
542977,1,1
579440,1,1
616133,1,1
858838,1,1
858990,1,1
1001751,1,1
1009375,1,1
1012770,1,1
104062,1,1
104368,1,1
1049160,1,1
242830,1,1
242938,1,1
247661,1,1
261314,1,1
284380,1,1
308050,1,1
1665362,1,1
1665698,1,1
1673791,1,1
1726214,1,1
1728095,1,1
1729545,1,1
584436,1,1
603203,1,1
607018,1,1
859063,1,1
1000052,1,1
1046713,1,1
240707,1,1
252618,1,1
1654186,1,1
1724383,1,1
1728050,1,1
1729422,1,1
1659289,1,1
309375,1,1
309649,1,1
310199,1,1
311607,1,1
311915,1,1
312301,1,1
312736,1,1
1087919,1,1
198274,1,1
198273,1,1
199245,1,1
199258,1,1
1998455,1,1
205698,1,1
995599,1,1
346911,1,1
825333,1,1
828269,1,1
828364,1,1
830878,1,1
311989,1,1
313872,1,1
834065,1,1
851204,1,1
853010,1,1
856660,1,1
826838,1,1
1091150,1,1
1091322,1,1
1092209,1,1
1094015,1,1
1099052,1,1
1099808,1,1
1100907,1,1
1112880,1,1
1113675,1,1
1188468,1,1
1112997,1,1
207980,1,1
208595,1,1
209827,1,1
211354,1,1
211915,1,1
213431,1,1
1147696,1,1
210754,1,1
541157,1,1
543873,1,1
545270,1,1
578044,1,1
579443,1,1
857520,1,1
858603,1,1
1000143,1,1
1046894,1,1
104897,1,1
1049537,1,1
1085996,1,1
1086458,1,1
261109,1,1
1666391,1,1
1668032,1,1
855195,1,1
2184088,1,1
237723,1,1
404652,1,1
412111,1,1
486439,1,1
542777,1,1
577348,1,1
857321,1,1
858040,1,1
858593,1,1
860558,1,1
1013694,1,1
1053176,1,1
239178,1,1
307781,1,1
1654079,1,1
1669864,1,1
1661504,1,1
1670322,1,1
1667343,1,1
1743720,1,1
1744005,1,1
1744840,1,1
1795251,1,1
1798994,1,1
1799326,1,1
1806730,1,1
1809035,1,1
1855193,1,1
1868473,1,1
1868497,1,1
1868469,1,1
1869047,1,1
1870685,1,1
1918453,1,1
197558,1,1
197637,1,1
1236419,1,1
1242397,1,1
1245403,1,1
1245432,1,1
1247758,1,1
1250949,1,1
1251022,1,1
1251677,1,1
1292364,1,1
1293853,1,1
1300094,1,1
1301959,1,1
1302656,1,1
1302760,1,1
1303733,1,1
1311802,1,1
1314654,1,1
1356907,1,1
1359123,1,1
1359382,1,1
1359778,1,1
1360030,1,1
1363363,1,1
1364477,1,1
1366196,1,1
1370754,1,1
1372918,1,1
1422893,1,1
1424219,1,1
1424307,1,1
197868,1,1
1437306,1,1
1437702,1,1
1439982,1,1
1491649,1,1
1536447,1,1
1538280,1,1
1543182,1,1
1549204,1,1
1551286,1,1
1606488,1,1
1648999,1,1
1739788,1,1
1740864,1,1
1741263,1,1
1745455,1,1
1789740,1,1
1789738,1,1
1790353,1,1
1792393,1,1
1798375,1,1
1800499,1,1
1801280,1,1
1805157,1,1
1805427,1,1
1809747,1,1
1810557,1,1
1869595,1,1
1872897,1,1
1874173,1,1
1926571,1,1
1946782,1,1
1242944,1,1
1243572,1,1
1244193,1,1
1245420,1,1
1247238,1,1
1250554,1,1
1294338,1,1
1297833,1,1
1298088,1,1
1300213,1,1
1305100,1,1
1305606,1,1
1312496,1,1
1361402,1,1
1362030,1,1
1362026,1,1
1367204,1,1
1367426,1,1
1369782,1,1
1369777,1,1
1370982,1,1
1372464,1,1
1374795,1,1
1376493,1,1
1423935,1,1
1424065,1,1
1435483,1,1
197808,1,0
1440908,1,1
1442582,1,1
1482679,1,1
1487113,1,1
1488218,1,1
1488639,1,1
151029,1,1
1542825,1,1
1546198,1,1
1547121,1,1
197992,1,1
1725044,1,1
1726684,1,1
1729173,1,1
1734777,1,1
1735003,1,1
1737724,1,1
1742217,1,1
1743833,1,1
1788858,1,1
1796690,1,1
1797929,1,1
1858383,1,1
1858844,1,1
1865295,1,1
1869344,1,1
1237118,1,1
1242503,1,1
1243229,1,1
1243998,1,1
1251782,1,1
1290934,1,1
1292435,1,1
1293408,1,1
1297524,1,1
1297990,1,1
1299183,1,1
1302617,1,1
1310481,1,1
1356524,1,1
1364914,1,1
1364919,1,1
1366788,1,1
1370767,1,1
1372483,1,1
1373493,1,1
1423952,1,1
1429282,1,1
1435918,1,1
197592,1,1
198006,1,1
198069,1,1
1483414,1,1
1490036,1,1
1494979,1,1
1537120,1,1
1538466,1,1
1539893,1,1
1547605,1,1
1592290,1,1
1593876,1,1
1597126,1,1
1597134,1,1
197923,1,1
1729586,1,1
1732186,1,1
1735004,1,1
1736014,1,1
1743781,1,1
1791409,1,1
1796073,1,1
1799325,1,1
1801689,1,1
1809414,1,1
1876619,1,1
1928692,1,1
197576,1,1
197698,1,1
197716,1,1
1243326,1,1
1244513,1,1
1249026,1,1
1250974,1,1
1251062,1,1
1251212,1,1
1251594,1,1
1298364,1,1
1303731,1,1
1312997,1,1
1358777,1,1
1362822,1,1
1363293,1,1
1421056,1,1
1423082,1,1
1437300,1,1
1440021,1,1
1442681,1,1
1482814,1,1
1537019,1,1
1544281,1,1
1551923,1,1
1594352,1,1
1594585,1,1
1652640,1,1
1368459,1,1
1363011,1,1
1650968,1,1
1651275,1,1
1872062,1,1
1249102,1,1
1312442,1,1
1605091,1,1
617310,1,1
618028,1,1
631205,1,1
617339,1,1
657561,1,1
685578,1,1
705133,1,1
707381,1,1
793875,1,1
702503,1,1
705824,1,1
721796,1,1
729768,1,1
748051,1,1
749855,1,1
749874,1,1
755536,1,1
762820,1,1
800341,1,1
860792,1,1
866018,1,1
880890,1,1
896766,1,1
899257,1,1
899557,1,1
724863,1,1
800345,1,1
795925,1,1
797654,1,1
977842,1,1
992460,1,1
308493,1,1
308733,1,1
308799,1,1
310404,1,1
312136,1,1
312218,1,1
312601,1,1
1088970,1,1
199059,1,1
201372,1,1
206549,1,1
995301,1,1
348222,1,1
800062,1,1
881401,1,1
308870,1,1
759674,1,1
688711,1,1
748866,1,1
979436,1,1
707359,1,1
796544,1,1
861663,1,1
896229,1,1
898591,1,1
993693,1,1
310670,1,1
311154,1,1
1090057,1,1
198471,1,1
1994758,1,1
200162,1,1
2048990,1,1
207101,1,1
347718,1,1
347835,1,1
349550,1,1
834040,1,1
966165,1,1
205699,1,1
891820,1,1
1995011,1,1
206369,1,1
996983,1,1
360094,1,1
802749,1,1
901547,1,1
905405,1,1
1087663,1,1
630062,1,1
644989,1,1
631644,1,1
686497,1,1
693987,1,1
726747,1,1
629994,1,1
644304,1,1
702422,1,1
702615,1,1
753533,1,1
761998,1,1
796964,1,1
763519,1,1
863665,1,1
866461,1,1
897624,1,1
901546,1,1
201708,1,1
727711,1,1
731573,1,1
762377,1,1
861134,1,1
891136,1,1
897696,1,1
903753,1,1
903851,1,1
903889,1,1
968989,1,1
898378,1,1
966212,1,1
308163,1,1
308897,1,1
309048,1,1
309390,1,1
309536,1,1
309581,1,1
312836,1,1
1086750,1,1
311998,1,1
198366,1,1
198905,1,1
2001358,1,1
204601,1,1
206763,1,1
996763,1,1
343040,1,1
809987,1,1
905043,1,1
706822,1,1
754986,1,1
904182,1,1
984105,1,1
896027,1,1
308169,1,1
310206,1,1
310489,1,1
201849,1,1
205363,1,1
995864,1,1
348546,1,1
315036,1,1
308403,1,1
672667,1,1
725027,1,1
702296,1,1
722124,1,1
798408,1,1
864786,1,1
891134,1,1
991082,1,1
310473,1,1
994541,1,1
729203,1,1
789980,1,1
702311,1,1
798209,1,1
791842,1,1
883570,1,1
892244,1,1
897612,1,1
899548,1,1
904399,1,1
905460,1,1
966177,1,1
977847,1,1
905527,1,1
968766,1,1
308474,1,1
308657,1,1
309291,1,1
311194,1,1
1089918,1,1
198238,1,1
199147,1,1
199450,1,1
2000013,1,1
2001565,1,1
204135,1,1
204576,1,1
206077,1,1
206213,1,1
206248,1,1
205988,1,1
206911,1,1
312915,1,1
347745,1,1
351108,1,1
800237,1,1
809206,1,1
828618,1,1
834110,1,1
905095,1,1
309609,1,1
312221,1,1
200825,1,1
996208,1,1
755010,1,1
892556,1,1
993067,1,1
94405,1,1
637542,1,1
637462,1,1
729908,1,1
762602,1,1
790264,1,1
798432,1,1
895933,1,1
904177,1,1
310745,1,1
763228,1,1
864708,1,1
864720,1,1
866498,1,1
883807,1,1
884189,1,1
894761,1,1
897614,1,1
900520,1,1
979491,1,1
991876,1,1
896237,1,1
905497,1,1
308742,1,1
310148,1,1
310656,1,1
311576,1,1
311727,1,1
312817,1,1
1088134,1,1
198836,1,1
198949,1,1
205256,1,1
2054120,1,1
205705,1,1
313359,1,1
349196,1,1
830801,1,1
798049,1,1
966253,1,1
308739,1,1
309095,1,1
892782,1,1
205530,1,1
995220,1,1
313423,1,1
312483,1,1
311881,1,1
200343,1,1
2044878,1,1
2047772,1,1
995297,1,1
995303,1,1
995478,1,1
998450,1,1
312969,1,1
313855,1,1
314077,1,1
315011,1,1
315038,1,1
317059,1,1
346558,1,1
347109,1,1
348579,1,1
377519,1,1
388510,1,1
801653,1,1
825170,1,1
825335,1,1
826840,1,1
830463,1,1
832864,1,1
834090,1,1
835811,1,1
310044,1,1
310545,1,1
2049407,1,1
999803,1,1
313110,1,1
830237,1,1
845316,1,1
845947,1,1
847741,1,1
852922,1,1
856379,1,1
856519,1,1
856579,1,1
856833,1,1
857027,1,1
857174,1,1
857178,1,1
209104,1,1
2109088,1,1
211137,1,1
211307,1,1
211746,1,1
2117770,1,1
2118734,1,1
2121735,1,1
212706,1,1
213664,1,1
214109,1,1
2166579,1,1
2166797,1,1
2168025,1,1
1098478,1,1
1099085,1,1
1100912,1,1
1113397,1,1
1116121,1,1
806861,1,1
828296,1,1
856853,1,1
809605,1,1
1149663,1,1
1189192,1,1
1192923,1,1
1233888,1,1
1234869,1,1
477126,1,1
541705,1,1
578457,1,1
606828,1,1
616368,1,1
616444,1,1
857758,1,1
858955,1,1
859357,1,1
860505,1,1
1006409,1,1
1006803,1,1
1010671,1,1
1009319,1,1
1012245,1,1
1012835,1,1
103570,1,1
104378,1,1
104419,1,1
1046611,1,1
1046840,1,1
1048307,1,1
1049256,1,1
1085644,1,1
226343,1,1
243976,1,1
244413,1,1
249415,1,1
261119,1,1
284094,1,1
1660175,1,1
213322,1,1
1092398,1,1
1145110,1,1
1234519,1,1
602912,1,1
615965,1,1
616830,1,1
860549,1,1
1001689,1,1
1020062,1,1
1037241,1,1
1047786,1,1
1049285,1,1
1052674,1,1
1053740,1,1
1085738,1,1
1085992,1,1
1086316,1,1
245489,1,1
284500,1,1
1656706,1,1
1665102,1,1
1667878,1,1
1038750,1,1
1012952,1,1
1037070,1,1
260393,1,1
1658271,1,1
1660750,1,1
106222,1,1
283373,1,1
1190166,1,1
312012,1,1
312814,1,1
1088320,1,1
1088194,1,1
2049453,1,1
2056893,1,1
2058863,1,1
206535,1,1
207210,1,1
207639,1,1
207777,1,1
206559,1,1
996724,1,1
996927,1,1
313138,1,1
347048,1,1
352340,1,1
377500,1,1
404058,1,1
801034,1,1
809315,1,1
830861,1,1
312468,1,1
2047121,1,1
207322,1,1
359396,1,1
825427,1,1
846148,1,1
846934,1,1
851752,1,1
853134,1,1
853509,1,1
853612,1,1
855871,1,1
856907,1,1
834177,1,1
208172,1,1
208589,1,1
208649,1,1
209098,1,1
209645,1,1
2099286,1,1
210110,1,1
2101899,1,1
2102464,1,1
211189,1,1
211854,1,1
213744,1,1
214078,1,1
2168528,1,1
2177191,1,1
1099294,1,1
1099626,1,1
1099648,1,1
1101881,1,1
1114604,1,1
1115831,1,1
309046,1,1
856978,1,1
2106368,1,1
210671,1,1
211323,1,1
2184153,1,1
1087180,1,1
198325,1,1
198951,1,1
205619,1,1
2058501,1,1
996759,1,1
347967,1,1
391913,1,1
314237,1,1
403878,1,1
808093,1,1
996679,1,1
847724,1,1
848742,1,1
856521,1,1
857136,1,1
209059,1,1
209355,1,1
209454,1,1
209600,1,1
2108020,1,1
2110783,1,1
213199,1,1
213361,1,1
2176262,1,1
2196493,1,1
1091227,1,1
1100363,1,1
1117561,1,1
1148952,1,1
1145608,1,1
1150984,1,1
1235496,1,1
404587,1,1
429662,1,1
485166,1,1
542347,1,1
562495,1,1
562649,1,1
577237,1,1
616161,1,1
858772,1,1
859216,1,1
859347,1,1
1000128,1,1
1010895,1,1
1020138,1,1
1039556,1,1
1010732,1,1
1050811,1,1
239177,1,1
248411,1,1
259047,1,1
259581,1,1
284328,1,1
284378,1,1
1658155,1,1
1658672,1,1
1659814,1,1
1665327,1,1
1665459,1,1
1667872,1,1
1720311,1,1
1664645,1,1
1732185,1,1
1737850,1,1
2173858,1,1
1099575,1,1
1113695,1,1
11251,1,0
616749,1,1
858836,1,1
1000089,1,1
1000642,1,1
1045481,1,1
1046568,1,1
1053247,1,1
246172,1,1
248249,1,1
1659803,1,1
1665214,1,1
1044919,1,1
859933,1,1
241527,1,1
1668225,1,1
1234552,1,1
1188527,1,1
404449,1,1
425101,1,1
539493,1,1
546624,1,1
577029,1,1
617304,1,1
858912,1,1
859091,1,1
859258,1,1
1000673,1,1
1000672,1,1
1000985,1,1
1014284,1,1
1014675,1,1
1039391,1,1
104098,1,1
1040016,1,1
1047098,1,1
251842,1,1
261336,1,1
308085,1,1
1654035,1,1
1657122,1,1
1658034,1,1
1664325,1,1
1728055,1,1
1729322,1,1
1734483,1,1
1736544,1,1
213556,1,1
2180420,1,1
404450,1,1
602736,1,1
616578,1,1
858845,1,1
1012998,1,1
1039780,1,1
1046963,1,1
1048959,1,1
240573,1,1
242698,1,1
244190,1,1
244602,1,1
282463,1,1
283248,1,1
1654011,1,1
1658265,1,1
1115462,1,1
860444,1,1
310049,1,1
199021,1,1
200101,1,1
200344,1,1
2047247,1,1
205284,1,1
994523,1,1
995726,1,1
313248,1,1
313653,1,1
313797,1,1
313892,1,1
318241,1,1
328161,1,1
351107,1,1
800687,1,1
801145,1,1
826081,1,1
205483,1,1
205604,1,1
315239,1,1
833141,1,1
856654,1,1
855869,1,1
1098649,1,1
1101940,1,1
1116086,1,1
1116760,1,1
1149370,1,1
1190783,1,1
1190750,1,1
1232190,1,1
1234344,1,1
208214,1,1
208947,1,1
2104866,1,1
210758,1,1
211726,1,1
212094,1,1
213633,1,1
2109175,1,1
2183674,1,1
404053,1,1
404269,1,1
477587,1,1
486109,1,1
486133,1,1
857403,1,1
858374,1,1
858599,1,1
858797,1,1
1009414,1,1
1020495,1,1
1038908,1,1
1053605,1,1
108397,1,1
242214,1,1
261116,1,1
261280,1,1
1655960,1,1
1658135,1,1
1720268,1,1
1190655,1,1
212433,1,1
212462,1,1
1000099,1,1
1000062,1,1
1052960,1,1
242816,1,1
283707,1,1
1653484,1,1
1000145,1,1
1726639,1,1
544754,1,1
1737744,1,1
1738581,1,1
1741930,1,1
1791230,1,1
1797840,1,1
1804178,1,1
1809038,1,1
1809441,1,1
1813112,1,1
1870956,1,1
1871463,1,1
1876395,1,1
1926216,1,0
1928005,1,1
197517,1,1
197531,1,1
1809444,1,1
1244199,1,1
1245275,1,1
1293042,1,1
1293311,1,1
1293739,1,1
1294382,1,1
1294557,1,1
1298255,1,1
1298356,1,1
1298329,1,1
1299186,1,1
1299879,1,1
1300382,1,1
1301670,1,1
1302680,1,1
1304503,1,1
1299646,1,1
1310589,1,1
1312502,1,1
1313933,1,1
1357391,1,1
1358843,1,1
1359029,1,1
1359673,1,1
1359931,1,1
1362206,1,1
1362704,1,1
1363406,1,1
1366941,1,1
1367315,1,1
1367691,1,1
1423798,1,1
1424060,1,1
1426578,1,1
197815,1,1
197855,1,1
198153,1,1
1430054,1,1
1432283,1,1
1436374,1,1
1439953,1,1
1441318,1,1
1441563,1,1
1482662,1,1
1483223,1,1
1486964,1,1
1495298,1,1
1535609,1,1
1540235,1,1
1540356,1,1
1543313,1,1
1545688,1,1
1592748,1,1
1648789,1,1
198196,1,1
1549304,1,1
1743779,1,1
1746915,1,1
1790126,1,1
1790167,1,1
1790508,1,1
1797909,1,1
1799180,1,1
1806191,1,1
1812164,1,1
1812101,1,1
1874730,1,1
1944389,1,1
1941473,1,1
197316,1,1
197406,1,1
1243500,1,1
1244723,1,1
1248013,1,1
1248813,1,1
1249096,1,1
1250751,1,1
1293344,1,1
1293858,1,1
1294262,1,1
1294589,1,1
1309344,1,1
1313987,1,1
1356113,1,1
1358416,1,1
1358610,1,1
1363782,1,1
1371361,1,1
1372663,1,1
1421477,1,1
1433802,1,1
197497,1,1
197551,1,1
197550,1,1
197979,1,1
198013,1,1
1442122,1,1
1486198,1,1
1486248,1,1
1488689,1,1
1489991,1,1
1535366,1,1
1538294,1,1
153893,1,1
1540507,1,1
1543069,1,1
1545678,1,1
1547767,1,1
1593140,1,1
1594663,1,1
1595307,1,1
1595631,1,1
1360341,1,1
1725059,1,1
1728796,1,1
1737578,1,1
1741420,1,1
1790296,1,1
1795514,1,1
1805425,1,1
1856484,1,1
1922759,1,1
1926932,1,1
1943539,1,1
1947138,1,1
1235262,1,1
1243330,1,1
1243415,1,1
1244963,1,1
1248022,1,1
1251685,1,1
1292923,1,1
1293491,1,1
1294543,1,1
1300195,1,1
1300392,1,1
1303930,1,1
1307241,1,1
1356673,1,1
1356815,1,1
1356833,1,1
1358640,1,1
1358711,1,1
1358729,1,1
1359345,1,1
1360375,1,1
1373337,1,1
1374389,1,1
1421893,1,1
1433251,1,1
1435159,1,1
197892,1,1
1483141,1,1
1488047,1,1
1493276,1,1
1494825,1,1
1535230,1,1
1544398,1,1
1544719,1,1
1545309,1,1
1549091,1,1
1549401,1,1
1596005,1,1
1361021,1,1
1729200,1,1
1734203,1,1
1736470,1,1
1790347,1,1
1790513,1,1
1795950,1,1
1803937,1,1
1809104,1,1
1809525,1,1
1855744,1,1
1870937,1,1
1876498,1,1
1926851,1,1
197679,1,1
197701,1,1
197729,1,1
1244523,1,1
1245976,1,1
1294381,1,1
1297949,1,1
1299231,1,1
1302281,1,1
1304119,1,1
1305337,1,1
1305770,1,1
1311221,1,1
1359032,1,1
1363650,1,1
141928,1,1
1421552,1,1
197928,1,1
1439899,1,1
1442980,1,1
1482533,1,1
1489998,1,1
1494827,1,1
1539885,1,1
1542942,1,1
1360201,1,1
1597599,1,1
1601112,1,1
1604336,1,1
1649604,1,1
1241882,1,1
1593881,1,1
1600915,1,1
1248011,1,1
1302833,1,1
1599495,1,1
1650030,1,1
1650896,1,1
1487371,1,1
1550964,1,1
1603845,1,1
1605437,1,1
1607617,1,1
1650444,1,1
1250471,1,1
1292448,1,1
1358779,1,1
1441654,1,1
631715,1,1
670000,1,1
629417,1,1
664799,1,1
672582,1,1
744636,1,1
745302,1,1
688397,1,1
721793,1,1
759494,1,1
721794,1,1
892118,1,1
904427,1,1
904882,1,1
727967,1,1
790840,1,1
861233,1,1
861830,1,1
864978,1,1
866086,1,1
865117,1,1
891522,1,1
900138,1,1
903442,1,1
309296,1,1
311218,1,1
312048,1,1
312752,1,1
1087964,1,1
1986354,1,1
198908,1,1
199870,1,1
2001260,1,1
2003799,1,1
204490,1,1
204589,1,1
204709,1,1
205328,1,1
205234,1,1
996131,1,1
996650,1,1
998426,1,1
351250,1,1
823878,1,1
826098,1,1
863631,1,1
991288,1,1
750207,1,1
867510,1,1
991071,1,1
309272,1,1
310869,1,1
312016,1,1
309000,1,1
198368,1,1
1992703,1,1
200321,1,1
204632,1,1
207008,1,1
997496,1,1
997618,1,1
313891,1,1
314058,1,1
314092,1,1
348025,1,1
351179,1,1
1988751,1,1
313366,1,1
805131,1,1
901190,1,1
647869,1,1
672248,1,1
687064,1,1
654208,1,1
672156,1,1
644096,1,1
647239,1,1
728997,1,1
797704,1,1
688393,1,1
748325,1,1
795945,1,1
861824,1,1
861960,1,1
866415,1,1
866502,1,1
895526,1,1
309345,1,1
309710,1,1
311554,1,1
707922,1,1
746804,1,1
748740,1,1
794229,1,1
798210,1,1
861083,1,1
861838,1,1
891438,1,1
892251,1,1
896876,1,1
898694,1,1
899607,1,1
966168,1,1
966243,1,1
992693,1,1
995125,1,1
966284,1,1
94188,1,1
308477,1,1
308899,1,1
308963,1,1
309604,1,1
309692,1,1
310684,1,1
1088800,1,1
198303,1,1
198382,1,1
198809,1,1
2055676,1,1
207233,1,1
995232,1,1
313859,1,1
826925,1,1
904454,1,1
994430,1,1
204499,1,1
896272,1,1
993936,1,1
993954,1,1
308296,1,1
308586,1,1
2049533,1,1
206373,1,1
996087,1,1
876425,1,1
866105,1,1
308194,1,1
347743,1,1
637173,1,1
664732,1,1
750839,1,1
755681,1,1
762672,1,1
795815,1,1
892598,1,1
978017,1,1
308383,1,1
205683,1,1
762830,1,1
792623,1,1
863849,1,1
866429,1,1
880657,1,1
892671,1,1
895055,1,1
897089,1,1
900420,1,1
904462,1,1
966166,1,1
979137,1,1
966206,1,1
993512,1,1
308694,1,1
309321,1,1
1089123,1,1
1090777,1,1
308913,1,1
198314,1,1
198304,1,1
198887,1,1
2045500,1,1
205365,1,1
2055307,1,1
205717,1,1
205740,1,1
2058867,1,1
995433,1,1
996247,1,1
998254,1,1
808900,1,1
810090,1,1
824600,1,1
825193,1,1
861715,1,1
977851,1,1
992454,1,1
993066,1,1
308724,1,1
754484,1,1
978739,1,1
309145,1,1
200298,1,1
809242,1,1
905271,1,1
617976,1,1
637458,1,1
644992,1,1
731370,1,1
754505,1,1
730046,1,1
705909,1,1
731328,1,1
763185,1,1
708224,1,1
763066,1,1
861604,1,1
861956,1,1
799026,1,1
724154,1,1
752894,1,1
864946,1,1
902306,1,1
905101,1,1
92582,1,1
978737,1,1
993687,1,1
993781,1,1
899688,1,1
979381,1,1
308411,1,1
309149,1,1
310748,1,1
311289,1,1
312646,1,1
312845,1,1
198745,1,1
199522,1,1
205162,1,1
205495,1,1
205747,1,1
996257,1,1
999536,1,1
403852,1,1
831055,1,1
831391,1,1
686424,1,1
866486,1,1
892246,1,1
897683,1,1
899511,1,1
308596,1,1
966285,1,1
311098,1,1
1996254,1,1
352213,1,1
896971,1,1
905030,1,1
311537,1,1
199055,1,1
199370,1,1
2049271,1,1
205857,1,1
995719,1,1
996462,1,1
996748,1,1
997621,1,1
312903,1,1
313584,1,1
347943,1,1
351068,1,1
351136,1,1
805013,1,1
831838,1,1
834784,1,1
2003179,1,1
312888,1,1
313404,1,1
389221,1,1
800899,1,1
802720,1,1
804151,1,1
806413,1,1
830872,1,1
308869,1,1
825134,1,1
848736,1,1
849082,1,1
856825,1,1
857004,1,1
857370,1,1
207436,1,1
207634,1,1
208220,1,1
208464,1,1
2103199,1,1
2105929,1,1
210823,1,1
211201,1,1
211202,1,1
211499,1,1
211591,1,1
211598,1,1
211832,1,1
2119808,1,1
2120579,1,1
2121950,1,1
213034,1,1
213502,1,1
2168784,1,1
2171258,1,1
2173829,1,1
2180419,1,1
2182346,1,1
209788,1,1
215850,1,0
1092459,1,1
1092723,1,1
1094216,1,1
1094586,1,1
1095372,1,1
1099708,1,1
1099880,1,1
1111011,1,1
1111171,1,1
1115497,1,1
1116528,1,1
1116931,1,1
210111,1,1
1147709,1,1
1098647,1,1
1150496,1,1
1189685,1,1
1190122,1,1
1233694,1,1
1233720,1,1
1234240,1,1
1234580,1,1
1234539,1,1
404047,1,1
404537,1,1
539384,1,1
544768,1,1
562707,1,1
580294,1,1
605744,1,1
616910,1,1
858880,1,1
859021,1,1
859031,1,1
859044,1,1
860167,1,1
1001031,1,1
1001085,1,1
1009492,1,1
1012404,1,1
1012442,1,1
1012690,1,1
1012722,1,1
1013647,1,1
1020032,1,1
1020126,1,1
1037379,1,1
1038559,1,1
1043650,1,1
104531,1,1
1046635,1,1
1047793,1,1
1048061,1,1
104838,1,1
1049227,1,1
1053327,1,1
1053758,1,1
1085771,1,1
1086683,1,1
244487,1,1
252006,1,1
259143,1,1
283223,1,1
1658695,1,1
213630,1,1
1101429,1,1
1115579,1,1
404476,1,1
577232,1,1
1012954,1,1
1020364,1,1
1039030,1,1
1040050,1,1
1041882,1,1
1046314,1,1
1048058,1,1
1049634,1,1
239180,1,1
243797,1,1
539485,1,1
1086006,1,1
1719243,1,1
1048452,1,1
244535,1,1
1661432,1,1
1721310,1,1
311078,1,1
1998774,1,1
2001321,1,1
205324,1,1
205820,1,1
205843,1,1
206839,1,1
207350,1,1
204624,1,1
207340,1,1
996135,1,1
996512,1,1
313401,1,1
348562,1,1
804146,1,1
804567,1,1
826870,1,1
830847,1,1
836368,1,1
348530,1,1
846127,1,1
852980,1,1
854252,1,1
857151,1,1
855170,1,1
208490,1,1
209864,1,1
209970,1,1
210248,1,1
210347,1,1
2118539,1,1
213460,1,1
214080,1,1
2168785,1,1
2178017,1,1
237424,1,1
1090496,1,1
1098666,1,1
1098914,1,1
1099446,1,1
1100457,1,1
1114821,1,1
404507,1,1
801054,1,1
825321,1,1
312219,1,1
1090468,1,1
1993067,1,1
205285,1,1
205788,1,1
206858,1,1
207058,1,1
996216,1,1
996623,1,1
997228,1,1
997415,1,1
998212,1,1
346573,1,1
349013,1,1
352263,1,1
360576,1,1
402247,1,1
404065,1,1
833561,1,1
995040,1,1
314012,1,1
997303,1,1
849668,1,1
858346,1,1
208180,1,1
208456,1,1
208502,1,1
209010,1,1
209692,1,1
2099697,1,1
211254,1,1
213065,1,1
213379,1,1
2167737,1,1
2178759,1,1
218860,1,0
224945,1,1
1094068,1,1
1094104,1,1
1100706,1,1
1101616,1,1
1114041,1,1
1116307,1,1
1189697,1,1
832907,1,1
1146712,1,1
1193046,1,1
1233540,1,1
1234546,1,1
465377,1,1
540490,1,1
542438,1,1
577154,1,1
603534,1,1
859097,1,1
860133,1,1
1000072,1,1
1000118,1,1
1012228,1,1
1012904,1,1
1012971,1,1
1048044,1,1
1049179,1,1
1049371,1,1
1049633,1,1
1049658,1,1
1049651,1,1
1050336,1,1
105260,1,1
1053664,1,1
106351,1,1
247973,1,1
261281,1,1
283063,1,1
284509,1,1
1665227,1,1
1665507,1,1
1666116,1,1
1667351,1,1
1722236,1,1
1722359,1,1
1723988,1,1
1090076,1,1
1098781,1,1
1111341,1,1
410503,1,1
580001,1,1
858875,1,1
1038876,1,1
1043574,1,1
1046230,1,1
1046838,1,1
1049525,1,1
1053701,1,1
1664664,1,1
1733865,1,1
260376,1,1
1191513,1,1
1232585,1,1
416212,1,1
432638,1,1
539712,1,1
539741,1,1
543612,1,1
581575,1,1
581586,1,1
583482,1,1
597980,1,1
860269,1,1
860285,1,1
1014456,1,1
1020049,1,1
1037065,1,1
1037414,1,1
1039790,1,1
1043219,1,1
1046644,1,1
1047908,1,1
105018,1,1
108473,1,1
243005,1,1
247667,1,1
251155,1,1
282726,1,1
284460,1,1
307730,1,1
1656356,1,1
1657013,1,1
1657362,1,1
1723208,1,1
1723996,1,1
208679,1,1
2117609,1,1
2182351,1,1
1149667,1,1
1000647,1,1
1049095,1,1
105552,1,1
237506,1,1
245692,1,1
284511,1,1
1730194,1,1
311290,1,1
312578,1,1
199150,1,1
207108,1,1
207273,1,1
995258,1,1
313291,1,1
313628,1,1
374474,1,1
805127,1,1
809394,1,1
830865,1,1
996609,1,1
834022,1,1
835589,1,1
835913,1,1
836645,1,1
848582,1,1
856775,1,1
1091178,1,1
1091172,1,1
1098767,1,1
1099038,1,1
1099285,1,1
1101525,1,1
1101726,1,1
1101932,1,1
1149381,1,1
1235505,1,1
207832,1,1
208853,1,1
209027,1,1
209105,1,1
210301,1,1
211198,1,1
211604,1,1
211754,1,1
212306,1,1
213435,1,1
213504,1,1
213824,1,1
235636,1,1
545122,1,1
562106,1,1
562612,1,1
857123,1,1
858777,1,1
860283,1,1
860717,1,1
1000068,1,1
1006114,1,1
1012406,1,1
1020019,1,1
1039397,1,1
1040036,1,1
1048407,1,1
239994,1,1
241622,1,1
242049,1,1
248279,1,1
283293,1,1
284521,1,1
1660761,1,1
1665061,1,1
1665046,1,1
1665008,1,1
1720760,1,1
1724808,1,1
1113058,1,1
212741,1,1
485421,1,1
486155,1,1
860518,1,1
860745,1,1
1052770,1,1
240952,1,1
261250,1,1
1673298,1,1
243619,1,1
1742225,1,1
1743707,1,1
1788938,1,1
1799306,1,1
1799434,1,1
1799842,1,1
1802555,1,1
1806942,1,1
1807552,1,1
1809508,1,1
1809644,1,1
1811003,1,1
1811763,1,1
1865199,1,1
1868495,1,1
1869883,1,1
1875237,1,1
1928004,1,1
197305,1,1
197552,1,1
1805273,1,1
1242401,1,1
1243679,1,1
1245389,1,1
1246310,1,1
1246586,1,1
1246604,1,1
1248042,1,1
1250478,1,1
1291288,1,1
1291312,1,1
1293123,1,1
1294334,1,1
1294574,1,1
1299682,1,1
1299914,1,1
1303738,1,1
1293482,1,1
1307251,1,1
1310485,1,1
1310591,1,1
1359127,1,1
1360016,1,1
1360186,1,1
1364916,1,1
1366838,1,1
1368437,1,1
1369817,1,1
1369920,1,1
1374385,1,1
197703,1,1
1431245,1,1
1435143,1,1
1437283,1,1
1439968,1,1
1442848,1,1
1484895,1,1
1485075,1,1
1489374,1,1
151030,1,1
152954,1,1
1535970,1,1
1537194,1,1
1537336,1,1
1543953,1,1
1544400,1,1
1544558,1,1
1552573,1,1
1593835,1,1
1597075,1,1
1599785,1,1
1599797,1,1
1607792,1,1
1291383,1,1
1298358,1,1
1370750,1,1
1426334,1,1
1426861,1,1
1790099,1,1
1791507,1,1
1794554,1,1
1795612,1,1
1811916,1,1
1813037,1,1
1858853,1,1
1860239,1,1
1926069,1,1
1941742,1,1
1946529,1,1
1236215,1,1
1247871,1,1
1250734,1,1
1251806,1,1
1298299,1,1
1300695,1,1
1358384,1,1
1359894,1,1
1367268,1,1
1367429,1,1
1369724,1,1
1374392,1,1
1422172,1,1
1423940,1,1
1429379,1,1
1436933,1,1
197735,1,1
197878,1,1
197919,1,1
198048,1,1
198086,1,1
198098,1,1
1494097,1,1
152941,1,1
1543172,1,1
1546881,1,1
1551308,1,1
1597121,1,1
1724446,1,1
1724801,1,1
1729423,1,1
1731338,1,1
1739809,1,1
1790329,1,1
1812434,1,1
1855198,1,1
1925203,1,1
1926454,1,1
1940239,1,1
1859375,1,1
1235241,1,1
1243324,1,1
1251007,1,1
1291595,1,1
1307868,1,1
1309063,1,1
1358617,1,1
1359911,1,1
1363826,1,1
1369422,1,1
1427409,1,1
1437473,1,1
197848,1,1
197871,1,1
198076,1,1
1486830,1,1
1534666,1,1
1534788,1,1
153834,1,1
1540868,1,1
1552009,1,1
1734354,1,1
1734917,1,1
1736854,1,1
1790819,1,1
1797872,1,1
1801295,1,1
1808223,1,1
1809475,1,1
1860127,1,1
1861935,1,1
1874000,1,1
1923410,1,1
197422,1,1
1242815,1,1
1246906,1,1
1247576,1,1
1247814,1,1
1248448,1,1
1251600,1,1
1293489,1,1
1298874,1,1
1298953,1,1
1359271,1,1
1359704,1,1
1360108,1,1
1362948,1,1
1364100,1,1
1369736,1,1
1370218,1,1
1427392,1,1
197951,1,1
1545172,1,1
1552349,1,1
1599159,1,1
1600726,1,1
1602604,1,1
1653198,1,1
1298870,1,1
1484296,1,1
1653119,1,1
1652834,1,1
1363726,1,1
1482517,1,1
1648122,1,1
1599816,1,1
1648780,1,1
1653134,1,1
1811257,1,1
197392,1,1
1485220,1,1
1602161,1,1
1608797,1,1
1653196,1,1
1432514,1,1
1440191,1,1
1490465,1,1
153822,1,1
631357,1,1
644287,1,1
688665,1,1
744790,1,1
707322,1,1
762422,1,1
799830,1,1
727995,1,1
645651,1,1
753273,1,1
701476,1,1
702022,1,1
753479,1,1
755293,1,1
757703,1,1
797878,1,1
904952,1,1
310474,1,1
745768,1,1
866427,1,1
884198,1,1
900500,1,1
901525,1,1
966591,1,1
978658,1,1
991486,1,1
308351,1,1
308857,1,1
311609,1,1
311953,1,1
312139,1,1
1087238,1,1
198302,1,1
1998772,1,1
200105,1,1
204392,1,1
996281,1,1
996644,1,1
372175,1,1
801636,1,1
797238,1,1
895999,1,1
993783,1,1
686538,1,1
748750,1,1
309350,1,1
753441,1,1
311381,1,1
311892,1,1
312294,1,1
312830,1,1
1086853,1,1
201338,1,1
204627,1,1
2049256,1,1
205646,1,1
2056670,1,1
206526,1,1
206912,1,1
802049,1,1
806384,1,1
828579,1,1
991053,1,1
978012,1,1
308494,1,1
312882,1,1
809322,1,1
903720,1,1
992184,1,1
993537,1,1
896870,1,1
618285,1,1
636559,1,1
636830,1,1
730784,1,1
669131,1,1
749289,1,1
692836,1,1
702662,1,1
668630,1,1
701984,1,1
706546,1,1
707302,1,1
727972,1,1
762592,1,1
790245,1,1
730780,1,1
795774,1,1
860777,1,1
861520,1,1
992807,1,1
2050430,1,1
758487,1,1
763484,1,1
861237,1,1
861728,1,1
865560,1,1
902733,1,1
905295,1,1
93672,1,1
903847,1,1
979415,1,1
309548,1,1
309915,1,1
310230,1,1
310325,1,1
310600,1,1
311192,1,1
1088926,1,1
1992691,1,1
205790,1,1
313786,1,1
315048,1,1
351898,1,1
808917,1,1
830638,1,1
833139,1,1
835584,1,1
903316,1,1
308585,1,1
884196,1,1
199239,1,1
897083,1,1
91348,1,1
966167,1,1
977869,1,1
308918,1,1
309785,1,1
313306,1,1
377010,1,1
402019,1,1
808357,1,1
809555,1,1
866514,1,1
905160,1,1
310466,1,1
310669,1,1
636042,1,1
637548,1,1
636822,1,1
701711,1,1
668606,1,1
668664,1,1
700408,1,1
630303,1,1
656780,1,1
669126,1,1
750244,1,1
758025,1,1
762852,1,1
762958,1,1
794076,1,1
750235,1,1
860771,1,1
864811,1,1
876193,1,1
727820,1,1
730513,1,1
731568,1,1
797023,1,1
892273,1,1
895024,1,1
899122,1,1
309336,1,1
309716,1,1
309767,1,1
310463,1,1
311190,1,1
312260,1,1
199159,1,1
1995136,1,1
2049411,1,1
2049593,1,1
205819,1,1
205811,1,1
2058508,1,1
206157,1,1
312879,1,1
313920,1,1
340276,1,1
349435,1,1
360177,1,1
831834,1,1
861818,1,1
308323,1,1
310318,1,1
706461,1,1
311245,1,1
995285,1,1
998456,1,1
656723,1,1
672149,1,1
754766,1,1
755483,1,1
861455,1,1
884530,1,1
310288,1,1
746083,1,1
749759,1,1
750254,1,1
860998,1,1
861974,1,1
904405,1,1
905349,1,1
966205,1,1
863671,1,1
308212,1,1
308377,1,1
309842,1,1
311230,1,1
311665,1,1
312141,1,1
312378,1,1
1087680,1,1
1088885,1,1
198777,1,1
1987734,1,1
2058953,1,1
206514,1,1
206158,1,1
207385,1,1
2045196,1,1
996476,1,1
997173,1,1
999630,1,1
313024,1,1
313521,1,1
352262,1,1
403855,1,1
748974,1,1
725105,1,1
798115,1,1
310658,1,1
311074,1,1
313285,1,1
315169,1,1
198242,1,1
198225,1,1
198538,1,1
199012,1,1
204702,1,1
995270,1,1
997838,1,1
313144,1,1
313272,1,1
313799,1,1
349351,1,1
349514,1,1
358912,1,1
359937,1,1
800294,1,1
805466,1,1
806674,1,1
198837,1,1
201748,1,1
2056498,1,1
830157,1,1
847191,1,1
848928,1,1
851751,1,1
853460,1,1
854242,1,1
854916,1,1
856773,1,1
857094,1,1
800862,1,1
857586,1,1
207560,1,1
207891,1,1
208559,1,1
209626,1,1
2103293,1,1
2105791,1,1
210676,1,1
210673,1,1
212033,1,1
213088,1,1
213121,1,1
213927,1,1
1091828,1,1
1093218,1,1
1094460,1,1
1095503,1,1
1095600,1,1
1098435,1,1
1098651,1,1
1099159,1,1
1099400,1,1
1112810,1,1
1113382,1,1
1113693,1,1
1116365,1,1
1119573,1,1
848730,1,1
2109530,1,1
1188478,1,1
1191036,1,1
401954,1,1
402245,1,1
403879,1,1
429503,1,1
476549,1,1
476825,1,1
477031,1,1
484500,1,1
541662,1,1
577957,1,1
606947,1,1
615107,1,1
858798,1,1
858967,1,1
858962,1,1
859085,1,1
859234,1,1
1000131,1,1
1006791,1,1
1009432,1,1
1010812,1,1
1012015,1,1
1012583,1,1
1013089,1,1
1038834,1,1
103899,1,1
1039255,1,1
1044412,1,1
1044965,1,1
1047440,1,1
1049223,1,1
1049918,1,1
1053660,1,1
106675,1,1
1086613,1,1
2196592,1,1
237169,1,1
243670,1,1
246020,1,1
247747,1,1
253039,1,1
259152,1,1
259287,1,1
285128,1,1
1658664,1,1
206902,1,1
213568,1,1
2168596,1,1
1098584,1,1
1101877,1,1
1189036,1,1
1233062,1,1
858866,1,1
1020407,1,1
1037173,1,1
1038824,1,1
1046562,1,1
1046918,1,1
1049233,1,1
1052647,1,1
1086026,1,1
238082,1,1
251020,1,1
252591,1,1
260384,1,1
282746,1,1
547243,1,1
857824,1,1
1012000,1,1
1718902,1,1
283077,1,1
1113536,1,1
1038741,1,1
1986337,1,1
199149,1,1
2053245,1,1
206766,1,1
995767,1,1
996730,1,1
313360,1,1
314221,1,1
349201,1,1
349237,1,1
349592,1,1
828696,1,1
829757,1,1
805678,1,1
833714,1,1
847232,1,1
851210,1,1
853017,1,1
855818,1,1
856946,1,1
857430,1,1
855907,1,1
208278,1,1
208681,1,1
210279,1,1
210575,1,1
210672,1,1
210838,1,1
210296,1,1
210972,1,1
213070,1,1
213093,1,1
213283,1,1
213191,1,1
213485,1,1
214097,1,1
2173936,1,1
237942,1,1
1092447,1,1
1092567,1,1
1092678,1,1
1098933,1,1
1100384,1,1
1114435,1,1
1116369,1,1
2168765,1,1
310187,1,1
312347,1,1
1089729,1,1
312641,1,1
199091,1,1
2056482,1,1
207216,1,1
2054316,1,1
995199,1,1
995287,1,1
996091,1,1
313656,1,1
313806,1,1
317143,1,1
347024,1,1
349405,1,1
352307,1,1
402014,1,1
807363,1,1
826917,1,1
830245,1,1
834341,1,1
349410,1,1
834309,1,1
849387,1,1
851035,1,1
854840,1,1
856467,1,1
856764,1,1
858627,1,1
208451,1,1
209092,1,1
209326,1,1
210050,1,1
211044,1,1
2119482,1,1
2122260,1,1
213275,1,1
2167842,1,1
1091403,1,1
1094232,1,1
1101762,1,1
1189301,1,1
208949,1,1
1148597,1,1
1190834,1,1
1191710,1,1
1232719,1,1
1234976,1,1
1234986,1,1
404742,1,1
410835,1,1
577031,1,1
582239,1,1
597852,1,1
605118,1,1
858774,1,1
859082,1,1
859934,1,1
860553,1,1
1000487,1,1
1010035,1,1
1012937,1,1
102750,1,1
1037204,1,1
1039673,1,1
1041497,1,1
1041780,1,1
1043479,1,1
1047759,1,1
1047920,1,1
1049640,1,1
1050511,1,1
105330,1,1
106258,1,1
108396,1,1
1086475,1,1
245473,1,1
249469,1,1
251374,1,1
261107,1,1
284370,1,1
1658165,1,1
1724340,1,1
1729511,1,1
1150829,1,1
858817,1,1
106078,1,1
238175,1,1
240637,1,1
243325,1,1
260107,1,1
260407,1,1
283407,1,1
1657066,1,1
1725078,1,1
404592,1,1
413640,1,1
432402,1,1
485001,1,1
485647,1,1
541666,1,1
562360,1,1
582328,1,1
584510,1,1
608934,1,1
859252,1,1
860005,1,1
1000078,1,1
1000114,1,1
1000715,1,1
1000935,1,1
1001084,1,1
1011875,1,1
1037383,1,1
1038926,1,1
104097,1,1
1043300,1,1
1044547,1,1
1046604,1,1
1053158,1,1
1053319,1,1
237736,1,1
242107,1,1
243675,1,1
252306,1,1
260402,1,1
260947,1,1
283325,1,1
284204,1,1
284202,1,1
1656643,1,1
1657617,1,1
1658690,1,1
1735490,1,1
1737468,1,1
211001,1,1
1101538,1,1
1101793,1,1
1114473,1,1
1234575,1,1
404602,1,1
1001062,1,1
1086790,1,1
238851,1,1
1724881,1,1
1736541,1,1
1052696,1,1
1720026,1,1
310261,1,1
310769,1,1
311488,1,1
311611,1,1
1090443,1,1
198601,1,1
199166,1,1
205535,1,1
206399,1,1
207131,1,1
999653,1,1
346508,1,1
352317,1,1
360345,1,1
377766,1,1
349553,1,1
826586,1,1
352085,1,1
800669,1,1
831841,1,1
849281,1,1
849315,1,1
854832,1,1
856789,1,1
834116,1,1
1092730,1,1
1100576,1,1
1115559,1,1
1150836,1,1
1193293,1,1
209117,1,1
209888,1,1
2099691,1,1
210453,1,1
211361,1,1
2122760,1,1
2123042,1,1
212575,1,1
213503,1,1
846929,1,1
1191230,1,1
2178077,1,1
404459,1,1
483325,1,1
544468,1,1
545087,1,1
577049,1,1
604932,1,1
608623,1,1
539809,1,1
857851,1,1
1000870,1,1
1005771,1,1
1009482,1,1
1010297,1,1
1012457,1,1
102740,1,1
1045460,1,1
1046751,1,1
1047040,1,1
1049523,1,1
105585,1,1
1086711,1,1
240758,1,1
261222,1,1
261306,1,1
1654006,1,1
1656595,1,1
1723767,1,1
208236,1,1
2122114,1,1
2167567,1,1
2173725,1,1
562524,1,1
604379,1,1
857871,1,1
857888,1,1
1039265,1,1
246217,1,1
247308,1,1
1741380,1,1
1742038,1,1
1745091,1,1
1792707,1,1
1795344,1,1
1795480,1,1
1795610,1,1
1797863,1,1
1799307,1,1
1801278,1,1
1806938,1,1
1809581,1,1
1857273,1,1
1876136,1,1
1927890,1,1
1944524,1,1
1945479,1,1
197470,1,1
1235322,1,1
1236109,1,1
1241623,1,1
1241951,1,1
1244062,1,1
1245765,1,1
1246573,1,1
1246538,1,1
1247288,1,1
1248912,1,1
1251596,1,1
1293886,1,1
1294591,1,1
1300017,1,1
1307058,1,1
1310525,1,1
1312415,1,1
1313760,1,1
1356343,1,1
1357417,1,1
1357570,1,1
1358330,1,1
1359152,1,1
1367213,1,1
1369839,1,1
1370454,1,1
1372644,1,1
1430115,1,1
1357901,1,1
1375922,1,1
197819,1,1
197838,1,1
198059,1,1
198116,1,1
1432465,1,1
1437725,1,1
1440002,1,1
1483190,1,1
1537200,1,1
1546288,1,1
1549214,1,1
1593886,1,1
1596422,1,1
1605189,1,1
1608253,1,1
1649906,1,1
1293597,1,1
1790666,1,1
1792398,1,1
1797933,1,1
1798474,1,1
1855057,1,1
1867552,1,1
1871443,1,1
1918218,1,1
1921775,1,1
1923015,1,1
1923827,1,1
1242125,1,1
1242101,1,1
1243999,1,1
1244547,1,1
1246528,1,1
1247256,1,1
1248059,1,1
1249616,1,1
1250174,1,1
1251885,1,1
1293710,1,1
1293861,1,1
1294194,1,1
1294255,1,1
1294391,1,1
1297649,1,1
1299161,1,1
1299698,1,1
1299959,1,1
1306078,1,1
1307986,1,1
1312459,1,1
1314685,1,1
1356563,1,1
1357862,1,1
1358438,1,1
1358463,1,1
1358991,1,1
1359009,1,1
1359349,1,1
1376070,1,1
1426694,1,1
1372265,1,1
197622,1,1
197681,1,1
198057,1,1
198056,1,1
198179,1,1
1442161,1,1
153658,1,1
1541216,1,1
1549454,1,1
1594358,1,1
1599137,1,1
1724667,1,1
261289,1,1
1736782,1,1
1741986,1,1
1742400,1,1
1744398,1,1
1789508,1,1
1790294,1,1
1791855,1,1
1860619,1,1
1867594,1,1
1876669,1,1
1919094,1,1
1925255,1,1
1927660,1,1
1942959,1,1
1245015,1,1
1245686,1,1
1250729,1,1
1294038,1,1
1305910,1,1
1309069,1,1
1310138,1,1
1312476,1,1
1356850,1,1
1357884,1,1
1359360,1,1
1367375,1,1
1367848,1,1
1368018,1,1
1369756,1,1
141859,1,1
1421080,1,1
1424847,1,1
1436929,1,1
197367,1,1
197974,1,1
198045,1,1
1485895,1,1
1489132,1,1
1490057,1,1
1492047,1,1
1593733,1,1
1788945,1,1
1792154,1,1
1799725,1,1
1806179,1,1
1859554,1,1
1860154,1,1
1861939,1,1
1866518,1,1
1869821,1,1
1941476,1,1
1942748,1,1
197501,1,1
197545,1,1
197608,1,1
197657,1,1
197804,1,1
1249628,1,1
1251688,1,1
1291083,1,1
1294445,1,1
1298086,1,1
1298269,1,1
1312969,1,1
1361572,1,1
1363315,1,1
1364848,1,1
197924,1,1
1442790,1,1
152915,1,1
1536212,1,1
1549683,1,1
1599852,1,1
1424013,1,1
1426763,1,1
1490414,1,1
152953,1,1
1536931,1,1
1598052,1,1
1649405,1,1
153047,1,1
1536840,1,1
1602028,1,1
1648192,1,1
1648772,1,1
1432261,1,1
197654,1,1
618651,1,1
630032,1,1
647873,1,1
668292,1,1
700499,1,1
707558,1,1
794071,1,1
763308,1,1
636677,1,1
706872,1,1
749818,1,1
749853,1,1
746319,1,1
757704,1,1
861506,1,1
883718,1,1
890858,1,1
966219,1,1
731376,1,1
749329,1,1
763115,1,1
797003,1,1
895040,1,1
904447,1,1
905191,1,1
968183,1,1
991044,1,1
992787,1,1
308199,1,1
308385,1,1
310175,1,1
310190,1,1
310681,1,1
311431,1,1
312737,1,1
198533,1,1
1987646,1,1
2043252,1,1
2049841,1,1
206296,1,1
207029,1,1
998558,1,1
314911,1,1
884660,1,1
900393,1,1
308643,1,1
647253,1,1
311678,1,1
866323,1,1
866438,1,1
886627,1,1
902282,1,1
308718,1,1
309288,1,1
309778,1,1
310015,1,1
1999657,1,1
313943,1,1
315132,1,1
347675,1,1
808128,1,1
809341,1,1
897846,1,1
903697,1,1
309344,1,1
884702,1,1
993943,1,1
308601,1,1
2003670,1,1
207246,1,1
349321,1,1
798928,1,1
308901,1,1
309444,1,1
629365,1,1
646250,1,1
643021,1,1
721776,1,1
656654,1,1
708071,1,1
722269,1,1
751879,1,1
751890,1,1
751902,1,1
882536,1,1
310210,1,1
705156,1,1
745560,1,1
727492,1,1
728115,1,1
746023,1,1
861200,1,1
861648,1,1
892489,1,1
897052,1,1
897757,1,1
901326,1,1
991367,1,1
308303,1,1
308717,1,1
308939,1,1
309040,1,1
309080,1,1
311670,1,1
312036,1,1
312128,1,1
312182,1,1
312338,1,1
198248,1,1
198488,1,1
200010,1,1
200284,1,1
205612,1,1
205751,1,1
205964,1,1
999915,1,1
312899,1,1
313552,1,1
317145,1,1
351446,1,1
801398,1,1
828706,1,1
830882,1,1
979379,1,1
900468,1,1
310586,1,1
309338,1,1
760638,1,1
308842,1,1
1088712,1,1
2047120,1,1
995613,1,1
997550,1,1
312894,1,1
314232,1,1
310972,1,1
730514,1,1
797976,1,1
701678,1,1
761974,1,1
795085,1,1
750243,1,1
861002,1,1
900141,1,1
979499,1,1
311097,1,1
311092,1,1
996654,1,1
731241,1,1
861064,1,1
866113,1,1
885733,1,1
895057,1,1
896878,1,1
898687,1,1
899951,1,1
900000,1,1
903699,1,1
904671,1,1
905083,1,1
905516,1,1
884191,1,1
895247,1,1
966583,1,1
993456,1,1
309177,1,1
309273,1,1
309911,1,1
312354,1,1
312505,1,1
1090676,1,1
309876,1,1
198252,1,1
199006,1,1
1991509,1,1
199224,1,1
200015,1,1
206444,1,1
206950,1,1
996708,1,1
998461,1,1
314200,1,1
352318,1,1
828346,1,1
828929,1,1
866414,1,1
866516,1,1
904429,1,1
905026,1,1
892784,1,1
308149,1,1
309238,1,1
2043878,1,1
2048017,1,1
997488,1,1
992459,1,1
94407,1,1
309509,1,1
797065,1,1
669112,1,1
798104,1,1
861360,1,1
905201,1,1
721797,1,1
729778,1,1
729941,1,1
865139,1,1
866152,1,1
885215,1,1
897717,1,1
901401,1,1
904549,1,1
904583,1,1
905028,1,1
968993,1,1
978639,1,1
977980,1,1
979127,1,1
308173,1,1
309047,1,1
309050,1,1
310162,1,1
310635,1,1
312015,1,1
312532,1,1
312576,1,1
199080,1,1
199388,1,1
1995293,1,1
199826,1,1
200059,1,1
2003801,1,1
204637,1,1
2049239,1,1
206617,1,1
312889,1,1
313412,1,1
317869,1,1
809250,1,1
826610,1,1
866109,1,1
966214,1,1
311612,1,1
205329,1,1
313635,1,1
310982,1,1
311425,1,1
1089990,1,1
198759,1,1
2048005,1,1
205798,1,1
207315,1,1
996652,1,1
996959,1,1
312911,1,1
313123,1,1
314228,1,1
314241,1,1
314253,1,1
315157,1,1
348459,1,1
351318,1,1
809422,1,1
810087,1,1
825159,1,1
828583,1,1
831398,1,1
831899,1,1
834080,1,1
834131,1,1
996495,1,1
315211,1,1
847225,1,1
848121,1,1
854166,1,1
856720,1,1
856944,1,1
856984,1,1
857390,1,1
848934,1,1
857346,1,1
207716,1,1
207963,1,1
208510,1,1
208950,1,1
209017,1,1
209122,1,1
2099778,1,1
210057,1,1
210142,1,1
2102837,1,1
2106648,1,1
211343,1,1
212285,1,1
213721,1,1
2171266,1,1
2178163,1,1
2181307,1,1
1091383,1,1
1092456,1,1
1094346,1,1
1095421,1,1
1099486,1,1
1099770,1,1
1101555,1,1
1113493,1,1
1114847,1,1
1115555,1,1
1116301,1,1
1116922,1,1
312990,1,1
209002,1,1
2123111,1,1
1148644,1,1
1150284,1,1
1190438,1,1
1190646,1,1
402252,1,1
403940,1,1
403942,1,1
403969,1,1
404086,1,1
404318,1,1
404536,1,1
428485,1,1
476623,1,1
477282,1,1
485707,1,1
541070,1,1
542465,1,1
584232,1,1
597194,1,1
597921,1,1
602427,1,1
604383,1,1
605662,1,1
857736,1,1
859019,1,1
859176,1,1
860254,1,1
860273,1,1
1000060,1,1
1001713,1,1
1011735,1,1
1012345,1,1
1012574,1,1
1012945,1,1
1038951,1,1
1039185,1,1
104369,1,1
1043602,1,1
1044572,1,1
1045450,1,1
1046688,1,1
1049114,1,1
1049625,1,1
1050409,1,1
105292,1,1
1053697,1,1
1085696,1,1
1086474,1,1
1086688,1,1
1086780,1,1
237865,1,1
251577,1,1
282764,1,1
1657074,1,1
1658278,1,1
211141,1,1
211666,1,1
2168600,1,1
1115898,1,1
1190041,1,1
858757,1,1
858901,1,1
103572,1,1
1043330,1,1
1046512,1,1
1048903,1,1
1049184,1,1
1049289,1,1
1050417,1,1
259586,1,1
261178,1,1
1659960,1,1
1012118,1,1
1049127,1,1
1670352,1,1
1721460,1,1
1050334,1,1
244594,1,1
1190174,1,1
102545,1,1
1046877,1,1
1048381,1,1
247294,1,1
249449,1,1
307757,1,1
312466,1,1
198428,1,1
198793,1,1
199153,1,1
2044659,1,1
204658,1,1
205771,1,1
206791,1,1
313210,1,1
314215,1,1
348377,1,1
348831,1,1
349326,1,1
349353,1,1
351264,1,1
402093,1,1
404013,1,1
809204,1,1
833706,1,1
201628,1,1
2053336,1,1
995630,1,1
830879,1,1
847629,1,1
848182,1,1
849398,1,1
856433,1,1
856762,1,1
857598,1,1
210008,1,1
210010,1,1
210467,1,1
2108130,1,1
212421,1,1
213050,1,1
213217,1,1
213231,1,1
213432,1,1
213916,1,1
213998,1,1
214049,1,1
226552,1,1
1091155,1,1
1099764,1,1
1102277,1,1
1112721,1,1
1115583,1,1
1115989,1,1
309843,1,1
312173,1,1
198553,1,1
1994306,1,1
205744,1,1
206546,1,1
207890,1,1
995299,1,1
996774,1,1
313641,1,1
314109,1,1
359936,1,1
809244,1,1
827703,1,1
830902,1,1
388311,1,1
830897,1,1
849389,1,1
853013,1,1
855172,1,1
855314,1,1
856508,1,1
856706,1,1
858370,1,1
851748,1,1
857525,1,1
208127,1,1
208560,1,1
208822,1,1
208920,1,1
209890,1,1
210085,1,1
210535,1,1
2106743,1,1
2118591,1,1
2120195,1,1
2122358,1,1
213475,1,1
2168867,1,1
2168859,1,1
237402,1,1
2122371,1,1
1101320,1,1
1101612,1,1
1112686,1,1
1115333,1,1
1116729,1,1
1149645,1,1
1189673,1,1
1190357,1,1
1116349,1,1
1232135,1,1
1232720,1,1
422938,1,1
544347,1,1
562253,1,1
597923,1,1
603331,1,1
616513,1,1
616770,1,1
859066,1,1
859943,1,1
1000058,1,1
1012391,1,1
1020199,1,1
1039751,1,1
1046540,1,1
1049213,1,1
1049266,1,1
1053861,1,1
105446,1,1
239240,1,1
240863,1,1
244099,1,1
248415,1,1
259796,1,1
260391,1,1
261105,1,1
261159,1,1
283639,1,1
284492,1,1
1661092,1,1
1665451,1,1
1666372,1,1
1728784,1,1
1731987,1,1
307668,1,1
1667911,1,1
1733863,1,1
208720,1,1
1116552,1,1
1234878,1,1
406524,1,1
616787,1,1
859331,1,1
1000001,1,1
1011851,1,1
1012308,1,1
1037113,1,1
259196,1,1
260502,1,1
284516,1,1
1665906,1,1
1737581,1,1
1737742,1,1
1738590,1,1
284539,1,1
252971,1,1
1095684,1,1
1190668,1,1
1192986,1,1
431754,1,1
435308,1,1
578799,1,1
598032,1,1
615970,1,1
858761,1,1
1006196,1,1
1006684,1,1
1010084,1,1
1012560,1,1
1012681,1,1
1013046,1,1
1046587,1,1
1046770,1,1
1048138,1,1
1049632,1,1
1085647,1,1
1086701,1,1
239179,1,1
244637,1,1
245443,1,1
308058,1,1
308113,1,1
1656061,1,1
1656292,1,1
1668218,1,1
1720977,1,1
1724359,1,1
1729047,1,1
1734355,1,1
1726673,1,1
226665,1,1
1190779,1,1
422011,1,1
425103,1,1
1020055,1,1
1020155,1,1
1040048,1,1
252078,1,1
259120,1,1
259258,1,1
283103,1,1
1654672,1,1
1724356,1,1
1726997,1,1
310150,1,1
311453,1,1
311616,1,1
311958,1,1
1087271,1,1
198360,1,1
199739,1,1
200243,1,1
2049133,1,1
314119,1,1
347861,1,1
349116,1,1
826662,1,1
828350,1,1
995497,1,1
800493,1,1
313571,1,1
833135,1,1
856737,1,1
1091943,1,1
1094179,1,1
1113046,1,1
1113435,1,1
1233658,1,1
209494,1,1
209597,1,1
2106075,1,1
2107300,1,1
212438,1,1
213696,1,1
2184126,1,1
237716,1,1
237896,1,1
413259,1,1
432401,1,1
483438,1,1
545259,1,1
597658,1,1
616285,1,1
859203,1,1
1000101,1,1
1001002,1,1
1047508,1,1
1053647,1,1
252735,1,1
1655071,1,1
1658127,1,1
1670365,1,1
1098143,1,1
213447,1,1
2180999,1,1
406689,1,1
542857,1,1
582901,1,1
1009336,1,1
104375,1,1
104481,1,1
1665667,1,1
1737637,1,1
1741290,1,1
1788876,1,1
1793916,1,1
1794887,1,1
1795477,1,1
1797515,1,1
1807631,1,1
1863605,1,1
1922512,1,1
197519,1,1
197603,1,1
1918045,1,1
1236207,1,1
1241663,1,1
1244214,1,1
1244675,1,1
1247816,1,1
1248020,1,1
1248044,1,1
1291082,1,1
1291092,1,1
1293864,1,1
1294008,1,1
1294457,1,1
1294475,1,1
1305269,1,1
1305625,1,1
1307051,1,1
1307224,1,1
1358614,1,1
1358764,1,1
1359103,1,1
1359266,1,1
1364855,1,1
1368385,1,1
1368409,1,1
1370752,1,1
1375128,1,1
1423463,1,1
1424849,1,1
197677,1,1
197732,1,1
197790,1,1
197861,1,1
1430532,1,1
1435489,1,1
1483780,1,1
1483723,1,1
1491015,1,1
1491533,1,1
1534814,1,1
1538461,1,1
1539198,1,1
1544569,1,1
1545664,1,1
1547589,1,1
1594655,1,1
1595478,1,1
1606045,1,1
1648110,1,1
1650940,1,1
1651001,1,1
1442130,1,1
1591999,1,1
1741378,1,1
1801144,1,1
1809738,1,1
1811475,1,1
1862590,1,1
1872967,1,1
1921129,1,1
1927632,1,1
1928082,1,1
1940460,1,1
1942847,1,1
1797884,1,1
1241901,1,1
1242786,1,1
1245745,1,1
1293741,1,1
1293859,1,1
1294207,1,1
1298410,1,1
1304113,1,1
1308382,1,1
1310503,1,1
1314501,1,1
1357425,1,1
1359350,1,1
1359882,1,1
1360192,1,1
1361226,1,1
1363290,1,1
1422174,1,1
1424021,1,1
1431982,1,1
197553,1,1
197650,1,1
197832,1,1
197862,1,1
197958,1,1
198058,1,1
1440183,1,1
1483554,1,1
152625,1,1
1536157,1,1
1549126,1,1
1596424,1,1
1598025,1,1
1423710,1,1
1535361,1,1
1721583,1,1
1728056,1,1
1728079,1,1
1729543,1,1
1730196,1,1
1732674,1,1
1664988,1,1
1726097,1,1
1729311,1,1
1735496,1,1
1736015,1,1
1744259,1,1
1799308,1,1
1799323,1,1
1801322,1,1
1804750,1,1
1807452,1,1
1868847,1,1
1946784,1,1
1946735,1,1
1946824,1,1
197352,1,1
1243577,1,1
1298345,1,1
1305214,1,1
1307104,1,1
1308537,1,1
1312446,1,1
1362768,1,1
1370216,1,1
1372298,1,1
1424388,1,1
1432534,1,1
1433890,1,1
1433866,1,1
197894,1,1
1485222,1,1
1489002,1,1
1536880,1,1
1537122,1,1
1551393,1,1
1598084,1,1
1736472,1,1
1729029,1,1
1730191,1,1
1734475,1,1
1741381,1,1
1741913,1,1
1742218,1,1
1789245,1,1
1789953,1,1
1796425,1,1
1799230,1,1
1808225,1,1
1809730,1,1
1812168,1,1
1856270,1,1
1919211,1,1
1923432,1,1
197304,1,1
197312,1,1
197475,1,1
197606,1,1
197717,1,1
1875558,1,1
1245090,1,1
1298448,1,1
1299975,1,1
1300295,1,1
1366953,1,1
1369764,1,1
1376086,1,1
141848,1,1
142046,1,1
142113,1,1
1432962,1,1
1437290,1,1
198033,1,1
198161,1,1
1484161,1,1
1486203,1,1
1488578,1,1
1492403,1,1
151284,1,1
1535472,1,1
1538595,1,1
1541610,1,1
1364447,1,1
1549832,1,1
1594761,1,1
1596940,1,1
1600979,1,1
1293103,1,1
1535929,1,1
1538589,1,1
1361574,1,1
1367082,1,1
197693,1,1
1483742,1,1
1359025,1,1
618050,1,1
656882,1,1
670084,1,1
645923,1,1
705129,1,1
672659,1,1
701983,1,1
727361,1,1
730861,1,1
751616,1,1
795097,1,1
724568,1,1
749875,1,1
892609,1,1
902221,1,1
903696,1,1
905387,1,1
309301,1,1
309595,1,1
750242,1,1
755812,1,1
749852,1,1
866472,1,1
902285,1,1
94186,1,1
992675,1,1
904170,1,1
308576,1,1
311210,1,1
312380,1,1
1088259,1,1
1089078,1,1
1090639,1,1
198267,1,1
200011,1,1
2002067,1,1
2047186,1,1
205068,1,1
206422,1,1
995446,1,1
996062,1,1
351267,1,1
313993,1,1
308489,1,1
700777,1,1
727587,1,1
800273,1,1
705934,1,1
309171,1,1
745292,1,1
763521,1,1
904773,1,1
994794,1,1
1090545,1,1
198336,1,1
2001506,1,1
2003650,1,1
2043247,1,1
2048893,1,1
2049016,1,1
996196,1,1
315030,1,1
347093,1,1
801445,1,1
897771,1,1
995034,1,1
753543,1,1
800637,1,1
992436,1,1
312494,1,1
997267,1,1
313227,1,1
807826,1,1
308880,1,1
309582,1,1
204844,1,1
830253,1,1
618633,1,1
637230,1,1
647321,1,1
692695,1,1
631403,1,1
618643,1,1
731250,1,1
701282,1,1
700850,1,1
730988,1,1
745789,1,1
750149,1,1
792036,1,1
762332,1,1
863626,1,1
884308,1,1
897657,1,1
899690,1,1
207961,1,1
755738,1,1
860888,1,1
884522,1,1
993521,1,1
308677,1,1
308912,1,1
308982,1,1
309333,1,1
309585,1,1
312350,1,1
312831,1,1
198510,1,1
1986389,1,1
2000136,1,1
204749,1,1
205033,1,1
205332,1,1
2054174,1,1
995675,1,1
346773,1,1
404432,1,1
404466,1,1
803364,1,1
905343,1,1
702384,1,1
795642,1,1
308395,1,1
308460,1,1
309553,1,1
199592,1,1
1996098,1,1
204757,1,1
205785,1,1
314969,1,1
800499,1,1
308998,1,1
404083,1,1
831833,1,1
637188,1,1
668626,1,1
749850,1,1
672540,1,1
755497,1,1
763089,1,1
751875,1,1
795743,1,1
865131,1,1
892336,1,1
905041,1,1
977986,1,1
991180,1,1
310797,1,1
762894,1,1
751618,1,1
861202,1,1
861242,1,1
861459,1,1
863851,1,1
864675,1,1
866042,1,1
881343,1,1
892678,1,1
895671,1,1
898723,1,1
900105,1,1
966189,1,1
968177,1,1
966768,1,1
967017,1,1
308868,1,1
309199,1,1
309845,1,1
310543,1,1
311489,1,1
995670,1,1
995679,1,1
996968,1,1
313596,1,1
351585,1,1
352201,1,1
381056,1,1
861018,1,1
311427,1,1
206228,1,1
359500,1,1
992487,1,1
618333,1,1
702633,1,1
727955,1,1
686161,1,1
722295,1,1
707275,1,1
755236,1,1
793204,1,1
747241,1,1
861448,1,1
979475,1,1
993536,1,1
966231,1,1
200334,1,1
668622,1,1
861472,1,1
885111,1,1
897618,1,1
905253,1,1
991340,1,1
309042,1,1
309076,1,1
309451,1,1
310245,1,1
310488,1,1
311244,1,1
311487,1,1
312615,1,1
312776,1,1
1089974,1,1
312180,1,1
198472,1,1
1997446,1,1
2044726,1,1
206182,1,1
207048,1,1
312937,1,1
349393,1,1
809990,1,1
865127,1,1
991211,1,1
894811,1,1
745512,1,1
309270,1,1
1995471,1,1
1998459,1,1
995280,1,1
349477,1,1
977880,1,1
310534,1,1
312504,1,1
198557,1,1
198605,1,1
198994,1,1
199193,1,1
1992303,1,1
206193,1,1
206876,1,1
994539,1,1
998442,1,1
998535,1,1
314000,1,1
315008,1,1
349467,1,1
352044,1,1
352257,1,1
801874,1,1
804964,1,1
807828,1,1
806297,1,1
809996,1,1
825181,1,1
828267,1,1
829539,1,1
831298,1,1
835896,1,1
312910,1,1
824301,1,1
831260,1,1
856810,1,1
856903,1,1
847343,1,1
207380,1,1
207889,1,1
208125,1,1
208361,1,1
209008,1,1
209754,1,1
2104714,1,1
210584,1,1
211191,1,1
211855,1,1
2122543,1,1
212735,1,1
213084,1,1
213484,1,1
213919,1,1
2177911,1,1
2178016,1,1
2183669,1,1
2173926,1,1
1098944,1,1
1099060,1,1
1111762,1,1
1113056,1,1
1113522,1,1
1115978,1,1
1116164,1,1
1116134,1,1
1148399,1,1
828358,1,1
855476,1,1
856717,1,1
208841,1,1
212035,1,1
1101871,1,1
1189260,1,1
1190944,1,1
1232202,1,1
1233531,1,1
1234870,1,1
404280,1,1
483017,1,1
485338,1,1
485440,1,1
577395,1,1
581660,1,1
616501,1,1
857875,1,1
858109,1,1
858897,1,1
858969,1,1
859439,1,1
1000996,1,1
1010248,1,1
1010759,1,1
1014642,1,1
1020413,1,1
1037108,1,1
1039746,1,1
1041851,1,1
1042793,1,1
1043712,1,1
1045620,1,1
1049259,1,1
1049224,1,1
1049723,1,1
1050231,1,1
1086305,1,1
2197110,1,1
243685,1,1
245210,1,1
247816,1,1
251919,1,1
260088,1,1
260192,1,1
261240,1,1
261360,1,1
307719,1,1
1665685,1,1
1666758,1,1
1667348,1,1
211248,1,1
214001,1,1
1091910,1,1
1114840,1,1
602734,1,1
860715,1,1
1009418,1,1
1038798,1,1
1043307,1,1
243795,1,1
252734,1,1
259719,1,1
261216,1,1
308084,1,1
1053712,1,1
1086028,1,1
1665697,1,1
1716274,1,1
1718751,1,1
858884,1,1
1085693,1,1
252296,1,1
259195,1,1
1013050,1,1
238600,1,1
311984,1,1
312762,1,1
1086812,1,1
198711,1,1
1994530,1,1
199632,1,1
200223,1,1
2003745,1,1
203576,1,0
205866,1,1
205864,1,1
207487,1,1
995243,1,1
996514,1,1
996206,1,1
999414,1,1
315097,1,1
317014,1,1
351337,1,1
351762,1,1
378167,1,1
401938,1,1
404161,1,1
807359,1,1
824876,1,1
827190,1,1
827353,1,1
827351,1,1
832910,1,1
835579,1,1
1993079,1,1
315187,1,1
404170,1,1
846955,1,1
848987,1,1
855312,1,1
855942,1,1
856898,1,1
857153,1,1
857187,1,1
857214,1,1
857317,1,1
852891,1,1
208091,1,1
210180,1,1
211161,1,1
209915,1,1
211489,1,1
2122905,1,1
213290,1,1
2167674,1,1
2167679,1,1
1098668,1,1
1099070,1,1
1100391,1,1
1101952,1,1
1102282,1,1
1113440,1,1
1113423,1,1
314182,1,1
849835,1,1
854901,1,1
855326,1,1
2121776,1,1
1090945,1,1
309879,1,1
310621,1,1
311197,1,1
311913,1,1
1086871,1,1
1090500,1,1
1994403,1,1
201848,1,1
204892,1,1
2056897,1,1
995985,1,1
996239,1,1
998460,1,1
313048,1,1
313075,1,1
351777,1,1
804981,1,1
828432,1,1
829032,1,1
829384,1,1
832914,1,1
833149,1,1
313919,1,1
348162,1,1
388911,1,1
806667,1,1
833741,1,1
805863,1,1
849396,1,1
849599,1,1
849667,1,1
850425,1,1
852930,1,1
855200,1,1
857531,1,1
857968,1,1
858110,1,1
208861,1,1
209066,1,1
2108831,1,1
2110777,1,1
211224,1,1
211226,1,1
211310,1,1
211510,1,1
2121072,1,1
214053,1,1
2173822,1,1
2175796,1,1
2183907,1,1
1095281,1,1
1098140,1,1
1099920,1,1
1101548,1,1
1115570,1,1
1190439,1,1
1234978,1,1
1234966,1,1
1101542,1,1
404637,1,1
477433,1,1
544412,1,1
577961,1,1
578797,1,1
583304,1,1
597959,1,1
604392,1,1
616698,1,1
616705,1,1
616209,1,1
858898,1,1
859023,1,1
1001018,1,1
1010600,1,1
1010946,1,1
1037164,1,1
1047755,1,1
1049908,1,1
106199,1,1
1085756,1,1
245001,1,1
261221,1,1
261379,1,1
283616,1,1
308080,1,1
1663815,1,1
1665228,1,1
1716063,1,1
1721314,1,1
1724276,1,1
1724810,1,1
1734689,1,1
1736047,1,1
1737778,1,1
212833,1,1
1112871,1,1
1190540,1,1
1193037,1,1
1193230,1,1
1011833,1,1
1049602,1,1
105396,1,1
244123,1,1
1661799,1,1
1722919,1,1
1737743,1,1
1736590,1,1
307747,1,1
1655959,1,1
476688,1,1
541363,1,1
544946,1,1
562411,1,1
582615,1,1
1001476,1,1
1005835,1,1
1010836,1,1
1013937,1,1
1037305,1,1
1037352,1,1
1043623,1,1
1046613,1,1
1048151,1,1
1049386,1,1
105898,1,1
1050062,1,1
249329,1,1
252761,1,1
283141,1,1
283379,1,1
307762,1,1
1654007,1,1
1654912,1,1
1667674,1,1
1725696,1,1
1729584,1,1
1670197,1,1
1101536,1,1
1112864,1,1
1146709,1,1
1148506,1,1
404657,1,1
1000903,1,1
1010608,1,1
1039251,1,1
1658236,1,1
1665461,1,1
1666623,1,1
1731317,1,1
1732137,1,1
311249,1,1
311446,1,1
198857,1,1
198795,1,1
1992304,1,1
204903,1,1
205701,1,1
206211,1,1
996629,1,1
200394,1,1
2049732,1,1
342957,1,1
348506,1,1
402250,1,1
832718,1,1
845492,1,1
856576,1,1
1091488,1,1
1091950,1,1
1095362,1,1
1098158,1,1
1190818,1,1
208242,1,1
209501,1,1
209652,1,1
209789,1,1
211869,1,1
212393,1,1
852991,1,1
213330,1,1
2173723,1,1
2173846,1,1
237722,1,1
403947,1,1
429212,1,1
476515,1,1
581378,1,1
583096,1,1
597666,1,1
602452,1,1
603834,1,1
859200,1,1
860555,1,1
1005850,1,1
1009488,1,1
1044540,1,1
1047883,1,1
1049529,1,1
1049685,1,1
105944,1,1
106042,1,1
239189,1,1
251200,1,1
283475,1,1
1657723,1,1
1659260,1,1
1663248,1,1
1665021,1,1
1666306,1,1
1720765,1,1
211396,1,1
2166123,1,1
1085730,1,1
260055,1,1
261269,1,1
284184,1,1
285009,1,1
244070,1,1
1726335,1,1
1745444,1,1
1747181,1,1
1792391,1,1
1795252,1,1
1795618,1,1
1795621,1,1
1796091,1,1
1798389,1,1
1806684,1,1
1807633,1,1
1807632,1,1
1866218,1,1
1867941,1,1
1868487,1,1
1919489,1,1
1926221,1,1
1927616,1,1
1944692,1,1
1234949,1,1
1236068,1,1
1246338,1,1
1250672,1,1
1251331,1,1
1291604,1,1
1297278,1,1
1299054,1,1
1299027,1,1
1305614,1,1
1298443,1,1
1308571,1,1
1312718,1,1
1356901,1,1
1362712,1,1
1366121,1,1
1366502,1,1
1368954,1,1
1369746,1,1
1370116,1,1
1370228,1,1
1375985,1,1
1422092,1,1
1422563,1,1
1424611,1,1
1425314,1,1
1369737,1,1
198183,1,1
1437690,1,1
1483224,1,1
1487288,1,1
1494599,1,1
1535852,1,1
1536835,1,1
1541707,1,1
1542806,1,1
1543432,1,1
1550968,1,1
1592752,1,1
1593450,1,1
1602120,1,1
1602597,1,1
1607217,1,1
1608477,1,1
1237110,1,1
1305137,1,1
1739839,1,1
1741760,1,1
1743951,1,1
1744011,1,1
1792485,1,1
1801140,1,1
1811631,1,1
1859381,1,1
1863988,1,1
1866531,1,1
1876516,1,1
1944376,1,1
1945207,1,1
197307,1,1
197443,1,1
1236081,1,1
1242068,1,1
1242819,1,1
1243014,1,1
1244616,1,1
1245925,1,1
1249085,1,1
1293957,1,1
1297390,1,1
1298360,1,1
1298883,1,1
1299667,1,1
1308442,1,1
1357547,1,1
1360733,1,1
1366646,1,1
1370122,1,1
1375954,1,1
1423674,1,1
1428622,1,1
197711,1,1
197969,1,1
198024,1,1
198191,1,1
1442274,1,1
1442445,1,1
1490032,1,1
1540044,1,1
1545034,1,1
1545156,1,1
1549447,1,1
1597575,1,1
1598826,1,1
1359872,1,1
1368398,1,1
1543390,1,1
1736545,1,1
1742404,1,1
1743869,1,1
1791697,1,1
1796423,1,1
1799696,1,1
1799654,1,1
1807887,1,1
1809417,1,1
1863354,1,1
1866525,1,1
1872069,1,1
1876385,1,1
1923617,1,1
1939306,1,1
1941459,1,1
1871440,1,1
1245236,1,1
1247917,1,1
1248115,1,1
1249050,1,1
1294266,1,1
1294370,1,1
1299168,1,1
1299235,1,1
1299687,1,1
1299965,1,1
1300301,1,1
1304115,1,1
1310202,1,1
1310927,1,1
1356858,1,1
1367103,1,1
197788,1,1
198012,1,1
198029,1,1
1442170,1,1
1442698,1,1
153652,1,1
1592891,1,1
1728075,1,1
1728800,1,1
1732183,1,1
1746511,1,1
1809056,1,1
1857917,1,1
1868485,1,1
1872091,1,1
1872920,1,1
197311,1,1
1247818,1,1
1248168,1,1
1293877,1,1
1299626,1,1
1300097,1,1
1294587,1,1
1310934,1,1
1357009,1,1
1361493,1,1
1362234,1,1
1365847,1,1
1369831,1,1
1373473,1,1
1421173,1,1
1435917,1,1
197943,1,1
198040,1,1
1440185,1,1
1486880,1,1
1495480,1,1
1364903,1,1
1602356,1,1
1648503,1,1
1649961,1,1
197710,1,1
1361704,1,1
153595,1,1
153655,1,1
1648919,1,1
1359916,1,1
1485747,1,1
1536498,1,1
1608276,1,1
1652634,1,1
1653166,1,1
1306076,1,1
1495103,1,1
1653047,1,1
1805016,1,1
197837,1,1
198166,1,1
1541094,1,1
647127,1,1
636842,1,1
647413,1,1
664789,1,1
670307,1,1
687022,1,1
687211,1,1
685576,1,1
745462,1,1
753322,1,1
688708,1,1
726793,1,1
748381,1,1
751620,1,1
757665,1,1
748886,1,1
800110,1,1
897256,1,1
991190,1,1
1087399,1,1
2001994,1,1
748321,1,1
749780,1,1
750245,1,1
752388,1,1
792577,1,1
795144,1,1
860895,1,1
884783,1,1
892344,1,1
900364,1,1
905189,1,1
992671,1,1
308959,1,1
309086,1,1
310434,1,1
310497,1,1
310812,1,1
310865,1,1
199219,1,1
199298,1,1
313234,1,1
313774,1,1
802696,1,1
825186,1,1
880359,1,1
309378,1,1
706550,1,1
800064,1,1
308696,1,1
201907,1,1
746757,1,1
795942,1,1
800216,1,1
93131,1,1
310289,1,1
310992,1,1
311995,1,1
1086958,1,1
1087218,1,1
1090512,1,1
198301,1,1
198359,1,1
199116,1,1
2045409,1,1
205895,1,1
207104,1,1
998528,1,1
313566,1,1
313962,1,1
352150,1,1
804145,1,1
832092,1,1
861008,1,1
899872,1,1
995081,1,1
309874,1,1
201322,1,1
204721,1,1
2058531,1,1
805370,1,1
631799,1,1
637168,1,1
701593,1,1
727575,1,1
664844,1,1
707270,1,1
721791,1,1
749786,1,1
749796,1,1
751612,1,1
798426,1,1
755101,1,1
790271,1,1
792005,1,1
897048,1,1
904783,1,1
309087,1,1
763138,1,1
797659,1,1
861004,1,1
877014,1,1
897592,1,1
977883,1,1
991150,1,1
94345,1,1
310682,1,1
311551,1,1
311725,1,1
198626,1,1
198494,1,1
1999316,1,1
200871,1,1
204498,1,1
2049723,1,1
205157,1,1
205901,1,1
206620,1,1
207364,1,1
996720,1,1
313000,1,1
313041,1,1
317094,1,1
801731,1,1
901429,1,1
991061,1,1
905394,1,1
309839,1,1
310297,1,1
897782,1,1
979487,1,1
308809,1,1
404323,1,1
992733,1,1
992447,1,1
670087,1,1
797885,1,1
892646,1,1
978668,1,1
992206,1,1
310984,1,1
794610,1,1
876195,1,1
883795,1,1
897694,1,1
897749,1,1
898499,1,1
900156,1,1
966468,1,1
991369,1,1
978009,1,1
308970,1,1
309209,1,1
310963,1,1
311632,1,1
311682,1,1
312447,1,1
312810,1,1
1087041,1,1
1089065,1,1
1091193,1,1
1989828,1,1
1990862,1,1
1990881,1,1
199663,1,1
200032,1,1
200349,1,1
2048985,1,1
207248,1,1
206811,1,1
994841,1,1
998511,1,1
313107,1,1
315198,1,1
376695,1,1
313187,1,1
810079,1,1
756138,1,1
763306,1,1
992491,1,1
309490,1,1
310174,1,1
198915,1,1
998671,1,1
905168,1,1
630324,1,1
702236,1,1
705877,1,1
877417,1,1
892351,1,1
966208,1,1
978575,1,1
198950,1,1
729432,1,1
756053,1,1
864765,1,1
866508,1,1
896243,1,1
900165,1,1
967897,1,1
901280,1,1
903736,1,0
308472,1,1
310768,1,1
311040,1,1
312240,1,1
312656,1,1
1087256,1,1
198449,1,1
200132,1,1
200998,1,1
201885,1,1
205606,1,1
207060,1,1
996661,1,1
313278,1,1
313354,1,1
313408,1,1
313485,1,1
347742,1,1
349281,1,1
809205,1,1
830869,1,1
900524,1,1
310604,1,1
1086857,1,1
1089968,1,1
311254,1,1
894774,1,1
351991,1,1
801357,1,1
312638,1,1
198522,1,1
198936,1,1
1999202,1,1
2044962,1,1
205756,1,1
206625,1,1
206850,1,1
207330,1,1
995450,1,1
313160,1,1
313650,1,1
315183,1,1
343010,1,1
349480,1,1
801112,1,1
801136,1,1
804919,1,1
809252,1,1
810075,1,1
810097,1,1
826807,1,1
828340,1,1
831261,1,1
833164,1,1
201240,1,1
377732,1,1
801966,1,1
849646,1,1
849822,1,1
854918,1,1
857117,1,1
857171,1,1
857314,1,1
207497,1,1
207797,1,1
208303,1,1
209029,1,1
209177,1,1
2104187,1,1
210820,1,1
2117608,1,1
2118551,1,1
2122770,1,1
2122772,1,1
2122801,1,1
212425,1,1
213091,1,1
213433,1,1
213443,1,1
213517,1,1
213555,1,1
2167677,1,1
2175999,1,1
1094352,1,1
1094584,1,1
1100469,1,1
1100746,1,1
1101523,1,1
1101938,1,1
1112779,1,1
1113691,1,1
1114333,1,1
314286,1,1
807284,1,1
207701,1,1
213550,1,1
1125488,1,1
1190894,1,1
1193311,1,1
1234512,1,1
404033,1,1
404545,1,1
433353,1,1
484892,1,1
485968,1,1
542355,1,1
542370,1,1
544222,1,1
562497,1,1
562531,1,1
603224,1,1
604806,1,1
617302,1,1
859013,1,1
859101,1,1
859156,1,1
860042,1,1
860044,1,1
1000987,1,1
1001405,1,1
1012099,1,1
1013636,1,1
1014314,1,1
1014599,1,1
1038903,1,1
1039057,1,1
1039963,1,1
1042693,1,1
1046274,1,1
1046353,1,1
1046548,1,1
1046914,1,1
1046910,1,1
1047765,1,1
1053756,1,1
1085100,1,1
1085680,1,1
1085762,1,1
1046560,1,1
226734,1,1
241999,1,1
242026,1,1
248506,1,1
248609,1,1
260001,1,1
261128,1,1
261315,1,1
261313,1,1
307685,1,1
1659285,1,1
211947,1,1
2179749,1,1
1098644,1,1
1099756,1,1
1116499,1,1
403890,1,1
435681,1,1
543040,1,1
858919,1,1
1000899,1,1
1011767,1,1
1038904,1,1
1043325,1,1
1044442,1,1
1046997,1,1
1049620,1,1
1052620,1,1
1053634,1,1
1086271,1,1
603929,1,1
1000861,1,1
198255,1,1
198371,1,1
1989491,1,1
1989811,1,1
2047608,1,1
205733,1,1
206218,1,1
206309,1,1
996966,1,1
998467,1,1
999477,1,1
313403,1,1
313640,1,1
315059,1,1
349319,1,1
352076,1,1
360348,1,1
809572,1,1
830477,1,1
997296,1,1
313140,1,1
348719,1,1
845978,1,1
846386,1,1
847370,1,1
849932,1,1
856845,1,1
857750,1,1
208149,1,1
208179,1,1
208646,1,1
208675,1,1
2099528,1,1
2101465,1,1
2101490,1,1
2102460,1,1
210318,1,1
212446,1,1
213344,1,1
214004,1,1
214040,1,1
214073,1,1
2167575,1,1
2167784,1,1
2178266,1,1
1089811,1,1
1091210,1,1
1094434,1,1
1098139,1,1
1111440,1,1
1111764,1,1
1191394,1,1
1191663,1,1
856991,1,1
1113507,1,1
311899,1,1
312087,1,1
1086938,1,1
198535,1,1
1991413,1,1
2055026,1,1
205871,1,1
995427,1,1
997159,1,1
312914,1,1
312927,1,1
313135,1,1
313159,1,1
403970,1,1
313329,1,1
802913,1,1
824959,1,1
834104,1,1
966182,1,1
1989112,1,1
206314,1,1
207081,1,1
351825,1,1
834857,1,1
847112,1,1
848145,1,1
849742,1,1
854764,1,1
854910,1,1
855906,1,1
856535,1,1
856724,1,1
856992,1,1
858613,1,1
856426,1,1
208083,1,1
209598,1,1
209867,1,1
2110780,1,1
211509,1,1
211640,1,1
211750,1,1
211755,1,1
211798,1,1
212227,1,1
212223,1,1
2174514,1,1
2177190,1,1
212400,1,1
2105831,1,1
1092461,1,1
1092658,1,1
1093377,1,1
1094147,1,1
1111840,1,1
1112942,1,1
1113705,1,1
1116511,1,1
1119597,1,1
477045,1,1
562414,1,1
562631,1,1
578018,1,1
581549,1,1
597406,1,1
606859,1,1
859336,1,1
859999,1,1
860239,1,1
1010033,1,1
1039560,1,1
1039699,1,1
103439,1,1
1046313,1,1
1048123,1,1
1049269,1,1
1050394,1,1
1050407,1,1
1086605,1,1
244475,1,1
244537,1,1
244601,1,1
245208,1,1
245288,1,1
245608,1,1
249453,1,1
260495,1,1
260852,1,1
1658241,1,1
1658634,1,1
1659139,1,1
1665682,1,1
1673799,1,1
1673788,1,1
1674197,1,1
1719287,1,1
1735058,1,1
857305,1,1
540181,1,1
545709,1,1
603826,1,1
860695,1,1
1006551,1,1
1011854,1,1
1012226,1,1
1037082,1,1
1012766,1,1
1044265,1,1
247396,1,1
247508,1,1
252963,1,1
1655060,1,1
1658159,1,1
1658100,1,1
1658108,1,1
2590,1,0
1010980,1,1
1747194,1,1
1790097,1,1
1190201,1,1
1190631,1,1
1191692,1,1
1234533,1,1
540098,1,1
542314,1,1
562834,1,1
577080,1,1
577776,1,1
581574,1,1
606861,1,1
616366,1,1
859181,1,1
859236,1,1
1002300,1,1
1005829,1,1
1006127,1,1
1006632,1,1
104376,1,1
1044465,1,1
1046256,1,1
1046920,1,1
1047774,1,1
238212,1,1
260330,1,1
1653435,1,1
1737343,1,1
1193047,1,1
411914,1,1
1010755,1,1
1012884,1,1
1043642,1,1
1049683,1,1
1663244,1,1
1666777,1,1
1721690,1,1
1722941,1,1
1190803,1,1
284497,1,1
1741764,1,1
1745114,1,1
1790095,1,1
1790242,1,1
198776,1,1
198886,1,1
1991946,1,1
1992538,1,1
201427,1,1
2049241,1,1
206219,1,1
205610,1,1
997489,1,1
313572,1,1
313861,1,1
352337,1,1
198896,1,1
800683,1,1
831585,1,1
833746,1,1
835566,1,1
835921,1,1
835948,1,1
836358,1,1
856448,1,1
856457,1,1
857005,1,1
857011,1,1
831252,1,1
1091094,1,1
1091242,1,1
1099798,1,1
1101787,1,1
1114487,1,1
1189693,1,1
1191214,1,1
208919,1,1
210011,1,1
210043,1,1
2102949,1,1
2104192,1,1
211088,1,1
213197,1,1
213510,1,1
214045,1,1
2167752,1,1
2183891,1,1
214002,1,1
404405,1,1
465355,1,1
476677,1,1
542861,1,1
545276,1,1
607579,1,1
857652,1,1
859054,1,1
860751,1,1
1012377,1,1
1047903,1,1
1048078,1,1
1052645,1,1
245346,1,1
259543,1,1
284296,1,1
1673566,1,1
1719228,1,1
1720009,1,1
1722921,1,1
211273,1,1
2182340,1,1
421299,1,1
544452,1,1
1014677,1,1
1046772,1,1
1049647,1,1
285015,1,1
1659592,1,1
1667916,1,1
210995,1,1
616292,1,1
1726492,1,1
104784,1,1
1790651,1,1
1791841,1,1
1804384,1,1
1809582,1,1
1867995,1,1
1868461,1,1
1872075,1,1
1923431,1,1
1925871,1,1
1927647,1,1
1942340,1,1
1946703,1,1
197417,1,1
1941198,1,1
1235467,1,1
1236105,1,1
1242408,1,1
1243493,1,1
1245250,1,1
1245441,1,1
1246606,1,1
1248362,1,1
1248819,1,1
1249131,1,1
1250542,1,1
1250923,1,1
1251185,1,1
1251336,1,1
1251768,1,1
1251804,1,1
1292877,1,1
1293895,1,1
1294036,1,1
1294383,1,1
1298747,1,1
1303727,1,1
1307225,1,1
1315207,1,1
1356080,1,1
1357010,1,1
1358512,1,1
1360386,1,1
1361207,1,1
1368391,1,1
1424378,1,1
1425331,1,1
197955,1,1
1438129,1,1
1488634,1,1
1488602,1,1
1489310,1,1
1490052,1,1
1491773,1,1
1535160,1,1
1536610,1,1
1540505,1,1
1540834,1,1
1547954,1,1
1549315,1,1
1593660,1,1
1598027,1,1
1598068,1,1
1602034,1,1
1648785,1,1
1293510,1,1
1049565,1,1
283536,1,1
308123,1,1
1718910,1,1
1728052,1,1
1733080,1,1
1668034,1,1
1736781,1,1
1738358,1,1
1741423,1,1
1795345,1,1
1803546,1,1
1812268,1,1
1923825,1,1
1945175,1,1
1244636,1,1
1245229,1,1
1245454,1,1
1245616,1,1
1248831,1,1
1251928,1,1
1291672,1,1
1297368,1,1
1298352,1,1
1298855,1,1
1307226,1,1
1357533,1,1
1359030,1,1
1360391,1,1
1363410,1,1
1370963,1,1
1376094,1,1
141860,1,1
142002,1,1
1427998,1,1
1430524,1,1
197411,1,1
197476,1,1
197577,1,1
198030,1,1
1439829,1,1
1490417,1,1
1490693,1,1
1493165,1,1
1490063,1,1
1535470,1,1
198111,1,1
1440919,1,1
153079,1,1
1730930,1,1
1731584,1,1
1731545,1,1
1734399,1,1
1746494,1,1
1797927,1,1
1795339,1,1
1804746,1,1
1806181,1,1
1809097,1,1
1860137,1,1
1863343,1,1
1873087,1,1
1874553,1,1
1923058,1,1
197319,1,1
1241678,1,1
1245277,1,1
1245379,1,1
1246075,1,1
1246303,1,1
1247189,1,1
1249712,1,1
1251377,1,1
1251617,1,1
1293639,1,1
1298324,1,1
1307167,1,1
1357886,1,1
1359157,1,1
1359460,1,1
1366571,1,1
1372924,1,1
141960,1,1
1424550,1,1
1437713,1,1
1441530,1,1
1442676,1,1
1483744,1,1
1484890,1,1
153323,1,1
1537049,1,1
1547110,1,1
1549442,1,1
1549674,1,1
1552201,1,1
1593110,1,1
1598047,1,1
1605374,1,1
1649990,1,1
1358724,1,1
197914,1,1
1650004,1,1
1651571,1,1
1653202,1,1
1542919,1,1
1537027,1,1
1539265,1,1
1544970,1,1
1546083,1,1
1546212,1,1
1547991,1,1
1607112,1,1
1876138,1,1
1249631,1,1
1305110,1,1
1429907,1,1
197527,1,1
197975,1,1
198140,1,1
1487616,1,1
1535981,1,1
1860485,1,1
1945850,1,1
1947261,1,1
197378,1,1
1299247,1,1
1301848,1,1
1304111,1,1
1308385,1,1
1310531,1,1
1356693,1,1
1359467,1,1
1359575,1,1
1363408,1,1
1366339,1,1
1435117,1,1
1439955,1,1
1605183,1,1
197849,1,1
618963,1,1
645497,1,1
631504,1,1
687043,1,1
727507,1,1
744868,1,1
751570,1,1
799999,1,1
727545,1,1
727932,1,1
751970,1,1
755399,1,1
864152,1,1
903298,1,1
978747,1,1
753557,1,1
861356,1,1
876415,1,1
884787,1,1
885568,1,1
892101,1,1
966571,1,1
978735,1,1
992778,1,1
993269,1,1
894809,1,1
979541,1,1
308930,1,1
309603,1,1
310431,1,1
198640,1,1
200076,1,1
204899,1,1
205023,1,1
205890,1,1
995936,1,1
996101,1,1
359261,1,1
809026,1,1
896013,1,1
861674,1,1
861225,1,1
897292,1,1
309146,1,1
309675,1,1
311372,1,1
1089072,1,1
198946,1,1
198999,1,1
1999026,1,1
202301,1,1
313165,1,1
403810,1,1
905403,1,1
372526,1,1
834176,1,1
630807,1,1
636045,1,1
644535,1,1
646352,1,1
656660,1,1
727539,1,1
756303,1,1
647138,1,1
636793,1,1
672917,1,1
745561,1,1
750126,1,1
761986,1,1
748052,1,1
992805,1,1
993767,1,1
979413,1,1
312017,1,1
763591,1,1
861191,1,1
861785,1,1
866489,1,1
884804,1,1
895990,1,1
898718,1,1
899935,1,1
905300,1,1
979411,1,1
991488,1,1
891297,1,1
897745,1,1
899367,1,1
308473,1,1
308853,1,1
309783,1,1
310274,1,1
311936,1,1
312333,1,1
1988308,1,1
199301,1,1
201625,1,1
204849,1,1
204908,1,1
206702,1,1
206998,1,1
312941,1,1
313091,1,1
351285,1,1
351172,1,1
865105,1,1
966542,1,1
978008,1,1
979338,1,1
966239,1,1
308933,1,1
309367,1,1
896764,1,1
310027,1,1
729817,1,1
897725,1,1
308145,1,1
308167,1,1
312562,1,1
1088235,1,1
199348,1,1
1995288,1,1
1996196,1,1
2045638,1,1
2047775,1,1
205485,1,1
997814,1,1
827706,1,1
831111,1,1
834076,1,1
896226,1,1
204676,1,1
667138,1,1
692757,1,1
702008,1,1
686406,1,1
750171,1,1
668624,1,1
688877,1,1
708221,1,1
752866,1,1
753413,1,1
794747,1,1
797678,1,1
861652,1,1
863636,1,1
880411,1,1
903302,1,1
894856,1,1
312289,1,1
199135,1,1
702243,1,1
727474,1,1
727625,1,1
755476,1,1
790489,1,1
795356,1,1
880349,1,1
896165,1,1
896235,1,1
900370,1,1
891882,1,1
966246,1,1
966743,1,1
979438,1,1
308236,1,1
308801,1,1
309174,1,1
309316,1,1
309671,1,1
312129,1,1
1087389,1,1
1090692,1,1
1091170,1,1
1995088,1,1
199994,1,1
200977,1,1
204397,1,1
205347,1,1
207193,1,1
994824,1,1
995567,1,1
997515,1,1
313717,1,1
346211,1,1
348458,1,1
313253,1,1
809228,1,1
309339,1,1
311641,1,1
318213,1,1
311642,1,1
630265,1,1
630729,1,1
628664,1,1
617628,1,1
637144,1,1
656737,1,1
701633,1,1
705769,1,1
729932,1,1
748312,1,1
752884,1,1
795918,1,1
753482,1,1
797710,1,1
865073,1,1
892261,1,1
966196,1,1
966238,1,1
892355,1,1
900891,1,1
2000538,1,1
755486,1,1
799054,1,1
795765,1,1
749571,1,1
866096,1,1
892342,1,1
992809,1,1
978670,1,1
309079,1,1
309607,1,1
310386,1,1
198334,1,1
198439,1,1
204508,1,1
205491,1,1
205685,1,1
205872,1,1
995156,1,1
313357,1,1
351223,1,1
403850,1,1
800918,1,1
900173,1,1
992747,1,1
308802,1,1
311410,1,1
829762,1,1
312536,1,1
1090012,1,1
198318,1,1
198370,1,1
2003131,1,1
2045343,1,1
995441,1,1
996668,1,1
996667,1,1
998479,1,1
998709,1,1
317865,1,1
359930,1,1
360507,1,1
802652,1,1
831193,1,1
199005,1,1
801185,1,1
804975,1,1
828377,1,1
801533,1,1
848943,1,1
849728,1,1
854302,1,1
854919,1,1
855194,1,1
855316,1,1
855320,1,1
856422,1,1
856908,1,1
809314,1,1
207635,1,1
207773,1,1
207939,1,1
208457,1,1
208660,1,1
2101715,1,1
2107058,1,1
210752,1,1
211545,1,1
213545,1,1
213641,1,1
213901,1,1
2167571,1,1
2173667,1,1
2178056,1,1
2181318,1,1
2106334,1,1
1095224,1,1
1095534,1,1
1098487,1,1
1099583,1,1
1099678,1,1
1099783,1,1
1100449,1,1
1101859,1,1
1102259,1,1
1113514,1,1
1113667,1,1
207266,1,1
849851,1,1
212403,1,1
2168083,1,1
1146883,1,1
1150121,1,1
1190936,1,1
1233208,1,1
1234509,1,1
1099892,1,1
401965,1,1
477451,1,1
484770,1,1
540540,1,1
541544,1,1
577307,1,1
583343,1,1
603738,1,1
608897,1,1
857866,1,1
857870,1,1
858064,1,1
858957,1,1
859359,1,1
859928,1,1
860260,1,1
1000998,1,1
1001064,1,1
1010055,1,1
1010622,1,1
1010900,1,1
1012585,1,1
1012611,1,1
1014577,1,1
104044,1,1
1041873,1,1
1043199,1,1
1046289,1,1
104776,1,1
1049036,1,1
1049672,1,1
1049703,1,1
1049759,1,1
1053133,1,1
108204,1,1
1085636,1,1
1085612,1,1
237367,1,1
237733,1,1
242297,1,1
242429,1,1
243628,1,1
247137,1,1
261349,1,1
282727,1,1
283316,1,1
307703,1,1
1657160,1,1
1660018,1,1
211806,1,1
1115008,1,1
1116111,1,1
412115,1,1
545188,1,1
545255,1,1
581658,1,1
857725,1,1
1012264,1,1
1012569,1,1
1046384,1,1
1053355,1,1
1086115,1,1
1047362,1,1
578803,1,1
859930,1,1
1013662,1,1
310965,1,1
312591,1,1
312627,1,1
309840,1,1
198363,1,1
199123,1,1
204925,1,1
207093,1,1
996127,1,1
996732,1,1
997160,1,1
998282,1,1
313949,1,1
314197,1,1
351438,1,1
352064,1,1
358371,1,1
845478,1,1
998707,1,1
313029,1,1
313049,1,1
853511,1,1
855659,1,1
855913,1,1
856369,1,1
857443,1,1
208328,1,1
208402,1,1
208467,1,1
208982,1,1
209284,1,1
2107606,1,1
2109973,1,1
211109,1,1
213068,1,1
2168508,1,1
2181317,1,1
1094024,1,1
1094357,1,1
1098135,1,1
1099596,1,1
1099746,1,1
1101855,1,1
1116320,1,1
1146977,1,1
1148489,1,1
1191400,1,1
207633,1,1
209651,1,1
198589,1,1
198893,1,1
2045245,1,1
204808,1,1
205832,1,1
205921,1,1
206378,1,1
206404,1,1
206813,1,1
206954,1,1
205882,1,1
998546,1,1
313419,1,1
318146,1,1
351312,1,1
377234,1,1
403826,1,1
804933,1,1
827073,1,1
834051,1,1
835884,1,1
349491,1,1
804935,1,1
854890,1,1
857477,1,1
207942,1,1
208407,1,1
209634,1,1
210223,1,1
2103182,1,1
2105804,1,1
210767,1,1
211064,1,1
211236,1,1
211881,1,1
213471,1,1
213729,1,1
2183909,1,1
1090710,1,1
1098144,1,1
1099318,1,1
1100650,1,1
1115447,1,1
1116514,1,1
477391,1,1
485489,1,1
562724,1,1
582608,1,1
597267,1,1
602393,1,1
616411,1,1
858051,1,1
859081,1,1
860548,1,1
860678,1,1
1000933,1,1
1001714,1,1
1001718,1,1
1005808,1,1
1014305,1,1
1037146,1,1
1049100,1,1
1049886,1,1
1086033,1,1
239209,1,1
242002,1,1
245244,1,1
245723,1,1
261243,1,1
284593,1,1
307713,1,1
308095,1,1
1656284,1,1
1656327,1,1
1673296,1,1
1726509,1,1
1727571,1,1
1728768,1,1
1737449,1,1
2168501,1,1
1233668,1,1
858334,1,1
858770,1,1
860594,1,1
1010089,1,1
1038840,1,1
1038915,1,1
1013044,1,1
1049257,1,1
1052701,1,1
307718,1,1
1666814,1,1
1722695,1,1
1738592,1,1
1657916,1,1
1739871,1,1
1745892,1,1
260223,1,1
1742406,1,1
1189591,1,1
1233729,1,1
404182,1,1
476399,1,1
483440,1,1
485413,1,1
491078,1,1
543362,1,1
604946,1,1
615186,1,1
860234,1,1
860426,1,1
1011872,1,1
1012375,1,1
1038558,1,1
1041847,1,1
104421,1,1
1045404,1,1
105347,1,1
237512,1,1
260002,1,1
260409,1,1
307748,1,1
1657598,1,1
1657904,1,1
1665508,1,1
1724666,1,1
1724785,1,1
1737245,1,1
1099893,1,1
1111667,1,1
1232084,1,1
859130,1,1
1012335,1,1
1044532,1,1
1085419,1,1
248389,1,1
261238,1,1
1659219,1,1
1731517,1,1
1790220,1,1
199866,1,1
1998617,1,1
206792,1,1
207107,1,1
313277,1,1
313447,1,1
313888,1,1
313967,1,1
314167,1,1
349274,1,1
362679,1,1
809561,1,1
824186,1,1
824190,1,1
830845,1,1
995663,1,1
317156,1,1
834059,1,1
848722,1,1
849049,1,1
854905,1,1
855178,1,1
855344,1,1
856569,1,1
856792,1,1
856836,1,1
1091151,1,1
1091650,1,1
1095640,1,1
1100509,1,1
1111652,1,1
1116188,1,1
1116540,1,1
1117398,1,1
1190740,1,1
1193353,1,1
1236064,1,1
1149364,1,1
209613,1,1
209672,1,1
210306,1,1
210657,1,1
210760,1,1
211069,1,1
212429,1,1
212447,1,1
213157,1,1
1125471,1,1
2179647,1,1
404531,1,1
428703,1,1
485415,1,1
581417,1,1
584420,1,1
603806,1,1
857360,1,1
860149,1,1
1000095,1,1
1046406,1,1
1046984,1,1
251817,1,1
261108,1,1
261242,1,1
262091,1,1
284986,1,1
1654175,1,1
1658717,1,1
1662284,1,1
1724885,1,1
1116117,1,1
211223,1,1
584292,1,1
858595,1,1
1043249,1,1
1047918,1,1
261091,1,1
1654009,1,1
1728806,1,1
1796070,1,1
1807580,1,1
1809539,1,1
1810304,1,1
1859000,1,1
1863606,1,1
1869281,1,1
1871465,1,1
1926602,1,1
1941613,1,1
1947197,1,1
197407,1,1
1795470,1,1
1236070,1,1
1237077,1,1
1242543,1,1
1243233,1,1
1243237,1,1
1244205,1,1
1244930,1,1
1245492,1,1
1245722,1,1
1246599,1,1
1247895,1,1
1247825,1,1
1248046,1,1
1249594,1,1
1250486,1,1
1293338,1,1
1293649,1,1
1294439,1,1
1298766,1,1
1299662,1,1
1300084,1,1
1300538,1,1
1302627,1,1
1305797,1,1
1307244,1,1
1357891,1,1
1358756,1,1
1366636,1,1
1366872,1,1
1369801,1,1
1374372,1,1
1376477,1,1
1423430,1,1
1423479,1,1
1425493,1,1
1425951,1,1
1427298,1,1
197885,1,1
1430457,1,1
1432800,1,1
1432974,1,1
1433511,1,1
1439769,1,1
1442683,1,1
1442964,1,1
1483617,1,1
1483767,1,1
1486695,1,1
1486999,1,1
1488702,1,1
153324,1,1
1535597,1,1
1541233,1,1
1547607,1,1
1551622,1,1
1602115,1,1
1603382,1,1
1603866,1,1
1606349,1,1
1607582,1,1
1607808,1,1
1648155,1,1
1487078,1,1
1605172,1,1
1659595,1,1
1719003,1,1
1723772,1,1
1724644,1,1
1727485,1,1
1741559,1,1
1742224,1,1
1790292,1,1
1790650,1,1
1791233,1,1
1796083,1,1
1799218,1,1
1807637,1,1
1858398,1,1
1945844,1,1
1236435,1,1
1242705,1,1
1243405,1,1
1244558,1,1
1294537,1,1
1299244,1,1
1299672,1,1
1298806,1,1
1356529,1,1
1356997,1,1
1359282,1,1
1360476,1,1
1370744,1,1
1371353,1,1
1421069,1,1
1423123,1,1
1424872,1,1
1428138,1,1
1432967,1,1
1437982,1,1
197891,1,1
197890,1,1
198051,1,1
1439788,1,1
1483319,1,1
1491830,1,1
1362942,1,1
1730078,1,1
1734348,1,1
1739782,1,1
1739887,1,1
1741747,1,1
1743950,1,1
1858981,1,1
1860414,1,1
1945072,1,1
1946525,1,1
197412,1,1
197431,1,1
1928864,1,1
1241972,1,1
1242240,1,1
1358632,1,1
1360339,1,1
1362048,1,1
1363305,1,1
1367428,1,1
1368936,1,1
1369770,1,1
1371412,1,1
1421633,1,1
1423678,1,1
1424024,1,1
1424254,1,1
1431286,1,1
1484901,1,1
1488619,1,1
1494771,1,1
1495106,1,1
1535144,1,1
1540854,1,1
1542813,1,1
1548705,1,1
1591943,1,1
1595664,1,1
1535228,1,1
1603490,1,1
1298836,1,1
1302368,1,1
1357940,1,1
1360181,1,1
1544571,1,1
1314403,1,1
1299172,1,1
1300483,1,1
1372909,1,1
1648152,1,1
1540051,1,1
1541104,1,1
1293474,1,1
198229,1,1
1800670,1,1
1862600,1,1
1874888,1,1
1927875,1,1
1244215,1,1
1248166,1,1
1250898,1,1
1300207,1,1
1307165,1,1
1312589,1,1
1356507,1,1
1362714,1,1
1366212,1,1
1367410,1,1
1372999,1,1
1373045,1,1
1421620,1,1
197505,1,1
197581,1,1
197884,1,1
197949,1,1
198194,1,1
1483571,1,1
1486200,1,1
150795,1,1
151124,1,1
1536467,1,1
153656,1,1
1537086,1,1
1543552,1,1
1597129,1,1
1597127,1,1
1364585,1,1
617432,1,1
861227,1,1
687204,1,1
727451,1,1
799059,1,1
749866,1,1
756250,1,1
763236,1,1
801009,1,1
861208,1,1
894807,1,1
896768,1,1
992432,1,1
308254,1,1
309208,1,1
311689,1,1
797955,1,1
797274,1,1
755471,1,1
876533,1,1
880454,1,1
898348,1,1
905350,1,1
93253,1,1
977978,1,1
992441,1,1
308486,1,1
310312,1,1
310878,1,1
198358,1,1
198463,1,1
199672,1,1
2001439,1,1
204887,1,1
205532,1,1
207346,1,1
996179,1,1
313335,1,1
318178,1,1
351914,1,1
834167,1,1
897698,1,1
309486,1,1
722279,1,1
748868,1,1
727542,1,1
861160,1,1
876858,1,1
308516,1,1
308848,1,1
309491,1,1
310346,1,1
310880,1,1
198550,1,1
205362,1,1
206513,1,1
206851,1,1
206960,1,1
207355,1,1
314059,1,1
901557,1,1
309219,1,1
309349,1,1
309192,1,1
200224,1,1
995752,1,1
313811,1,1
966282,1,1
617768,1,1
633189,1,1
637146,1,1
700903,1,1
728126,1,1
722253,1,1
749833,1,1
695930,1,1
756299,1,1
763252,1,1
790888,1,1
797583,1,1
800066,1,1
861654,1,1
863623,1,1
884225,1,1
992858,1,1
204707,1,1
702572,1,1
727634,1,1
755980,1,1
795813,1,1
796918,1,1
863836,1,1
892279,1,1
897659,1,1
993924,1,1
308382,1,1
308587,1,1
310470,1,1
310994,1,1
311647,1,1
311661,1,1
312832,1,1
309887,1,1
1989873,1,1
1992841,1,1
1994764,1,1
199671,1,1
2044375,1,1
996550,1,1
997285,1,1
998191,1,1
998485,1,1
314041,1,1
317146,1,1
343050,1,1
801015,1,1
994059,1,1
309299,1,1
791939,1,1
991616,1,1
206511,1,1
861417,1,1
308974,1,1
311295,1,1
198224,1,1
198952,1,1
206698,1,1
207846,1,1
313045,1,1
898353,1,1
903958,1,1
904425,1,1
992799,1,1
310160,1,1
310793,1,1
618606,1,1
700855,1,1
643943,1,1
686443,1,1
748370,1,1
748857,1,1
728118,1,1
731229,1,1
748029,1,1
754503,1,1
791944,1,1
861783,1,1
866103,1,1
891631,1,1
895014,1,1
895194,1,1
900175,1,1
1088191,1,1
758523,1,1
746642,1,1
756085,1,1
861447,1,1
861422,1,1
863606,1,1
894859,1,1
897655,1,1
968663,1,1
993472,1,1
993942,1,1
308701,1,1
309852,1,1
309941,1,1
310594,1,1
312373,1,1
312548,1,1
312555,1,1
198903,1,1
199353,1,1
199521,1,1
1996293,1,1
200034,1,1
2045140,1,1
205657,1,1
205736,1,1
206257,1,1
996267,1,1
998513,1,1
998685,1,1
313304,1,1
313626,1,1
347669,1,1
809400,1,1
904620,1,1
966618,1,1
308932,1,1
308940,1,1
309043,1,1
311625,1,1
311967,1,1
904876,1,1
905170,1,1
1090941,1,1
2000007,1,1
205643,1,1
979115,1,1
637149,1,1
637560,1,1
705159,1,1
637254,1,1
669146,1,1
860928,1,1
705921,1,1
797452,1,1
763088,1,1
864767,1,1
897288,1,1
885857,1,1
966186,1,1
198891,1,1
1996204,1,1
762823,1,1
792132,1,1
861045,1,1
861171,1,1
895749,1,1
967919,1,1
978772,1,1
991188,1,1
891894,1,1
966236,1,1
309844,1,1
310140,1,1
310176,1,1
311983,1,1
312171,1,1
1086936,1,1
1993219,1,1
199764,1,1
199832,1,1
2001424,1,1
2044355,1,1
2048568,1,1
205301,1,1
205879,1,1
204906,1,1
998715,1,1
315219,1,1
351261,1,1
351712,1,1
801031,1,1
803371,1,1
312793,1,1
1086918,1,1
630939,1,1
204623,1,1
2058891,1,1
313428,1,1
312078,1,1
312452,1,1
198683,1,1
198774,1,1
201747,1,1
205349,1,1
205536,1,1
205818,1,1
206788,1,1
207192,1,1
204901,1,1
996746,1,1
997006,1,1
997555,1,1
999649,1,1
313251,1,1
313947,1,1
373901,1,1
314986,1,1
809288,1,1
827726,1,1
831255,1,1
833567,1,1
834154,1,1
313805,1,1
352336,1,1
809547,1,1
845493,1,1
847939,1,1
848155,1,1
848746,1,1
856861,1,1
857463,1,1
207386,1,1
207476,1,1
207490,1,1
207645,1,1
208029,1,1
208088,1,1
208468,1,1
209704,1,1
211609,1,1
212048,1,1
212389,1,1
212739,1,1
213360,1,1
213541,1,1
213900,1,1
2168789,1,1
2180661,1,1
1092578,1,1
1095510,1,1
1098198,1,1
1099593,1,1
1100501,1,1
1101791,1,1
1101852,1,1
1101919,1,1
1110809,1,1
1111101,1,1
1113001,1,1
805579,1,1
360074,1,1
2119467,1,1
1115468,1,1
1116150,1,1
1119422,1,1
1191684,1,1
1234576,1,1
1233685,1,1
402109,1,1
402100,1,1
403943,1,1
403975,1,1
404702,1,1
419168,1,1
543484,1,1
544176,1,1
544393,1,1
581626,1,1
582119,1,1
597291,1,1
617115,1,1
857911,1,1
859141,1,1
859338,1,1
860281,1,1
860543,1,1
1000066,1,1
1009253,1,1
1011820,1,1
1011981,1,1
1012253,1,1
1014367,1,1
1020479,1,1
1039281,1,1
1040031,1,1
104490,1,1
1048450,1,1
1049623,1,1
1050385,1,1
1052416,1,1
1053276,1,1
1053753,1,1
1086240,1,1
2185293,1,1
237649,1,1
237777,1,1
243326,1,1
244051,1,1
248333,1,1
248678,1,1
251380,1,1
252016,1,1
253113,1,1
284254,1,1
284391,1,1
1654037,1,1
1659287,1,1
1654169,1,1
856364,1,1
2106884,1,1
2173854,1,1
1095693,1,1
403840,1,1
542351,1,1
859002,1,1
859926,1,1
1012257,1,1
1038810,1,1
1049191,1,1
1049901,1,1
1085769,1,1
1049650,1,1
1098924,1,1
1052950,1,1
1086041,1,1
311430,1,1
1988414,1,1
199130,1,1
199984,1,1
200257,1,1
2043308,1,1
204405,1,1
204510,1,1
205359,1,1
205731,1,1
206241,1,1
206812,1,1
207077,1,1
207111,1,1
996736,1,1
996994,1,1
998465,1,1
999965,1,1
313190,1,1
313365,1,1
332451,1,0
346806,1,1
351761,1,1
352314,1,1
313532,1,1
802559,1,1
807251,1,1
830798,1,1
824194,1,1
848732,1,1
849493,1,1
855628,1,1
855657,1,1
857385,1,1
857527,1,1
857754,1,1
208332,1,1
208652,1,1
209172,1,1
209469,1,1
210351,1,1
2104586,1,1
210588,1,1
213040,1,1
213695,1,1
2168863,1,1
2174105,1,1
2182348,1,1
237832,1,1
1090707,1,1
1091523,1,1
1098397,1,1
1101529,1,1
1110798,1,1
1115464,1,1
1147526,1,1
349092,1,1
1112201,1,1
312379,1,1
108780,1,1
200258,1,1
201354,1,1
204938,1,1
206316,1,1
206798,1,1
206856,1,1
207772,1,1
995837,1,1
999832,1,1
313523,1,1
347721,1,1
351173,1,1
389216,1,1
807356,1,1
825325,1,1
833197,1,1
992208,1,1
200328,1,1
828353,1,1
849383,1,1
854984,1,1
856556,1,1
856804,1,1
858262,1,1
208262,1,1
209363,1,1
209390,1,1
209542,1,1
210056,1,1
2102715,1,1
210669,1,1
210744,1,1
211519,1,1
211815,1,1
212792,1,1
2167165,1,1
237212,1,1
1095368,1,1
1114383,1,1
1115267,1,1
1147619,1,1
1234972,1,1
486042,1,1
604396,1,1
857964,1,1
858118,1,1
858605,1,1
858986,1,1
860215,1,1
860266,1,1
1001060,1,1
1006558,1,1
1010604,1,1
1011762,1,1
1012929,1,1
1046593,1,1
1046553,1,1
104719,1,1
104775,1,1
1052633,1,1
241063,1,1
243327,1,1
243374,1,1
284024,1,1
1728786,1,1
1729201,1,1
1729091,1,1
1732138,1,1
433801,1,1
484980,1,1
486099,1,1
860236,1,1
242679,1,1
261186,1,1
262197,1,1
308078,1,1
1661567,1,1
1719013,1,1
1726842,1,1
1728085,1,1
1737851,1,1
1739827,1,1
1739821,1,1
1740250,1,1
1191691,1,1
476628,1,1
485788,1,1
540582,1,1
581577,1,1
581584,1,1
859228,1,1
1001081,1,1
1014645,1,1
1043598,1,1
1046957,1,1
1049770,1,1
105450,1,1
106302,1,1
1086282,1,1
1086705,1,1
248656,1,1
251294,1,1
261329,1,1
1724479,1,1
1728053,1,1
211087,1,1
859188,1,1
1047895,1,1
1049505,1,1
1053295,1,1
248684,1,1
262080,1,1
1653443,1,1
1665517,1,1
1737566,1,1
1660016,1,1
1739216,1,1
1739880,1,1
1740900,1,1
1741405,1,1
1743855,1,1
1788947,1,1
198440,1,1
204434,1,1
2049888,1,1
205625,1,1
205726,1,1
205850,1,1
313554,1,1
392073,1,1
828757,1,1
831337,1,1
831578,1,1
359385,1,1
402698,1,1
312214,1,1
849692,1,1
849866,1,1
852915,1,1
855816,1,1
845968,1,1
1090950,1,1
1091092,1,1
1091517,1,1
1094010,1,1
1094907,1,1
1112205,1,1
1116351,1,1
1192860,1,1
207937,1,1
208117,1,1
208277,1,1
208389,1,1
208851,1,1
208969,1,1
208985,1,1
210204,1,1
210340,1,1
2118716,1,1
209417,1,1
237508,1,1
476287,1,1
476576,1,1
542907,1,1
577190,1,1
583459,1,1
602795,1,1
616535,1,1
857251,1,1
857319,1,1
857861,1,1
859195,1,1
1000670,1,1
1009147,1,1
1010696,1,1
1020025,1,1
104377,1,1
1048906,1,1
1050400,1,1
249277,1,1
259255,1,1
307824,1,1
1723221,1,1
577819,1,1
581620,1,1
604271,1,1
1049589,1,1
1050115,1,1
241911,1,1
1656398,1,1
1724784,1,1
1725064,1,1
1658260,1,1
1727450,1,1
1791723,1,1
1791861,1,1
1795149,1,1
1795254,1,1
1797871,1,1
1797907,1,1
1804806,1,1
1858984,1,1
1860172,1,1
1868839,1,1
1870207,1,1
1923483,1,1
197427,1,1
197596,1,1
1237129,1,1
1245233,1,1
1246594,1,1
1247397,1,1
1250065,1,1
1250909,1,1
1292443,1,1
1294246,1,1
1294322,1,1
1294366,1,1
1294539,1,1
1297547,1,1
1297564,1,1
1298199,1,1
1304108,1,1
1309308,1,1
1312271,1,1
1314141,1,1
1356525,1,1
1356859,1,1
1356909,1,1
1359114,1,1
1359773,1,1
1359914,1,1
1360633,1,1
1362213,1,1
1364920,1,1
1366501,1,1
1367230,1,1
1367306,1,1
1369728,1,1
1370962,1,1
1424361,1,1
1425949,1,1
197736,1,1
197750,1,1
197825,1,1
197944,1,1
1431687,1,1
1435083,1,1
1435176,1,1
1435853,1,1
1440184,1,1
1484743,1,1
1485531,1,1
1488675,1,1
1491795,1,1
1494064,1,1
150892,1,1
1545166,1,1
1545297,1,1
1594951,1,1
1595748,1,1
1648369,1,1
1649014,1,1
1649491,1,1
238721,1,1
242438,1,1
242891,1,1
1668247,1,1
1720953,1,1
1746898,1,1
1791598,1,1
1797528,1,1
1921598,1,1
1246609,1,1
1247877,1,1
1247869,1,1
1247915,1,1
1248823,1,1
1250492,1,1
1250657,1,1
1293342,1,1
1293942,1,1
1294468,1,1
1297363,1,1
1299702,1,1
1300206,1,1
1303251,1,1
1313307,1,1
1356809,1,1
1357942,1,1
1361048,1,1
1361607,1,1
1363391,1,1
1363511,1,1
1364052,1,1
1364054,1,1
1365980,1,1
1367225,1,1
1368410,1,1
197418,1,1
197685,1,1
197984,1,1
198050,1,1
1484927,1,1
1490487,1,1
1492680,1,1
150794,1,1
153031,1,1
153444,1,1
153640,1,1
1729712,1,1
1731538,1,1
1734481,1,1
1740898,1,1
1741417,1,1
1743704,1,1
1743939,1,1
1745108,1,1
1745457,1,1
1791703,1,1
1795518,1,1
1796672,1,1
1860157,1,1
1868565,1,1
1923422,1,1
197626,1,1
1248052,1,1
1251621,1,1
1290913,1,1
1293040,1,1
1293446,1,1
1293420,1,1
1293962,1,1
1299811,1,1
1300208,1,1
1303131,1,1
1361692,1,1
1362059,1,1
1363027,1,1
1364118,1,1
1366021,1,1
1366550,1,1
1429409,1,1
1430408,1,1
1431965,1,1
1435879,1,1
198078,1,1
1437793,1,1
1439844,1,1
1487105,1,1
1491797,1,1
1534665,1,1
1537189,1,1
1543717,1,1
1545778,1,1
1547593,1,1
1550965,1,1
1552014,1,1
1592727,1,1
1597130,1,1
1603365,1,1
1649526,1,1
1250921,1,1
197839,1,1
1606026,1,1
1649603,1,1
1650696,1,1
1294403,1,1
1427959,1,1
1485598,1,1
1534835,1,1
1549435,1,1
1539248,1,1
1541933,1,1
1598059,1,1
1649988,1,1
1245283,1,1
1543072,1,1
1599549,1,1
1806890,1,1
1863355,1,1
1865206,1,1
1876392,1,1
1920976,1,1
1923343,1,1
197306,1,1
197387,1,1
197448,1,1
1248234,1,1
1250723,1,1
1293268,1,1
1294248,1,1
1298110,1,1
1299203,1,1
1364581,1,1
1369403,1,1
1424369,1,1
1491527,1,1
1537330,1,1
1298830,1,1
198165,1,1
198200,1,1
1551300,1,1
628953,1,1
667906,1,1
686185,1,1
707544,1,1
794083,1,1
861844,1,1
862019,1,1
891737,1,1
896184,1,1
905005,1,1
905011,1,1
204485,1,1
724411,1,1
758019,1,1
800003,1,1
801012,1,1
759009,1,1
792576,1,1
861098,1,1
895907,1,1
966240,1,1
993468,1,1
896718,1,1
91792,1,1
991259,1,1
308370,1,1
308714,1,1
308760,1,1
310891,1,1
310890,1,1
312527,1,1
312594,1,1
1087285,1,1
308865,1,1
198562,1,1
1997508,1,1
2003668,1,1
205914,1,1
998232,1,1
998543,1,1
829993,1,1
866404,1,1
749848,1,1
876852,1,1
705164,1,1
750203,1,1
861834,1,1
885205,1,1
901818,1,1
978019,1,1
309771,1,1
312131,1,1
1086991,1,1
1086926,1,1
204528,1,1
996665,1,1
313016,1,1
313324,1,1
314014,1,1
314029,1,1
830541,1,1
978656,1,1
309206,1,1
992443,1,1
1088531,1,1
198748,1,1
2059297,1,1
831296,1,1
861007,1,1
900575,1,1
903724,1,1
308238,1,1
308866,1,1
630194,1,1
643019,1,1
795583,1,1
748962,1,1
755165,1,1
791834,1,1
866455,1,1
886664,1,1
895905,1,1
905064,1,1
994039,1,1
309774,1,1
310207,1,1
310631,1,1
2001364,1,1
748748,1,1
750157,1,1
756116,1,1
724165,1,1
756156,1,1
762834,1,1
880407,1,1
895987,1,1
897743,1,1
903843,1,1
966434,1,1
992668,1,1
995192,1,1
308335,1,1
308511,1,1
308846,1,1
311237,1,1
312077,1,1
312653,1,1
312818,1,1
309111,1,1
198232,1,1
198555,1,1
200345,1,1
206354,1,1
2057219,1,1
997658,1,1
313092,1,1
313220,1,1
829617,1,1
830873,1,1
881376,1,1
896225,1,1
978021,1,1
991154,1,1
701924,1,1
865573,1,1
895521,1,1
311341,1,1
1088953,1,1
2055989,1,1
205789,1,1
995609,1,1
333834,1,1
347108,1,1
348548,1,1
359493,1,1
800269,1,1
834346,1,1
978949,1,1
629364,1,1
730866,1,1
670026,1,1
721775,1,1
727373,1,1
727518,1,1
749841,1,1
754504,1,1
749736,1,1
905457,1,1
794239,1,1
794979,1,1
704855,1,1
762875,1,1
861039,1,1
861052,1,1
861972,1,1
863855,1,1
897598,1,1
900368,1,1
905283,1,1
979470,1,1
903291,1,1
93130,1,1
309147,1,1
309311,1,1
309899,1,1
309954,1,1
310213,1,1
312032,1,1
198322,1,1
198870,1,1
1998457,1,1
205784,1,1
206638,1,1
995455,1,1
312881,1,1
314211,1,1
348522,1,1
351277,1,1
833472,1,1
790247,1,1
863639,1,1
866083,1,1
978013,1,1
993524,1,1
309143,1,1
311700,1,1
311948,1,1
902741,1,1
966615,1,1
902333,1,1
310926,1,1
309454,1,1
807790,1,1
94346,1,1
310811,1,1
198377,1,1
617995,1,1
795817,1,1
744830,1,1
643046,1,1
723526,1,1
756223,1,1
798421,1,1
755468,1,1
762846,1,1
885207,1,1
899559,1,1
762677,1,1
763165,1,1
863622,1,1
876214,1,1
876980,1,1
966160,1,1
966204,1,1
966791,1,1
978745,1,1
993522,1,1
897667,1,1
902648,1,1
308281,1,1
309599,1,1
309682,1,1
311394,1,1
311684,1,1
312284,1,1
198945,1,1
199376,1,1
200299,1,1
2044357,1,1
205732,1,1
995241,1,1
313896,1,1
810077,1,1
828931,1,1
992761,1,1
309049,1,1
309263,1,1
310476,1,1
311982,1,1
1087459,1,1
1088965,1,1
1089866,1,1
311361,1,1
905100,1,1
313108,1,1
403825,1,1
312047,1,1
312356,1,1
198260,1,1
199048,1,1
204937,1,1
206423,1,1
206612,1,1
995268,1,1
996129,1,1
312959,1,1
313299,1,1
313420,1,1
315131,1,1
317853,1,1
324026,1,0
348870,1,1
801057,1,1
801405,1,1
801961,1,1
806771,1,1
826877,1,1
831533,1,1
199167,1,1
206608,1,1
346650,1,1
807018,1,1
835842,1,1
809351,1,1
844813,1,1
845647,1,1
847367,1,1
847630,1,1
848180,1,1
848579,1,1
848755,1,1
849076,1,1
851753,1,1
856722,1,1
856796,1,1
856855,1,1
857099,1,1
800790,1,1
855613,1,1
209368,1,1
209434,1,1
209468,1,1
210249,1,1
211048,1,1
211511,1,1
2117337,1,1
213114,1,1
213263,1,1
213339,1,1
213488,1,1
2167563,1,1
2168532,1,1
1091500,1,1
1092416,1,1
1094350,1,1
1094467,1,1
1095687,1,1
1098175,1,1
1098910,1,1
1099033,1,1
1099078,1,1
1100016,1,1
1110802,1,1
1111760,1,1
857595,1,1
1095532,1,1
1116094,1,1
1116568,1,1
1150832,1,1
1151,1,0
1189668,1,1
1190551,1,1
403851,1,1
404339,1,1
476327,1,1
540060,1,1
541664,1,1
543492,1,1
546142,1,1
581771,1,1
608926,1,1
597823,1,1
860115,1,1
860430,1,1
860686,1,1
1000054,1,1
1001603,1,1
1011746,1,1
1011852,1,1
1012208,1,1
1012683,1,1
1012918,1,1
1013934,1,1
1014022,1,1
1014379,1,1
1014673,1,1
1037074,1,1
1038768,1,1
1043014,1,1
1044591,1,1
1046990,1,1
1049162,1,1
1049642,1,1
1050315,1,1
105392,1,1
1085618,1,1
2184168,1,1
241946,1,1
242800,1,1
244661,1,1
251140,1,1
260386,1,1
261291,1,1
283453,1,1
284592,1,1
308106,1,1
1659956,1,1
1664637,1,1
1665005,1,1
1666314,1,1
2119719,1,1
1111263,1,1
403811,1,1
1000945,1,1
1010740,1,1
1012223,1,1
103835,1,1
1044196,1,1
1049225,1,1
1053329,1,1
1085640,1,1
858112,1,1
859343,1,1
1050624,1,1
1052670,1,1
1052684,1,1
261400,1,1
860438,1,1
104873,1,1
311426,1,1
312217,1,1
312451,1,1
2001516,1,1
2002739,1,1
2044889,1,1
2047614,1,1
206318,1,1
206955,1,1
207234,1,1
207840,1,1
313038,1,1
313651,1,1
313777,1,1
315188,1,1
351125,1,1
830547,1,1
830661,1,1
834023,1,1
845959,1,1
762663,1,1
996594,1,1
848524,1,1
852989,1,1
854888,1,1
855492,1,1
855635,1,1
856760,1,1
856940,1,1
208658,1,1
207640,1,1
209353,1,1
210577,1,1
210860,1,1
2119814,1,1
212332,1,1
212479,1,1
212999,1,1
213049,1,1
2167740,1,1
2173825,1,1
2178081,1,1
226597,1,1
211700,1,1
1093077,1,1
1098406,1,1
1101854,1,1
1114372,1,1
1116361,1,1
209392,1,1
312748,1,1
1089117,1,1
198579,1,1
198629,1,1
1992160,1,1
199304,1,1
204612,1,1
2059017,1,1
207012,1,1
207836,1,1
995765,1,1
313582,1,1
313771,1,1
349168,1,1
351265,1,1
824563,1,1
829989,1,1
199302,1,1
205959,1,1
996245,1,1
352228,1,1
847414,1,1
852946,1,1
855184,1,1
856484,1,1
857404,1,1
208133,1,1
207734,1,1
209523,1,1
211047,1,1
2110503,1,1
211167,1,1
211684,1,1
2123194,1,1
213160,1,1
213269,1,1
2182800,1,1
2183687,1,1
1091167,1,1
1091208,1,1
1091892,1,1
1095231,1,1
1098680,1,1
1099026,1,1
1112948,1,1
1116754,1,1
1116916,1,1
1150131,1,1
1232712,1,1
1235267,1,1
1235389,1,1
1190770,1,1
542512,1,1
577643,1,1
597855,1,1
857894,1,1
858823,1,1
860656,1,1
1000888,1,1
1010603,1,1
1010820,1,1
1010902,1,1
1012968,1,1
1012984,1,1
104052,1,1
1043760,1,1
1045408,1,1
1046305,1,1
1046646,1,1
1046865,1,1
1048063,1,1
1049621,1,1
1052982,1,1
1053111,1,1
1053346,1,1
105398,1,1
242537,1,1
243220,1,1
245220,1,1
251857,1,1
259121,1,1
283693,1,1
284442,1,1
1657881,1,1
1720961,1,1
208438,1,1
1235490,1,1
406641,1,1
580267,1,1
615111,1,1
1046569,1,1
253091,1,1
260847,1,1
1720774,1,1
1734934,1,1
1099689,1,1
1148141,1,1
242989,1,1
1739988,1,1
1741529,1,1
1793884,1,1
1192505,1,1
404503,1,1
404726,1,1
412018,1,1
477144,1,1
477343,1,1
485484,1,1
583170,1,1
583527,1,1
603820,1,1
605820,1,1
859368,1,1
1000884,1,1
1009249,1,1
1011657,1,1
1043191,1,1
1048051,1,1
1048130,1,1
1049214,1,1
1049291,1,1
239982,1,1
242206,1,1
1658423,1,1
1658221,1,1
1660758,1,1
1732124,1,1
1735065,1,1
1657997,1,1
211108,1,1
1146688,1,1
543408,1,1
859437,1,1
860096,1,1
860195,1,1
1010835,1,1
1039329,1,1
1046501,1,1
1053339,1,1
238011,1,1
241834,1,1
283163,1,1
1658329,1,1
1665215,1,1
1735533,1,1
252995,1,1
1088752,1,1
198911,1,1
200096,1,1
207070,1,1
313483,1,1
313578,1,1
314276,1,1
349544,1,1
377740,1,1
803367,1,1
825334,1,1
826855,1,1
800786,1,1
835519,1,1
854822,1,1
856373,1,1
1090794,1,1
1091885,1,1
1091213,1,1
1099776,1,1
1114477,1,1
1115888,1,1
1150463,1,1
1192947,1,1
210076,1,1
210591,1,1
211808,1,1
211817,1,1
212297,1,1
1092446,1,1
211395,1,1
213408,1,1
2184155,1,1
238015,1,1
213184,1,1
476977,1,1
539815,1,1
543158,1,1
562283,1,1
581753,1,1
858136,1,1
860034,1,1
1006200,1,1
1012739,1,1
1014674,1,1
105259,1,1
261367,1,1
261371,1,1
1654346,1,1
1656402,1,1
1657989,1,1
2119579,1,1
413100,1,1
859186,1,1
1012910,1,1
1013665,1,1
1020023,1,1
262090,1,1
1664984,1,1
1718913,1,1
1790815,1,1
1795348,1,1
1796712,1,1
1797895,1,1
1799212,1,1
1799305,1,1
1804375,1,1
1809754,1,1
1860597,1,1
1865204,1,1
1866164,1,1
1867690,1,1
1867940,1,1
1867944,1,1
1869280,1,1
1874857,1,1
1926601,1,1
1940587,1,1
197533,1,1
1234982,1,1
1241674,1,1
1241981,1,1
1244008,1,1
1244581,1,1
1245383,1,1
1247979,1,1
1249040,1,1
1249110,1,1
1250488,1,1
1250693,1,1
1251327,1,1
1249717,1,1
1250743,1,1
1291718,1,1
1293038,1,1
1300064,1,1
1301152,1,1
1247254,1,1
1307147,1,1
1307247,1,1
1310627,1,1
1311535,1,1
1358419,1,1
1358623,1,1
1359378,1,1
1359705,1,1
1362060,1,1
1364272,1,1
1368963,1,1
1369810,1,1
1370230,1,1
142061,1,1
1421060,1,1
1421985,1,1
1424274,1,1
1425352,1,1
1425559,1,1
1373504,1,1
197687,1,1
197696,1,1
197962,1,1
1425510,1,1
1433894,1,1
1437975,1,1
1486452,1,1
1489127,1,1
1489300,1,1
1493512,1,1
151226,1,1
153353,1,1
1535362,1,1
1535484,1,1
1545673,1,1
1549337,1,1
1551999,1,1
1593607,1,1
1595155,1,1
1430119,1,1
237650,1,1
240793,1,1
1718936,1,1
1718928,1,1
1724354,1,1
1735537,1,1
1737568,1,1
1741905,1,1
1743549,1,1
1747567,1,1
1792142,1,1
1796101,1,1
1807509,1,1
1812421,1,1
1856424,1,1
1865193,1,1
1926055,1,1
1236707,1,1
1245734,1,1
1245905,1,1
1246290,1,1
1250528,1,1
1251790,1,1
1293631,1,1
1294005,1,1
1297967,1,1
1300908,1,1
1302751,1,1
1314934,1,1
1357913,1,1
1358432,1,1
1363513,1,1
1366192,1,1
1370125,1,1
1376380,1,1
1421007,1,1
1422907,1,1
1424551,1,1
1426157,1,1
1437969,1,1
1438497,1,1
197634,1,1
197662,1,1
197700,1,1
197789,1,1
197817,1,1
1534858,1,1
1742228,1,1
1790892,1,1
1795498,1,1
1798997,1,1
1806736,1,1
1856398,1,1
1918211,1,1
197361,1,1
197595,1,1
197781,1,1
1241994,1,1
1245937,1,1
1246250,1,1
1248083,1,1
1248825,1,1
1292897,1,1
1297369,1,1
1297960,1,1
1298362,1,1
1300740,1,1
1303137,1,1
1309356,1,1
1359013,1,1
1424902,1,1
1430401,1,1
197872,1,1
1489215,1,1
1537235,1,1
1546588,1,1
1550038,1,1
1928875,1,1
197363,1,1
1298910,1,1
1601564,1,1
1605071,1,1
1648174,1,1
1294235,1,1
1359979,1,1
1376338,1,1
1542820,1,1
1546705,1,1
1599163,1,1
1607633,1,1
1652108,1,1
1243439,1,1
1369732,1,1
1494203,1,1
1797923,1,1
1798549,1,1
1811918,1,1
1812427,1,1
1855732,1,1
1921017,1,1
197439,1,1
1235758,1,1
1244999,1,1
1245771,1,1
1251610,1,1
1251918,1,1
1290936,1,1
1294621,1,1
1302176,1,1
1361568,1,1
1362024,1,1
1364056,1,1
1366206,1,1
1421456,1,1
1424257,1,1
1432281,1,1
1432885,1,1
1433755,1,1
197653,1,1
198150,1,1
1485070,1,1
1535485,1,1
1549688,1,1
1596781,1,1
1594673,1,1
1244150,1,1
618784,1,1
629032,1,1
636568,1,1
643023,1,1
664704,1,1
645190,1,1
669031,1,1
700416,1,1
708018,1,1
762897,1,1
753536,1,1
655050,1,1
665056,1,1
702313,1,1
727496,1,1
727705,1,1
731538,1,1
731572,1,1
763488,1,1
751884,1,1
756090,1,1
884648,1,1
309846,1,1
311171,1,1
762859,1,1
643175,1,1
793867,1,1
884185,1,1
891437,1,1
892330,1,1
892645,1,1
966188,1,1
966245,1,1
978002,1,1
994291,1,1
978954,1,1
966436,1,1
1090506,1,1
198292,1,1
205803,1,1
997406,1,1
313782,1,1
315090,1,1
836468,1,1
993542,1,1
637518,1,1
750841,1,1
759697,1,1
886673,1,1
904465,1,1
979480,1,1
755982,1,1
799034,1,1
722137,1,1
885209,1,1
898396,1,1
904268,1,1
198357,1,1
198367,1,1
1994389,1,1
200256,1,1
205255,1,1
206832,1,1
207586,1,1
996026,1,1
313637,1,1
349208,1,1
349551,1,1
803308,1,1
755433,1,1
991683,1,1
312070,1,1
312309,1,1
308997,1,1
312529,1,1
198247,1,1
198877,1,1
204519,1,1
206880,1,1
351974,1,1
403807,1,1
824002,1,1
883708,1,1
884537,1,1
758144,1,1
861440,1,1
636607,1,1
686418,1,1
687659,1,1
639497,1,1
707352,1,1
668469,1,1
728132,1,1
729234,1,1
753411,1,1
795806,1,1
880326,1,1
967023,1,1
894942,1,1
901829,1,1
205289,1,1
205611,1,1
312967,1,1
753526,1,1
763189,1,1
647237,1,1
763296,1,1
793865,1,1
861238,1,1
861661,1,1
864646,1,1
876693,1,1
892672,1,1
903755,1,1
865121,1,1
892615,1,1
308615,1,1
308749,1,1
308923,1,1
309574,1,1
312771,1,1
198437,1,1
198861,1,1
995688,1,1
996450,1,1
996757,1,1
997520,1,1
352319,1,1
359468,1,1
346910,1,1
863630,1,1
966183,1,1
966423,1,1
883566,1,1
308767,1,1
310378,1,1
763565,1,1
861222,1,1
905148,1,1
309191,1,1
198884,1,1
198892,1,1
315111,1,1
372696,1,1
827748,1,1
762893,1,1
882504,1,1
308666,1,1
309297,1,1
309538,1,1
636528,1,1
672571,1,1
643165,1,1
727488,1,1
728223,1,1
749811,1,1
864807,1,1
205259,1,1
746037,1,1
748961,1,1
866088,1,1
881341,1,1
882559,1,1
892531,1,1
897658,1,1
966234,1,1
992403,1,1
308228,1,1
308398,1,1
310583,1,1
311660,1,1
311671,1,1
1090807,1,1
1992169,1,1
205175,1,1
207016,1,1
995440,1,1
995906,1,1
996634,1,1
312897,1,1
352091,1,1
834160,1,1
899705,1,1
308232,1,1
308392,1,1
310532,1,1
311081,1,1
311905,1,1
891878,1,1
1090802,1,1
756236,1,1
751537,1,1
647416,1,1
686926,1,1
758988,1,1
790267,1,1
797233,1,1
865129,1,1
207191,1,1
727761,1,1
750086,1,1
758587,1,1
754744,1,1
864669,1,1
882527,1,1
898139,1,1
308136,1,1
308376,1,1
308725,1,1
309120,1,1
310294,1,1
312463,1,1
1086865,1,1
198590,1,1
1989507,1,1
206101,1,1
206512,1,1
999667,1,1
313264,1,1
343051,1,1
349626,1,1
359322,1,1
359929,1,1
804721,1,1
309015,1,1
309115,1,1
311878,1,1
312362,1,1
978727,1,1
309318,1,1
309674,1,1
997504,1,1
884385,1,1
896273,1,1
312033,1,1
312749,1,1
1089030,1,1
198228,1,1
198641,1,1
198993,1,1
199351,1,1
2000023,1,1
200082,1,1
204602,1,1
206033,1,1
206073,1,1
995289,1,1
997283,1,1
998525,1,1
999729,1,1
313172,1,1
315216,1,1
347744,1,1
349212,1,1
351151,1,1
204423,1,1
999406,1,1
313789,1,1
315178,1,1
349593,1,1
800928,1,1
834135,1,1
848135,1,1
848216,1,1
849295,1,1
856371,1,1
857509,1,1
857575,1,1
844372,1,1
846192,1,1
849750,1,1
207406,1,1
209129,1,1
210133,1,1
2104323,1,1
211315,1,1
212110,1,1
2122343,1,1
2122909,1,1
213348,1,1
2168438,1,1
2168448,1,1
2173957,1,1
2183697,1,1
1092375,1,1
1094190,1,1
1099565,1,1
1111114,1,1
204891,1,1
213156,1,1
2167731,1,1
1116967,1,1
1147181,1,1
1148155,1,1
1150118,1,1
1189310,1,1
1189630,1,1
1233682,1,1
1233684,1,1
403908,1,1
403945,1,1
403972,1,1
476828,1,1
477245,1,1
486148,1,1
539469,1,1
543666,1,1
543812,1,1
597990,1,1
608696,1,1
616463,1,1
857838,1,1
858747,1,1
859327,1,1
859329,1,1
860697,1,1
860709,1,1
1000656,1,1
1000913,1,1
1001086,1,1
1006645,1,1
1009478,1,1
1010846,1,1
1012229,1,1
1012327,1,1
1012724,1,1
1012966,1,1
103403,1,1
1043723,1,1
1044563,1,1
1045430,1,1
1046361,1,1
104781,1,1
104783,1,1
1049154,1,1
1049216,1,1
1049545,1,1
1050079,1,1
105005,1,1
1050802,1,1
1052530,1,1
1053142,1,1
106371,1,1
238909,1,1
247760,1,1
259021,1,1
259305,1,1
260302,1,1
260406,1,1
261184,1,1
282464,1,1
307832,1,1
308119,1,1
1659151,1,1
857587,1,1
1111703,1,1
1113053,1,1
1193120,1,1
4845,1,0
541357,1,1
562830,1,1
584296,1,1
615968,1,1
857877,1,1
1001006,1,1
1011080,1,1
1041498,1,1
1041810,1,1
1046609,1,1
104782,1,1
1049232,1,1
1049629,1,1
1049906,1,1
1053654,1,1
859818,1,1
1014318,1,1
1661099,1,1
211865,1,1
11248,1,0
1046959,1,1
1050325,1,1
311384,1,1
311943,1,1
1087593,1,1
199164,1,1
201567,1,1
2044805,1,1
2049677,1,1
205233,1,1
2057205,1,1
207199,1,1
207404,1,1
313835,1,1
314214,1,1
348568,1,1
349434,1,1
351134,1,1
351541,1,1
375850,1,1
804695,1,1
828287,1,1
834173,1,1
835956,1,1
836634,1,1
308614,1,1
2056502,1,1
313760,1,1
804544,1,1
402506,1,1
847257,1,1
847708,1,1
852906,1,1
855162,1,1
857323,1,1
847534,1,1
210061,1,1
210541,1,1
2108930,1,1
211890,1,1
212054,1,1
2122650,1,1
2122989,1,1
2166196,1,1
2173662,1,1
2173834,1,1
2176270,1,1
2183705,1,1
1092412,1,1
1095725,1,1
1098592,1,1
1110757,1,1
1111267,1,1
1111680,1,1
1113715,1,1
1115730,1,1
1149634,1,1
1190781,1,1
311482,1,1
1087245,1,1
108852,1,1
198534,1,1
1992837,1,1
2001749,1,1
2045632,1,1
2047602,1,1
206550,1,1
206917,1,1
995235,1,1
313209,1,1
376642,1,1
403937,1,1
824480,1,1
830876,1,1
831226,1,1
846034,1,1
846138,1,1
200194,1,1
207768,1,1
999967,1,1
313841,1,1
806763,1,1
807824,1,1
849394,1,1
855288,1,1
855334,1,1
857007,1,1
857210,1,1
857535,1,1
857882,1,1
857902,1,1
208086,1,1
208178,1,1
210208,1,1
210277,1,1
211162,1,1
211974,1,1
213211,1,1
214111,1,1
2173677,1,1
2173839,1,1
1091226,1,1
1094385,1,1
1094740,1,1
1098141,1,1
1099598,1,1
1100691,1,1
1147924,1,1
213279,1,1
1234500,1,1
1235205,1,1
484901,1,1
485550,1,1
539886,1,1
542724,1,1
544741,1,1
545642,1,1
859256,1,1
860118,1,1
860456,1,1
860564,1,1
1000937,1,1
1012760,1,1
1013030,1,1
1020017,1,1
1037259,1,1
1038856,1,1
1038947,1,1
1037367,1,1
1049582,1,1
1049599,1,1
1049591,1,1
105170,1,1
1053724,1,1
1053761,1,1
252732,1,1
259221,1,1
260243,1,1
284205,1,1
1658044,1,1
1659179,1,1
1670016,1,1
1734953,1,1
1737641,1,1
211567,1,1
2174809,1,1
1101873,1,1
1114896,1,1
1144964,1,1
1233698,1,1
431737,1,1
858812,1,1
1000005,1,1
1006855,1,1
1037030,1,1
1044416,1,1
1049541,1,1
239237,1,1
240812,1,1
242324,1,1
242736,1,1
249713,1,1
260229,1,1
261165,1,1
1657862,1,1
1674200,1,1
1719000,1,1
1148145,1,1
1739992,1,1
1747579,1,1
1791365,1,1
1795168,1,1
1724339,1,1
562364,1,1
1729446,1,1
1191034,1,1
1193103,1,1
1232141,1,1
1233294,1,1
405903,1,1
413101,1,1
477562,1,1
485536,1,1
546582,1,1
562249,1,1
562647,1,1
605686,1,1
606854,1,1
608624,1,1
859143,1,1
1014643,1,1
1046985,1,1
1049145,1,1
1052729,1,1
105826,1,1
238090,1,1
239212,1,1
242706,1,1
247835,1,1
250714,1,1
261204,1,1
308103,1,1
1658087,1,1
1659218,1,1
1725177,1,1
1728766,1,1
1728802,1,1
1729524,1,1
1735060,1,1
1190331,1,1
1000983,1,1
1047087,1,1
1053188,1,1
1085745,1,1
242120,1,1
1720768,1,1
1234242,1,1
1045623,1,1
283671,1,1
1716071,1,1
1737753,1,1
1788864,1,1
476345,1,1
1091185,1,1
199369,1,1
201900,1,1
204701,1,1
204796,1,1
205645,1,1
997482,1,1
313088,1,1
313561,1,1
314007,1,1
314155,1,1
340275,1,1
347823,1,1
349200,1,1
349332,1,1
351146,1,1
351945,1,1
372396,1,1
402010,1,1
800812,1,1
807730,1,1
808025,1,1
826910,1,1
828301,1,1
347166,1,1
205976,1,1
833456,1,1
849608,1,1
854986,1,1
855340,1,1
856656,1,1
856838,1,1
846378,1,1
1091204,1,1
1091394,1,1
1094151,1,1
1099292,1,1
1099302,1,1
1111754,1,1
1112989,1,1
1114338,1,1
1146020,1,1
1149367,1,1
1235380,1,1
207440,1,1
207456,1,1
208161,1,1
208352,1,1
208661,1,1
209352,1,1
209443,1,1
2104630,1,1
2122641,1,1
212599,1,1
213178,1,1
213482,1,1
404669,1,1
417547,1,1
476872,1,1
477260,1,1
545353,1,1
577043,1,1
577057,1,1
606768,1,1
616435,1,1
858125,1,1
858810,1,1
1038929,1,1
1043669,1,1
105174,1,1
105295,1,1
1086310,1,1
239195,1,1
241190,1,1
242946,1,1
243621,1,1
244539,1,1
246521,1,1
284069,1,1
307696,1,1
1657010,1,1
854878,1,1
562387,1,1
1001010,1,1
1046449,1,1
1049512,1,1
105071,1,1
251050,1,1
307745,1,1
1657874,1,1
1725083,1,1
1728792,1,1
1797913,1,1
1804449,1,1
1809069,1,1
1809436,1,1
1809903,1,1
1857925,1,1
1866190,1,1
1867544,1,1
1868562,1,1
1870960,1,1
1923347,1,1
1926456,1,1
197444,1,1
197609,1,1
1235561,1,1
1235874,1,1
1236458,1,1
1236716,1,1
1242325,1,1
1242615,1,1
1243899,1,1
1244918,1,1
1246891,1,1
1248118,1,1
1248330,1,1
1250917,1,1
1293603,1,1
1297575,1,1
1299059,1,1
1302912,1,1
1303777,1,1
1291979,1,1
1307063,1,1
1307869,1,1
1307996,1,1
1313061,1,1
1356302,1,1
1357866,1,1
1357943,1,1
1358769,1,1
1358780,1,1
1359128,1,1
1360330,1,1
1361198,1,1
1362151,1,1
1362722,1,1
1363026,1,1
1363475,1,1
1363785,1,1
1370950,1,1
1424457,1,1
1425337,1,1
1427379,1,1
1428933,1,1
197952,1,1
1435502,1,1
1442871,1,1
1482807,1,1
1486188,1,1
1488563,1,1
1489103,1,1
1490491,1,1
1491717,1,1
152971,1,1
1535962,1,1
153735,1,1
1539762,1,1
1544402,1,1
1544639,1,1
1549690,1,1
1591976,1,1
1593569,1,1
1596455,1,1
1604395,1,1
1251900,1,1
1356812,1,1
1488366,1,1
284308,1,1
1658966,1,1
1665519,1,1
211962,1,1
1670195,1,1
1720592,1,1
1723219,1,1
1728089,1,1
1728355,1,1
1737454,1,1
1742031,1,1
1796137,1,1
1806187,1,1
1809063,1,1
1868028,1,1
1918056,1,1
1926565,1,1
197327,1,1
1235595,1,1
1241796,1,1
1242697,1,1
1244702,1,1
1248162,1,1
1293644,1,1
1293660,1,1
1293743,1,1
1294562,1,1
1300368,1,1
1356102,1,1
1360508,1,1
1365979,1,1
1367318,1,1
1373333,1,1
1422525,1,1
1424850,1,1
1432948,1,1
1435115,1,1
197543,1,1
1482674,1,1
1483212,1,1
1484411,1,1
1734377,1,1
1736919,1,1
1737763,1,1
1790344,1,1
1797861,1,1
1808222,1,1
1809220,1,1
1870225,1,1
1876373,1,1
1919209,1,1
1241833,1,1
1242631,1,1
1244579,1,1
1247988,1,1
1248136,1,1
1250903,1,1
1251557,1,1
1251909,1,1
1291677,1,1
1294371,1,1
1297584,1,1
1299911,1,1
1300092,1,1
1302741,1,1
1303358,1,1
1307235,1,1
1356346,1,1
1358859,1,1
1359774,1,1
1363321,1,1
1370002,1,1
141868,1,1
1424066,1,1
1435516,1,1
1488617,1,1
1490785,1,1
1495476,1,1
150945,1,1
152855,1,1
1534656,1,1
1537107,1,1
1540278,1,1
1593771,1,1
1597593,1,1
1599286,1,1
1300014,1,1
1600917,1,1
1608258,1,1
1430404,1,1
197867,1,1
1544065,1,1
1607796,1,1
1542385,1,1
1653204,1,1
1653326,1,1
1359129,1,1
1362770,1,1
1551989,1,1
1599125,1,1
1546079,1,1
1547575,1,1
1593775,1,1
1600700,1,1
1603369,1,1
1603498,1,1
1603861,1,1
1653221,1,1
1359003,1,1
1360199,1,1
1376395,1,1
1595402,1,1
1795481,1,1
1809580,1,1
1809584,1,1
1809667,1,1
1873470,1,1
1923362,1,1
1243485,1,1
1244565,1,1
1247759,1,1
1248837,1,1
1251049,1,1
1251175,1,1
1291133,1,1
1291726,1,1
1298450,1,1
1357870,1,1
1363242,1,1
1367227,1,1
198197,1,1
1483734,1,1
1535603,1,1
1545174,1,1
1549323,1,1
1598066,1,1
1599949,1,1
1603495,1,1
1648198,1,1
1651271,1,1
1299170,1,1
1547634,1,1
643066,1,1
643074,1,1
657568,1,1
687196,1,1
707339,1,1
727494,1,1
749879,1,1
723530,1,1
702494,1,1
707333,1,1
722113,1,1
749210,1,1
795770,1,1
800588,1,1
800074,1,1
861505,1,1
898692,1,1
991692,1,1
798176,1,1
799873,1,1
756176,1,1
863562,1,1
892337,1,1
895666,1,1
898689,1,1
902313,1,1
905215,1,1
966180,1,1
993559,1,1
993541,1,1
897117,1,1
308972,1,1
310765,1,1
312324,1,1
1087249,1,1
1087268,1,1
198285,1,1
199365,1,1
200390,1,1
204726,1,1
206510,1,1
206610,1,1
897632,1,1
308345,1,1
762675,1,1
866410,1,1
968849,1,1
763095,1,1
700410,1,1
861476,1,1
865098,1,1
883720,1,1
892637,1,1
899497,1,1
94408,1,1
966213,1,1
308941,1,1
1089822,1,1
200036,1,1
402096,1,1
810094,1,1
898382,1,1
310313,1,1
753478,1,1
310209,1,1
311423,1,1
311357,1,1
1994754,1,1
1996212,1,1
809992,1,1
310228,1,1
2049378,1,1
205917,1,1
618378,1,1
763577,1,1
665044,1,1
637216,1,1
637175,1,1
701589,1,1
748641,1,1
755432,1,1
755799,1,1
755838,1,1
762005,1,1
995084,1,1
749788,1,1
798061,1,1
861510,1,1
899518,1,1
905207,1,1
966215,1,1
991251,1,1
885131,1,1
902310,1,1
308215,1,1
308278,1,1
308841,1,1
309315,1,1
310608,1,1
311997,1,1
1086859,1,1
198300,1,1
2000033,1,1
200866,1,1
205876,1,1
206715,1,1
207979,1,1
998526,1,1
313302,1,1
315006,1,1
317282,1,1
346228,1,1
375879,1,1
801697,1,1
808534,1,1
889520,1,1
895782,1,1
896854,1,1
309956,1,1
731559,1,1
756217,1,1
861079,1,1
966164,1,1
308667,1,1
200104,1,1
391937,1,1
826836,1,1
308384,1,1
630422,1,1
750094,1,1
700897,1,1
705728,1,1
731372,1,1
749157,1,1
727981,1,1
791120,1,1
866157,1,1
903885,1,1
992582,1,1
1088772,1,1
750102,1,1
756204,1,1
860769,1,1
864826,1,1
308524,1,1
309287,1,1
310014,1,1
310934,1,1
312084,1,1
312525,1,1
312521,1,1
1088549,1,1
1087457,1,1
198378,1,1
198909,1,1
1992282,1,1
1993231,1,1
2046770,1,1
2047879,1,1
205909,1,1
998501,1,1
313147,1,1
351926,1,1
352199,1,1
387013,1,1
801579,1,1
835728,1,1
966176,1,1
979365,1,1
310911,1,1
311204,1,1
311621,1,1
897678,1,1
828521,1,1
865133,1,1
727535,1,1
618740,1,1
685054,1,1
630176,1,1
630475,1,1
795186,1,1
692730,1,1
861211,1,1
864110,1,1
866813,1,1
308903,1,1
728546,1,1
753549,1,1
863756,1,1
900621,1,1
901985,1,1
903887,1,1
905453,1,1
966456,1,1
897626,1,1
978770,1,1
309112,1,1
309123,1,1
311970,1,1
1088774,1,1
309322,1,1
198493,1,1
198871,1,1
199561,1,1
2003710,1,1
204119,1,1
206344,1,1
206413,1,1
994091,1,1
999419,1,1
999990,1,1
313134,1,1
992754,1,1
308483,1,1
311157,1,1
1087395,1,1
1090559,1,1
645786,1,1
309289,1,1
966620,1,1
198468,1,1
310625,1,1
2046149,1,1
312370,1,1
198717,1,1
2047512,1,1
2052424,1,1
2056466,1,1
206336,1,1
206594,1,1
206747,1,1
207127,1,1
994435,1,1
998466,1,1
313105,1,1
314168,1,1
349352,1,1
351262,1,1
804156,1,1
807206,1,1
831109,1,1
833143,1,1
1090456,1,1
200902,1,1
314042,1,1
823881,1,1
828246,1,1
835917,1,1
846953,1,1
848960,1,1
849737,1,1
852994,1,1
853023,1,1
853367,1,1
854248,1,1
854812,1,1
855318,1,1
855644,1,1
856596,1,1
857182,1,1
857354,1,1
857508,1,1
836347,1,1
845315,1,1
847712,1,1
207824,1,1
207892,1,1
207954,1,1
208957,1,1
209251,1,1
210078,1,1
2105794,1,1
2106997,1,1
211072,1,1
2108525,1,1
212360,1,1
2168006,1,1
2168602,1,1
2174390,1,1
2184133,1,1
1099316,1,1
1099308,1,1
1101377,1,1
1101942,1,1
1110813,1,1
1112244,1,1
1112987,1,1
1114110,1,1
1115259,1,1
1115329,1,1
211021,1,1
2168502,1,1
1094418,1,1
1099306,1,1
213707,1,1
1116929,1,1
1119541,1,1
1191262,1,1
1233575,1,1
407856,1,1
422737,1,1
452688,1,1
539789,1,1
542590,1,1
544518,1,1
562715,1,1
616541,1,1
857886,1,1
858998,1,1
859096,1,1
859164,1,1
860562,1,1
860600,1,1
1012685,1,1
1014632,1,1
1020053,1,1
860495,1,1
1038746,1,1
104095,1,1
1046234,1,1
1046504,1,1
1085741,1,1
2184177,1,1
226827,1,1
242794,1,1
245038,1,1
247086,1,1
247682,1,1
251406,1,1
259883,1,1
282465,1,1
283274,1,1
283602,1,1
1655934,1,1
1658313,1,1
213461,1,1
213575,1,1
1091623,1,1
1094447,1,1
1099878,1,1
1148394,1,1
1190184,1,1
540142,1,1
1001079,1,1
1012164,1,1
1039499,1,1
1046900,1,1
1053187,1,1
860510,1,1
1048415,1,1
1657910,1,1
404326,1,1
1993220,1,1
200131,1,1
2003391,1,1
200342,1,1
2047728,1,1
205315,1,1
205626,1,1
207276,1,1
995447,1,1
998673,1,1
999995,1,1
312982,1,1
314040,1,1
315037,1,1
317862,1,1
352231,1,1
402243,1,1
807835,1,1
809212,1,1
809271,1,1
2049391,1,1
403978,1,1
809030,1,1
831574,1,1
847348,1,1
848149,1,1
849431,1,1
856733,1,1
856824,1,1
856847,1,1
208081,1,1
208592,1,1
209470,1,1
210778,1,1
211893,1,1
2123159,1,1
213155,1,1
213301,1,1
2174534,1,1
2178057,1,1
2184131,1,1
1091339,1,1
1092552,1,1
1092747,1,1
1116186,1,1
1116532,1,1
1189818,1,1
835605,1,1
208311,1,1
208645,1,1
211821,1,1
312235,1,1
312442,1,1
198542,1,1
200316,1,1
204441,1,1
204752,1,1
2048718,1,1
206178,1,1
207702,1,1
207245,1,1
996605,1,1
998329,1,1
312935,1,1
313133,1,1
313216,1,1
314075,1,1
351130,1,1
313474,1,1
370652,1,1
801194,1,1
809309,1,1
831250,1,1
835910,1,1
966420,1,1
314171,1,1
377832,1,1
378763,1,1
833151,1,1
856812,1,1
857166,1,1
857373,1,1
857489,1,1
858100,1,1
208316,1,1
208387,1,1
210827,1,1
210864,1,1
2122766,1,1
212374,1,1
213048,1,1
2170987,1,1
2173718,1,1
2178283,1,1
2179844,1,1
237406,1,1
1093300,1,1
1094481,1,1
1099304,1,1
1100928,1,1
1101934,1,1
1112224,1,1
1114700,1,1
1150067,1,1
207254,1,1
211836,1,1
1233692,1,1
1235042,1,1
539759,1,1
542304,1,1
543786,1,1
544218,1,1
579334,1,1
579816,1,1
581614,1,1
583453,1,1
860499,1,1
860534,1,1
1000497,1,1
1005853,1,1
1006647,1,1
1006709,1,1
1009476,1,1
1012004,1,1
1044431,1,1
1048284,1,1
1049910,1,1
105467,1,1
1085698,1,1
1085811,1,1
238405,1,1
240448,1,1
244593,1,1
247551,1,1
248642,1,1
251404,1,1
251457,1,1
260127,1,1
284498,1,1
1656599,1,1
1666545,1,1
1719231,1,1
1723189,1,1
1733859,1,1
1736778,1,1
1738354,1,1
211682,1,1
1010053,1,1
1046442,1,1
1046867,1,1
1047862,1,1
1048873,1,1
1085977,1,1
1664359,1,1
1729710,1,1
242787,1,1
245020,1,1
1737638,1,1
1791599,1,1
1791701,1,1
616810,1,1
1189100,1,1
1233700,1,1
1233878,1,1
404636,1,1
411081,1,1
485023,1,1
539433,1,1
539554,1,1
541892,1,1
577785,1,1
582299,1,1
602185,1,1
603103,1,1
607232,1,1
859941,1,1
860055,1,1
860522,1,1
1009433,1,1
1012726,1,1
1012707,1,1
1047907,1,1
1050670,1,1
239239,1,1
240029,1,1
243421,1,1
307828,1,1
1665444,1,1
1668154,1,1
1735487,1,1
1232113,1,1
860143,1,1
1086767,1,1
1670353,1,1
1724880,1,1
1737565,1,1
1743374,1,1
1744041,1,1
1790351,1,1
404179,1,1
198312,1,1
198483,1,1
206847,1,1
206946,1,1
995776,1,1
315105,1,1
343017,1,1
349545,1,1
351936,1,1
349478,1,1
801962,1,1
826867,1,1
829926,1,1
205859,1,1
313214,1,1
349404,1,1
833146,1,1
833703,1,1
833704,1,1
833711,1,1
849321,1,1
849450,1,1
849928,1,1
855213,1,1
1090849,1,1
1099886,1,1
1100896,1,1
1112867,1,1
1115449,1,1
1189687,1,1
1191376,1,1
208112,1,1
208323,1,1
208942,1,1
209329,1,1
210274,1,1
210540,1,1
1234498,1,1
213825,1,1
2175104,1,1
237420,1,1
2168869,1,1
404334,1,1
416684,1,1
540263,1,1
545118,1,1
562251,1,1
577862,1,1
597967,1,1
616487,1,1
617309,1,1
857022,1,1
857413,1,1
857468,1,1
857764,1,1
860754,1,1
1020059,1,1
1037147,1,1
1052660,1,1
106834,1,1
1085767,1,1
245043,1,1
261283,1,1
261309,1,1
261359,1,1
282486,1,1
307676,1,1
1667882,1,1
2123047,1,1
210665,1,1
1658345,1,1
1661208,1,1
1791371,1,1
1797845,1,1
1797906,1,1
1798541,1,1
1806195,1,1
1864414,1,1
1867997,1,1
1870952,1,1
1873704,1,1
1876132,1,1
1946727,1,1
197483,1,1
197541,1,1
1863967,1,1
1234941,1,1
1241824,1,1
1245298,1,1
1245449,1,1
1245985,1,1
1246628,1,1
1250983,1,1
1251039,1,1
1292314,1,1
1294471,1,1
1294547,1,1
1300739,1,1
1304511,1,1
1305786,1,1
1305775,1,1
1307874,1,1
1314882,1,1
1356866,1,1
1357405,1,1
1358781,1,1
1359135,1,1
1359709,1,1
1360635,1,1
1366022,1,1
1366879,1,1
1370213,1,1
1370770,1,1
1372891,1,1
1374408,1,1
141963,1,1
1422103,1,1
1422901,1,1
1423080,1,1
1423720,1,1
1425110,1,1
197719,1,1
197844,1,1
197898,1,1
197953,1,1
198005,1,1
1431977,1,1
1432149,1,1
1435480,1,1
1442585,1,1
1540847,1,1
1541781,1,1
1545163,1,1
1545290,1,1
1547672,1,1
1596445,1,1
1604352,1,1
1546894,1,1
1648776,1,1
1432119,1,1
244309,1,1
1655938,1,1
308117,1,1
1658148,1,1
1670351,1,1
1718975,1,1
1723206,1,1
1729053,1,1
1729419,1,1
1731340,1,1
1737457,1,1
1741406,1,1
1742399,1,1
1793135,1,1
1798388,1,1
1798385,1,1
1801283,1,1
1876674,1,1
1919512,1,1
1927024,1,1
1943497,1,1
1236092,1,1
1242787,1,1
1243328,1,1
1246074,1,1
1247756,1,1
1248050,1,1
1250755,1,1
1251562,1,1
1251813,1,1
1291951,1,1
1293975,1,1
1297551,1,1
1298452,1,1
1306916,1,1
1310954,1,1
1356837,1,1
1363034,1,1
1365866,1,1
1366822,1,1
1376066,1,1
1422081,1,1
1436155,1,1
1436940,1,1
197388,1,1
197625,1,1
197912,1,1
1442590,1,1
1486665,1,1
1534833,1,1
153639,1,1
1292470,1,1
1741407,1,1
1790246,1,1
1790317,1,1
1791065,1,1
1795346,1,1
1801294,1,1
1807510,1,1
1808849,1,1
1809438,1,1
1855519,1,1
1859373,1,1
1860464,1,1
1872272,1,1
1926332,1,1
1927290,1,1
1943551,1,1
197511,1,1
197536,1,1
197695,1,1
1869381,1,1
1244921,1,1
1245461,1,1
1245539,1,1
1293876,1,1
1299179,1,1
1299799,1,1
1307421,1,1
1310820,1,1
1310944,1,1
1312429,1,1
1312408,1,1
1356310,1,1
1357428,1,1
1359027,1,1
1359347,1,1
1363499,1,1
1368431,1,1
1372459,1,1
1422101,1,1
1436931,1,1
198208,1,1
1442881,1,1
1483558,1,1
1493691,1,1
152932,1,1
1536882,1,1
1596783,1,1
1421987,1,1
1606283,1,1
1606305,1,1
1247658,1,1
1358765,1,1
1545669,1,1
1547952,1,1
1922476,1,1
1923433,1,1
1294128,1,1
1364114,1,1
1601098,1,1
153845,1,1
1539190,1,1
1540675,1,1
1543394,1,1
1544394,1,1
1544971,1,1
1547620,1,1
1551886,1,1
1597822,1,1
1600776,1,1
1423773,1,1
197379,1,1
1806683,1,1
1860151,1,1
1871446,1,1
1918042,1,1
1923428,1,1
1236173,1,1
1245286,1,1
1249083,1,1
1301259,1,1
1302633,1,1
1358776,1,1
1364807,1,1
1373327,1,1
197941,1,1
198037,1,1
1440065,1,1
1441567,1,1
1442992,1,1
1483318,1,1
1488053,1,1
1490493,1,1
152942,1,1
153128,1,1
1595772,1,1
1595760,1,1
1597620,1,1
1598471,1,1
1601091,1,1
791947,1,1
896271,1,1
731560,1,1
702434,1,1
731171,1,1
749785,1,1
721773,1,1
755803,1,1
885211,1,1
885228,1,1
892684,1,1
896009,1,1
897700,1,1
992774,1,1
993518,1,1
308181,1,1
308366,1,1
311639,1,1
312193,1,1
665122,1,1
795737,1,1
800220,1,1
876433,1,1
884770,1,1
892830,1,1
897586,1,1
91349,1,1
966922,1,1
992749,1,1
995077,1,1
881272,1,1
308579,1,1
308763,1,1
310248,1,1
310405,1,1
312614,1,1
312807,1,1
198332,1,1
2044886,1,1
205899,1,1
995615,1,1
998514,1,1
317174,1,1
351358,1,1
403967,1,1
802059,1,1
308898,1,1
311552,1,1
198818,1,1
901814,1,1
904467,1,1
904938,1,1
905093,1,1
979099,1,1
310376,1,1
198234,1,1
198266,1,1
198270,1,1
1986437,1,1
1988786,1,1
315243,1,1
824295,1,1
829759,1,1
845494,1,1
755310,1,1
905257,1,1
992445,1,1
308482,1,1
861156,1,1
876679,1,1
1090529,1,1
311935,1,1
1088977,1,1
204829,1,1
830778,1,1
896004,1,1
310180,1,1
903438,1,1
617333,1,1
637218,1,1
656809,1,1
644097,1,1
730869,1,1
618644,1,1
643173,1,1
753454,1,1
753423,1,1
728113,1,1
656808,1,1
749244,1,1
751563,1,1
727970,1,1
746030,1,1
749206,1,1
796462,1,1
865571,1,1
310537,1,1
755357,1,1
861742,1,1
866479,1,1
876529,1,1
890786,1,1
891815,1,1
896762,1,1
898362,1,1
992708,1,1
994521,1,1
991239,1,1
308192,1,1
308692,1,1
309060,1,1
312018,1,1
312834,1,1
199105,1,1
200123,1,1
995281,1,1
998483,1,1
313452,1,1
314047,1,1
315158,1,1
317570,1,1
351594,1,1
404176,1,1
404284,1,1
830263,1,1
895777,1,1
991247,1,1
310095,1,1
310433,1,1
759869,1,1
92752,1,1
309097,1,1
309377,1,1
198404,1,1
200820,1,1
313333,1,1
373896,1,1
388054,1,1
402094,1,1
801486,1,1
310531,1,1
310874,1,1
311662,1,1
643105,1,1
672193,1,1
644991,1,1
706960,1,1
727533,1,1
656843,1,1
724859,1,1
727703,1,1
729830,1,1
731463,1,1
749158,1,1
755783,1,1
759473,1,1
758486,1,1
724606,1,1
725023,1,1
756301,1,1
884014,1,1
896112,1,1
966200,1,1
991284,1,1
897044,1,1
349547,1,1
748800,1,1
861850,1,1
892746,1,1
900438,1,1
90176,1,0
992496,1,1
308182,1,1
310326,1,1
310377,1,1
310619,1,1
311371,1,1
311624,1,1
198487,1,1
199107,1,1
2057158,1,1
206970,1,1
206992,1,1
995443,1,1
313720,1,1
348724,1,1
861370,1,1
900441,1,1
966589,1,1
311179,1,1
311196,1,1
865144,1,1
310465,1,1
311214,1,1
312266,1,1
199390,1,1
205305,1,1
997226,1,1
359570,1,1
347980,1,1
311386,1,1
645884,1,1
759471,1,1
731184,1,1
707680,1,1
727316,1,1
750104,1,1
762333,1,1
897712,1,1
968670,1,1
701502,1,1
757667,1,1
864804,1,1
884534,1,1
896862,1,1
904663,1,1
991328,1,1
992481,1,1
992927,1,1
991013,1,1
991338,1,1
310541,1,1
311258,1,1
1087258,1,1
198342,1,1
1990869,1,1
206275,1,1
313945,1,1
352272,1,1
801005,1,1
823934,1,1
730441,1,1
979334,1,1
310813,1,1
204969,1,1
312106,1,1
1087026,1,1
1087682,1,1
1090657,1,1
1090709,1,1
198901,1,1
199359,1,1
2046145,1,1
2055008,1,1
206785,1,1
995230,1,1
998369,1,1
999613,1,1
312960,1,1
313788,1,1
348325,1,1
349607,1,1
351427,1,1
352345,1,1
374038,1,1
384518,1,1
360422,1,1
805017,1,1
805010,1,1
805464,1,1
805855,1,1
809010,1,1
828286,1,1
833463,1,1
834158,1,1
999547,1,1
313090,1,1
827693,1,1
832923,1,1
835603,1,1
844832,1,1
847213,1,1
847716,1,1
848197,1,1
854861,1,1
855342,1,1
855626,1,1
856849,1,1
857218,1,1
207373,1,1
208123,1,1
208441,1,1
208513,1,1
208590,1,1
208450,1,1
209814,1,1
2099686,1,1
210298,1,1
210659,1,1
211525,1,1
2122642,1,1
2123072,1,1
213561,1,1
213915,1,1
2168521,1,1
2168517,1,1
2173857,1,1
1093230,1,1
1094168,1,1
1094136,1,1
1094383,1,1
1094538,1,1
1098155,1,1
1099650,1,1
1101389,1,1
1101546,1,1
1101928,1,1
1113050,1,1
1114500,1,1
351913,1,1
213329,1,1
1091200,1,1
1098930,1,1
1115575,1,1
1116629,1,1
1190804,1,1
1232410,1,1
1233623,1,1
1234560,1,1
1234594,1,1
1116148,1,1
402058,1,1
402273,1,1
404044,1,1
404127,1,1
404542,1,1
476179,1,1
540800,1,1
562300,1,1
583030,1,1
857890,1,1
1000081,1,1
1000046,1,1
1000929,1,1
1011707,1,1
1011987,1,1
1012942,1,1
1013011,1,1
1037153,1,1
1037205,1,1
1014571,1,1
1044218,1,1
1047939,1,1
1049553,1,1
1049635,1,1
1052709,1,1
1053282,1,1
1053364,1,1
108329,1,1
1085773,1,1
2184158,1,1
245619,1,1
262095,1,1
283279,1,1
284453,1,1
1654351,1,1
1658262,1,1
1659174,1,1
1659161,1,1
1661740,1,1
1664328,1,1
1666798,1,1
1099709,1,1
1190831,1,1
1234466,1,1
540411,1,1
540921,1,1
541660,1,1
543685,1,1
616906,1,1
858984,1,1
1011705,1,1
1020375,1,1
1044982,1,1
1048386,1,1
105184,1,1
543806,1,1
283420,1,1
104726,1,1
1001056,1,1
312237,1,1
312456,1,1
312453,1,1
199425,1,1
1999389,1,1
205735,1,1
206078,1,1
206794,1,1
207090,1,1
207638,1,1
313043,1,1
347115,1,1
348328,1,1
352050,1,1
352125,1,1
352310,1,1
392275,1,1
352046,1,1
805378,1,1
809382,1,1
809521,1,1
833104,1,1
835886,1,1
849438,1,1
853021,1,1
855290,1,1
208274,1,1
208676,1,1
208975,1,1
209347,1,1
210177,1,1
211151,1,1
211958,1,1
2122099,1,1
212593,1,1
213958,1,1
2168926,1,1
2176463,1,1
2183893,1,1
1091245,1,1
1099687,1,1
1101456,1,1
1101534,1,1
1111055,1,1
1111197,1,1
1114024,1,1
1114891,1,1
1189316,1,1
836366,1,1
2119575,1,1
310639,1,1
310693,1,1
311068,1,1
311454,1,1
312107,1,1
198436,1,1
199423,1,1
1995143,1,1
2003797,1,1
2058881,1,1
206206,1,1
313250,1,1
313284,1,1
313963,1,1
314965,1,1
346618,1,1
346805,1,1
352350,1,1
360368,1,1
827180,1,1
831300,1,1
834348,1,1
847042,1,1
312738,1,1
848949,1,1
855298,1,1
208434,1,1
208712,1,1
209529,1,1
210639,1,1
211508,1,1
2119862,1,1
2118730,1,1
213400,1,1
214083,1,1
2168011,1,1
2181311,1,1
237205,1,1
1092373,1,1
1094498,1,1
1233883,1,1
1234532,1,1
562646,1,1
605094,1,1
616765,1,1
857762,1,1
857836,1,1
858114,1,1
858974,1,1
859192,1,1
860272,1,1
860599,1,1
860752,1,1
1000048,1,1
1012381,1,1
1012888,1,1
1013038,1,1
1038799,1,1
104099,1,1
1046272,1,1
1046965,1,1
1047125,1,1
1049167,1,1
1049197,1,1
1049245,1,1
1050506,1,1
1053206,1,1
1052519,1,1
240422,1,1
242538,1,1
242623,1,1
245640,1,1
250820,1,1
259853,1,1
260401,1,1
283523,1,1
307829,1,1
1653792,1,1
1664321,1,1
1716031,1,1
1734930,1,1
1736053,1,1
1737735,1,1
210544,1,1
1190546,1,1
1000654,1,1
1010763,1,1
1039716,1,1
1049888,1,1
1086386,1,1
261337,1,1
307760,1,1
1656287,1,1
1673373,1,1
249711,1,1
1726676,1,1
1736656,1,1
1742220,1,1
1789199,1,1
1789746,1,1
1790888,1,1
1791493,1,1
1794886,1,1
106339,1,1
1000948,1,1
1724792,1,1
1189814,1,1
1234244,1,1
413107,1,1
487064,1,1
602365,1,1
615869,1,1
860090,1,1
860221,1,1
1005806,1,1
1005819,1,1
1006047,1,1
1006122,1,1
1006691,1,1
104232,1,1
1043031,1,1
1039991,1,1
1046986,1,1
1048075,1,1
1053005,1,1
238936,1,1
243508,1,1
259306,1,1
259760,1,1
261177,1,1
284419,1,1
285028,1,1
307667,1,1
1657976,1,1
1660191,1,1
1665088,1,1
1665107,1,1
1716200,1,1
1724794,1,1
214077,1,1
562815,1,1
597993,1,1
608652,1,1
616238,1,1
1040025,1,1
1046595,1,1
1048965,1,1
1669854,1,1
1670344,1,1
1731352,1,1
1736588,1,1
1006439,1,1
602598,1,1
308074,1,1
205488,1,1
206201,1,1
206893,1,1
207351,1,1
205709,1,1
997422,1,1
314020,1,1
315056,1,1
360176,1,1
402095,1,1
403841,1,1
318211,1,1
805515,1,1
831576,1,1
834073,1,1
846918,1,1
847362,1,1
848752,1,1
849050,1,1
1094560,1,1
1099279,1,1
1101593,1,1
1116448,1,1
1120008,1,1
1149632,1,1
1193337,1,1
207955,1,1
208561,1,1
209675,1,1
209826,1,1
210239,1,1
210887,1,1
2166148,1,1
238083,1,1
208452,1,1
403944,1,1
434102,1,1
477221,1,1
616287,1,1
616483,1,1
616489,1,1
857185,1,1
857332,1,1
857896,1,1
859040,1,1
860512,1,1
1000923,1,1
1043673,1,1
1046291,1,1
104850,1,1
1665691,1,1
1722934,1,1
2118728,1,1
2122799,1,1
602135,1,1
857529,1,1
860516,1,1
1020065,1,1
1038800,1,1
1049086,1,1
251960,1,1
261093,1,1
1657705,1,1
1658157,1,1
1794882,1,1
1804802,1,1
1805004,1,1
1806937,1,1
1807550,1,1
1809209,1,1
1809477,1,1
1810869,1,1
1812194,1,1
1855527,1,1
1856275,1,1
1860080,1,1
1861581,1,1
1863554,1,1
1865144,1,1
1867942,1,1
1927849,1,1
1929118,1,1
1942489,1,1
197546,1,1
1234953,1,1
1235462,1,1
1236083,1,1
1242769,1,1
1243780,1,1
1244908,1,1
1246375,1,1
1248206,1,1
1293729,1,1
1294035,1,1
1294192,1,1
1297407,1,1
1297952,1,1
1300082,1,1
1300797,1,1
1302671,1,1
1307253,1,1
1307265,1,1
1312747,1,1
1313112,1,1
1313925,1,1
1314629,1,1
1356838,1,1
1359359,1,1
1359608,1,1
1359743,1,1
1362223,1,1
1367414,1,1
1371196,1,1
1374842,1,1
1424050,1,1
1426565,1,1
197905,1,1
198151,1,1
1431235,1,1
1435897,1,1
1437775,1,1
1437718,1,1
1483772,1,1
1487251,1,1
1494041,1,1
153183,1,1
153667,1,1
1537053,1,1
1549367,1,1
1552231,1,1
1602594,1,1
1552241,1,1
1595754,1,1
1086356,1,1
2184108,1,1
247139,1,1
284430,1,1
284531,1,1
1660934,1,1
1721455,1,1
1722407,1,1
1734476,1,1
1741758,1,1
1797113,1,1
1808219,1,1
1856552,1,1
1860083,1,1
1861926,1,1
1865292,1,1
1869605,1,1
1245732,1,1
1248158,1,1
1248157,1,1
1249588,1,1
1251031,1,1
1251771,1,1
1293466,1,1
1293987,1,1
1294019,1,1
1294216,1,1
1294336,1,1
1298908,1,1
1299077,1,1
1299969,1,1
1300354,1,1
1300541,1,1
1301161,1,1
1305135,1,1
1299963,1,1
1307073,1,1
1314626,1,1
1359083,1,1
1361679,1,1
1366844,1,1
1372451,1,1
1374395,1,1
1430406,1,1
1433635,1,1
197683,1,1
1441385,1,1
1485332,1,1
1488333,1,1
1489299,1,1
1491834,1,1
1432482,1,1
1729444,1,1
1738805,1,1
1743877,1,1
1791374,1,1
1791376,1,1
1795609,1,1
1872269,1,1
1921723,1,1
1922727,1,1
1943549,1,1
197737,1,1
1241883,1,1
1242088,1,1
1242106,1,1
1243052,1,1
1243393,1,1
1245036,1,1
1250726,1,1
1298408,1,1
1299890,1,1
1300803,1,1
1312963,1,1
1363490,1,1
1363648,1,1
1422935,1,1
198110,1,1
1482656,1,1
1489070,1,1
1491882,1,1
1538142,1,1
1541115,1,1
1544708,1,1
1547664,1,1
1550957,1,1
1551498,1,1
1592796,1,1
1593295,1,1
1599803,1,1
1427410,1,1
1600927,1,1
1606208,1,1
1362791,1,1
1363504,1,1
1372560,1,1
1441398,1,1
1600974,1,1
1650976,1,1
1245463,1,1
1365899,1,1
1536470,1,1
1547231,1,1
1549308,1,1
1544873,1,1
1649964,1,1
1799001,1,1
1803893,1,1
1804844,1,1
1808552,1,1
1946520,1,1
197324,1,1
197386,1,1
1244632,1,1
1248032,1,1
1291099,1,1
1297387,1,1
1360388,1,1
1363279,1,1
1363733,1,1
1372905,1,1
1373034,1,1
1373124,1,1
1425120,1,1
1437492,1,1
197464,1,1
197665,1,1
197929,1,1
197989,1,1
1482642,1,1
1542988,1,1
1551512,1,1
1592285,1,1
1594962,1,1
1601107,1,1
1604564,1,1
1605195,1,1
1487296,1,1
628955,1,1
700599,1,1
637551,1,1
701851,1,1
688701,1,1
747236,1,1
795728,1,1
731227,1,1
755469,1,1
755618,1,1
861962,1,1
904469,1,1
992739,1,1
310809,1,1
758020,1,1
761977,1,1
863843,1,1
876861,1,1
890953,1,1
966916,1,1
967028,1,1
978682,1,1
979097,1,1
892589,1,1
308183,1,1
311933,1,1
108959,1,1
2043455,1,1
205542,1,1
206989,1,1
207289,1,1
996728,1,1
352172,1,1
809232,1,1
834108,1,1
795853,1,1
308188,1,1
308929,1,1
645669,1,1
753522,1,1
876514,1,1
861210,1,1
308849,1,1
310687,1,1
310877,1,1
310872,1,1
312364,1,1
312255,1,1
198405,1,1
1989804,1,1
1994337,1,1
200221,1,1
206368,1,1
998211,1,1
998675,1,1
313498,1,1
804752,1,1
835911,1,1
992528,1,1
308274,1,1
685574,1,1
205769,1,1
995504,1,1
831248,1,1
762868,1,1
905287,1,1
995073,1,1
665042,1,1
722256,1,1
686403,1,1
746189,1,1
757705,1,1
686924,1,1
763029,1,1
884192,1,1
884386,1,1
966222,1,1
204913,1,1
664741,1,1
748596,1,1
760029,1,1
763390,1,1
861363,1,1
861570,1,1
876403,1,1
901336,1,1
903456,1,1
905401,1,1
966244,1,1
991151,1,1
994535,1,1
892265,1,1
994237,1,1
308164,1,1
308977,1,1
309414,1,1
311036,1,1
312220,1,1
312376,1,1
198475,1,1
201142,1,1
204391,1,1
2045900,1,1
2058491,1,1
206032,1,1
312962,1,1
313005,1,1
313363,1,1
317119,1,1
845988,1,1
880878,1,1
309984,1,1
309431,1,1
2000027,1,1
206445,1,1
313271,1,1
351909,1,1
644088,1,1
656659,1,1
756061,1,1
752870,1,1
645644,1,1
688645,1,1
723801,1,1
744628,1,1
748869,1,1
753451,1,1
755298,1,1
755702,1,1
860947,1,1
309098,1,1
791881,1,1
729935,1,1
861771,1,1
861985,1,1
864735,1,1
866307,1,1
880340,1,1
892349,1,1
898572,1,1
899761,1,1
966221,1,1
993470,1,1
901551,1,1
992440,1,1
992876,1,1
309587,1,1
311496,1,1
312604,1,1
312821,1,1
198235,1,1
1995460,1,1
2003190,1,1
201239,1,1
202131,1,1
206520,1,1
995213,1,1
999927,1,1
313824,1,1
314152,1,1
349419,1,1
389201,1,1
392046,1,1
809277,1,1
992456,1,1
905224,1,1
968810,1,1
978676,1,1
861385,1,1
1998461,1,1
807012,1,1
828576,1,1
352211,1,1
646830,1,1
656137,1,1
744793,1,1
722289,1,1
729434,1,1
730880,1,1
731235,1,1
751984,1,1
795141,1,1
881407,1,1
883501,1,1
884524,1,1
891806,1,1
892253,1,1
896023,1,1
901483,1,1
1087968,1,1
686429,1,1
669025,1,1
860805,1,1
861503,1,1
864801,1,1
880853,1,1
885578,1,1
900963,1,1
902624,1,1
903735,1,1
904390,1,1
966250,1,1
992471,1,1
993348,1,1
897649,1,1
308688,1,1
308852,1,1
309045,1,1
309376,1,1
310156,1,1
311620,1,1
311988,1,1
309633,1,1
199148,1,1
199190,1,1
199680,1,1
2001264,1,1
2045477,1,1
206343,1,1
207059,1,1
207138,1,1
998474,1,1
998539,1,1
313009,1,1
315160,1,1
317104,1,1
802503,1,1
823938,1,1
310235,1,1
992801,1,1
205862,1,1
995466,1,1
996636,1,1
900384,1,1
312310,1,1
311540,1,1
198706,1,1
1999531,1,1
204442,1,1
2044646,1,1
205281,1,1
206887,1,1
206978,1,1
206828,1,1
995019,1,1
995578,1,1
313353,1,1
313629,1,1
313989,1,1
315086,1,1
348381,1,1
349563,1,1
359144,1,1
359329,1,1
807786,1,1
825190,1,1
835572,1,1
835829,1,1
311916,1,1
2059266,1,1
825421,1,1
833096,1,1
313847,1,1
847217,1,1
847753,1,1
848131,1,1
854907,1,1
855202,1,1
857078,1,1
857159,1,1
857325,1,1
857523,1,1
855300,1,1
207489,1,1
208305,1,1
208406,1,1
209136,1,1
209902,1,1
210581,1,1
2105904,1,1
210817,1,1
211154,1,1
211194,1,1
2120915,1,1
212219,1,1
1091839,1,1
1092571,1,1
1094019,1,1
1095227,1,1
1100057,1,1
1102136,1,1
1112906,1,1
1113429,1,1
995216,1,1
212978,1,1
1094087,1,1
1145610,1,1
1148482,1,1
1150120,1,1
1190589,1,1
404084,1,1
406503,1,1
477234,1,1
541144,1,1
545041,1,1
562127,1,1
541918,1,1
562662,1,1
581539,1,1
596930,1,1
858364,1,1
858806,1,1
859029,1,1
859250,1,1
859387,1,1
860030,1,1
860741,1,1
1000919,1,1
1006863,1,1
1009324,1,1
1010069,1,1
1010811,1,1
1011839,1,1
1012021,1,1
1012465,1,1
103918,1,1
1039227,1,1
1039545,1,1
1043353,1,1
104384,1,1
1046799,1,1
1046760,1,1
1048445,1,1
1048969,1,1
105230,1,1
1053239,1,1
1053200,1,1
1053716,1,1
1085750,1,1
1086263,1,1
240060,1,1
244267,1,1
245650,1,1
248273,1,1
307672,1,1
307707,1,1
1658106,1,1
1659131,1,1
1659805,1,1
1659993,1,1
1660938,1,1
1664440,1,1
1664543,1,1
209717,1,1
2122090,1,1
1116912,1,1
476845,1,1
616527,1,1
858074,1,1
1012068,1,1
1045341,1,1
1046643,1,1
1047747,1,1
105590,1,1
105630,1,1
1114865,1,1
545871,1,1
1037261,1,1
198427,1,1
199371,1,1
1999724,1,1
204479,1,1
2045134,1,1
206288,1,1
313487,1,1
313570,1,1
315014,1,1
352001,1,1
352143,1,1
801958,1,1
802759,1,1
804547,1,1
809408,1,1
831233,1,1
844814,1,1
309110,1,1
800122,1,1
833543,1,1
847121,1,1
847247,1,1
848144,1,1
850087,1,1
850457,1,1
854876,1,1
856537,1,1
857744,1,1
855873,1,1
857742,1,1
208059,1,1
208055,1,1
208090,1,1
208150,1,1
208594,1,1
209884,1,1
210580,1,1
2122097,1,1
213072,1,1
212584,1,1
212586,1,1
2178097,1,1
2102938,1,1
1091220,1,1
1093295,1,1
1099024,1,1
1099644,1,1
1099631,1,1
1099872,1,1
1100070,1,1
1102185,1,1
1112908,1,1
1113051,1,1
1113380,1,1
1114064,1,1
1115833,1,1
1116084,1,1
1119742,1,1
996187,1,1
310876,1,1
200215,1,1
830839,1,1
313988,1,1
312146,1,1
1999021,1,1
199919,1,1
200044,1,1
2045493,1,1
206208,1,1
206615,1,1
206783,1,1
206873,1,1
206979,1,1
207712,1,1
996484,1,1
996991,1,1
997223,1,1
9997,1,1
312893,1,1
313249,1,1
313802,1,1
313996,1,1
314039,1,1
315201,1,1
352334,1,1
801965,1,1
809220,1,1
828525,1,1
849304,1,1
849876,1,1
852974,1,1
856769,1,1
856966,1,1
857299,1,1
857970,1,1
210040,1,1
210756,1,1
2123034,1,1
212390,1,1
212996,1,1
213196,1,1
2180650,1,1
2184159,1,1
1098498,1,1
1111662,1,1
1111756,1,1
1115005,1,1
1115708,1,1
1116572,1,1
1115457,1,1
1117525,1,1
1120000,1,1
211336,1,1
1148485,1,1
1193111,1,1
1234569,1,1
1235472,1,1
1235507,1,1
1146982,1,1
483169,1,1
541365,1,1
544183,1,1
579996,1,1
603117,1,1
607113,1,1
858932,1,1
859035,1,1
860129,1,1
1000502,1,1
1001567,1,1
1011482,1,1
1013702,1,1
1044427,1,1
1044524,1,1
1046698,1,1
1053401,1,1
242339,1,1
282402,1,1
283402,1,1
1653438,1,1
1657147,1,1
1721434,1,1
1722676,1,1
1734347,1,1
1737761,1,1
210634,1,1
1233297,1,1
541894,1,1
543725,1,1
859213,1,1
860665,1,1
1000638,1,1
1047041,1,1
105369,1,1
250244,1,1
1665212,1,1
1721476,1,1
1726414,1,1
1738806,1,1
1739207,1,1
1741379,1,1
1741424,1,1
1792495,1,1
285024,1,1
259590,1,1
1191414,1,1
1232418,1,1
422098,1,1
543739,1,1
577185,1,1
577315,1,1
603136,1,1
603810,1,1
616450,1,1
860248,1,1
1000491,1,1
1048447,1,1
1049278,1,1
1049566,1,1
1049773,1,1
259240,1,1
261385,1,1
1658256,1,1
1659903,1,1
1660680,1,1
1665023,1,1
1665900,1,1
1673947,1,1
1718906,1,1
1729013,1,1
1736050,1,1
212443,1,1
1148487,1,1
580261,1,1
1001054,1,1
104896,1,1
105183,1,1
239201,1,1
242166,1,1
261290,1,1
1654919,1,1
1741907,1,1
1745860,1,1
1790679,1,1
198750,1,1
199903,1,1
201358,1,1
2056453,1,1
205773,1,1
207292,1,1
206913,1,1
995628,1,1
996588,1,1
996615,1,1
996655,1,1
999939,1,1
313362,1,1
352077,1,1
360394,1,1
805007,1,1
824299,1,1
826918,1,1
831224,1,1
966190,1,1
997222,1,1
831723,1,1
834067,1,1
836649,1,1
848195,1,1
1092428,1,1
1094180,1,1
1094130,1,1
1094473,1,1
1111091,1,1
1115473,1,1
1188411,1,1
2110505,1,1
211909,1,1
2119393,1,1
2121074,1,1
212118,1,1
346204,1,1
847720,1,1
213170,1,1
213996,1,1
214104,1,1
2167152,1,1
237739,1,1
410597,1,1
413206,1,1
596918,1,1
597722,1,1
604651,1,1
607026,1,1
858625,1,1
1000074,1,1
1006801,1,1
1010298,1,1
1012859,1,1
1043044,1,1
1046444,1,1
1053185,1,1
1085940,1,1
241773,1,1
244458,1,1
261101,1,1
261353,1,1
1655957,1,1
1658259,1,1
1663224,1,1
1665449,1,1
1721428,1,1
1721685,1,1
260333,1,1
261356,1,1
616838,1,1
1798546,1,1
1799959,1,1
1866143,1,1
1872891,1,1
1940494,1,1
1942346,1,1
1945044,1,1
197320,1,1
197661,1,1
1242611,1,1
1243239,1,1
1245530,1,1
1246066,1,1
1246061,1,1
1247875,1,1
1251427,1,1
1251411,1,1
1251625,1,1
1251725,1,1
1291266,1,1
1293640,1,1
1293726,1,1
1294552,1,1
1299143,1,1
1299917,1,1
1300272,1,1
1310491,1,1
1313294,1,1
1358762,1,1
1361038,1,1
1370127,1,1
1370969,1,1
1373239,1,1
1374387,1,1
1423812,1,1
197840,1,1
198000,1,1
198043,1,1
1432799,1,1
1482527,1,1
1494088,1,1
1495169,1,1
1495199,1,1
1495472,1,1
1537029,1,1
1541254,1,1
1542899,1,1
1545786,1,1
1547981,1,1
1592004,1,1
1594418,1,1
1596950,1,1
1608499,1,1
1648227,1,1
1363777,1,1
243665,1,1
260452,1,1
581757,1,1
582595,1,1
1718965,1,1
1726319,1,1
1726325,1,1
1735007,1,1
1739337,1,1
1743118,1,1
1788989,1,1
1792394,1,1
1796730,1,1
1809514,1,1
1809666,1,1
1810268,1,1
1860148,1,1
1870230,1,1
1924604,1,1
1927894,1,1
1244712,1,1
1246896,1,1
1246918,1,1
1249123,1,1
1249758,1,1
1250433,1,1
1250470,1,1
1252027,1,1
1291244,1,1
1294312,1,1
1294556,1,1
1297412,1,1
1298420,1,1
1301039,1,1
1306298,1,1
1356311,1,1
1356538,1,1
1366789,1,1
1369968,1,1
1374382,1,1
1376068,1,1
1422078,1,1
197720,1,1
198007,1,1
1442143,1,1
1442975,1,1
1486031,1,1
1492675,1,1
1421555,1,1
1436149,1,1
1726260,1,1
1789232,1,1
1809102,1,1
1872265,1,1
1919076,1,1
197459,1,1
197460,1,1
197604,1,1
197694,1,1
1236684,1,1
1244677,1,1
1245183,1,1
1245376,1,1
1297562,1,1
1297763,1,1
1299859,1,1
1307431,1,1
1308408,1,1
1358775,1,1
1359867,1,1
1363032,1,1
1366343,1,1
1375125,1,1
198215,1,1
1487294,1,1
1487524,1,1
1495070,1,1
152943,1,1
1536439,1,1
1540340,1,1
1545776,1,1
1549631,1,1
1549717,1,1
1550534,1,1
1591964,1,1
1593151,1,1
1595784,1,1
1596108,1,1
1597581,1,1
1605075,1,1
1651391,1,1
1243478,1,1
1245919,1,1
1375948,1,1
1537116,1,1
1943339,1,1
1536680,1,1
1536921,1,1
1537337,1,1
1546038,1,1
1597607,1,1
1599660,1,1
1605193,1,1
1298226,1,1
1300108,1,1
197593,1,1
1809464,1,1
1809521,1,1
1855072,1,1
1858562,1,1
1876441,1,1
1941461,1,1
1947382,1,1
197452,1,1
1241613,1,1
1242233,1,1
1244064,1,1
1251756,1,1
1294306,1,1
1297381,1,1
1300022,1,1
1312627,1,1
1363222,1,1
1363323,1,1
1363512,1,1
197506,1,1
197797,1,1
198041,1,1
198184,1,1
198192,1,1
198190,1,1
1488067,1,1
1489934,1,1
1495184,1,1
1536601,1,1
1550947,1,1
1595029,1,1
1595452,1,1
1607016,1,1
1650446,1,1
1431647,1,1
198226,1,1
1609070,1,1
617973,1,1
647325,1,1
656680,1,1
630050,1,1
705919,1,1
705617,1,1
753106,1,1
759761,1,1
892833,1,1
904295,1,1
966458,1,1
706547,1,1
748867,1,1
750215,1,1
861789,1,1
895780,1,1
904450,1,1
308418,1,1
308600,1,1
308769,1,1
311355,1,1
311679,1,1
312299,1,1
1088854,1,1
1987647,1,1
2047766,1,1
2049223,1,1
205173,1,1
205476,1,1
996529,1,1
998726,1,1
313776,1,1
314006,1,1
348519,1,1
644301,1,1
899127,1,1
966550,1,1
966809,1,1
993755,1,1
866297,1,1
895487,1,1
991084,1,1
310638,1,1
311605,1,1
312360,1,1
1088805,1,1
2055291,1,1
205873,1,1
206417,1,1
996105,1,1
865217,1,1
900164,1,1
863609,1,1
993804,1,1
311683,1,1
200064,1,1
317152,1,1
617503,1,1
645683,1,1
754506,1,1
753601,1,1
756337,1,1
761907,1,1
763181,1,1
794074,1,1
750184,1,1
755278,1,1
861006,1,1
861449,1,1
861733,1,1
864681,1,1
892522,1,1
896029,1,1
900470,1,1
864822,1,1
750145,1,1
756260,1,1
753477,1,1
763597,1,1
763103,1,1
898725,1,1
92584,1,1
994014,1,1
992477,1,1
308231,1,1
308487,1,1
308491,1,1
308824,1,1
309371,1,1
309406,1,1
309953,1,1
311191,1,1
311615,1,1
200079,1,1
200171,1,1
207053,1,1
998499,1,1
313652,1,1
313762,1,1
347699,1,1
349533,1,1
351177,1,1
904667,1,1
904954,1,1
978030,1,1
994537,1,1
310004,1,1
311373,1,1
798417,1,1
904023,1,1
311107,1,1
700387,1,1
795107,1,1
894976,1,1
903879,1,1
979434,1,1
993569,1,1
308806,1,1
310437,1,1
310905,1,1
1997444,1,1
352230,1,1
309362,1,1
310273,1,1
644794,1,1
656862,1,1
669214,1,1
700788,1,1
701392,1,1
750121,1,1
797701,1,1
672909,1,1
748798,1,1
880945,1,1
904396,1,1
206842,1,1
686389,1,1
723778,1,1
763091,1,1
797892,1,1
799037,1,1
876177,1,1
898607,1,1
903312,1,1
966555,1,1
979094,1,1
979482,1,1
992780,1,1
904665,1,1
994095,1,1
308589,1,1
309148,1,1
310116,1,1
310215,1,1
310862,1,1
310971,1,1
311962,1,1
1086720,1,1
1086908,1,1
1088761,1,1
108878,1,1
2003557,1,1
205596,1,1
995734,1,1
997005,1,1
314229,1,1
317848,1,1
318218,1,1
351540,1,1
800954,1,1
807734,1,1
752867,1,1
904535,1,1
309090,1,1
309236,1,1
309294,1,1
310118,1,1
312592,1,1
995237,1,1
199352,1,1
664144,1,1
665033,1,1
749802,1,1
790290,1,1
749882,1,1
795751,1,1
861404,1,1
882496,1,1
897021,1,1
311294,1,1
1991411,1,1
750265,1,1
705936,1,1
752872,1,1
886662,1,1
892627,1,1
894871,1,1
896777,1,1
897025,1,1
991065,1,1
992462,1,1
979529,1,1
309044,1,1
1089741,1,1
108782,1,1
198760,1,1
198845,1,1
1989506,1,1
1992571,1,1
200009,1,1
2001564,1,1
204452,1,1
2045339,1,1
207201,1,1
994498,1,1
313819,1,1
313961,1,1
349148,1,1
360349,1,1
373522,1,1
402696,1,1
312966,1,1
310964,1,1
311277,1,1
311972,1,1
312835,1,1
312811,1,1
198240,1,1
198633,1,1
1992531,1,1
2050369,1,1
205484,1,1
205922,1,1
995264,1,1
995276,1,1
999515,1,1
314153,1,1
346968,1,1
359720,1,1
807724,1,1
824889,1,1
831430,1,1
207200,1,1
315066,1,1
827746,1,1
314914,1,1
847189,1,1
847785,1,1
848134,1,1
848214,1,1
849051,1,1
849302,1,1
853395,1,1
855944,1,1
856999,1,1
857121,1,1
857461,1,1
853328,1,1
207468,1,1
208097,1,1
208939,1,1
209364,1,1
209464,1,1
2099700,1,1
2121948,1,1
212239,1,1
213262,1,1
213970,1,1
2178059,1,1
1091520,1,1
1091635,1,1
1092360,1,1
1094410,1,1
1099310,1,1
1099606,1,1
1101738,1,1
1111013,1,1
1111841,1,1
1112730,1,1
1114087,1,1
1114361,1,1
1116146,1,1
1145114,1,1
211101,1,1
213320,1,1
1149629,1,1
1189678,1,1
1189611,1,1
1189776,1,1
1190225,1,1
1193358,1,1
416784,1,1
476673,1,1
539817,1,1
540914,1,1
541713,1,1
541832,1,1
541878,1,1
583247,1,1
596818,1,1
603112,1,1
606990,1,1
607028,1,1
616805,1,1
858788,1,1
859075,1,1
859376,1,1
860546,1,1
860592,1,1
1000664,1,1
1000915,1,1
1006679,1,1
1006859,1,1
1010654,1,1
1010774,1,1
1012304,1,1
1012594,1,1
1012908,1,1
1013017,1,1
1020122,1,1
1020365,1,1
1037234,1,1
1038910,1,1
1048393,1,1
1049517,1,1
105152,1,1
1053269,1,1
1085985,1,1
1085968,1,1
1086000,1,1
238101,1,1
239207,1,1
244509,1,1
245663,1,1
250511,1,1
261106,1,1
261268,1,1
1661352,1,1
1664658,1,1
1665190,1,1
1667886,1,1
856375,1,1
207843,1,1
210667,1,1
1113368,1,1
1147993,1,1
1234456,1,1
540836,1,1
578355,1,1
858782,1,1
1012233,1,1
1012312,1,1
1037338,1,1
1043359,1,1
1049890,1,1
1052943,1,1
1657343,1,1
1658719,1,1
282751,1,1
284520,1,1
1720616,1,1
1729421,1,1
1730925,1,1
1012933,1,1
2184150,1,1
198317,1,1
198316,1,1
199192,1,1
201263,1,1
201545,1,1
205531,1,1
206563,1,1
207190,1,1
207965,1,1
995868,1,1
999922,1,1
313654,1,1
315134,1,1
315135,1,1
315218,1,1
348017,1,1
348701,1,1
351224,1,1
351543,1,1
352200,1,1
807736,1,1
809031,1,1
313422,1,1
313657,1,1
315167,1,1
402244,1,1
848139,1,1
849930,1,1
854255,1,1
854875,1,1
855666,1,1
855687,1,1
856463,1,1
857592,1,1
831360,1,1
208092,1,1
208104,1,1
208955,1,1
210275,1,1
2109053,1,1
211020,1,1
211233,1,1
210994,1,1
211848,1,1
211874,1,1
211877,1,1
212630,1,1
213500,1,1
213569,1,1
2168394,1,1
2173953,1,1
1090975,1,1
1091088,1,1
1092195,1,1
1094364,1,1
1098240,1,1
1098426,1,1
1114842,1,1
1115585,1,1
1147928,1,1
1189645,1,1
1190568,1,1
1190917,1,1
1094177,1,1
991063,1,1
966194,1,1
311951,1,1
1087463,1,1
198852,1,1
200068,1,1
2001750,1,1
2001748,1,1
204642,1,1
996670,1,1
997157,1,1
313035,1,1
313565,1,1
314078,1,1
802798,1,1
823883,1,1
827318,1,1
834239,1,1
991310,1,1
2003714,1,1
998533,1,1
853248,1,1
854228,1,1
856571,1,1
858615,1,1
208192,1,1
209348,1,1
209878,1,1
210037,1,1
2108859,1,1
2122805,1,1
213469,1,1
213725,1,1
213917,1,1
2169138,1,1
2170427,1,1
237371,1,1
1090992,1,1
1091020,1,1
1094427,1,1
1098433,1,1
1101350,1,1
1101441,1,1
1111451,1,1
213826,1,1
1111663,1,1
1233035,1,1
1233908,1,1
1116191,1,1
404639,1,1
477437,1,1
485560,1,1
542744,1,1
543791,1,1
543801,1,1
544455,1,1
562771,1,1
562806,1,1
577372,1,1
581662,1,1
597971,1,1
603879,1,1
607022,1,1
616819,1,1
858828,1,1
858905,1,1
860120,1,1
1000355,1,1
1005834,1,1
1011741,1,1
1013042,1,1
1020039,1,1
1040058,1,1
1044991,1,1
104836,1,1
1050074,1,1
1052441,1,1
242825,1,1
261983,1,1
284146,1,1
284206,1,1
1657068,1,1
1665109,1,1
1729057,1,1
1729578,1,1
1662280,1,1
1726645,1,1
207272,1,1
210137,1,1
1012425,1,1
1039628,1,1
244127,1,1
249066,1,1
283433,1,1
1234475,1,1
1049668,1,1
1114096,1,1
1114365,1,1
1116339,1,1
1150492,1,1
1191136,1,1
1232159,1,1
597455,1,1
858937,1,1
859310,1,1
859747,1,1
1000124,1,1
1000479,1,1
1000886,1,1
1012956,1,1
1020050,1,1
1039558,1,1
1039779,1,1
1043400,1,1
1046402,1,1
1046626,1,1
1048081,1,1
1048499,1,1
1049206,1,1
1052946,1,1
242325,1,1
252617,1,1
261362,1,1
1653579,1,1
1659278,1,1
1665516,1,1
1666620,1,1
1719291,1,1
1722937,1,1
1724884,1,1
1659929,1,1
211634,1,1
1233687,1,1
484152,1,1
860135,1,1
1006643,1,1
1043205,1,1
1046378,1,1
1086782,1,1
238006,1,1
242213,1,1
245133,1,1
245536,1,1
251273,1,1
1657673,1,1
865123,1,1
899549,1,1
896775,1,1
312733,1,1
198430,1,1
198578,1,1
204398,1,1
2057212,1,1
205912,1,1
207341,1,1
995958,1,1
996552,1,1
315047,1,1
315060,1,1
317805,1,1
351266,1,1
804617,1,1
809256,1,1
824983,1,1
828755,1,1
834133,1,1
835574,1,1
835915,1,1
847749,1,1
849756,1,1
1094111,1,1
1099056,1,1
1101858,1,1
1115552,1,1
1117522,1,1
1148636,1,1
1190542,1,1
1191028,1,1
1235783,1,1
207680,1,1
208711,1,1
209253,1,1
210031,1,1
2104634,1,1
2117335,1,1
211970,1,1
212824,1,1
213069,1,1
214118,1,1
2180350,1,1
226437,1,1
404419,1,1
476177,1,1
485584,1,1
542772,1,1
544684,1,1
607033,1,1
616447,1,1
617296,1,1
857631,1,1
858053,1,1
860538,1,1
860749,1,1
1000116,1,1
1005845,1,1
1037057,1,1
1049400,1,1
240725,1,1
247463,1,1
248390,1,1
284250,1,1
284499,1,1
307695,1,1
1665093,1,1
1665097,1,1
1235569,1,1
2118732,1,1
404686,1,1
606433,1,1
1006110,1,1
1010571,1,1
1011326,1,1
1718932,1,1
1723234,1,1
1794902,1,1
1797853,1,1
1798298,1,1
1863148,1,1
1863607,1,1
1863975,1,1
1866223,1,1
1867943,1,1
1927619,1,1
1945048,1,1
197409,1,1
197454,1,1
1235779,1,1
1242513,1,1
1243802,1,1
1245904,1,1
1248321,1,1
1250170,1,1
1251614,1,1
1251898,1,1
1291085,1,1
1291158,1,1
1294356,1,1
1294641,1,1
1298083,1,1
1299163,1,1
1299897,1,1
1305281,1,1
1307267,1,1
1308436,1,1
1311503,1,1
1358746,1,1
1359105,1,1
1363794,1,1
1366652,1,1
1367380,1,1
1368006,1,1
1368424,1,1
1370232,1,1
1370763,1,1
1370756,1,1
1421058,1,1
1421168,1,1
1422076,1,1
1422892,1,1
1423691,1,1
197682,1,1
197725,1,1
197786,1,1
1430522,1,1
1430517,1,1
1432125,1,1
1435262,1,1
1435365,1,1
1438760,1,1
1438777,1,1
1441553,1,1
1483218,1,1
1485182,1,1
1534809,1,1
1536490,1,1
1536434,1,1
1538130,1,1
1540241,1,1
1544390,1,1
1547773,1,1
1549223,1,1
1549390,1,1
1608065,1,1
1649002,1,1
1307427,1,1
1424370,1,1
1796546,1,1
1797910,1,1
1797912,1,1
1811632,1,1
1867554,1,1
1872886,1,1
1875613,1,1
197310,1,1
197328,1,1
1236148,1,1
1242508,1,1
1242613,1,1
1244233,1,1
1249715,1,1
1250508,1,1
1293629,1,1
1294199,1,1
1294367,1,1
1299669,1,1
1300719,1,1
1303736,1,1
1305335,1,1
1358997,1,1
1362831,1,1
1363776,1,1
1371989,1,1
1376075,1,1
1423292,1,1
1426841,1,1
1436239,1,1
197532,1,1
197556,1,1
197575,1,1
197749,1,1
198085,1,1
198097,1,1
1439992,1,1
1483329,1,1
1486251,1,1
1487363,1,1
1489307,1,1
1491643,1,1
1537437,1,1
153823,1,1
1546240,1,1
1547450,1,1
1552200,1,1
1592802,1,1
1595453,1,1
1648203,1,1
1650608,1,1
1737571,1,1
1741538,1,1
1797888,1,1
1798370,1,1
1803432,1,1
1806650,1,1
1809668,1,1
1811007,1,1
1813424,1,1
1859370,1,1
1867612,1,1
1944656,1,1
1235245,1,1
1235252,1,1
1242520,1,1
1244630,1,1
1246328,1,1
1247388,1,1
1247883,1,1
1248600,1,1
1292881,1,1
1293943,1,1
1294559,1,1
1299089,1,1
1313818,1,1
1363370,1,1
1369963,1,1
1376340,1,1
141998,1,1
1424281,1,1
1424249,1,1
1437739,1,1
197521,1,1
197645,1,1
1441273,1,1
1544377,1,1
1544968,1,1
1547234,1,1
1594591,1,1
1597120,1,1
1600991,1,1
1606490,1,1
1603294,1,1
1743941,1,1
1791403,1,1
1796692,1,1
1797876,1,1
1805420,1,1
1807715,1,1
197518,1,1
1244562,1,1
1251792,1,1
1292020,1,1
1294380,1,1
1297753,1,1
1299249,1,1
1356319,1,1
1357389,1,1
1359117,1,1
1359134,1,1
1364062,1,1
1373254,1,1
141918,1,1
1425339,1,1
1435920,1,1
197950,1,1
198025,1,1
198142,1,1
1490040,1,1
1491516,1,1
153080,1,1
1537209,1,1
1539752,1,1
1549863,1,1
1591970,1,1
1593632,1,1
1593756,1,1
1595457,1,1
1596023,1,1
1605455,1,1
1649425,1,1
1652673,1,1
1369420,1,1
198034,1,1
1435119,1,1
1541816,1,1
1922518,1,1
1359779,1,1
629319,1,1
630200,1,1
665113,1,1
686893,1,1
707793,1,1
701882,1,1
728227,1,1
763531,1,1
686890,1,1
797730,1,1
643127,1,1
672347,1,1
746609,1,1
755465,1,1
756080,1,1
748878,1,1
884207,1,1
884684,1,1
896006,1,1
899521,1,1
834841,1,1
745647,1,1
748594,1,1
800106,1,1
863995,1,1
866912,1,1
885717,1,1
891451,1,1
904475,1,1
905367,1,1
977860,1,1
978070,1,1
904158,1,1
309290,1,1
311153,1,1
312068,1,1
312652,1,1
1090482,1,1
198412,1,1
1986870,1,1
204504,1,1
2049409,1,1
995239,1,1
312872,1,1
348869,1,1
359221,1,1
809858,1,1
810083,1,1
898346,1,1
727854,1,1
897646,1,1
901537,1,1
905154,1,1
310154,1,1
199292,1,1
861025,1,1
903287,1,1
993506,1,1
896228,1,1
308649,1,1
310170,1,1
310873,1,1
1992281,1,1
205513,1,1
206957,1,1
204515,1,1
996198,1,1
314184,1,1
314231,1,1
802748,1,1
829546,1,1
877425,1,1
800474,1,1
897596,1,1
308743,1,1
205114,1,1
900409,1,1
617993,1,1
755661,1,1
705622,1,1
725108,1,1
702519,1,1
706548,1,1
746815,1,1
798072,1,1
798428,1,1
725846,1,1
756352,1,1
891793,1,1
895525,1,1
994239,1,1
199248,1,1
692479,1,1
727505,1,1
752814,1,1
762394,1,1
904955,1,1
977526,1,1
905227,1,1
308409,1,1
310236,1,1
311195,1,1
311414,1,1
1087167,1,1
1088707,1,1
198480,1,1
199168,1,1
996535,1,1
999913,1,1
313405,1,1
309240,1,1
309575,1,1
310246,1,1
311626,1,1
312332,1,1
308771,1,1
861848,1,1
866482,1,1
897751,1,1
966161,1,1
966585,1,1
198586,1,1
404406,1,1
877516,1,1
966616,1,1
617320,1,1
643102,1,1
688242,1,1
723562,1,1
754509,1,1
755945,1,1
763570,1,1
795949,1,1
866433,1,1
891889,1,1
994045,1,1
312019,1,1
750199,1,1
763576,1,1
730794,1,1
860898,1,1
894891,1,1
896108,1,1
966410,1,1
979466,1,1
992478,1,1
902736,1,1
308224,1,1
309309,1,1
309329,1,1
310134,1,1
310151,1,1
311428,1,1
312773,1,1
312775,1,1
1090558,1,1
1090917,1,1
1090915,1,1
198507,1,1
2043457,1,1
205304,1,1
206278,1,1
205915,1,1
996460,1,1
999638,1,1
312968,1,1
313030,1,1
317168,1,1
347126,1,1
349275,1,1
352063,1,1
393256,1,1
805375,1,1
809536,1,1
892516,1,1
900454,1,1
702157,1,1
309034,1,1
312175,1,1
351114,1,1
617316,1,1
617621,1,1
630890,1,1
701361,1,1
672605,1,1
702648,1,1
647283,1,1
630375,1,1
644104,1,1
672912,1,1
753398,1,1
751999,1,1
797882,1,1
861061,1,1
905174,1,1
797580,1,1
861495,1,1
861364,1,1
863538,1,1
866142,1,1
884231,1,1
885221,1,1
892249,1,1
966989,1,1
309088,1,1
309243,1,1
310580,1,1
310761,1,1
311247,1,1
311296,1,1
1086836,1,1
312100,1,1
312844,1,1
1087030,1,1
198751,1,1
199041,1,1
1998449,1,1
1999673,1,1
205252,1,1
206174,1,1
205529,1,1
994055,1,1
312958,1,1
313139,1,1
314021,1,1
315061,1,1
402131,1,1
801559,1,1
861498,1,1
905059,1,1
1090579,1,1
200317,1,1
313115,1,1
352188,1,1
801142,1,1
805451,1,1
310472,1,1
310766,1,1
311152,1,1
311952,1,1
312589,1,1
1090754,1,1
311264,1,1
199864,1,1
200090,1,1
2049380,1,1
205082,1,1
205913,1,1
995260,1,1
996520,1,1
997494,1,1
998032,1,1
312874,1,1
314988,1,1
315223,1,1
349198,1,1
392038,1,1
824961,1,1
826818,1,1
829971,1,1
351449,1,1
352202,1,1
207035,1,1
847469,1,1
854815,1,1
856441,1,1
856450,1,1
857118,1,1
207769,1,1
208435,1,1
209169,1,1
209301,1,1
209365,1,1
209391,1,1
210587,1,1
2106105,1,1
2106585,1,1
210918,1,1
210958,1,1
2110774,1,1
211176,1,1
211228,1,1
2117381,1,1
211891,1,1
212470,1,1
213128,1,1
213816,1,1
214105,1,1
2168003,1,1
2168518,1,1
2173654,1,1
2173848,1,1
2173833,1,1
2178170,1,1
2178281,1,1
1091506,1,1
1098418,1,1
1100578,1,1
1100924,1,1
1113316,1,1
1114342,1,1
1116136,1,1
1146692,1,1
828536,1,1
857076,1,1
2103317,1,1
212432,1,1
213526,1,1
2166928,1,1
2167676,1,1
1098219,1,1
1114836,1,1
1190692,1,1
1192959,1,1
1193362,1,1
1101540,1,1
406694,1,1
484850,1,1
596936,1,1
615100,1,1
857847,1,1
858138,1,1
859087,1,1
860557,1,1
1000980,1,1
1005712,1,1
1006554,1,1
1009332,1,1
1010769,1,1
1010878,1,1
1010931,1,1
1011703,1,1
1012249,1,1
1012727,1,1
102166,1,1
1037185,1,1
1037389,1,1
1039201,1,1
1039927,1,1
1042673,1,1
1049230,1,1
1050077,1,1
1052453,1,1
1053177,1,1
1053584,1,1
2184172,1,1
2196391,1,1
238233,1,1
239056,1,1
283511,1,1
28889,1,0
1657026,1,1
1658178,1,1
1661314,1,1
1119308,1,1
1147026,1,1
1190890,1,1
545293,1,1
857839,1,1
1000154,1,1
1011728,1,1
1046283,1,1
1049595,1,1
1052688,1,1
1052614,1,1
1086369,1,1
260392,1,1
1669859,1,1
1673095,1,1
1719862,1,1
1724786,1,1
1727569,1,1
1728099,1,1
1736028,1,1
1049276,1,1
240209,1,1
1657880,1,1
1723478,1,1
198289,1,1
198291,1,1
2053519,1,1
206982,1,1
207370,1,1
199305,1,1
997166,1,1
997229,1,1
997643,1,1
998185,1,1
998711,1,1
312936,1,1
313865,1,1
314188,1,1
348368,1,1
351291,1,1
403957,1,1
359931,1,1
823971,1,1
831254,1,1
845314,1,1
311568,1,1
2003344,1,1
847014,1,1
849699,1,1
854894,1,1
855503,1,1
855671,1,1
856607,1,1
857107,1,1
857334,1,1
857566,1,1
208449,1,1
209071,1,1
209288,1,1
208479,1,1
2107522,1,1
211057,1,1
211879,1,1
2173645,1,1
2196992,1,1
2168782,1,1
221124,1,1
237786,1,1
2167161,1,1
1089751,1,1
1091389,1,1
1092093,1,1
1092193,1,1
1094559,1,1
1095229,1,1
1111065,1,1
1114427,1,1
1114868,1,1
1190433,1,1
1190614,1,1
1190921,1,1
857702,1,1
1116090,1,1
977861,1,1
991194,1,1
994809,1,1
310189,1,1
310410,1,1
1088465,1,1
311602,1,1
204625,1,1
204807,1,1
2056470,1,1
206958,1,1
995122,1,1
998035,1,1
313504,1,1
313724,1,1
313968,1,1
317075,1,1
333831,1,1
352335,1,1
358334,1,1
996742,1,1
347107,1,1
349114,1,1
807832,1,1
809240,1,1
824174,1,1
828558,1,1
2058883,1,1
207243,1,1
313473,1,1
809002,1,1
849400,1,1
849578,1,1
849697,1,1
856612,1,1
857610,1,1
857892,1,1
207941,1,1
209361,1,1
2108912,1,1
211148,1,1
2118448,1,1
2120199,1,1
212595,1,1
213897,1,1
2168769,1,1
210604,1,1
1111641,1,1
1111640,1,1
1234563,1,1
562260,1,1
578330,1,1
597984,1,1
603282,1,1
616568,1,1
860433,1,1
1011715,1,1
1012715,1,1
1041516,1,1
104701,1,1
104906,1,1
1049376,1,1
1053386,1,1
1053582,1,1
106310,1,1
1086285,1,1
238160,1,1
251478,1,1
259218,1,1
284201,1,1
1653940,1,1
1658311,1,1
1661220,1,1
1661502,1,1
1663747,1,1
1666334,1,1
1724358,1,1
1726313,1,1
1729076,1,1
1731354,1,1
1737723,1,1
213390,1,1
428899,1,1
562618,1,1
596940,1,1
602395,1,1
1013096,1,1
1039474,1,1
1048288,1,1
1085714,1,1
245199,1,1
248119,1,1
1661488,1,1
1667678,1,1
1670201,1,1
1721619,1,1
1728351,1,1
1728785,1,1
1729205,1,1
284514,1,1
1743953,1,1
1745001,1,1
858616,1,1
1042688,1,1
1189657,1,1
1189781,1,1
1190189,1,1
1190955,1,1
1191222,1,1
1232298,1,1
1234585,1,1
404604,1,1
543014,1,1
544915,1,1
562508,1,1
860279,1,1
1014123,1,1
1020510,1,1
1039279,1,1
1049576,1,1
1053592,1,1
1053666,1,1
238030,1,1
284303,1,1
284534,1,1
307683,1,1
1721965,1,1
1726274,1,1
2168347,1,1
584302,1,1
616640,1,1
1046771,1,1
1047476,1,1
1232591,1,1
831359,1,1
861517,1,1
309271,1,1
311168,1,1
199389,1,1
199703,1,1
201824,1,1
204930,1,1
206264,1,1
206964,1,1
207339,1,1
2003656,1,1
995605,1,1
999496,1,1
313643,1,1
347996,1,1
403884,1,1
352119,1,1
801391,1,1
825435,1,1
831305,1,1
2049264,1,1
313142,1,1
831309,1,1
836647,1,1
845945,1,1
846045,1,1
847368,1,1
853002,1,1
856459,1,1
1091392,1,1
1093284,1,1
1101465,1,1
209068,1,1
2101530,1,1
2108857,1,1
213118,1,1
213212,1,1
213337,1,1
2166204,1,1
540817,1,1
608796,1,1
857679,1,1
858744,1,1
860597,1,1
860680,1,1
1010609,1,1
1037272,1,1
1039149,1,1
1049081,1,1
1049156,1,1
1050413,1,1
261361,1,1
283641,1,1
1664458,1,1
1719669,1,1
1115587,1,1
213071,1,1
434413,1,1
582969,1,1
603642,1,1
859046,1,1
860028,1,1
1012769,1,1
1720276,1,1
602639,1,1
1045621,1,1
1738808,1,1
1792289,1,1
1797655,1,1
1803669,1,1
1809511,1,1
1810273,1,1
1860135,1,1
1866515,1,1
197425,1,1
197446,1,1
1235157,1,1
1236127,1,1
1236208,1,1
1244695,1,1
1244769,1,1
1245723,1,1
1248002,1,1
1251325,1,1
1251486,1,1
1251619,1,1
1291869,1,1
1292836,1,1
1301158,1,1
1300396,1,1
1305099,1,1
1307056,1,1
1309978,1,1
1310621,1,1
1310827,1,1
1311820,1,1
1356074,1,1
1359983,1,1
1363246,1,1
1366804,1,1
1368403,1,1
1374574,1,1
1423711,1,1
1423961,1,1
1424045,1,1
198039,1,1
198104,1,1
198152,1,1
1430402,1,1
1440936,1,1
1441376,1,1
1485099,1,1
1489372,1,1
1494775,1,1
150932,1,1
153638,1,1
1536503,1,1
1539995,1,1
1598099,1,1
1599133,1,1
1608012,1,1
1649008,1,1
197554,1,1
1362041,1,1
1364539,1,1
1860136,1,1
1866401,1,1
1870205,1,1
1872752,1,1
1923056,1,1
1923579,1,1
1928858,1,1
1946589,1,1
1809214,1,1
1252021,1,1
1291374,1,1
1302353,1,1
1308002,1,1
1356677,1,1
1359148,1,1
1362054,1,1
1362047,1,1
1363291,1,1
1367208,1,1
1368020,1,1
1368430,1,1
1369818,1,1
1370204,1,1
1370768,1,1
1371355,1,1
1421982,1,1
1424016,1,1
1425431,1,1
197961,1,1
1535250,1,1
1545652,1,1
1546204,1,1
1601102,1,1
1809439,1,1
1809672,1,1
1299022,1,1
1298433,1,1
1366835,1,1
1795598,1,1
1808221,1,1
1809545,1,1
1812425,1,1
1857913,1,1
1860498,1,1
1874139,1,1
1876614,1,1
1919088,1,1
1941599,1,1
1946651,1,1
1245706,1,1
1251008,1,1
1251034,1,1
1251787,1,1
1293083,1,1
1297660,1,1
1303840,1,1
1313884,1,1
1358761,1,1
1360264,1,1
1361023,1,1
1361708,1,1
1362069,1,1
1364362,1,1
1370097,1,1
1370427,1,1
1425847,1,1
1429284,1,1
197843,1,1
198068,1,1
198105,1,1
1491511,1,1
1494742,1,1
151720,1,0
1535468,1,1
1540004,1,1
1541261,1,1
1542859,1,1
1542835,1,1
1595249,1,1
1595736,1,1
259132,1,1
261300,1,1
1722376,1,1
1723160,1,1
859871,1,1
1664463,1,1
1726296,1,1
1728999,1,1
1736057,1,1
1741292,1,1
1856402,1,1
1863349,1,1
1866543,1,1
1921228,1,1
197498,1,1
197591,1,1
197699,1,1
197816,1,1
1250896,1,1
1294560,1,1
1298335,1,1
1302475,1,1
1302437,1,1
1303807,1,1
1357007,1,1
1357931,1,1
1358165,1,1
1361515,1,1
1362952,1,1
1367205,1,1
1428927,1,1
197976,1,1
197988,1,1
198193,1,1
1486787,1,1
1490065,1,1
1491506,1,1
1536586,1,1
1547563,1,1
1605185,1,1
1650604,1,1
1741763,1,1
1804745,1,1
1356112,1,1
1361029,1,1
1424677,1,1
1535849,1,1
1370765,1,1
1442854,1,1
1486183,1,1
1807917,1,1
1247614,1,1
1250976,1,1
1358429,1,1
1598999,1,1
1485784,1,1
639566,1,1
646836,1,1
670086,1,1
702309,1,1
749804,1,1
668366,1,1
746075,1,1
755786,1,1
763183,1,1
746036,1,1
749795,1,1
752869,1,1
861487,1,1
902219,1,1
968100,1,1
991326,1,1
898367,1,1
309170,1,1
309875,1,1
756325,1,1
745049,1,1
755434,1,1
861752,1,1
861808,1,1
866475,1,1
884223,1,1
886634,1,1
891709,1,1
900038,1,1
900434,1,1
966399,1,1
992691,1,1
994835,1,1
308273,1,1
309883,1,1
309955,1,1
309961,1,1
310026,1,1
310791,1,1
312181,1,1
312372,1,1
1087406,1,1
198623,1,1
1999989,1,1
313813,1,1
343011,1,1
823877,1,1
824170,1,1
834350,1,1
630208,1,1
866511,1,1
310119,1,1
724592,1,1
762002,1,1
891885,1,1
905092,1,1
905355,1,1
966587,1,1
992766,1,1
308306,1,1
308624,1,1
308856,1,1
309227,1,1
1087037,1,1
1989085,1,1
1989117,1,1
199381,1,1
204501,1,1
2050125,1,1
207072,1,1
996121,1,1
312961,1,1
348323,1,1
801663,1,1
809273,1,1
834144,1,1
800209,1,1
895865,1,1
309719,1,1
312482,1,1
310636,1,1
2059178,1,1
996103,1,1
999640,1,1
313541,1,1
617632,1,1
644787,1,1
727537,1,1
727762,1,1
754865,1,1
797819,1,1
861223,1,1
896185,1,1
896868,1,1
895893,1,1
902220,1,1
311640,1,1
705170,1,1
757969,1,1
702169,1,1
756008,1,1
759721,1,1
876690,1,1
904537,1,1
966540,1,1
966914,1,1
979452,1,1
992775,1,1
308410,1,1
308502,1,1
308512,1,1
308697,1,1
308709,1,1
309204,1,1
310477,1,1
310856,1,1
312007,1,1
312140,1,1
996778,1,1
966201,1,1
991456,1,1
995088,1,1
308964,1,1
310863,1,1
1087302,1,1
310459,1,1
891890,1,1
861731,1,1
995038,1,1
1992554,1,1
199281,1,1
2002728,1,1
207215,1,1
995591,1,1
998476,1,1
312981,1,1
313219,1,1
313232,1,1
308162,1,1
309597,1,1
644120,1,1
702320,1,1
700860,1,1
751568,1,1
755464,1,1
861599,1,1
886666,1,1
896315,1,1
992164,1,1
748738,1,1
744624,1,1
731533,1,1
861167,1,1
884538,1,1
885585,1,1
890785,1,1
890918,1,1
892352,1,1
892554,1,1
895887,1,1
990988,1,1
308476,1,1
308616,1,1
309033,1,1
310214,1,1
311212,1,1
312535,1,1
198592,1,1
1993075,1,1
1996189,1,1
1999330,1,1
2043864,1,1
204403,1,1
207010,1,1
995118,1,1
315147,1,1
351383,1,1
352121,1,1
830898,1,1
966175,1,1
309960,1,1
198356,1,1
2055289,1,1
830552,1,1
309058,1,1
748806,1,1
708127,1,1
706829,1,1
656858,1,1
688509,1,1
730440,1,1
753481,1,1
860884,1,1
745464,1,1
751868,1,1
731167,1,1
731179,1,1
861592,1,1
866905,1,1
884254,1,1
891140,1,1
897653,1,1
966211,1,1
309650,1,1
1087051,1,1
897756,1,1
966559,1,1
979446,1,1
991186,1,1
308241,1,1
308268,1,1
310674,1,1
311538,1,1
311619,1,1
1089988,1,1
198250,1,1
198313,1,1
199103,1,1
1992171,1,1
199247,1,1
1992545,1,1
207265,1,1
994277,1,1
999618,1,1
999656,1,1
313254,1,1
315208,1,1
347022,1,1
348224,1,1
996648,1,1
804173,1,1
861375,1,1
309314,1,1
1090041,1,1
199115,1,1
2049388,1,1
205533,1,1
995690,1,1
311239,1,1
198464,1,1
199126,1,1
199132,1,1
199257,1,1
2047180,1,1
205786,1,1
207359,1,1
997162,1,1
315003,1,1
351529,1,1
352331,1,1
800979,1,1
807283,1,1
831730,1,1
834148,1,1
835560,1,1
206246,1,1
995493,1,1
351247,1,1
351292,1,1
1992428,1,1
348320,1,1
835925,1,1
836641,1,1
848333,1,1
848726,1,1
849452,1,1
852893,1,1
855858,1,1
856557,1,1
857344,1,1
207437,1,1
208463,1,1
208959,1,1
209039,1,1
209360,1,1
209415,1,1
2099327,1,1
211106,1,1
211175,1,1
211138,1,1
211611,1,1
2119569,1,1
212224,1,1
212843,1,1
213340,1,1
213394,1,1
213562,1,1
214042,1,1
2168771,1,1
2170634,1,1
2173500,1,1
2173738,1,1
2173849,1,1
2176461,1,1
2177921,1,1
214091,1,1
1098483,1,1
1113421,1,1
856710,1,1
1232200,1,1
1234322,1,1
1234871,1,1
1190120,1,1
404553,1,1
406589,1,1
416750,1,1
483442,1,1
543989,1,1
544241,1,1
545786,1,1
562704,1,1
579315,1,1
616763,1,1
602696,1,1
857756,1,1
859092,1,1
860524,1,1
1006698,1,1
1014130,1,1
1039300,1,1
1039965,1,1
1042684,1,1
1046351,1,1
1046954,1,1
1046926,1,1
1048132,1,1
1049094,1,1
1049293,1,1
1050398,1,1
1050665,1,1
1053590,1,1
108513,1,1
1085688,1,1
1085635,1,1
1043483,1,1
2191891,1,1
237703,1,1
237847,1,1
238003,1,1
247911,1,1
247990,1,1
253021,1,1
260125,1,1
260239,1,1
260462,1,1
284420,1,1
307743,1,1
308087,1,1
308122,1,1
1655179,1,1
1658245,1,1
1661076,1,1
1099672,1,1
1190334,1,1
543682,1,1
858863,1,1
860747,1,1
1010692,1,1
1012081,1,1
1012912,1,1
105607,1,1
238581,1,1
284515,1,1
1659197,1,1
543027,1,1
1668240,1,1
1716090,1,1
1723868,1,1
1724486,1,1
1725082,1,1
1726846,1,1
260688,1,1
1049181,1,1
198262,1,1
199189,1,1
2003239,1,1
204463,1,1
206407,1,1
313586,1,1
313792,1,1
314131,1,1
318212,1,1
343009,1,1
347021,1,1
351100,1,1
351229,1,1
404473,1,1
830533,1,1
836344,1,1
198445,1,1
313492,1,1
346298,1,1
402000,1,1
854232,1,1
856806,1,1
857083,1,1
857350,1,1
857457,1,1
209663,1,1
210058,1,1
210297,1,1
211271,1,1
211887,1,1
213190,1,1
213268,1,1
237718,1,1
1091139,1,1
1091868,1,1
1093062,1,1
1094070,1,1
1094214,1,1
1098346,1,1
1099281,1,1
1100711,1,1
1101366,1,1
1101637,1,1
1112982,1,1
1190034,1,1
1190284,1,1
998721,1,1
904880,1,1
978686,1,1
979477,1,1
992902,1,1
310295,1,1
1090445,1,1
2044644,1,1
205257,1,1
2056486,1,1
205710,1,1
205903,1,1
206781,1,1
207446,1,1
995295,1,1
995872,1,1
312955,1,1
313773,1,1
314234,1,1
347023,1,1
347047,1,1
349386,1,1
351380,1,1
377930,1,1
830557,1,1
832917,1,1
835840,1,1
206901,1,1
207249,1,1
349561,1,1
847734,1,1
849314,1,1
853066,1,1
857845,1,1
208469,1,1
209074,1,1
209125,1,1
2102713,1,1
2105835,1,1
2106766,1,1
2110510,1,1
2122389,1,1
2168530,1,1
2170286,1,1
2181521,1,1
2182355,1,1
1098682,1,1
1100079,1,1
1110811,1,1
1112715,1,1
1234327,1,1
1234886,1,1
477367,1,1
562791,1,1
606731,1,1
1000946,1,1
1001014,1,1
1005847,1,1
1006733,1,1
1012008,1,1
1012687,1,1
1014471,1,1
103161,1,1
1037322,1,1
1038886,1,1
1042821,1,1
1048134,1,1
1049618,1,1
1085742,1,1
1085908,1,1
239186,1,1
251575,1,1
1654662,1,1
1720166,1,1
1720773,1,1
1734942,1,1
2173724,1,1
1112869,1,1
1147228,1,1
436525,1,1
543835,1,1
562648,1,1
581736,1,1
616462,1,1
1009330,1,1
1010238,1,1
1048118,1,1
1049228,1,1
242969,1,1
248478,1,1
259081,1,1
283156,1,1
307673,1,1
1731999,1,1
1736546,1,1
1738541,1,1
859312,1,1
1012926,1,1
1738503,1,1
1001012,1,1
1660001,1,1
1114982,1,1
1115594,1,1
1145955,1,1
1147679,1,1
1234328,1,1
1234865,1,1
430902,1,1
483448,1,1
485020,1,1
542358,1,1
562595,1,1
581285,1,1
583282,1,1
858949,1,1
1000151,1,1
1000907,1,1
1006057,1,1
1012473,1,1
1012737,1,1
1013679,1,1
1044932,1,1
1048955,1,1
1050814,1,1
105171,1,1
105225,1,1
1053146,1,1
1053597,1,1
1053852,1,1
107047,1,1
237717,1,1
238719,1,1
242276,1,1
242892,1,1
243447,1,1
245477,1,1
307749,1,1
1664981,1,1
1665700,1,1
209899,1,1
2122648,1,1
1117570,1,1
404081,1,1
540102,1,1
582692,1,1
859052,1,1
860223,1,1
1010613,1,1
1039333,1,1
1043048,1,1
1049601,1,1
245963,1,1
259089,1,1
307674,1,1
762836,1,1
309470,1,1
1088744,1,1
198249,1,1
198369,1,1
1992273,1,1
1998783,1,1
2001268,1,1
201340,1,1
201883,1,1
204503,1,1
205489,1,1
206076,1,1
313096,1,1
313246,1,1
314055,1,1
315085,1,1
315172,1,1
348327,1,1
349466,1,1
351249,1,1
351906,1,1
359934,1,1
800497,1,1
809540,1,1
825140,1,1
198294,1,1
845523,1,1
847736,1,1
856935,1,1
1098416,1,1
1099679,1,1
1110815,1,1
1111086,1,1
1113390,1,1
1113714,1,1
1148400,1,1
1191,1,0
1193462,1,1
208411,1,1
313522,1,1
1114479,1,1
211759,1,1
211776,1,1
212778,1,1
2175894,1,1
413247,1,1
486188,1,1
540468,1,1
562445,1,1
579782,1,1
858778,1,1
1006065,1,1
1049108,1,1
284185,1,1
307758,1,1
307764,1,1
1720617,1,1
1720737,1,1
1724338,1,1
1101332,1,1
1234583,1,1
210280,1,1
857224,1,1
1000139,1,1
1012278,1,1
1043646,1,1
1667778,1,1
1653433,1,1
1654849,1,1
1739844,1,1
1740866,1,1
1741739,1,1
1747301,1,1
1790208,1,1
1797849,1,1
1804836,1,1
1807546,1,1
1808600,1,1
1812480,1,1
1855387,1,1
1862084,1,1
1862150,1,1
1868563,1,1
1874537,1,1
1918194,1,1
1918215,1,1
1945076,1,1
197563,1,1
197582,1,1
197663,1,1
1866214,1,1
1236428,1,1
1244592,1,1
1244715,1,1
1244936,1,1
1249710,1,1
1249586,1,1
1292313,1,1
1292901,1,1
1293508,1,1
1297306,1,1
1300178,1,1
1303746,1,1
1311150,1,1
1314402,1,1
1314932,1,1
1356775,1,1
1357925,1,1
1359031,1,1
1359125,1,1
1360159,1,1
1360638,1,1
1360956,1,1
1360949,1,1
1363507,1,1
1373014,1,1
1421075,1,1
1422560,1,1
1426997,1,1
1428948,1,1
197784,1,1
1432971,1,1
1435089,1,1
1437709,1,1
1483194,1,1
1485227,1,1
1493510,1,1
1536474,1,1
1537024,1,1
1537198,1,1
1539891,1,1
1540030,1,1
1543074,1,1
1551488,1,1
1593831,1,1
1599173,1,1
1605086,1,1
1649593,1,1
1293286,1,1
1791495,1,1
1794186,1,1
1797878,1,1
1798358,1,1
1799704,1,1
1867996,1,1
1876502,1,1
1942485,1,1
1944113,1,1
1944788,1,1
197426,1,1
1236632,1,1
1243843,1,1
1244571,1,1
1245759,1,1
1292828,1,1
1293494,1,1
1294253,1,1
1298273,1,1
1298876,1,1
1299185,1,1
1299628,1,1
1300310,1,1
1300351,1,1
1302342,1,1
1307168,1,1
1356781,1,1
1362816,1,1
1363013,1,1
1363317,1,1
1367692,1,1
1427300,1,1
1428828,1,1
1431083,1,1
1435855,1,1
1438528,1,1
1430534,1,1
197461,1,1
197739,1,1
197738,1,1
197754,1,1
1441831,1,1
1442970,1,1
1486191,1,1
1486981,1,1
1494769,1,1
150840,1,1
1539267,1,1
1545794,1,1
1546183,1,1
1548714,1,1
1549692,1,1
1594593,1,1
1599302,1,1
1600722,1,1
1648759,1,1
1245017,1,1
1364441,1,1
1369788,1,1
1736543,1,1
1737470,1,1
1740923,1,1
1742037,1,1
1747577,1,1
1791721,1,1
1803932,1,1
1806193,1,1
1809416,1,1
1870631,1,1
1922334,1,1
1927959,1,1
1244754,1,1
1247402,1,1
1249763,1,1
1250234,1,1
1251013,1,1
1294342,1,1
1302676,1,1
1313885,1,1
1358714,1,1
1362062,1,1
1363510,1,1
1368300,1,1
1368417,1,1
1424386,1,1
1430407,1,1
1431237,1,1
1433750,1,1
1436938,1,1
197610,1,1
197770,1,1
198201,1,1
1536999,1,1
1601660,1,1
1655062,1,1
1657196,1,1
1718996,1,1
1727572,1,1
1734206,1,1
1735501,1,1
1737334,1,1
1737451,1,1
1790649,1,1
1795607,1,1
1804735,1,1
1944949,1,1
197370,1,1
197512,1,1
197636,1,1
1243786,1,1
1247913,1,1
1293834,1,1
1299636,1,1
1300155,1,1
1305089,1,1
1373335,1,1
1373745,1,1
1433543,1,1
197986,1,1
1487086,1,1
1495160,1,1
152571,1,1
1534850,1,1
1539435,1,1
1598808,1,1
1599652,1,1
1600909,1,1
1602607,1,1
1652849,1,1
1427404,1,1
1542815,1,1
1494206,1,1
1596947,1,1
1549533,1,1
636767,1,1
643058,1,1
643109,1,1
702306,1,1
730065,1,1
751877,1,1
724547,1,1
686405,1,1
706544,1,1
727531,1,1
758583,1,1
790288,1,1
724590,1,1
727822,1,1
861381,1,1
866452,1,1
876863,1,1
896771,1,1
900157,1,1
992757,1,1
205868,1,1
752899,1,1
755438,1,1
755556,1,1
755970,1,1
762839,1,1
798430,1,1
861430,1,1
904786,1,1
979494,1,1
992770,1,1
992797,1,1
993257,1,1
966415,1,1
308720,1,1
310933,1,1
311486,1,1
311603,1,1
1089194,1,1
1090623,1,1
1999035,1,1
2003798,1,1
204525,1,1
999676,1,1
315065,1,1
313911,1,1
725064,1,1
668658,1,1
749750,1,1
756295,1,1
905341,1,1
805661,1,1
966548,1,1
979118,1,1
310007,1,1
310467,1,1
311393,1,1
312509,1,1
1088546,1,1
2002420,1,1
204638,1,1
206522,1,1
1996206,1,1
313550,1,1
315004,1,1
402105,1,1
863628,1,1
882550,1,1
904255,1,1
199647,1,1
200817,1,1
998689,1,1
347717,1,1
864789,1,1
896019,1,1
617314,1,1
746606,1,1
725076,1,1
755543,1,1
701858,1,1
731577,1,1
763116,1,1
763489,1,1
795778,1,1
756231,1,1
861164,1,1
861226,1,1
861479,1,1
905162,1,1
311994,1,1
791942,1,1
863559,1,1
863964,1,1
866214,1,1
884664,1,1
898350,1,1
905310,1,1
977840,1,1
966286,1,1
308480,1,1
308668,1,1
308909,1,1
308922,1,1
309295,1,1
309696,1,1
310673,1,1
311759,1,1
312288,1,1
311413,1,1
198293,1,1
198384,1,1
199119,1,1
206266,1,1
206971,1,1
995418,1,1
996727,1,1
351299,1,1
387090,1,1
753457,1,1
966170,1,1
993520,1,1
308295,1,1
308894,1,1
310688,1,1
977988,1,1
308151,1,1
202098,1,1
2059044,1,1
206308,1,1
831836,1,1
876399,1,1
309259,1,1
618670,1,1
630196,1,1
629697,1,1
631803,1,1
647328,1,1
644148,1,1
727954,1,1
724156,1,1
749787,1,1
880695,1,1
672567,1,1
695932,1,1
701128,1,1
753438,1,1
728225,1,1
897693,1,1
966795,1,1
308914,1,1
705757,1,1
795712,1,1
866464,1,1
876439,1,1
896975,1,1
897755,1,1
898371,1,1
883637,1,1
892583,1,1
311555,1,1
311666,1,1
1088934,1,1
310490,1,1
198290,1,1
198327,1,1
198572,1,1
199172,1,1
2001430,1,1
201896,1,1
204900,1,1
996007,1,1
314209,1,1
351258,1,1
371774,1,1
800420,1,1
801957,1,1
831117,1,1
864737,1,1
896821,1,1
309616,1,1
998538,1,1
388517,1,1
645649,1,1
705619,1,1
756276,1,1
750124,1,1
791879,1,1
749572,1,1
751876,1,1
795182,1,1
865562,1,1
884540,1,1
892257,1,1
885213,1,1
308214,1,1
1988772,1,1
880963,1,1
884709,1,1
966179,1,1
978579,1,1
991334,1,1
309117,1,1
309368,1,1
310005,1,1
310436,1,1
310599,1,1
311681,1,1
311447,1,1
198335,1,1
198380,1,1
1995466,1,1
201867,1,1
2047596,1,1
2056506,1,1
205746,1,1
2058485,1,1
206199,1,1
206789,1,1
996559,1,1
996611,1,1
997512,1,1
348987,1,1
352099,1,1
349251,1,1
800662,1,1
808753,1,1
898715,1,1
310641,1,1
2049397,1,1
313262,1,1
351429,1,1
809346,1,1
310986,1,1
311604,1,1
311957,1,1
1088538,1,1
198237,1,1
198315,1,1
1986365,1,1
1988316,1,1
1989817,1,1
199373,1,1
1998463,1,1
205534,1,1
205816,1,1
995095,1,1
999632,1,1
999687,1,1
313564,1,1
314079,1,1
315222,1,1
347122,1,1
367792,1,1
351957,1,1
807259,1,1
807361,1,1
809323,1,1
826808,1,1
828600,1,1
830642,1,1
834164,1,1
834175,1,1
207094,1,1
317130,1,1
343043,1,1
349391,1,1
352051,1,1
835923,1,1
845489,1,1
849284,1,1
849546,1,1
855673,1,1
856366,1,1
857336,1,1
208386,1,1
208420,1,1
210117,1,1
2101281,1,1
210390,1,1
2105785,1,1
211327,1,1
211333,1,1
2119805,1,1
213495,1,1
2168451,1,1
2169276,1,1
2178168,1,1
2183684,1,1
2167729,1,1
1093060,1,1
1094192,1,1
1094122,1,1
1095682,1,1
1098404,1,1
1099897,1,1
1100010,1,1
1100933,1,1
1101635,1,1
1101849,1,1
1113431,1,1
1145972,1,1
204466,1,1
857608,1,1
213125,1,1
1101111,1,1
1101773,1,1
1113023,1,1
1149388,1,1
1189206,1,1
1190208,1,1
404588,1,1
485348,1,1
542035,1,1
562622,1,1
577324,1,1
584503,1,1
603589,1,1
858830,1,1
1000137,1,1
1000373,1,1
1000405,1,1
1001082,1,1
1006547,1,1
1012025,1,1
1012354,1,1
1012645,1,1
1014573,1,1
1037049,1,1
1041807,1,1
1043708,1,1
1046307,1,1
1046605,1,1
1047813,1,1
1049178,1,1
1050808,1,1
1053304,1,1
1053736,1,1
1053705,1,1
105626,1,1
2173952,1,1
239238,1,1
248328,1,1
284408,1,1
1657016,1,1
1666098,1,1
607273,1,1
859753,1,1
859867,1,1
1000890,1,1
1012235,1,1
1013053,1,1
1039685,1,1
284275,1,1
307650,1,1
1658180,1,1
597957,1,1
1012002,1,1
261214,1,1
1716083,1,1
1716042,1,1
1716268,1,1
1719222,1,1
1724341,1,1
1724668,1,1
1732007,1,1
1668250,1,1
582926,1,1
1047945,1,1
1010673,1,1
1014454,1,1
1720960,1,1
199213,1,1
1994404,1,1
201825,1,1
207774,1,1
312997,1,1
314088,1,1
347110,1,1
348345,1,1
352080,1,1
805009,1,1
808097,1,1
824590,1,1
828299,1,1
310664,1,1
2047868,1,1
200395,1,1
801644,1,1
847131,1,1
849290,1,1
849490,1,1
849522,1,1
854880,1,1
854892,1,1
855189,1,1
856844,1,1
208221,1,1
208635,1,1
207790,1,1
209498,1,1
210241,1,1
2109606,1,1
211297,1,1
212355,1,1
212841,1,1
2179635,1,1
1091451,1,1
1091495,1,1
1091626,1,1
1092633,1,1
1098881,1,1
1099602,1,1
1100366,1,1
1115454,1,1
1145348,1,1
1150840,1,1
1188388,1,1
1188440,1,1
857466,1,1
211943,1,1
1117122,1,1
902716,1,1
308685,1,1
311643,1,1
199109,1,1
202107,1,1
2043312,1,1
203970,1,1
2048946,1,1
206225,1,1
207933,1,1
998687,1,1
312973,1,1
314110,1,1
349273,1,1
82112,1,0
830785,1,1
835954,1,1
846921,1,1
205286,1,1
314107,1,1
848060,1,1
849279,1,1
849309,1,1
849683,1,1
853202,1,1
855482,1,1
855820,1,1
856797,1,1
858091,1,1
208680,1,1
208979,1,1
207349,1,1
208493,1,1
210339,1,1
2105822,1,1
210716,1,1
210780,1,1
2110527,1,1
2122655,1,1
212427,1,1
213092,1,1
213486,1,1
1091158,1,1
1091497,1,1
1092421,1,1
1095283,1,1
1099869,1,1
1100005,1,1
1111350,1,1
1112878,1,1
857962,1,1
1111073,1,1
419995,1,1
422998,1,1
582966,1,1
859153,1,1
1000153,1,1
1000976,1,1
1006683,1,1
1012272,1,1
1012733,1,1
1013731,1,1
1038911,1,1
1043032,1,1
1043662,1,1
1045354,1,1
1046596,1,1
1046704,1,1
1049176,1,1
1049660,1,1
1053859,1,1
108287,1,1
1085987,1,1
241856,1,1
244399,1,1
245454,1,1
245607,1,1
261386,1,1
283224,1,1
1656320,1,1
1658091,1,1
1658308,1,1
1658647,1,1
1668267,1,1
476516,1,1
604585,1,1
860103,1,1
1000682,1,1
1000864,1,1
1012455,1,1
105586,1,1
261223,1,1
284215,1,1
104849,1,1
1739875,1,1
1743369,1,1
1738136,1,1
1115980,1,1
1116971,1,1
404457,1,1
485607,1,1
581578,1,1
597922,1,1
603281,1,1
603646,1,1
860164,1,1
860450,1,1
1009422,1,1
1010616,1,1
1042818,1,1
1043539,1,1
1012831,1,1
1039339,1,1
1046961,1,1
243998,1,1
245613,1,1
252960,1,1
1654951,1,1
1726656,1,1
1734205,1,1
1734479,1,1
2171002,1,1
616469,1,1
1049630,1,1
1053752,1,1
244642,1,1
283417,1,1
1659964,1,1
213828,1,1
831196,1,1
904415,1,1
968847,1,1
311368,1,1
311412,1,1
198373,1,1
2003662,1,1
2048722,1,1
204919,1,1
2052609,1,1
205734,1,1
207290,1,1
313189,1,1
314145,1,1
314271,1,1
402092,1,1
826842,1,1
884202,1,1
313094,1,1
833713,1,1
834071,1,1
835587,1,1
836636,1,1
849831,1,1
854803,1,1
854852,1,1
856528,1,1
1091391,1,1
1091604,1,1
1095536,1,1
1098161,1,1
1099812,1,1
1101845,1,1
1112455,1,1
1114393,1,1
1116635,1,1
1235247,1,1
209011,1,1
209479,1,1
2106103,1,1
210804,1,1
828700,1,1
213468,1,1
404032,1,1
545243,1,1
562266,1,1
581583,1,1
596843,1,1
603288,1,1
616452,1,1
857189,1,1
858815,1,1
1010040,1,1
1012283,1,1
1012757,1,1
1046769,1,1
1047444,1,1
1048961,1,1
1053426,1,1
240516,1,1
247683,1,1
252478,1,1
252479,1,1
282739,1,1
307732,1,1
308077,1,1
1658333,1,1
1665050,1,1
1667670,1,1
1673147,1,1
208113,1,1
404460,1,1
427726,1,1
616015,1,1
616279,1,1
857971,1,1
1000407,1,1
1049110,1,1
1010296,1,1
1052637,1,1
1666328,1,1
1720963,1,1
1723763,1,1
1740883,1,1
1791840,1,1
1792775,1,1
1800500,1,1
1803018,1,1
1803903,1,1
1811011,1,1
1860241,1,1
1865665,1,1
1867999,1,1
1868020,1,1
1939335,1,1
197383,1,1
197564,1,1
197572,1,1
1245718,1,1
1246244,1,1
1248183,1,1
1251335,1,1
1252016,1,1
1291688,1,1
1293472,1,1
1293512,1,1
1293731,1,1
1294350,1,1
1294368,1,1
1294567,1,1
1298457,1,1
1299764,1,1
1299896,1,1
1300363,1,1
1300733,1,1
1305722,1,1
1306932,1,1
1308445,1,1
1310720,1,1
1313785,1,1
1356330,1,1
1356527,1,1
1357394,1,1
1357897,1,1
1359141,1,1
1359352,1,1
1361698,1,1
1363770,1,1
1364392,1,1
1364498,1,1
1365698,1,1
1367212,1,1
1368908,1,1
198001,1,1
1430132,1,1
1432785,1,1
1437704,1,1
1442280,1,1
1442714,1,1
1486245,1,1
1487167,1,1
1536140,1,1
1537095,1,1
1537071,1,1
1546164,1,1
1591949,1,1
1371365,1,1
1595048,1,1
1791582,1,1
1797843,1,1
1802215,1,1
1805288,1,1
1808851,1,1
1813420,1,1
1857717,1,1
1918199,1,1
1918252,1,1
1923423,1,1
197380,1,1
1245259,1,1
1247574,1,1
1247899,1,1
1292988,1,1
1293665,1,1
1299774,1,1
1300085,1,1
1304117,1,1
1302845,1,1
1357871,1,1
1358377,1,1
1360343,1,1
1366855,1,1
1367214,1,1
1372652,1,1
1373128,1,1
1373130,1,1
1422568,1,1
1430400,1,1
1435267,1,1
1435634,1,1
1435889,1,1
197496,1,1
198014,1,1
198075,1,1
198182,1,1
1486983,1,1
1534818,1,1
1542929,1,1
1547746,1,1
1591995,1,1
1594682,1,1
1649341,1,1
1364494,1,1
1362708,1,1
1737758,1,1
1739866,1,1
1796421,1,1
1799178,1,1
1800795,1,1
1807896,1,1
1863347,1,1
1870676,1,1
1873995,1,1
1942757,1,1
1246100,1,1
1291386,1,1
1294116,1,1
1297641,1,1
1304971,1,1
1313888,1,1
1314636,1,1
1358471,1,1
1358619,1,1
1362706,1,1
1366149,1,1
1366950,1,1
1373747,1,1
142034,1,1
1421473,1,1
1423967,1,1
1424374,1,1
1426573,1,1
1428025,1,1
197638,1,1
197771,1,1
197895,1,1
1494798,1,1
1535249,1,1
1537082,1,1
1546074,1,1
1546056,1,1
1547639,1,1
1548870,1,1
1591982,1,1
1592912,1,1
1439838,1,1
243618,1,1
285007,1,1
1719225,1,1
1719670,1,1
1726324,1,1
1732014,1,1
1734480,1,1
1737757,1,1
1740467,1,1
1805278,1,1
1876355,1,1
1243498,1,1
1246373,1,1
1293456,1,1
1308569,1,1
1310489,1,1
197863,1,1
1491554,1,1
1540024,1,1
1595766,1,1
1605187,1,1
1424919,1,1
1432143,1,1
1605844,1,1
1300294,1,1
1357930,1,1
1371195,1,1
1490667,1,1
1491521,1,1
1600737,1,1
1539189,1,1
1427396,1,1
1487267,1,1
618350,1,1
646358,1,1
792052,1,1
636574,1,1
639888,1,1
706831,1,1
731541,1,1
756336,1,1
798179,1,1
800241,1,1
861358,1,1
865565,1,1
884535,1,1
994528,1,1
311996,1,1
797848,1,1
763453,1,1
861790,1,1
864820,1,1
876429,1,1
900580,1,1
901800,1,1
904563,1,1
966460,1,1
885257,1,1
308293,1,1
310634,1,1
310767,1,1
1087410,1,1
1089063,1,1
1089817,1,1
311369,1,1
198624,1,1
198741,1,1
1995988,1,1
2003378,1,1
206980,1,1
207352,1,1
207457,1,1
207850,1,1
315104,1,1
351455,1,1
892331,1,1
895966,1,1
746756,1,1
790879,1,1
905375,1,1
308712,1,1
756272,1,1
864763,1,1
892494,1,1
896783,1,1
308495,1,1
310810,1,1
2048979,1,1
205287,1,1
996288,1,1
313863,1,1
346210,1,1
352052,1,1
831285,1,1
898316,1,1
753436,1,1
904238,1,1
312398,1,1
1089027,1,1
207362,1,1
314050,1,1
828751,1,1
861816,1,1
199424,1,1
827141,1,1
643123,1,1
644133,1,1
721795,1,1
724891,1,1
745051,1,1
750239,1,1
797973,1,1
754806,1,1
861032,1,1
899993,1,1
727848,1,1
749816,1,1
756271,1,1
799038,1,1
861672,1,1
884175,1,1
892582,1,1
895664,1,1
895996,1,1
905407,1,1
905413,1,1
966270,1,1
309340,1,1
309715,1,1
310045,1,1
310147,1,1
1087427,1,1
310239,1,1
198241,1,1
1986356,1,1
1992526,1,1
2049636,1,1
995990,1,1
996243,1,1
997557,1,1
999663,1,1
359229,1,1
351774,1,1
834100,1,1
835899,1,1
758165,1,1
905199,1,1
311406,1,1
312647,1,1
1088243,1,1
905353,1,1
992846,1,1
312011,1,1
199161,1,1
200094,1,1
349276,1,1
351519,1,1
352220,1,1
900476,1,1
308745,1,1
310183,1,1
826666,1,1
645216,1,1
656866,1,1
637197,1,1
688211,1,1
727584,1,1
793872,1,1
795716,1,1
762833,1,1
877408,1,1
894805,1,1
979316,1,1
991345,1,1
903893,1,1
702103,1,1
763168,1,1
797061,1,1
861365,1,1
861426,1,1
866900,1,1
876401,1,1
894865,1,1
895384,1,1
898344,1,1
899228,1,1
901555,1,1
905518,1,1
966574,1,1
967043,1,1
977882,1,1
978000,1,1
994220,1,1
896893,1,1
966283,1,1
979409,1,1
308691,1,1
308727,1,1
308793,1,1
309124,1,1
309449,1,1
310595,1,1
312296,1,1
1090641,1,1
312022,1,1
1998482,1,1
205577,1,1
205795,1,1
207208,1,1
206346,1,1
347741,1,1
351852,1,1
358975,1,1
827750,1,1
884675,1,1
310003,1,1
863586,1,1
904421,1,1
2050977,1,1
996738,1,1
313218,1,1
308496,1,1
309054,1,1
644278,1,1
636106,1,1
794063,1,1
708076,1,1
701714,1,1
758575,1,1
761979,1,1
762660,1,1
864716,1,1
991332,1,1
731176,1,1
792002,1,1
798411,1,1
861373,1,1
864685,1,1
865137,1,1
866907,1,1
876417,1,1
891178,1,1
892259,1,1
895943,1,1
896760,1,1
901446,1,1
903845,1,1
905156,1,1
993074,1,1
966417,1,1
308390,1,1
308705,1,1
309172,1,1
310547,1,1
310624,1,1
311158,1,1
1089731,1,1
1994316,1,1
199648,1,1
2001752,1,1
205188,1,1
995624,1,1
313326,1,1
352273,1,1
387003,1,1
803310,1,1
826612,1,1
892596,1,1
199163,1,1
2000686,1,1
2055672,1,1
207334,1,1
402101,1,1
310758,1,1
312399,1,1
1988319,1,1
200311,1,1
2053512,1,1
206853,1,1
999398,1,1
313171,1,1
313199,1,1
313325,1,1
313416,1,1
313580,1,1
313932,1,1
314142,1,1
314973,1,1
315015,1,1
801432,1,1
806392,1,1
808921,1,1
809984,1,1
823777,1,1
827565,1,1
828585,1,1
311963,1,1
2055815,1,1
351944,1,1
352083,1,1
800884,1,1
847205,1,1
847254,1,1
848208,1,1
849547,1,1
853008,1,1
853610,1,1
854762,1,1
855812,1,1
856460,1,1
856912,1,1
857389,1,1
857432,1,1
856942,1,1
207974,1,1
208265,1,1
208416,1,1
208659,1,1
208850,1,1
209006,1,1
209977,1,1
210072,1,1
2101495,1,1
211023,1,1
211165,1,1
211699,1,1
2123045,1,1
213438,1,1
213538,1,1
214041,1,1
2168601,1,1
2173852,1,1
1094172,1,1
1094549,1,1
1098616,1,1
1101486,1,1
1101857,1,1
1101914,1,1
1116083,1,1
1117536,1,1
1117562,1,1
1119402,1,1
1147496,1,1
214082,1,1
1091387,1,1
1098496,1,1
1098890,1,1
1101947,1,1
1117392,1,1
1149353,1,1
1190608,1,1
1190795,1,1
1190888,1,1
1191341,1,1
1192857,1,1
1193349,1,1
1191683,1,1
403828,1,1
404539,1,1
476466,1,1
477560,1,1
477585,1,1
484925,1,1
485486,1,1
541140,1,1
541879,1,1
544162,1,1
544445,1,1
583391,1,1
616845,1,1
857738,1,1
857859,1,1
857901,1,1
859003,1,1
859218,1,1
1000989,1,1
1005820,1,1
1010077,1,1
1011755,1,1
1014676,1,1
1039550,1,1
1044345,1,1
1046820,1,1
1046842,1,1
1048162,1,1
1048390,1,1
1052678,1,1
1085732,1,1
226917,1,1
238145,1,1
238657,1,1
245152,1,1
259090,1,1
282742,1,1
1656313,1,1
1660690,1,1
1663735,1,1
1665675,1,1
1112788,1,1
1115459,1,1
1150310,1,1
404725,1,1
428633,1,1
860088,1,1
860258,1,1
1000736,1,1
1000992,1,1
1010768,1,1
1012431,1,1
1012621,1,1
1012855,1,1
1012974,1,1
1013034,1,1
1020030,1,1
1037115,1,1
104206,1,1
1049091,1,1
1049615,1,1
105028,1,1
1085638,1,1
226668,1,1
239200,1,1
285032,1,1
1661335,1,1
1723740,1,1
1736477,1,1
541975,1,1
1005855,1,1
244366,1,1
1085783,1,1
245667,1,1
1990745,1,1
199134,1,1
1996297,1,1
205884,1,1
207014,1,1
207779,1,1
995682,1,1
996590,1,1
312965,1,1
313992,1,1
315155,1,1
347167,1,1
347722,1,1
351581,1,1
359296,1,1
828703,1,1
831325,1,1
315214,1,1
313497,1,1
846101,1,1
850309,1,1
854241,1,1
854868,1,1
855168,1,1
856980,1,1
857540,1,1
857681,1,1
208365,1,1
208364,1,1
208707,1,1
208124,1,1
209611,1,1
209765,1,1
210578,1,1
2108828,1,1
212228,1,1
212392,1,1
2168019,1,1
2168002,1,1
2173830,1,1
237779,1,1
208558,1,1
1092351,1,1
1094022,1,1
1094355,1,1
1098468,1,1
1099781,1,1
1101782,1,1
1113396,1,1
1113417,1,1
1116123,1,1
1117233,1,1
1144910,1,1
1145689,1,1
1148128,1,1
1190620,1,1
832919,1,1
903458,1,1
993274,1,1
309666,1,1
310028,1,1
310200,1,1
311282,1,1
312055,1,1
312499,1,1
200268,1,1
2003767,1,1
204779,1,1
205228,1,1
205364,1,1
205891,1,1
206221,1,1
207136,1,1
999946,1,1
312971,1,1
313910,1,1
314002,1,1
315107,1,1
347114,1,1
348177,1,1
359697,1,1
347052,1,1
824586,1,1
828275,1,1
831150,1,1
831274,1,1
834357,1,1
2055637,1,1
359275,1,1
849694,1,1
857397,1,1
857898,1,1
835342,1,1
854238,1,1
857311,1,1
207953,1,1
208455,1,1
208673,1,1
208813,1,1
207945,1,1
208051,1,1
209898,1,1
2122270,1,1
213204,1,1
213909,1,1
2178102,1,1
1091638,1,1
1095626,1,1
1099298,1,1
1100075,1,1
1235563,1,1
407879,1,1
542854,1,1
545074,1,1
562501,1,1
581395,1,1
598025,1,1
608692,1,1
608930,1,1
859106,1,1
859317,1,1
860227,1,1
860519,1,1
860571,1,1
1000588,1,1
1001758,1,1
1011712,1,1
1013930,1,1
1037369,1,1
1040043,1,1
1043636,1,1
1046781,1,1
1046817,1,1
1048056,1,1
1049270,1,1
1053651,1,1
108395,1,1
1085736,1,1
240738,1,1
242674,1,1
244071,1,1
244451,1,1
251856,1,1
248410,1,1
259682,1,1
259870,1,1
261168,1,1
261301,1,1
285127,1,1
1654914,1,1
1655032,1,1
1655058,1,1
1656634,1,1
1658264,1,1
1661560,1,1
1666311,1,1
1716075,1,1
1723218,1,1
1725775,1,1
1737472,1,1
1738589,1,1
857226,1,1
208716,1,1
208951,1,1
209280,1,1
1094556,1,1
542925,1,1
1037121,1,1
104385,1,1
1046789,1,1
1049521,1,1
1085121,1,1
242993,1,1
261220,1,1
283594,1,1
307691,1,1
307746,1,1
308091,1,1
1659991,1,1
1722245,1,1
1728767,1,1
1744049,1,1
1006608,1,1
1147395,1,1
1147793,1,1
1192685,1,1
1232646,1,1
1234458,1,1
406396,1,1
476540,1,1
484814,1,1
542167,1,1
542623,1,1
544400,1,1
598006,1,1
616968,1,1
859979,1,1
860123,1,1
860581,1,1
1012384,1,1
1012762,1,1
1013867,1,1
1014195,1,1
1020026,1,1
1039016,1,1
1043056,1,1
1045382,1,1
1052679,1,1
1052635,1,1
1085752,1,1
1086243,1,1
1086267,1,1
1086634,1,1
242694,1,1
244400,1,1
259184,1,1
283234,1,1
284411,1,1
284551,1,1
1657751,1,1
1728789,1,1
1735057,1,1
210295,1,1
545278,1,1
1005848,1,1
1042619,1,1
1049587,1,1
284449,1,1
1658244,1,1
1659149,1,1
104722,1,1
1053624,1,1
993505,1,1
309596,1,1
310043,1,1
310552,1,1
311667,1,1
312076,1,1
1090054,1,1
1992043,1,1
2001508,1,1
2047112,1,1
206779,1,1
206808,1,1
997491,1,1
999674,1,1
318076,1,1
318240,1,1
352308,1,1
359601,1,1
803194,1,1
809305,1,1
828537,1,1
2056069,1,1
802905,1,1
834054,1,1
854245,1,1
855863,1,1
854239,1,1
855302,1,1
1091225,1,1
1091420,1,1
1094109,1,1
1098366,1,1
1111772,1,1
1114470,1,1
1115467,1,1
1190570,1,1
1190957,1,1
1190572,1,1
209870,1,1
210677,1,1
210770,1,1
2121705,1,1
213169,1,1
214003,1,1
2173851,1,1
237928,1,1
404061,1,1
404638,1,1
477347,1,1
485434,1,1
486501,1,1
541809,1,1
562395,1,1
584640,1,1
857169,1,1
857881,1,1
859296,1,1
1000076,1,1
1000717,1,1
1005908,1,1
1020052,1,1
105032,1,1
106346,1,1
239166,1,1
241975,1,1
282765,1,1
284481,1,1
1663612,1,1
1665210,1,1
1723157,1,1
208825,1,1
211399,1,1
237654,1,1
1011646,1,1
1011689,1,1
105899,1,1
240912,1,1
1006689,1,1
1045318,1,1
1746532,1,1
1747492,1,1
1791501,1,1
1795581,1,1
1798548,1,1
1802849,1,1
1804185,1,1
1807571,1,1
1858385,1,1
1860486,1,1
1867547,1,1
1870686,1,1
1874539,1,1
1921010,1,1
1944540,1,1
1944785,1,1
197372,1,1
1866047,1,1
1236624,1,1
1245003,1,1
1245232,1,1
1245392,1,1
1245729,1,1
1248750,1,1
1250490,1,1
1251284,1,1
1291363,1,1
1298407,1,1
1299141,1,1
1300911,1,1
1302643,1,1
1305143,1,1
1307998,1,1
1359026,1,1
1359126,1,1
1360059,1,1
1363751,1,1
1363779,1,1
1367316,1,1
1369397,1,1
1369753,1,1
1370292,1,1
1423423,1,1
1424673,1,1
1424666,1,1
1425498,1,1
1487528,1,1
1490656,1,1
151228,1,1
152997,1,1
153734,1,1
1549539,1,1
1594942,1,1
1603292,1,1
1603470,1,1
1603501,1,1
1607790,1,1
1653139,1,1
1248120,1,1
1541221,1,1
1797883,1,1
1804762,1,1
1807630,1,1
1918205,1,1
1944382,1,1
197450,1,1
1943345,1,1
1242114,1,1
1242618,1,1
1242785,1,1
1251401,1,1
1251791,1,1
1291711,1,1
1298120,1,1
1298147,1,1
1298924,1,1
1298922,1,1
1299040,1,1
1299973,1,1
1300370,1,1
1307242,1,1
1356806,1,1
1356834,1,1
1356817,1,1
1357873,1,1
1357894,1,1
1358772,1,1
1361205,1,1
1361577,1,1
1363238,1,1
1363749,1,1
1367108,1,1
1368416,1,1
1369910,1,1
1370473,1,1
1373136,1,1
1374851,1,1
1375978,1,1
141952,1,1
1423313,1,1
1425970,1,1
1426606,1,1
1432525,1,1
1438136,1,1
197639,1,1
197702,1,1
197957,1,1
198203,1,1
1441418,1,1
1442155,1,1
1488045,1,1
1491722,1,1
1494972,1,1
152955,1,1
153666,1,1
1540663,1,1
1549618,1,1
1598268,1,1
1600923,1,1
1602019,1,1
1605773,1,1
1294541,1,1
1373322,1,1
1425118,1,1
1426579,1,1
198103,1,1
1741421,1,1
1790210,1,1
1791229,1,1
1791497,1,1
1791404,1,1
1791560,1,1
1796087,1,1
1809204,1,1
1809479,1,1
1923049,1,1
1923484,1,1
1245096,1,1
1250560,1,1
1251903,1,1
1291286,1,1
1291956,1,1
1293974,1,1
1294602,1,1
1300375,1,1
1304215,1,1
1314976,1,1
1359020,1,1
1359256,1,1
1362072,1,1
1363736,1,1
1376450,1,1
1424372,1,1
1432118,1,1
1436947,1,1
197394,1,1
198008,1,1
1442405,1,1
1486532,1,1
1535506,1,1
1539544,1,1
1544645,1,1
1600730,1,1
1606347,1,1
1648185,1,1
1649946,1,1
260479,1,1
1041732,1,1
1726333,1,1
1727001,1,1
1734484,1,1
1739815,1,1
1790103,1,1
1805007,1,1
1806931,1,1
1809513,1,1
1810489,1,1
1856546,1,1
1859007,1,1
1918044,1,1
1923426,1,1
1925211,1,1
197597,1,1
197746,1,1
1236272,1,1
1244514,1,1
1244634,1,1
1293634,1,1
1293865,1,1
1298073,1,1
1303330,1,1
1303363,1,1
1305459,1,1
1356502,1,1
1360654,1,1
141991,1,1
1421637,1,1
1424051,1,1
1433987,1,1
1437923,1,1
1439901,1,1
1484737,1,1
1487765,1,1
1540359,1,1
1591990,1,1
1595023,1,1
1602046,1,1
1603361,1,1
1549099,1,1
1809077,1,1
1430530,1,1
1489405,1,1
1490671,1,1
1373115,1,1
1549356,1,1
1549678,1,1
1599805,1,1
1652084,1,1
629987,1,1
618797,1,1
643720,1,1
686919,1,1
643722,1,1
702167,1,1
644789,1,1
707329,1,1
643714,1,1
645508,1,1
646833,1,1
701718,1,1
695935,1,1
731535,1,1
753407,1,1
727759,1,1
758498,1,1
795354,1,1
800957,1,1
861740,1,1
894816,1,1
899463,1,1
992449,1,1
995043,1,1
745752,1,1
762003,1,1
796480,1,1
800666,1,1
861738,1,1
885489,1,1
891077,1,1
992792,1,1
91691,1,1
308290,1,1
308416,1,1
308598,1,1
310129,1,1
310379,1,1
312196,1,1
312633,1,1
198527,1,1
199858,1,1
202248,1,1
204630,1,1
207833,1,1
746340,1,1
750100,1,1
966249,1,1
883576,1,1
903746,1,1
905222,1,1
308617,1,1
308979,1,1
309861,1,1
310409,1,1
310626,1,1
310858,1,1
311536,1,1
312058,1,1
1087365,1,1
1088126,1,1
1090522,1,1
198841,1,1
312875,1,1
314124,1,1
330396,1,0
807371,1,1
800933,1,1
992910,1,1
310048,1,1
311930,1,1
1086966,1,1
198907,1,1
996481,1,1
358922,1,1
846031,1,1
310165,1,1
617954,1,1
630720,1,1
637129,1,1
636109,1,1
646817,1,1
672152,1,1
688067,1,1
665038,1,1
686402,1,1
700669,1,1
702256,1,1
708020,1,1
749671,1,1
755973,1,1
861821,1,1
896872,1,1
900462,1,1
308900,1,1
757707,1,1
860983,1,1
882533,1,1
884383,1,1
898358,1,1
902720,1,1
977853,1,1
993528,1,1
995132,1,1
308220,1,1
309114,1,1
309540,1,1
309577,1,1
311246,1,1
312635,1,1
198296,1,1
199420,1,1
199888,1,1
205230,1,1
206282,1,1
206593,1,1
996249,1,1
998437,1,1
313583,1,1
314165,1,1
315193,1,1
348622,1,1
351901,1,1
358917,1,1
404550,1,1
833696,1,1
905397,1,1
308700,1,1
309920,1,1
310478,1,1
95267,1,1
792560,1,1
892581,1,1
1992300,1,1
995253,1,1
359938,1,1
806513,1,1
809260,1,1
754802,1,1
745309,1,1
309372,1,1
1089775,1,1
827346,1,1
904407,1,1
637190,1,1
645671,1,1
755847,1,1
897065,1,1
747193,1,1
758172,1,1
762849,1,1
724614,1,1
745300,1,1
755277,1,1
762873,1,1
790302,1,1
861066,1,1
862021,1,1
992532,1,1
762008,1,1
795461,1,1
755976,1,1
860914,1,1
861428,1,1
864162,1,1
865427,1,1
866513,1,1
897710,1,1
991346,1,1
308165,1,1
308807,1,1
310285,1,1
312124,1,1
1087798,1,1
1090655,1,1
198257,1,1
1991329,1,1
200172,1,1
204425,1,1
207103,1,1
996253,1,1
314160,1,1
349408,1,1
313136,1,1
807289,1,1
834043,1,1
834102,1,1
860773,1,1
308198,1,1
308235,1,1
309617,1,1
310247,1,1
993948,1,1
905275,1,1
1994392,1,1
313966,1,1
617947,1,1
686379,1,1
701250,1,1
751870,1,1
756331,1,1
647118,1,1
731457,1,1
795749,1,1
723846,1,1
730778,1,1
797582,1,1
748335,1,1
762843,1,1
795143,1,1
897067,1,1
898603,1,1
966203,1,1
727595,1,1
749863,1,1
727977,1,1
861597,1,1
992212,1,1
905371,1,1
991633,1,1
311170,1,1
311877,1,1
312137,1,1
312188,1,1
312650,1,1
310988,1,1
198902,1,1
2003130,1,1
204596,1,1
205712,1,1
2058934,1,1
995607,1,1
996237,1,1
998236,1,1
999472,1,1
347112,1,1
828293,1,1
904591,1,1
310380,1,1
199652,1,1
2048713,1,1
351433,1,1
1089057,1,1
1090860,1,1
198587,1,1
198794,1,1
202263,1,1
2044720,1,1
204622,1,1
2048002,1,1
2048916,1,1
995026,1,1
996734,1,1
313793,1,1
349479,1,1
359297,1,1
360072,1,1
810096,1,1
826879,1,1
830166,1,1
834098,1,1
206848,1,1
313599,1,1
379019,1,1
810015,1,1
835927,1,1
856840,1,1
856987,1,1
857120,1,1
856859,1,1
208427,1,1
208591,1,1
209069,1,1
2101293,1,1
2109253,1,1
211053,1,1
211319,1,1
211637,1,1
212318,1,1
213577,1,1
213694,1,1
215101,1,0
2167750,1,1
2168506,1,1
2168865,1,1
1094393,1,1
1100471,1,1
1111758,1,1
1116081,1,1
1116454,1,1
1117106,1,1
835594,1,1
1095364,1,1
1110988,1,1
1188532,1,1
1190113,1,1
1190444,1,1
1190814,1,1
1234482,1,1
404421,1,1
404656,1,1
417994,1,1
435020,1,1
4511,1,0
476545,1,1
485102,1,1
485514,1,1
486131,1,1
542527,1,1
544195,1,1
545875,1,1
546627,1,1
583257,1,1
603086,1,1
859424,1,1
859822,1,1
1000660,1,1
1000636,1,1
1006817,1,1
1009241,1,1
1010844,1,1
1012238,1,1
102250,1,1
1042695,1,1
1043033,1,1
1046534,1,1
1046630,1,1
1046815,1,1
1049580,1,1
105030,1,1
1086776,1,1
239009,1,1
245224,1,1
248280,1,1
261160,1,1
262077,1,1
283219,1,1
307710,1,1
1654083,1,1
1660014,1,1
1095547,1,1
1000141,1,1
1045335,1,1
1052466,1,1
106892,1,1
238154,1,1
284405,1,1
307686,1,1
1663812,1,1
1665099,1,1
213505,1,1
1043063,1,1
1719803,1,1
1722107,1,1
1723750,1,1
1726416,1,1
1727521,1,1
1658300,1,1
1734356,1,1
581580,1,1
1053423,1,1
106248,1,1
251322,1,1
311422,1,1
200133,1,1
200206,1,1
200304,1,1
2052064,1,1
205704,1,1
206075,1,1
206074,1,1
206831,1,1
207125,1,1
996107,1,1
998213,1,1
999434,1,1
313141,1,1
315021,1,1
346966,1,1
402110,1,1
800444,1,1
804973,1,1
806299,1,1
829031,1,1
829500,1,1
206905,1,1
996488,1,1
997024,1,1
313356,1,1
313633,1,1
403966,1,1
847673,1,1
848951,1,1
849582,1,1
853284,1,1
856915,1,1
857368,1,1
857560,1,1
857716,1,1
208312,1,1
209063,1,1
209107,1,1
209304,1,1
209636,1,1
209674,1,1
210818,1,1
211009,1,1
2110786,1,1
212233,1,1
212810,1,1
2173930,1,1
238135,1,1
1095225,1,1
1098170,1,1
1098227,1,1
1099288,1,1
1101741,1,1
1192741,1,1
209339,1,1
904878,1,1
312004,1,1
1088930,1,1
199019,1,1
199690,1,1
206864,1,1
206967,1,1
206981,1,1
207275,1,1
207212,1,1
207685,1,1
996261,1,1
996597,1,1
997007,1,1
997951,1,1
312891,1,1
313101,1,1
313456,1,1
313936,1,1
352321,1,1
806637,1,1
823879,1,1
830795,1,1
834243,1,1
313185,1,1
835960,1,1
848151,1,1
849080,1,1
855205,1,1
855664,1,1
856562,1,1
857410,1,1
208183,1,1
210095,1,1
2107062,1,1
211329,1,1
211370,1,1
2117659,1,1
2123387,1,1
212549,1,1
213543,1,1
2173929,1,1
213552,1,1
213218,1,1
486146,1,1
540687,1,1
562193,1,1
605132,1,1
858939,1,1
858960,1,1
859132,1,1
859225,1,1
1000658,1,1
1001574,1,1
1006725,1,1
1011739,1,1
1012745,1,1
1014018,1,1
1043521,1,1
1050098,1,1
244541,1,1
248244,1,1
260394,1,1
283406,1,1
284244,1,1
308121,1,1
1658102,1,1
1658144,1,1
1667692,1,1
1721311,1,1
1730425,1,1
1725046,1,1
2102717,1,1
1099725,1,1
1100052,1,1
1112803,1,1
544147,1,1
546310,1,1
577927,1,1
860117,1,1
860589,1,1
1000666,1,1
1011648,1,1
1014605,1,1
1046266,1,1
1046577,1,1
1049648,1,1
243783,1,1
244124,1,1
244323,1,1
261265,1,1
1730213,1,1
105641,1,1
1741903,1,1
1743557,1,1
1743729,1,1
1115991,1,1
1147596,1,1
1190552,1,1
540391,1,1
544351,1,1
577040,1,1
577090,1,1
582043,1,1
596928,1,1
606730,1,1
859128,1,1
859193,1,1
1000000,1,1
1000135,1,1
1000994,1,1
1001679,1,1
1012469,1,1
1012461,1,1
1012982,1,1
1037181,1,1
1042829,1,1
1043567,1,1
1014472,1,1
104885,1,1
1053444,1,1
237941,1,1
242692,1,1
1658303,1,1
1659294,1,1
1723156,1,1
404162,1,1
860669,1,1
1043605,1,1
108515,1,1
1658341,1,1
1050338,1,1
1085945,1,1
261342,1,1
876553,1,1
312298,1,1
312694,1,1
312791,1,1
1089060,1,1
198434,1,1
198520,1,1
198630,1,1
199178,1,1
2048918,1,1
205073,1,1
205968,1,1
206962,1,1
998428,1,1
999548,1,1
313772,1,1
314099,1,1
317055,1,1
349409,1,1
825161,1,1
977992,1,1
199995,1,1
994005,1,1
313297,1,1
347131,1,1
831313,1,1
847958,1,1
849070,1,1
852913,1,1
853019,1,1
855861,1,1
855480,1,1
1091072,1,1
1091712,1,1
1099296,1,1
1101339,1,1
1112894,1,1
1191212,1,1
1235747,1,1
208318,1,1
208980,1,1
209062,1,1
209638,1,1
2102705,1,1
210601,1,1
2110455,1,1
211498,1,1
211979,1,1
2184110,1,1
237378,1,1
238014,1,1
404628,1,1
476679,1,1
540407,1,1
577634,1,1
579314,1,1
616283,1,1
1001016,1,1
1006063,1,1
1010567,1,1
1010698,1,1
1020022,1,1
104422,1,1
1045353,1,1
1046254,1,1
1049207,1,1
1049898,1,1
1052610,1,1
239984,1,1
240425,1,1
244250,1,1
249360,1,1
284988,1,1
1656650,1,1
1658137,1,1
1673875,1,1
1716099,1,1
1115698,1,1
1145932,1,1
208849,1,1
209247,1,1
2175697,1,1
577212,1,1
577799,1,1
1006641,1,1
105050,1,1
1086685,1,1
1725702,1,1
485485,1,1
261345,1,1
1794905,1,1
1797919,1,1
1803896,1,1
1805281,1,1
1806712,1,1
1807549,1,1
1812013,1,1
1812079,1,1
1860132,1,1
1862701,1,1
1866540,1,1
1875868,1,1
1923338,1,1
1923430,1,1
1923421,1,1
1939379,1,1
197465,1,1
197624,1,1
1237099,1,1
1237035,1,1
1241639,1,1
1241720,1,1
1242148,1,1
1244146,1,1
1244638,1,1
1245981,1,1
1246336,1,1
1246385,1,1
1248347,1,1
1248486,1,1
1250980,1,1
1251334,1,1
1293648,1,1
1293874,1,1
1293983,1,1
1294313,1,1
1294348,1,1
1307630,1,1
1314399,1,1
1356584,1,1
1358395,1,1
1358460,1,1
1359024,1,1
1366653,1,1
1368312,1,1
1370760,1,1
1372925,1,1
1374397,1,1
1376084,1,1
1422927,1,1
1423416,1,1
197782,1,1
197841,1,1
197940,1,1
197948,1,1
198021,1,1
198207,1,1
1431682,1,1
1436945,1,1
1441185,1,1
1483726,1,1
1491624,1,1
1494174,1,1
1534822,1,1
1535855,1,1
1537434,1,1
1546217,1,1
1551401,1,1
1593156,1,1
1598339,1,1
1599160,1,1
1649517,1,1
1650282,1,1
1806926,1,1
1809501,1,1
1810270,1,1
1812461,1,1
1927366,1,1
1927639,1,1
1941204,1,1
1947301,1,1
197437,1,1
1241621,1,1
1242404,1,1
1246919,1,1
1247453,1,1
1250496,1,1
1250631,1,1
1292982,1,1
1294013,1,1
1294330,1,1
1294395,1,1
1306900,1,1
1310939,1,1
1358767,1,1
1359132,1,1
1367834,1,1
1368438,1,1
141927,1,1
1426293,1,1
1429367,1,1
1430128,1,1
1437500,1,1
1438494,1,1
197540,1,1
198084,1,1
198139,1,1
1486338,1,1
1491657,1,1
1494781,1,1
1535958,1,1
1542997,1,1
1545716,1,1
1591961,1,1
1597269,1,1
1605257,1,1
1650143,1,1
1246252,1,1
1300401,1,1
1737461,1,1
1738807,1,1
1741049,1,1
1742229,1,1
1791736,1,1
1797898,1,1
1799310,1,1
1863565,1,1
1867596,1,1
1871461,1,1
1918209,1,1
1235313,1,1
1242251,1,1
1245977,1,1
1251004,1,1
1251566,1,1
1251905,1,1
1293036,1,1
1298834,1,1
1304254,1,1
1356778,1,1
1356868,1,1
1357859,1,1
1363223,1,1
1372490,1,1
197602,1,1
197659,1,1
197684,1,1
197691,1,1
197978,1,1
1540246,1,1
1540361,1,1
1606291,1,1
1649908,1,1
260005,1,1
307731,1,1
1727722,1,1
1733853,1,1
1734207,1,1
1736931,1,1
1737244,1,1
1791500,1,1
1801279,1,1
1860502,1,1
1861411,1,1
1868016,1,1
1871459,1,1
1926461,1,1
197507,1,1
1245443,1,1
1246340,1,1
1248210,1,1
1251190,1,1
1251476,1,1
1294033,1,1
1297542,1,1
1297932,1,1
1297983,1,1
1299159,1,1
1299251,1,1
1311810,1,1
1313887,1,1
1358835,1,1
1361041,1,1
1362080,1,1
1365688,1,1
1367381,1,1
1368640,1,1
1369784,1,1
1425181,1,1
1435514,1,1
197826,1,1
197959,1,1
198195,1,1
1543709,1,1
1545703,1,1
1649495,1,1
1374776,1,1
1488304,1,1
1597123,1,1
1425854,1,1
1534829,1,1
1653155,1,1
1358007,1,1
197589,1,1
1484873,1,1
1591973,1,1
1594759,1,1
153665,1,1
668995,1,1
730872,1,1
672569,1,1
668566,1,1
721787,1,1
749858,1,1
795772,1,1
725080,1,1
753603,1,1
861086,1,1
861650,1,1
885735,1,1
896245,1,1
897071,1,1
966280,1,1
1995536,1,1
800033,1,1
728659,1,1
748987,1,1
756219,1,1
800061,1,1
892099,1,1
904477,1,1
966197,1,1
992438,1,1
892255,1,1
310796,1,1
312444,1,1
199184,1,1
204636,1,1
205121,1,1
207366,1,1
996273,1,1
997016,1,1
998713,1,1
313188,1,1
359008,1,1
801192,1,1
805012,1,1
884077,1,1
744980,1,1
966464,1,1
311265,1,1
758864,1,1
904807,1,1
991039,1,1
308606,1,1
310353,1,1
311904,1,1
1088846,1,1
312056,1,1
315231,1,1
351524,1,1
352120,1,1
831349,1,1
798429,1,1
892789,1,1
903305,1,1
903849,1,1
93181,1,1
967021,1,1
205022,1,1
206552,1,1
997502,1,1
313402,1,1
310892,1,1
629362,1,1
642346,1,1
700883,1,1
727452,1,1
727714,1,1
665111,1,1
724895,1,1
725938,1,1
746686,1,1
749881,1,1
753476,1,1
756059,1,1
796413,1,1
753108,1,1
756363,1,1
762667,1,1
892798,1,1
898578,1,1
966172,1,1
966987,1,1
1992695,1,1
2049283,1,1
748865,1,1
731526,1,1
861355,1,1
866506,1,1
899487,1,1
899863,1,1
902633,1,1
904575,1,1
991553,1,1
900641,1,1
904541,1,1
966603,1,1
308206,1,1
308310,1,1
309141,1,1
309421,1,1
310146,1,1
310991,1,1
311646,1,1
312000,1,1
1088245,1,1
200049,1,1
2046597,1,1
206765,1,1
997284,1,1
314216,1,1
347690,1,1
668350,1,1
866491,1,1
891876,1,1
309469,1,1
310928,1,1
311663,1,1
763474,1,1
905411,1,1
991685,1,1
312010,1,1
313903,1,1
404168,1,1
894875,1,1
308291,1,1
310910,1,1
2003796,1,1
617624,1,1
656838,1,1
706467,1,1
749813,1,1
755546,1,1
750090,1,1
728481,1,1
705816,1,1
762970,1,1
762424,1,1
800105,1,1
861497,1,1
884655,1,1
993770,1,1
309081,1,1
312242,1,1
860984,1,1
884375,1,1
992783,1,1
993344,1,1
310310,1,1
310413,1,1
310871,1,1
1088869,1,1
1090463,1,1
1091187,1,1
198297,1,1
198895,1,1
1996298,1,1
1996291,1,1
200346,1,1
205641,1,1
349516,1,1
352131,1,1
824178,1,1
829764,1,1
897855,1,1
902515,1,1
991055,1,1
891479,1,1
309851,1,1
892603,1,1
198269,1,1
198466,1,1
199146,1,1
200371,1,1
315181,1,1
6574,1,0
636337,1,1
702055,1,1
670615,1,1
729440,1,1
762334,1,1
762390,1,1
992759,1,1
993075,1,1
198230,1,1
730905,1,1
791949,1,1
883706,1,1
892079,1,1
902738,1,1
903841,1,1
94406,1,1
966156,1,1
966185,1,1
966227,1,1
993300,1,1
308242,1,1
309686,1,1
309872,1,1
312792,1,1
1087609,1,1
1087757,1,1
311971,1,1
198531,1,1
198635,1,1
1988416,1,1
199842,1,1
204461,1,1
204474,1,1
205918,1,1
206286,1,1
999731,1,1
314933,1,1
801035,1,1
894914,1,1
198286,1,1
352096,1,1
830655,1,1
198444,1,1
198490,1,1
198547,1,1
199362,1,1
204801,1,1
205336,1,1
205368,1,1
205904,1,1
206109,1,1
206184,1,1
206819,1,1
995416,1,1
349595,1,1
351910,1,1
807391,1,1
809353,1,1
827689,1,1
831102,1,1
831267,1,1
832739,1,1
834156,1,1
835593,1,1
314905,1,1
805379,1,1
830684,1,1
845518,1,1
848166,1,1
849572,1,1
855306,1,1
855929,1,1
856538,1,1
207662,1,1
209459,1,1
2099522,1,1
210141,1,1
210592,1,1
210828,1,1
2108920,1,1
2110516,1,1
2118713,1,1
2121105,1,1
2121931,1,1
212240,1,1
212246,1,1
212573,1,1
213528,1,1
213635,1,1
2178934,1,1
1091163,1,1
1091153,1,1
1091879,1,1
1098674,1,1
1098891,1,1
1113388,1,1
1114385,1,1
1116731,1,1
1117759,1,1
1147235,1,1
351706,1,1
852869,1,1
207841,1,1
1148253,1,1
1149658,1,1
1150296,1,1
1189106,1,1
1190639,1,1
1234393,1,1
1234586,1,1
1234581,1,1
404420,1,1
417545,1,1
486955,1,1
542379,1,1
543018,1,1
545096,1,1
546975,1,1
562776,1,1
562781,1,1
597195,1,1
597667,1,1
605818,1,1
857734,1,1
858735,1,1
859048,1,1
859137,1,1
860441,1,1
1005789,1,1
1010038,1,1
1012705,1,1
1012779,1,1
1012729,1,1
1014024,1,1
1014678,1,1
1038787,1,1
1037274,1,1
1039923,1,1
1044988,1,1
1044910,1,1
1047926,1,1
1050493,1,1
1053334,1,1
1053618,1,1
1085633,1,1
1085779,1,1
2196491,1,1
250494,1,1
259711,1,1
261266,1,1
1654645,1,1
1661424,1,1
1666615,1,1
211816,1,1
1112220,1,1
1114085,1,1
1117090,1,1
859356,1,1
1038754,1,1
1046238,1,1
1086453,1,1
243638,1,1
1656318,1,1
1665057,1,1
1666309,1,1
1039248,1,1
1721473,1,1
1722333,1,1
1729393,1,1
1732122,1,1
1731537,1,1
1734921,1,1
1736474,1,1
1011766,1,1
1012741,1,1
1039811,1,1
1047935,1,1
1053626,1,1
834768,1,1
485436,1,1
1000097,1,1
252592,1,1
312673,1,1
198503,1,1
199885,1,1
2003464,1,1
205218,1,1
205924,1,1
207198,1,1
207214,1,1
313149,1,1
351228,1,1
371160,1,1
809854,1,1
845960,1,1
806298,1,1
847627,1,1
847935,1,1
849391,1,1
856696,1,1
857687,1,1
857109,1,1
209397,1,1
211058,1,1
211394,1,1
212218,1,1
213487,1,1
2166401,1,1
2173832,1,1
2173946,1,1
237735,1,1
1089738,1,1
1091325,1,1
1091379,1,1
1092466,1,1
1094911,1,1
1116195,1,1
1116266,1,1
1193110,1,1
209130,1,1
2101459,1,1
2117976,1,1
1115759,1,1
310818,1,1
1090048,1,1
1989109,1,1
1989815,1,1
1993224,1,1
1994352,1,1
2046644,1,1
2047646,1,1
205168,1,1
207232,1,1
996633,1,1
997012,1,1
313361,1,1
314032,1,1
315170,1,1
315184,1,1
347145,1,1
351256,1,1
352045,1,1
352349,1,1
371226,1,1
404011,1,1
801451,1,1
826131,1,1
845992,1,1
207250,1,1
2058928,1,1
358929,1,1
805462,1,1
836338,1,1
825425,1,1
854873,1,1
856429,1,1
856962,1,1
857237,1,1
857338,1,1
858726,1,1
208182,1,1
2105800,1,1
210779,1,1
211691,1,1
2122790,1,1
213800,1,1
213823,1,1
214101,1,1
2175891,1,1
2196297,1,1
1099659,1,1
1101729,1,1
1112895,1,1
2056748,1,1
209359,1,1
210753,1,1
1232088,1,1
404630,1,1
476137,1,1
476556,1,1
562847,1,1
604669,1,1
858763,1,1
858784,1,1
858795,1,1
858854,1,1
860525,1,1
1000122,1,1
1010218,1,1
1011814,1,1
1012388,1,1
1012626,1,1
104096,1,1
1042815,1,1
1043322,1,1
104367,1,1
1044290,1,1
1045299,1,1
1053661,1,1
106309,1,1
108514,1,1
1052422,1,1
240754,1,1
241864,1,1
244981,1,1
252115,1,1
259029,1,1
261097,1,1
261179,1,1
261322,1,1
1719015,1,1
1724790,1,1
1737459,1,1
209204,1,1
1112791,1,1
616798,1,1
859749,1,1
1006710,1,1
1012556,1,1
1012970,1,1
1039681,1,1
1046631,1,1
1048963,1,1
1049425,1,1
1085944,1,1
243459,1,1
245135,1,1
284591,1,1
308112,1,1
1721082,1,1
1737764,1,1
1670200,1,1
1743726,1,1
1114098,1,1
1114019,1,1
1114376,1,1
413248,1,1
416206,1,1
540335,1,1
581531,1,1
581901,1,1
596926,1,1
607091,1,1
858978,1,1
859751,1,1
1013619,1,1
104094,1,1
1049093,1,1
1049551,1,1
1050123,1,1
1053652,1,1
105648,1,1
1086309,1,1
240000,1,1
242668,1,1
244557,1,1
251407,1,1
261207,1,1
261247,1,1
261295,1,1
284199,1,1
284283,1,1
1654041,1,1
1656293,1,1
1657771,1,1
1665679,1,1
1666542,1,1
1666823,1,1
1719240,1,1
435191,1,1
562101,1,1
616913,1,1
1001000,1,1
1043619,1,1
1086253,1,1
242814,1,1
260375,1,1
284465,1,1
307684,1,1
1653470,1,1
1659656,1,1
433799,1,1
309542,1,1
199143,1,1
1992536,1,1
1992700,1,1
200031,1,1
204735,1,1
206755,1,1
206886,1,1
312885,1,1
391873,1,1
403921,1,1
803369,1,1
809317,1,1
826915,1,1
828248,1,1
828355,1,1
830877,1,1
832082,1,1
833530,1,1
835570,1,1
847466,1,1
849520,1,1
855182,1,1
848744,1,1
1092454,1,1
1095689,1,1
1111457,1,1
1116271,1,1
1147823,1,1
1191058,1,1
1191187,1,1
1234256,1,1
208057,1,1
208080,1,1
208603,1,1
209028,1,1
209285,1,1
209609,1,1
209909,1,1
2099302,1,1
210025,1,1
211199,1,1
213395,1,1
404131,1,1
476809,1,1
602737,1,1
616148,1,1
616918,1,1
857301,1,1
857685,1,1
858116,1,1
859139,1,1
859797,1,1
859865,1,1
860743,1,1
1001020,1,1
1006729,1,1
1009216,1,1
103456,1,1
1037240,1,1
1037424,1,1
104491,1,1
1045541,1,1
1045553,1,1
238271,1,1
240376,1,1
261962,1,1
1723210,1,1
1189629,1,1
213321,1,1
213914,1,1
2179758,1,1
2186001,1,1
859745,1,1
1000895,1,1
1039003,1,1
1053427,1,1
282708,1,1
1005858,1,1
1730928,1,1
1732165,1,1
1659600,1,1
603724,1,1
103919,1,1
1737562,1,1
1741944,1,1
1793145,1,1
1796673,1,1
1799890,1,1
1801289,1,1
1805422,1,1
1807516,1,1
1809083,1,1
1809643,1,1
1809636,1,1
1810789,1,1
1864958,1,1
1925504,1,1
197381,1,1
197481,1,1
1235200,1,1
1236395,1,1
1242779,1,1
1243585,1,1
1246618,1,1
1250569,1,1
1292342,1,1
1294353,1,1
1297366,1,1
1297755,1,1
1298339,1,1
1298906,1,1
1299254,1,1
1299873,1,1
1299871,1,1
1300436,1,1
1303797,1,1
1306898,1,1
1308373,1,1
1311206,1,1
1356349,1,1
1357888,1,1
1359097,1,1
1362029,1,1
1367319,1,1
1367416,1,1
1370748,1,1
1422494,1,1
1424446,1,1
197900,1,1
197963,1,1
198148,1,1
1433630,1,1
1433734,1,1
1483199,1,1
1486841,1,1
1486846,1,1
1487361,1,1
1487770,1,1
1489373,1,1
1495202,1,1
1537340,1,1
1543754,1,1
1547775,1,1
1596778,1,1
1598322,1,1
1600520,1,1
1648201,1,1
1648997,1,1
1242891,1,1
1546702,1,1
1806177,1,1
1807518,1,1
1809503,1,1
1810578,1,1
1939382,1,1
1944704,1,1
197313,1,1
197371,1,1
1236122,1,1
1247251,1,1
1248056,1,1
1248360,1,1
1292887,1,1
1297354,1,1
1298288,1,1
1299021,1,1
1299675,1,1
1300293,1,1
1300539,1,1
1302428,1,1
1302801,1,1
1305268,1,1
1305603,1,1
1362065,1,1
1363306,1,1
1364515,1,1
1366736,1,1
1369960,1,1
1370433,1,1
1370686,1,1
1370758,1,1
1375960,1,1
1423779,1,1
1430059,1,1
198186,1,1
1442145,1,1
1486801,1,1
1487080,1,1
1487500,1,1
1493160,1,1
1484963,1,1
1537012,1,1
1543735,1,1
1549085,1,1
1595997,1,1
1600378,1,1
1602588,1,1
1605695,1,1
1648647,1,1
1648755,1,1
1653049,1,1
1809665,1,1
1248817,1,1
1251290,1,1
1298068,1,1
1360637,1,1
1294001,1,1
1310062,1,1
1546194,1,1
1738511,1,1
1789514,1,1
1790175,1,1
1790219,1,1
1798459,1,1
1799886,1,1
1803930,1,1
1809431,1,1
1874559,1,1
1939348,1,1
1939308,1,1
1944945,1,1
1942710,1,1
1242845,1,1
1243440,1,1
1245731,1,1
1250685,1,1
1251456,1,1
1251922,1,1
1297389,1,1
1297965,1,1
1298453,1,1
1299164,1,1
1301882,1,1
1310212,1,1
1310718,1,1
1313298,1,1
1356865,1,1
1356910,1,1
1358770,1,1
1363651,1,1
1366819,1,1
1368274,1,1
1369792,1,1
1424612,1,1
1435635,1,1
197583,1,1
1441747,1,1
1483184,1,1
1486186,1,1
1486687,1,1
1535503,1,1
1535618,1,1
1536144,1,1
1539441,1,1
1542941,1,1
1547777,1,1
1549551,1,1
1600698,1,1
1657192,1,1
1726216,1,1
1729581,1,1
1731020,1,1
1860466,1,1
1872088,1,1
1895,1,0
1924315,1,1
1945071,1,1
197753,1,1
1242702,1,1
1245946,1,1
1246326,1,1
1298427,1,1
1300889,1,1
1301242,1,1
1313070,1,1
1359293,1,1
1362937,1,1
1363558,1,1
1364061,1,1
141862,1,1
1421658,1,1
197899,1,1
198202,1,1
1441321,1,1
1487627,1,1
1490659,1,1
1537335,1,1
153892,1,1
1600786,1,1
1601095,1,1
1603290,1,1
1652674,1,1
1923329,1,1
1484922,1,1
617325,1,1
707916,1,1
630724,1,1
637231,1,1
647556,1,1
644256,1,1
731407,1,1
657440,1,1
754463,1,1
702428,1,1
745303,1,1
751566,1,1
754471,1,1
754902,1,1
755369,1,1
761361,1,1
762004,1,1
798440,1,1
861115,1,1
861353,1,1
891692,1,1
895670,1,1
905521,1,1
797697,1,1
753443,1,1
801000,1,1
798443,1,1
861185,1,1
884995,1,1
892281,1,1
895899,1,1
96058,1,1
991687,1,1
991147,1,1
308459,1,1
311753,1,1
312071,1,1
312528,1,1
312556,1,1
309332,1,1
311732,1,1
199240,1,1
204527,1,1
2048895,1,1
206352,1,1
998493,1,1
313368,1,1
313450,1,1
349373,1,1
804934,1,1
825324,1,1
636676,1,1
701425,1,1
753401,1,1
903705,1,1
308664,1,1
809477,1,1
795713,1,1
759719,1,1
905373,1,1
994507,1,1
904874,1,1
994008,1,1
308716,1,1
308962,1,1
309335,1,1
310792,1,1
312609,1,1
205826,1,1
207345,1,1
999789,1,1
317012,1,1
353538,1,1
404070,1,1
828587,1,1
900424,1,1
996111,1,1
347681,1,1
376698,1,1
881350,1,1
617312,1,1
617423,1,1
636141,1,1
700949,1,1
705013,1,1
744632,1,1
646344,1,1
686350,1,1
724598,1,1
762866,1,1
647442,1,1
705726,1,1
896758,1,1
991233,1,1
894790,1,1
898701,1,1
730063,1,1
756237,1,1
685855,1,1
748743,1,1
800111,1,1
861490,1,1
861512,1,1
881409,1,1
883726,1,1
892309,1,1
896750,1,1
901534,1,1
902743,1,1
904417,1,1
991370,1,1
992457,1,1
892574,1,1
308209,1,1
308985,1,1
310316,1,1
311066,1,1
311178,1,1
312025,1,1
1086997,1,1
2047623,1,1
2056073,1,1
206806,1,1
204967,1,1
314113,1,1
351137,1,1
352304,1,1
800988,1,1
806573,1,1
966195,1,1
308363,1,1
310363,1,1
310539,1,1
883806,1,1
900599,1,1
992446,1,1
309068,1,1
309445,1,1
310205,1,1
312507,1,1
311370,1,1
198258,1,1
313026,1,1
349401,1,1
800192,1,1
809313,1,1
763111,1,1
966242,1,1
990993,1,1
312491,1,1
993691,1,1
629695,1,1
669519,1,1
644831,1,1
672922,1,1
701625,1,1
727517,1,1
731281,1,1
865212,1,1
755593,1,1
901857,1,1
904577,1,1
905385,1,1
966192,1,1
991302,1,1
892658,1,1
993280,1,1
308508,1,1
308517,1,1
308891,1,1
309246,1,1
311895,1,1
312189,1,1
312423,1,1
1090715,1,1
1991327,1,1
1992305,1,1
199297,1,1
1996193,1,1
200209,1,1
205111,1,1
205541,1,1
995570,1,1
996285,1,1
996497,1,1
313310,1,1
343037,1,1
806374,1,1
828348,1,1
834082,1,1
759469,1,1
308356,1,1
308892,1,1
309477,1,1
206385,1,1
686355,1,1
701716,1,1
723739,1,1
755428,1,1
688603,1,1
729438,1,1
748746,1,1
755809,1,1
795852,1,1
861010,1,1
866146,1,1
897666,1,1
798451,1,1
865119,1,1
866357,1,1
866406,1,1
867506,1,1
884712,1,1
885133,1,1
901522,1,1
905511,1,1
966199,1,1
992816,1,1
905525,1,1
993564,1,1
308177,1,1
308595,1,1
308934,1,1
308988,1,1
311704,1,1
1089788,1,1
312745,1,1
198324,1,1
198689,1,1
199519,1,1
199283,1,1
2001686,1,1
2002003,1,1
203457,1,0
2047185,1,1
2054157,1,1
205885,1,1
351071,1,1
359906,1,1
809125,1,1
810071,1,1
826085,1,1
891441,1,1
312496,1,1
198722,1,1
1992547,1,1
1998442,1,1
200285,1,1
2049329,1,1
205621,1,1
206255,1,1
206349,1,1
206764,1,1
207142,1,1
998332,1,1
313081,1,1
352346,1,1
809835,1,1
826135,1,1
830677,1,1
993503,1,1
199639,1,1
352309,1,1
204777,1,1
836268,1,1
847745,1,1
848210,1,1
849501,1,1
853356,1,1
856462,1,1
856481,1,1
856851,1,1
857002,1,1
857328,1,1
857612,1,1
857683,1,1
209065,1,1
209248,1,1
209375,1,1
2105780,1,1
2106107,1,1
210759,1,1
210805,1,1
211796,1,1
211968,1,1
213224,1,1
213282,1,1
2168021,1,1
2178160,1,1
213841,1,1
1094734,1,1
1095545,1,1
1100467,1,1
1114030,1,1
1116374,1,1
1117765,1,1
1125500,1,1
826091,1,1
855660,1,1
857421,1,1
1147327,1,1
856799,1,1
1189269,1,1
1189281,1,1
1190233,1,1
1190919,1,1
403790,1,1
410226,1,1
476553,1,1
477484,1,1
542045,1,1
542967,1,1
543162,1,1
543549,1,1
545229,1,1
545837,1,1
546651,1,1
584513,1,1
616480,1,1
616880,1,1
858062,1,1
858856,1,1
859103,1,1
859861,1,1
859931,1,1
1000133,1,1
1009392,1,1
1010057,1,1
1010091,1,1
1011841,1,1
1011983,1,1
1012553,1,1
1012589,1,1
1012996,1,1
1043543,1,1
1043719,1,1
1046410,1,1
1046602,1,1
1049606,1,1
1051006,1,1
1085666,1,1
1086259,1,1
2184171,1,1
237653,1,1
245136,1,1
247138,1,1
308114,1,1
1659520,1,1
1659967,1,1
1110806,1,1
1114334,1,1
1115990,1,1
404172,1,1
542776,1,1
544634,1,1
859150,1,1
860098,1,1
1010075,1,1
1012221,1,1
1037117,1,1
1047809,1,1
1053741,1,1
238784,1,1
242972,1,1
249710,1,1
1670324,1,1
1726322,1,1
860684,1,1
1020420,1,1
1049586,1,1
1049657,1,1
240559,1,1
104700,1,1
259093,1,1
198337,1,1
198474,1,1
199378,1,1
200065,1,1
2003375,1,1
204705,1,1
205292,1,1
312938,1,1
313884,1,1
314122,1,1
349392,1,1
359739,1,1
403853,1,1
809268,1,1
809559,1,1
825252,1,1
826832,1,1
828451,1,1
830614,1,1
830837,1,1
205700,1,1
206258,1,1
207086,1,1
997289,1,1
828362,1,1
847540,1,1
848748,1,1
854921,1,1
857162,1,1
857208,1,1
857564,1,1
208421,1,1
208470,1,1
208601,1,1
209362,1,1
209433,1,1
211259,1,1
211892,1,1
212822,1,1
213226,1,1
213554,1,1
213626,1,1
2168030,1,1
2173954,1,1
2177922,1,1
2184157,1,1
1099676,1,1
1112246,1,1
1147337,1,1
1191228,1,1
996572,1,1
832731,1,1
847617,1,1
1090577,1,1
903881,1,1
904571,1,1
966229,1,1
308650,1,1
308690,1,1
311664,1,1
1088604,1,1
198859,1,1
2050367,1,1
205809,1,1
206959,1,1
207270,1,1
207287,1,1
2000695,1,1
995665,1,1
312860,1,1
314008,1,1
351842,1,1
403849,1,1
828446,1,1
834171,1,1
835809,1,1
807367,1,1
343033,1,1
849827,1,1
853354,1,1
857834,1,1
209217,1,1
207537,1,1
2099769,1,1
210660,1,1
2107621,1,1
2109512,1,1
211312,1,1
2122902,1,1
212839,1,1
213272,1,1
213291,1,1
213372,1,1
214081,1,1
2166193,1,1
2175893,1,1
1090840,1,1
1091843,1,1
1095628,1,1
1098678,1,1
1111020,1,1
403920,1,1
2178073,1,1
1233767,1,1
1234994,1,1
1098676,1,1
404551,1,1
416916,1,1
452361,1,0
476349,1,1
476731,1,1
477180,1,1
541951,1,1
562122,1,1
562592,1,1
607573,1,1
616817,1,1
858752,1,1
859005,1,1
859807,1,1
860275,1,1
1001643,1,1
1001690,1,1
1012100,1,1
1012417,1,1
1012747,1,1
1012706,1,1
1012949,1,1
1012979,1,1
1014594,1,1
1037358,1,1
104112,1,1
1046812,1,1
1047873,1,1
1049880,1,1
106303,1,1
1085686,1,1
252762,1,1
260351,1,1
260395,1,1
261318,1,1
282670,1,1
284008,1,1
307680,1,1
1668264,1,1
1724793,1,1
1735008,1,1
2173716,1,1
577317,1,1
859033,1,1
1010807,1,1
1049613,1,1
1053318,1,1
243810,1,1
252203,1,1
285027,1,1
307679,1,1
308071,1,1
1733870,1,1
1739800,1,1
1742420,1,1
1747294,1,1
283672,1,1
417424,1,1
1743878,1,1
1115013,1,1
1115562,1,1
1143676,1,1
1190629,1,1
1191695,1,1
1234017,1,1
1234480,1,1
404165,1,1
406424,1,1
430393,1,1
541524,1,1
543372,1,1
579177,1,1
602745,1,1
616883,1,1
860530,1,1
860566,1,1
1000872,1,1
1001089,1,1
1012756,1,1
1012906,1,1
1043129,1,1
104478,1,1
1049527,1,1
1049666,1,1
106366,1,1
237731,1,1
240416,1,1
259126,1,1
261351,1,1
1658048,1,1
1665326,1,1
1718991,1,1
1719005,1,1
1729023,1,1
214107,1,1
1098199,1,1
859246,1,1
860437,1,1
1011485,1,1
1085744,1,1
252599,1,1
260258,1,1
1655571,1,1
1656316,1,1
1654725,1,1
1655968,1,1
830803,1,1
977996,1,1
991149,1,1
308618,1,1
310142,1,1
198243,1,1
198879,1,1
1994320,1,1
1995238,1,1
199985,1,1
205869,1,1
206796,1,1
207360,1,1
205497,1,1
207331,1,1
997972,1,1
313718,1,1
313931,1,1
313995,1,1
314116,1,1
317077,1,1
809396,1,1
831103,1,1
349462,1,1
315119,1,1
835568,1,1
847488,1,1
849079,1,1
855310,1,1
848119,1,1
1091133,1,1
1091145,1,1
1098490,1,1
1101879,1,1
1111339,1,1
1146128,1,1
1190764,1,1
1232194,1,1
207588,1,1
208082,1,1
209264,1,1
211103,1,1
2181301,1,1
2184166,1,1
237511,1,1
543013,1,1
604377,1,1
857087,1,1
857766,1,1
859211,1,1
1000720,1,1
1009341,1,1
1012938,1,1
1041495,1,1
1045385,1,1
1045328,1,1
1046858,1,1
1048991,1,1
1048957,1,1
1053175,1,1
1086328,1,1
245299,1,1
260690,1,1
261249,1,1
284496,1,1
284549,1,1
284594,1,1
308081,1,1
1659292,1,1
1667666,1,1
1722355,1,1
210761,1,1
404408,1,1
542947,1,1
1006207,1,1
1086786,1,1
238910,1,1
1724787,1,1
1732006,1,1
1739770,1,1
1798453,1,1
1801519,1,1
1805001,1,1
1807579,1,1
1807646,1,1
1809652,1,1
1809905,1,1
1862692,1,1
1870950,1,1
1871453,1,1
1872261,1,1
1872984,1,1
1941536,1,1
1237055,1,1
1237034,1,1
1244950,1,1
1246227,1,1
1248127,1,1
1248739,1,1
1251907,1,1
1291103,1,1
1294201,1,1
1294491,1,1
1298327,1,1
1299137,1,1
1299971,1,1
1300438,1,1
1356350,1,1
1356789,1,1
1356827,1,1
1357883,1,1
1358993,1,1
1359133,1,1
1359113,1,1
1360954,1,1
1362058,1,1
1363387,1,1
1363830,1,1
1369775,1,1
1370440,1,1
1424379,1,1
198211,1,1
1436161,1,1
1438297,1,1
1441413,1,1
1482513,1,1
1483721,1,1
1484793,1,1
1484928,1,1
1487369,1,1
1494824,1,1
1495050,1,1
1534658,1,1
1537440,1,1
1543553,1,1
1544383,1,1
1546601,1,1
1549474,1,1
1551395,1,1
1599282,1,1
1605181,1,1
1607990,1,1
1247766,1,1
1489158,1,1
1747580,1,1
1789192,1,1
1789753,1,1
1789947,1,1
1797867,1,1
1801146,1,1
1803724,1,1
1871469,1,1
1876397,1,1
1919516,1,1
1926470,1,1
197456,1,1
1242246,1,1
1243218,1,1
1244204,1,1
1291944,1,1
1297770,1,1
1298411,1,1
1298863,1,1
1299083,1,1
1301239,1,1
1304535,1,1
1310270,1,1
1312784,1,1
1357422,1,1
1358630,1,1
1359859,1,1
1360744,1,1
1361035,1,1
1363631,1,1
1368036,1,1
1369815,1,1
1376210,1,1
1426594,1,1
1432541,1,1
197580,1,1
197896,1,1
197906,1,1
198031,1,1
1438508,1,1
1442580,1,1
1487109,1,1
1487279,1,1
1491648,1,1
1493269,1,1
152960,1,1
153579,1,1
1535937,1,1
1537091,1,1
1541268,1,1
1542397,1,1
1541086,1,1
1543711,1,1
1550940,1,1
1599273,1,1
1599563,1,1
1648148,1,1
1650201,1,1
1862688,1,1
1424654,1,1
1430169,1,1
1544187,1,1
1427301,1,1
1737469,1,1
1740002,1,1
1795616,1,1
1796384,1,1
1806189,1,1
1812015,1,1
1867618,1,1
1867921,1,1
1869723,1,1
1918214,1,1
1242042,1,1
1244154,1,1
1251059,1,1
1251365,1,1
1251608,1,1
1292872,1,1
1294394,1,1
1314499,1,1
1356799,1,1
1356843,1,1
1367420,1,1
1372545,1,1
1424233,1,1
1424242,1,1
1426253,1,1
1429353,1,1
1430071,1,1
1437285,1,1
197447,1,1
197455,1,1
197724,1,1
197985,1,1
1441424,1,1
1491634,1,1
1491878,1,1
152772,1,1
1534792,1,1
1545801,1,1
1605123,1,1
1650598,1,1
1363484,1,1
284404,1,1
1654355,1,1
1718970,1,1
1720975,1,1
1045360,1,1
1734919,1,1
1731993,1,1
1739774,1,1
1739833,1,1
1743547,1,1
1792386,1,1
1809647,1,1
1810582,1,1
1813415,1,1
1918242,1,1
1923327,1,1
1237103,1,1
1242215,1,1
1291671,1,1
1293637,1,1
1302686,1,1
1356979,1,1
1358629,1,1
1363295,1,1
1368022,1,1
1425418,1,1
1442443,1,1
1486566,1,1
153046,1,1
153095,1,1
1537021,1,1
1537761,1,1
1594589,1,1
1426827,1,1
1482821,1,1
1649944,1,1
1357013,1,1
198160,1,1
1308539,1,1
1597902,1,1
1652069,1,1
1299174,1,1
1538456,1,1
668752,1,1
729783,1,1
688596,1,1
706943,1,1
731097,1,1
746763,1,1
748864,1,1
792119,1,1
800213,1,1
800449,1,1
866305,1,1
883808,1,1
902652,1,1
903857,1,1
905369,1,1
902574,1,1
309558,1,1
685543,1,1
753483,1,1
892473,1,1
892591,1,1
896001,1,1
898352,1,1
905034,1,1
905172,1,1
993926,1,1
995067,1,1
308719,1,1
309337,1,1
310468,1,1
312454,1,1
1089023,1,1
311787,1,1
2049513,1,1
207765,1,1
1996246,1,1
995576,1,1
352219,1,1
835577,1,1
993837,1,1
751988,1,1
731375,1,1
751553,1,1
864712,1,1
895045,1,1
892299,1,1
994289,1,1
978680,1,1
308498,1,1
308969,1,1
311906,1,1
1087367,1,1
1088249,1,1
1997002,1,1
1997458,1,1
204449,1,1
204765,1,1
997484,1,1
998728,1,1
865087,1,1
309085,1,1
313902,1,1
351973,1,1
809543,1,1
308221,1,1
647346,1,1
670299,1,1
672154,1,1
701919,1,1
708074,1,1
637077,1,1
686381,1,1
707677,1,1
722152,1,1
725942,1,1
749870,1,1
725072,1,1
753437,1,1
861366,1,1
861489,1,1
863619,1,1
884532,1,1
896969,1,1
904788,1,1
308396,1,1
309245,1,1
309632,1,1
707251,1,1
758027,1,1
727415,1,1
865208,1,1
894814,1,1
894889,1,1
897661,1,1
900388,1,1
905273,1,1
94048,1,1
966232,1,1
968851,1,1
991336,1,1
992168,1,1
892560,1,1
905347,1,1
992536,1,1
993892,1,1
308358,1,1
308374,1,1
309002,1,1
309237,1,1
311207,1,1
311644,1,1
205074,1,1
205905,1,1
206517,1,1
206372,1,1
206749,1,1
206772,1,1
995803,1,1
998704,1,1
343030,1,1
351109,1,1
404413,1,1
795559,1,1
892648,1,1
309012,1,1
348804,1,1
646459,1,1
746811,1,1
723896,1,1
749762,1,1
861797,1,1
630974,1,1
757682,1,1
861173,1,1
866510,1,1
891172,1,1
891301,1,1
892275,1,1
894887,1,1
897783,1,1
309036,1,1
2003712,1,1
729201,1,1
790300,1,1
731564,1,1
763507,1,1
792568,1,1
885859,1,1
895021,1,1
966747,1,1
978001,1,1
994228,1,1
991298,1,1
993688,1,1
308728,1,1
309125,1,1
310006,1,1
310571,1,1
310665,1,1
310660,1,1
311033,1,1
1090743,1,1
311955,1,1
1988330,1,1
1988421,1,1
198996,1,1
2043464,1,1
2049281,1,1
2054170,1,1
206424,1,1
206272,1,1
207051,1,1
205833,1,1
995595,1,1
996251,1,1
996525,1,1
996603,1,1
313323,1,1
313981,1,1
349253,1,1
389031,1,1
315112,1,1
826828,1,1
829974,1,1
834061,1,1
692688,1,1
308230,1,1
311219,1,1
198365,1,1
2000031,1,1
352058,1,1
359278,1,1
825318,1,1
617425,1,1
618469,1,1
647888,1,1
672519,1,1
647123,1,1
745718,1,1
728231,1,1
687059,1,1
705008,1,1
746746,1,1
749184,1,1
753486,1,1
724602,1,1
744846,1,1
790473,1,1
881411,1,1
894801,1,1
308216,1,1
310204,1,1
665096,1,1
744808,1,1
799048,1,1
797544,1,1
860918,1,1
863181,1,1
889622,1,1
895895,1,1
897844,1,1
991359,1,1
308973,1,1
308971,1,1
309816,1,1
310296,1,1
312138,1,1
312512,1,1
1088146,1,1
1088217,1,1
199308,1,1
205802,1,1
205739,1,1
994514,1,1
313137,1,1
313941,1,1
314240,1,1
349199,1,1
349320,1,1
996712,1,1
806656,1,1
831338,1,1
966820,1,1
997218,1,1
899439,1,1
1091012,1,1
1986378,1,1
1994395,1,1
205908,1,1
206878,1,1
996989,1,1
997518,1,1
313496,1,1
314111,1,1
315106,1,1
347696,1,1
374391,1,1
801878,1,1
806859,1,1
809132,1,1
809316,1,1
824574,1,1
827679,1,1
830456,1,1
996563,1,1
313407,1,1
313644,1,1
349167,1,1
827744,1,1
834786,1,1
836397,1,1
847626,1,1
849524,1,1
854988,1,1
856777,1,1
856781,1,1
857377,1,1
857521,1,1
854990,1,1
857303,1,1
857718,1,1
207496,1,1
208093,1,1
210325,1,1
2106377,1,1
2109438,1,1
211292,1,1
212282,1,1
2123076,1,1
2168599,1,1
2174531,1,1
2177914,1,1
1098244,1,1
1099490,1,1
1099785,1,1
2101296,1,1
212112,1,1
212345,1,1
212397,1,1
212405,1,1
213439,1,1
1100375,1,1
1116560,1,1
1149622,1,1
1193341,1,1
1193454,1,1
1233850,1,1
1234549,1,1
401968,1,1
413249,1,1
484839,1,1
487261,1,1
562654,1,1
579304,1,1
597730,1,1
602191,1,1
608844,1,1
857726,1,1
857772,1,1
859824,1,1
860568,1,1
1000981,1,1
1005711,1,1
1010751,1,1
1011825,1,1
1012880,1,1
1020409,1,1
102787,1,1
1037273,1,1
1037307,1,1
1038759,1,1
1046908,1,1
1048059,1,1
1048316,1,1
1049182,1,1
1050241,1,1
1085614,1,1
1085807,1,1
2167732,1,1
237776,1,1
238754,1,1
242691,1,1
244523,1,1
284544,1,1
308118,1,1
1658757,1,1
1659927,1,1
1661427,1,1
1666374,1,1
208631,1,1
1117539,1,1
404595,1,1
577648,1,1
596934,1,1
859938,1,1
1000500,1,1
1010745,1,1
1011738,1,1
1011724,1,1
1044608,1,1
1046648,1,1
104895,1,1
1048981,1,1
1050119,1,1
1053350,1,1
1085805,1,1
237631,1,1
238144,1,1
240093,1,1
249465,1,1
260350,1,1
252965,1,1
577378,1,1
349625,1,1
832909,1,1
836370,1,1
861482,1,1
966237,1,1
308687,1,1
311975,1,1
1087208,1,1
198708,1,1
1992832,1,1
2001100,1,1
2044732,1,1
204759,1,1
205247,1,1
206048,1,1
206605,1,1
206972,1,1
206963,1,1
315120,1,1
316156,1,1
318202,1,1
384788,1,1
806013,1,1
807016,1,1
807213,1,1
831054,1,1
833695,1,1
833709,1,1
311167,1,1
1988324,1,1
996202,1,1
834351,1,1
853499,1,1
855675,1,1
856662,1,1
857518,1,1
208076,1,1
208678,1,1
209016,1,1
209442,1,1
210513,1,1
211835,1,1
2122526,1,1
212837,1,1
213557,1,1
2169295,1,1
2197238,1,1
237165,1,1
237788,1,1
237792,1,1
1090699,1,1
309286,1,1
312172,1,1
1088255,1,1
204691,1,1
205326,1,1
205316,1,1
206279,1,1
206629,1,1
207936,1,1
995255,1,1
313525,1,1
313661,1,1
315175,1,1
347697,1,1
823982,1,1
844591,1,1
845977,1,1
849512,1,1
851750,1,1
852903,1,1
854801,1,1
857216,1,1
830871,1,1
832924,1,1
857822,1,1
858617,1,1
208417,1,1
208484,1,1
209075,1,1
2121061,1,1
214119,1,1
1092602,1,1
1092680,1,1
1098443,1,1
1098896,1,1
1100258,1,1
1101840,1,1
1111099,1,1
1113009,1,1
1114074,1,1
1116088,1,1
1147659,1,1
1189191,1,1
1091188,1,1
1099097,1,1
1102142,1,1
1188452,1,1
1190897,1,1
1193240,1,1
425319,1,1
477225,1,1
578325,1,1
582330,1,1
582976,1,1
583182,1,1
602617,1,1
858746,1,1
858851,1,1
859341,1,1
860092,1,1
860454,1,1
1006685,1,1
1038791,1,1
1039942,1,1
1044470,1,1
1045314,1,1
1046598,1,1
1046862,1,1
1047451,1,1
1048309,1,1
1049696,1,1
1049725,1,1
1049904,1,1
1086242,1,1
1086249,1,1
242333,1,1
242446,1,1
245249,1,1
261370,1,1
284422,1,1
1655728,1,1
1658659,1,1
1661325,1,1
1720002,1,1
1730192,1,1
1734686,1,1
1737636,1,1
1092357,1,1
1093073,1,1
1101368,1,1
1116098,1,1
1189683,1,1
485416,1,1
604664,1,1
858601,1,1
860264,1,1
1000905,1,1
1038841,1,1
1041524,1,1
1041846,1,1
1046969,1,1
1049563,1,1
243324,1,1
240377,1,1
1233711,1,1
428898,1,1
579299,1,1
602964,1,1
603208,1,1
608618,1,1
860532,1,1
1001691,1,1
1005844,1,1
1043753,1,1
1047766,1,1
1049905,1,1
243587,1,1
248426,1,1
249364,1,1
259533,1,1
261169,1,1
285018,1,1
1665060,1,1
1670198,1,1
1730211,1,1
212339,1,1
2196792,1,1
1092462,1,1
1192980,1,1
1233862,1,1
562319,1,1
1049693,1,1
238159,1,1
245593,1,1
1716036,1,1
1720258,1,1
1721458,1,1
1734665,1,1
1721571,1,1
1049549,1,1
1745438,1,1
1788841,1,1
1788839,1,1
1791240,1,1
1793760,1,1
1795169,1,1
1795170,1,1
1796460,1,1
1797880,1,1
284589,1,1
284412,1,1
310411,1,1
311248,1,1
312497,1,1
312563,1,1
312190,1,1
199249,1,1
1994362,1,1
200139,1,1
205848,1,1
205880,1,1
201653,1,1
313217,1,1
313252,1,1
313869,1,1
314076,1,1
314242,1,1
315199,1,1
343013,1,1
359145,1,1
802550,1,1
805663,1,1
809998,1,1
826614,1,1
827189,1,1
2001441,1,1
207089,1,1
809246,1,1
829029,1,1
831844,1,1
832086,1,1
1093280,1,1
1095715,1,1
1098670,1,1
1111110,1,1
1111343,1,1
1116145,1,1
1116143,1,1
1116331,1,1
1150838,1,1
1150843,1,1
1190920,1,1
1234882,1,1
209399,1,1
211344,1,1
213405,1,1
2173847,1,1
2181302,1,1
409823,1,1
417863,1,1
485442,1,1
208266,1,1
487129,1,1
541754,1,1
543021,1,1
602855,1,1
616116,1,1
858900,1,1
859939,1,1
860147,1,1
1012754,1,1
1040022,1,1
1043389,1,1
1044936,1,1
1046575,1,1
1046775,1,1
1053658,1,1
1053854,1,1
1049423,1,1
260054,1,1
284428,1,1
308047,1,1
1655054,1,1
1657212,1,1
1665473,1,1
1673951,1,1
1006120,1,1
1052936,1,1
105825,1,1
250582,1,1
284140,1,1
1657173,1,1
1726440,1,1
1728783,1,1
1729418,1,1
1730077,1,1
1736478,1,1
260299,1,1
1747697,1,1
1793062,1,1
1797865,1,1
1801298,1,1
1807547,1,1
1807513,1,1
1790877,1,1
1658149,1,1
1722916,1,1
1807636,1,1
1808194,1,1
1809067,1,1
1809422,1,1
1859009,1,1
1860139,1,1
1862697,1,1
1868494,1,1
1869797,1,1
1921589,1,1
1927026,1,1
1939340,1,1
1944254,1,1
1870112,1,1
1241948,1,1
1242123,1,1
1244576,1,1
1244968,1,1
1247831,1,1
1248057,1,1
1251355,1,1
1251612,1,1
1291292,1,1
1292826,1,1
1293298,1,1
1293580,1,1
1293506,1,1
1293841,1,1
1293854,1,1
1293997,1,1
1297759,1,1
1297956,1,1
1300211,1,1
1300288,1,1
1312265,1,1
1314768,1,1
1359015,1,1
1359154,1,1
1362052,1,1
1362221,1,1
1363308,1,1
1363787,1,1
1364579,1,1
1366794,1,1
1368280,1,1
1368960,1,1
1369903,1,1
1370026,1,1
1372449,1,1
1372890,1,1
1373142,1,1
1373137,1,1
1424008,1,1
1428830,1,1
1429568,1,1
197726,1,1
197887,1,1
197960,1,1
198071,1,1
1439896,1,1
1441371,1,1
1542981,1,1
1362720,1,1
1534855,1,1
1721474,1,1
1723168,1,1
1726682,1,1
1730076,1,1
1731355,1,1
1736585,1,1
1737789,1,1
1738483,1,1
1739890,1,1
1743879,1,1
1789958,1,1
1790382,1,1
1806966,1,1
1809448,1,1
1860494,1,1
1876729,1,1
1939299,1,1
1947133,1,1
1243495,1,1
1244014,1,0
1244508,1,1
1245095,1,1
1246317,1,1
1248171,1,1
1249528,1,1
1251020,1,1
1251371,1,1
1251788,1,1
1293862,1,1
1297521,1,1
1298113,1,1
1305257,1,1
1291987,1,1
1305902,1,1
1310624,1,1
1313300,1,1
1356588,1,1
1357556,1,1
1359371,1,1
1360100,1,1
1367702,1,1
1371202,1,1
1373024,1,1
1373503,1,1
1424042,1,1
1425967,1,1
1427002,1,1
1433550,1,1
197508,1,1
197549,1,1
197712,1,1
197769,1,1
197807,1,1
197818,1,1
197901,1,1
197956,1,1
197977,1,1
198052,1,1
198107,1,1
198114,1,1
1489542,1,1
1490677,1,1
1492052,1,1
152698,1,1
153580,1,1
1543567,1,1
1549696,1,1
1552226,1,1
1308577,1,1
1812419,1,1
1870294,1,1
1927957,1,1
1939361,1,1
1944266,1,1
1945212,1,1
1244496,1,1
1251495,1,1
1251783,1,1
1291949,1,1
1294374,1,1
1294545,1,1
1312280,1,1
1356786,1,1
1358435,1,1
1358510,1,1
1363371,1,1
1363788,1,1
1366116,1,1
1375110,1,1
1375107,1,1
1423319,1,1
197869,1,1
197886,1,1
198146,1,1
198204,1,1
1596460,1,1
1606985,1,1
1648217,1,1
1652093,1,1
1862280,1,1
1251276,1,1
1421073,1,1
1432488,1,1
1598039,1,1
1650982,1,1
1806718,1,1
1860480,1,1
1864425,1,1
1942846,1,1
197366,1,1
1236115,1,1
1242740,1,1
1245700,1,1
1245736,1,1
1298066,1,1
1298900,1,1
1299903,1,1
1312713,1,1
1356345,1,1
1358210,1,1
1359242,1,1
1358506,1,1
1360096,1,1
1360440,1,1
1373016,1,1
1421616,1,1
198077,1,1
198108,1,1
1442266,1,1
1489229,1,1
1541099,1,1
1545036,1,1
1550946,1,1
1604323,1,1
1300267,1,1
1359952,1,1
1597267,1,1
1747117,1,1
197623,1,1
197745,1,1
1549456,1,1
1549708,1,1
1592764,1,1
1535978,1,1
1542803,1,1
672601,1,1
644487,1,1
706958,1,1
708180,1,1
729773,1,1
645146,1,1
668579,1,1
730976,1,1
707327,1,1
749849,1,1
756245,1,1
757594,1,1
861012,1,1
892496,1,1
897063,1,1
897781,1,1
904311,1,1
308488,1,1
310169,1,1
200141,1,1
756189,1,1
861221,1,1
861787,1,1
877466,1,1
905399,1,1
991549,1,1
992795,1,1
308636,1,1
309472,1,1
310203,1,1
310899,1,1
312539,1,1
312515,1,1
201860,1,1
2049454,1,1
205352,1,1
205715,1,1
2058529,1,1
206952,1,1
313807,1,1
313927,1,1
318193,1,1
898372,1,1
722116,1,1
797450,1,1
762967,1,1
861822,1,1
886671,1,1
977836,1,1
308715,1,1
310324,1,1
310355,1,1
201415,1,1
204393,1,1
2049505,1,1
206285,1,1
995283,1,1
314203,1,1
806450,1,1
808513,1,1
882548,1,1
993763,1,1
899932,1,1
308346,1,1
199655,1,1
204874,1,1
2050059,1,1
205854,1,1
207369,1,1
998550,1,1
314035,1,1
349094,1,1
807839,1,1
826919,1,1
846026,1,1
977859,1,1
978950,1,1
669623,1,1
628918,1,1
705166,1,1
701734,1,1
727509,1,1
687045,1,1
750084,1,1
751774,1,1
754900,1,1
756235,1,1
755466,1,1
861153,1,1
861513,1,1
896976,1,1
904593,1,1
979473,1,1
889624,1,1
701327,1,1
749857,1,1
797277,1,1
758179,1,1
795727,1,1
797022,1,1
863664,1,1
863847,1,1
864718,1,1
864796,1,1
866910,1,1
880838,1,1
883748,1,1
897368,1,1
901649,1,1
905523,1,1
93462,1,1
966623,1,1
993336,1,1
995064,1,1
966162,1,1
993772,1,1
309266,1,1
309594,1,1
310882,1,1
311035,1,1
311364,1,1
311659,1,1
312570,1,1
312740,1,1
198323,1,1
198473,1,1
204884,1,1
205291,1,1
313630,1,1
313839,1,1
795726,1,1
731591,1,1
992186,1,1
308844,1,1
312513,1,1
1087926,1,1
198521,1,1
198584,1,1
207141,1,1
387790,1,1
351603,1,1
665078,1,1
730876,1,1
706820,1,1
756306,1,1
861601,1,1
863841,1,1
866054,1,1
904433,1,1
966296,1,1
749151,1,1
756329,1,1
756296,1,1
861492,1,1
966228,1,1
978015,1,1
895952,1,1
966207,1,1
309684,1,1
309699,1,1
309952,1,1
309502,1,1
198268,1,1
198448,1,1
2003123,1,1
200857,1,1
205337,1,1
205567,1,1
206359,1,1
996060,1,1
996828,1,1
313186,1,1
315213,1,1
348518,1,1
801417,1,1
831485,1,1
310429,1,1
629324,1,1
637185,1,1
749784,1,1
701680,1,1
727974,1,1
748977,1,1
760039,1,1
795767,1,1
798447,1,1
891867,1,1
892289,1,1
992682,1,1
308369,1,1
665019,1,1
755272,1,1
754869,1,1
866924,1,1
977990,1,1
978715,1,1
992811,1,1
993111,1,1
897590,1,1
966426,1,1
309284,1,1
312279,1,1
312530,1,1
198953,1,1
199422,1,1
200190,1,1
206726,1,1
995828,1,1
996097,1,1
996752,1,1
999749,1,1
314238,1,1
314230,1,1
802321,1,1
866049,1,1
900577,1,1
402011,1,1
904440,1,1
905379,1,1
309374,1,1
311973,1,1
312769,1,1
312772,1,1
1090627,1,1
199206,1,1
199906,1,1
204675,1,1
2056494,1,1
996777,1,1
997398,1,1
313336,1,1
313595,1,1
314108,1,1
314244,1,1
315096,1,1
809159,1,1
827187,1,1
827757,1,1
835598,1,1
309611,1,1
198625,1,1
2054227,1,1
824457,1,1
826590,1,1
845491,1,1
846062,1,1
847628,1,1
856602,1,1
857249,1,1
857297,1,1
857567,1,1
847245,1,1
208229,1,1
208633,1,1
209135,1,1
209265,1,1
2105805,1,1
2107511,1,1
211641,1,1
211747,1,1
212567,1,1
2122659,1,1
2167800,1,1
2168270,1,1
2173720,1,1
2173735,1,1
2173947,1,1
2183700,1,1
1091600,1,1
1099074,1,1
1099719,1,1
1101385,1,1
210073,1,1
213109,1,1
2183676,1,1
1113064,1,1
1113392,1,1
1113437,1,1
1114135,1,1
1115016,1,1
1116107,1,1
1116450,1,1
1117564,1,1
1145622,1,1
1190817,1,1
1191716,1,1
1192981,1,1
1189695,1,1
403822,1,1
405856,1,1
406695,1,1
413262,1,1
476325,1,1
578758,1,1
616785,1,1
858113,1,1
858733,1,1
859989,1,1
860738,1,1
1000126,1,1
1000856,1,1
1000917,1,1
1000943,1,1
1010082,1,1
1010606,1,1
1012596,1,1
1014322,1,1
1037245,1,1
1038795,1,1
1039286,1,1
1043145,1,1
1045362,1,1
1048525,1,1
1049251,1,1
1049682,1,1
1050111,1,1
1085691,1,1
237510,1,1
237867,1,1
243450,1,1
245248,1,1
248113,1,1
260126,1,1
260405,1,1
1659147,1,1
1659183,1,1
1660196,1,1
1667913,1,1
213499,1,1
1112703,1,1
1189779,1,1
1191224,1,1
606786,1,1
858871,1,1
1045558,1,1
1046529,1,1
1048871,1,1
1049253,1,1
1049611,1,1
106517,1,1
1085785,1,1
239202,1,1
248747,1,1
259290,1,1
260323,1,1
1658125,1,1
1092591,1,1
607220,1,1
1037336,1,1
241514,1,1
1116277,1,1
1049568,1,1
1050789,1,1
1014615,1,1
1049882,1,1
828367,1,1
831718,1,1
894911,1,1
991294,1,1
966158,1,1
308762,1,1
311354,1,1
198326,1,1
198906,1,1
199890,1,1
201126,1,1
2047882,1,1
2056474,1,1
995293,1,1
995684,1,1
996524,1,1
999479,1,1
313421,1,1
313477,1,1
404414,1,1
804186,1,1
808669,1,1
824916,1,1
832088,1,1
834069,1,1
836374,1,1
308888,1,1
2049401,1,1
835596,1,1
847961,1,1
854927,1,1
857098,1,1
208355,1,1
209128,1,1
210086,1,1
210629,1,1
211322,1,1
2119561,1,1
213540,1,1
213995,1,1
2166129,1,1
2167157,1,1
2168504,1,1
2169362,1,1
2173843,1,1
2176487,1,1
1090518,1,1
995278,1,1
857130,1,1
208135,1,1
2168603,1,1
310311,1,1
310587,1,1
312643,1,1
312674,1,1
312849,1,1
201901,1,1
205075,1,1
313067,1,1
313322,1,1
313759,1,1
317831,1,1
349556,1,1
351750,1,1
809006,1,1
826916,1,1
834206,1,1
206961,1,1
995666,1,1
854859,1,1
856586,1,1
857366,1,1
857748,1,1
208228,1,1
208334,1,1
208437,1,1
208471,1,1
209441,1,1
209662,1,1
209769,1,1
2108527,1,1
211155,1,1
211237,1,1
213208,1,1
2167159,1,1
2174532,1,1
1095271,1,1
1101425,1,1
1116341,1,1
1145624,1,1
1150360,1,1
1189597,1,1
1091157,1,1
1099300,1,1
1114697,1,1
1115304,1,1
1234958,1,1
409388,1,1
413104,1,1
413257,1,1
543398,1,1
602228,1,1
602630,1,1
606971,1,1
859421,1,1
1005860,1,1
1006707,1,1
1012961,1,1
1012943,1,1
1020118,1,1
1046846,1,1
1049678,1,1
1049894,1,1
1052676,1,1
1053855,1,1
1085700,1,1
1049559,1,1
242461,1,1
244496,1,1
248341,1,1
251154,1,1
261208,1,1
261335,1,1
307675,1,1
307753,1,1
1653767,1,1
1658016,1,1
1667909,1,1
1669873,1,1
1729061,1,1
1736776,1,1
1101055,1,1
1115269,1,1
1116155,1,1
541840,1,1
546606,1,1
1006688,1,1
1048336,1,1
105019,1,1
238755,1,1
1099290,1,1
404465,1,1
404589,1,1
486419,1,1
542059,1,1
544185,1,1
544743,1,1
562502,1,1
562802,1,1
5640,1,0
577651,1,1
583490,1,1
584201,1,1
858827,1,1
1011093,1,1
1014638,1,1
1037288,1,1
1043755,1,1
860667,1,1
1046924,1,1
1047795,1,1
1047916,1,1
1052767,1,1
238151,1,1
243774,1,1
244542,1,1
252062,1,1
259191,1,1
261278,1,1
284548,1,1
308105,1,1
1657469,1,1
1719246,1,1
1734208,1,1
1736558,1,1
1737345,1,1
858057,1,1
2172091,1,1
1234566,1,1
416910,1,1
1014331,1,1
1049235,1,1
106387,1,1
241162,1,1
244967,1,1
262219,1,1
283880,1,1
284194,1,1
1666954,1,1
1667684,1,1
1673142,1,1
1728301,1,1
211181,1,1
1037347,1,1
1797844,1,1
1797874,1,1
1798297,1,1
1805285,1,1
310759,1,1
311415,1,1
312183,1,1
1090046,1,1
199079,1,1
2055286,1,1
206935,1,1
996584,1,1
996923,1,1
997220,1,1
999394,1,1
313800,1,1
313921,1,1
352178,1,1
373585,1,1
402481,1,1
310056,1,1
204904,1,1
314982,1,1
834241,1,1
835909,1,1
847249,1,1
847476,1,1
849052,1,1
849410,1,1
854898,1,1
855292,1,1
856739,1,1
1091632,1,1
1092422,1,1
1100187,1,1
1189689,1,1
1190664,1,1
1232204,1,1
1233032,1,1
1236048,1,1
208270,1,1
208424,1,1
209432,1,1
209532,1,1
211200,1,1
211809,1,1
212072,1,1
213293,1,1
2171138,1,1
2183672,1,1
237210,1,1
403930,1,1
404063,1,1
404458,1,1
487056,1,1
208330,1,1
539903,1,1
562062,1,1
562521,1,1
603711,1,1
604020,1,1
857131,1,1
859050,1,1
859088,1,1
859837,1,1
1000668,1,1
1006116,1,1
1006693,1,1
1012421,1,1
1012764,1,1
1037034,1,1
1047771,1,1
1047881,1,1
1049169,1,1
1049504,1,1
1049884,1,1
238720,1,1
262071,1,1
283610,1,1
1658637,1,1
1665497,1,1
1668248,1,1
208264,1,1
209495,1,1
237998,1,1
606726,1,1
616114,1,1
1005856,1,1
1052462,1,1
240984,1,1
1665702,1,1
249611,1,1
283858,1,1
1664451,1,1
1729442,1,1
1729516,1,1
1729523,1,1
1807511,1,1
247817,1,1
1656646,1,1
1741311,1,1
1790533,1,1
1796710,1,1
1801964,1,1
1807551,1,1
1810999,1,1
1863986,1,1
1868486,1,1
1870968,1,1
1873993,1,1
1923054,1,1
1947507,1,1
197389,1,1
1243848,1,1
1245044,1,1
1245230,1,1
1245727,1,1
1251398,1,1
1293628,1,1
1294196,1,1
1297549,1,1
1299166,1,1
1301666,1,1
1303107,1,1
1303325,1,1
1303742,1,1
1356576,1,1
1356835,1,1
1357408,1,1
1357404,1,1
1358441,1,1
1359017,1,1
1363509,1,1
1366873,1,1
1373379,1,1
1430405,1,1
1370952,1,1
197502,1,1
198046,1,1
198055,1,1
1489163,1,1
1490668,1,1
1490774,1,1
1491539,1,1
1492387,1,1
153747,1,1
153842,1,1
1541091,1,1
1541630,1,1
1542796,1,1
1546040,1,1
1547648,1,1
1549433,1,1
1542798,1,1
1549317,1,1
1719766,1,1
1721315,1,1
1723232,1,1
1726102,1,1
1731345,1,1
1731540,1,1
1735006,1,1
1740865,1,1
1743279,1,1
1743722,1,1
1807915,1,1
1809034,1,1
1940498,1,1
1235456,1,1
1236086,1,1
1237125,1,1
1247445,1,1
1249797,1,1
1293487,1,1
1293651,1,1
1294026,1,1
1294024,1,1
1294626,1,1
1297757,1,1
1314392,1,1
1359644,1,1
1363212,1,1
1369971,1,1
1421626,1,1
1423246,1,1
1423483,1,1
1437295,1,1
197627,1,1
198023,1,1
1483798,1,1
1491562,1,1
1536477,1,1
1544758,1,1
1545668,1,1
1545789,1,1
1547928,1,1
1808235,1,1
1809471,1,1
1860492,1,1
1871467,1,1
1923622,1,1
197364,1,1
197404,1,1
197680,1,1
1236095,1,1
1246096,1,1
1248026,1,1
1251196,1,1
1251623,1,1
1297378,1,1
1310147,1,1
1356073,1,1
1358404,1,1
1362935,1,1
1366495,1,0
1369406,1,1
197860,1,1
1482689,1,1
1488679,1,1
152695,1,1
1538468,1,1
1543162,1,1
1604384,1,1
1604544,1,1
1606483,1,1
1652363,1,1
197670,1,1
1430453,1,1
1599169,1,1
1648195,1,1
1858267,1,1
1860177,1,1
1868843,1,1
1869320,1,1
1875468,1,1
1921468,1,1
197590,1,1
1236075,1,1
1243040,1,1
1251011,1,1
1290918,1,1
1291225,1,1
1294376,1,1
1298275,1,1
1305916,1,1
1307233,1,1
1359109,1,1
1362057,1,1
1364122,1,1
197709,1,1
197987,1,1
1437968,1,1
1441339,1,1
1442442,1,1
1484809,1,1
1494826,1,1
153746,1,1
1595989,1,1
1604331,1,1
1608264,1,1
1652832,1,1
1299242,1,1
1539341,1,1
1918203,1,1
1599557,1,1
1651282,1,1
1591967,1,1
1595292,1,1
1596010,1,1
1605441,1,1
1652830,1,1
1806921,1,1
1596938,1,1
1602561,1,1
617311,1,1
646333,1,1
644134,1,1
724861,1,1
702184,1,1
705875,1,1
723832,1,1
745286,1,1
797807,1,1
799040,1,1
731245,1,1
748368,1,1
795618,1,1
800438,1,1
860880,1,1
899217,1,1
991343,1,1
992765,1,1
308662,1,1
309605,1,1
310680,1,1
311359,1,1
751885,1,1
759696,1,1
894861,1,1
898490,1,1
900145,1,1
905139,1,1
978033,1,1
966812,1,1
308686,1,1
308513,1,1
309370,1,1
310857,1,1
311193,1,1
311880,1,1
198869,1,1
1993222,1,1
1995155,1,1
207699,1,1
995483,1,1
753396,1,1
309565,1,1
797463,1,1
800298,1,1
861224,1,1
885238,1,1
896212,1,1
993282,1,1
896193,1,1
902298,1,1
905409,1,1
903884,1,1
309669,1,1
309683,1,1
310520,1,1
198622,1,1
1992418,1,1
207194,1,1
996183,1,1
999423,1,1
312859,1,1
808062,1,1
901550,1,1
308514,1,1
312353,1,1
1089121,1,1
205145,1,1
995715,1,1
997010,1,1
804978,1,1
808748,1,1
833036,1,1
845488,1,1
630237,1,1
618368,1,1
664961,1,1
635970,1,1
646456,1,1
730512,1,1
665106,1,1
727934,1,1
755846,1,1
756357,1,1
763574,1,1
790884,1,1
730951,1,1
762895,1,1
794068,1,1
797880,1,1
884619,1,1
891881,1,1
904026,1,1
896106,1,1
308768,1,1
755351,1,1
861762,1,1
892660,1,1
897704,1,1
905306,1,1
967012,1,1
979288,1,1
861043,1,1
903859,1,1
309003,1,1
309016,1,1
311205,1,1
311251,1,1
311353,1,1
311356,1,1
1087960,1,1
1088253,1,1
198832,1,1
2002719,1,1
2044971,1,1
205770,1,1
206375,1,1
348624,1,1
701674,1,1
896974,1,1
309917,1,1
198462,1,1
200089,1,1
206548,1,1
206820,1,1
995582,1,1
998537,1,1
313714,1,1
317058,1,1
205320,1,1
686868,1,1
692783,1,1
637565,1,1
795810,1,1
648024,1,1
668365,1,1
706825,1,1
750088,1,1
754890,1,1
752871,1,1
755047,1,1
758029,1,1
790284,1,1
897735,1,1
991290,1,1
310127,1,1
1090824,1,1
760641,1,1
862025,1,1
864010,1,1
885109,1,1
885712,1,1
891775,1,1
896967,1,1
897298,1,1
905032,1,1
94462,1,1
966235,1,1
978573,1,1
991957,1,1
899155,1,1
992451,1,1
308389,1,1
310178,1,1
310414,1,1
310610,1,1
312174,1,1
312295,1,1
312493,1,1
1090937,1,1
1986382,1,1
1999031,1,1
2000690,1,1
204413,1,1
205544,1,1
205642,1,1
2058946,1,1
205906,1,1
207088,1,1
206388,1,1
996642,1,1
996965,1,1
343002,1,1
345131,1,1
835600,1,1
755683,1,1
861525,1,1
896031,1,1
861710,1,1
308355,1,1
312239,1,1
1089805,1,1
205714,1,1
995940,1,1
313761,1,1
617975,1,1
643027,1,1
727988,1,1
756232,1,1
749814,1,1
794947,1,1
860920,1,1
892267,1,1
901614,1,1
966557,1,1
993072,1,1
310216,1,1
310323,1,1
725932,1,1
748348,1,1
798502,1,1
760642,1,1
861493,1,1
861402,1,1
892643,1,1
897087,1,1
899519,1,1
901038,1,1
308144,1,1
308191,1,1
308734,1,1
308744,1,1
308999,1,1
309248,1,1
310212,1,1
309921,1,1
312134,1,1
309922,1,1
1090487,1,1
2002727,1,1
2044431,1,1
204539,1,1
204537,1,1
2049286,1,1
993950,1,1
994226,1,1
996646,1,1
312853,1,1
318179,1,1
349194,1,1
359383,1,1
829758,1,1
876518,1,1
894782,1,1
979318,1,1
992153,1,1
309175,1,1
315094,1,1
993511,1,1
861206,1,1
864759,1,1
866077,1,1
991314,1,1
992745,1,1
309029,1,1
312743,1,1
312837,1,1
1087678,1,1
199783,1,1
2049890,1,1
2055315,1,1
205822,1,1
206224,1,1
206527,1,1
206997,1,1
313527,1,1
313655,1,1
313801,1,1
313868,1,1
352233,1,1
808744,1,1
809014,1,1
823942,1,1
828602,1,1
833217,1,1
834179,1,1
315045,1,1
827751,1,1
845512,1,1
848140,1,1
856755,1,1
856834,1,1
856857,1,1
207584,1,1
208186,1,1
208496,1,1
208581,1,1
208122,1,1
210140,1,1
210573,1,1
211352,1,1
211587,1,1
2118081,1,1
211822,1,1
212019,1,1
2122387,1,1
2122764,1,1
212428,1,1
213570,1,1
2167835,1,1
2173668,1,1
2174520,1,1
2183896,1,1
1091434,1,1
1098159,1,1
1101019,1,1
1101754,1,1
1102207,1,1
315217,1,1
1099625,1,1
1111816,1,1
1115568,1,1
1115700,1,1
1115894,1,1
1115981,1,1
1145942,1,1
1232714,1,1
1190110,1,1
404533,1,1
404552,1,1
406369,1,1
417462,1,1
430551,1,1
476271,1,1
477372,1,1
540409,1,1
542063,1,1
542320,1,1
543775,1,1
544438,1,1
562793,1,1
577960,1,1
584414,1,1
602635,1,1
616131,1,1
858127,1,1
858903,1,1
859353,1,1
1000070,1,1
1000091,1,1
1000859,1,1
1006703,1,1
1010079,1,1
1012224,1,1
1013036,1,1
1020142,1,1
1043507,1,1
1043757,1,1
1045366,1,1
1049709,1,1
1052431,1,1
1052928,1,1
108407,1,1
1085777,1,1
1085748,1,1
238100,1,1
251426,1,1
259844,1,1
262221,1,1
1654955,1,1
1663410,1,1
1665105,1,1
212086,1,1
2168014,1,1
1189623,1,1
616762,1,1
616795,1,1
859038,1,1
860114,1,1
1011342,1,1
1037330,1,1
1043582,1,1
105226,1,1
2184134,1,1
237982,1,1
260500,1,1
1654858,1,1
860737,1,1
1099681,1,1
1099778,1,1
616163,1,1
1041869,1,1
1658141,1,1
347046,1,1
805659,1,1
828534,1,1
829734,1,1
864799,1,1
979092,1,1
309448,1,1
312231,1,1
312654,1,1
198443,1,1
198546,1,1
1988409,1,1
1995479,1,1
199891,1,1
200809,1,1
201967,1,1
207302,1,1
207484,1,1
998430,1,1
998454,1,1
999717,1,1
315098,1,1
317849,1,1
347106,1,1
403971,1,1
404448,1,1
404509,1,1
313327,1,1
404508,1,1
802571,1,1
829502,1,1
830874,1,1
833008,1,1
349287,1,1
359050,1,1
828284,1,1
834162,1,1
847055,1,1
848200,1,1
849931,1,1
856658,1,1
856864,1,1
857330,1,1
857416,1,1
857583,1,1
847186,1,1
857133,1,1
208116,1,1
208331,1,1
209627,1,1
2099132,1,1
210692,1,1
2107764,1,1
211639,1,1
212341,1,1
2173726,1,1
2175998,1,1
2180558,1,1
238133,1,1
2107008,1,1
2167783,1,1
226667,1,1
309910,1,1
310530,1,1
312122,1,1
1996081,1,1
200007,1,1
206810,1,1
317161,1,1
375634,1,1
403847,1,1
359595,1,1
808005,1,1
809321,1,1
826143,1,1
826834,1,1
829187,1,1
830259,1,1
834046,1,1
360344,1,1
402705,1,1
835580,1,1
847956,1,1
849073,1,1
854249,1,1
857828,1,1
208094,1,1
209687,1,1
209823,1,1
210273,1,1
2103184,1,1
210346,1,1
2109948,1,1
2117971,1,1
2118078,1,1
2119706,1,1
2121080,1,1
2122382,1,1
213167,1,1
213993,1,1
2179019,1,1
2183679,1,1
1091437,1,1
1092189,1,1
1092683,1,1
1098125,1,1
1099494,1,1
1111836,1,1
1114874,1,1
1115472,1,1
1150114,1,1
1092380,1,1
1094131,1,1
1094224,1,1
1098362,1,1
1111642,1,1
1112250,1,1
1112489,1,1
1112980,1,1
1113005,1,1
1117394,1,1
1147029,1,1
1192984,1,1
1193235,1,1
1191354,1,1
1233664,1,1
1234579,1,1
413424,1,1
420905,1,1
433800,1,1
562510,1,1
562768,1,1
578759,1,1
858094,1,1
858991,1,1
859126,1,1
859238,1,1
860085,1,1
860157,1,1
1012955,1,1
103568,1,1
1039313,1,1
104363,1,1
1012993,1,1
1046298,1,1
1049254,1,1
1049262,1,1
1049306,1,1
1049767,1,1
1049909,1,1
1086738,1,1
238850,1,1
245332,1,1
252931,1,1
282609,1,1
283342,1,1
1655489,1,1
1655506,1,1
1662278,1,1
1664631,1,1
1665091,1,1
1668054,1,1
1721266,1,1
1730212,1,1
1731590,1,1
261163,1,1
1734683,1,1
562444,1,1
581696,1,1
858945,1,1
104364,1,1
1049617,1,1
102770,1,1
284530,1,1
1191056,1,1
1193292,1,1
483446,1,1
584222,1,1
603836,1,1
616018,1,1
616485,1,1
858804,1,1
859826,1,1
860262,1,1
860682,1,1
1001029,1,1
1011626,1,1
1037176,1,1
1045616,1,1
1047479,1,1
1050494,1,1
1050671,1,1
1053196,1,1
1053620,1,1
106315,1,1
242590,1,1
245134,1,1
247812,1,1
251292,1,1
1655221,1,1
1658720,1,1
1721530,1,1
1730188,1,1
1731350,1,1
1734932,1,1
1115928,1,1
1189152,1,1
1190839,1,1
485818,1,1
539831,1,1
541836,1,1
579701,1,1
602127,1,1
603566,1,1
1012413,1,1
1039541,1,1
240755,1,1
242181,1,1
261287,1,1
1662285,1,1
1664986,1,1
1718900,1,1
1736921,1,1
1737567,1,1
103457,1,1
1738574,1,1
1741410,1,1
1745090,1,1
1791408,1,1
1792499,1,1
1794881,1,1
1795250,1,1
1795496,1,1
1797511,1,1
1799424,1,1
1801282,1,1
1801704,1,1
242690,1,1
310293,1,1
310592,1,1
999476,1,1
313659,1,1
315197,1,1
352297,1,1
802716,1,1
826101,1,1
827713,1,1
312179,1,1
2045898,1,1
206412,1,1
207361,1,1
996049,1,1
313803,1,1
403923,1,1
314192,1,1
828448,1,1
352062,1,1
833710,1,1
834118,1,1
834127,1,1
845836,1,1
845987,1,1
847473,1,1
850424,1,1
852909,1,1
855304,1,1
855338,1,1
1094162,1,1
1094451,1,1
1100184,1,1
1125493,1,1
1190759,1,1
208719,1,1
2101534,1,1
212408,1,1
213308,1,1
2178760,1,1
485558,1,1
995485,1,1
998719,1,1
1112231,1,1
543464,1,1
562389,1,1
582042,1,1
602802,1,1
608328,1,1
859297,1,1
1000925,1,1
1006202,1,1
1038806,1,1
104894,1,1
1053414,1,1
1053657,1,1
105551,1,1
105592,1,1
238460,1,1
247105,1,1
251872,1,1
252637,1,1
282462,1,1
1657987,1,1
1661345,1,1
1721308,1,1
1094323,1,1
543218,1,1
582971,1,1
607024,1,1
1006701,1,1
282401,1,1
1659818,1,1
261286,1,1
1727009,1,1
1736779,1,1
1739754,1,1
1745881,1,1
1798481,1,1
1799706,1,1
1800794,1,1
1086035,1,1
1798287,1,1
261241,1,1
284245,1,1
1736034,1,1
1796922,1,1
1797870,1,1
1797851,1,1
1797882,1,1
1812262,1,1
1862110,1,1
1862220,1,1
1868482,1,1
1871172,1,1
1876014,1,1
1926518,1,1
1928689,1,1
197321,1,1
197433,1,1
197442,1,1
197458,1,1
197365,1,1
1236015,1,1
1237066,1,1
1237091,1,1
1244909,1,1
1245374,1,1
1247761,1,1
1250637,1,1
1251505,1,1
1251836,1,1
1294483,1,1
1305590,1,1
1357397,1,1
1358763,1,1
1359363,1,1
1361217,1,1
1362783,1,1
1362798,1,1
1362944,1,1
1363759,1,1
1365984,1,1
1369424,1,1
1370363,1,1
1373217,1,1
1373469,1,1
1420997,1,1
1422491,1,1
1426660,1,1
197932,1,1
197931,1,1
198049,1,1
198083,1,1
198144,1,1
1441112,1,1
1482815,1,1
1483229,1,1
1483551,1,1
1484775,1,1
1487165,1,1
1493170,1,1
1495055,1,1
1535923,1,1
1540669,1,1
1542804,1,1
1544856,1,1
1544853,1,1
1547567,1,1
1547983,1,1
1245460,1,1
1727174,1,1
1729033,1,1
1729440,1,1
1729528,1,1
1730486,1,1
1731520,1,1
1739778,1,1
1742227,1,1
1789250,1,1
1796079,1,1
1811470,1,1
1812095,1,1
1867993,1,1
1876710,1,1
1925790,1,1
1941489,1,1
1946698,1,1
1242399,1,1
1249617,1,1
1298366,1,1
1299861,1,1
1300386,1,1
1307232,1,1
1310473,1,1
1311798,1,1
1356912,1,1
1357573,1,1
1359356,1,1
1361609,1,1
1365902,1,1
1369412,1,1
1372899,1,1
1373121,1,1
141988,1,1
1423676,1,1
1424657,1,1
1426601,1,1
1370115,1,1
197945,1,1
1495092,1,1
152952,1,1
1535451,1,1
1536462,1,1
1547926,1,1
1549386,1,1
1363795,1,1
1544717,1,1
1809445,1,1
1809542,1,1
1876673,1,1
197500,1,1
197509,1,1
197530,1,1
1242406,1,1
1244714,1,1
1245086,1,1
1247891,1,1
1248017,1,1
1291468,1,1
1292454,1,1
1293484,1,1
1294268,1,1
1297519,1,1
1298091,1,1
1298912,1,1
1308380,1,1
1310948,1,1
1313971,1,1
1357568,1,1
1358620,1,1
1361050,1,1
1364278,1,1
1369842,1,1
1370211,1,1
1370956,1,1
141935,1,1
1429439,1,1
1483739,1,1
1484879,1,1
1486137,1,1
1491000,1,1
152931,1,1
1535454,1,1
1536833,1,1
1539808,1,1
1540520,1,1
1593858,1,1
1595462,1,1
1599135,1,1
1600710,1,1
1604325,1,1
1650988,1,1
1301696,1,1
1368012,1,1
1485610,1,1
1491618,1,1
1537046,1,1
1605368,1,1
1299253,1,1
1360443,1,1
1812011,1,1
1812169,1,1
1923052,1,1
1923429,1,1
1939322,1,1
1946522,1,1
1245181,1,1
1246613,1,1
1248015,1,1
1248356,1,1
1294244,1,1
1294264,1,1
1298072,1,1
1302739,1,1
1302737,1,1
1310533,1,1
1357399,1,1
1359124,1,1
1361615,1,1
1373008,1,1
1421983,1,1
1429362,1,1
197803,1,1
1489415,1,1
1489932,1,1
1535456,1,1
1535619,1,1
1543006,1,1
1550952,1,1
1593884,1,1
1367384,1,1
197902,1,1
1544384,1,1
1592790,1,1
1600267,1,1
1488537,1,1
1593277,1,1
1595214,1,1
1597603,1,1
1602040,1,1
1606308,1,1
1871155,1,1
1551405,1,1
1551884,1,1
1598989,1,1
1433879,1,1
618026,1,1
623677,1,1
636188,1,1
637562,1,1
686534,1,1
795142,1,1
701913,1,1
643125,1,1
745535,1,1
749565,1,1
752875,1,1
794080,1,1
800472,1,1
758497,1,1
793770,1,1
880437,1,1
891888,1,1
904326,1,1
979485,1,1
993276,1,1
310292,1,1
995617,1,1
745294,1,1
753544,1,1
759743,1,1
864761,1,1
894876,1,1
897620,1,1
966401,1,1
992660,1,1
993890,1,1
308653,1,1
309740,1,1
309918,1,1
311924,1,1
198263,1,1
198912,1,1
201337,1,1
207569,1,1
317855,1,1
352007,1,1
978778,1,1
992656,1,1
688704,1,1
755311,1,1
896884,1,1
979471,1,1
731181,1,1
759717,1,1
896781,1,1
901821,1,1
978056,1,1
308708,1,1
204760,1,1
206771,1,1
207296,1,1
995932,1,1
996023,1,1
801018,1,1
885580,1,1
899764,1,1
726008,1,1
310875,1,1
311968,1,1
795067,1,1
994404,1,1
994839,1,1
309305,1,1
312216,1,1
351154,1,1
351175,1,1
755166,1,1
760273,1,1
1087262,1,1
349195,1,1
861054,1,1
643142,1,1
692849,1,1
672353,1,1
763179,1,1
707594,1,1
731536,1,1
707375,1,1
731563,1,1
704858,1,1
722120,1,1
759742,1,1
861617,1,1
966154,1,1
311491,1,1
705214,1,1
746813,1,1
751905,1,1
861646,1,1
866303,1,1
882492,1,1
892652,1,1
898359,1,1
901288,1,1
990986,1,1
993466,1,1
308255,1,1
308297,1,1
308886,1,1
309077,1,1
309884,1,1
311960,1,1
311985,1,1
312144,1,1
312223,1,1
312541,1,1
312839,1,1
312522,1,1
311622,1,1
198467,1,1
2001751,1,1
2045344,1,1
207017,1,1
206616,1,1
999659,1,1
318217,1,1
901399,1,1
744812,1,1
790286,1,1
896789,1,1
901334,1,1
966577,1,1
311048,1,1
311680,1,1
198264,1,1
198712,1,1
1999890,1,1
200350,1,1
203088,1,1
2048259,1,1
205973,1,1
206834,1,1
996958,1,1
997507,1,1
313037,1,1
315077,1,1
349591,1,1
352066,1,1
207244,1,1
645037,1,1
727386,1,1
702267,1,1
727930,1,1
702354,1,1
755621,1,1
793099,1,1
730878,1,1
797811,1,1
861529,1,1
861747,1,1
867454,1,1
876419,1,1
894765,1,1
992803,1,1
310291,1,1
753439,1,1
753532,1,1
750264,1,1
861765,1,1
866090,1,1
883826,1,1
895464,1,1
904495,1,1
966173,1,1
966271,1,1
978077,1,1
902614,1,1
93370,1,1
309694,1,1
311155,1,1
311893,1,1
312366,1,1
312632,1,1
1088862,1,1
198319,1,1
200938,1,1
201374,1,1
205104,1,1
2054310,1,1
2055311,1,1
205669,1,1
2057666,1,1
205863,1,1
205886,1,1
207100,1,1
995668,1,1
999672,1,1
313191,1,1
359375,1,1
827485,1,1
833507,1,1
885880,1,1
199083,1,1
313418,1,1
315164,1,1
998516,1,1
724142,1,1
727347,1,1
727866,1,1
755990,1,1
792122,1,1
795858,1,1
793871,1,1
860901,1,1
905381,1,1
860926,1,1
861132,1,1
861842,1,1
881156,1,1
894803,1,1
899350,1,1
903726,1,1
978282,1,1
991306,1,1
309467,1,1
310023,1,1
310196,1,1
310442,1,1
311069,1,1
311385,1,1
312263,1,1
312846,1,1
312744,1,1
198372,1,1
198687,1,1
1992873,1,1
201152,1,1
205743,1,1
996133,1,1
313908,1,1
314004,1,1
314277,1,1
315209,1,1
317150,1,1
313975,1,1
806527,1,1
809282,1,1
827185,1,1
866047,1,1
966233,1,1
308189,1,1
198910,1,1
904458,1,1
895697,1,1
984107,1,1
991722,1,1
308399,1,1
311724,1,1
311976,1,1
108896,1,1
1090560,1,1
198222,1,1
198295,1,1
1996965,1,1
1998639,1,1
204590,1,1
2047639,1,1
2055751,1,1
206793,1,1
996125,1,1
999604,1,1
999631,1,1
999679,1,1
313475,1,1
314258,1,1
317106,1,1
351349,1,1
359277,1,1
391980,1,1
314285,1,1
806396,1,1
806727,1,1
831246,1,1
834112,1,1
834152,1,1
2043870,1,1
207006,1,1
849385,1,1
849760,1,1
853501,1,1
853618,1,1
855328,1,1
855332,1,1
856892,1,1
857001,1,1
857597,1,1
207893,1,1
208327,1,1
208324,1,1
209303,1,1
2105742,1,1
2107814,1,1
2110513,1,1
211904,1,1
2122366,1,1
212570,1,1
213271,1,1
213525,1,1
2167801,1,1
2173731,1,1
2179641,1,1
1091511,1,1
1094149,1,1
1094330,1,1
1094718,1,1
1095481,1,1
1098408,1,1
1099653,1,1
1099788,1,1
349482,1,1
375355,1,1
857589,1,1
207830,1,1
210487,1,1
212836,1,1
2178101,1,1
1112865,1,1
1113427,1,1
1114413,1,1
1116080,1,1
1117243,1,1
1148121,1,1
1150809,1,1
1190916,1,1
1190696,1,1
402239,1,1
403875,1,1
404186,1,1
404200,1,1
417425,1,1
440303,1,1
540281,1,1
540938,1,1
541619,1,1
542426,1,1
544138,1,1
582620,1,1
597768,1,1
616456,1,1
858813,1,1
858832,1,1
859025,1,1
859761,1,1
859997,1,1
860428,1,1
1000555,1,1
1000680,1,1
1000892,1,1
1000990,1,1
1006695,1,1
1009424,1,1
1011809,1,1
1012775,1,1
1012953,1,1
1013630,1,1
1039273,1,1
1040041,1,1
1044579,1,1
1044914,1,1
1046978,1,1
1046999,1,1
1047415,1,1
1049899,1,1
1052526,1,1
1053192,1,1
226921,1,1
2166112,1,1
240903,1,1
244573,1,1
244613,1,1
1665687,1,1
209387,1,1
213045,1,1
2183898,1,1
210015,1,1
1099706,1,1
1234238,1,1
539410,1,1
577787,1,1
858071,1,1
1014580,1,1
1043693,1,1
105602,1,1
245314,1,1
261267,1,1
284019,1,1
1658663,1,1
1000064,1,1
1000880,1,1
1013048,1,1
313926,1,1
804183,1,1
804754,1,1
830196,1,1
831244,1,1
881403,1,1
968689,1,1
309395,1,1
310299,1,1
312127,1,1
199902,1,1
2044967,1,1
205335,1,1
206750,1,1
999681,1,1
313852,1,1
313951,1,1
315195,1,1
315200,1,1
404285,1,1
804996,1,1
827738,1,1
830750,1,1
844829,1,1
200174,1,1
312940,1,1
832908,1,1
833528,1,1
847261,1,1
848738,1,1
848772,1,1
849426,1,1
853372,1,1
855348,1,1
856783,1,1
856917,1,1
857091,1,1
857127,1,1
857381,1,1
208492,1,1
208284,1,1
209971,1,1
2100023,1,1
211633,1,1
212053,1,1
213377,1,1
213542,1,1
2166147,1,1
2170058,1,1
2180345,1,1
1090034,1,1
310224,1,1
310691,1,1
309600,1,1
199090,1,1
199607,1,1
1998483,1,1
205330,1,1
2054223,1,1
2058950,1,1
995426,1,1
996561,1,1
312954,1,1
314087,1,1
315109,1,1
349508,1,1
351276,1,1
351293,1,1
359337,1,1
805679,1,1
828527,1,1
828581,1,1
831209,1,1
835726,1,1
2058895,1,1
848728,1,1
858372,1,1
208053,1,1
208605,1,1
209660,1,1
210135,1,1
2101531,1,1
2102440,1,1
211269,1,1
2122762,1,1
1091147,1,1
1091654,1,1
1099571,1,1
1116173,1,1
1116270,1,1
1091454,1,1
1112691,1,1
1188413,1,1
1191013,1,1
415110,1,1
422410,1,1
484833,1,1
578649,1,1
583084,1,1
583218,1,1
597857,1,1
603844,1,1
615172,1,1
616917,1,1
860576,1,1
860659,1,1
1009480,1,1
1011843,1,1
1012915,1,1
1020477,1,1
102991,1,1
1050093,1,1
1052932,1,1
105569,1,1
106234,1,1
241793,1,1
307677,1,1
307750,1,1
1723776,1,1
1729441,1,1
1094170,1,1
1112813,1,1
484671,1,1
540544,1,1
584534,1,1
607295,1,1
617247,1,1
1012564,1,1
1039706,1,1
1042637,1,1
1190660,1,1
1112986,1,1
404492,1,1
432400,1,1
484322,1,1
544817,1,1
579820,1,1
583165,1,1
603162,1,1
615963,1,1
616402,1,1
859011,1,1
1009328,1,1
1010448,1,1
1042692,1,1
1043446,1,1
1043518,1,1
1046355,1,1
1049221,1,1
1050951,1,1
1053405,1,1
105824,1,1
1086022,1,1
244556,1,1
1664634,1,1
1665229,1,1
2183912,1,1
1112873,1,1
1234584,1,1
544118,1,1
544828,1,1
103909,1,1
1041849,1,1
238013,1,1
1658692,1,1
1659915,1,1
1667912,1,1
1734084,1,1
103467,1,1
1741377,1,1
1742033,1,1
1793920,1,1
1797931,1,1
1048052,1,1
1090053,1,1
198554,1,1
200060,1,1
206826,1,1
995367,1,1
315163,1,1
349594,1,1
800410,1,1
809311,1,1
829753,1,1
313239,1,1
849418,1,1
852879,1,1
852920,1,1
854836,1,1
1092736,1,1
1098163,1,1
1235049,1,1
207485,1,1
208141,1,1
208185,1,1
208187,1,1
208272,1,1
208276,1,1
210041,1,1
211105,1,1
211465,1,1
237382,1,1
237872,1,1
404125,1,1
426904,1,1
483427,1,1
854144,1,1
583214,1,1
615882,1,1
857342,1,1
1010042,1,1
1012735,1,1
1012899,1,1
1020021,1,1
245462,1,1
260218,1,1
262222,1,1
1657007,1,1
1657864,1,1
1665504,1,1
855926,1,1
1114485,1,1
1145629,1,1
209032,1,1
2122907,1,1
580285,1,1
606765,1,1
1046982,1,1
1716037,1,1
1723222,1,1
1730187,1,1
284183,1,1
1726268,1,1
1741569,1,1
1806948,1,1
1049241,1,1
262073,1,1
1658325,1,1
1719290,1,1
1724807,1,1
1726984,1,1
1743871,1,1
1747123,1,1
1788852,1,1
1793915,1,1
1807136,1,1
1807578,1,1
1809421,1,1
1859165,1,1
1860463,1,1
1867998,1,1
1869279,1,1
1871479,1,1
1874008,1,1
1876117,1,1
1939343,1,1
197419,1,1
1862595,1,1
1242502,1,1
1243894,1,1
1245026,1,1
1245373,1,1
1246076,1,1
1248331,1,1
1291096,1,1
1291607,1,1
1297832,1,1
1298348,1,1
1300361,1,1
1304105,1,1
1305222,1,1
1300384,1,1
1308486,1,1
1308535,1,1
1314779,1,1
1357938,1,1
1358508,1,1
1359028,1,1
1359362,1,1
1362061,1,1
1367222,1,1
1368392,1,1
1374383,1,1
1424660,1,1
197499,1,1
197605,1,1
197768,1,1
1439775,1,1
1440003,1,1
1486208,1,1
1486985,1,1
1487076,1,1
1487100,1,1
1488667,1,1
1490021,1,1
1494173,1,1
1535143,1,1
1536604,1,1
1541109,1,1
1542380,1,1
1542994,1,1
1544490,1,1
1545303,1,1
1314672,1,1
1720280,1,1
1724796,1,1
1726680,1,1
1741268,1,1
1741312,1,1
1741375,1,1
1742330,1,1
1790660,1,1
1791232,1,1
1791569,1,1
1791588,1,1
1797521,1,1
1805009,1,1
1806197,1,1
1809578,1,1
1855393,1,1
1859553,1,1
1875866,1,1
1923702,1,1
1942189,1,1
1236150,1,1
1244760,1,1
1244721,1,1
1245378,1,1
1245468,1,1
1246093,1,1
1246677,1,1
1291371,1,1
1294616,1,1
1298228,1,1
1299634,1,1
1300901,1,1
1245168,1,1
1360515,1,1
1361032,1,1
1367116,1,1
1367521,1,1
1370222,1,1
1421461,1,1
1424029,1,1
1432969,1,1
1436557,1,1
197462,1,1
197477,1,1
1442165,1,1
1494046,1,1
1494035,1,1
1534805,1,1
1541594,1,1
1544388,1,1
197520,1,1
1549399,1,1
1867697,1,1
1941470,1,1
1946481,1,1
1946577,1,1
197397,1,1
197783,1,1
1243771,1,1
1244951,1,1
1245268,1,1
1246383,1,1
1247893,1,1
1250169,1,1
1250549,1,1
1251274,1,1
1300081,1,1
1309062,1,1
1310125,1,1
1358645,1,1
1358704,1,1
1360383,1,1
1367320,1,1
141962,1,1
1426881,1,1
1430050,1,1
1436949,1,1
1367219,1,1
197939,1,1
197947,1,1
198158,1,1
1440303,1,1
1484488,1,1
152854,1,1
1535364,1,1
1535372,1,1
1549680,1,1
1593609,1,1
1601386,1,1
1606353,1,1
1607309,1,1
1649007,1,1
1650901,1,1
1651564,1,1
1652638,1,1
1795519,1,1
1299177,1,1
1651394,1,1
1858414,1,1
1858833,1,1
1876671,1,1
197405,1,1
197647,1,1
1251616,1,1
1251785,1,1
1356791,1,1
1367307,1,1
1423794,1,1
197806,1,1
197877,1,1
198022,1,1
1482523,1,1
1492064,1,1
153473,1,1
1537948,1,1
1549081,1,1
1549206,1,1
1549428,1,1
1549867,1,1
1592783,1,1
1598073,1,1
1607012,1,1
1242561,1,1
1370291,1,1
1439918,1,1
1440937,1,1
1598284,1,1
1607973,1,1
1650127,1,1
197845,1,1
198047,1,1
1486763,1,1
1594432,1,1
1595393,1,1
1606850,1,1
1370297,1,1
197534,1,1
1442520,1,1
1607798,1,1
618582,1,1
630726,1,1
667904,1,1
761649,1,1
687023,1,1
722131,1,1
636371,1,1
686514,1,1
694009,1,1
728550,1,1
730781,1,1
745533,1,1
755467,1,1
763141,1,1
800405,1,1
636811,1,1
756221,1,1
799835,1,1
861753,1,1
892097,1,1
896175,1,1
993242,1,1
308412,1,1
310617,1,1
762001,1,1
861072,1,1
863853,1,1
897645,1,1
897702,1,1
900169,1,1
979387,1,1
901484,1,1
993557,1,1
993945,1,1
311448,1,1
312611,1,1
1991422,1,1
2044969,1,1
205323,1,1
996255,1,1
996546,1,1
389242,1,1
806728,1,1
809376,1,1
665036,1,1
656708,1,1
745284,1,1
750227,1,1
762813,1,1
884173,1,1
894813,1,1
966220,1,1
991000,1,1
978757,1,1
892357,1,1
308245,1,1
309059,1,1
1086840,1,1
1090087,1,1
205817,1,1
313280,1,1
317859,1,1
351381,1,1
809129,1,1
826802,1,1
828379,1,1
833705,1,1
755555,1,1
864771,1,1
308490,1,1
308803,1,1
310157,1,1
310868,1,1
2002008,1,1
204509,1,1
205860,1,1
315159,1,1
352193,1,1
833694,1,1
630287,1,1
687024,1,1
723533,1,1
762420,1,1
642349,1,1
628958,1,1
706552,1,1
753462,1,1
755473,1,1
731590,1,1
750223,1,1
753350,1,1
756004,1,1
755482,1,1
891883,1,1
884203,1,1
308462,1,1
309608,1,1
752889,1,1
746020,1,1
861041,1,1
865163,1,1
866111,1,1
897133,1,1
897758,1,1
898517,1,1
904483,1,1
863588,1,1
901803,1,1
992689,1,1
308234,1,1
308227,1,1
308364,1,1
308816,1,1
309078,1,1
310173,1,1
310211,1,1
310432,1,1
311928,1,1
312186,1,1
198231,1,1
2001474,1,1
206614,1,1
206809,1,1
206026,1,1
995234,1,1
995632,1,1
404528,1,1
998740,1,1
797851,1,1
800118,1,1
861637,1,1
900428,1,1
966184,1,1
309373,1,1
1086847,1,1
311034,1,1
198233,1,1
199212,1,1
201912,1,1
206937,1,1
646041,1,1
628582,1,1
670003,1,1
672908,1,1
728542,1,1
688236,1,1
725098,1,1
728122,1,1
729929,1,1
749837,1,1
761973,1,1
724887,1,1
756209,1,1
861494,1,1
865093,1,1
966454,1,1
966562,1,1
992706,1,1
199834,1,1
748672,1,1
750219,1,1
750255,1,1
861159,1,1
861526,1,1
880387,1,1
886624,1,1
890854,1,1
895989,1,1
898721,1,1
966675,1,1
966770,1,1
991236,1,1
992784,1,1
863829,1,1
886622,1,1
966157,1,1
308244,1,1
309279,1,1
310469,1,1
311177,1,1
311539,1,1
311945,1,1
311946,1,1
1086986,1,1
311950,1,1
198581,1,1
2003664,1,1
2045502,1,1
206331,1,1
206345,1,1
315156,1,1
379186,1,1
803293,1,1
826865,1,1
308704,1,1
198470,1,1
205730,1,1
994487,1,1
375983,1,1
833219,1,1
636724,1,1
705610,1,1
672356,1,1
749198,1,1
725021,1,1
749861,1,1
731380,1,1
795735,1,1
795819,1,1
755472,1,1
901543,1,1
309065,1,1
2052925,1,1
749859,1,1
748302,1,1
861424,1,1
901812,1,1
905024,1,1
966524,1,1
308147,1,1
309579,1,1
310471,1,1
310861,1,1
311949,1,1
312617,1,1
1089069,1,1
309888,1,1
2003590,1,1
200801,1,1
2056934,1,1
205897,1,1
199310,1,1
206298,1,1
996036,1,1
317153,1,1
807396,1,1
727619,1,1
876519,1,1
897676,1,1
966163,1,1
309028,1,1
309041,1,1
309062,1,1
897732,1,1
966193,1,1
309561,1,1
311159,1,1
311965,1,1
312391,1,1
198275,1,1
198420,1,1
198735,1,1
207140,1,1
994530,1,1
996921,1,1
997964,1,1
999494,1,1
312861,1,1
352210,1,1
359541,1,1
801177,1,1
807276,1,1
824303,1,1
828541,1,1
832891,1,1
834344,1,1
999996,1,1
313152,1,1
351133,1,1
847060,1,1
854247,1,1
854995,1,1
855911,1,1
856618,1,1
856996,1,1
857082,1,1
857294,1,1
857383,1,1
857594,1,1
207706,1,1
207895,1,1
208602,1,1
208677,1,1
209249,1,1
210036,1,1
210861,1,1
211114,1,1
2119545,1,1
2121065,1,1
212354,1,1
213194,1,1
213706,1,1
2173657,1,1
2175997,1,1
2176457,1,1
2177912,1,1
2182349,1,1
1091182,1,1
1095636,1,1
2168525,1,1
2173678,1,1
1101606,1,1
1111752,1,1
1114003,1,1
1114356,1,1
1114695,1,1
1190910,1,1
1192655,1,1
1232621,1,1
402097,1,1
413246,1,1
485414,1,1
540358,1,1
541963,1,1
562507,1,1
562828,1,1
577055,1,1
578806,1,1
597987,1,1
602800,1,1
616449,1,1
616507,1,1
562359,1,1
860107,1,1
1000093,1,1
1006712,1,1
1012152,1,1
1012628,1,1
1014137,1,1
1014583,1,1
103577,1,1
1037238,1,1
1042982,1,1
1043013,1,1
1043499,1,1
1047001,1,1
1049123,1,1
1050080,1,1
1086257,1,1
2175793,1,1
240571,1,1
241887,1,1
243808,1,1
252730,1,1
307779,1,1
1659137,1,1
208382,1,1
1113406,1,1
403806,1,1
1005767,1,1
1012066,1,1
1037186,1,1
1048124,1,1
1049402,1,1
1052358,1,1
1052641,1,1
1086463,1,1
240803,1,1
241907,1,1
248397,1,1
261110,1,1
284478,1,1
1659947,1,1
1000862,1,1
1661176,1,1
1673797,1,1
859936,1,1
1000158,1,1
404203,1,1
541603,1,1
1012650,1,1
1657980,1,1
808596,1,1
834393,1,1
835962,1,1
992735,1,1
308753,1,1
309300,1,1
309313,1,1
311288,1,1
312645,1,1
1087184,1,1
198239,1,1
2049278,1,1
205923,1,1
206537,1,1
207839,1,1
2003757,1,1
205671,1,1
996740,1,1
999416,1,1
313713,1,1
347132,1,1
352344,1,1
404422,1,1
374862,1,1
801442,1,1
834114,1,1
836409,1,1
206205,1,1
313625,1,1
315144,1,1
808354,1,1
848343,1,1
851212,1,1
853201,1,1
855928,1,1
856766,1,1
857105,1,1
857221,1,1
857348,1,1
208191,1,1
209015,1,1
208958,1,1
209607,1,1
209710,1,1
2105413,1,1
211765,1,1
212448,1,1
212645,1,1
212812,1,1
213073,1,1
213539,1,1
238084,1,1
238129,1,1
351174,1,1
349010,1,1
2184167,1,1
312440,1,1
1090532,1,1
1090078,1,1
198529,1,1
201117,1,1
202109,1,1
2056681,1,1
206035,1,1
206786,1,1
207834,1,1
996066,1,1
996277,1,1
349485,1,1
349541,1,1
351894,1,1
360347,1,1
801701,1,1
824166,1,1
826868,1,1
828322,1,1
828594,1,1
830736,1,1
830863,1,1
831137,1,1
835837,1,1
313990,1,1
347965,1,1
375959,1,1
834048,1,1
849508,1,1
854896,1,1
855875,1,1
857183,1,1
858044,1,1
858111,1,1
208129,1,1
208842,1,1
208497,1,1
2102470,1,1
210324,1,1
213284,1,1
213355,1,1
2173943,1,1
1091197,1,1
1093291,1,1
1111750,1,1
1113442,1,1
1146211,1,1
1146867,1,1
1148478,1,1
1149378,1,1
1149355,1,1
1154465,1,0
1190587,1,1
1150129,1,1
1091324,1,1
1098704,1,1
1099800,1,1
1100453,1,1
1101446,1,1
1112233,1,1
1115584,1,1
1116289,1,1
1146876,1,1
1147685,1,1
1148247,1,1
1235022,1,1
431806,1,1
483444,1,1
486960,1,1
541752,1,1
542399,1,1
543732,1,1
543789,1,1
545289,1,1
577027,1,1
602633,1,1
603011,1,1
860560,1,1
860671,1,1
1000556,1,1
1011849,1,1
1039012,1,1
104084,1,1
1043748,1,1
1045432,1,1
1046310,1,1
1048302,1,1
1049260,1,1
1049686,1,1
1052616,1,1
238996,1,1
244492,1,1
283217,1,1
1657777,1,1
1665370,1,1
1673242,1,1
1718909,1,1
1721014,1,1
1726119,1,1
1729521,1,1
1733892,1,1
1733871,1,1
1738596,1,1
476152,1,1
1000731,1,1
1005831,1,1
1010728,1,1
1013040,1,1
1046601,1,1
1049502,1,1
411090,1,1
420071,1,1
433849,1,1
483090,1,1
484658,1,1
486152,1,1
542169,1,1
543546,1,1
577769,1,1
859099,1,1
859315,1,1
860582,1,1
1001409,1,1
1006060,1,1
104308,1,1
1046980,1,1
1048069,1,1
1053138,1,1
238134,1,1
241109,1,1
241922,1,1
244374,1,1
252294,1,1
252619,1,1
259216,1,1
282485,1,1
1657151,1,1
1657868,1,1
1661483,1,1
1718760,1,1
1734033,1,1
2168772,1,1
1000941,1,1
1042624,1,1
105686,1,1
284588,1,1
1654008,1,1
1659134,1,1
1731591,1,1
858800,1,1
244449,1,1
1737762,1,1
1741899,1,1
1744007,1,1
1789689,1,1
1791597,1,1
1797902,1,1
1798276,1,1
309986,1,1
312225,1,1
198429,1,1
1989515,1,1
198997,1,1
199078,1,1
201355,1,1
205322,1,1
994051,1,1
313040,1,1
313200,1,1
801373,1,1
828320,1,1
830605,1,1
1997017,1,1
2058499,1,1
351156,1,1
848164,1,1
847241,1,1
852877,1,1
854903,1,1
1099079,1,1
1099735,1,1
1101345,1,1
1148646,1,1
1149361,1,1
1149617,1,1
1234990,1,1
1235208,1,1
1234957,1,1
210240,1,1
210777,1,1
211616,1,1
212075,1,1
213219,1,1
213839,1,1
213840,1,1
413261,1,1
544962,1,1
577962,1,1
580286,1,1
583122,1,1
584596,1,1
598014,1,1
604579,1,1
857706,1,1
859340,1,1
860145,1,1
1010736,1,1
1020047,1,1
1020132,1,1
1043244,1,1
1043704,1,1
1044335,1,1
105914,1,1
239999,1,1
240675,1,1
250387,1,1
251016,1,1
1673024,1,1
1148491,1,1
1235867,1,1
484668,1,1
539676,1,1
1006105,1,1
1012396,1,1
1013629,1,1
1043025,1,1
259549,1,1
1654038,1,1
1656333,1,1
605697,1,1
1723220,1,1
1731518,1,1
285004,1,1
1788949,1,1
247402,1,1
253017,1,1
261021,1,1
262063,1,1
284407,1,1
1670023,1,1
1731729,1,1
581698,1,1
284175,1,1
1741304,1,1
1741762,1,1
1743870,1,1
1792144,1,1
1796096,1,1
1797835,1,1
1809499,1,1
1809531,1,1
1866559,1,1
1872065,1,1
1872972,1,1
1876413,1,1
1921240,1,1
1927027,1,1
1945074,1,1
1236131,1,1
1242883,1,1
1244697,1,1
1245471,1,1
1245406,1,1
1247754,1,1
1248125,1,1
1250461,1,1
1251321,1,1
1251774,1,1
1291101,1,1
1291367,1,1
1291372,1,1
1294025,1,1
1294237,1,1
1299066,1,1
1299219,1,1
1299700,1,1
1299909,1,1
1300277,1,1
1301627,1,1
1304564,1,1
1312438,1,1
1314792,1,1
1356071,1,1
1359354,1,1
1362211,1,1
1363423,1,1
1363780,1,1
1366825,1,1
1369927,1,1
1370113,1,1
1370119,1,1
1421888,1,1
1422886,1,1
1423422,1,1
1423410,1,1
1425866,1,1
1432276,1,1
1435578,1,1
1435989,1,1
197628,1,1
1440875,1,1
1482584,1,1
1483328,1,1
1488693,1,1
1491881,1,1
152970,1,1
1534811,1,1
1535968,1,1
1537947,1,1
1541213,1,1
1542452,1,1
1542999,1,1
1544404,1,1
1545144,1,1
1549388,1,1
1300191,1,1
1488074,1,1
1544471,1,1
1718594,1,1
1731530,1,1
1734865,1,1
1737579,1,1
1741295,1,1
1790886,1,1
1791595,1,1
1794552,1,1
1812482,1,1
1860240,1,1
1860500,1,1
1870232,1,1
1923427,1,1
1946954,1,1
197322,1,1
1242391,1,1
1243033,1,1
1244529,1,1
1247879,1,1
1248024,1,1
1248152,1,1
1251296,1,1
1291090,1,1
1292321,1,1
1294372,1,1
1299145,1,1
1301246,1,1
1302279,1,1
1302636,1,1
1302661,1,1
1299240,1,1
1307061,1,1
1310130,1,1
1357392,1,1
1357566,1,1
1360175,1,1
1366783,1,1
1366875,1,1
1367439,1,1
1370210,1,1
1423494,1,1
197805,1,1
198096,1,1
1535708,1,1
1537320,1,1
1540539,1,1
1544973,1,1
1546054,1,1
1551559,1,1
1812470,1,1
1858567,1,1
1922472,1,1
1944543,1,1
197374,1,1
1237059,1,1
1243833,1,1
1246321,1,1
1246313,1,1
1250911,1,1
1251323,1,1
1293468,1,1
1297935,1,1
1297974,1,1
1298287,1,1
1298857,1,1
1299856,1,1
1302666,1,1
1303110,1,1
1310494,1,1
1360120,1,1
1360266,1,1
1360516,1,1
1362063,1,1
1362053,1,1
1363226,1,1
1372463,1,1
1375374,1,1
1376336,1,1
1421163,1,1
1431987,1,1
1437352,1,1
1437774,1,1
1441184,1,1
1441837,1,1
1483629,1,1
1487498,1,1
1492748,1,1
1494169,1,1
1540984,1,1
1593765,1,1
1605191,1,1
1650972,1,1
1653206,1,1
1928954,1,1
1365660,1,1
198042,1,1
1543207,1,1
1549328,1,1
1809649,1,1
1859502,1,1
197478,1,1
1236013,1,1
1243227,1,1
1245291,1,1
1245545,1,1
1247381,1,1
1248193,1,1
1251501,1,1
1297359,1,1
1309341,1,1
1359263,1,1
1365850,1,1
1373343,1,1
141990,1,1
1423489,1,1
197795,1,1
198112,1,1
1433885,1,1
1495064,1,1
1547464,1,1
1551302,1,1
1595624,1,1
1606866,1,1
1600774,1,1
1648115,1,1
1651279,1,1
1247907,1,1
1601553,1,1
1552450,1,1
1598277,1,1
1653225,1,1
1367206,1,1
1487154,1,1
1605197,1,1
1596785,1,1
1648162,1,1
197557,1,1
630796,1,1
630923,1,1
643022,1,1
686894,1,1
748662,1,1
708129,1,1
792242,1,1
798455,1,1
799832,1,1
763548,1,1
892815,1,1
901792,1,1
968817,1,1
904617,1,1
756143,1,1
749761,1,1
763418,1,1
795358,1,1
861582,1,1
876523,1,1
891706,1,1
896222,1,1
308237,1,1
309473,1,1
309866,1,1
309958,1,1
310645,1,1
310666,1,1
311156,1,1
311702,1,1
312590,1,1
1088432,1,1
312185,1,1
198479,1,1
1991174,1,1
2049725,1,1
205331,1,1
205481,1,1
205810,1,1
999971,1,1
313215,1,1
351270,1,1
308908,1,1
728213,1,1
754508,1,1
791878,1,1
864089,1,1
93252,1,1
966538,1,1
902312,1,1
308827,1,1
309450,1,1
1087047,1,1
1088950,1,1
1089103,1,1
312234,1,1
1990751,1,1
2001756,1,1
201410,1,1
999642,1,1
403888,1,1
801554,1,1
802780,1,1
877318,1,1
2000543,1,1
311320,1,1
1087414,1,1
1089355,1,1
310760,1,1
1988809,1,1
801584,1,1
755383,1,1
668367,1,1
686892,1,1
700418,1,1
700885,1,1
756346,1,1
656640,1,1
702285,1,1
722126,1,1
731381,1,1
753442,1,1
755974,1,1
751139,1,1
865078,1,1
904481,1,1
352326,1,1
748804,1,1
755478,1,1
798102,1,1
753095,1,1
884520,1,1
891719,1,1
93319,1,1
991204,1,1
898706,1,1
899495,1,1
308404,1,1
308417,1,1
309061,1,1
309113,1,1
309882,1,1
310428,1,1
310582,1,1
311093,1,1
311176,1,1
311628,1,1
312763,1,1
312331,1,1
1996972,1,1
1999033,1,1
201517,1,1
2046585,1,1
207374,1,1
2056929,1,1
207271,1,1
995489,1,1
313451,1,1
313820,1,1
351439,1,1
744842,1,1
992490,1,1
308805,1,1
310817,1,1
1990455,1,1
199322,1,1
313415,1,1
313505,1,1
348302,1,1
403924,1,1
310102,1,1
403808,1,1
617318,1,1
642452,1,1
618786,1,1
672918,1,1
731567,1,1
701150,1,1
668956,1,1
756269,1,1
756261,1,1
861736,1,1
885770,1,1
894918,1,1
896110,1,1
312014,1,1
731383,1,1
860978,1,1
861578,1,1
862010,1,1
904460,1,1
966152,1,1
966472,1,1
978010,1,1
993464,1,1
308967,1,1
310149,1,1
311342,1,1
311668,1,1
312637,1,1
312644,1,1
1086838,1,1
201185,1,1
204793,1,1
205729,1,1
205960,1,1
206795,1,1
206852,1,1
995956,1,1
998458,1,1
998706,1,1
999685,1,1
313798,1,1
313899,1,1
351963,1,1
352274,1,1
373112,1,1
318242,1,1
835559,1,1
701591,1,1
729945,1,1
748998,1,1
979464,1,1
2049736,1,1
1986791,1,1
204797,1,1
313349,1,1
668398,1,1
750267,1,1
749196,1,1
753485,1,1
861113,1,1
731007,1,1
672910,1,1
701587,1,1
729232,1,1
687066,1,1
749856,1,1
864706,1,1
865423,1,1
894997,1,1
905158,1,1
966224,1,1
977994,1,1
310671,1,1
998677,1,1
728207,1,1
750191,1,1
727979,1,1
862027,1,1
885235,1,1
895019,1,1
897722,1,1
905507,1,1
966174,1,1
309121,1,1
309678,1,1
311645,1,1
199129,1,1
199264,1,1
200966,1,1
201388,1,1
2049247,1,1
205674,1,1
996263,1,1
996466,1,1
999608,1,1
313649,1,1
317127,1,1
351298,1,1
999991,1,1
803354,1,1
823986,1,1
830761,1,1
861500,1,1
884221,1,1
308968,1,1
753562,1,1
966452,1,1
994093,1,1
308878,1,1
309598,1,1
310181,1,1
310364,1,1
310384,1,1
310584,1,1
312135,1,1
312222,1,1
312747,1,1
198580,1,1
1986386,1,1
198807,1,1
198897,1,1
1994397,1,1
1994750,1,1
199524,1,1
1996997,1,1
200193,1,1
204768,1,1
206536,1,1
995036,1,1
996211,1,1
999504,1,1
314043,1,1
315110,1,1
347123,1,1
351225,1,1
351260,1,1
329298,1,1
800808,1,1
803350,1,1
805008,1,1
825005,1,1
833712,1,1
835591,1,1
309092,1,1
806677,1,1
844590,1,1
849316,1,1
849517,1,1
849580,1,1
854187,1,1
856591,1,1
856894,1,1
207425,1,1
208131,1,1
208335,1,1
208821,1,1
209384,1,1
209500,1,1
209918,1,1
2107315,1,1
2110600,1,1
2120914,1,1
212111,1,1
2167782,1,1
2168097,1,1
2173831,1,1
2176267,1,1
210027,1,1
212994,1,1
1091343,1,1
1092424,1,1
1092600,1,1
1093170,1,1
1101383,1,1
2058482,1,1
827179,1,1
855474,1,1
2173730,1,1
1095608,1,1
2166094,1,1
1113419,1,1
1146217,1,1
1190600,1,1
1190761,1,1
1233662,1,1
1148185,1,1
1192983,1,1
1193116,1,1
1234516,1,1
404064,1,1
422997,1,1
484491,1,1
484873,1,1
484887,1,1
541058,1,1
562675,1,1
604449,1,1
605730,1,1
858971,1,1
860007,1,1
860159,1,1
860452,1,1
1000024,1,1
1000120,1,1
1000897,1,1
1006540,1,1
1010723,1,1
1012019,1,1
1012549,1,1
1014366,1,1
1038561,1,1
1038764,1,1
1039078,1,1
1044944,1,1
1047484,1,1
1047891,1,1
1049604,1,1
1049919,1,1
1050419,1,1
1052467,1,1
105930,1,1
239208,1,1
247906,1,1
248108,1,1
252870,1,1
253084,1,1
307830,1,1
1654957,1,1
1658150,1,1
1659195,1,1
1659598,1,1
855174,1,1
857352,1,1
2168029,1,1
1099700,1,1
1233319,1,1
562379,1,1
602424,1,1
606794,1,1
1006118,1,1
1009430,1,1
1012087,1,1
237726,1,1
238636,1,1
1656815,1,1
859835,1,1
1000499,1,1
1052760,1,1
1655912,1,1
580183,1,1
860551,1,1
1006109,1,1
262191,1,1
352030,1,1
809388,1,1
823998,1,1
831509,1,1
861015,1,1
861420,1,1
993462,1,1
1088599,1,1
198509,1,1
2000134,1,1
201831,1,1
202433,1,0
2048004,1,1
205828,1,1
207371,1,1
995226,1,1
995983,1,1
313068,1,1
313476,1,1
313567,1,1
313812,1,1
313817,1,1
318270,1,1
349472,1,1
351257,1,1
403854,1,1
809262,1,1
830880,1,1
834092,1,1
308689,1,1
1997015,1,1
855633,1,1
857434,1,1
857556,1,1
809994,1,1
208824,1,1
209085,1,1
209277,1,1
2099533,1,1
2122803,1,1
212388,1,1
213382,1,1
237248,1,1
825157,1,1
352086,1,1
309178,1,1
310139,1,1
311608,1,1
1991311,1,1
199171,1,1
199180,1,1
204651,1,1
2058893,1,1
206160,1,1
206096,1,1
313231,1,1
314154,1,1
404059,1,1
801769,1,1
809224,1,1
832084,1,1
206903,1,1
999651,1,1
835892,1,1
845659,1,1
855324,1,1
856443,1,1
856829,1,1
856886,1,1
857113,1,1
857768,1,1
858751,1,1
834085,1,1
208237,1,1
208848,1,1
209026,1,1
209374,1,1
209601,1,1
2102456,1,1
2108833,1,1
2120550,1,1
212113,1,1
212647,1,1
213162,1,1
1090703,1,1
1090874,1,1
1091135,1,1
1093331,1,1
1099585,1,1
1113516,1,1
1116309,1,1
11416,1,0
1144761,1,1
1091399,1,1
1188571,1,1
1090790,1,1
1091378,1,1
1094354,1,1
1099579,1,1
1099694,1,1
1114389,1,1
1234861,1,1
1232707,1,1
413251,1,1
422996,1,1
485246,1,1
544965,1,1
596932,1,1
604394,1,1
616454,1,1
858780,1,1
858947,1,1
860040,1,1
1001755,1,1
102303,1,1
1041834,1,1
1046857,1,1
1048141,1,1
1048519,1,1
1049250,1,1
1049637,1,1
1052469,1,1
1053099,1,1
1053207,1,1
1086794,1,1
242831,1,1
243377,1,1
248657,1,1
249357,1,1
282663,1,1
282767,1,1
283504,1,1
283879,1,1
285016,1,1
1655493,1,1
1656660,1,1
1657703,1,1
1659281,1,1
1726278,1,1
1724809,1,1
1734482,1,1
1737554,1,1
2178058,1,1
2180995,1,1
1090946,1,1
1190943,1,1
484678,1,1
545357,1,1
858743,1,1
860246,1,1
1005852,1,1
1005905,1,1
1039465,1,1
1043729,1,1
1046423,1,1
1659283,1,1
1193294,1,1
404175,1,1
485465,1,1
858895,1,1
1000921,1,1
1012400,1,1
1041512,1,1
104208,1,1
104155,1,1
1046787,1,1
1049535,1,1
240741,1,1
242334,1,1
243620,1,1
245598,1,1
261282,1,1
285122,1,1
1716079,1,1
1719646,1,1
1721475,1,1
1731737,1,1
1094126,1,1
545103,1,1
545206,1,1
577196,1,1
1014005,1,1
1052445,1,1
244333,1,1
249709,1,1
284587,1,1
1666317,1,1
1673243,1,1
1719286,1,1
239983,1,1
1744001,1,1
1791842,1,1
1794904,1,1
1795150,1,1
1797115,1,1
1797892,1,1
1797857,1,1
1799416,1,1
1801299,1,1
1804176,1,1
2048988,1,1
2049891,1,1
206821,1,1
206969,1,1
995266,1,1
805859,1,1
825138,1,1
351398,1,1
833535,1,1
845652,1,1
847913,1,1
855677,1,1
856578,1,1
1091212,1,1
1101869,1,1
1150450,1,1
207641,1,1
208326,1,1
211305,1,1
2118741,1,1
213380,1,1
213902,1,1
214112,1,1
226719,1,1
404444,1,1
418475,1,1
541411,1,1
541707,1,1
577127,1,1
603536,1,1
857399,1,1
857533,1,1
857973,1,1
860099,1,1
1012785,1,1
1039702,1,1
1047511,1,1
1050415,1,1
1053262,1,1
105611,1,1
1085918,1,1
238240,1,1
283377,1,1
1721964,1,1
208320,1,1
584507,1,1
103951,1,1
1052475,1,1
1053097,1,1
244450,1,1
250535,1,1
1734086,1,1
1736044,1,1
1736780,1,1
1736857,1,1
1731542,1,1
1739221,1,1
1739846,1,1
1790171,1,1
1791496,1,1
1791593,1,1
1667272,1,1
1734478,1,1
1729356,1,1
1745889,1,1
1796665,1,1
1806707,1,1
1808224,1,1
1809100,1,1
1858836,1,1
1859490,1,1
1860085,1,1
1868029,1,1
1874747,1,1
1876751,1,1
1876810,1,1
1236134,1,1
1237070,1,1
1242747,1,1
1243587,1,1
1243772,1,1
1243889,1,1
1245169,1,1
1246113,1,1
1246886,1,1
1247909,1,1
1248039,1,1
1248142,1,1
1248354,1,1
1250494,1,1
1250563,1,1
1291380,1,1
1292998,1,1
1293499,1,1
1297555,1,1
1302856,1,1
1305205,1,1
1308440,1,1
1314400,1,1
1358455,1,1
1358505,1,1
1358753,1,1
1358869,1,1
1366508,1,1
1429993,1,1
1430160,1,1
197516,1,1
197856,1,1
198044,1,1
198189,1,1
1439778,1,1
1483665,1,1
1487925,1,1
1490000,1,1
1494656,1,1
1494766,1,1
1495165,1,1
1536549,1,1
1542396,1,1
1546195,1,1
1728801,1,1
1729065,1,1
1732182,1,1
1730190,1,1
1738495,1,1
1741313,1,1
1742403,1,1
1794184,1,1
1801840,1,1
1806724,1,1
1807627,1,1
1812170,1,1
1858387,1,1
1862735,1,1
1867620,1,1
1873628,1,1
1790644,1,1
1243583,1,1
1245464,1,1
1246070,1,1
1246247,1,1
1248048,1,1
1248442,1,1
1297357,1,1
1298816,1,1
1299895,1,1
1300061,1,1
1304074,1,1
1312974,1,1
1313985,1,1
1357402,1,1
1357401,1,1
1358634,1,1
1358708,1,1
1359516,1,1
1360718,1,1
1361853,1,1
1362082,1,1
1362618,1,1
141878,1,1
142001,1,1
1422896,1,1
1426251,1,1
197635,1,1
197964,1,1
197980,1,1
198054,1,1
198175,1,1
1439842,1,1
1486534,1,1
1494601,1,1
1495474,1,1
1536815,1,1
1537207,1,1
1539900,1,1
1550536,1,1
1551417,1,1
1357936,1,1
1369848,1,1
1812273,1,1
1872986,1,1
197451,1,1
197741,1,1
1241492,1,1
1298070,1,1
1298742,1,1
1298861,1,1
1304110,1,1
1304566,1,1
1310535,1,1
1313914,1,1
1313927,1,1
1358647,1,1
1358837,1,1
1361563,1,1
1368311,1,1
1370099,1,1
1372896,1,1
1422098,1,1
1425912,1,1
1437278,1,1
197925,1,1
1437966,1,1
1438778,1,1
1486691,1,1
1541083,1,1
1544475,1,1
1545306,1,1
1547998,1,1
1549484,1,1
1595473,1,1
1596782,1,1
1601982,1,1
1606021,1,1
1606988,1,1
1648189,1,1
1649605,1,1
1372873,1,1
1806183,1,1
1808189,1,1
1809538,1,1
1860496,1,1
1921245,1,1
1926450,1,1
1928007,1,1
197382,1,1
197435,1,1
1247873,1,1
1248241,1,1
1248590,1,1
1250904,1,1
1251363,1,1
1297304,1,1
1299064,1,1
1301128,1,1
1301884,1,1
1303134,1,1
1303916,1,1
1360281,1,1
1368444,1,1
1371299,1,1
1373498,1,1
197854,1,1
1436369,1,1
1483679,1,1
1540890,1,1
1541224,1,1
1600925,1,1
1601097,1,1
1648132,1,1
1652646,1,1
1308476,1,1
1358612,1,1
197870,1,1
1605362,1,1
1594587,1,1
1597132,1,1
1297843,1,1
1314649,1,1
1363288,1,1
1442272,1,1
1543955,1,1
1605852,1,1
1648160,1,1
1592654,1,1
1605107,1,1
1650606,1,1
1652639,1,1
1243010,1,1
637549,1,1
647124,1,1
643070,1,1
686383,1,1
662567,1,1
701198,1,1
706898,1,1
687025,1,1
731531,1,1
723770,1,1
639543,1,1
707347,1,1
791846,1,1
797694,1,1
794022,1,1
861792,1,1
864679,1,1
892316,1,1
899301,1,1
966815,1,1
309207,1,1
790280,1,1
860932,1,1
861534,1,1
861588,1,1
896856,1,1
898355,1,1
903283,1,1
966607,1,1
992730,1,1
994010,1,1
309786,1,1
312057,1,1
1088443,1,1
1088936,1,1
108911,1,1
198460,1,1
1998475,1,1
206370,1,1
206951,1,1
2049405,1,1
997230,1,1
346765,1,1
861438,1,1
966155,1,1
308222,1,1
755279,1,1
892292,1,1
991088,1,1
763106,1,1
884759,1,1
892327,1,1
895901,1,1
905221,1,1
966529,1,1
967014,1,1
308925,1,1
310201,1,1
201903,1,1
206805,1,1
996640,1,1
351848,1,1
351992,1,1
801574,1,1
894984,1,1
992152,1,1
308501,1,1
308172,1,1
308976,1,1
311534,1,1
108758,1,1
966178,1,1
890862,1,1
352305,1,1
636760,1,1
730782,1,1
692909,1,1
763028,1,1
751901,1,1
867451,1,1
877490,1,1
892269,1,1
898376,1,1
308226,1,1
692876,1,1
753415,1,1
722134,1,1
864131,1,1
865141,1,1
866439,1,1
892673,1,1
894912,1,1
966241,1,1
978023,1,1
991153,1,1
991196,1,1
992155,1,1
993253,1,1
308391,1,1
309001,1,1
310536,1,1
311553,1,1
311898,1,1
312069,1,1
312441,1,1
198256,1,1
198379,1,1
198501,1,1
1991317,1,1
199603,1,1
199689,1,1
201919,1,1
204420,1,1
2048982,1,1
996571,1,1
998469,1,1
313334,1,1
313889,1,1
315238,1,1
342959,1,1
404094,1,1
866430,1,1
861427,1,1
991086,1,1
905281,1,1
993776,1,1
309985,1,1
2058981,1,1
206289,1,1
314908,1,1
351859,1,1
359817,1,1
312603,1,1
636664,1,1
637550,1,1
668363,1,1
669081,1,1
647555,1,1
668364,1,1
723827,1,1
672558,1,1
687099,1,1
706458,1,1
707348,1,1
750167,1,1
755988,1,1
792381,1,1
759481,1,1
864714,1,1
882530,1,1
901328,1,1
2048714,1,1
348600,1,1
755470,1,1
794969,1,1
861232,1,1
862015,1,1
884526,1,1
894772,1,1
898342,1,1
966251,1,1
967525,1,1
978060,1,1
978671,1,1
993507,1,1
966287,1,1
966462,1,1
309606,1,1
309868,1,1
311166,1,1
311175,1,1
311891,1,1
1089782,1,1
199047,1,1
2000133,1,1
200869,1,1
207342,1,1
998681,1,1
313298,1,1
314018,1,1
833147,1,1
749162,1,1
727631,1,1
749760,1,1
898420,1,1
899866,1,1
198632,1,1
199156,1,1
1999314,1,1
206212,1,1
623695,1,1
636522,1,1
630936,1,1
645036,1,1
727816,1,1
727821,1,1
750172,1,1
794641,1,1
797534,1,1
688892,1,1
728491,1,1
730044,1,1
794639,1,1
861473,1,1
978760,1,1
896851,1,1
991041,1,1
993271,1,1
308847,1,1
308893,1,1
311041,1,1
204445,1,1
763250,1,1
866058,1,1
866903,1,1
892297,1,1
904669,1,1
978320,1,1
993545,1,1
308663,1,1
309700,1,1
310197,1,1
310415,1,1
312079,1,1
312143,1,1
312283,1,1
1086867,1,1
1089087,1,1
1089923,1,1
201868,1,1
206854,1,1
207356,1,1
206626,1,1
313213,1,1
313453,1,1
352214,1,1
391865,1,1
313636,1,1
803239,1,1
827075,1,1
763589,1,1
861522,1,1
637123,1,1
728111,1,1
886636,1,1
898690,1,1
897714,1,1
313201,1,1
966218,1,1
966225,1,1
978005,1,1
903873,1,1
991424,1,1
309987,1,1
1086970,1,1
1090461,1,1
198496,1,1
199211,1,1
1999408,1,1
2049414,1,1
204902,1,1
200890,1,1
996673,1,1
997420,1,1
997953,1,1
999482,1,1
999748,1,1
312877,1,1
313414,1,1
313784,1,1
314256,1,1
347963,1,1
349222,1,1
359822,1,1
802762,1,1
828749,1,1
205943,1,1
347862,1,1
828252,1,1
835958,1,1
836270,1,1
848734,1,1
853517,1,1
854140,1,1
854870,1,1
854997,1,1
857387,1,1
857677,1,1
848740,1,1
857436,1,1
208054,1,1
208458,1,1
209061,1,1
209133,1,1
209659,1,1
210307,1,1
210852,1,1
211350,1,1
2119083,1,1
2121410,1,1
212589,1,1
213292,1,1
213342,1,1
213483,1,1
213547,1,1
2167163,1,1
2169129,1,1
2173950,1,1
2181315,1,1
2182353,1,1
1093102,1,1
1093178,1,1
1094007,1,1
1095618,1,1
1098497,1,1
1098601,1,1
1101885,1,1
846959,1,1
211731,1,1
1091629,1,1
1095485,1,1
1101926,1,1
1112687,1,1
1116639,1,1
1117531,1,1
1120066,1,1
1144131,1,1
1145012,1,1
1148398,1,1
4018,1,0
410929,1,1
416783,1,1
477130,1,1
477174,1,1
545236,1,1
562600,1,1
597770,1,1
604938,1,1
607076,1,1
608143,1,1
858097,1,1
858824,1,1
858892,1,1
859146,1,1
1005710,1,1
1011736,1,1
1012188,1,1
1012622,1,1
1013028,1,1
1020066,1,1
1037344,1,1
1042675,1,1
1044190,1,1
1046276,1,1
1046382,1,1
1048047,1,1
1048340,1,1
1048388,1,1
1049272,1,1
1049670,1,1
105029,1,1
1050353,1,1
1052949,1,1
107050,1,1
1086235,1,1
237870,1,1
259151,1,1
282755,1,1
283317,1,1
283403,1,1
284529,1,1
307702,1,1
308110,1,1
1112260,1,1
1116927,1,1
1117245,1,1
404640,1,1
562632,1,1
562785,1,1
578037,1,1
859983,1,1
1000563,1,1
1005861,1,1
1006637,1,1
1014431,1,1
1043690,1,1
1044248,1,1
1045348,1,1
1046879,1,1
105603,1,1
238153,1,1
242979,1,1
243615,1,1
247394,1,1
283535,1,1
1659445,1,1
1666829,1,1
282781,1,1
1012477,1,1
1049655,1,1
1110712,1,1
1191359,1,1
1658254,1,1
1673869,1,1
809602,1,1
864769,1,1
991200,1,1
308170,1,1
309959,1,1
311452,1,1
311726,1,1
312616,1,1
1088251,1,1
2047760,1,1
314133,1,1
346887,1,1
349490,1,1
352320,1,1
392069,1,1
804614,1,1
808611,1,1
830900,1,1
831347,1,1
836307,1,1
844831,1,1
308400,1,1
360577,1,1
801153,1,1
808751,1,1
849503,1,1
854253,1,1
854818,1,1
856471,1,1
856652,1,1
857562,1,1
828373,1,1
209531,1,1
209686,1,1
209873,1,1
211275,1,1
211294,1,1
211313,1,1
211365,1,1
2119242,1,1
2122657,1,1
212574,1,1
213442,1,1
2173674,1,1
2174533,1,1
2176462,1,1
2184127,1,1
237656,1,1
209990,1,1
310651,1,1
312132,1,1
312448,1,1
311464,1,1
200220,1,1
203105,1,1
205618,1,1
198888,1,1
996617,1,1
996675,1,1
998544,1,1
314121,1,1
314236,1,1
348324,1,1
359572,1,1
809481,1,1
833144,1,1
359818,1,1
858055,1,1
207007,1,1
2100029,1,1
210455,1,1
210521,1,1
2121441,1,1
212361,1,1
212542,1,1
2168774,1,1
2180671,1,1
1098699,1,1
1098703,1,1
1111345,1,1
1111444,1,1
1112882,1,1
1148502,1,1
802893,1,1
1111095,1,1
1091152,1,1
1091725,1,1
1094141,1,1
1094438,1,1
1101883,1,1
1112713,1,1
1113501,1,1
1115456,1,1
1149373,1,1
1190793,1,1
1191138,1,1
1234473,1,1
1234571,1,1
477336,1,1
485819,1,1
539811,1,1
542086,1,1
562344,1,1
579948,1,1
603139,1,1
602697,1,1
608793,1,1
858103,1,1
1000496,1,1
1010051,1,1
1012006,1,1
1012423,1,1
1012781,1,1
1037236,1,1
1038855,1,1
1041530,1,1
1042645,1,1
1044949,1,1
104699,1,1
1049267,1,1
1053278,1,1
1053663,1,1
308049,1,1
1657698,1,1
1662286,1,1
1666621,1,1
1666879,1,1
1673949,1,1
1720272,1,1
1733864,1,1
1736654,1,1
213751,1,1
1098625,1,1
1191060,1,1
544160,1,1
1001004,1,1
1014256,1,1
102785,1,1
1048290,1,1
108286,1,1
1086326,1,1
242462,1,1
1043142,1,1
1048276,1,1
242680,1,1
434018,1,1
483450,1,1
485032,1,1
542865,1,1
581829,1,1
603541,1,1
608139,1,1
1005713,1,1
1006052,1,1
1010047,1,1
1037248,1,1
1041518,1,1
1044444,1,1
1049406,1,1
237778,1,1
237780,1,1
237836,1,1
245691,1,1
251267,1,1
259931,1,1
1658337,1,1
1672919,1,1
404475,1,1
104884,1,1
1049295,1,1
1085746,1,1
1085734,1,1
1665095,1,1
1721472,1,1
1732011,1,1
1744009,1,1
1747717,1,1
1049163,1,1
311429,1,1
312392,1,1
1088779,1,1
1991503,1,1
1991486,1,1
2001102,1,1
201737,1,1
312884,1,1
313309,1,1
313489,1,1
313499,1,1
314164,1,1
807732,1,1
825180,1,1
828557,1,1
830867,1,1
206624,1,1
996574,1,1
835835,1,1
848219,1,1
855940,1,1
1099683,1,1
1188405,1,1
207482,1,1
208012,1,1
211975,1,1
2179763,1,1
1146001,1,1
212331,1,1
578459,1,1
603122,1,1
604515,1,1
858589,1,1
859843,1,1
105583,1,1
105929,1,1
1086251,1,1
261285,1,1
283597,1,1
284397,1,1
284550,1,1
1656275,1,1
1659263,1,1
1666821,1,1
1099693,1,1
2176732,1,1
857340,1,1
1000713,1,1
1049584,1,1
261118,1,1
261176,1,1
1657712,1,1
1667780,1,1
1730931,1,1
1731532,1,1
1741271,1,1
1743938,1,1
1744835,1,1
1801694,1,1
1807634,1,1
1726115,1,1
261319,1,1
284989,1,1
1657781,1,1
1719847,1,1
1794559,1,1
1797935,1,1
1803009,1,1
1809440,1,1
1809520,1,1
1812279,1,1
1855091,1,1
1863973,1,1
1870691,1,1
1872479,1,1
1919073,1,1
1926847,1,1
197438,1,1
1237135,1,1
1241829,1,1
1243480,1,1
1245725,1,1
1246241,1,1
1246622,1,1
1246836,1,1
1247408,1,1
1248040,1,1
1248224,1,1
1248207,1,1
1249738,1,1
1293872,1,1
1294386,1,1
1294436,1,1
1298128,1,1
1299653,1,1
1299766,1,1
1300016,1,1
1300890,1,1
1305263,1,1
1305766,1,1
1305908,1,1
1307111,1,1
1307984,1,1
1312422,1,1
1356500,1,1
1359557,1,1
1360043,1,1
1362055,1,1
1364854,1,1
1371298,1,1
1372307,1,1
1373244,1,1
1422891,1,1
1423328,1,1
1423702,1,1
1424037,1,1
1424365,1,1
1425315,1,1
1435874,1,1
197466,1,1
197660,1,1
197692,1,1
197785,1,1
198089,1,1
1438754,1,1
1441740,1,1
1442085,1,1
1482912,1,1
1492673,1,1
1493153,1,1
152697,1,1
153124,1,1
1537468,1,1
1540974,1,1
1543158,1,1
1549233,1,1
1425407,1,1
1486140,1,1
1541084,1,1
1545918,1,1
1720763,1,1
1723209,1,1
1729197,1,1
1731582,1,1
1732187,1,1
1734383,1,1
1741572,1,1
1791499,1,1
1808524,1,1
1855722,1,1
1862102,1,1
1810787,1,1
1926946,1,1
1927693,1,1
1928941,1,1
1243284,1,1
1246901,1,1
1248741,1,1
1294572,1,1
1300378,1,1
1302483,1,1
1356904,1,1
1358329,1,1
1359384,1,1
1361495,1,1
1371036,1,1
1373011,1,1
1422107,1,1
1423945,1,1
1424358,1,1
1425554,1,1
1433736,1,1
197718,1,1
197853,1,1
198036,1,1
1441407,1,1
1487357,1,1
1493173,1,1
153127,1,1
1534846,1,1
1535921,1,1
1547668,1,1
1552035,1,1
1495080,1,1
1809517,1,1
1809648,1,1
1813038,1,1
1945173,1,1
1946979,1,1
197318,1,1
197436,1,1
197522,1,1
1242056,1,1
1243811,1,1
1248353,1,1
1300712,1,1
1305595,1,1
1305890,1,1
1370219,1,1
1422095,1,1
1425230,1,1
1432487,1,1
198109,1,1
150921,1,1
152944,1,1
1545292,1,1
1546177,1,1
1591934,1,1
1592809,1,1
1593105,1,1
1593744,1,1
1599553,1,1
1607619,1,1
1649401,1,1
1596030,1,1
1362049,1,1
1423401,1,1
1425090,1,1
1595449,1,1
1809457,1,1
1866505,1,1
197547,1,1
1242617,1,1
1246306,1,1
1251914,1,1
1297988,1,1
1302433,1,1
1313969,1,1
1356580,1,1
1359802,1,1
1363394,1,1
1363311,1,1
1372546,1,1
1376078,1,1
197730,1,1
197903,1,1
197930,1,1
197973,1,1
197971,1,1
198004,1,1
1482908,1,1
152414,1,1
152880,1,1
1540223,1,1
1596780,1,1
1601390,1,1
1606870,1,1
1607794,1,1
1652831,1,1
1653144,1,1
1422179,1,1
1484903,1,1
1593731,1,1
1597570,1,1
1600602,1,1
1243364,1,1
1249623,1,1
1297544,1,1
1492671,1,1
1595035,1,1
1537325,1,1
1597074,1,1
1599809,1,1
1605088,1,1
1653243,1,1
1944262,1,1
642338,1,1
724879,1,1
639539,1,1
670031,1,1
665040,1,1
750180,1,1
748859,1,1
798133,1,1
757968,1,1
861748,1,1
861981,1,1
308429,1,1
1087614,1,1
750261,1,1
751973,1,1
745483,1,1
755436,1,1
860975,1,1
861659,1,1
861544,1,1
876524,1,1
891153,1,1
905164,1,1
308284,1,1
309889,1,1
310675,1,1
310798,1,1
312519,1,1
1087418,1,1
198271,1,1
199071,1,1
200095,1,1
200799,1,1
205116,1,1
206027,1,1
206448,1,1
996454,1,1
999826,1,1
313551,1,1
314227,1,1
349127,1,1
863603,1,1
979122,1,1
748832,1,1
994048,1,1
800648,1,1
897630,1,1
966191,1,1
990982,1,1
991361,1,1
1087623,1,1
312847,1,1
205494,1,1
999514,1,1
313358,1,1
313756,1,1
314208,1,1
801021,1,1
808118,1,1
828539,1,1
830525,1,1
846161,1,1
993796,1,1
310649,1,1
312199,1,1
312424,1,1
1087774,1,1
198854,1,1
996716,1,1
831719,1,1
629384,1,1
636230,1,0
645459,1,1
643078,1,1
687048,1,1
702249,1,1
636671,1,1
688880,1,1
750137,1,1
751554,1,1
754028,1,1
656805,1,1
762850,1,1
756226,1,1
863857,1,1
866107,1,1
895209,1,1
978654,1,1
992475,1,1
991528,1,1
991632,1,1
309298,1,1
310223,1,1
311347,1,1
665022,1,1
865125,1,1
884215,1,1
892625,1,1
897723,1,1
978662,1,1
992771,1,1
993822,1,1
861377,1,1
865216,1,1
882546,1,1
905269,1,1
308397,1,1
308593,1,1
308826,1,1
309466,1,1
309541,1,1
309679,1,1
310041,1,1
310191,1,1
310202,1,1
310519,1,1
310879,1,1
1086950,1,1
1087043,1,1
1986889,1,1
2000019,1,1
2001499,1,1
2045120,1,1
2056510,1,1
205875,1,1
206609,1,1
201905,1,1
314248,1,1
749854,1,1
754812,1,1
790296,1,1
861027,1,1
309101,1,1
310430,1,1
312357,1,1
198350,1,1
199650,1,1
205900,1,1
207678,1,1
352232,1,1
722111,1,1
730024,1,1
731174,1,1
749869,1,1
866144,1,1
904547,1,1
686445,1,1
731231,1,1
763160,1,1
643488,1,1
731027,1,1
753469,1,1
861643,1,1
861958,1,1
894863,1,1
901541,1,1
904442,1,1
905285,1,1
966187,1,1
991069,1,1
308219,1,1
308499,1,1
308693,1,1
312083,1,1
1090745,1,1
1090842,1,1
1089853,1,1
199099,1,1
201370,1,1
2043465,1,1
205815,1,1
206295,1,1
2056478,1,1
207221,1,1
995686,1,1
312950,1,1
313581,1,1
317135,1,1
343012,1,1
359719,1,1
199852,1,1
199884,1,1
359542,1,1
644386,1,1
668567,1,1
666857,1,1
692776,1,1
700851,1,1
749862,1,1
763457,1,1
672916,1,1
798415,1,1
899441,1,1
966159,1,1
750248,1,1
762674,1,1
860930,1,1
861174,1,1
862006,1,1
883830,1,1
892525,1,1
894788,1,1
895975,1,1
897853,1,1
991376,1,1
308928,1,1
310141,1,1
312097,1,1
312829,1,1
1087779,1,1
311376,1,1
198223,1,1
198620,1,1
199176,1,1
200053,1,1
205675,1,1
996677,1,1
314994,1,1
392147,1,1
803062,1,1
806575,1,1
860767,1,1
866092,1,1
897640,1,1
905473,1,1
966466,1,1
309119,1,1
979120,1,1
1997180,1,1
884528,1,1
905037,1,1
897126,1,1
978741,1,1
993683,1,1
311954,1,1
312325,1,1
198259,1,1
199526,1,1
2002068,1,1
200964,1,1
2050067,1,1
2058918,1,1
207074,1,1
207112,1,1
995110,1,1
995626,1,1
996693,1,1
999727,1,1
313143,1,1
313758,1,1
337027,1,1
342958,1,1
348225,1,1
348805,1,1
362772,1,1
801095,1,1
809018,1,1
315032,1,1
831339,1,1
849651,1,1
855642,1,1
856377,1,1
856666,1,1
857356,1,1
857391,1,1
207664,1,1
207799,1,1
208494,1,1
208630,1,1
209123,1,1
209350,1,1
2103222,1,1
2108835,1,1
211117,1,1
211813,1,1
2120912,1,1
213220,1,1
213225,1,1
213629,1,1
213784,1,1
2167728,1,1
2178941,1,1
1091143,1,1
1091460,1,1
1094543,1,1
1098640,1,1
1098893,1,1
1098906,1,1
1099448,1,1
1099774,1,1
1101552,1,1
213182,1,1
2178159,1,1
1114900,1,1
1115764,1,1
1232104,1,1
1232653,1,1
404710,1,1
415314,1,1
540617,1,1
562556,1,1
615099,1,1
616289,1,1
616539,1,1
857864,1,1
857916,1,1
860138,1,1
860707,1,1
1001066,1,1
1006544,1,1
1011845,1,1
1012150,1,1
1012577,1,1
1013024,1,1
1038982,1,1
1042644,1,1
1043074,1,1
1043364,1,1
1047789,1,1
1047805,1,1
1048366,1,1
1052947,1,1
1053241,1,1
1053633,1,1
1086707,1,1
237192,1,1
260312,1,1
284191,1,1
284595,1,1
1656351,1,1
1666549,1,1
209427,1,1
402505,1,1
477381,1,1
545835,1,1
1011081,1,1
1011748,1,1
1012244,1,1
1012980,1,1
1037350,1,1
1048126,1,1
1085998,1,1
1085921,1,1
1654040,1,1
1659175,1,1
597977,1,1
1046967,1,1
1053768,1,1
582929,1,1
857850,1,1
238803,1,1
804916,1,1
831703,1,1
905464,1,1
994243,1,1
310172,1,1
1087438,1,1
198245,1,1
198780,1,1
199058,1,1
1992299,1,1
200337,1,1
203948,1,1
2059045,1,1
207391,1,1
207791,1,1
995222,1,1
995634,1,1
996601,1,1
997008,1,1
999799,1,1
313472,1,1
328164,1,1
351155,1,1
806606,1,1
809280,1,1
826811,1,1
833559,1,1
996544,1,1
831531,1,1
846044,1,1
849506,1,1
856623,1,1
856955,1,1
857157,1,1
829390,1,1
208351,1,1
210229,1,1
2102472,1,1
2103397,1,1
2121591,1,1
213544,1,1
213866,1,1
2168004,1,1
2168404,1,1
2168531,1,1
403794,1,1
2109620,1,1
212740,1,1
311293,1,1
311345,1,1
312059,1,1
312085,1,1
312280,1,1
312297,1,1
312348,1,1
312367,1,1
198481,1,1
204491,1,1
2054313,1,1
2057964,1,1
998691,1,1
313161,1,1
313794,1,1
328160,1,1
359281,1,1
359962,1,1
801109,1,1
805372,1,1
828838,1,1
834831,1,1
835701,1,1
313548,1,1
824917,1,1
848584,1,1
855322,1,1
856566,1,1
856572,1,1
857572,1,1
858609,1,1
207948,1,1
209341,1,1
209872,1,1
209919,1,1
210834,1,1
210007,1,1
211805,1,1
212579,1,1
212797,1,1
213143,1,1
2178758,1,1
1090996,1,1
1091068,1,1
1091721,1,1
1099861,1,1
1116758,1,1
1150834,1,1
1190179,1,1
1094128,1,1
1094107,1,1
1101457,1,1
1111741,1,1
1111822,1,1
1115592,1,1
1115892,1,1
1143677,1,1
1145679,1,1
1151107,1,1
1234578,1,1
476350,1,1
544666,1,1
578915,1,1
579999,1,1
616713,1,1
859068,1,1
859816,1,1
859994,1,1
860105,1,1
860113,1,1
1012709,1,1
1043608,1,1
1046281,1,1
1048136,1,1
1049218,1,1
1049404,1,1
1052707,1,1
1053631,1,1
1085754,1,1
241621,1,1
244638,1,1
248654,1,1
253059,1,1
260494,1,1
260851,1,1
282760,1,1
1665447,1,1
1726835,1,1
237892,1,1
1191264,1,1
860595,1,1
1001021,1,1
1048405,1,1
1053345,1,1
105823,1,1
1086443,1,1
239191,1,1
1191250,1,1
1192516,1,1
544459,1,1
547199,1,1
578124,1,1
617262,1,1
860217,1,1
1009399,1,1
1011470,1,1
1012204,1,1
1012340,1,1
1012787,1,1
1012903,1,1
1039147,1,1
1046835,1,1
1050805,1,1
237976,1,1
240375,1,1
240698,1,1
250344,1,1
253014,1,1
307831,1,1
1654969,1,1
1716067,1,1
1720606,1,1
1726321,1,1
212274,1,1
213120,1,1
1188443,1,1
1190635,1,1
1192931,1,1
1234386,1,1
581645,1,1
602910,1,1
859833,1,1
1038779,1,1
1085703,1,1
251293,1,1
261239,1,1
1659650,1,1
1737563,1,1
2186092,1,1
1739766,1,1
1740008,1,1
1741974,1,1
1791859,1,1
1657982,1,1
310161,1,1
309035,1,1
198561,1,1
198693,1,1
2002002,1,1
201613,1,1
205290,1,1
206062,1,1
206627,1,1
206988,1,1
207106,1,1
995692,1,1
999391,1,1
403818,1,1
829928,1,1
311409,1,1
1087169,1,1
314034,1,1
848750,1,1
849303,1,1
849395,1,1
849833,1,1
1099870,1,1
1114838,1,1
1233871,1,1
1235243,1,1
1235249,1,1
210628,1,1
2122661,1,1
213490,1,1
213559,1,1
2172497,1,1
237381,1,1
486247,1,1
486912,1,1
313585,1,1
2178792,1,1
544463,1,1
597772,1,1
607020,1,1
616103,1,1
860277,1,1
860446,1,1
860654,1,1
1000352,1,1
1010793,1,1
1039657,1,1
1039900,1,1
1043348,1,1
1046375,1,1
1049688,1,1
105562,1,1
105798,1,1
239233,1,1
241056,1,1
284379,1,1
1666111,1,1
849650,1,1
1146690,1,1
103956,1,1
262226,1,1
1658175,1,1
1666613,1,1
1731348,1,1
1735508,1,1
1737569,1,1
1737852,1,1
1740010,1,1
1741409,1,1
1742395,1,1
1747489,1,1
1806665,1,1
1722939,1,1
108474,1,1
261288,1,1
1747187,1,1
1790383,1,1
1809670,1,1
1867716,1,1
1873991,1,1
1875600,1,1
1928545,1,1
197430,1,1
1241976,1,1
1242136,1,1
1242707,1,1
1245957,1,1
1248473,1,1
1293706,1,1
1294002,1,1
1294365,1,1
1298326,1,1
1299659,1,1
1299770,1,1
1302195,1,1
1302755,1,1
1303845,1,1
1313116,1,1
1356489,1,1
1356531,1,1
1357548,1,1
1358759,1,1
1358974,1,1
1362027,1,1
1367383,1,1
1376207,1,1
1376440,1,1
1421878,1,1
1423814,1,1
1429887,1,1
1429895,1,1
1430148,1,1
1437546,1,1
197731,1,1
197954,1,1
1442575,1,1
1534676,1,1
1541229,1,1
1541609,1,1
1544183,1,1
1547114,1,1
1547660,1,1
197555,1,1
1729420,1,1
1729527,1,1
1732136,1,1
1736592,1,1
1736784,1,1
1737450,1,1
1740894,1,1
1741296,1,1
1747725,1,1
1790546,1,1
1793908,1,1
1804738,1,1
1806955,1,1
1807888,1,1
1807894,1,1
1860482,1,1
1870681,1,1
1874130,1,1
1875870,1,1
1236073,1,1
1236191,1,1
1236169,1,1
1237072,1,1
1248119,1,1
1293642,1,1
1294315,1,1
1294592,1,1
1298422,1,1
1300210,1,1
1313820,1,1
1362753,1,1
1366500,1,1
1369814,1,1
1422546,1,1
1422900,1,1
1435495,1,1
197408,1,1
197463,1,1
197479,1,1
197648,1,1
197942,1,1
1442876,1,1
1491009,1,1
1491970,1,1
1535927,1,1
1544175,1,1
1550963,1,1
1809502,1,1
1237062,1,1
1485599,1,1
198035,1,1
1860484,1,1
1873765,1,1
1876406,1,1
1926855,1,1
197528,1,1
197579,1,1
197787,1,1
1236060,1,1
1244737,1,1
1248807,1,1
1251571,1,1
1251574,1,1
1299716,1,1
1312260,1,1
1312465,1,1
1356848,1,1
1356906,1,1
1360044,1,1
1362950,1,1
1366815,1,1
198159,1,1
1490415,1,1
1494778,1,1
152923,1,1
1536862,1,1
1537911,1,1
1597298,1,1
1599164,1,1
1648510,1,1
1650974,1,1
1246315,1,1
1305588,1,1
1430449,1,1
1439894,1,1
1600130,1,1
153303,1,1
1809583,1,1
197391,1,1
197441,1,1
197453,1,1
197529,1,1
197658,1,1
1242968,1,1
1245951,1,1
1250565,1,1
1251192,1,1
1251589,1,1
1291231,1,1
1291692,1,1
1299018,1,1
1307415,1,1
1309349,1,1
1310487,1,1
1356091,1,1
1358452,1,1
1358637,1,1
1359005,1,1
1359118,1,1
1359630,1,1
1362805,1,1
1364358,1,1
1366556,1,1
1367211,1,1
1370826,1,1
141916,1,1
1426600,1,1
1427395,1,1
198070,1,1
151227,1,1
1535449,1,1
1541226,1,1
1544918,1,1
1598050,1,1
1601373,1,1
1602570,1,1
1648180,1,1
1652104,1,1
1549372,1,1
1648584,1,1
1248833,1,1
1593833,1,1
1594334,1,1
1596816,1,1
1598658,1,1
1650439,1,1
1292459,1,1
1360041,1,1
1596413,1,1
1651599,1,1
1251745,1,1
1599948,1,1
1001433,1,1
1007909,1,0
1010598,1,1
10114,1,1
1013857,1,0
102313,1,1
102846,1,1
102848,1,1
103,1,1
10355,1,1
10362,1,1
1037041,1,0
1037042,1,0
1037045,1,0
1037046,1,0
1037179,1,0
1038776,1,0
104122,1,1
104123,1,1
1041527,1,0
104220,1,1
104222,1,1
104223,1,1
104230,1,1
104231,1,1
104233,1,1
1043560,1,1
1043562,1,1
1043563,1,1
1043570,1,1
1043578,1,1
1045452,1,1
1045453,1,1
1045456,1,1
1045457,1,1
104693,1,1
104706,1,1
10485,1,1
1049543,1,1
1049574,1,1
1049593,1,1
1049717,1,1
1049719,1,1
1049720,1,1
1049721,1,1
1049727,1,1
105069,1,1
1053648,1,1
1053655,1,1
105374,1,1
105567,1,1
105578,1,1
105584,1,1
105589,1,1
10633,1,1
10635,1,1
10689,1,0
10737,1,0
10767,1,1
108379,1,1
108380,1,1
108766,1,1
1087976,1,1
108874,1,1
108875,1,1
1091620,1,0
1091642,1,1
1091643,1,1
1091646,1,1
1091647,1,1
1091652,1,1
1091836,1,1
1091840,1,1
1095698,1,1
10996,1,1
1099882,1,1
1100002,1,0
1100699,1,1
1100702,1,1
1100703,1,1
1101333,1,1
1101338,1,1
1101342,1,0
1101769,1,1
1101770,1,1
1102129,1,1
1102132,1,1
1102261,1,1
1102280,1,1
1111071,1,1
1112198,1,1
1113314,1,1
1114195,1,1
1114198,1,1
1114199,1,1
1114693,1,1
1115547,1,1
1115573,1,1
1115577,1,1
1115966,1,0
1119400,1,1
11198,1,1
11199,1,1
11202,1,1
11203,1,1
11204,1,1
11205,1,1
11289,1,1
114194,1,1
114228,1,1
114527,1,1
1145929,1,1
1147790,1,1
1148479,1,0
1148797,1,0
1148800,1,0
1148803,1,0
1148807,1,0
1148809,1,0
118463,1,1
118886,1,0
1189803,1,1
121191,1,1
1232082,1,1
1232086,1,1
1232150,1,1
1232154,1,1
1232155,1,1
1232586,1,1
1235457,1,0
1237050,1,1
1237051,1,1
1237057,1,1
1237060,1,1
1237064,1,1
1237068,1,1
1242963,1,1
1242964,1,1
1243019,1,1
1243020,1,1
1243027,1,1
1243034,1,1
1243827,1,1
1243842,1,1
1243846,1,1
1245368,1,1
1251,1,1
1256,1,1
12574,1,1
1293937,1,0
1294588,1,1
1297766,1,1
1298334,1,1
1298837,1,1
1298842,1,1
1299922,1,1
1303097,1,1
1303098,1,1
1303102,1,1
1303103,1,1
1304475,1,1
1304480,1,1
1304990,1,1
1304991,1,1
1304995,1,1
1304996,1,1
1305000,1,1
1306074,1,1
1308428,1,1
1308430,1,1
1308432,1,1
1310923,1,0
1311626,1,1
131725,1,1
134547,1,1
134774,1,1
135423,1,1
135446,1,1
135447,1,1
135481,1,1
1356315,1,0
1356688,1,1
1356689,1,1
1357536,1,1
1357541,1,1
1357542,1,1
135805,1,1
1358492,1,1
1358830,1,0
1362067,1,0
1364321,1,1
1364430,1,1
1364435,1,1
1364436,1,1
1364445,1,1
1368000,1,1
1368001,1,1
1368007,1,1
1368384,1,1
1368402,1,1
1368955,1,1
1372692,1,1
1372706,1,1
1372717,1,1
1372730,1,1
1372734,1,1
1372738,1,1
1373458,1,1
1373463,1,1
1373464,1,1
1373471,1,1
139825,1,1
139953,1,1
141704,1,1
141926,1,1
142146,1,1
1422085,1,1
1422086,1,1
1422093,1,1
1422096,1,1
1422099,1,1
142424,1,1
142433,1,1
142436,1,1
142439,1,0
1430123,1,1
1430892,1,1
1430990,1,1
1431642,1,1
1435475,1,1
1435624,1,1
1435625,1,1
1437556,1,1
1437711,1,1
1439808,1,1
1439810,1,1
1439812,1,1
1439834,1,1
1439840,1,1
1440051,1,1
1441402,1,1
1441403,1,1
1441411,1,1
1441416,1,1
1441422,1,1
1441527,1,1
1442523,1,0
1442693,1,1
1442694,1,1
1455099,1,1
1482790,1,1
1482813,1,1
1482820,1,1
1483793,1,1
1484518,1,1
1484911,1,1
1484916,1,1
1484917,1,1
1486192,1,1
1486197,1,1
1486202,1,1
1486436,1,1
1486966,1,1
1486972,1,1
1487366,1,1
1487512,1,1
1487514,1,1
1488564,1,1
1488569,1,1
1488574,1,1
1489987,1,0
1492727,1,1
1492732,1,1
1492733,1,1
1492738,1,1
1492740,1,1
1492742,1,1
1492744,1,1
1492747,1,1
151260,1,1
151283,1,1
151317,1,1
151325,1,1
151558,1,1
151689,1,1
151692,1,1
151826,1,1
151827,1,1
151956,1,1
151972,1,1
152092,1,1
152115,1,1
152200,1,1
152318,1,1
152620,1,0
152751,1,1
153077,1,1
153129,1,1
153165,1,1
153329,1,1
1534763,1,1
1534800,1,1
1534801,1,1
1534820,1,1
153592,1,1
1536484,1,1
1536485,1,1
153668,1,1
153718,1,1
153791,1,1
1538097,1,1
1538137,1,1
1538138,1,1
1543202,1,1
1543203,1,1
1544378,1,1
1544379,1,1
1544385,1,1
1544387,1,1
1544389,1,1
1544395,1,1
1544397,1,1
1544401,1,1
1544403,1,1
1544488,1,1
1545149,1,1
1545150,1,1
1545151,1,1
1545157,1,1
1545161,1,1
1545164,1,1
1545653,1,1
1545658,1,1
1545659,1,1
1545666,1,1
1545771,1,1
1545976,1,0
1545988,1,1
1546005,1,1
1546022,1,1
1546028,1,1
1546030,1,1
1546031,1,1
1546059,1,1
1546064,1,1
1546082,1,1
1546196,1,1
1546396,1,1
1547099,1,1
1547104,1,1
1547105,1,1
1547112,1,1
1547116,1,1
1547573,1,1
1549682,1,1
154985,1,0
155036,1,1
1551291,1,1
1551295,1,1
1551296,1,1
1551304,1,1
155137,1,1
1551467,1,1
1551468,1,1
1551469,1,1
15657,1,1
1591942,1,1
1591944,1,1
1592713,1,1
1593058,1,1
1593068,1,1
1593070,1,1
1593072,1,1
1593725,1,1
1593726,1,1
1594357,1,1
1594650,1,1
1594651,1,1
1595730,1,0
1595731,1,0
1595740,1,0
1595746,1,0
1595752,1,0
1595758,1,0
1595764,1,0
1595770,1,0
1597378,1,1
1597379,1,1
1597582,1,1
1597587,1,1
1597588,1,1
159821,1,1
1598264,1,1
1598392,1,1
1599538,1,1
1599543,1,1
1599544,1,1
1599551,1,1
1599555,1,1
1599564,1,1
15996,1,1
1599788,1,1
1599792,1,1
1599793,1,1
1600259,1,1
1600711,1,1
1602109,1,1
1602110,1,1
1602118,1,1
1602557,1,1
1602583,1,1
1603488,1,1
1604539,1,1
1604540,1,1
1605454,1,1
1606217,1,1
1606218,1,1
1607111,1,1
161,1,0
1648646,1,1
1652064,1,1
1652097,1,1
1652239,1,1
1652644,1,1
1652891,1,0
1653142,1,1
1653165,1,1
1653223,1,1
1653241,1,1
1654077,1,1
1654910,1,1
1655726,1,1
1656339,1,1
1656340,1,1
1656341,1,1
1656349,1,1
1656354,1,1
1656648,1,1
1656703,1,1
1657073,1,0
1657209,1,1
1657867,1,1
1657974,1,1
1657979,1,1
1657981,1,1
1658042,1,1
1658047,1,1
1658314,1,1
1658319,1,1
1658320,1,1
1658327,1,1
1658331,1,1
1658335,1,1
1658339,1,1
1658343,1,1
1659152,1,1
1659156,1,1
1659157,1,1
1659165,1,1
1659177,1,1
1659182,1,1
1660185,1,1
1660194,1,1
1661683,1,0
1664314,1,1
1664315,1,1
1664316,1,1
1664323,1,1
1664326,1,1
1664443,1,1
1665367,1,1
1665684,1,1
1665895,1,1
1665896,1,1
1665904,1,1
1666831,1,1
1666832,1,1
1666923,1,1
16681,1,1
1669868,1,1
1669869,1,1
1670007,1,1
1670011,1,1
1670012,1,1
1670021,1,1
1716057,1,1
1716058,1,1
1716065,1,1
1716069,1,1
1716073,1,1
1716077,1,1
1716081,1,1
1716086,1,1
1716278,1,1
1718589,1,1
1718590,1,1
1718925,1,1
1718930,1,1
1718934,1,1
1719767,1,1
1719768,1,1
1719772,1,1
1719773,1,1
1719777,1,1
1720597,1,1
1720601,1,1
1720602,1,1
1720735,1,1
1723187,1,1
1723193,1,1
1723476,1,0
1726098,1,1
1726844,1,1
1727493,1,1
1727500,1,1
1728072,1,1
1728077,1,1
1728791,1,1
1728805,1,1
1729320,1,1
173,1,1
1731315,1,1
1731522,1,1
1731990,1,1
1731998,1,1
1733681,1,1
1734340,1,1
1734635,1,1
1734636,1,1
1734637,1,1
1734642,1,1
1736859,1,1
1738515,1,1
1738519,1,1
1738523,1,1
1738527,1,1
1740007,1,1
1740009,1,1
1741046,1,1
1745086,1,1
1745099,1,1
1745103,1,1
1745104,1,1
1745112,1,1
1746889,1,1
1746893,1,1
1746894,1,1
1747179,1,1
1747185,1,1
1747192,1,1
174742,1,0
1747556,1,1
1747561,1,1
1747562,1,1
1747572,1,1
1747574,1,1
1747575,1,1
1790115,1,1
1790127,1,1
1790128,1,1
1790131,1,1
1790527,1,1
1790528,1,1
1790539,1,1
1790541,1,1
1790542,1,1
1790881,1,1
1791558,1,1
1791567,1,1
1791574,1,1
1791580,1,1
1793882,1,1
1796089,1,1
1796094,1,1
1796419,1,1
1796424,1,1
1797650,1,1
1797651,1,1
1798387,1,1
1799211,1,1
1799213,1,1
1799228,1,1
1801277,1,1
1801319,1,1
1803887,1,1
1803892,1,1
1803894,1,1
1803902,1,1
1806380,1,1
1806382,1,1
1806884,1,1
1806885,1,1
1808,1,1
1810997,1,1
1811002,1,1
1811006,1,1
1811010,1,1
1811255,1,1
1819,1,1
1828,1,1
18330,1,1
183379,1,1
1841,1,0
1855523,1,1
1855526,1,1
1855730,1,1
1856273,1,0
1858970,1,1
1858994,1,1
1858995,1,1
1858996,1,1
1860167,1,1
1860168,1,1
1860491,1,0
1860493,1,0
1860495,1,0
1860497,1,0
1860499,1,0
1860501,1,0
1862101,1,1
1862685,1,1
1862691,1,1
1862695,1,1
1862700,1,1
1864423,1,1
1870933,1,1
1871434,1,1
1871435,1,1
1871441,1,1
1871444,1,1
1872271,1,1
1872979,1,1
1872983,1,1
1872985,1,1
1873086,1,1
18747,1,1
1876376,1,1
1876401,1,1
1876402,1,1
187832,1,1
18867,1,1
18880,1,1
190353,1,1
191831,1,1
1921009,1,1
1921016,1,1
1921238,1,1
1921244,1,1
1921467,1,1
1921592,1,1
1921593,1,1
1922720,1,1
1922721,1,1
1922763,1,1
1922764,1,1
1922765,1,1
1922766,1,1
1925254,1,1
1925256,1,1
1925498,1,1
1925499,1,1
1926331,1,1
1927283,1,1
1927285,1,1
1927286,1,1
1927851,1,0
1927955,1,0
1939328,1,1
1939329,1,1
1939330,1,1
194000,1,1
1940496,1,1
1940702,1,1
1940703,1,1
1940704,1,1
1940709,1,1
1942482,1,1
1942487,1,1
1942743,1,1
1942744,1,1
1943340,1,1
1944257,1,1
1944264,1,1
1944529,1,1
1944530,1,1
1944538,1,1
1944541,1,1
1944734,1,1
19484,1,1
196102,1,1
196239,1,1
196472,1,1
196493,1,1
196495,1,1
196496,1,1
196498,1,1
196503,1,1
197117,1,1
1986350,1,1
1988303,1,0
1988974,1,1
1988977,1,1
1988980,1,1
1989100,1,1
1989104,1,1
1989105,1,1
1990866,1,1
1991302,1,1
1991306,1,1
1991307,1,1
1991316,1,1
1992054,1,1
1992165,1,1
1992427,1,1
1992672,1,1
1992674,1,1
1992684,1,1
1992685,1,1
1992686,1,1
1992693,1,1
1992698,1,1
1992701,1,1
199275,1,1
1992810,1,1
1992811,1,1
1992816,1,1
1992819,1,1
1992821,1,1
1992825,1,1
1992826,1,1
1992827,1,1
1992835,1,1
199315,1,1
199316,1,1
199610,1,1
1996184,1,1
1996185,1,1
1996192,1,1
199622,1,1
199707,1,1
199708,1,1
199709,1,1
1998,1,1
199816,1,1
199817,1,1
199825,1,1
199937,1,1
199975,1,1
2001252,1,1
2001255,1,1
2001262,1,1
2001266,1,1
2001319,1,1
2002419,1,1
20044,1,0
2017575,1,1
202363,1,1
202370,1,1
202421,1,1
202432,1,0
202472,1,1
202479,1,1
202559,1,1
202585,1,0
202632,1,1
202633,1,1
202770,1,1
202834,1,1
202988,1,1
202991,1,1
202994,1,1
203010,1,1
203085,1,1
203114,1,1
203123,1,1
203129,1,1
203135,1,1
203143,1,1
203144,1,1
203160,1,1
203168,1,1
203170,1,0
203177,1,1
203191,1,1
203192,1,1
203204,1,1
203211,1,0
203213,1,1
203240,1,1
203333,1,1
203344,1,1
203354,1,1
203355,1,1
203358,1,1
203472,1,1
203494,1,0
20352,1,1
203538,1,1
203588,1,1
203599,1,1
203644,1,1
203652,1,1
203680,1,1
203766,1,1
203801,1,1
203840,1,1
203841,1,1
204257,1,1
204276,1,1
204354,1,1
2045501,1,1
2046138,1,0
2046140,1,0
2046141,1,0
2046148,1,0
2046591,1,1
2046592,1,1
2047761,1,1
2048566,1,1
2049251,1,1
2049252,1,1
2055303,1,1
2055667,1,1
2055668,1,1
2055675,1,1
2056895,1,1
2056898,1,1
2057152,1,1
2057153,1,1
2058858,1,1
2058859,1,1
2058866,1,1
2058880,1,1
2058882,1,1
2058890,1,1
2058892,1,1
2058894,1,1
2058912,1,1
2058927,1,1
2058933,1,1
2058943,1,1
2058949,1,1
2059015,1,1
2068,1,1
209425,1,0
2099300,1,1
2100028,1,1
2102775,1,1
2102779,1,1
2102780,1,1
2102784,1,1
2103476,1,1
2103477,1,1
2103479,1,1
2103480,1,1
2105,1,1
2105824,1,1
2105826,1,1
2105827,1,1
2105834,1,1
2105844,1,1
2105845,1,1
2105850,1,1
2105851,1,1
2105856,1,1
2105858,1,1
2105860,1,1
2106073,1,1
2107520,1,1
2108907,1,1
2109054,1,1
2109055,1,1
2109059,1,1
2109060,1,1
2109064,1,1
21102,1,1
21107,1,1
2117292,1,1
2122634,1,1
2122635,1,1
2122636,1,1
2122647,1,1
2122649,1,1
2122654,1,1
2122656,1,1
2122658,1,1
2122660,1,1
214354,1,1
214468,1,1
214525,1,1
214555,1,1
215008,1,1
215257,1,0
215458,1,1
215928,1,1
216221,1,1
216586,1,1
2166040,1,1
2166132,1,1
2166136,1,1
2166138,1,1
2166142,1,1
216652,1,1
2167557,1,1
2167558,1,1
2167565,1,1
2167569,1,1
2167573,1,1
216891,1,1
2169274,1,1
2170990,1,1
217115,1,0
217357,1,1
217364,1,1
2173820,1,1
217701,1,1
2178262,1,1
2178390,1,1
2178395,1,1
2178396,1,1
2178397,1,1
2178402,1,1
2178403,1,1
2178404,1,1
2178405,1,1
2178406,1,1
2178407,1,1
2178408,1,1
2178409,1,1
2178755,1,0
2179744,1,1
2179745,1,1
218088,1,1
218205,1,0
2182338,1,1
218337,1,1
218353,1,1
218986,1,1
219038,1,1
219335,1,1
219598,1,0
2196092,1,1
219610,1,1
219641,1,1
2196894,1,1
2196895,1,1
2196900,1,1
219740,1,1
219912,1,1
2200168,1,1
2200169,1,1
2200174,1,1
2200175,1,1
2200177,1,1
2200178,1,1
2200180,1,1
2200181,1,1
2200183,1,1
2200518,1,1
2200520,1,1
2200644,1,1
2200645,1,1
2200650,1,1
2200652,1,1
2200654,1,1
2200656,1,1
2200658,1,1
220207,1,0
220309,1,0
220347,1,1
2203891,1,1
2203893,1,1
2203895,1,1
2203897,1,1
2203993,1,1
2203999,1,1
2204090,1,1
2204092,1,1
2204100,1,1
2204102,1,1
2204103,1,1
2204104,1,1
2204915,1,1
2204916,1,1
2204920,1,1
2204921,1,1
2204925,1,1
2205454,1,1
220562,1,0
2205632,1,1
2205634,1,1
220606,1,0
2206090,1,1
2206092,1,1
220725,1,1
220776,1,0
220961,1,1
220991,1,1
221072,1,1
221078,1,1
221085,1,1
221087,1,1
221107,1,0
221109,1,1
221153,1,1
221173,1,1
221183,1,1
224909,1,1
224911,1,1
224913,1,1
224921,1,1
224952,1,1
225064,1,0
225807,1,1
2264779,1,0
2266523,1,1
2266525,1,1
2266526,1,1
2266530,1,1
226754,1,1
2268037,1,0
2268039,1,0
2268040,1,0
2268044,1,0
2268047,1,0
2268048,1,0
2268064,1,1
2268065,1,1
226882,1,0
227224,1,1
2272613,1,1
2272614,1,1
2272619,1,1
2272621,1,1
2272622,1,1
2272623,1,1
2272624,1,1
2272626,1,1
2272627,1,1
2272629,1,1
2272630,1,1
2272632,1,1
2272633,1,1
2272635,1,1
2272636,1,1
227278,1,1
2273113,1,1
2273115,1,1
2273510,1,1
2273512,1,1
2273513,1,1
2273517,1,1
2273520,1,1
2273521,1,1
227423,1,1
2274378,1,1
2274379,1,1
2274384,1,1
2274385,1,1
2274390,1,1
227575,1,1
2277368,1,1
2277370,1,1
2281864,1,1
2283229,1,1
2283230,1,1
2283231,1,1
2283236,1,1
2288814,1,1
2288816,1,1
233698,1,1
2346,1,1
235288,1,1
235412,1,0
235473,1,0
235737,1,1
235743,1,1
235751,1,1
235758,1,1
235759,1,1
235774,1,1
235830,1,1
235853,1,1
235857,1,1
2359279,1,1
2359280,1,1
2359285,1,1
2359288,1,1
2359290,1,1
2359351,1,1
2359353,1,1
2359356,1,1
2359358,1,1
235953,1,1
235988,1,1
236025,1,0
236066,1,1
236131,1,0
236234,1,1
236236,1,0
236559,1,1
236685,1,1
236734,1,1
236878,1,1
236883,1,1
236913,1,0
236914,1,0
236931,1,0
236991,1,0
2374360,1,0
2374361,1,0
2374729,1,1
2374733,1,1
2374734,1,1
2374738,1,1
2375327,1,1
2375329,1,1
2376838,1,1
2377130,1,1
2377134,1,1
2377231,1,1
2377333,1,1
2377334,1,1
2377338,1,1
2377341,1,1
2377342,1,1
2377343,1,1
2377344,1,1
2377345,1,1
2377346,1,1
2377347,1,1
2377348,1,1
2377349,1,1
2377350,1,1
2377351,1,1
2377352,1,1
2377353,1,1
2377354,1,1
2380231,1,1
2380232,1,1
2380236,1,1
2380248,1,1
2380250,1,1
2380254,1,1
2380256,1,1
2380259,1,1
2380260,1,1
2380265,1,1
2380266,1,1
2380267,1,1
2380268,1,1
2382989,1,1
2382990,1,1
2382991,1,1
2382992,1,1
2382993,1,1
2386859,1,1
239,1,1
2390949,1,1
2390950,1,1
2390954,1,1
2392140,1,1
2392142,1,1
2395777,1,1
2395779,1,1
2395783,1,1
2395785,1,1
2395808,1,0
2395809,1,0
2395814,1,0
2396764,1,1
2396765,1,1
2396770,1,1
2396772,1,1
2396774,1,1
2398511,1,1
2398512,1,1
2398841,1,1
2398842,1,1
2404,1,1
245273,1,1
245839,1,1
24614,1,1
2462511,1,1
2462514,1,1
2462521,1,1
2462522,1,1
246474,1,1
24698,1,1
247161,1,1
2472325,1,1
2472327,1,1
2472328,1,1
2472332,1,1
2472335,1,1
2472336,1,1
2473230,1,1
2474267,1,1
2474269,1,1
2478433,1,1
2478437,1,1
2480095,1,0
248110,1,1
248112,1,1
248316,1,0
249220,1,1
249284,1,1
249875,1,0
250044,1,1
250426,1,1
250473,1,0
250607,1,1
250649,1,0
250650,1,0
250651,1,0
250660,1,1
25102,1,1
251201,1,1
251308,1,1
251698,1,0
251855,1,1
2531133,1,1
2531134,1,1
2531369,1,1
2531370,1,1
2531374,1,1
253182,1,1
253198,1,1
2532159,1,1
2532163,1,1
253337,1,0
2535745,1,1
2535747,1,1
2535748,1,1
2535749,1,1
2535750,1,1
2536055,1,1
2536060,1,1
2536062,1,1
2536064,1,1
2536066,1,1
2540692,1,1
2540695,1,1
2540698,1,1
2540699,1,1
2540703,1,1
2540704,1,1
2540709,1,1
25480,1,1
2548732,1,1
2548733,1,1
2548735,1,1
2548736,1,1
2548738,1,1
2548739,1,1
2548741,1,1
2548742,1,1
2548762,1,1
2548763,1,1
2548765,1,1
2548766,1,1
2548767,1,1
2548768,1,1
2548769,1,1
2550712,1,1
2550713,1,1
2553501,1,1
2553502,1,1
2553506,1,1
2553601,1,1
2553603,1,1
2553802,1,1
2553803,1,1
2553901,1,1
2553903,1,1
2554102,1,1
2554104,1,1
2555,1,1
2556,1,1
2557906,1,1
2557910,1,1
2559706,1,1
2559707,1,1
2563969,1,1
2563971,1,1
2563973,1,1
2563976,1,1
2563977,1,1
2568661,1,1
2568663,1,1
2569564,1,1
2569566,1,1
2569571,1,1
2569573,1,1
2569575,1,1
2569577,1,1
2569580,1,1
2569977,1,1
25789,1,1
25793,1,1
2583634,1,1
2583635,1,1
2584196,1,1
2584199,1,1
2584200,1,1
2584201,1,1
2584857,1,1
2584859,1,1
2584863,1,1
2586036,1,0
2587789,1,1
2587790,1,1
2587794,1,1
2587796,1,1
2587800,1,1
2587803,1,1
2587806,1,1
2588062,1,1
2588066,1,1
2589006,1,1
2589008,1,1
2589010,1,1
2589014,1,1
2589612,1,1
2589614,1,1
2589618,1,1
2589872,1,1
2589877,1,1
2589881,1,1
2589883,1,1
2589885,1,1
2589887,1,1
2590051,1,1
2590054,1,1
2590616,1,0
2590619,1,0
2590620,1,0
2590621,1,0
2590623,1,0
2590625,1,0
2590627,1,0
2590629,1,0
2590631,1,0
2590633,1,0
2590635,1,0
2590637,1,0
2590669,1,1
2590672,1,1
2590673,1,1
2590677,1,1
2591519,1,1
2591584,1,1
2591588,1,1
2591590,1,1
2591594,1,1
2591786,1,1
259319,1,1
259335,1,1
2594600,1,1
2594603,1,1
259493,1,1
2596175,1,1
2596444,1,1
2596445,1,1
2596957,1,1
2596960,1,1
2597446,1,1
2597448,1,1
2597453,1,1
2597456,1,1
2597459,1,1
2598,1,0
2599041,1,0
2599043,1,0
2599045,1,0
2599049,1,0
2599051,1,0
2599052,1,0
2599362,1,1
2599365,1,1
2599846,1,1
2599847,1,1
2599851,1,1
2601723,1,1
2601728,1,1
2601734,1,1
2601743,1,1
2601746,1,1
2601755,1,1
2601758,1,1
2601761,1,1
2601764,1,1
2601767,1,1
2601770,1,1
2601773,1,1
2601776,1,1
2601784,1,1
2601785,1,1
2602136,1,1
2602276,1,1
2602279,1,1
2602351,1,1
2602353,1,1
2602355,1,1
2602359,1,1
2602363,1,1
2602365,1,1
2602366,1,1
2604618,1,1
2604622,1,1
2604625,1,1
2604628,1,1
2604776,1,1
2605054,1,1
2605056,1,1
2605341,1,1
2605948,1,1
2605950,1,1
2607741,1,1
2608534,1,1
2611243,1,1
2611248,1,1
2611250,1,1
2611252,1,1
2611254,1,1
2612153,1,1
2612673,1,1
2612675,1,1
2612677,1,1
2612681,1,1
2612684,1,1
2612687,1,1
2613758,1,1
2613759,1,1
261438,1,1
261442,1,1
261504,1,1
261551,1,1
261663,1,1
261696,1,0
2619152,1,1
2619154,1,1
2619155,1,1
2621022,1,1
2621024,1,1
2621028,1,1
2621571,1,1
2621572,1,1
2622910,1,1
2622914,1,1
262418,1,1
2626488,1,1
2626494,1,1
2626641,1,1
2626645,1,1
2627648,1,0
2627650,1,0
2627652,1,0
2627656,1,0
2627658,1,0
2627659,1,0
2627711,1,1
2627713,1,1
2627717,1,1
2627719,1,1
2627722,1,1
2627724,1,1
2627725,1,1
2628920,1,1
2628923,1,1
2629337,1,1
2630760,1,1
2631862,1,1
2631867,1,1
2632847,1,0
2632851,1,0
2632994,1,1
2632997,1,1
2634478,1,1
2634479,1,1
2634743,1,1
2634745,1,1
2634747,1,1
2634749,1,1
2634751,1,1
2634753,1,1
2635081,1,1
2636033,1,1
2636035,1,1
2636039,1,1
2636041,1,1
2636042,1,1
2636043,1,1
2636044,1,1
2636045,1,1
2636046,1,1
2636047,1,1
2636048,1,1
2636049,1,1
2636050,1,1
2636051,1,1
2636052,1,1
2637347,1,1
2637348,1,1
2637353,1,1
2637879,1,1
2637958,1,1
2637960,1,1
2637964,1,1
2637966,1,1
2637967,1,1
2637968,1,1
2637969,1,1
2638675,1,1
2638683,1,1
2638684,1,1
2638689,1,1
2638691,1,1
2638693,1,1
2639021,1,1
2639023,1,1
2639027,1,1
2639029,1,1
2639030,1,1
2639031,1,1
2639032,1,1
2639033,1,1
2639034,1,1
2639036,1,1
2639039,1,1
2639041,1,1
2639042,1,1
2639043,1,1
2639044,1,1
2639351,1,0
2639649,1,1
2639651,1,1
2639653,1,1
2639657,1,1
2639659,1,1
2639662,1,1
2639664,1,1
2639665,1,1
2639666,1,1
2639667,1,1
2639728,1,1
2639732,1,1
2639734,1,1
2639736,1,1
2639738,1,1
2640287,1,1
2640296,1,1
2640300,1,1
2640302,1,1
2640305,1,1
2640387,1,1
2640389,1,1
2640391,1,1
2640395,1,1
2640397,1,1
2640400,1,1
2640402,1,1
2640404,1,1
2640406,1,1
2640410,1,1
2640412,1,1
2640415,1,1
2640417,1,1
2640418,1,1
2640419,1,1
2640422,1,1
2640425,1,1
2640428,1,1
2640430,1,1
2640432,1,1
2640849,1,1
2640851,1,1
2640853,1,1
2640857,1,1
2640859,1,1
2640862,1,1
2640864,1,1
2640865,1,1
2640869,1,1
2640870,1,1
2640883,1,1
2640885,1,1
2640889,1,1
2640891,1,1
2640892,1,1
2640893,1,1
2640894,1,1
2640895,1,1
2640898,1,1
2640900,1,1
2640901,1,1
2640902,1,1
2640903,1,1
2641642,1,1
2641644,1,1
2641646,1,1
2641650,1,1
2641653,1,1
2641654,1,1
2641655,1,1
2641658,1,1
2641660,1,1
2641661,1,1
2641662,1,1
2641663,1,1
2641664,1,1
2641665,1,1
2641666,1,1
2641667,1,1
2641668,1,1
2641669,1,1
2641670,1,1
2641671,1,1
2641672,1,1
2641673,1,1
2642808,1,1
2642809,1,1
2643444,1,1
2644396,1,1
2644399,1,1
2644401,1,1
2644403,1,1
2644405,1,1
2644407,1,1
2644409,1,1
2644411,1,1
2644413,1,1
2644415,1,1
2644417,1,1
2644419,1,1
2644738,1,1
2644751,1,1
2644768,1,1
2644769,1,1
2644824,1,1
2645305,1,1
2645308,1,1
2663901,1,1
2663904,1,1
2663906,1,1
2663907,1,1
2663908,1,1
2663910,1,1
2663912,1,1
2663913,1,1
2663914,1,1
2663915,1,1
2663917,1,1
2663918,1,1
2663920,1,1
2663923,1,1
2665419,1,1
2665422,1,1
2665424,1,1
2665426,1,1
266573,1,1
2667332,1,1
2667336,1,1
2667339,1,1
2667342,1,1
2667419,1,1
2667423,1,1
2668041,1,1
2668064,1,1
2668066,1,1
2668071,1,1
2668074,1,1
2668078,1,1
2668080,1,1
2668086,1,1
2668088,1,1
2668093,1,1
2668095,1,1
2668096,1,1
2668099,1,1
2668103,1,1
2668206,1,0
2668483,1,1
2668484,1,1
2668485,1,1
2668486,1,1
2668487,1,1
2668488,1,1
2668489,1,1
2668490,1,1
2668491,1,1
2668492,1,1
2668493,1,1
2668494,1,1
2669702,1,1
2669706,1,1
2669709,1,1
2669712,1,1
2669715,1,1
2669718,1,1
2669721,1,1
2670,1,0
2670390,1,0
2670442,1,1
2670447,1,1
2670449,1,1
2670451,1,1
2671054,1,1
2671055,1,1
2671060,1,1
2671098,1,1
2671099,1,1
2671192,1,1
2671196,1,1
2671456,1,1
2671457,1,1
2671462,1,1
2671682,1,1
2671684,1,1
2672,1,0
2673091,1,1
2673760,1,1
2673761,1,1
2673762,1,1
2673763,1,1
267476,1,1
2674931,1,1
2674932,1,1
2674933,1,1
2674934,1,1
2675321,1,1
2675326,1,1
2675350,1,1
2675742,1,1
2675744,1,1
2675749,1,1
2675753,1,1
2675757,1,1
2677156,1,1
2677162,1,1
2677164,1,1
2677776,1,1
2677780,1,1
2677782,1,1
2677787,1,1
2679071,1,1
2679073,1,1
2679317,1,1
2679319,1,1
2679321,1,1
2679323,1,1
2679325,1,1
2679327,1,1
2679427,1,1
2679431,1,1
2679433,1,1
2679438,1,1
2679440,1,1
2679441,1,1
2679442,1,1
2679443,1,1
2679499,1,1
2679502,1,1
2679504,1,1
2679779,1,1
2679780,1,1
2679784,1,1
2679786,1,1
2679787,1,1
2679788,1,1
2679793,1,1
2679797,1,1
2679800,1,1
2679802,1,1
2680283,1,1
2680287,1,1
2680289,1,1
2680294,1,1
2680296,1,1
2680297,1,1
2680298,1,1
2680299,1,1
2680735,1,1
2680741,1,1
2680743,1,1
2680746,1,1
2680748,1,1
2680750,1,1
2680756,1,1
2680757,1,1
2680759,1,1
2680760,1,1
2681015,1,1
2681019,1,1
2682429,1,1
2682430,1,1
2682431,1,1
2682432,1,1
2682555,1,1
2682556,1,1
2682561,1,1
2682564,1,1
2682565,1,1
2682570,1,1
2682571,1,1
2682573,1,1
2682575,1,1
2682577,1,1
2682578,1,1
2682580,1,1
2682581,1,1
2682583,1,1
2683305,1,1
2683306,1,1
2683419,1,0
2685197,1,1
2685202,1,1
2685204,1,1
2685206,1,1
2685208,1,1
2685612,1,1
2686045,1,1
2686050,1,1
2686053,1,1
2686057,1,1
2687710,1,1
2687712,1,1
2688819,1,1
2688823,1,1
2688826,1,1
2688827,1,1
2688828,1,1
2688829,1,1
2689112,1,1
2689113,1,1
2689119,1,1
2689121,1,1
2689123,1,1
2689125,1,1
2689127,1,1
2692684,1,1
2692688,1,1
2692878,1,0
2693194,1,1
2693196,1,1
2693564,1,1
2693567,1,1
2696256,1,1
2696260,1,1
2696262,1,1
2696267,1,1
2696270,1,1
2696274,1,1
2696282,1,1
2696284,1,1
2696287,1,1
2697040,1,1
2697044,1,1
2699121,1,1
2699122,1,1
2699123,1,1
2699124,1,1
2699315,1,1
2699319,1,1
2699334,1,1
2699335,1,1
2699339,1,1
2699341,1,1
2699612,1,0
2699618,1,0
2700389,1,1
2700393,1,1
2700395,1,1
2700400,1,1
2700404,1,1
2700409,1,1
2700411,1,1
2700412,1,1
2700660,1,0
2700665,1,1
2700669,1,1
2700671,1,1
2700676,1,1
2700679,1,1
2700682,1,1
2700685,1,1
2700689,1,1
2700691,1,1
2700692,1,1
2700735,1,0
2700737,1,0
2700742,1,0
2700744,1,0
2700745,1,0
2702602,1,1
2702606,1,1
2702608,1,1
2702613,1,1
2702615,1,1
2702616,1,1
2702619,1,1
2702624,1,1
2703027,1,1
2703028,1,1
2703032,1,1
2703570,1,1
2703571,1,1
2703575,1,1
2703577,1,1
2703579,1,1
2703582,1,1
2704012,1,0
2704013,1,0
2704018,1,0
2704891,1,1
2704892,1,1
2704898,1,1
2705377,1,1
2705382,1,1
2705384,1,1
2705389,1,1
2705393,1,1
2705398,1,1
2705400,1,1
2705401,1,1
2705421,1,1
2705425,1,1
2705427,1,1
2705432,1,1
2705435,1,1
2705439,1,1
2705443,1,1
2705448,1,1
2705450,1,1
2705451,1,1
2705452,1,1
2705453,1,1
2705553,1,1
2705557,1,1
2705559,1,1
2705564,1,1
2705568,1,1
2705573,1,1
2705575,1,1
2705576,1,1
2705577,1,1
2705581,1,1
2705583,1,1
2705588,1,1
2705592,1,1
2705597,1,1
2705599,1,1
2705600,1,1
2705601,1,1
2705603,1,1
2705729,1,1
2705733,1,1
2705734,1,1
2705739,1,1
2705741,1,1
2705745,1,1
2705808,1,0
2706360,1,1
2706479,1,1
2706533,1,1
2706535,1,1
2706541,1,1
2706644,1,1
2706645,1,1
2707547,1,1
2707549,1,1
2707551,1,1
2707553,1,1
2707555,1,1
2707557,1,1
2708335,1,1
2708337,1,1
2708338,1,1
2708339,1,1
2708998,1,1
2708999,1,1
2709003,1,1
2709039,1,1
2709040,1,1
2709046,1,1
2709225,1,0
2709470,1,1
2709477,1,1
2709482,1,1
2709488,1,1
2709491,1,1
2709603,1,1
2709608,1,1
2709612,1,1
27100,1,1
2712044,1,0
2712048,1,0
2712050,1,0
2712055,1,0
2712057,1,0
2712058,1,0
2712147,1,1
2712152,1,1
2712344,1,1
274332,1,1
274342,1,1
274771,1,1
274783,1,1
282443,1,1
284676,1,1
284700,1,1
284810,1,1
284871,1,1
284900,1,1
285133,1,1
287734,1,1
28863,1,1
29046,1,1
298869,1,1
30009,1,1
3002,1,1
30131,1,1
301542,1,1
30236,1,1
302379,1,1
3041,1,1
307666,1,0
3098,1,1
3100,1,1
310351,1,1
3109,1,1
311057,1,1
31435,1,1
314659,1,0
314667,1,0
31555,1,1
320864,1,1
321064,1,1
321988,1,1
323828,1,1
32385,1,1
323879,1,1
32592,1,1
327361,1,1
327503,1,1
32937,1,1
32968,1,0
3304,1,0
33212,1,1
3322,1,1
33738,1,1
337521,1,0
33764,1,1
3407,1,1
34132,1,1
342280,1,1
3423,1,1
343027,1,1
3443,1,0
348978,1,0
349113,1,0
35208,1,1
352387,1,1
352734,1,1
352741,1,1
35296,1,1
353108,1,1
353484,1,1
35636,1,1
356767,1,1
356773,1,1
356774,1,1
358355,1,1
359731,1,1
359732,1,1
3639,1,1
36437,1,1
36567,1,1
36908,1,1
37776,1,1
379804,1,1
3827,1,1
38413,1,1
38454,1,1
38508,1,1
387007,1,0
387008,1,0
388081,1,0
38865,1,1
389139,1,1
389182,1,1
389183,1,1
389184,1,1
389185,1,1
389202,1,1
392124,1,1
392262,1,1
392293,1,0
39541,1,1
39786,1,1
3995,1,1
39990,1,1
39993,1,1
400008,1,1
40048,1,1
400560,1,1
401971,1,1
402012,1,1
404872,1,1
405155,1,1
405206,1,1
405304,1,1
405349,1,0
410584,1,1
4109,1,1
41127,1,1
411434,1,1
4179,1,1
421071,1,0
422626,1,0
422657,1,1
422658,1,1
42347,1,1
42355,1,1
42463,1,1
42512,1,1
42568,1,1
425723,1,0
42686,1,1
428825,1,1
428826,1,1
42940,1,1
429926,1,1
430102,1,1
430103,1,1
430837,1,0
4337,1,1
433844,1,0
433856,1,1
436212,1,1
437160,1,0
44151,1,1
44157,1,1
4441,1,1
4488,1,1
4492,1,1
4493,1,1
4582,1,1
4603,1,1
461016,1,1
4637,1,1
466523,1,1
475968,1,1
476250,1,1
477397,1,1
477468,1,1
4815,1,1
4816,1,1
4821,1,1
482574,1,1
484211,1,1
485210,1,1
486610,1,1
491095,1,0
49131,1,1
493622,1,1
495215,1,1
498509,1,0
50166,1,1
51272,1,1
51428,1,1
51499,1,1
52175,1,1
5224,1,0
52582,1,1
53557,1,1
539482,1,1
540404,1,1
540618,1,0
541657,1,1
541841,1,1
544940,1,1
545038,1,1
545203,1,1
54552,1,1
5487,1,0
5489,1,0
5650,1,1
5657,1,1
56946,1,1
57308,1,1
5764,1,0
579570,1,1
582041,1,1
582671,1,1
583099,1,1
58827,1,1
589511,1,1
593411,1,1
593441,1,1
594119,1,0
595060,1,1
596,1,1
596205,1,1
596554,1,1
596723,1,1
597355,1,0
602396,1,1
602399,1,1
602407,1,1
602411,1,1
60245,1,1
602544,1,1
602549,1,1
602550,1,1
603159,1,1
604751,1,1
60548,1,1
606253,1,1
607583,1,1
607999,1,1
612865,1,1
613324,1,1
61381,1,1
614348,1,1
614391,1,1
616011,1,1
621590,1,1
62349,1,1
629300,1,0
636242,1,1
636556,1,1
638596,1,1
639536,1,1
643193,1,1
644,1,1
644298,1,1
645109,1,1
645289,1,1
645290,1,1
645291,1,1
6466,1,1
6470,1,1
6472,1,1
647208,1,1
647235,1,1
657797,1,1
662019,1,1
6674,1,1
668310,1,1
668619,1,1
66925,1,1
670009,1,1
6718,1,1
6719,1,1
677229,1,1
6809,1,1
6813,1,1
683693,1,1
68446,1,1
6851,1,1
686430,1,1
6916,1,1
6918,1,1
69749,1,1
7004,1,1
7005,1,1
7008,1,1
701408,1,1
701411,1,1
701413,1,1
703,1,1
704,1,1
7052,1,1
706895,1,1
706896,1,1
707319,1,0
709271,1,1
711372,1,1
712566,1,1
7145,1,1
72210,1,1
722127,1,1
72260,1,1
7238,1,0
723805,1,1
7242,1,1
7243,1,1
72435,1,1
72610,1,1
72625,1,1
727757,1,1
72875,1,1
729455,1,1
729605,1,1
72962,1,1
729704,1,1
729717,1,1
73044,1,1
734064,1,1
73494,1,1
736680,1,1
741098,1,1
74667,1,1
747195,1,1
751613,1,1
754738,1,1
756322,1,1
756323,1,1
757597,1,1
757599,1,1
757710,1,1
757712,1,1
7804,1,1
7814,1,1
787390,1,0
795081,1,1
795082,1,1
798923,1,0
8004,1,1
8011,1,1
8013,1,1
802646,1,1
803408,1,1
803409,1,1
8076,1,1
80773,1,1
809158,1,1
8129,1,1
819300,1,1
81992,1,1
81994,1,0
81999,1,0
82063,1,1
82064,1,1
82079,1,1
82110,1,0
82118,1,1
82124,1,1
825130,1,1
825131,1,1
825169,1,1
825409,1,0
825411,1,0
825413,1,0
826103,1,1
82728,1,1
828692,1,1
828693,1,1
829877,1,1
831012,1,0
832067,1,1
83366,1,1
83367,1,1
833707,1,0
8347,1,1
83515,1,1
835486,1,1
83553,1,1
835945,1,1
836408,1,0
836466,1,0
836485,1,0
836642,1,1
83818,1,1
84108,1,1
845507,1,1
845509,1,1
845515,1,1
847083,1,1
847230,1,1
847239,1,1
847259,1,1
847910,1,1
847915,1,1
848160,1,1
848161,1,1
849329,1,0
849331,1,0
849561,1,0
849597,1,1
849860,1,0
849903,1,0
853350,1,1
853351,1,1
853355,1,1
854137,1,0
854856,1,1
854885,1,1
854886,1,1
855350,1,1
856381,1,0
856382,1,0
856383,1,0
856862,1,1
856865,1,1
856867,1,1
856868,1,1
857190,1,0
857492,1,0
857974,1,1
858036,1,1
858037,1,1
858042,1,1
858087,1,1
858092,1,1
858095,1,1
858098,1,1
858101,1,1
858821,1,1
86009,1,1
860693,1,1
861021,1,1
861042,1,1
861044,1,1
861612,1,1
861634,1,1
861640,1,1
861760,1,1
861763,1,1
861769,1,1
861795,1,1
861806,1,1
861819,1,1
8637,1,1
864984,1,1
865154,1,1
865155,1,1
865157,1,1
865159,1,1
865180,1,1
865575,1,1
8702,1,1
8754,1,1
876301,1,1
881404,1,1
885604,1,1
885779,1,1
886676,1,1
892579,1,1
892669,1,1
895016,1,1
895022,1,1
895185,1,1
895199,1,1
895201,1,1
895202,1,1
895206,1,1
895208,1,1
895213,1,1
895215,1,1
895217,1,1
895219,1,1
895221,1,1
895227,1,1
895238,1,1
895240,1,1
895248,1,1
895761,1,1
897122,1,1
897123,1,1
898004,1,1
898138,1,1
898611,1,1
898614,1,1
898618,1,1
898697,1,0
898704,1,0
901212,1,1
902714,1,1
902718,1,1
904622,1,1
904632,1,1
904634,1,1
904664,1,1
904668,1,1
904871,1,1
905166,1,1
91104,1,0
92881,1,1
9344,1,1
93560,1,1
9524,1,1
968804,1,1
974779,1,1
977427,1,1
977428,1,1
977438,1,1
977874,1,1
977887,1,1
977894,1,1
977902,1,1
977909,1,1
977915,1,1
977923,1,1
977929,1,1
977939,1,1
977942,1,1
9877,1,0
993548,1,1
993550,1,1
993567,1,1
993681,1,1
9947,1,1
994808,1,1
996051,1,1
996055,1,1
996156,1,1
996158,1,1
996160,1,1
996624,1,1
997169,1,0
997216,1,1
997301,1,0
998189,1,1
6448,1,1
203321,1,1
42351,1,1
199324,1,1
199762,1,1
248306,1,1
2597670,1,1
2107617,1,1
6375,1,1
2695775,1,1
2107616,1,1
1599847,1,1
2690265,1,1
1599245,1,1
1600773,1,1
1600914,1,1
1600916,1,1
2690281,1,1
2690260,1,1
1600775,1,1
2690279,1,1
2586027,1,1
36572,1,1
212156,1,1
2690259,1,1
2586032,1,1
2690284,1,1
2690290,1,1
103990,1,1
2690286,1,1
2690292,1,1
215459,1,1
211986,1,1
1599846,1,1
541803,1,1
541293,1,1
404786,1,1
1372713,1,1
262112,1,1
60307,1,1
2362173,1,1
2362167,1,1
2362178,1,1
2362182,1,1
2362180,1,1
2362172,1,1
153657,1,1
72937,1,1
1944371,1,1
2044715,1,1
2257015,1,1
2257014,1,1
620,1,1
282415,1,1
621,1,1
2044730,1,1
1944380,1,1
1944370,1,1
2044724,1,1
2044714,1,1
2705791,1,1
544581,1,1
2371044,1,1
2371068,1,1
2371067,1,1
1043,1,1
71225,1,1
2371066,1,1
2371054,1,1
2705796,1,1
2371062,1,1
2371050,1,1
2371058,1,1
2371056,1,1
2705789,1,1
2371064,1,1
2371052,1,1
2371043,1,1
389141,1,1
199929,1,1
855856,1,1
2371060,1,1
389140,1,1
1791692,1,1
1791685,1,1
1791686,1,1
2049275,1,1
2049269,1,1
282386,1,1
2699832,1,1
282388,1,1
284924,1,1
2699837,1,1
483431,1,1
2699831,1,1
411240,1,1
643170,1,1
2691832,1,1
475342,1,1
1546019,1,1
2691837,1,1
2691839,1,1
2691841,1,1
2691845,1,1
2691847,1,1
2691843,1,1
1045406,1,1
799047,1,1
643107,1,1
1045402,1,1
735866,1,1
2698565,1,1
662281,1,1
2698561,1,1
2715454,1,1
1804015,1,1
2701416,1,1
2698570,1,1
2698574,1,1
2002717,1,1
2715473,1,1
2698572,1,1
2715459,1,1
997653,1,1
2715469,1,1
2698564,1,1
1307625,1,1
1307619,1,1
1314319,1,1
2672326,1,1
2672328,1,1
2669663,1,1
1307624,1,1
1307633,1,1
2669665,1,1
1987732,1,1
1364353,1,1
1364347,1,1
1364953,1,1
2473042,1,1
1364360,1,1
1726637,1,1
2473040,1,1
1364352,1,1
2584321,1,1
2584304,1,1
2584303,1,1
2584330,1,1
2680280,1,1
2584326,1,1
2584328,1,1
2680278,1,1
2584320,1,1
356733,1,1
2693992,1,1
358258,1,1
2693996,1,1
2608952,1,1
2601542,1,1
2601544,1,1
2608948,1,1
1302971,1,1
1302966,1,1
1806934,1,1
1806940,1,1
2046642,1,1
1723758,1,1
1723735,1,1
1723734,1,1
1723765,1,1
1723757,1,1
1723770,1,1
1721952,1,1
1721947,1,1
2375130,1,1
1726439,1,1
1721951,1,1
2282024,1,1
2282018,1,1
2282019,1,1
2282028,1,1
2282032,1,1
2282031,1,1
2282023,1,1
337535,1,1
342369,1,1
1428947,1,1
1242231,1,1
1369719,1,1
1369713,1,1
1369734,1,1
1369726,1,1
1369718,1,1
1369730,1,1
323502,1,1
75207,1,1
1468845,1,1
1989081,1,1
722117,1,1
358274,1,1
1442138,1,1
1442132,1,1
1442137,1,1
2677766,1,1
2631887,1,1
2677771,1,1
2677775,1,1
2677773,1,1
2677765,1,1
1439889,1,1
1439816,1,1
1439821,1,1
1439823,1,1
1439831,1,1
1439833,1,1
1439837,1,1
2714660,1,1
857796,1,1
323640,1,1
1485753,1,1
2602768,1,1
2641912,1,1
2630671,1,1
2630669,1,1
2630667,1,1
2602770,1,1
2602772,1,1
2641914,1,1
2602774,1,1
2641907,1,1
2630666,1,1
2641913,1,1
2602771,1,1
2602769,1,1
2602767,1,1
2630670,1,1
2630668,1,1
2602773,1,1
2641911,1,1
2641906,1,1
343048,1,1
1927409,1,1
342691,1,1
2697739,1,1
2667758,1,1
2602762,1,1
2602758,1,1
2714668,1,1
2714664,1,1
2602754,1,1
2714676,1,1
2602766,1,1
2714672,1,1
1488670,1,1
2602760,1,1
1488674,1,1
2602756,1,1
2602751,1,1
2714666,1,1
2697737,1,1
1488678,1,1
1858831,1,1
2667756,1,1
2714674,1,1
2714670,1,1
2714659,1,1
857795,1,1
1488665,1,1
2602764,1,1
591568,1,1
2680305,1,1
40138,1,1
2680309,1,1
226758,1,1
2680303,1,1
861964,1,1
114221,1,1
1009213,1,1
8814,1,1
104463,1,1
1729008,1,1
1729075,1,1
1729002,1,1
2565275,1,1
1729045,1,1
1729031,1,1
1729055,1,1
1729059,1,1
1729007,1,1
1729063,1,1
1729027,1,1
1729051,1,1
2565271,1,1
2267567,1,1
2675560,1,1
196501,1,1
2059261,1,1
35623,1,1
2675565,1,1
2267572,1,1
2058147,1,1
2265862,1,1
1921882,1,1
1921877,1,1
2602122,1,1
1924317,1,1
2681044,1,1
1924316,1,1
2602117,1,1
261547,1,1
1731015,1,1
1736038,1,1
1605363,1,1
114477,1,1
1736037,1,1
2585478,1,1
1736051,1,1
1736048,1,1
1736045,1,1
1605372,1,1
2001501,1,1
196502,1,1
900890,1,1
900983,1,1
900865,1,1
28439,1,1
2724466,1,1
391875,1,1
2724462,1,1
40254,1,1
11118,1,1
1099853,1,1
1099703,1,1
1099766,1,1
1099670,1,1
1099691,1,1
1099656,1,1
1099772,1,1
1592280,1,1
2606491,1,1
1592254,1,1
2606490,1,1
1868018,1,1
1592279,1,1
1868014,1,1
1592743,1,1
1592737,1,1
1592736,1,1
1592750,1,1
1592742,1,1
203159,1,1
36117,1,1
72616,1,1
866048,1,1
723732,1,1
25255,1,1
236216,1,1
998038,1,1
1246319,1,1
1114326,1,1
1114325,1,1
1114329,1,1
1918195,1,1
301543,1,1
2110506,1,1
284635,1,1
2395834,1,1
2395828,1,1
2395831,1,1
896244,1,1
896186,1,1
896267,1,1
2395832,1,1
2395826,1,1
896236,1,1
896161,1,1
2395829,1,1
896218,1,1
896239,1,1
896231,1,1
2597666,1,1
327148,1,1
389132,1,1
2597673,1,1
1246314,1,1
1246316,1,1
1246288,1,1
1246304,1,1
1372704,1,1
1002293,1,1
1660933,1,1
1246308,1,1
1660937,1,1
2196590,1,1
1246311,1,1
1424888,1,1
1424899,1,1
1648787,1,1
2637473,1,1
1648786,1,1
1424889,1,1
1648788,1,1
1539892,1,1
1648783,1,1
1539887,1,1
1424895,1,1
2637476,1,1
1487527,1,1
1487518,1,1
1487520,1,1
1487519,1,1
1720948,1,1
1720949,1,1
2166927,1,1
1658460,1,1
1651266,1,1
1651274,1,1
1651267,1,1
1651272,1,1
1651273,1,1
1790640,1,1
1790639,1,1
1790638,1,1
2395769,1,1
1945039,1,1
1945047,1,1
2395771,1,1
1945040,1,1
1945045,1,1
1945046,1,1
2395772,1,1
2395775,1,1
2395774,1,1
2395773,1,1
1945038,1,1
2387321,1,1
2387326,1,1
2387328,1,1
2387325,1,1
2387329,1,1
2387330,1,1
2387322,1,1
2387331,1,1
226084,1,1
1347,1,1
1348,1,1
253156,1,1
1546384,1,1
1998771,1,1
1490773,1,1
1998773,1,1
196487,1,1
19831,1,1
1367172,1,1
966527,1,1
247047,1,1
966522,1,1
1245271,1,1
25120,1,1
1546428,1,1
1298840,1,1
1245276,1,1
1514,1,1
227897,1,1
19254,1,1
1516,1,1
1517,1,1
203220,1,1
215664,1,1
1941532,1,1
217152,1,1
1547650,1,1
41126,1,1
705022,1,1
50121,1,1
2395840,1,1
2395838,1,1
2395836,1,1
2395835,1,1
2045377,1,1
1547663,1,1
2395839,1,1
1547658,1,1
1547671,1,1
896025,1,1
895994,1,1
896021,1,1
896018,1,1
2395837,1,1
1547666,1,1
10759,1,1
38546,1,1
2389302,1,1
10761,1,1
10762,1,1
616812,1,1
108118,1,1
30145,1,1
153374,1,1
746803,1,1
1536142,1,1
1995983,1,1
790283,1,1
746814,1,1
1148519,1,1
746810,1,1
1536147,1,1
2196790,1,1
746812,1,1
356739,1,1
2377378,1,1
274964,1,1
69120,1,1
393575,1,1
203441,1,1
217266,1,1
42612,1,1
3538,1,1
831263,1,1
262233,1,1
31563,1,1
266663,1,1
18751,1,1
235862,1,1
104535,1,1
104536,1,1
20976,1,1
203388,1,1
203394,1,1
10438,1,1
155075,1,1
91178,1,1
199809,1,1
252482,1,1
108870,1,1
689,1,1
1298965,1,1
388049,1,1
245318,1,1
135092,1,1
114970,1,1
153889,1,1
88249,1,1
115713,1,1
392072,1,1
391880,1,1
24274,1,1
402567,1,1
4335,1,1
236281,1,1
2726003,1,1
2725997,1,1
2726011,1,1
2726008,1,1
2726010,1,1
2726001,1,1
72257,1,1
72258,1,1
75917,1,1
82828,1,1
84375,1,1
117055,1,1
135779,1,1
153326,1,1
214582,1,1
228271,1,1
284679,1,1
354770,1,1
492635,1,1
727813,1,1
758028,1,1
758030,1,1
795748,1,1
860241,1,1
897018,1,1
897022,1,1
1012891,1,1
1012892,1,1
1012895,1,1
1012896,1,1
1310520,1,1
1310526,1,1
1373478,1,1
1373483,1,1
1373484,1,1
1373491,1,1
1373497,1,1
1546168,1,1
1546172,1,1
1546173,1,1
1546181,1,1
1546187,1,1
1546197,1,1
1594658,1,1
1594659,1,1
1649591,1,1
1649600,1,1
1649601,1,1
1649602,1,1
1649994,1,1
1650003,1,1
1650011,1,1
1650012,1,1
1650268,1,1
1650899,1,1
1654626,1,1
1876366,1,1
1876380,1,1
1876381,1,1
2045491,1,1
2121085,1,1
2121090,1,1
2121091,1,1
2121096,1,1
2121098,1,1
2121100,1,1
2123313,1,1
2123314,1,1
2261783,1,1
2261788,1,1
2261789,1,1
2261794,1,1
2288235,1,1
2288236,1,1
2288406,1,1
2288407,1,1
2288412,1,1
2288414,1,1
2288416,1,1
2288418,1,1
2288420,1,1
2288430,1,1
2288431,1,1
2288432,1,1
2288433,1,1
2532300,1,1
2532305,1,1
2532306,1,1
2532311,1,1
2532314,1,1
2532316,1,1
2532318,1,1
2532320,1,1
2532322,1,1
2532324,1,1
2532327,1,1
2532329,1,1
2532331,1,1
2532333,1,1
2532335,1,1
2532337,1,1
2532339,1,1
2532341,1,1
2532343,1,1
2532345,1,1
2532347,1,1
2532349,1,1
2532350,1,1
2532351,1,1
2594606,1,1
2594608,1,1
2594796,1,1
2594797,1,1
2610292,1,1
2610295,1,1
2610296,1,1
2610302,1,1
2626348,1,1
2626349,1,1
2626353,1,1
2626355,1,1
2626359,1,1
2626383,1,1
2626385,1,1
2642213,1,1
2642214,1,1
2693449,1,1
2725169,1,1
2725173,1,1
2725175,1,1
2725180,1,1
151539,1,1
214199,1,1
1362214,1,1
1190220,1,1
8887,1,1
104514,1,1
151358,1,1
151414,1,1
151871,1,1
153171,1,1
153741,1,1
153742,1,1
199731,1,1
202462,1,1
202908,1,1
203769,1,1
216755,1,1
247840,1,1
252298,1,1
386998,1,1
392321,1,1
647295,1,1
801092,1,1
1092441,1,1
1119312,1,1
1490666,1,1
1649560,1,1
1656395,1,1
1656400,1,1
1727492,1,1
1741733,1,1
1741734,1,1
1923053,1,1
1923055,1,1
1923057,1,1
1939296,1,1
1939346,1,1
1996259,1,1
1996260,1,1
1999309,1,1
1999667,1,1
1999668,1,1
2049671,1,1
2049672,1,1
2121406,1,1
2166796,1,1
2569281,1,1
2569283,1,1
2584354,1,1
2584356,1,1
2587064,1,1
2587066,1,1
2587070,1,1
2665276,1,1
2665282,1,1
2665284,1,1
2675280,1,1
2678937,1,1
2678938,1,1
2678943,1,1
2678945,1,1
2678947,1,1
2678948,1,1
2678949,1,1
2678950,1,1
2678951,1,1
2715403,1,1
2715405,1,1
2715410,1,1
2725889,1,1
2725891,1,1
2725896,1,1
2725899,1,1
2725903,1,1
435,0,1
3554,0,1
5521,0,1
5552,0,1
72965,0,1
82819,0,1
142153,0,1
152761,0,1
153972,0,1
315148,0,1
891170,0,1
905203,0,1
905211,0,1
905217,0,1
977431,0,1
977434,0,1
977436,0,1
977440,0,1
1092437,0,1
1370688,0,1
1546089,0,1
1597387,0,1
1597388,0,1
1797890,0,1
1869712,0,1
2587059,0,1
2587060,0,1
2678930,0,1
2678931,0,1
2715399,0,1
2725885,0,1
