rxcui,who_check,who_note
308904,UNCONFIRMED,"no WHO snapshot for these L4s"
205140,GAP,"resolver status RETIRED_NO_REMAP"
826860,GAP,"resolver status L4_ONLY"
755796,GAP,"resolver status RETIRED_NO_REMAP"
707268,UNCONFIRMED,"no WHO snapshot for these L4s"
93756,GAP,"resolver status RETIRED_NO_REMAP"
794244,UNCONFIRMED,"no WHO snapshot for these L4s"
861228,GAP,"resolver status L4_ONLY"
795468,UNCONFIRMED,"no WHO snapshot for these L4s"
206328,UNCONFIRMED,"no WHO snapshot for these L4s"
308640,GAP,"resolver status L4_ONLY"
308388,UNCONFIRMED,"no WHO snapshot for these L4s"
2176488,GAP,"resolver status L4_ONLY"
1012080,UNCONFIRMED,"no WHO snapshot for these L4s"
1043268,UNCONFIRMED,"no WHO snapshot for these L4s"
246504,UNCONFIRMED,"no WHO snapshot for these L4s"
1037328,UNCONFIRMED,"no WHO snapshot for these L4s"
1045344,UNCONFIRMED,"no WHO snapshot for these L4s"
213972,UNCONFIRMED,"no WHO snapshot for these L4s"
199296,GAP,"resolver status RETIRED_NO_REMAP"
847440,UNCONFIRMED,"no WHO snapshot for these L4s"
1234872,GAP,"resolver status L4_ONLY"
1099488,UNCONFIRMED,"no WHO snapshot for these L4s"
310152,UNCONFIRMED,"no WHO snapshot for these L4s"
346296,UNCONFIRMED,"no WHO snapshot for these L4s"
544140,GAP,"resolver status RETIRED_NO_REMAP"
1876116,UNCONFIRMED,"no WHO snapshot for these L4s"
1293504,GAP,"resolver status L4_ONLY"
1357908,UNCONFIRMED,"no WHO snapshot for these L4s"
1808604,GAP,"resolver status L4_ONLY"
1242120,GAP,"resolver status RETIRED_NO_REMAP"
1246068,UNCONFIRMED,"no WHO snapshot for these L4s"
1297404,GAP,"resolver status RETIRED_NO_REMAP"
1487376,GAP,"no L5 codes"
1492380,GAP,"resolver status RETIRED_NO_REMAP"
1796676,GAP,"no L5 codes"
1300164,UNCONFIRMED,"no WHO snapshot for these L4s"
1375932,GAP,"resolver status L4_ONLY"
1425228,UNCONFIRMED,"no WHO snapshot for these L4s"
1541928,UNCONFIRMED,"no WHO snapshot for these L4s"
884772,UNCONFIRMED,"no WHO snapshot for these L4s"
2046528,UNCONFIRMED,"no WHO snapshot for these L4s"
205800,UNCONFIRMED,"no WHO snapshot for these L4s"
701184,GAP,"resolver status RETIRED_NO_REMAP"
695964,UNCONFIRMED,"no WHO snapshot for these L4s"
2045892,UNCONFIRMED,"no WHO snapshot for these L4s"
967944,UNCONFIRMED,"no WHO snapshot for these L4s"
998400,UNCONFIRMED,"no WHO snapshot for these L4s"
371244,GAP,"resolver status RETIRED_NO_REMAP"
2002800,GAP,"no L5 codes"
998256,GAP,"resolver status RETIRED_NO_REMAP"
800976,UNCONFIRMED,"no WHO snapshot for these L4s"
208812,UNCONFIRMED,"no WHO snapshot for these L4s"
210372,UNCONFIRMED,"no WHO snapshot for these L4s"
1094748,UNCONFIRMED,"no WHO snapshot for these L4s"
404472,UNCONFIRMED,"no WHO snapshot for these L4s"
1010688,GAP,"resolver status L4_ONLY"
1011996,UNCONFIRMED,"no WHO snapshot for these L4s"
1037088,UNCONFIRMED,"no WHO snapshot for these L4s"
1000056,UNCONFIRMED,"no WHO snapshot for these L4s"
238920,UNCONFIRMED,"no WHO snapshot for these L4s"
543816,UNCONFIRMED,"no WHO snapshot for these L4s"
1095588,GAP,"resolver status RETIRED_NO_REMAP"
1099896,GAP,"resolver status L4_ONLY"
1046700,GAP,"resolver status L4_ONLY"
251400,GAP,"no L5 codes"
1791612,GAP,"resolver status L4_ONLY"
1807548,UNCONFIRMED,"no WHO snapshot for these L4s"
1488624,GAP,"no L5 codes"
1363752,GAP,"resolver status L4_ONLY"
1595448,GAP,"resolver status L4_ONLY"
1357416,UNCONFIRMED,"no WHO snapshot for these L4s"
1308456,GAP,"resolver status RETIRED_NO_REMAP"
1248156,UNCONFIRMED,"no WHO snapshot for these L4s"
1486572,UNCONFIRMED,"no WHO snapshot for these L4s"
1651332,UNCONFIRMED,"no WHO snapshot for these L4s"
1304988,UNCONFIRMED,"no WHO snapshot for these L4s"
749880,UNCONFIRMED,"no WHO snapshot for these L4s"
762816,UNCONFIRMED,"no WHO snapshot for these L4s"
763632,CONFIRMED,"L4 in WHO snapshot"
900528,GAP,"resolver status L4_ONLY"
312564,UNCONFIRMED,"no WHO snapshot for these L4s"
2047428,GAP,"resolver status L4_ONLY"
801648,GAP,"resolver status L4_ONLY"
308304,CONFIRMED,"L4 in WHO snapshot"
901824,GAP,"resolver status L4_ONLY"
1090476,GAP,"resolver status L4_ONLY"
686352,UNCONFIRMED,"no WHO snapshot for these L4s"
202020,UNCONFIRMED,"no WHO snapshot for these L4s"
800400,UNCONFIRMED,"no WHO snapshot for these L4s"
849612,GAP,"resolver status L4_ONLY"
1094724,UNCONFIRMED,"no WHO snapshot for these L4s"
1099668,GAP,"resolver status L4_ONLY"
1112448,GAP,"resolver status RETIRED_NO_REMAP"
2184132,CONFIRMED,"L4 in WHO snapshot"
204912,UNCONFIRMED,"no WHO snapshot for these L4s"
211500,CONFIRMED,"L4 in WHO snapshot"
2055036,GAP,"no L5 codes"
210000,GAP,"resolver status L4_ONLY"
1149660,UNCONFIRMED,"no WHO snapshot for these L4s"
577068,GAP,"resolver status L4_ONLY"
1042836,GAP,"resolver status L4_ONLY"
211680,GAP,"resolver status RETIRED_NO_REMAP"
1049280,UNCONFIRMED,"no WHO snapshot for these L4s"
584436,UNCONFIRMED,"no WHO snapshot for these L4s"
313872,UNCONFIRMED,"no WHO snapshot for these L4s"
1245432,GAP,"resolver status RETIRED_NO_REMAP"
1292364,UNCONFIRMED,"no WHO snapshot for these L4s"
1538280,GAP,"resolver status RETIRED_NO_REMAP"
1606488,GAP,"resolver status RETIRED_NO_REMAP"
1789740,UNCONFIRMED,"no WHO snapshot for these L4s"
1243572,GAP,"resolver status RETIRED_NO_REMAP"
1372464,GAP,"resolver status L4_ONLY"
197808,GAP,"resolver status RETIRED_NO_REMAP"
1293408,GAP,"resolver status RETIRED_NO_REMAP"
197592,UNCONFIRMED,"no WHO snapshot for these L4s"
1593876,GAP,"no L5 codes"
1437300,UNCONFIRMED,"no WHO snapshot for these L4s"
729768,UNCONFIRMED,"no WHO snapshot for these L4s"
315036,GAP,"resolver status RETIRED_NO_REMAP"
798408,GAP,"no L5 codes"
798432,GAP,"resolver status RETIRED_NO_REMAP"
606828,UNCONFIRMED,"no WHO snapshot for these L4s"
1049256,UNCONFIRMED,"no WHO snapshot for these L4s"
312468,GAP,"no L5 codes"
213744,GAP,"no L5 codes"
1148952,UNCONFIRMED,"no WHO snapshot for these L4s"
1235496,UNCONFIRMED,"no WHO snapshot for these L4s"
1000128,UNCONFIRMED,"no WHO snapshot for these L4s"
284328,UNCONFIRMED,"no WHO snapshot for these L4s"
617304,CONFIRMED,"L4 in WHO snapshot"
313248,UNCONFIRMED,"no WHO snapshot for these L4s"
1234344,GAP,"resolver status RETIRED_NO_REMAP"
1737744,UNCONFIRMED,"no WHO snapshot for these L4s"
1926216,GAP,"resolver status L4_ONLY"
1809444,GAP,"no L5 codes"
1540356,UNCONFIRMED,"no WHO snapshot for these L4s"
1243500,GAP,"resolver status RETIRED_NO_REMAP"
1856484,GAP,"resolver status RETIRED_NO_REMAP"
1358640,UNCONFIRMED,"no WHO snapshot for these L4s"
1729200,GAP,"no L5 codes"
1550964,GAP,"resolver status L4_ONLY"
744636,CONFIRMED,"L4 in WHO snapshot"
861960,UNCONFIRMED,"no WHO snapshot for these L4s"
94188,UNCONFIRMED,"no WHO snapshot for these L4s"
762672,GAP,"no L5 codes"
900420,UNCONFIRMED,"no WHO snapshot for these L4s"
308724,UNCONFIRMED,"no WHO snapshot for these L4s"
899688,UNCONFIRMED,"no WHO snapshot for these L4s"
686424,UNCONFIRMED,"no WHO snapshot for these L4s"
312888,GAP,"no L5 codes"
857004,CONFIRMED,"L4 in WHO snapshot"
1095372,UNCONFIRMED,"no WHO snapshot for these L4s"
1233720,UNCONFIRMED,"no WHO snapshot for these L4s"
205788,UNCONFIRMED,"no WHO snapshot for these L4s"
995040,UNCONFIRMED,"no WHO snapshot for these L4s"
1233540,UNCONFIRMED,"no WHO snapshot for these L4s"
1048044,UNCONFIRMED,"no WHO snapshot for these L4s"
1050336,UNCONFIRMED,"no WHO snapshot for these L4s"
1666116,GAP,"resolver status L4_ONLY"
1664664,UNCONFIRMED,"no WHO snapshot for these L4s"
539712,GAP,"resolver status L4_ONLY"
543612,GAP,"resolver status RETIRED_NO_REMAP"
1000068,UNCONFIRMED,"no WHO snapshot for these L4s"
1369920,CONFIRMED,"L4 in WHO snapshot"
1811916,GAP,"resolver status L4_ONLY"
1534788,UNCONFIRMED,"no WHO snapshot for these L4s"
1251600,GAP,"no L5 codes"
1362948,UNCONFIRMED,"no WHO snapshot for these L4s"
1364100,UNCONFIRMED,"no WHO snapshot for these L4s"
1599816,UNCONFIRMED,"no WHO snapshot for these L4s"
801636,UNCONFIRMED,"no WHO snapshot for these L4s"
315048,UNCONFIRMED,"no WHO snapshot for these L4s"
884196,UNCONFIRMED,"no WHO snapshot for these L4s"
668664,UNCONFIRMED,"no WHO snapshot for these L4s"
309336,UNCONFIRMED,"no WHO snapshot for these L4s"
2045196,UNCONFIRMED,"no WHO snapshot for these L4s"
848928,UNCONFIRMED,"no WHO snapshot for these L4s"
1094460,GAP,"resolver status L4_ONLY"
1658664,GAP,"resolver status L4_ONLY"
207216,UNCONFIRMED,"no WHO snapshot for these L4s"
1041780,UNCONFIRMED,"no WHO snapshot for these L4s"
404592,UNCONFIRMED,"no WHO snapshot for these L4s"
1046604,UNCONFIRMED,"no WHO snapshot for these L4s"
1741380,GAP,"no L5 codes"
1795344,GAP,"resolver status L4_ONLY"
1248912,CONFIRMED,"L4 in WHO snapshot"
1372644,CONFIRMED,"L4 in WHO snapshot"
1537200,UNCONFIRMED,"no WHO snapshot for these L4s"
1247256,UNCONFIRMED,"no WHO snapshot for these L4s"
1742400,GAP,"no L5 codes"
1357884,GAP,"resolver status RETIRED_NO_REMAP"
1359360,GAP,"resolver status L4_ONLY"
1598052,GAP,"no L5 codes"
1536840,GAP,"resolver status L4_ONLY"
668292,GAP,"resolver status L4_ONLY"
706872,UNCONFIRMED,"no WHO snapshot for these L4s"
731376,GAP,"no L5 codes"
2043252,GAP,"no L5 codes"
309288,UNCONFIRMED,"no WHO snapshot for these L4s"
808128,GAP,"resolver status RETIRED_NO_REMAP"
705156,GAP,"no L5 codes"
745560,UNCONFIRMED,"no WHO snapshot for these L4s"
900468,UNCONFIRMED,"no WHO snapshot for these L4s"
1088712,UNCONFIRMED,"no WHO snapshot for these L4s"
900000,UNCONFIRMED,"no WHO snapshot for these L4s"
309876,UNCONFIRMED,"no WHO snapshot for these L4s"
198252,UNCONFIRMED,"no WHO snapshot for these L4s"
996708,GAP,"resolver status L4_ONLY"
905028,GAP,"no L5 codes"
856944,CONFIRMED,"L4 in WHO snapshot"
1150284,GAP,"no L5 codes"
402252,GAP,"resolver status L4_ONLY"
857736,UNCONFIRMED,"no WHO snapshot for these L4s"
859176,UNCONFIRMED,"no WHO snapshot for these L4s"
1046688,GAP,"resolver status RETIRED_NO_REMAP"
1049184,UNCONFIRMED,"no WHO snapshot for these L4s"
1659960,GAP,"resolver status L4_ONLY"
1099764,UNCONFIRMED,"no WHO snapshot for these L4s"
208560,UNCONFIRMED,"no WHO snapshot for these L4s"
1116552,UNCONFIRMED,"no WHO snapshot for these L4s"
1012308,UNCONFIRMED,"no WHO snapshot for these L4s"
1012560,GAP,"resolver status RETIRED_NO_REMAP"
311616,GAP,"resolver status L4_ONLY"
349116,UNCONFIRMED,"no WHO snapshot for these L4s"
1788876,UNCONFIRMED,"no WHO snapshot for these L4s"
1291092,UNCONFIRMED,"no WHO snapshot for these L4s"
1294008,CONFIRMED,"L4 in WHO snapshot"
1375128,GAP,"resolver status RETIRED_NO_REMAP"
1430532,GAP,"resolver status RETIRED_NO_REMAP"
1927632,GAP,"resolver status L4_ONLY"
1940460,GAP,"resolver status L4_ONLY"
1946784,GAP,"resolver status RETIRED_NO_REMAP"
1424388,UNCONFIRMED,"no WHO snapshot for these L4s"
1923432,GAP,"resolver status L4_ONLY"
1369764,UNCONFIRMED,"no WHO snapshot for these L4s"
866472,UNCONFIRMED,"no WHO snapshot for these L4s"
205068,UNCONFIRMED,"no WHO snapshot for these L4s"
992436,UNCONFIRMED,"no WHO snapshot for these L4s"
308880,GAP,"resolver status RETIRED_NO_REMAP"
792036,GAP,"resolver status RETIRED_NO_REMAP"
803364,GAP,"resolver status L4_ONLY"
702384,GAP,"no L5 codes"
313596,UNCONFIRMED,"no WHO snapshot for these L4s"
207048,UNCONFIRMED,"no WHO snapshot for these L4s"
745512,UNCONFIRMED,"no WHO snapshot for these L4s"
312504,UNCONFIRMED,"no WHO snapshot for these L4s"
1189260,UNCONFIRMED,"no WHO snapshot for these L4s"
404280,GAP,"no L5 codes"
1043712,GAP,"resolver status RETIRED_NO_REMAP"
260088,UNCONFIRMED,"no WHO snapshot for these L4s"
261216,UNCONFIRMED,"no WHO snapshot for these L4s"
210180,GAP,"resolver status L4_ONLY"
828432,UNCONFIRMED,"no WHO snapshot for these L4s"
211224,UNCONFIRMED,"no WHO snapshot for these L4s"
2121072,GAP,"no L5 codes"
1099920,UNCONFIRMED,"no WHO snapshot for these L4s"
1665228,UNCONFIRMED,"no WHO snapshot for these L4s"
105396,UNCONFIRMED,"no WHO snapshot for these L4s"
476688,GAP,"resolver status RETIRED_NO_REMAP"
1037352,UNCONFIRMED,"no WHO snapshot for these L4s"
1806684,GAP,"resolver status L4_ONLY"
1807632,UNCONFIRMED,"no WHO snapshot for these L4s"
1483224,UNCONFIRMED,"no WHO snapshot for these L4s"
1540044,GAP,"resolver status RETIRED_NO_REMAP"
1248168,UNCONFIRMED,"no WHO snapshot for these L4s"
752388,GAP,"resolver status L4_ONLY"
310812,CONFIRMED,"L4 in WHO snapshot"
800064,GAP,"resolver status L4_ONLY"
832092,UNCONFIRMED,"no WHO snapshot for these L4s"
749796,UNCONFIRMED,"no WHO snapshot for these L4s"
897048,CONFIRMED,"L4 in WHO snapshot"
630324,GAP,"resolver status RETIRED_NO_REMAP"
1094352,GAP,"resolver status L4_ONLY"
1234512,GAP,"resolver status L4_ONLY"
1053756,UNCONFIRMED,"no WHO snapshot for these L4s"
1085100,UNCONFIRMED,"no WHO snapshot for these L4s"
2047608,GAP,"no L5 codes"
360348,UNCONFIRMED,"no WHO snapshot for these L4s"
2102460,GAP,"no L5 codes"
1111440,GAP,"resolver status L4_ONLY"
1111764,GAP,"resolver status L4_ONLY"
856992,CONFIRMED,"L4 in WHO snapshot"
1039560,GAP,"resolver status RETIRED_NO_REMAP"
245208,GAP,"no L5 codes"
1658100,GAP,"no L5 codes"
859236,UNCONFIRMED,"no WHO snapshot for these L4s"
1006632,GAP,"resolver status L4_ONLY"
1046256,UNCONFIRMED,"no WHO snapshot for these L4s"
238212,GAP,"no L5 codes"
1012884,GAP,"resolver status RETIRED_NO_REMAP"
1741764,GAP,"resolver status RETIRED_NO_REMAP"
313572,UNCONFIRMED,"no WHO snapshot for these L4s"
2167752,GAP,"resolver status L4_ONLY"
857652,UNCONFIRMED,"no WHO snapshot for these L4s"
1251336,UNCONFIRMED,"no WHO snapshot for these L4s"
1251804,GAP,"resolver status RETIRED_NO_REMAP"
1535160,UNCONFIRMED,"no WHO snapshot for these L4s"
1593660,UNCONFIRMED,"no WHO snapshot for these L4s"
1358724,GAP,"resolver status RETIRED_NO_REMAP"
1546212,UNCONFIRMED,"no WHO snapshot for these L4s"
991488,UNCONFIRMED,"no WHO snapshot for these L4s"
1995288,UNCONFIRMED,"no WHO snapshot for these L4s"
1090692,GAP,"resolver status RETIRED_NO_REMAP"
994824,GAP,"no L5 codes"
856908,CONFIRMED,"L4 in WHO snapshot"
1001064,UNCONFIRMED,"no WHO snapshot for these L4s"
108204,UNCONFIRMED,"no WHO snapshot for these L4s"
2168508,UNCONFIRMED,"no WHO snapshot for these L4s"
351312,GAP,"resolver status RETIRED_NO_REMAP"
211236,UNCONFIRMED,"no WHO snapshot for these L4s"
1098144,UNCONFIRMED,"no WHO snapshot for these L4s"
1728768,UNCONFIRMED,"no WHO snapshot for these L4s"
1038840,UNCONFIRMED,"no WHO snapshot for these L4s"
1245492,GAP,"resolver status L4_ONLY"
1307244,GAP,"resolver status L4_ONLY"
1366872,GAP,"resolver status RETIRED_NO_REMAP"
1374372,UNCONFIRMED,"no WHO snapshot for these L4s"
1442964,UNCONFIRMED,"no WHO snapshot for these L4s"
1607808,GAP,"resolver status L4_ONLY"
1242240,GAP,"resolver status L4_ONLY"
1362048,GAP,"resolver status RETIRED_NO_REMAP"
1368936,GAP,"resolver status RETIRED_NO_REMAP"
1648152,GAP,"resolver status L4_ONLY"
1366212,GAP,"no L5 codes"
687204,UNCONFIRMED,"no WHO snapshot for these L4s"
763236,UNCONFIRMED,"no WHO snapshot for these L4s"
993924,CONFIRMED,"L4 in WHO snapshot"
809400,GAP,"resolver status RETIRED_NO_REMAP"
904620,GAP,"resolver status L4_ONLY"
308940,GAP,"resolver status L4_ONLY"
860928,UNCONFIRMED,"no WHO snapshot for these L4s"
1086936,UNCONFIRMED,"no WHO snapshot for these L4s"
207192,UNCONFIRMED,"no WHO snapshot for these L4s"
213900,GAP,"resolver status RETIRED_NO_REMAP"
1101852,GAP,"resolver status L4_ONLY"
544176,GAP,"resolver status RETIRED_NO_REMAP"
1053276,UNCONFIRMED,"no WHO snapshot for these L4s"
1086240,UNCONFIRMED,"no WHO snapshot for these L4s"
1098924,UNCONFIRMED,"no WHO snapshot for these L4s"
208332,UNCONFIRMED,"no WHO snapshot for these L4s"
349092,UNCONFIRMED,"no WHO snapshot for these L4s"
206316,UNCONFIRMED,"no WHO snapshot for these L4s"
476628,GAP,"resolver status L4_ONLY"
1739880,UNCONFIRMED,"no WHO snapshot for these L4s"
2049888,UNCONFIRMED,"no WHO snapshot for these L4s"
1192860,GAP,"no L5 codes"
1309308,GAP,"resolver status L4_ONLY"
197736,UNCONFIRMED,"no WHO snapshot for these L4s"
1435176,GAP,"resolver status RETIRED_NO_REMAP"
1364052,UNCONFIRMED,"no WHO snapshot for these L4s"
1293420,GAP,"resolver status L4_ONLY"
1650696,UNCONFIRMED,"no WHO snapshot for these L4s"
1876392,UNCONFIRMED,"no WHO snapshot for these L4s"
1294248,UNCONFIRMED,"no WHO snapshot for these L4s"
707544,GAP,"no L5 codes"
801012,GAP,"resolver status L4_ONLY"
308760,GAP,"no L5 codes"
1997508,UNCONFIRMED,"no WHO snapshot for these L4s"
998232,GAP,"no L5 codes"
876852,UNCONFIRMED,"no WHO snapshot for these L4s"
313092,CONFIRMED,"L4 in WHO snapshot"
881376,UNCONFIRMED,"no WHO snapshot for these L4s"
749736,UNCONFIRMED,"no WHO snapshot for these L4s"
833472,GAP,"resolver status L4_ONLY"
310476,UNCONFIRMED,"no WHO snapshot for these L4s"
905100,GAP,"no L5 codes"
2168532,CONFIRMED,"L4 in WHO snapshot"
1100016,UNCONFIRMED,"no WHO snapshot for these L4s"
1189668,GAP,"resolver status L4_ONLY"
543492,UNCONFIRMED,"no WHO snapshot for these L4s"
1011852,UNCONFIRMED,"no WHO snapshot for these L4s"
1038768,UNCONFIRMED,"no WHO snapshot for these L4s"
2184168,UNCONFIRMED,"no WHO snapshot for these L4s"
1085640,UNCONFIRMED,"no WHO snapshot for these L4s"
855492,GAP,"resolver status L4_ONLY"
2167740,GAP,"resolver status L4_ONLY"
2182800,GAP,"resolver status L4_ONLY"
1091208,GAP,"resolver status RETIRED_NO_REMAP"
1091892,UNCONFIRMED,"no WHO snapshot for these L4s"
1232712,UNCONFIRMED,"no WHO snapshot for these L4s"
1043760,UNCONFIRMED,"no WHO snapshot for these L4s"
245220,GAP,"resolver status L4_ONLY"
1739988,UNCONFIRMED,"no WHO snapshot for these L4s"
477144,UNCONFIRMED,"no WHO snapshot for these L4s"
859368,UNCONFIRMED,"no WHO snapshot for these L4s"
1006200,UNCONFIRMED,"no WHO snapshot for these L4s"
1796712,GAP,"resolver status RETIRED_NO_REMAP"
1867944,GAP,"resolver status L4_ONLY"
1486452,UNCONFIRMED,"no WHO snapshot for these L4s"
1535484,UNCONFIRMED,"no WHO snapshot for these L4s"
1856424,UNCONFIRMED,"no WHO snapshot for these L4s"
1300908,UNCONFIRMED,"no WHO snapshot for these L4s"
1300740,UNCONFIRMED,"no WHO snapshot for these L4s"
1290936,UNCONFIRMED,"no WHO snapshot for these L4s"
1361568,UNCONFIRMED,"no WHO snapshot for these L4s"
1362024,GAP,"resolver status RETIRED_NO_REMAP"
664704,UNCONFIRMED,"no WHO snapshot for these L4s"
751884,UNCONFIRMED,"no WHO snapshot for these L4s"
707352,UNCONFIRMED,"no WHO snapshot for these L4s"
372696,GAP,"resolver status RETIRED_NO_REMAP"
882504,UNCONFIRMED,"no WHO snapshot for these L4s"
636528,GAP,"resolver status L4_ONLY"
727488,GAP,"no L5 codes"
308232,GAP,"resolver status L4_ONLY"
758988,GAP,"resolver status L4_ONLY"
349212,UNCONFIRMED,"no WHO snapshot for these L4s"
800928,GAP,"resolver status L4_ONLY"
846192,UNCONFIRMED,"no WHO snapshot for these L4s"
2168448,GAP,"resolver status RETIRED_NO_REMAP"
403908,GAP,"resolver status L4_ONLY"
1000656,UNCONFIRMED,"no WHO snapshot for these L4s"
1049232,CONFIRMED,"L4 in WHO snapshot"
1111680,UNCONFIRMED,"no WHO snapshot for these L4s"
108852,UNCONFIRMED,"no WHO snapshot for these L4s"
1234500,GAP,"resolver status RETIRED_NO_REMAP"
1114896,GAP,"resolver status L4_ONLY"
242736,UNCONFIRMED,"no WHO snapshot for these L4s"
606768,GAP,"resolver status RETIRED_NO_REMAP"
1926456,UNCONFIRMED,"no WHO snapshot for these L4s"
197952,GAP,"resolver status L4_ONLY"
1868028,GAP,"resolver status L4_ONLY"
1918056,UNCONFIRMED,"no WHO snapshot for these L4s"
1241796,GAP,"resolver status L4_ONLY"
1293660,UNCONFIRMED,"no WHO snapshot for these L4s"
1300368,GAP,"resolver status L4_ONLY"
1483212,UNCONFIRMED,"no WHO snapshot for these L4s"
1247988,UNCONFIRMED,"no WHO snapshot for these L4s"
1297584,UNCONFIRMED,"no WHO snapshot for these L4s"
1300092,UNCONFIRMED,"no WHO snapshot for these L4s"
198300,UNCONFIRMED,"no WHO snapshot for these L4s"
198468,UNCONFIRMED,"no WHO snapshot for these L4s"
857508,CONFIRMED,"L4 in WHO snapshot"
1099308,GAP,"resolver status L4_ONLY"
1112244,GAP,"resolver status L4_ONLY"
407856,UNCONFIRMED,"no WHO snapshot for these L4s"
452688,UNCONFIRMED,"no WHO snapshot for these L4s"
859164,UNCONFIRMED,"no WHO snapshot for these L4s"
1190184,GAP,"no L5 codes"
856824,UNCONFIRMED,"no WHO snapshot for these L4s"
1092552,UNCONFIRMED,"no WHO snapshot for these L4s"
200316,GAP,"no L5 codes"
377832,UNCONFIRMED,"no WHO snapshot for these L4s"
210864,GAP,"resolver status L4_ONLY"
211836,UNCONFIRMED,"no WHO snapshot for these L4s"
579816,UNCONFIRMED,"no WHO snapshot for these L4s"
349404,GAP,"no L5 codes"
210540,UNCONFIRMED,"no WHO snapshot for these L4s"
1873704,UNCONFIRMED,"no WHO snapshot for these L4s"
1374408,UNCONFIRMED,"no WHO snapshot for these L4s"
1604352,UNCONFIRMED,"no WHO snapshot for these L4s"
1436940,GAP,"no L5 codes"
1293876,GAP,"resolver status L4_ONLY"
1310820,UNCONFIRMED,"no WHO snapshot for these L4s"
1547952,GAP,"resolver status L4_ONLY"
1294128,GAP,"resolver status L4_ONLY"
1597620,GAP,"resolver status L4_ONLY"
885228,UNCONFIRMED,"no WHO snapshot for these L4s"
800220,GAP,"resolver status L4_ONLY"
656808,UNCONFIRMED,"no WHO snapshot for these L4s"
749244,GAP,"resolver status L4_ONLY"
313452,UNCONFIRMED,"no WHO snapshot for these L4s"
373896,UNCONFIRMED,"no WHO snapshot for these L4s"
748800,UNCONFIRMED,"no WHO snapshot for these L4s"
312960,GAP,"resolver status RETIRED_NO_REMAP"
313788,UNCONFIRMED,"no WHO snapshot for these L4s"
847716,UNCONFIRMED,"no WHO snapshot for these L4s"
312456,GAP,"resolver status L4_ONLY"
245640,UNCONFIRMED,"no WHO snapshot for these L4s"
1039716,UNCONFIRMED,"no WHO snapshot for these L4s"
1742220,GAP,"no L5 codes"
2184108,GAP,"resolver status L4_ONLY"
1865292,UNCONFIRMED,"no WHO snapshot for these L4s"
1245036,GAP,"resolver status L4_ONLY"
1547664,UNCONFIRMED,"no WHO snapshot for these L4s"
1372560,GAP,"resolver status L4_ONLY"
1549308,UNCONFIRMED,"no WHO snapshot for these L4s"
1373124,GAP,"resolver status RETIRED_NO_REMAP"
310872,UNCONFIRMED,"no WHO snapshot for these L4s"
748596,UNCONFIRMED,"no WHO snapshot for these L4s"
206520,UNCONFIRMED,"no WHO snapshot for these L4s"
313824,CONFIRMED,"L4 in WHO snapshot"
807012,GAP,"resolver status L4_ONLY"
828576,GAP,"resolver status L4_ONLY"
199680,GAP,"no L5 codes"
996636,UNCONFIRMED,"no WHO snapshot for these L4s"
900384,UNCONFIRMED,"no WHO snapshot for these L4s"
311916,UNCONFIRMED,"no WHO snapshot for these L4s"
2105904,GAP,"no L5 codes"
1046760,UNCONFIRMED,"no WHO snapshot for these L4s"
1012068,UNCONFIRMED,"no WHO snapshot for these L4s"
1099872,GAP,"resolver status L4_ONLY"
1116084,UNCONFIRMED,"no WHO snapshot for these L4s"
206208,GAP,"no L5 codes"
1235472,GAP,"resolver status L4_ONLY"
579996,GAP,"resolver status L4_ONLY"
1658256,CONFIRMED,"L4 in WHO snapshot"
996588,UNCONFIRMED,"no WHO snapshot for these L4s"
214104,UNCONFIRMED,"no WHO snapshot for these L4s"
2167152,GAP,"no L5 codes"
1300272,UNCONFIRMED,"no WHO snapshot for these L4s"
198000,GAP,"resolver status L4_ONLY"
1246896,UNCONFIRMED,"no WHO snapshot for these L4s"
1369968,GAP,"resolver status RETIRED_NO_REMAP"
1919076,GAP,"resolver status L4_ONLY"
1363032,GAP,"resolver status RETIRED_NO_REMAP"
1595784,UNCONFIRMED,"no WHO snapshot for these L4s"
1596108,GAP,"resolver status L4_ONLY"
1599660,GAP,"resolver status L4_ONLY"
1607016,UNCONFIRMED,"no WHO snapshot for these L4s"
993804,UNCONFIRMED,"no WHO snapshot for these L4s"
700788,GAP,"resolver status RETIRED_NO_REMAP"
797892,UNCONFIRMED,"no WHO snapshot for these L4s"
903312,UNCONFIRMED,"no WHO snapshot for these L4s"
310116,UNCONFIRMED,"no WHO snapshot for these L4s"
1086720,GAP,"resolver status L4_ONLY"
205596,UNCONFIRMED,"no WHO snapshot for these L4s"
2099700,UNCONFIRMED,"no WHO snapshot for these L4s"
2121948,UNCONFIRMED,"no WHO snapshot for these L4s"
1091520,GAP,"resolver status RETIRED_NO_REMAP"
1189776,UNCONFIRMED,"no WHO snapshot for these L4s"
860592,UNCONFIRMED,"no WHO snapshot for these L4s"
1012908,UNCONFIRMED,"no WHO snapshot for these L4s"
1086000,UNCONFIRMED,"no WHO snapshot for these L4s"
1661352,GAP,"resolver status L4_ONLY"
995868,GAP,"resolver status L4_ONLY"
211848,UNCONFIRMED,"no WHO snapshot for these L4s"
1091088,GAP,"no L5 codes"
1098240,GAP,"resolver status L4_ONLY"
1190568,GAP,"resolver status L4_ONLY"
198852,GAP,"no L5 codes"
853248,UNCONFIRMED,"no WHO snapshot for these L4s"
1090992,UNCONFIRMED,"no WHO snapshot for these L4s"
1657068,UNCONFIRMED,"no WHO snapshot for these L4s"
1012956,GAP,"resolver status L4_ONLY"
1043400,GAP,"resolver status L4_ONLY"
1665516,UNCONFIRMED,"no WHO snapshot for these L4s"
849756,GAP,"no L5 codes"
542772,UNCONFIRMED,"no WHO snapshot for these L4s"
1000116,UNCONFIRMED,"no WHO snapshot for these L4s"
1049400,UNCONFIRMED,"no WHO snapshot for these L4s"
2118732,GAP,"resolver status L4_ONLY"
1294356,GAP,"resolver status L4_ONLY"
1370232,GAP,"resolver status RETIRED_NO_REMAP"
1797912,UNCONFIRMED,"no WHO snapshot for these L4s"
1250508,CONFIRMED,"L4 in WHO snapshot"
1363776,UNCONFIRMED,"no WHO snapshot for these L4s"
197532,UNCONFIRMED,"no WHO snapshot for these L4s"
1552200,GAP,"resolver status L4_ONLY"
1803432,GAP,"resolver status RETIRED_NO_REMAP"
1247388,GAP,"resolver status L4_ONLY"
1797876,UNCONFIRMED,"no WHO snapshot for these L4s"
1251792,GAP,"resolver status RETIRED_NO_REMAP"
1294380,UNCONFIRMED,"no WHO snapshot for these L4s"
1593756,GAP,"resolver status L4_ONLY"
706548,GAP,"no L5 codes"
798072,UNCONFIRMED,"no WHO snapshot for these L4s"
198480,GAP,"resolver status L4_ONLY"
309240,GAP,"resolver status RETIRED_NO_REMAP"
617316,CONFIRMED,"L4 in WHO snapshot"
702648,GAP,"no L5 codes"
797580,GAP,"resolver status RETIRED_NO_REMAP"
311952,UNCONFIRMED,"no WHO snapshot for these L4s"
314988,UNCONFIRMED,"no WHO snapshot for these L4s"
211176,GAP,"no L5 codes"
213816,UNCONFIRMED,"no WHO snapshot for these L4s"
2173848,UNCONFIRMED,"no WHO snapshot for these L4s"
857076,CONFIRMED,"L4 in WHO snapshot"
1101540,GAP,"resolver status RETIRED_NO_REMAP"
1000980,UNCONFIRMED,"no WHO snapshot for these L4s"
1052688,GAP,"resolver status RETIRED_NO_REMAP"
1736028,GAP,"resolver status RETIRED_NO_REMAP"
562260,UNCONFIRMED,"no WHO snapshot for these L4s"
1041516,GAP,"no L5 codes"
1049376,UNCONFIRMED,"no WHO snapshot for these L4s"
596940,GAP,"resolver status L4_ONLY"
404604,GAP,"resolver status RETIRED_NO_REMAP"
2166204,GAP,"no L5 codes"
860028,UNCONFIRMED,"no WHO snapshot for these L4s"
1440936,UNCONFIRMED,"no WHO snapshot for these L4s"
1608012,UNCONFIRMED,"no WHO snapshot for these L4s"
1367208,CONFIRMED,"L4 in WHO snapshot"
1424016,GAP,"resolver status L4_ONLY"
1809672,GAP,"no L5 codes"
1919088,UNCONFIRMED,"no WHO snapshot for these L4s"
1726296,GAP,"no L5 codes"
1294560,UNCONFIRMED,"no WHO snapshot for these L4s"
1250976,UNCONFIRMED,"no WHO snapshot for these L4s"
646836,GAP,"resolver status RETIRED_NO_REMAP"
968100,UNCONFIRMED,"no WHO snapshot for these L4s"
312372,UNCONFIRMED,"no WHO snapshot for these L4s"
308856,UNCONFIRMED,"no WHO snapshot for these L4s"
834144,UNCONFIRMED,"no WHO snapshot for these L4s"
896868,UNCONFIRMED,"no WHO snapshot for these L4s"
902220,UNCONFIRMED,"no WHO snapshot for these L4s"
966540,UNCONFIRMED,"no WHO snapshot for these L4s"
979452,UNCONFIRMED,"no WHO snapshot for these L4s"
995088,GAP,"resolver status L4_ONLY"
744624,CONFIRMED,"L4 in WHO snapshot"
308616,UNCONFIRMED,"no WHO snapshot for these L4s"
745464,UNCONFIRMED,"no WHO snapshot for these L4s"
308268,UNCONFIRMED,"no WHO snapshot for these L4s"
1085688,UNCONFIRMED,"no WHO snapshot for these L4s"
1661076,UNCONFIRMED,"no WHO snapshot for these L4s"
260688,UNCONFIRMED,"no WHO snapshot for these L4s"
2044644,UNCONFIRMED,"no WHO snapshot for these L4s"
1012008,UNCONFIRMED,"no WHO snapshot for these L4s"
581736,GAP,"resolver status L4_ONLY"
1053852,GAP,"resolver status L4_ONLY"
206076,UNCONFIRMED,"no WHO snapshot for these L4s"
540468,GAP,"resolver status RETIRED_NO_REMAP"
307764,UNCONFIRMED,"no WHO snapshot for these L4s"
1804836,UNCONFIRMED,"no WHO snapshot for these L4s"
1244592,UNCONFIRMED,"no WHO snapshot for these L4s"
1360956,GAP,"resolver status L4_ONLY"
1428948,GAP,"resolver status L4_ONLY"
197784,UNCONFIRMED,"no WHO snapshot for these L4s"
1428828,GAP,"resolver status L4_ONLY"
1549692,GAP,"resolver status L4_ONLY"
1368300,UNCONFIRMED,"no WHO snapshot for these L4s"
725076,UNCONFIRMED,"no WHO snapshot for these L4s"
763116,GAP,"resolver status L4_ONLY"
309696,UNCONFIRMED,"no WHO snapshot for these L4s"
312288,GAP,"resolver status L4_ONLY"
198384,UNCONFIRMED,"no WHO snapshot for these L4s"
2059044,UNCONFIRMED,"no WHO snapshot for these L4s"
647328,UNCONFIRMED,"no WHO snapshot for these L4s"
644148,GAP,"no L5 codes"
1988772,UNCONFIRMED,"no WHO snapshot for these L4s"
2047596,GAP,"no L5 codes"
997512,GAP,"resolver status L4_ONLY"
828600,UNCONFIRMED,"no WHO snapshot for these L4s"
1190208,GAP,"resolver status RETIRED_NO_REMAP"
248328,GAP,"no L5 codes"
314088,UNCONFIRMED,"no WHO snapshot for these L4s"
352080,UNCONFIRMED,"no WHO snapshot for these L4s"
210780,UNCONFIRMED,"no WHO snapshot for these L4s"
1012272,UNCONFIRMED,"no WHO snapshot for these L4s"
283224,GAP,"resolver status L4_ONLY"
1726656,GAP,"resolver status RETIRED_NO_REMAP"
210804,UNCONFIRMED,"no WHO snapshot for these L4s"
603288,GAP,"no L5 codes"
1294368,UNCONFIRMED,"no WHO snapshot for these L4s"
1306932,GAP,"resolver status RETIRED_NO_REMAP"
1442280,UNCONFIRMED,"no WHO snapshot for these L4s"
1546164,UNCONFIRMED,"no WHO snapshot for these L4s"
1292988,UNCONFIRMED,"no WHO snapshot for these L4s"
1430400,UNCONFIRMED,"no WHO snapshot for these L4s"
1314636,GAP,"resolver status L4_ONLY"
639888,CONFIRMED,"L4 in WHO snapshot"
756336,GAP,"no L5 codes"
308712,UNCONFIRMED,"no WHO snapshot for these L4s"
996288,UNCONFIRMED,"no WHO snapshot for these L4s"
2049636,GAP,"resolver status L4_ONLY"
978000,GAP,"resolver status L4_ONLY"
351852,GAP,"resolver status RETIRED_NO_REMAP"
308496,UNCONFIRMED,"no WHO snapshot for these L4s"
1994316,UNCONFIRMED,"no WHO snapshot for these L4s"
205188,UNCONFIRMED,"no WHO snapshot for these L4s"
2053512,UNCONFIRMED,"no WHO snapshot for these L4s"
313416,UNCONFIRMED,"no WHO snapshot for these L4s"
801432,UNCONFIRMED,"no WHO snapshot for these L4s"
848208,UNCONFIRMED,"no WHO snapshot for these L4s"
208416,CONFIRMED,"L4 in WHO snapshot"
210072,UNCONFIRMED,"no WHO snapshot for these L4s"
1117536,GAP,"resolver status L4_ONLY"
1117392,GAP,"resolver status L4_ONLY"
1046820,UNCONFIRMED,"no WHO snapshot for these L4s"
1723740,UNCONFIRMED,"no WHO snapshot for these L4s"
205884,UNCONFIRMED,"no WHO snapshot for these L4s"
856980,CONFIRMED,"L4 in WHO snapshot"
1098468,UNCONFIRMED,"no WHO snapshot for these L4s"
1113396,GAP,"resolver status RETIRED_NO_REMAP"
200268,GAP,"resolver status L4_ONLY"
347052,UNCONFIRMED,"no WHO snapshot for these L4s"
1085736,UNCONFIRMED,"no WHO snapshot for these L4s"
261168,UNCONFIRMED,"no WHO snapshot for these L4s"
209280,UNCONFIRMED,"no WHO snapshot for these L4s"
1094556,GAP,"resolver status RETIRED_NO_REMAP"
616968,UNCONFIRMED,"no WHO snapshot for these L4s"
1798548,GAP,"resolver status RETIRED_NO_REMAP"
1367316,UNCONFIRMED,"no WHO snapshot for these L4s"
1248120,UNCONFIRMED,"no WHO snapshot for these L4s"
1373136,GAP,"resolver status L4_ONLY"
1291956,CONFIRMED,"L4 in WHO snapshot"
1362072,GAP,"resolver status RETIRED_NO_REMAP"
1041732,UNCONFIRMED,"no WHO snapshot for these L4s"
1549356,GAP,"resolver status RETIRED_NO_REMAP"
746340,UNCONFIRMED,"no WHO snapshot for these L4s"
314124,GAP,"resolver status L4_ONLY"
330396,UNCONFIRMED,"no WHO snapshot for these L4s"
630720,GAP,"resolver status RETIRED_NO_REMAP"
309540,GAP,"resolver status L4_ONLY"
1992300,UNCONFIRMED,"no WHO snapshot for these L4s"
755976,UNCONFIRMED,"no WHO snapshot for these L4s"
200172,UNCONFIRMED,"no WHO snapshot for these L4s"
314160,CONFIRMED,"L4 in WHO snapshot"
1090860,GAP,"resolver status RETIRED_NO_REMAP"
810096,UNCONFIRMED,"no WHO snapshot for these L4s"
1010844,UNCONFIRMED,"no WHO snapshot for these L4s"
248280,UNCONFIRMED,"no WHO snapshot for these L4s"
1663812,UNCONFIRMED,"no WHO snapshot for these L4s"
1726416,GAP,"resolver status L4_ONLY"
106248,UNCONFIRMED,"no WHO snapshot for these L4s"
200304,UNCONFIRMED,"no WHO snapshot for these L4s"
853284,GAP,"resolver status RETIRED_NO_REMAP"
209304,GAP,"resolver status L4_ONLY"
248244,UNCONFIRMED,"no WHO snapshot for these L4s"
1011648,GAP,"resolver status L4_ONLY"
859128,UNCONFIRMED,"no WHO snapshot for these L4s"
1053444,UNCONFIRMED,"no WHO snapshot for these L4s"
1089060,GAP,"resolver status L4_ONLY"
1091712,UNCONFIRMED,"no WHO snapshot for these L4s"
1001016,UNCONFIRMED,"no WHO snapshot for these L4s"
249360,GAP,"resolver status RETIRED_NO_REMAP"
1860132,UNCONFIRMED,"no WHO snapshot for these L4s"
1293648,GAP,"resolver status L4_ONLY"
1359024,UNCONFIRMED,"no WHO snapshot for these L4s"
1368312,UNCONFIRMED,"no WHO snapshot for these L4s"
1370760,UNCONFIRMED,"no WHO snapshot for these L4s"
1423416,UNCONFIRMED,"no WHO snapshot for these L4s"
1593156,UNCONFIRMED,"no WHO snapshot for these L4s"
1941204,GAP,"resolver status RETIRED_NO_REMAP"
1250496,CONFIRMED,"L4 in WHO snapshot"
1867596,GAP,"resolver status L4_ONLY"
1293036,UNCONFIRMED,"no WHO snapshot for these L4s"
1297932,UNCONFIRMED,"no WHO snapshot for these L4s"
730872,CONFIRMED,"L4 in WHO snapshot"
801192,UNCONFIRMED,"no WHO snapshot for these L4s"
727452,UNCONFIRMED,"no WHO snapshot for these L4s"
829764,CONFIRMED,"L4 in WHO snapshot"
834156,UNCONFIRMED,"no WHO snapshot for these L4s"
210828,UNCONFIRMED,"no WHO snapshot for these L4s"
213528,UNCONFIRMED,"no WHO snapshot for these L4s"
562776,GAP,"resolver status RETIRED_NO_REMAP"
1014024,UNCONFIRMED,"no WHO snapshot for these L4s"
1661424,UNCONFIRMED,"no WHO snapshot for these L4s"
1039248,GAP,"resolver status RETIRED_NO_REMAP"
834768,UNCONFIRMED,"no WHO snapshot for these L4s"
351228,GAP,"resolver status RETIRED_NO_REMAP"
2117976,UNCONFIRMED,"no WHO snapshot for these L4s"
1993224,GAP,"resolver status L4_ONLY"
1994352,GAP,"resolver status RETIRED_NO_REMAP"
476556,CONFIRMED,"L4 in WHO snapshot"
240000,GAP,"no L5 codes"
1037424,GAP,"resolver status RETIRED_NO_REMAP"
282708,UNCONFIRMED,"no WHO snapshot for these L4s"
1659600,CONFIRMED,"L4 in WHO snapshot"
1741944,GAP,"resolver status L4_ONLY"
1809636,UNCONFIRMED,"no WHO snapshot for these L4s"
1248360,UNCONFIRMED,"no WHO snapshot for these L4s"
1493160,UNCONFIRMED,"no WHO snapshot for these L4s"
1251456,UNCONFIRMED,"no WHO snapshot for these L4s"
707916,UNCONFIRMED,"no WHO snapshot for these L4s"
644256,GAP,"resolver status RETIRED_NO_REMAP"
801000,GAP,"resolver status L4_ONLY"
206352,UNCONFIRMED,"no WHO snapshot for these L4s"
308664,UNCONFIRMED,"no WHO snapshot for these L4s"
994008,UNCONFIRMED,"no WHO snapshot for these L4s"
646344,GAP,"resolver status L4_ONLY"
800988,GAP,"resolver status L4_ONLY"
308508,UNCONFIRMED,"no WHO snapshot for these L4s"
308892,UNCONFIRMED,"no WHO snapshot for these L4s"
836268,GAP,"resolver status L4_ONLY"
211968,GAP,"resolver status RETIRED_NO_REMAP"
855660,UNCONFIRMED,"no WHO snapshot for these L4s"
1009392,GAP,"resolver status L4_ONLY"
404172,GAP,"resolver status L4_ONLY"
1020420,GAP,"resolver status L4_ONLY"
313884,UNCONFIRMED,"no WHO snapshot for these L4s"
1088604,GAP,"no L5 codes"
213372,UNCONFIRMED,"no WHO snapshot for these L4s"
477180,GAP,"no L5 codes"
1049880,UNCONFIRMED,"no WHO snapshot for these L4s"
2173716,UNCONFIRMED,"no WHO snapshot for these L4s"
543372,UNCONFIRMED,"no WHO snapshot for these L4s"
1000872,UNCONFIRMED,"no WHO snapshot for these L4s"
207360,UNCONFIRMED,"no WHO snapshot for these L4s"
197580,UNCONFIRMED,"no WHO snapshot for these L4s"
1541268,UNCONFIRMED,"no WHO snapshot for these L4s"
197724,UNCONFIRMED,"no WHO snapshot for these L4s"
904788,UNCONFIRMED,"no WHO snapshot for these L4s"
348804,UNCONFIRMED,"no WHO snapshot for these L4s"
2003712,UNCONFIRMED,"no WHO snapshot for these L4s"
198996,UNCONFIRMED,"no WHO snapshot for these L4s"
749184,UNCONFIRMED,"no WHO snapshot for these L4s"
199308,UNCONFIRMED,"no WHO snapshot for these L4s"
313644,GAP,"resolver status RETIRED_NO_REMAP"
608844,UNCONFIRMED,"no WHO snapshot for these L4s"
857772,UNCONFIRMED,"no WHO snapshot for these L4s"
284544,UNCONFIRMED,"no WHO snapshot for these L4s"
1000500,GAP,"resolver status L4_ONLY"
315120,UNCONFIRMED,"no WHO snapshot for these L4s"
237792,GAP,"resolver status RETIRED_NO_REMAP"
1101840,UNCONFIRMED,"no WHO snapshot for these L4s"
1737636,UNCONFIRMED,"no WHO snapshot for these L4s"
1192980,UNCONFIRMED,"no WHO snapshot for these L4s"
1716036,GAP,"resolver status L4_ONLY"
1796460,GAP,"resolver status L4_ONLY"
205848,UNCONFIRMED,"no WHO snapshot for these L4s"
858900,UNCONFIRMED,"no WHO snapshot for these L4s"
1044936,GAP,"no L5 codes"
1251612,GAP,"resolver status RETIRED_NO_REMAP"
1297956,UNCONFIRMED,"no WHO snapshot for these L4s"
1314768,UNCONFIRMED,"no WHO snapshot for these L4s"
1244508,GAP,"resolver status RETIRED_NO_REMAP"
1945212,GAP,"resolver status L4_ONLY"
1363788,UNCONFIRMED,"no WHO snapshot for these L4s"
1366116,UNCONFIRMED,"no WHO snapshot for these L4s"
198204,GAP,"resolver status L4_ONLY"
1251276,UNCONFIRMED,"no WHO snapshot for these L4s"
1432488,GAP,"resolver status L4_ONLY"
1360440,CONFIRMED,"L4 in WHO snapshot"
1421616,GAP,"resolver status L4_ONLY"
1545036,UNCONFIRMED,"no WHO snapshot for these L4s"
708180,GAP,"resolver status RETIRED_NO_REMAP"
896976,GAP,"resolver status L4_ONLY"
995064,GAP,"resolver status L4_ONLY"
311364,UNCONFIRMED,"no WHO snapshot for these L4s"
308844,GAP,"resolver status RETIRED_NO_REMAP"
315096,GAP,"resolver status L4_ONLY"
2167800,UNCONFIRMED,"no WHO snapshot for these L4s"
2183700,GAP,"resolver status L4_ONLY"
1115016,UNCONFIRMED,"no WHO snapshot for these L4s"
1049568,UNCONFIRMED,"no WHO snapshot for these L4s"
213540,UNCONFIRMED,"no WHO snapshot for these L4s"
857748,UNCONFIRMED,"no WHO snapshot for these L4s"
2174532,UNCONFIRMED,"no WHO snapshot for these L4s"
1115304,GAP,"resolver status L4_ONLY"
1085700,UNCONFIRMED,"no WHO snapshot for these L4s"
5640,UNCONFIRMED,"no WHO snapshot for these L4s"
1236048,GAP,"resolver status L4_ONLY"
604020,UNCONFIRMED,"no WHO snapshot for these L4s"
1006116,UNCONFIRMED,"no WHO snapshot for these L4s"
1012764,UNCONFIRMED,"no WHO snapshot for these L4s"
240984,CONFIRMED,"L4 in WHO snapshot"
1547928,UNCONFIRMED,"no WHO snapshot for these L4s"
1875468,UNCONFIRMED,"no WHO snapshot for these L4s"
1608264,UNCONFIRMED,"no WHO snapshot for these L4s"
1595292,GAP,"resolver status L4_ONLY"
748368,GAP,"resolver status RETIRED_NO_REMAP"
310680,UNCONFIRMED,"no WHO snapshot for these L4s"
759696,UNCONFIRMED,"no WHO snapshot for these L4s"
753396,UNCONFIRMED,"no WHO snapshot for these L4s"
790884,UNCONFIRMED,"no WHO snapshot for these L4s"
348624,UNCONFIRMED,"no WHO snapshot for these L4s"
686868,UNCONFIRMED,"no WHO snapshot for these L4s"
1090824,GAP,"resolver status L4_ONLY"
995940,GAP,"resolver status L4_ONLY"
310212,GAP,"no L5 codes"
2122764,GAP,"resolver status RETIRED_NO_REMAP"
2174520,UNCONFIRMED,"no WHO snapshot for these L4s"
1012224,UNCONFIRMED,"no WHO snapshot for these L4s"
1052928,GAP,"resolver status L4_ONLY"
1085748,UNCONFIRMED,"no WHO snapshot for these L4s"
404508,UNCONFIRMED,"no WHO snapshot for these L4s"
2107764,UNCONFIRMED,"no WHO snapshot for these L4s"
2109948,GAP,"no L5 codes"
1111836,GAP,"resolver status RETIRED_NO_REMAP"
413424,UNCONFIRMED,"no WHO snapshot for these L4s"
1193292,GAP,"resolver status L4_ONLY"
1115928,UNCONFIRMED,"no WHO snapshot for these L4s"
1189152,GAP,"resolver status L4_ONLY"
541836,GAP,"resolver status RETIRED_NO_REMAP"
1791408,UNCONFIRMED,"no WHO snapshot for these L4s"
1801704,GAP,"resolver status RETIRED_NO_REMAP"
802716,UNCONFIRMED,"no WHO snapshot for these L4s"
1365984,GAP,"resolver status L4_ONLY"
1542804,GAP,"resolver status L4_ONLY"
1729440,GAP,"no L5 codes"
1307232,GAP,"resolver status RETIRED_NO_REMAP"
1356912,GAP,"resolver status RETIRED_NO_REMAP"
1495092,UNCONFIRMED,"no WHO snapshot for these L4s"
1491000,GAP,"resolver status RETIRED_NO_REMAP"
1489932,UNCONFIRMED,"no WHO snapshot for these L4s"
1550952,GAP,"no L5 codes"
800472,GAP,"resolver status L4_ONLY"
894876,UNCONFIRMED,"no WHO snapshot for these L4s"
198912,UNCONFIRMED,"no WHO snapshot for these L4s"
688704,UNCONFIRMED,"no WHO snapshot for these L4s"
994404,GAP,"resolver status L4_ONLY"
312216,UNCONFIRMED,"no WHO snapshot for these L4s"
203088,UNCONFIRMED,"no WHO snapshot for these L4s"
750264,UNCONFIRMED,"no WHO snapshot for these L4s"
895464,UNCONFIRMED,"no WHO snapshot for these L4s"
205104,GAP,"no L5 codes"
313908,UNCONFIRMED,"no WHO snapshot for these L4s"
1098408,UNCONFIRMED,"no WHO snapshot for these L4s"
1190916,GAP,"resolver status L4_ONLY"
1000680,UNCONFIRMED,"no WHO snapshot for these L4s"
1053192,UNCONFIRMED,"no WHO snapshot for these L4s"
832908,GAP,"resolver status RETIRED_NO_REMAP"
848772,UNCONFIRMED,"no WHO snapshot for these L4s"
858372,UNCONFIRMED,"no WHO snapshot for these L4s"
1010448,UNCONFIRMED,"no WHO snapshot for these L4s"
1042692,GAP,"resolver status L4_ONLY"
1665504,UNCONFIRMED,"no WHO snapshot for these L4s"
1358508,UNCONFIRMED,"no WHO snapshot for these L4s"
1487076,UNCONFIRMED,"no WHO snapshot for these L4s"
1487100,GAP,"resolver status L4_ONLY"
1314672,GAP,"resolver status L4_ONLY"
1245168,CONFIRMED,"L4 in WHO snapshot"
1535364,UNCONFIRMED,"no WHO snapshot for these L4s"
1442520,GAP,"no L5 codes"
308412,UNCONFIRMED,"no WHO snapshot for these L4s"
861072,GAP,"resolver status L4_ONLY"
311448,UNCONFIRMED,"no WHO snapshot for these L4s"
809376,GAP,"no L5 codes"
745284,UNCONFIRMED,"no WHO snapshot for these L4s"
1086840,GAP,"resolver status L4_ONLY"
2002008,GAP,"resolver status L4_ONLY"
308364,GAP,"resolver status RETIRED_NO_REMAP"
311928,UNCONFIRMED,"no WHO snapshot for these L4s"
992784,UNCONFIRMED,"no WHO snapshot for these L4s"
2003664,GAP,"resolver status L4_ONLY"
315156,UNCONFIRMED,"no WHO snapshot for these L4s"
996036,GAP,"resolver status RETIRED_NO_REMAP"
807396,GAP,"resolver status L4_ONLY"
198420,UNCONFIRMED,"no WHO snapshot for these L4s"
999996,CONFIRMED,"L4 in WHO snapshot"
210036,UNCONFIRMED,"no WHO snapshot for these L4s"
1111752,GAP,"resolver status L4_ONLY"
1114356,UNCONFIRMED,"no WHO snapshot for these L4s"
1012152,UNCONFIRMED,"no WHO snapshot for these L4s"
808596,GAP,"resolver status L4_ONLY"
830736,GAP,"resolver status L4_ONLY"
1146876,GAP,"resolver status RETIRED_NO_REMAP"
483444,UNCONFIRMED,"no WHO snapshot for these L4s"
1052616,UNCONFIRMED,"no WHO snapshot for these L4s"
1733892,UNCONFIRMED,"no WHO snapshot for these L4s"
1738596,UNCONFIRMED,"no WHO snapshot for these L4s"
1013040,UNCONFIRMED,"no WHO snapshot for these L4s"
1020132,GAP,"resolver status RETIRED_NO_REMAP"
1043244,GAP,"no L5 codes"
251016,UNCONFIRMED,"no WHO snapshot for these L4s"
484668,UNCONFIRMED,"no WHO snapshot for these L4s"
539676,GAP,"resolver status RETIRED_NO_REMAP"
1872972,UNCONFIRMED,"no WHO snapshot for these L4s"
1314792,CONFIRMED,"L4 in WHO snapshot"
1545144,UNCONFIRMED,"no WHO snapshot for these L4s"
1302636,GAP,"resolver status L4_ONLY"
1537320,GAP,"no L5 codes"
1293468,GAP,"resolver status L4_ONLY"
763548,UNCONFIRMED,"no WHO snapshot for these L4s"
93252,CONFIRMED,"L4 in WHO snapshot"
2001756,UNCONFIRMED,"no WHO snapshot for these L4s"
686892,UNCONFIRMED,"no WHO snapshot for these L4s"
656640,UNCONFIRMED,"no WHO snapshot for these L4s"
749856,UNCONFIRMED,"no WHO snapshot for these L4s"
204768,GAP,"resolver status RETIRED_NO_REMAP"
800808,GAP,"resolver status L4_ONLY"
1092600,UNCONFIRMED,"no WHO snapshot for these L4s"
602424,UNCONFIRMED,"no WHO snapshot for these L4s"
1052760,CONFIRMED,"L4 in WHO snapshot"
809388,GAP,"resolver status RETIRED_NO_REMAP"
861420,UNCONFIRMED,"no WHO snapshot for these L4s"
2048004,GAP,"no L5 codes"
313812,UNCONFIRMED,"no WHO snapshot for these L4s"
1113516,GAP,"no L5 codes"
858780,UNCONFIRMED,"no WHO snapshot for these L4s"
860040,UNCONFIRMED,"no WHO snapshot for these L4s"
1005852,UNCONFIRMED,"no WHO snapshot for these L4s"
1804176,GAP,"resolver status L4_ONLY"
208320,UNCONFIRMED,"no WHO snapshot for these L4s"
1858836,UNCONFIRMED,"no WHO snapshot for these L4s"
1291380,UNCONFIRMED,"no WHO snapshot for these L4s"
1867620,GAP,"resolver status L4_ONLY"
197964,UNCONFIRMED,"no WHO snapshot for these L4s"
1539900,GAP,"resolver status L4_ONLY"
1372896,UNCONFIRMED,"no WHO snapshot for these L4s"
1425912,GAP,"resolver status L4_ONLY"
1250904,UNCONFIRMED,"no WHO snapshot for these L4s"
1605852,GAP,"resolver status L4_ONLY"
647124,GAP,"resolver status RETIRED_NO_REMAP"
861792,UNCONFIRMED,"no WHO snapshot for these L4s"
861588,GAP,"resolver status L4_ONLY"
204420,UNCONFIRMED,"no WHO snapshot for these L4s"
348600,GAP,"resolver status L4_ONLY"
978060,UNCONFIRMED,"no WHO snapshot for these L4s"
749760,UNCONFIRMED,"no WHO snapshot for these L4s"
828252,CONFIRMED,"L4 in WHO snapshot"
210852,UNCONFIRMED,"no WHO snapshot for these L4s"
1012188,UNCONFIRMED,"no WHO snapshot for these L4s"
1013028,UNCONFIRMED,"no WHO snapshot for these L4s"
404640,UNCONFIRMED,"no WHO snapshot for these L4s"
991200,UNCONFIRMED,"no WHO snapshot for these L4s"
308400,UNCONFIRMED,"no WHO snapshot for these L4s"
198888,UNCONFIRMED,"no WHO snapshot for these L4s"
998544,UNCONFIRMED,"no WHO snapshot for these L4s"
477336,UNCONFIRMED,"no WHO snapshot for these L4s"
579948,GAP,"no L5 codes"
1001004,UNCONFIRMED,"no WHO snapshot for these L4s"
1721472,GAP,"resolver status RETIRED_NO_REMAP"
825180,UNCONFIRMED,"no WHO snapshot for these L4s"
1246836,GAP,"no L5 codes"
1373244,UNCONFIRMED,"no WHO snapshot for these L4s"
1441740,UNCONFIRMED,"no WHO snapshot for these L4s"
1486140,GAP,"resolver status L4_ONLY"
1741572,GAP,"resolver status RETIRED_NO_REMAP"
1243284,UNCONFIRMED,"no WHO snapshot for these L4s"
1294572,UNCONFIRMED,"no WHO snapshot for these L4s"
1359384,GAP,"resolver status RETIRED_NO_REMAP"
1371036,GAP,"resolver status RETIRED_NO_REMAP"
1495080,UNCONFIRMED,"no WHO snapshot for these L4s"
1809648,GAP,"no L5 codes"
1593744,GAP,"resolver status L4_ONLY"
750180,UNCONFIRMED,"no WHO snapshot for these L4s"
757968,GAP,"resolver status L4_ONLY"
205116,UNCONFIRMED,"no WHO snapshot for these L4s"
991632,UNCONFIRMED,"no WHO snapshot for these L4s"
790296,UNCONFIRMED,"no WHO snapshot for these L4s"
2002068,GAP,"resolver status RETIRED_NO_REMAP"
1091460,GAP,"resolver status RETIRED_NO_REMAP"
1101552,GAP,"resolver status RETIRED_NO_REMAP"
1042644,UNCONFIRMED,"no WHO snapshot for these L4s"
1043364,UNCONFIRMED,"no WHO snapshot for these L4s"
237192,GAP,"resolver status L4_ONLY"
1053768,UNCONFIRMED,"no WHO snapshot for these L4s"
328164,GAP,"resolver status RETIRED_NO_REMAP"
2102472,GAP,"no L5 codes"
2168004,UNCONFIRMED,"no WHO snapshot for these L4s"
312348,UNCONFIRMED,"no WHO snapshot for these L4s"
1115592,GAP,"resolver status L4_ONLY"
1191264,GAP,"resolver status L4_ONLY"
578124,GAP,"resolver status L4_ONLY"
250344,GAP,"no L5 codes"
213120,UNCONFIRMED,"no WHO snapshot for these L4s"
206988,UNCONFIRMED,"no WHO snapshot for these L4s"
2178792,UNCONFIRMED,"no WHO snapshot for these L4s"
607020,UNCONFIRMED,"no WHO snapshot for these L4s"
1737852,UNCONFIRMED,"no WHO snapshot for these L4s"
1867716,UNCONFIRMED,"no WHO snapshot for these L4s"
1875600,UNCONFIRMED,"no WHO snapshot for these L4s"
1241976,GAP,"resolver status RETIRED_NO_REMAP"
1741296,GAP,"no L5 codes"
1313820,UNCONFIRMED,"no WHO snapshot for these L4s"
1236060,UNCONFIRMED,"no WHO snapshot for these L4s"
1312260,GAP,"resolver status L4_ONLY"
1360044,UNCONFIRMED,"no WHO snapshot for these L4s"
1305588,UNCONFIRMED,"no WHO snapshot for these L4s"
1648584,GAP,"resolver status L4_ONLY"
1596816,GAP,"resolver status RETIRED_NO_REMAP"
1368384,CONFIRMED,"L4 in WHO snapshot"
1430892,CONFIRMED,"L4 in WHO snapshot"
1992684,CONFIRMED,"L4 in WHO snapshot"
2117292,CONFIRMED,"L4 in WHO snapshot"
220776,GAP,"resolver status L4_ONLY"
2268048,UNCONFIRMED,"no WHO snapshot for these L4s"
2611248,UNCONFIRMED,"no WHO snapshot for these L4s"
2627652,UNCONFIRMED,"no WHO snapshot for these L4s"
2696256,UNCONFIRMED,"no WHO snapshot for these L4s"
2700660,UNCONFIRMED,"no WHO snapshot for these L4s"
2700744,UNCONFIRMED,"no WHO snapshot for these L4s"
2712048,UNCONFIRMED,"no WHO snapshot for these L4s"
901212,CONFIRMED,"L4 in WHO snapshot"
904668,GAP,"resolver status L4_ONLY"
1648788,GAP,"resolver status L4_ONLY"
1487520,GAP,"resolver status L4_ONLY"
1658460,UNCONFIRMED,"no WHO snapshot for these L4s"
1367172,UNCONFIRMED,"no WHO snapshot for these L4s"
1546428,UNCONFIRMED,"no WHO snapshot for these L4s"
1245276,UNCONFIRMED,"no WHO snapshot for these L4s"
203220,UNCONFIRMED,"no WHO snapshot for these L4s"
215664,UNCONFIRMED,"no WHO snapshot for these L4s"
217152,UNCONFIRMED,"no WHO snapshot for these L4s"
42612,UNCONFIRMED,"no WHO snapshot for these L4s"
1996260,CONFIRMED,"L4 in WHO snapshot"
977436,UNCONFIRMED,"no WHO snapshot for these L4s"
1370688,CONFIRMED,"L4 in WHO snapshot"
798169,UNCONFIRMED,"no WHO snapshot for these L4s"
790297,UNCONFIRMED,"no WHO snapshot for these L4s"
373369,UNCONFIRMED,"no WHO snapshot for these L4s"
992473,UNCONFIRMED,"no WHO snapshot for these L4s"
308413,UNCONFIRMED,"no WHO snapshot for these L4s"
998521,UNCONFIRMED,"no WHO snapshot for these L4s"
752005,UNCONFIRMED,"no WHO snapshot for these L4s"
861757,UNCONFIRMED,"no WHO snapshot for these L4s"
979489,UNCONFIRMED,"no WHO snapshot for these L4s"
999805,UNCONFIRMED,"no WHO snapshot for these L4s"
198853,GAP,"no L5 codes"
847621,GAP,"resolver status L4_ONLY"
1114105,GAP,"resolver status RETIRED_NO_REMAP"
1190641,GAP,"resolver status L4_ONLY"
1232977,UNCONFIRMED,"no WHO snapshot for these L4s"
1046929,UNCONFIRMED,"no WHO snapshot for these L4s"
244549,UNCONFIRMED,"no WHO snapshot for these L4s"
1655041,UNCONFIRMED,"no WHO snapshot for these L4s"
1011709,UNCONFIRMED,"no WHO snapshot for these L4s"
1012609,UNCONFIRMED,"no WHO snapshot for these L4s"
210421,UNCONFIRMED,"no WHO snapshot for these L4s"
2105797,GAP,"resolver status L4_ONLY"
1091941,UNCONFIRMED,"no WHO snapshot for these L4s"
211753,UNCONFIRMED,"no WHO snapshot for these L4s"
1094353,UNCONFIRMED,"no WHO snapshot for these L4s"
260269,UNCONFIRMED,"no WHO snapshot for these L4s"
1000909,UNCONFIRMED,"no WHO snapshot for these L4s"
1046557,UNCONFIRMED,"no WHO snapshot for these L4s"
582205,UNCONFIRMED,"no WHO snapshot for these L4s"
1742401,GAP,"no L5 codes"
1797937,UNCONFIRMED,"no WHO snapshot for these L4s"
1802557,GAP,"resolver status RETIRED_NO_REMAP"
1305757,UNCONFIRMED,"no WHO snapshot for these L4s"
1356841,GAP,"resolver status L4_ONLY"
1742329,GAP,"no L5 codes"
1813417,GAP,"no L5 codes"
1244665,GAP,"resolver status RETIRED_NO_REMAP"
1870633,UNCONFIRMED,"no WHO snapshot for these L4s"
1375981,GAP,"no L5 codes"
1429345,GAP,"resolver status L4_ONLY"
1251337,UNCONFIRMED,"no WHO snapshot for these L4s"
1651393,UNCONFIRMED,"no WHO snapshot for these L4s"
1362781,UNCONFIRMED,"no WHO snapshot for these L4s"
749737,UNCONFIRMED,"no WHO snapshot for these L4s"
701305,UNCONFIRMED,"no WHO snapshot for these L4s"
308761,GAP,"no L5 codes"
2001745,UNCONFIRMED,"no WHO snapshot for these L4s"
998509,UNCONFIRMED,"no WHO snapshot for these L4s"
1998481,UNCONFIRMED,"no WHO snapshot for these L4s"
990997,UNCONFIRMED,"no WHO snapshot for these L4s"
308905,UNCONFIRMED,"no WHO snapshot for these L4s"
999793,GAP,"resolver status L4_ONLY"
388525,GAP,"resolver status L4_ONLY"
1001437,GAP,"resolver status L4_ONLY"
2106373,GAP,"no L5 codes"
315145,UNCONFIRMED,"no WHO snapshot for these L4s"
2104345,UNCONFIRMED,"no WHO snapshot for these L4s"
430249,UNCONFIRMED,"no WHO snapshot for these L4s"
544597,UNCONFIRMED,"no WHO snapshot for these L4s"
604597,UNCONFIRMED,"no WHO snapshot for these L4s"
411877,UNCONFIRMED,"no WHO snapshot for these L4s"
1001593,GAP,"resolver status L4_ONLY"
1049653,CONFIRMED,"L4 in WHO snapshot"
1150969,UNCONFIRMED,"no WHO snapshot for these L4s"
312481,GAP,"resolver status L4_ONLY"
801925,GAP,"resolver status L4_ONLY"
2122273,GAP,"resolver status RETIRED_NO_REMAP"
616465,UNCONFIRMED,"no WHO snapshot for these L4s"
1923481,GAP,"resolver status L4_ONLY"
1298293,GAP,"resolver status RETIRED_NO_REMAP"
1300105,GAP,"resolver status RETIRED_NO_REMAP"
1551493,GAP,"resolver status L4_ONLY"
1795585,GAP,"resolver status L4_ONLY"
1858561,GAP,"no L5 codes"
1241785,GAP,"resolver status RETIRED_NO_REMAP"
1294609,GAP,"resolver status RETIRED_NO_REMAP"
1741765,GAP,"resolver status RETIRED_NO_REMAP"
1742029,GAP,"no L5 codes"
1236277,GAP,"resolver status L4_ONLY"
308305,CONFIRMED,"L4 in WHO snapshot"
312517,UNCONFIRMED,"no WHO snapshot for these L4s"
792049,UNCONFIRMED,"no WHO snapshot for these L4s"
793741,GAP,"no L5 codes"
866353,UNCONFIRMED,"no WHO snapshot for these L4s"
809533,GAP,"resolver status L4_ONLY"
877513,UNCONFIRMED,"no WHO snapshot for these L4s"
807805,UNCONFIRMED,"no WHO snapshot for these L4s"
308713,UNCONFIRMED,"no WHO snapshot for these L4s"
308233,GAP,"resolver status L4_ONLY"
312013,UNCONFIRMED,"no WHO snapshot for these L4s"
314929,UNCONFIRMED,"no WHO snapshot for these L4s"
807277,GAP,"resolver status L4_ONLY"
210961,UNCONFIRMED,"no WHO snapshot for these L4s"
1234333,GAP,"resolver status L4_ONLY"
541825,GAP,"resolver status RETIRED_NO_REMAP"
1012177,UNCONFIRMED,"no WHO snapshot for these L4s"
996697,UNCONFIRMED,"no WHO snapshot for these L4s"
2118829,UNCONFIRMED,"no WHO snapshot for these L4s"
1090525,UNCONFIRMED,"no WHO snapshot for these L4s"
1010749,GAP,"resolver status L4_ONLY"
1039285,GAP,"resolver status RETIRED_NO_REMAP"
1661689,GAP,"resolver status RETIRED_NO_REMAP"
1046713,UNCONFIRMED,"no WHO snapshot for these L4s"
1868473,UNCONFIRMED,"no WHO snapshot for these L4s"
1918453,UNCONFIRMED,"no WHO snapshot for these L4s"
1242397,GAP,"resolver status L4_ONLY"
1293853,UNCONFIRMED,"no WHO snapshot for these L4s"
1792393,UNCONFIRMED,"no WHO snapshot for these L4s"
1874173,UNCONFIRMED,"no WHO snapshot for these L4s"
1300213,GAP,"resolver status RETIRED_NO_REMAP"
1369777,GAP,"resolver status RETIRED_NO_REMAP"
1424065,UNCONFIRMED,"no WHO snapshot for these L4s"
1487113,GAP,"resolver status L4_ONLY"
1547605,GAP,"resolver status RETIRED_NO_REMAP"
1791409,UNCONFIRMED,"no WHO snapshot for these L4s"
705133,UNCONFIRMED,"no WHO snapshot for these L4s"
800341,GAP,"resolver status L4_ONLY"
899257,UNCONFIRMED,"no WHO snapshot for these L4s"
312601,UNCONFIRMED,"no WHO snapshot for these L4s"
1090057,GAP,"resolver status RETIRED_NO_REMAP"
686497,GAP,"no L5 codes"
866461,UNCONFIRMED,"no WHO snapshot for these L4s"
206077,UNCONFIRMED,"no WHO snapshot for these L4s"
198949,GAP,"no L5 codes"
847741,CONFIRMED,"L4 in WHO snapshot"
1113397,GAP,"resolver status L4_ONLY"
541705,UNCONFIRMED,"no WHO snapshot for these L4s"
1001689,GAP,"resolver status L4_ONLY"
211189,GAP,"resolver status L4_ONLY"
808093,GAP,"resolver status RETIRED_NO_REMAP"
2196493,GAP,"no L5 codes"
577237,UNCONFIRMED,"no WHO snapshot for these L4s"
425101,UNCONFIRMED,"no WHO snapshot for these L4s"
801145,UNCONFIRMED,"no WHO snapshot for these L4s"
486109,GAP,"no L5 codes"
1928005,GAP,"resolver status RETIRED_NO_REMAP"
1359673,UNCONFIRMED,"no WHO snapshot for these L4s"
1439953,GAP,"resolver status L4_ONLY"
1648789,GAP,"resolver status L4_ONLY"
1248013,GAP,"resolver status L4_ONLY"
1371361,UNCONFIRMED,"no WHO snapshot for these L4s"
1543069,UNCONFIRMED,"no WHO snapshot for these L4s"
1421893,UNCONFIRMED,"no WHO snapshot for these L4s"
1483141,GAP,"no L5 codes"
1803937,GAP,"no L5 codes"
1294381,UNCONFIRMED,"no WHO snapshot for these L4s"
1305337,GAP,"no L5 codes"
1360201,UNCONFIRMED,"no WHO snapshot for these L4s"
204589,UNCONFIRMED,"no WHO snapshot for these L4s"
204709,UNCONFIRMED,"no WHO snapshot for these L4s"
348025,GAP,"resolver status L4_ONLY"
647869,CONFIRMED,"L4 in WHO snapshot"
995125,GAP,"resolver status L4_ONLY"
880657,UNCONFIRMED,"no WHO snapshot for these L4s"
1090777,UNCONFIRMED,"no WHO snapshot for these L4s"
205717,UNCONFIRMED,"no WHO snapshot for these L4s"
905101,GAP,"no L5 codes"
993781,CONFIRMED,"L4 in WHO snapshot"
979381,UNCONFIRMED,"no WHO snapshot for these L4s"
198745,CONFIRMED,"L4 in WHO snapshot"
997621,GAP,"resolver status RETIRED_NO_REMAP"
806413,UNCONFIRMED,"no WHO snapshot for these L4s"
856825,CONFIRMED,"L4 in WHO snapshot"
2105929,CONFIRMED,"L4 in WHO snapshot"
1047793,UNCONFIRMED,"no WHO snapshot for these L4s"
1037065,GAP,"resolver status RETIRED_NO_REMAP"
210301,GAP,"resolver status RETIRED_NO_REMAP"
284521,UNCONFIRMED,"no WHO snapshot for these L4s"
197305,UNCONFIRMED,"no WHO snapshot for these L4s"
1310485,UNCONFIRMED,"no WHO snapshot for these L4s"
1374385,UNCONFIRMED,"no WHO snapshot for these L4s"
1552573,UNCONFIRMED,"no WHO snapshot for these L4s"
1426861,GAP,"resolver status L4_ONLY"
1552009,GAP,"no L5 codes"
1298953,UNCONFIRMED,"no WHO snapshot for these L4s"
311953,UNCONFIRMED,"no WHO snapshot for these L4s"
1086853,UNCONFIRMED,"no WHO snapshot for these L4s"
808357,UNCONFIRMED,"no WHO snapshot for these L4s"
876193,GAP,"no L5 codes"
577957,GAP,"resolver status L4_ONLY"
1013089,UNCONFIRMED,"no WHO snapshot for these L4s"
1086613,GAP,"resolver status L4_ONLY"
314221,GAP,"no L5 codes"
349237,GAP,"resolver status RETIRED_NO_REMAP"
830245,GAP,"no L5 codes"
249469,UNCONFIRMED,"no WHO snapshot for these L4s"
243325,UNCONFIRMED,"no WHO snapshot for these L4s"
860005,GAP,"resolver status RETIRED_NO_REMAP"
198601,UNCONFIRMED,"no WHO snapshot for these L4s"
831841,UNCONFIRMED,"no WHO snapshot for these L4s"
1193293,GAP,"resolver status L4_ONLY"
1246573,GAP,"resolver status L4_ONLY"
1608253,UNCONFIRMED,"no WHO snapshot for these L4s"
1855057,UNCONFIRMED,"no WHO snapshot for these L4s"
1314685,GAP,"resolver status L4_ONLY"
1359349,GAP,"resolver status L4_ONLY"
1876669,UNCONFIRMED,"no WHO snapshot for these L4s"
1309069,UNCONFIRMED,"no WHO snapshot for these L4s"
1436929,UNCONFIRMED,"no WHO snapshot for these L4s"
1593733,UNCONFIRMED,"no WHO snapshot for these L4s"
1799725,GAP,"no L5 codes"
1298269,GAP,"resolver status RETIRED_NO_REMAP"
1312969,GAP,"resolver status RETIRED_NO_REMAP"
1432261,GAP,"resolver status L4_ONLY"
749329,UNCONFIRMED,"no WHO snapshot for these L4s"
310681,UNCONFIRMED,"no WHO snapshot for these L4s"
2049841,GAP,"resolver status L4_ONLY"
1999657,GAP,"resolver status L4_ONLY"
312505,UNCONFIRMED,"no WHO snapshot for these L4s"
1991509,GAP,"resolver status L4_ONLY"
904429,GAP,"no L5 codes"
308149,UNCONFIRMED,"no WHO snapshot for these L4s"
2048017,GAP,"resolver status L4_ONLY"
904549,GAP,"resolver status RETIRED_NO_REMAP"
204637,UNCONFIRMED,"no WHO snapshot for these L4s"
312889,GAP,"resolver status L4_ONLY"
2048005,GAP,"resolver status L4_ONLY"
315157,CONFIRMED,"L4 in WHO snapshot"
847225,UNCONFIRMED,"no WHO snapshot for these L4s"
209017,UNCONFIRMED,"no WHO snapshot for these L4s"
1095421,UNCONFIRMED,"no WHO snapshot for these L4s"
1116301,UNCONFIRMED,"no WHO snapshot for these L4s"
428485,GAP,"resolver status L4_ONLY"
1012345,GAP,"resolver status L4_ONLY"
1053697,GAP,"resolver status L4_ONLY"
237865,GAP,"resolver status L4_ONLY"
211141,UNCONFIRMED,"no WHO snapshot for these L4s"
1190041,UNCONFIRMED,"no WHO snapshot for these L4s"
858757,UNCONFIRMED,"no WHO snapshot for these L4s"
1115989,UNCONFIRMED,"no WHO snapshot for these L4s"
616513,UNCONFIRMED,"no WHO snapshot for these L4s"
1037113,UNCONFIRMED,"no WHO snapshot for these L4s"
1012681,GAP,"resolver status L4_ONLY"
2049133,UNCONFIRMED,"no WHO snapshot for these L4s"
616285,UNCONFIRMED,"no WHO snapshot for these L4s"
1670365,GAP,"resolver status L4_ONLY"
1737637,UNCONFIRMED,"no WHO snapshot for these L4s"
1795477,GAP,"no L5 codes"
1305625,GAP,"resolver status RETIRED_NO_REMAP"
1368409,CONFIRMED,"L4 in WHO snapshot"
1538461,GAP,"resolver status RETIRED_NO_REMAP"
1544569,UNCONFIRMED,"no WHO snapshot for these L4s"
1606045,UNCONFIRMED,"no WHO snapshot for these L4s"
1921129,GAP,"resolver status L4_ONLY"
1245745,GAP,"no L5 codes"
1304113,GAP,"resolver status RETIRED_NO_REMAP"
1741381,GAP,"no L5 codes"
1484161,GAP,"resolver status RETIRED_NO_REMAP"
1535929,GAP,"resolver status RETIRED_NO_REMAP"
730861,CONFIRMED,"L4 in WHO snapshot"
795097,UNCONFIRMED,"no WHO snapshot for these L4s"
902221,UNCONFIRMED,"no WHO snapshot for these L4s"
700777,UNCONFIRMED,"no WHO snapshot for these L4s"
2048893,UNCONFIRMED,"no WHO snapshot for these L4s"
801445,GAP,"resolver status L4_ONLY"
745789,GAP,"resolver status RETIRED_NO_REMAP"
308677,UNCONFIRMED,"no WHO snapshot for these L4s"
204757,GAP,"resolver status RETIRED_NO_REMAP"
905041,GAP,"no L5 codes"
349393,GAP,"resolver status RETIRED_NO_REMAP"
825181,UNCONFIRMED,"no WHO snapshot for these L4s"
856717,UNCONFIRMED,"no WHO snapshot for these L4s"
243685,GAP,"resolver status L4_ONLY"
351337,GAP,"resolver status RETIRED_NO_REMAP"
827353,GAP,"resolver status L4_ONLY"
2056897,UNCONFIRMED,"no WHO snapshot for these L4s"
477433,GAP,"resolver status L4_ONLY"
212833,UNCONFIRMED,"no WHO snapshot for these L4s"
1037305,UNCONFIRMED,"no WHO snapshot for these L4s"
283141,GAP,"resolver status RETIRED_NO_REMAP"
1146709,UNCONFIRMED,"no WHO snapshot for these L4s"
1720765,GAP,"no L5 codes"
1795621,GAP,"no L5 codes"
1807633,UNCONFIRMED,"no WHO snapshot for these L4s"
1356901,UNCONFIRMED,"no WHO snapshot for these L4s"
1247917,UNCONFIRMED,"no WHO snapshot for these L4s"
1868485,UNCONFIRMED,"no WHO snapshot for these L4s"
1293877,GAP,"resolver status L4_ONLY"
1421173,UNCONFIRMED,"no WHO snapshot for these L4s"
726793,GAP,"resolver status RETIRED_NO_REMAP"
748381,GAP,"resolver status RETIRED_NO_REMAP"
748321,UNCONFIRMED,"no WHO snapshot for these L4s"
792577,UNCONFIRMED,"no WHO snapshot for these L4s"
198301,UNCONFIRMED,"no WHO snapshot for these L4s"
204721,GAP,"resolver status RETIRED_NO_REMAP"
755101,GAP,"resolver status RETIRED_NO_REMAP"
991369,GAP,"resolver status L4_ONLY"
705877,UNCONFIRMED,"no WHO snapshot for these L4s"
877417,GAP,"no L5 codes"
810097,UNCONFIRMED,"no WHO snapshot for these L4s"
2122801,GAP,"resolver status RETIRED_NO_REMAP"
1039057,GAP,"resolver status L4_ONLY"
1042693,GAP,"resolver status L4_ONLY"
1046353,GAP,"resolver status L4_ONLY"
1000861,GAP,"resolver status L4_ONLY"
1991413,UNCONFIRMED,"no WHO snapshot for these L4s"
1049269,CONFIRMED,"L4 in WHO snapshot"
244537,UNCONFIRMED,"no WHO snapshot for these L4s"
1044265,UNCONFIRMED,"no WHO snapshot for these L4s"
1005829,UNCONFIRMED,"no WHO snapshot for these L4s"
313861,UNCONFIRMED,"no WHO snapshot for these L4s"
857005,CONFIRMED,"L4 in WHO snapshot"
476677,UNCONFIRMED,"no WHO snapshot for these L4s"
211273,UNCONFIRMED,"no WHO snapshot for these L4s"
1868461,GAP,"resolver status L4_ONLY"
1438129,UNCONFIRMED,"no WHO snapshot for these L4s"
1795345,UNCONFIRMED,"no WHO snapshot for these L4s"
1245229,GAP,"resolver status L4_ONLY"
1245277,UNCONFIRMED,"no WHO snapshot for these L4s"
1552201,GAP,"resolver status L4_ONLY"
1539265,GAP,"resolver status L4_ONLY"
1308385,UNCONFIRMED,"no WHO snapshot for these L4s"
308473,GAP,"resolver status RETIRED_NO_REMAP"
865105,UNCONFIRMED,"no WHO snapshot for these L4s"
312289,UNCONFIRMED,"no WHO snapshot for these L4s"
213901,GAP,"resolver status RETIRED_NO_REMAP"
1100449,GAP,"resolver status L4_ONLY"
1014577,UNCONFIRMED,"no WHO snapshot for these L4s"
1053133,GAP,"resolver status L4_ONLY"
237733,GAP,"resolver status RETIRED_NO_REMAP"
261349,UNCONFIRMED,"no WHO snapshot for these L4s"
857725,UNCONFIRMED,"no WHO snapshot for these L4s"
204925,UNCONFIRMED,"no WHO snapshot for these L4s"
314197,UNCONFIRMED,"no WHO snapshot for these L4s"
2109973,GAP,"no L5 codes"
2045245,CONFIRMED,"L4 in WHO snapshot"
205921,GAP,"no L5 codes"
859081,UNCONFIRMED,"no WHO snapshot for these L4s"
239209,UNCONFIRMED,"no WHO snapshot for these L4s"
1049257,CONFIRMED,"L4 in WHO snapshot"
1052701,GAP,"resolver status RETIRED_NO_REMAP"
1100509,GAP,"resolver status RETIRED_NO_REMAP"
1193353,UNCONFIRMED,"no WHO snapshot for these L4s"
211069,UNCONFIRMED,"no WHO snapshot for these L4s"
213157,GAP,"resolver status RETIRED_NO_REMAP"
860149,UNCONFIRMED,"no WHO snapshot for these L4s"
1941613,UNCONFIRMED,"no WHO snapshot for these L4s"
1243237,UNCONFIRMED,"no WHO snapshot for these L4s"
1293649,GAP,"resolver status L4_ONLY"
1369801,CONFIRMED,"L4 in WHO snapshot"
1425493,UNCONFIRMED,"no WHO snapshot for these L4s"
1541233,UNCONFIRMED,"no WHO snapshot for these L4s"
1727485,UNCONFIRMED,"no WHO snapshot for these L4s"
1356529,UNCONFIRMED,"no WHO snapshot for these L4s"
1858981,GAP,"resolver status NO_ATC"
198229,GAP,"resolver status L4_ONLY"
93253,CONFIRMED,"L4 in WHO snapshot"
309349,UNCONFIRMED,"no WHO snapshot for these L4s"
1992841,UNCONFIRMED,"no WHO snapshot for these L4s"
998485,UNCONFIRMED,"no WHO snapshot for these L4s"
313045,UNCONFIRMED,"no WHO snapshot for these L4s"
312373,UNCONFIRMED,"no WHO snapshot for these L4s"
312793,GAP,"resolver status L4_ONLY"
204901,GAP,"no L5 codes"
211609,UNCONFIRMED,"no WHO snapshot for these L4s"
213541,UNCONFIRMED,"no WHO snapshot for these L4s"
1233685,UNCONFIRMED,"no WHO snapshot for these L4s"
859141,UNCONFIRMED,"no WHO snapshot for these L4s"
1050385,GAP,"resolver status L4_ONLY"
237649,GAP,"no L5 codes"
849493,GAP,"no L5 codes"
1098397,GAP,"resolver status L4_ONLY"
1101529,GAP,"resolver status RETIRED_NO_REMAP"
833197,UNCONFIRMED,"no WHO snapshot for these L4s"
2167165,GAP,"no L5 codes"
1046593,UNCONFIRMED,"no WHO snapshot for these L4s"
1729201,GAP,"resolver status RETIRED_NO_REMAP"
1741405,GAP,"resolver status RETIRED_NO_REMAP"
831337,UNCONFIRMED,"no WHO snapshot for these L4s"
1237129,UNCONFIRMED,"no WHO snapshot for these L4s"
1250065,UNCONFIRMED,"no WHO snapshot for these L4s"
1366501,GAP,"resolver status RETIRED_NO_REMAP"
1648369,UNCONFIRMED,"no WHO snapshot for these L4s"
1246609,GAP,"no L5 codes"
1741417,GAP,"resolver status L4_ONLY"
1290913,GAP,"resolver status RETIRED_NO_REMAP"
1537189,GAP,"resolver status L4_ONLY"
1543717,UNCONFIRMED,"no WHO snapshot for these L4s"
1547593,UNCONFIRMED,"no WHO snapshot for these L4s"
1550965,GAP,"resolver status L4_ONLY"
1364581,UNCONFIRMED,"no WHO snapshot for these L4s"
686185,UNCONFIRMED,"no WHO snapshot for these L4s"
905005,UNCONFIRMED,"no WHO snapshot for these L4s"
1087285,GAP,"resolver status L4_ONLY"
314029,CONFIRMED,"L4 in WHO snapshot"
2059297,GAP,"resolver status RETIRED_NO_REMAP"
724165,GAP,"resolver status RETIRED_NO_REMAP"
1088953,GAP,"resolver status L4_ONLY"
800269,GAP,"resolver status L4_ONLY"
978949,UNCONFIRMED,"no WHO snapshot for these L4s"
310213,GAP,"no L5 codes"
351277,UNCONFIRMED,"no WHO snapshot for these L4s"
798421,GAP,"resolver status RETIRED_NO_REMAP"
308281,CONFIRMED,"L4 in WHO snapshot"
1088965,GAP,"resolver status L4_ONLY"
1099033,UNCONFIRMED,"no WHO snapshot for these L4s"
1000945,UNCONFIRMED,"no WHO snapshot for these L4s"
312217,UNCONFIRMED,"no WHO snapshot for these L4s"
2173825,UNCONFIRMED,"no WHO snapshot for these L4s"
1116361,UNCONFIRMED,"no WHO snapshot for these L4s"
1235389,GAP,"resolver status L4_ONLY"
1046305,UNCONFIRMED,"no WHO snapshot for these L4s"
1046569,UNCONFIRMED,"no WHO snapshot for these L4s"
242989,UNCONFIRMED,"no WHO snapshot for these L4s"
1114477,UNCONFIRMED,"no WHO snapshot for these L4s"
476977,GAP,"resolver status RETIRED_NO_REMAP"
1013665,UNCONFIRMED,"no WHO snapshot for these L4s"
1874857,GAP,"resolver status L4_ONLY"
1926601,GAP,"resolver status RETIRED_NO_REMAP"
1244581,UNCONFIRMED,"no WHO snapshot for these L4s"
1249717,UNCONFIRMED,"no WHO snapshot for these L4s"
1545673,UNCONFIRMED,"no WHO snapshot for these L4s"
1796101,UNCONFIRMED,"no WHO snapshot for these L4s"
1363513,GAP,"resolver status L4_ONLY"
1370125,GAP,"resolver status L4_ONLY"
1245937,GAP,"no L5 codes"
1297369,UNCONFIRMED,"no WHO snapshot for these L4s"
1430401,UNCONFIRMED,"no WHO snapshot for these L4s"
1546705,UNCONFIRMED,"no WHO snapshot for these L4s"
1798549,GAP,"no L5 codes"
1294621,UNCONFIRMED,"no WHO snapshot for these L4s"
1424257,UNCONFIRMED,"no WHO snapshot for these L4s"
1535485,GAP,"resolver status L4_ONLY"
884185,UNCONFIRMED,"no WHO snapshot for these L4s"
750841,UNCONFIRMED,"no WHO snapshot for these L4s"
759697,UNCONFIRMED,"no WHO snapshot for these L4s"
904465,GAP,"resolver status L4_ONLY"
1994389,UNCONFIRMED,"no WHO snapshot for these L4s"
312529,UNCONFIRMED,"no WHO snapshot for these L4s"
861661,UNCONFIRMED,"no WHO snapshot for these L4s"
996757,GAP,"resolver status L4_ONLY"
643165,GAP,"resolver status RETIRED_NO_REMAP"
797233,GAP,"no L5 codes"
308725,UNCONFIRMED,"no WHO snapshot for these L4s"
359929,UNCONFIRMED,"no WHO snapshot for these L4s"
313789,UNCONFIRMED,"no WHO snapshot for these L4s"
857509,CONFIRMED,"L4 in WHO snapshot"
210133,UNCONFIRMED,"no WHO snapshot for these L4s"
2122909,UNCONFIRMED,"no WHO snapshot for these L4s"
1006645,GAP,"resolver status L4_ONLY"
238909,UNCONFIRMED,"no WHO snapshot for these L4s"
1049629,GAP,"resolver status RETIRED_NO_REMAP"
1050325,GAP,"resolver status L4_ONLY"
210541,UNCONFIRMED,"no WHO snapshot for these L4s"
210277,GAP,"resolver status RETIRED_NO_REMAP"
544741,UNCONFIRMED,"no WHO snapshot for these L4s"
2174809,UNCONFIRMED,"no WHO snapshot for these L4s"
562249,GAP,"no L5 codes"
1046449,GAP,"resolver status RETIRED_NO_REMAP"
1797913,UNCONFIRMED,"no WHO snapshot for these L4s"
1250917,UNCONFIRMED,"no WHO snapshot for these L4s"
1303777,UNCONFIRMED,"no WHO snapshot for these L4s"
1796137,GAP,"resolver status L4_ONLY"
1926565,GAP,"resolver status RETIRED_NO_REMAP"
1242697,UNCONFIRMED,"no WHO snapshot for these L4s"
1870225,UNCONFIRMED,"no WHO snapshot for these L4s"
1241833,CONFIRMED,"L4 in WHO snapshot"
1490785,UNCONFIRMED,"no WHO snapshot for these L4s"
1544065,UNCONFIRMED,"no WHO snapshot for these L4s"
1542385,UNCONFIRMED,"no WHO snapshot for these L4s"
1603369,UNCONFIRMED,"no WHO snapshot for these L4s"
1603861,UNCONFIRMED,"no WHO snapshot for these L4s"
1251049,UNCONFIRMED,"no WHO snapshot for these L4s"
1087249,GAP,"resolver status L4_ONLY"
308941,UNCONFIRMED,"no WHO snapshot for these L4s"
801697,UNCONFIRMED,"no WHO snapshot for these L4s"
198493,UNCONFIRMED,"no WHO snapshot for these L4s"
199561,UNCONFIRMED,"no WHO snapshot for these L4s"
309289,UNCONFIRMED,"no WHO snapshot for these L4s"
2106997,UNCONFIRMED,"no WHO snapshot for these L4s"
2184133,UNCONFIRMED,"no WHO snapshot for these L4s"
1115329,GAP,"resolver status L4_ONLY"
1119541,GAP,"resolver status L4_ONLY"
315037,GAP,"resolver status RETIRED_NO_REMAP"
1005853,GAP,"resolver status L4_ONLY"
238405,GAP,"no L5 codes"
1010053,UNCONFIRMED,"no WHO snapshot for these L4s"
1085977,UNCONFIRMED,"no WHO snapshot for these L4s"
243421,GAP,"resolver status RETIRED_NO_REMAP"
1737565,UNCONFIRMED,"no WHO snapshot for these L4s"
1090849,GAP,"resolver status L4_ONLY"
857413,UNCONFIRMED,"no WHO snapshot for these L4s"
1245985,GAP,"no L5 codes"
197953,GAP,"resolver status L4_ONLY"
1596445,GAP,"no L5 codes"
244309,UNCONFIRMED,"no WHO snapshot for these L4s"
1737457,GAP,"resolver status RETIRED_NO_REMAP"
1943497,GAP,"resolver status L4_ONLY"
1312429,CONFIRMED,"L4 in WHO snapshot"
1442881,UNCONFIRMED,"no WHO snapshot for these L4s"
1923433,GAP,"resolver status L4_ONLY"
312193,UNCONFIRMED,"no WHO snapshot for these L4s"
995077,GAP,"resolver status L4_ONLY"
905257,GAP,"resolver status L4_ONLY"
1088977,GAP,"resolver status L4_ONLY"
204829,GAP,"resolver status RETIRED_NO_REMAP"
199105,GAP,"resolver status L4_ONLY"
672193,GAP,"no L5 codes"
756301,UNCONFIRMED,"no WHO snapshot for these L4s"
1090657,GAP,"resolver status RETIRED_NO_REMAP"
2046145,UNCONFIRMED,"no WHO snapshot for these L4s"
999613,GAP,"resolver status L4_ONLY"
847213,GAP,"resolver status L4_ONLY"
848197,UNCONFIRMED,"no WHO snapshot for these L4s"
211525,UNCONFIRMED,"no WHO snapshot for these L4s"
1000081,UNCONFIRMED,"no WHO snapshot for these L4s"
1085773,UNCONFIRMED,"no WHO snapshot for these L4s"
543685,UNCONFIRMED,"no WHO snapshot for these L4s"
809521,UNCONFIRMED,"no WHO snapshot for these L4s"
853021,UNCONFIRMED,"no WHO snapshot for these L4s"
1091245,CONFIRMED,"L4 in WHO snapshot"
237205,UNCONFIRMED,"no WHO snapshot for these L4s"
1092373,GAP,"resolver status L4_ONLY"
1012381,GAP,"resolver status L4_ONLY"
1046965,UNCONFIRMED,"no WHO snapshot for these L4s"
1049197,CONFIRMED,"L4 in WHO snapshot"
1049245,UNCONFIRMED,"no WHO snapshot for these L4s"
260401,UNCONFIRMED,"no WHO snapshot for these L4s"
206893,UNCONFIRMED,"no WHO snapshot for these L4s"
208561,GAP,"resolver status RETIRED_NO_REMAP"
1657705,UNCONFIRMED,"no WHO snapshot for these L4s"
1927849,GAP,"resolver status L4_ONLY"
1242769,UNCONFIRMED,"no WHO snapshot for these L4s"
1435897,UNCONFIRMED,"no WHO snapshot for these L4s"
1301161,UNCONFIRMED,"no WHO snapshot for these L4s"
1795609,GAP,"no L5 codes"
1243393,GAP,"resolver status L4_ONLY"
197665,UNCONFIRMED,"no WHO snapshot for these L4s"
761977,UNCONFIRMED,"no WHO snapshot for these L4s"
890953,UNCONFIRMED,"no WHO snapshot for these L4s"
206989,UNCONFIRMED,"no WHO snapshot for these L4s"
207289,UNCONFIRMED,"no WHO snapshot for these L4s"
795853,UNCONFIRMED,"no WHO snapshot for these L4s"
204913,GAP,"resolver status L4_ONLY"
994237,GAP,"resolver status L4_ONLY"
899761,GAP,"resolver status L4_ONLY"
861385,UNCONFIRMED,"no WHO snapshot for these L4s"
744793,UNCONFIRMED,"no WHO snapshot for these L4s"
883501,GAP,"no L5 codes"
669025,UNCONFIRMED,"no WHO snapshot for these L4s"
313009,UNCONFIRMED,"no WHO snapshot for these L4s"
359329,GAP,"resolver status L4_ONLY"
210817,GAP,"resolver status RETIRED_NO_REMAP"
1012021,GAP,"resolver status L4_ONLY"
1043353,UNCONFIRMED,"no WHO snapshot for these L4s"
1048969,GAP,"resolver status L4_ONLY"
1659805,GAP,"resolver status RETIRED_NO_REMAP"
476845,GAP,"resolver status L4_ONLY"
1115833,UNCONFIRMED,"no WHO snapshot for these L4s"
313249,UNCONFIRMED,"no WHO snapshot for these L4s"
1117525,UNCONFIRMED,"no WHO snapshot for these L4s"
580261,GAP,"no L5 codes"
211909,GAP,"resolver status RETIRED_NO_REMAP"
2119393,GAP,"no L5 codes"
1251625,GAP,"no L5 codes"
1363777,UNCONFIRMED,"no WHO snapshot for these L4s"
1366789,UNCONFIRMED,"no WHO snapshot for these L4s"
1244677,GAP,"resolver status RETIRED_NO_REMAP"
1549717,GAP,"resolver status L4_ONLY"
1297381,GAP,"resolver status L4_ONLY"
1536601,GAP,"resolver status L4_ONLY"
1595029,GAP,"resolver status L4_ONLY"
996529,GAP,"resolver status RETIRED_NO_REMAP"
753601,GAP,"resolver status L4_ONLY"
861733,UNCONFIRMED,"no WHO snapshot for these L4s"
896029,UNCONFIRMED,"no WHO snapshot for these L4s"
750145,UNCONFIRMED,"no WHO snapshot for these L4s"
763597,GAP,"resolver status L4_ONLY"
994537,UNCONFIRMED,"no WHO snapshot for these L4s"
750121,GAP,"no L5 codes"
880945,UNCONFIRMED,"no WHO snapshot for these L4s"
686389,UNCONFIRMED,"no WHO snapshot for these L4s"
1088761,GAP,"resolver status L4_ONLY"
2003557,GAP,"resolver status L4_ONLY"
750265,GAP,"resolver status L4_ONLY"
360349,UNCONFIRMED,"no WHO snapshot for these L4s"
2050369,GAP,"resolver status RETIRED_NO_REMAP"
847189,GAP,"resolver status L4_ONLY"
857461,UNCONFIRMED,"no WHO snapshot for these L4s"
1147993,UNCONFIRMED,"no WHO snapshot for these L4s"
313657,UNCONFIRMED,"no WHO snapshot for these L4s"
1189645,GAP,"resolver status L4_ONLY"
1190917,UNCONFIRMED,"no WHO snapshot for these L4s"
998533,UNCONFIRMED,"no WHO snapshot for these L4s"
210037,GAP,"resolver status L4_ONLY"
1098433,GAP,"resolver status RETIRED_NO_REMAP"
1726645,UNCONFIRMED,"no WHO snapshot for these L4s"
1048081,UNCONFIRMED,"no WHO snapshot for these L4s"
834133,UNCONFIRMED,"no WHO snapshot for these L4s"
607033,UNCONFIRMED,"no WHO snapshot for these L4s"
1235569,GAP,"resolver status L4_ONLY"
606433,UNCONFIRMED,"no WHO snapshot for these L4s"
1797853,UNCONFIRMED,"no WHO snapshot for these L4s"
197725,UNCONFIRMED,"no WHO snapshot for these L4s"
1438777,GAP,"resolver status RETIRED_NO_REMAP"
1547773,UNCONFIRMED,"no WHO snapshot for these L4s"
1875613,UNCONFIRMED,"no WHO snapshot for these L4s"
1244233,UNCONFIRMED,"no WHO snapshot for these L4s"
198097,UNCONFIRMED,"no WHO snapshot for these L4s"
1235245,UNCONFIRMED,"no WHO snapshot for these L4s"
1424281,GAP,"no L5 codes"
1441273,CONFIRMED,"L4 in WHO snapshot"
1297753,UNCONFIRMED,"no WHO snapshot for these L4s"
686893,UNCONFIRMED,"no WHO snapshot for these L4s"
834841,GAP,"resolver status RETIRED_NO_REMAP"
359221,GAP,"resolver status L4_ONLY"
310873,UNCONFIRMED,"no WHO snapshot for these L4s"
900409,UNCONFIRMED,"no WHO snapshot for these L4s"
891793,GAP,"resolver status L4_ONLY"
895525,UNCONFIRMED,"no WHO snapshot for these L4s"
795949,GAP,"resolver status RETIRED_NO_REMAP"
2043457,UNCONFIRMED,"no WHO snapshot for these L4s"
315061,UNCONFIRMED,"no WHO snapshot for these L4s"
200317,GAP,"no L5 codes"
856441,GAP,"resolver status L4_ONLY"
214105,UNCONFIRMED,"no WHO snapshot for these L4s"
1012249,UNCONFIRMED,"no WHO snapshot for these L4s"
1037185,UNCONFIRMED,"no WHO snapshot for these L4s"
1037389,GAP,"resolver status RETIRED_NO_REMAP"
998185,UNCONFIRMED,"no WHO snapshot for these L4s"
2173645,GAP,"resolver status RETIRED_NO_REMAP"
1092193,CONFIRMED,"L4 in WHO snapshot"
1189657,UNCONFIRMED,"no WHO snapshot for these L4s"
2108857,GAP,"resolver status L4_ONLY"
1810273,GAP,"resolver status L4_ONLY"
197425,GAP,"resolver status L4_ONLY"
1251325,UNCONFIRMED,"no WHO snapshot for these L4s"
1599133,GAP,"resolver status L4_ONLY"
1252021,GAP,"resolver status L4_ONLY"
1358761,UNCONFIRMED,"no WHO snapshot for these L4s"
1424677,UNCONFIRMED,"no WHO snapshot for these L4s"
891709,GAP,"resolver status L4_ONLY"
313813,UNCONFIRMED,"no WHO snapshot for these L4s"
800209,UNCONFIRMED,"no WHO snapshot for these L4s"
757969,GAP,"resolver status L4_ONLY"
904537,GAP,"resolver status RETIRED_NO_REMAP"
310477,UNCONFIRMED,"no WHO snapshot for these L4s"
1996189,UNCONFIRMED,"no WHO snapshot for these L4s"
2055289,UNCONFIRMED,"no WHO snapshot for these L4s"
2173849,UNCONFIRMED,"no WHO snapshot for these L4s"
1049293,UNCONFIRMED,"no WHO snapshot for these L4s"
253021,UNCONFIRMED,"no WHO snapshot for these L4s"
260125,UNCONFIRMED,"no WHO snapshot for these L4s"
1658245,UNCONFIRMED,"no WHO snapshot for these L4s"
1012081,GAP,"resolver status L4_ONLY"
199189,GAP,"resolver status L4_ONLY"
404473,UNCONFIRMED,"no WHO snapshot for these L4s"
830533,UNCONFIRMED,"no WHO snapshot for these L4s"
1101637,GAP,"resolver status L4_ONLY"
979477,UNCONFIRMED,"no WHO snapshot for these L4s"
830557,GAP,"resolver status L4_ONLY"
349561,GAP,"resolver status RETIRED_NO_REMAP"
857845,UNCONFIRMED,"no WHO snapshot for these L4s"
436525,GAP,"no L5 codes"
259081,GAP,"resolver status L4_ONLY"
1006057,GAP,"resolver status L4_ONLY"
1654849,GAP,"no L5 codes"
1437709,UNCONFIRMED,"no WHO snapshot for these L4s"
992797,UNCONFIRMED,"no WHO snapshot for these L4s"
310933,UNCONFIRMED,"no WHO snapshot for these L4s"
753457,GAP,"resolver status RETIRED_NO_REMAP"
896821,UNCONFIRMED,"no WHO snapshot for these L4s"
645649,UNCONFIRMED,"no WHO snapshot for these L4s"
807361,GAP,"resolver status RETIRED_NO_REMAP"
2105785,UNCONFIRMED,"no WHO snapshot for these L4s"
211333,UNCONFIRMED,"no WHO snapshot for these L4s"
1099897,UNCONFIRMED,"no WHO snapshot for these L4s"
603589,UNCONFIRMED,"no WHO snapshot for these L4s"
1000405,UNCONFIRMED,"no WHO snapshot for these L4s"
1012645,UNCONFIRMED,"no WHO snapshot for these L4s"
1046605,UNCONFIRMED,"no WHO snapshot for these L4s"
607273,UNCONFIRMED,"no WHO snapshot for these L4s"
1013053,UNCONFIRMED,"no WHO snapshot for these L4s"
199213,UNCONFIRMED,"no WHO snapshot for these L4s"
312997,GAP,"no L5 codes"
211297,UNCONFIRMED,"no WHO snapshot for these L4s"
312973,UNCONFIRMED,"no WHO snapshot for these L4s"
830785,GAP,"no L5 codes"
859153,UNCONFIRMED,"no WHO snapshot for these L4s"
1000153,UNCONFIRMED,"no WHO snapshot for these L4s"
1114393,GAP,"resolver status RETIRED_NO_REMAP"
308077,UNCONFIRMED,"no WHO snapshot for these L4s"
1860241,UNCONFIRMED,"no WHO snapshot for these L4s"
1313785,UNCONFIRMED,"no WHO snapshot for these L4s"
1357897,UNCONFIRMED,"no WHO snapshot for these L4s"
198001,GAP,"resolver status L4_ONLY"
1649341,UNCONFIRMED,"no WHO snapshot for these L4s"
1428025,GAP,"no L5 codes"
1737757,UNCONFIRMED,"no WHO snapshot for these L4s"
308293,CONFIRMED,"L4 in WHO snapshot"
905353,GAP,"resolver status L4_ONLY"
896893,UNCONFIRMED,"no WHO snapshot for these L4s"
864685,UNCONFIRMED,"no WHO snapshot for these L4s"
808921,UNCONFIRMED,"no WHO snapshot for these L4s"
857389,CONFIRMED,"L4 in WHO snapshot"
211165,CONFIRMED,"L4 in WHO snapshot"
1010077,UNCONFIRMED,"no WHO snapshot for these L4s"
1012621,UNCONFIRMED,"no WHO snapshot for these L4s"
1145689,GAP,"resolver status RETIRED_NO_REMAP"
206221,UNCONFIRMED,"no WHO snapshot for these L4s"
208813,GAP,"resolver status L4_ONLY"
1735057,UNCONFIRMED,"no WHO snapshot for these L4s"
284449,GAP,"resolver status RETIRED_NO_REMAP"
2056069,GAP,"resolver status L4_ONLY"
1000717,UNCONFIRMED,"no WHO snapshot for these L4s"
1369753,GAP,"resolver status L4_ONLY"
1541221,UNCONFIRMED,"no WHO snapshot for these L4s"
1356817,GAP,"resolver status RETIRED_NO_REMAP"
1357873,UNCONFIRMED,"no WHO snapshot for these L4s"
1370473,GAP,"resolver status RETIRED_NO_REMAP"
1432525,UNCONFIRMED,"no WHO snapshot for these L4s"
1293865,GAP,"resolver status L4_ONLY"
1484737,UNCONFIRMED,"no WHO snapshot for these L4s"
1489405,UNCONFIRMED,"no WHO snapshot for these L4s"
707329,GAP,"no L5 codes"
992449,UNCONFIRMED,"no WHO snapshot for these L4s"
310129,UNCONFIRMED,"no WHO snapshot for these L4s"
198841,UNCONFIRMED,"no WHO snapshot for these L4s"
310165,UNCONFIRMED,"no WHO snapshot for these L4s"
637129,GAP,"resolver status L4_ONLY"
636109,GAP,"resolver status L4_ONLY"
700669,UNCONFIRMED,"no WHO snapshot for these L4s"
309577,UNCONFIRMED,"no WHO snapshot for these L4s"
998437,UNCONFIRMED,"no WHO snapshot for these L4s"
745309,UNCONFIRMED,"no WHO snapshot for these L4s"
1991329,UNCONFIRMED,"no WHO snapshot for these L4s"
991633,UNCONFIRMED,"no WHO snapshot for these L4s"
2048713,GAP,"resolver status RETIRED_NO_REMAP"
2109253,UNCONFIRMED,"no WHO snapshot for these L4s"
213577,GAP,"resolver status RETIRED_NO_REMAP"
215101,UNCONFIRMED,"no WHO snapshot for these L4s"
1190113,GAP,"resolver status L4_ONLY"
1727521,UNCONFIRMED,"no WHO snapshot for these L4s"
804973,UNCONFIRMED,"no WHO snapshot for these L4s"
206905,UNCONFIRMED,"no WHO snapshot for these L4s"
313633,UNCONFIRMED,"no WHO snapshot for these L4s"
1192741,GAP,"no L5 codes"
859225,UNCONFIRMED,"no WHO snapshot for these L4s"
1730425,GAP,"no L5 codes"
831313,UNCONFIRMED,"no WHO snapshot for these L4s"
210601,GAP,"resolver status L4_ONLY"
2175697,GAP,"resolver status RETIRED_NO_REMAP"
1805281,UNCONFIRMED,"no WHO snapshot for these L4s"
1807549,UNCONFIRMED,"no WHO snapshot for these L4s"
1923421,UNCONFIRMED,"no WHO snapshot for these L4s"
1374397,GAP,"resolver status RETIRED_NO_REMAP"
260005,GAP,"resolver status RETIRED_NO_REMAP"
1294033,GAP,"resolver status L4_ONLY"
1361041,GAP,"resolver status RETIRED_NO_REMAP"
1425181,UNCONFIRMED,"no WHO snapshot for these L4s"
998713,CONFIRMED,"L4 in WHO snapshot"
884077,UNCONFIRMED,"no WHO snapshot for these L4s"
892789,UNCONFIRMED,"no WHO snapshot for these L4s"
749881,UNCONFIRMED,"no WHO snapshot for these L4s"
309421,UNCONFIRMED,"no WHO snapshot for these L4s"
309469,CONFIRMED,"L4 in WHO snapshot"
1088869,GAP,"resolver status L4_ONLY"
636337,GAP,"no L5 codes"
1087609,GAP,"resolver status L4_ONLY"
1234393,GAP,"resolver status L4_ONLY"
1050493,GAP,"resolver status L4_ONLY"
1654645,UNCONFIRMED,"no WHO snapshot for these L4s"
1721473,UNCONFIRMED,"no WHO snapshot for these L4s"
1729393,UNCONFIRMED,"no WHO snapshot for these L4s"
856429,GAP,"resolver status L4_ONLY"
476137,UNCONFIRMED,"no WHO snapshot for these L4s"
604669,GAP,"resolver status L4_ONLY"
1039681,UNCONFIRMED,"no WHO snapshot for these L4s"
1049425,GAP,"resolver status RETIRED_NO_REMAP"
1086253,UNCONFIRMED,"no WHO snapshot for these L4s"
210025,UNCONFIRMED,"no WHO snapshot for these L4s"
1006729,UNCONFIRMED,"no WHO snapshot for these L4s"
1732165,GAP,"no L5 codes"
1243585,UNCONFIRMED,"no WHO snapshot for these L4s"
1250569,GAP,"resolver status RETIRED_NO_REMAP"
1308373,GAP,"resolver status RETIRED_NO_REMAP"
1359097,UNCONFIRMED,"no WHO snapshot for these L4s"
1356865,GAP,"resolver status RETIRED_NO_REMAP"
1441321,UNCONFIRMED,"no WHO snapshot for these L4s"
701425,GAP,"resolver status RETIRED_NO_REMAP"
705013,UNCONFIRMED,"no WHO snapshot for these L4s"
892309,GAP,"resolver status L4_ONLY"
308209,UNCONFIRMED,"no WHO snapshot for these L4s"
1086997,GAP,"resolver status L4_ONLY"
314113,UNCONFIRMED,"no WHO snapshot for these L4s"
309445,GAP,"resolver status RETIRED_NO_REMAP"
731281,GAP,"resolver status L4_ONLY"
755593,UNCONFIRMED,"no WHO snapshot for these L4s"
199297,UNCONFIRMED,"no WHO snapshot for these L4s"
200209,GAP,"resolver status L4_ONLY"
759469,UNCONFIRMED,"no WHO snapshot for these L4s"
755809,GAP,"resolver status RETIRED_NO_REMAP"
885133,GAP,"resolver status L4_ONLY"
205885,UNCONFIRMED,"no WHO snapshot for these L4s"
809125,CONFIRMED,"L4 in WHO snapshot"
313081,UNCONFIRMED,"no WHO snapshot for these L4s"
830677,UNCONFIRMED,"no WHO snapshot for these L4s"
210805,GAP,"resolver status RETIRED_NO_REMAP"
1190233,UNCONFIRMED,"no WHO snapshot for these L4s"
1011841,UNCONFIRMED,"no WHO snapshot for these L4s"
259093,GAP,"resolver status L4_ONLY"
2184157,GAP,"resolver status RETIRED_NO_REMAP"
995665,GAP,"resolver status RETIRED_NO_REMAP"
343033,UNCONFIRMED,"no WHO snapshot for these L4s"
1012417,GAP,"resolver status L4_ONLY"
1190629,UNCONFIRMED,"no WHO snapshot for these L4s"
1001089,UNCONFIRMED,"no WHO snapshot for these L4s"
860437,UNCONFIRMED,"no WHO snapshot for these L4s"
2181301,UNCONFIRMED,"no WHO snapshot for these L4s"
1798453,GAP,"resolver status L4_ONLY"
1294201,GAP,"resolver status L4_ONLY"
1436161,UNCONFIRMED,"no WHO snapshot for these L4s"
1438297,CONFIRMED,"L4 in WHO snapshot"
1493269,GAP,"resolver status RETIRED_NO_REMAP"
1542397,CONFIRMED,"L4 in WHO snapshot"
1867921,UNCONFIRMED,"no WHO snapshot for these L4s"
1293637,GAP,"resolver status L4_ONLY"
1358629,GAP,"resolver status RETIRED_NO_REMAP"
1537021,UNCONFIRMED,"no WHO snapshot for these L4s"
800449,GAP,"resolver status L4_ONLY"
309337,UNCONFIRMED,"no WHO snapshot for these L4s"
895045,UNCONFIRMED,"no WHO snapshot for these L4s"
351973,UNCONFIRMED,"no WHO snapshot for these L4s"
707677,UNCONFIRMED,"no WHO snapshot for these L4s"
404413,CONFIRMED,"L4 in WHO snapshot"
978001,GAP,"resolver status L4_ONLY"
313981,UNCONFIRMED,"no WHO snapshot for these L4s"
618469,GAP,"no L5 codes"
210325,UNCONFIRMED,"no WHO snapshot for these L4s"
1193341,UNCONFIRMED,"no WHO snapshot for these L4s"
1234549,GAP,"resolver status L4_ONLY"
1000981,UNCONFIRMED,"no WHO snapshot for these L4s"
1050241,UNCONFIRMED,"no WHO snapshot for these L4s"
1048981,GAP,"resolver status RETIRED_NO_REMAP"
832909,GAP,"resolver status L4_ONLY"
206629,GAP,"resolver status L4_ONLY"
2121061,UNCONFIRMED,"no WHO snapshot for these L4s"
602617,GAP,"resolver status L4_ONLY"
1048309,UNCONFIRMED,"no WHO snapshot for these L4s"
1038841,GAP,"resolver status L4_ONLY"
261169,UNCONFIRMED,"no WHO snapshot for these L4s"
1788841,GAP,"resolver status RETIRED_NO_REMAP"
1116145,GAP,"resolver status L4_ONLY"
487129,UNCONFIRMED,"no WHO snapshot for these L4s"
1043389,UNCONFIRMED,"no WHO snapshot for these L4s"
1807513,UNCONFIRMED,"no WHO snapshot for these L4s"
1658149,GAP,"no L5 codes"
1293841,GAP,"resolver status RETIRED_NO_REMAP"
1293997,UNCONFIRMED,"no WHO snapshot for these L4s"
1373137,GAP,"resolver status L4_ONLY"
1876729,UNCONFIRMED,"no WHO snapshot for these L4s"
1947133,UNCONFIRMED,"no WHO snapshot for these L4s"
1490677,GAP,"resolver status RETIRED_NO_REMAP"
1308577,UNCONFIRMED,"no WHO snapshot for these L4s"
672601,GAP,"resolver status L4_ONLY"
991549,UNCONFIRMED,"no WHO snapshot for these L4s"
2058529,UNCONFIRMED,"no WHO snapshot for these L4s"
318193,GAP,"resolver status RETIRED_NO_REMAP"
2049505,UNCONFIRMED,"no WHO snapshot for these L4s"
808513,GAP,"resolver status L4_ONLY"
749857,UNCONFIRMED,"no WHO snapshot for these L4s"
996097,UNCONFIRMED,"no WHO snapshot for these L4s"
312769,UNCONFIRMED,"no WHO snapshot for these L4s"
210073,UNCONFIRMED,"no WHO snapshot for these L4s"
213109,UNCONFIRMED,"no WHO snapshot for these L4s"
1192981,UNCONFIRMED,"no WHO snapshot for these L4s"
1037245,UNCONFIRMED,"no WHO snapshot for these L4s"
1085785,UNCONFIRMED,"no WHO snapshot for these L4s"
1116277,UNCONFIRMED,"no WHO snapshot for these L4s"
808669,UNCONFIRMED,"no WHO snapshot for these L4s"
248341,GAP,"resolver status L4_ONLY"
307753,UNCONFIRMED,"no WHO snapshot for these L4s"
1728301,UNCONFIRMED,"no WHO snapshot for these L4s"
1798297,GAP,"resolver status L4_ONLY"
847249,UNCONFIRMED,"no WHO snapshot for these L4s"
1006693,UNCONFIRMED,"no WHO snapshot for these L4s"
1873993,UNCONFIRMED,"no WHO snapshot for these L4s"
1297549,UNCONFIRMED,"no WHO snapshot for these L4s"
1356073,UNCONFIRMED,"no WHO snapshot for these L4s"
1599169,UNCONFIRMED,"no WHO snapshot for these L4s"
1291225,GAP,"resolver status RETIRED_NO_REMAP"
1359109,GAP,"resolver status L4_ONLY"
1484809,UNCONFIRMED,"no WHO snapshot for these L4s"
1595989,GAP,"resolver status L4_ONLY"
646333,UNCONFIRMED,"no WHO snapshot for these L4s"
724861,UNCONFIRMED,"no WHO snapshot for these L4s"
751885,UNCONFIRMED,"no WHO snapshot for these L4s"
309565,GAP,"resolver status RETIRED_NO_REMAP"
1089121,GAP,"resolver status L4_ONLY"
885109,GAP,"no L5 codes"
991957,GAP,"resolver status RETIRED_NO_REMAP"
308389,UNCONFIRMED,"no WHO snapshot for these L4s"
312493,UNCONFIRMED,"no WHO snapshot for these L4s"
1089805,UNCONFIRMED,"no WHO snapshot for these L4s"
313801,UNCONFIRMED,"no WHO snapshot for these L4s"
406369,GAP,"resolver status RETIRED_NO_REMAP"
404509,GAP,"resolver status L4_ONLY"
1996081,GAP,"resolver status L4_ONLY"
317161,UNCONFIRMED,"no WHO snapshot for these L4s"
1091437,GAP,"resolver status RETIRED_NO_REMAP"
1012993,UNCONFIRMED,"no WHO snapshot for these L4s"
1001029,UNCONFIRMED,"no WHO snapshot for these L4s"
827713,GAP,"resolver status RETIRED_NO_REMAP"
1125493,GAP,"resolver status L4_ONLY"
859297,GAP,"resolver status RETIRED_NO_REMAP"
1251505,UNCONFIRMED,"no WHO snapshot for these L4s"
1540669,UNCONFIRMED,"no WHO snapshot for these L4s"
1867993,GAP,"resolver status L4_ONLY"
1310473,UNCONFIRMED,"no WHO snapshot for these L4s"
1809445,GAP,"no L5 codes"
623677,UNCONFIRMED,"no WHO snapshot for these L4s"
758497,UNCONFIRMED,"no WHO snapshot for these L4s"
995617,UNCONFIRMED,"no WHO snapshot for these L4s"
308653,UNCONFIRMED,"no WHO snapshot for these L4s"
312541,UNCONFIRMED,"no WHO snapshot for these L4s"
318217,UNCONFIRMED,"no WHO snapshot for these L4s"
205669,UNCONFIRMED,"no WHO snapshot for these L4s"
351349,UNCONFIRMED,"no WHO snapshot for these L4s"
853501,UNCONFIRMED,"no WHO snapshot for these L4s"
1039273,UNCONFIRMED,"no WHO snapshot for these L4s"
244573,GAP,"resolver status L4_ONLY"
211633,GAP,"resolver status L4_ONLY"
315109,UNCONFIRMED,"no WHO snapshot for these L4s"
1729441,GAP,"resolver status RETIRED_NO_REMAP"
829753,UNCONFIRMED,"no WHO snapshot for these L4s"
211105,UNCONFIRMED,"no WHO snapshot for these L4s"
1145629,UNCONFIRMED,"no WHO snapshot for these L4s"
1716037,UNCONFIRMED,"no WHO snapshot for these L4s"
1809421,GAP,"no L5 codes"
1876117,GAP,"resolver status L4_ONLY"
1362061,UNCONFIRMED,"no WHO snapshot for these L4s"
1855393,GAP,"no L5 codes"
1942189,UNCONFIRMED,"no WHO snapshot for these L4s"
1421461,UNCONFIRMED,"no WHO snapshot for these L4s"
1424029,UNCONFIRMED,"no WHO snapshot for these L4s"
1436557,UNCONFIRMED,"no WHO snapshot for these L4s"
1247893,UNCONFIRMED,"no WHO snapshot for these L4s"
1310125,GAP,"no L5 codes"
1549081,UNCONFIRMED,"no WHO snapshot for these L4s"
694009,UNCONFIRMED,"no WHO snapshot for these L4s"
762001,UNCONFIRMED,"no WHO snapshot for these L4s"
884173,UNCONFIRMED,"no WHO snapshot for these L4s"
642349,GAP,"no L5 codes"
897133,GAP,"resolver status RETIRED_NO_REMAP"
861637,GAP,"resolver status L4_ONLY"
865093,GAP,"resolver status L4_ONLY"
2052925,GAP,"resolver status L4_ONLY"
205897,UNCONFIRMED,"no WHO snapshot for these L4s"
2175997,GAP,"resolver status L4_ONLY"
1000093,UNCONFIRMED,"no WHO snapshot for these L4s"
1047001,UNCONFIRMED,"no WHO snapshot for these L4s"
2175793,GAP,"resolver status L4_ONLY"
1052641,GAP,"resolver status L4_ONLY"
211765,GAP,"resolver status L4_ONLY"
2056681,UNCONFIRMED,"no WHO snapshot for these L4s"
208129,UNCONFIRMED,"no WHO snapshot for these L4s"
1116289,UNCONFIRMED,"no WHO snapshot for these L4s"
1657777,UNCONFIRMED,"no WHO snapshot for these L4s"
1048069,UNCONFIRMED,"no WHO snapshot for these L4s"
198997,UNCONFIRMED,"no WHO snapshot for these L4s"
1149361,UNCONFIRMED,"no WHO snapshot for these L4s"
1234957,UNCONFIRMED,"no WHO snapshot for these L4s"
1006105,GAP,"resolver status L4_ONLY"
1013629,GAP,"resolver status L4_ONLY"
1250461,GAP,"resolver status RETIRED_NO_REMAP"
1294237,UNCONFIRMED,"no WHO snapshot for these L4s"
1366825,GAP,"resolver status L4_ONLY"
1370113,GAP,"resolver status L4_ONLY"
1734865,GAP,"no L5 codes"
1299145,UNCONFIRMED,"no WHO snapshot for these L4s"
1302661,UNCONFIRMED,"no WHO snapshot for these L4s"
1441837,GAP,"resolver status RETIRED_NO_REMAP"
1494169,GAP,"resolver status L4_ONLY"
1809649,GAP,"no L5 codes"
1236013,GAP,"no L5 codes"
1248193,GAP,"resolver status L4_ONLY"
1423489,GAP,"resolver status L4_ONLY"
749761,UNCONFIRMED,"no WHO snapshot for these L4s"
1988809,UNCONFIRMED,"no WHO snapshot for these L4s"
204793,UNCONFIRMED,"no WHO snapshot for these L4s"
999685,UNCONFIRMED,"no WHO snapshot for these L4s"
998677,UNCONFIRMED,"no WHO snapshot for these L4s"
830761,UNCONFIRMED,"no WHO snapshot for these L4s"
884221,UNCONFIRMED,"no WHO snapshot for these L4s"
806677,UNCONFIRMED,"no WHO snapshot for these L4s"
1146217,GAP,"no L5 codes"
1190761,UNCONFIRMED,"no WHO snapshot for these L4s"
1148185,UNCONFIRMED,"no WHO snapshot for these L4s"
1012549,GAP,"resolver status RETIRED_NO_REMAP"
2099533,UNCONFIRMED,"no WHO snapshot for these L4s"
801769,UNCONFIRMED,"no WHO snapshot for these L4s"
2108833,GAP,"resolver status L4_ONLY"
1099585,UNCONFIRMED,"no WHO snapshot for these L4s"
1046857,GAP,"resolver status RETIRED_NO_REMAP"
1039465,UNCONFIRMED,"no WHO snapshot for these L4s"
1000921,UNCONFIRMED,"no WHO snapshot for these L4s"
857533,UNCONFIRMED,"no WHO snapshot for these L4s"
1053097,UNCONFIRMED,"no WHO snapshot for these L4s"
1739221,UNCONFIRMED,"no WHO snapshot for these L4s"
1796665,UNCONFIRMED,"no WHO snapshot for these L4s"
1860085,GAP,"resolver status RETIRED_NO_REMAP"
1868029,GAP,"resolver status L4_ONLY"
1245169,GAP,"resolver status L4_ONLY"
1305205,UNCONFIRMED,"no WHO snapshot for these L4s"
1358869,UNCONFIRMED,"no WHO snapshot for these L4s"
1429993,GAP,"resolver status RETIRED_NO_REMAP"
1495165,UNCONFIRMED,"no WHO snapshot for these L4s"
1494601,UNCONFIRMED,"no WHO snapshot for these L4s"
1595473,GAP,"resolver status L4_ONLY"
1606021,GAP,"resolver status L4_ONLY"
1248241,UNCONFIRMED,"no WHO snapshot for these L4s"
1314649,GAP,"resolver status RETIRED_NO_REMAP"
346765,UNCONFIRMED,"no WHO snapshot for these L4s"
310201,UNCONFIRMED,"no WHO snapshot for these L4s"
993253,GAP,"resolver status L4_ONLY"
759481,UNCONFIRMED,"no WHO snapshot for these L4s"
200869,UNCONFIRMED,"no WHO snapshot for these L4s"
308893,UNCONFIRMED,"no WHO snapshot for these L4s"
904669,UNCONFIRMED,"no WHO snapshot for these L4s"
313453,UNCONFIRMED,"no WHO snapshot for these L4s"
312877,GAP,"resolver status L4_ONLY"
1098601,GAP,"resolver status L4_ONLY"
410929,GAP,"resolver status L4_ONLY"
858097,UNCONFIRMED,"no WHO snapshot for these L4s"
238153,GAP,"resolver status L4_ONLY"
1659445,UNCONFIRMED,"no WHO snapshot for these L4s"
1673869,GAP,"resolver status L4_ONLY"
828373,UNCONFIRMED,"no WHO snapshot for these L4s"
1111345,UNCONFIRMED,"no WHO snapshot for these L4s"
1091725,GAP,"no L5 codes"
1042645,GAP,"resolver status L4_ONLY"
1044949,GAP,"resolver status L4_ONLY"
1098625,GAP,"no L5 codes"
1744009,CONFIRMED,"L4 in WHO snapshot"
1747717,GAP,"resolver status RETIRED_NO_REMAP"
283597,UNCONFIRMED,"no WHO snapshot for these L4s"
1863973,GAP,"resolver status L4_ONLY"
197785,UNCONFIRMED,"no WHO snapshot for these L4s"
1927693,UNCONFIRMED,"no WHO snapshot for these L4s"
1358329,GAP,"resolver status RETIRED_NO_REMAP"
1493173,UNCONFIRMED,"no WHO snapshot for these L4s"
1809517,GAP,"no L5 codes"
198109,UNCONFIRMED,"no WHO snapshot for these L4s"
1362049,UNCONFIRMED,"no WHO snapshot for these L4s"
1595449,UNCONFIRMED,"no WHO snapshot for these L4s"
1809457,GAP,"no L5 codes"
798133,UNCONFIRMED,"no WHO snapshot for these L4s"
308593,GAP,"resolver status RETIRED_NO_REMAP"
1089853,UNCONFIRMED,"no WHO snapshot for these L4s"
312097,UNCONFIRMED,"no WHO snapshot for these L4s"
200053,UNCONFIRMED,"no WHO snapshot for these L4s"
905473,GAP,"resolver status L4_ONLY"
348805,UNCONFIRMED,"no WHO snapshot for these L4s"
211117,UNCONFIRMED,"no WHO snapshot for these L4s"
211813,UNCONFIRMED,"no WHO snapshot for these L4s"
1232653,UNCONFIRMED,"no WHO snapshot for these L4s"
1053241,UNCONFIRMED,"no WHO snapshot for these L4s"
1666549,CONFIRMED,"L4 in WHO snapshot"
2059045,UNCONFIRMED,"no WHO snapshot for these L4s"
996601,UNCONFIRMED,"no WHO snapshot for these L4s"
210229,CONFIRMED,"L4 in WHO snapshot"
2103397,UNCONFIRMED,"no WHO snapshot for these L4s"
801109,GAP,"resolver status L4_ONLY"
1099861,GAP,"resolver status L4_ONLY"
1111741,UNCONFIRMED,"no WHO snapshot for these L4s"
860113,UNCONFIRMED,"no WHO snapshot for these L4s"
1046281,UNCONFIRMED,"no WHO snapshot for these L4s"
251293,GAP,"resolver status RETIRED_NO_REMAP"
1928545,UNCONFIRMED,"no WHO snapshot for these L4s"
1870681,UNCONFIRMED,"no WHO snapshot for these L4s"
1236073,UNCONFIRMED,"no WHO snapshot for these L4s"
1244737,GAP,"resolver status RETIRED_NO_REMAP"
1312465,GAP,"resolver status L4_ONLY"
1430449,UNCONFIRMED,"no WHO snapshot for these L4s"
1362805,GAP,"resolver status L4_ONLY"
1251745,GAP,"resolver status RETIRED_NO_REMAP"
1422085,CONFIRMED,"L4 in WHO snapshot"
1534801,GAP,"resolver status RETIRED_NO_REMAP"
1862101,UNCONFIRMED,"no WHO snapshot for these L4s"
221173,UNCONFIRMED,"no WHO snapshot for these L4s"
2268037,UNCONFIRMED,"no WHO snapshot for these L4s"
2283229,CONFIRMED,"L4 in WHO snapshot"
2474269,UNCONFIRMED,"no WHO snapshot for these L4s"
2599045,UNCONFIRMED,"no WHO snapshot for these L4s"
2639029,UNCONFIRMED,"no WHO snapshot for these L4s"
2639041,UNCONFIRMED,"no WHO snapshot for these L4s"
2700745,UNCONFIRMED,"no WHO snapshot for these L4s"
541657,GAP,"resolver status RETIRED_NO_REMAP"
606253,CONFIRMED,"L4 in WHO snapshot"
876301,UNCONFIRMED,"no WHO snapshot for these L4s"
9877,UNCONFIRMED,"no WHO snapshot for these L4s"
2045377,UNCONFIRMED,"no WHO snapshot for these L4s"
30145,UNCONFIRMED,"no WHO snapshot for these L4s"
236281,UNCONFIRMED,"no WHO snapshot for these L4s"
142153,UNCONFIRMED,"no WHO snapshot for these L4s"
2725885,UNCONFIRMED,"no WHO snapshot for these L4s"
706946,UNCONFIRMED,"no WHO snapshot for these L4s"
794246,UNCONFIRMED,"no WHO snapshot for these L4s"
999986,CONFIRMED,"L4 in WHO snapshot"
404066,UNCONFIRMED,"no WHO snapshot for these L4s"
311558,UNCONFIRMED,"no WHO snapshot for these L4s"
891710,GAP,"no L5 codes"
311714,GAP,"no L5 codes"
207338,UNCONFIRMED,"no WHO snapshot for these L4s"
211190,CONFIRMED,"L4 in WHO snapshot"
1234514,GAP,"resolver status L4_ONLY"
1050350,UNCONFIRMED,"no WHO snapshot for these L4s"
2173826,UNCONFIRMED,"no WHO snapshot for these L4s"
1010234,GAP,"resolver status L4_ONLY"
1046810,UNCONFIRMED,"no WHO snapshot for these L4s"
1996082,UNCONFIRMED,"no WHO snapshot for these L4s"
359450,GAP,"no L5 codes"
239018,UNCONFIRMED,"no WHO snapshot for these L4s"
1190450,UNCONFIRMED,"no WHO snapshot for these L4s"
603206,UNCONFIRMED,"no WHO snapshot for these L4s"
244526,UNCONFIRMED,"no WHO snapshot for these L4s"
1805714,UNCONFIRMED,"no WHO snapshot for these L4s"
1242998,UNCONFIRMED,"no WHO snapshot for these L4s"
1363382,UNCONFIRMED,"no WHO snapshot for these L4s"
1425446,UNCONFIRMED,"no WHO snapshot for these L4s"
1742222,GAP,"no L5 codes"
1309346,GAP,"no L5 codes"
1358750,UNCONFIRMED,"no WHO snapshot for these L4s"
1795478,UNCONFIRMED,"no WHO snapshot for these L4s"
1438502,GAP,"resolver status RETIRED_NO_REMAP"
308402,UNCONFIRMED,"no WHO snapshot for these L4s"
876866,UNCONFIRMED,"no WHO snapshot for these L4s"
991502,UNCONFIRMED,"no WHO snapshot for these L4s"
309926,UNCONFIRMED,"no WHO snapshot for these L4s"
311450,UNCONFIRMED,"no WHO snapshot for these L4s"
198806,GAP,"no L5 codes"
313634,GAP,"resolver status L4_ONLY"
701990,GAP,"resolver status L4_ONLY"
310226,UNCONFIRMED,"no WHO snapshot for these L4s"
2106362,UNCONFIRMED,"no WHO snapshot for these L4s"
213818,UNCONFIRMED,"no WHO snapshot for these L4s"
1192862,GAP,"no L5 codes"
1011458,GAP,"resolver status L4_ONLY"
1085642,UNCONFIRMED,"no WHO snapshot for these L4s"
211334,UNCONFIRMED,"no WHO snapshot for these L4s"
808502,GAP,"no L5 codes"
831302,UNCONFIRMED,"no WHO snapshot for these L4s"
1046654,GAP,"resolver status L4_ONLY"
307682,GAP,"resolver status RETIRED_NO_REMAP"
1721558,UNCONFIRMED,"no WHO snapshot for these L4s"
198710,UNCONFIRMED,"no WHO snapshot for these L4s"
804374,UNCONFIRMED,"no WHO snapshot for these L4s"
1150286,GAP,"no L5 codes"
1235150,CONFIRMED,"L4 in WHO snapshot"
544550,GAP,"resolver status L4_ONLY"
1657658,UNCONFIRMED,"no WHO snapshot for these L4s"
1294034,UNCONFIRMED,"no WHO snapshot for these L4s"
1435490,UNCONFIRMED,"no WHO snapshot for these L4s"
1493162,UNCONFIRMED,"no WHO snapshot for these L4s"
1600382,UNCONFIRMED,"no WHO snapshot for these L4s"
1250282,UNCONFIRMED,"no WHO snapshot for these L4s"
1423838,UNCONFIRMED,"no WHO snapshot for these L4s"
1311662,GAP,"no L5 codes"
1549694,GAP,"resolver status L4_ONLY"
308282,CONFIRMED,"L4 in WHO snapshot"
966566,UNCONFIRMED,"no WHO snapshot for these L4s"
315002,UNCONFIRMED,"no WHO snapshot for these L4s"
692774,UNCONFIRMED,"no WHO snapshot for these L4s"
882506,UNCONFIRMED,"no WHO snapshot for these L4s"
905150,UNCONFIRMED,"no WHO snapshot for these L4s"
310322,UNCONFIRMED,"no WHO snapshot for these L4s"
656498,UNCONFIRMED,"no WHO snapshot for these L4s"
726746,GAP,"resolver status RETIRED_NO_REMAP"
864650,UNCONFIRMED,"no WHO snapshot for these L4s"
1099634,GAP,"resolver status L4_ONLY"
1100894,GAP,"resolver status L4_ONLY"
1189850,UNCONFIRMED,"no WHO snapshot for these L4s"
1038830,UNCONFIRMED,"no WHO snapshot for these L4s"
1039250,UNCONFIRMED,"no WHO snapshot for these L4s"
1658222,CONFIRMED,"L4 in WHO snapshot"
244382,GAP,"resolver status L4_ONLY"
348326,GAP,"resolver status L4_ONLY"
261314,UNCONFIRMED,"no WHO snapshot for these L4s"
1665362,UNCONFIRMED,"no WHO snapshot for these L4s"
1086458,GAP,"resolver status L4_ONLY"
1300094,GAP,"resolver status RETIRED_NO_REMAP"
1361402,GAP,"resolver status L4_ONLY"
1362026,UNCONFIRMED,"no WHO snapshot for these L4s"
1367426,GAP,"resolver status L4_ONLY"
1251782,UNCONFIRMED,"no WHO snapshot for these L4s"
797654,CONFIRMED,"L4 in WHO snapshot"
312218,UNCONFIRMED,"no WHO snapshot for these L4s"
630062,UNCONFIRMED,"no WHO snapshot for these L4s"
702422,GAP,"resolver status RETIRED_NO_REMAP"
891134,UNCONFIRMED,"no WHO snapshot for these L4s"
308474,GAP,"resolver status RETIRED_NO_REMAP"
762602,GAP,"no L5 codes"
2118734,GAP,"resolver status L4_ONLY"
1092398,GAP,"resolver status L4_ONLY"
1020062,UNCONFIRMED,"no WHO snapshot for these L4s"
1085738,UNCONFIRMED,"no WHO snapshot for these L4s"
210110,UNCONFIRMED,"no WHO snapshot for these L4s"
1116086,UNCONFIRMED,"no WHO snapshot for these L4s"
1190750,UNCONFIRMED,"no WHO snapshot for these L4s"
858374,UNCONFIRMED,"no WHO snapshot for these L4s"
212462,UNCONFIRMED,"no WHO snapshot for these L4s"
544754,UNCONFIRMED,"no WHO snapshot for these L4s"
1791230,UNCONFIRMED,"no WHO snapshot for these L4s"
1804178,UNCONFIRMED,"no WHO snapshot for these L4s"
1809038,GAP,"no L5 codes"
1294382,UNCONFIRMED,"no WHO snapshot for these L4s"
1300382,GAP,"resolver status L4_ONLY"
1363406,GAP,"resolver status RETIRED_NO_REMAP"
1430054,UNCONFIRMED,"no WHO snapshot for these L4s"
1482662,GAP,"resolver status L4_ONLY"
1495298,UNCONFIRMED,"no WHO snapshot for these L4s"
1294262,UNCONFIRMED,"no WHO snapshot for these L4s"
1535366,GAP,"resolver status L4_ONLY"
1538294,UNCONFIRMED,"no WHO snapshot for these L4s"
1795514,GAP,"no L5 codes"
1305770,UNCONFIRMED,"no WHO snapshot for these L4s"
1241882,UNCONFIRMED,"no WHO snapshot for these L4s"
759494,GAP,"resolver status L4_ONLY"
892118,UNCONFIRMED,"no WHO snapshot for these L4s"
998426,GAP,"resolver status L4_ONLY"
901190,UNCONFIRMED,"no WHO snapshot for these L4s"
895526,UNCONFIRMED,"no WHO snapshot for these L4s"
898694,GAP,"resolver status L4_ONLY"
994430,GAP,"resolver status L4_ONLY"
198314,CONFIRMED,"L4 in WHO snapshot"
92582,UNCONFIRMED,"no WHO snapshot for these L4s"
866486,UNCONFIRMED,"no WHO snapshot for these L4s"
905030,GAP,"no L5 codes"
211598,UNCONFIRMED,"no WHO snapshot for these L4s"
2171258,UNCONFIRMED,"no WHO snapshot for these L4s"
616910,UNCONFIRMED,"no WHO snapshot for these L4s"
1000118,UNCONFIRMED,"no WHO snapshot for these L4s"
432638,CONFIRMED,"L4 in WHO snapshot"
237506,UNCONFIRMED,"no WHO snapshot for these L4s"
374474,GAP,"no L5 codes"
211754,UNCONFIRMED,"no WHO snapshot for these L4s"
562106,GAP,"no L5 codes"
1788938,GAP,"resolver status RETIRED_NO_REMAP"
1246586,GAP,"resolver status L4_ONLY"
1294574,UNCONFIRMED,"no WHO snapshot for these L4s"
1293482,UNCONFIRMED,"no WHO snapshot for these L4s"
1366838,GAP,"resolver status RETIRED_NO_REMAP"
1544558,GAP,"resolver status RETIRED_NO_REMAP"
1370750,UNCONFIRMED,"no WHO snapshot for these L4s"
1426334,GAP,"resolver status L4_ONLY"
198098,UNCONFIRMED,"no WHO snapshot for these L4s"
1812434,UNCONFIRMED,"no WHO snapshot for these L4s"
1363826,UNCONFIRMED,"no WHO snapshot for these L4s"
1923410,GAP,"resolver status L4_ONLY"
1653134,UNCONFIRMED,"no WHO snapshot for these L4s"
1432514,GAP,"no L5 codes"
884198,GAP,"resolver status L4_ONLY"
1087238,GAP,"resolver status L4_ONLY"
198302,UNCONFIRMED,"no WHO snapshot for these L4s"
309350,UNCONFIRMED,"no WHO snapshot for these L4s"
2056670,UNCONFIRMED,"no WHO snapshot for these L4s"
896870,UNCONFIRMED,"no WHO snapshot for these L4s"
636830,UNCONFIRMED,"no WHO snapshot for these L4s"
2050430,UNCONFIRMED,"no WHO snapshot for these L4s"
308918,GAP,"resolver status RETIRED_NO_REMAP"
310466,UNCONFIRMED,"no WHO snapshot for these L4s"
668606,UNCONFIRMED,"no WHO snapshot for these L4s"
861818,UNCONFIRMED,"no WHO snapshot for these L4s"
754766,UNCONFIRMED,"no WHO snapshot for these L4s"
750254,UNCONFIRMED,"no WHO snapshot for these L4s"
997838,UNCONFIRMED,"no WHO snapshot for these L4s"
800294,UNCONFIRMED,"no WHO snapshot for these L4s"
1112810,GAP,"resolver status L4_ONLY"
2109530,GAP,"no L5 codes"
858866,UNCONFIRMED,"no WHO snapshot for these L4s"
1046918,UNCONFIRMED,"no WHO snapshot for these L4s"
282746,CONFIRMED,"L4 in WHO snapshot"
851210,UNCONFIRMED,"no WHO snapshot for these L4s"
210050,UNCONFIRMED,"no WHO snapshot for these L4s"
1190834,UNCONFIRMED,"no WHO snapshot for these L4s"
859082,UNCONFIRMED,"no WHO snapshot for these L4s"
584510,UNCONFIRMED,"no WHO snapshot for these L4s"
1053158,GAP,"resolver status L4_ONLY"
260402,UNCONFIRMED,"no WHO snapshot for these L4s"
2123042,GAP,"no L5 codes"
1191230,UNCONFIRMED,"no WHO snapshot for these L4s"
1795610,GAP,"no L5 codes"
1806938,GAP,"resolver status RETIRED_NO_REMAP"
1246538,UNCONFIRMED,"no WHO snapshot for these L4s"
1358330,UNCONFIRMED,"no WHO snapshot for these L4s"
1440002,UNCONFIRMED,"no WHO snapshot for these L4s"
1483190,GAP,"resolver status RETIRED_NO_REMAP"
1549214,GAP,"resolver status L4_ONLY"
1596422,GAP,"resolver status RETIRED_NO_REMAP"
1649906,GAP,"resolver status L4_ONLY"
1293710,CONFIRMED,"L4 in WHO snapshot"
1426694,GAP,"resolver status L4_ONLY"
1866518,GAP,"no L5 codes"
1490414,GAP,"resolver status RETIRED_NO_REMAP"
707558,GAP,"resolver status RETIRED_NO_REMAP"
890858,CONFIRMED,"L4 in WHO snapshot"
1987646,UNCONFIRMED,"no WHO snapshot for these L4s"
998558,UNCONFIRMED,"no WHO snapshot for these L4s"
311678,UNCONFIRMED,"no WHO snapshot for these L4s"
902282,UNCONFIRMED,"no WHO snapshot for these L4s"
656654,GAP,"resolver status RETIRED_NO_REMAP"
312182,UNCONFIRMED,"no WHO snapshot for these L4s"
801398,UNCONFIRMED,"no WHO snapshot for these L4s"
310586,UNCONFIRMED,"no WHO snapshot for these L4s"
309338,UNCONFIRMED,"no WHO snapshot for these L4s"
701678,GAP,"resolver status L4_ONLY"
199826,GAP,"resolver status RETIRED_NO_REMAP"
826610,GAP,"resolver status RETIRED_NO_REMAP"
831398,UNCONFIRMED,"no WHO snapshot for these L4s"
1190438,UNCONFIRMED,"no WHO snapshot for these L4s"
1012574,UNCONFIRMED,"no WHO snapshot for these L4s"
1049114,UNCONFIRMED,"no WHO snapshot for these L4s"
259586,UNCONFIRMED,"no WHO snapshot for these L4s"
1012118,UNCONFIRMED,"no WHO snapshot for these L4s"
1190174,GAP,"resolver status L4_ONLY"
1994306,GAP,"resolver status L4_ONLY"
856706,CONFIRMED,"L4 in WHO snapshot"
2122358,GAP,"resolver status RETIRED_NO_REMAP"
105446,UNCONFIRMED,"no WHO snapshot for these L4s"
1668218,GAP,"resolver status L4_ONLY"
1291082,UNCONFIRMED,"no WHO snapshot for these L4s"
1359266,UNCONFIRMED,"no WHO snapshot for these L4s"
1534814,UNCONFIRMED,"no WHO snapshot for these L4s"
1359350,GAP,"resolver status L4_ONLY"
1372298,GAP,"resolver status L4_ONLY"
1856270,UNCONFIRMED,"no WHO snapshot for these L4s"
142046,UNCONFIRMED,"no WHO snapshot for these L4s"
1488578,GAP,"resolver status L4_ONLY"
618050,UNCONFIRMED,"no WHO snapshot for these L4s"
656882,UNCONFIRMED,"no WHO snapshot for these L4s"
750242,GAP,"resolver status L4_ONLY"
311210,UNCONFIRMED,"no WHO snapshot for these L4s"
899690,UNCONFIRMED,"no WHO snapshot for these L4s"
312350,UNCONFIRMED,"no WHO snapshot for these L4s"
2054174,GAP,"no L5 codes"
1089974,GAP,"resolver status RETIRED_NO_REMAP"
1115978,UNCONFIRMED,"no WHO snapshot for these L4s"
1116134,UNCONFIRMED,"no WHO snapshot for these L4s"
1009418,UNCONFIRMED,"no WHO snapshot for these L4s"
996206,GAP,"resolver status RETIRED_NO_REMAP"
832910,GAP,"resolver status L4_ONLY"
213290,CONFIRMED,"L4 in WHO snapshot"
1099070,GAP,"resolver status RETIRED_NO_REMAP"
211226,UNCONFIRMED,"no WHO snapshot for these L4s"
211310,UNCONFIRMED,"no WHO snapshot for these L4s"
1001018,UNCONFIRMED,"no WHO snapshot for these L4s"
544946,UNCONFIRMED,"no WHO snapshot for these L4s"
1050062,UNCONFIRMED,"no WHO snapshot for these L4s"
832718,UNCONFIRMED,"no WHO snapshot for these L4s"
1095362,UNCONFIRMED,"no WHO snapshot for these L4s"
1098158,GAP,"no L5 codes"
1866218,GAP,"resolver status L4_ONLY"
1305614,GAP,"resolver status RETIRED_NO_REMAP"
1312718,UNCONFIRMED,"no WHO snapshot for these L4s"
1366502,GAP,"resolver status RETIRED_NO_REMAP"
1542806,GAP,"resolver status L4_ONLY"
1366646,UNCONFIRMED,"no WHO snapshot for these L4s"
1799654,GAP,"no L5 codes"
1294370,UNCONFIRMED,"no WHO snapshot for these L4s"
1299626,GAP,"no L5 codes"
636842,GAP,"resolver status L4_ONLY"
748886,UNCONFIRMED,"no WHO snapshot for these L4s"
805370,UNCONFIRMED,"no WHO snapshot for these L4s"
707270,GAP,"resolver status RETIRED_NO_REMAP"
749786,GAP,"resolver status L4_ONLY"
310682,UNCONFIRMED,"no WHO snapshot for these L4s"
198494,UNCONFIRMED,"no WHO snapshot for these L4s"
897782,UNCONFIRMED,"no WHO snapshot for these L4s"
198950,GAP,"no L5 codes"
1999202,GAP,"resolver status L4_ONLY"
1190894,UNCONFIRMED,"no WHO snapshot for these L4s"
860042,UNCONFIRMED,"no WHO snapshot for these L4s"
1014314,UNCONFIRMED,"no WHO snapshot for these L4s"
1085762,UNCONFIRMED,"no WHO snapshot for these L4s"
857750,UNCONFIRMED,"no WHO snapshot for these L4s"
2101490,GAP,"no L5 codes"
1086938,UNCONFIRMED,"no WHO snapshot for these L4s"
2055026,UNCONFIRMED,"no WHO snapshot for these L4s"
1112942,UNCONFIRMED,"no WHO snapshot for these L4s"
1011854,UNCONFIRMED,"no WHO snapshot for these L4s"
1012226,UNCONFIRMED,"no WHO snapshot for these L4s"
1012766,GAP,"resolver status RETIRED_NO_REMAP"
540098,GAP,"resolver status RETIRED_NO_REMAP"
1721690,GAP,"no L5 codes"
1248362,UNCONFIRMED,"no WHO snapshot for these L4s"
1357010,GAP,"resolver status L4_ONLY"
1488602,UNCONFIRMED,"no WHO snapshot for these L4s"
1489310,GAP,"resolver status L4_ONLY"
1547954,UNCONFIRMED,"no WHO snapshot for these L4s"
1549442,GAP,"resolver status RETIRED_NO_REMAP"
1593110,GAP,"resolver status L4_ONLY"
751970,GAP,"no L5 codes"
308930,UNCONFIRMED,"no WHO snapshot for these L4s"
647138,GAP,"resolver status RETIRED_NO_REMAP"
898718,UNCONFIRMED,"no WHO snapshot for these L4s"
966542,UNCONFIRMED,"no WHO snapshot for these L4s"
903302,UNCONFIRMED,"no WHO snapshot for these L4s"
311642,GAP,"no L5 codes"
753482,UNCONFIRMED,"no WHO snapshot for these L4s"
755486,UNCONFIRMED,"no WHO snapshot for these L4s"
800918,CONFIRMED,"L4 in WHO snapshot"
359930,UNCONFIRMED,"no WHO snapshot for these L4s"
2107058,UNCONFIRMED,"no WHO snapshot for these L4s"
1047362,UNCONFIRMED,"no WHO snapshot for these L4s"
998282,GAP,"resolver status L4_ONLY"
206954,UNCONFIRMED,"no WHO snapshot for these L4s"
998546,UNCONFIRMED,"no WHO snapshot for these L4s"
318146,GAP,"resolver status L4_ONLY"
377234,GAP,"resolver status L4_ONLY"
403826,GAP,"resolver status L4_ONLY"
2103182,GAP,"no L5 codes"
860678,UNCONFIRMED,"no WHO snapshot for these L4s"
1001714,GAP,"resolver status L4_ONLY"
858770,CONFIRMED,"L4 in WHO snapshot"
543362,UNCONFIRMED,"no WHO snapshot for these L4s"
604946,GAP,"resolver status RETIRED_NO_REMAP"
860234,UNCONFIRMED,"no WHO snapshot for these L4s"
860426,UNCONFIRMED,"no WHO snapshot for these L4s"
859130,UNCONFIRMED,"no WHO snapshot for these L4s"
603806,GAP,"resolver status RETIRED_NO_REMAP"
1926602,GAP,"resolver status RETIRED_NO_REMAP"
1245722,GAP,"resolver status L4_ONLY"
1250486,UNCONFIRMED,"no WHO snapshot for these L4s"
1293338,UNCONFIRMED,"no WHO snapshot for these L4s"
1299662,GAP,"resolver status L4_ONLY"
1423430,GAP,"resolver status RETIRED_NO_REMAP"
1603382,GAP,"resolver status L4_ONLY"
1607582,UNCONFIRMED,"no WHO snapshot for these L4s"
1487078,GAP,"resolver status RETIRED_NO_REMAP"
1491830,GAP,"resolver status RETIRED_NO_REMAP"
1495106,UNCONFIRMED,"no WHO snapshot for these L4s"
198194,GAP,"resolver status NO_ATC"
880454,UNCONFIRMED,"no WHO snapshot for these L4s"
308486,UNCONFIRMED,"no WHO snapshot for these L4s"
728126,GAP,"resolver status L4_ONLY"
695930,UNCONFIRMED,"no WHO snapshot for these L4s"
800066,GAP,"resolver status L4_ONLY"
727634,GAP,"resolver status RETIRED_NO_REMAP"
748370,GAP,"resolver status RETIRED_NO_REMAP"
746642,GAP,"resolver status RETIRED_NO_REMAP"
861422,UNCONFIRMED,"no WHO snapshot for these L4s"
669146,GAP,"resolver status RETIRED_NO_REMAP"
996746,UNCONFIRMED,"no WHO snapshot for these L4s"
827726,GAP,"resolver status RETIRED_NO_REMAP"
404702,GAP,"no L5 codes"
248678,GAP,"resolver status L4_ONLY"
199130,UNCONFIRMED,"no WHO snapshot for these L4s"
1147526,UNCONFIRMED,"no WHO snapshot for these L4s"
251294,UNCONFIRMED,"no WHO snapshot for these L4s"
1737566,UNCONFIRMED,"no WHO snapshot for these L4s"
205850,UNCONFIRMED,"no WHO snapshot for these L4s"
577190,GAP,"resolver status L4_ONLY"
1000670,UNCONFIRMED,"no WHO snapshot for these L4s"
1294322,UNCONFIRMED,"no WHO snapshot for these L4s"
1293446,GAP,"resolver status L4_ONLY"
1293962,UNCONFIRMED,"no WHO snapshot for these L4s"
861098,UNCONFIRMED,"no WHO snapshot for these L4s"
308714,GAP,"resolver status L4_ONLY"
309206,GAP,"resolver status RETIRED_NO_REMAP"
308846,UNCONFIRMED,"no WHO snapshot for these L4s"
206354,UNCONFIRMED,"no WHO snapshot for these L4s"
997658,GAP,"resolver status L4_ONLY"
324026,UNCONFIRMED,"no WHO snapshot for these L4s"
1011746,UNCONFIRMED,"no WHO snapshot for these L4s"
311426,UNCONFIRMED,"no WHO snapshot for these L4s"
2119814,GAP,"resolver status RETIRED_NO_REMAP"
1101854,GAP,"resolver status L4_ONLY"
800786,UNCONFIRMED,"no WHO snapshot for these L4s"
1092446,UNCONFIRMED,"no WHO snapshot for these L4s"
1012910,GAP,"resolver status RETIRED_NO_REMAP"
1234982,CONFIRMED,"L4 in WHO snapshot"
1291718,CONFIRMED,"L4 in WHO snapshot"
1293038,UNCONFIRMED,"no WHO snapshot for these L4s"
1433894,GAP,"no L5 codes"
237650,GAP,"no L5 codes"
1792142,UNCONFIRMED,"no WHO snapshot for these L4s"
1245734,GAP,"resolver status RETIRED_NO_REMAP"
1246250,GAP,"no L5 codes"
1811918,GAP,"resolver status L4_ONLY"
1244150,GAP,"resolver status RETIRED_NO_REMAP"
997406,GAP,"resolver status L4_ONLY"
996026,GAP,"resolver status RETIRED_NO_REMAP"
351974,UNCONFIRMED,"no WHO snapshot for these L4s"
346910,UNCONFIRMED,"no WHO snapshot for these L4s"
308666,UNCONFIRMED,"no WHO snapshot for these L4s"
995906,UNCONFIRMED,"no WHO snapshot for these L4s"
1090802,GAP,"resolver status RETIRED_NO_REMAP"
309674,UNCONFIRMED,"no WHO snapshot for these L4s"
204602,GAP,"resolver status L4_ONLY"
1150118,UNCONFIRMED,"no WHO snapshot for these L4s"
1189310,GAP,"resolver status L4_ONLY"
1010846,UNCONFIRMED,"no WHO snapshot for these L4s"
1045430,UNCONFIRMED,"no WHO snapshot for these L4s"
1001006,UNCONFIRMED,"no WHO snapshot for these L4s"
1049906,UNCONFIRMED,"no WHO snapshot for these L4s"
2108930,GAP,"resolver status L4_ONLY"
545642,GAP,"resolver status RETIRED_NO_REMAP"
1013030,UNCONFIRMED,"no WHO snapshot for these L4s"
1049582,CONFIRMED,"L4 in WHO snapshot"
1233698,GAP,"resolver status L4_ONLY"
1659218,UNCONFIRMED,"no WHO snapshot for these L4s"
1111754,GAP,"resolver status RETIRED_NO_REMAP"
1236458,CONFIRMED,"L4 in WHO snapshot"
1244918,GAP,"resolver status L4_ONLY"
1356302,UNCONFIRMED,"no WHO snapshot for these L4s"
1361198,UNCONFIRMED,"no WHO snapshot for these L4s"
1658966,GAP,"resolver status L4_ONLY"
1244702,GAP,"resolver status RETIRED_NO_REMAP"
1294562,UNCONFIRMED,"no WHO snapshot for these L4s"
1367318,UNCONFIRMED,"no WHO snapshot for these L4s"
1303358,GAP,"no L5 codes"
1424066,UNCONFIRMED,"no WHO snapshot for these L4s"
1653326,GAP,"resolver status L4_ONLY"
1595402,UNCONFIRMED,"no WHO snapshot for these L4s"
1923362,GAP,"resolver status L4_ONLY"
1298450,GAP,"resolver status RETIRED_NO_REMAP"
723530,CONFIRMED,"L4 in WHO snapshot"
795770,GAP,"resolver status L4_ONLY"
206510,UNCONFIRMED,"no WHO snapshot for these L4s"
898382,UNCONFIRMED,"no WHO snapshot for these L4s"
317282,UNCONFIRMED,"no WHO snapshot for these L4s"
630422,UNCONFIRMED,"no WHO snapshot for these L4s"
992582,GAP,"resolver status L4_ONLY"
807206,UNCONFIRMED,"no WHO snapshot for these L4s"
2168006,UNCONFIRMED,"no WHO snapshot for these L4s"
2174390,UNCONFIRMED,"no WHO snapshot for these L4s"
1038746,UNCONFIRMED,"no WHO snapshot for these L4s"
1046234,UNCONFIRMED,"no WHO snapshot for these L4s"
247682,GAP,"resolver status L4_ONLY"
283274,GAP,"resolver status L4_ONLY"
1657910,UNCONFIRMED,"no WHO snapshot for these L4s"
198542,GAP,"resolver status RETIRED_NO_REMAP"
801194,UNCONFIRMED,"no WHO snapshot for these L4s"
2122766,GAP,"resolver status RETIRED_NO_REMAP"
2173718,GAP,"resolver status RETIRED_NO_REMAP"
211682,UNCONFIRMED,"no WHO snapshot for these L4s"
1737638,UNCONFIRMED,"no WHO snapshot for these L4s"
577862,UNCONFIRMED,"no WHO snapshot for these L4s"
1667882,GAP,"no L5 codes"
1366022,GAP,"resolver status RETIRED_NO_REMAP"
1425110,UNCONFIRMED,"no WHO snapshot for these L4s"
1545290,UNCONFIRMED,"no WHO snapshot for these L4s"
1741406,GAP,"resolver status RETIRED_NO_REMAP"
1248050,GAP,"resolver status RETIRED_NO_REMAP"
1310954,GAP,"resolver status L4_ONLY"
1363034,UNCONFIRMED,"no WHO snapshot for these L4s"
1376066,UNCONFIRMED,"no WHO snapshot for these L4s"
1795346,GAP,"resolver status L4_ONLY"
702434,UNCONFIRMED,"no WHO snapshot for these L4s"
992774,UNCONFIRMED,"no WHO snapshot for these L4s"
308366,UNCONFIRMED,"no WHO snapshot for these L4s"
312614,UNCONFIRMED,"no WHO snapshot for these L4s"
2044886,GAP,"resolver status L4_ONLY"
198818,UNCONFIRMED,"no WHO snapshot for these L4s"
901814,GAP,"resolver status L4_ONLY"
1988786,UNCONFIRMED,"no WHO snapshot for these L4s"
746030,GAP,"resolver status L4_ONLY"
310874,UNCONFIRMED,"no WHO snapshot for these L4s"
729830,GAP,"resolver status RETIRED_NO_REMAP"
758486,UNCONFIRMED,"no WHO snapshot for these L4s"
312266,UNCONFIRMED,"no WHO snapshot for these L4s"
359570,GAP,"resolver status L4_ONLY"
311258,GAP,"resolver status RETIRED_NO_REMAP"
979334,UNCONFIRMED,"no WHO snapshot for these L4s"
1087682,GAP,"no L5 codes"
384518,GAP,"resolver status RETIRED_NO_REMAP"
360422,GAP,"resolver status L4_ONLY"
834158,UNCONFIRMED,"no WHO snapshot for these L4s"
855626,UNCONFIRMED,"no WHO snapshot for these L4s"
1000046,UNCONFIRMED,"no WHO snapshot for these L4s"
1044218,UNCONFIRMED,"no WHO snapshot for these L4s"
2184158,UNCONFIRMED,"no WHO snapshot for these L4s"
1234466,GAP,"resolver status RETIRED_NO_REMAP"
543806,GAP,"resolver status RETIRED_NO_REMAP"
104726,UNCONFIRMED,"no WHO snapshot for these L4s"
207638,UNCONFIRMED,"no WHO snapshot for these L4s"
211958,UNCONFIRMED,"no WHO snapshot for these L4s"
836366,UNCONFIRMED,"no WHO snapshot for these L4s"
313250,UNCONFIRMED,"no WHO snapshot for these L4s"
562646,GAP,"resolver status RETIRED_NO_REMAP"
857762,UNCONFIRMED,"no WHO snapshot for these L4s"
1053206,UNCONFIRMED,"no WHO snapshot for these L4s"
240422,GAP,"no L5 codes"
1086386,UNCONFIRMED,"no WHO snapshot for these L4s"
1189814,CONFIRMED,"L4 in WHO snapshot"
860090,UNCONFIRMED,"no WHO snapshot for these L4s"
1005806,UNCONFIRMED,"no WHO snapshot for these L4s"
434102,UNCONFIRMED,"no WHO snapshot for these L4s"
1804802,UNCONFIRMED,"no WHO snapshot for these L4s"
1807550,UNCONFIRMED,"no WHO snapshot for these L4s"
1812194,UNCONFIRMED,"no WHO snapshot for these L4s"
1863554,UNCONFIRMED,"no WHO snapshot for these L4s"
1248206,GAP,"resolver status RETIRED_NO_REMAP"
1374842,UNCONFIRMED,"no WHO snapshot for these L4s"
1314626,GAP,"resolver status L4_ONLY"
1250726,UNCONFIRMED,"no WHO snapshot for these L4s"
1489070,UNCONFIRMED,"no WHO snapshot for these L4s"
1536470,GAP,"resolver status L4_ONLY"
861962,UNCONFIRMED,"no WHO snapshot for these L4s"
685574,UNCONFIRMED,"no WHO snapshot for these L4s"
755702,UNCONFIRMED,"no WHO snapshot for these L4s"
891806,GAP,"no L5 codes"
885578,UNCONFIRMED,"no WHO snapshot for these L4s"
199190,UNCONFIRMED,"no WHO snapshot for these L4s"
998474,UNCONFIRMED,"no WHO snapshot for these L4s"
205862,UNCONFIRMED,"no WHO snapshot for these L4s"
2044646,GAP,"resolver status RETIRED_NO_REMAP"
315086,UNCONFIRMED,"no WHO snapshot for these L4s"
208406,CONFIRMED,"L4 in WHO snapshot"
211154,UNCONFIRMED,"no WHO snapshot for these L4s"
1112906,GAP,"resolver status RETIRED_NO_REMAP"
212978,UNCONFIRMED,"no WHO snapshot for these L4s"
860030,UNCONFIRMED,"no WHO snapshot for these L4s"
105230,UNCONFIRMED,"no WHO snapshot for these L4s"
1085750,UNCONFIRMED,"no WHO snapshot for these L4s"
315014,UNCONFIRMED,"no WHO snapshot for these L4s"
313802,UNCONFIRMED,"no WHO snapshot for these L4s"
1000502,GAP,"resolver status L4_ONLY"
2121074,GAP,"no L5 codes"
1942346,GAP,"resolver status L4_ONLY"
1245530,UNCONFIRMED,"no WHO snapshot for these L4s"
1313294,UNCONFIRMED,"no WHO snapshot for these L4s"
1596950,GAP,"resolver status L4_ONLY"
1792394,UNCONFIRMED,"no WHO snapshot for these L4s"
1306298,CONFIRMED,"L4 in WHO snapshot"
1297562,GAP,"resolver status NO_ATC"
1487294,GAP,"resolver status RETIRED_NO_REMAP"
1495070,UNCONFIRMED,"no WHO snapshot for these L4s"
1550534,UNCONFIRMED,"no WHO snapshot for these L4s"
1858562,UNCONFIRMED,"no WHO snapshot for these L4s"
1300022,GAP,"resolver status RETIRED_NO_REMAP"
1489934,UNCONFIRMED,"no WHO snapshot for these L4s"
630050,UNCONFIRMED,"no WHO snapshot for these L4s"
998726,GAP,"resolver status L4_ONLY"
900470,UNCONFIRMED,"no WHO snapshot for these L4s"
310862,UNCONFIRMED,"no WHO snapshot for these L4s"
318218,UNCONFIRMED,"no WHO snapshot for these L4s"
800954,UNCONFIRMED,"no WHO snapshot for these L4s"
310118,UNCONFIRMED,"no WHO snapshot for these L4s"
749882,UNCONFIRMED,"no WHO snapshot for these L4s"
1989506,CONFIRMED,"L4 in WHO snapshot"
205922,GAP,"no L5 codes"
1099310,GAP,"resolver status L4_ONLY"
1116146,GAP,"resolver status L4_ONLY"
1145114,GAP,"resolver status L4_ONLY"
540914,UNCONFIRMED,"no WHO snapshot for these L4s"
1010774,UNCONFIRMED,"no WHO snapshot for these L4s"
1020122,UNCONFIRMED,"no WHO snapshot for these L4s"
1037234,GAP,"resolver status L4_ONLY"
858782,UNCONFIRMED,"no WHO snapshot for these L4s"
315218,UNCONFIRMED,"no WHO snapshot for these L4s"
211874,UNCONFIRMED,"no WHO snapshot for these L4s"
827318,GAP,"resolver status L4_ONLY"
1101350,GAP,"resolver status L4_ONLY"
607022,UNCONFIRMED,"no WHO snapshot for these L4s"
1013042,UNCONFIRMED,"no WHO snapshot for these L4s"
859310,UNCONFIRMED,"no WHO snapshot for these L4s"
1000886,UNCONFIRMED,"no WHO snapshot for these L4s"
211634,UNCONFIRMED,"no WHO snapshot for these L4s"
1046378,GAP,"resolver status L4_ONLY"
1086782,GAP,"resolver status RETIRED_NO_REMAP"
198578,UNCONFIRMED,"no WHO snapshot for these L4s"
211970,GAP,"resolver status RETIRED_NO_REMAP"
1011326,UNCONFIRMED,"no WHO snapshot for these L4s"
1794902,GAP,"resolver status L4_ONLY"
1798298,GAP,"resolver status RETIRED_NO_REMAP"
1243802,CONFIRMED,"L4 in WHO snapshot"
1251614,GAP,"no L5 codes"
197786,UNCONFIRMED,"no WHO snapshot for these L4s"
1430522,GAP,"resolver status L4_ONLY"
1435262,UNCONFIRMED,"no WHO snapshot for these L4s"
1485182,UNCONFIRMED,"no WHO snapshot for these L4s"
1536434,UNCONFIRMED,"no WHO snapshot for these L4s"
1547450,GAP,"resolver status L4_ONLY"
1741538,UNCONFIRMED,"no WHO snapshot for these L4s"
1244630,UNCONFIRMED,"no WHO snapshot for these L4s"
1363370,GAP,"resolver status RETIRED_NO_REMAP"
141998,UNCONFIRMED,"no WHO snapshot for these L4s"
1547234,GAP,"no L5 codes"
701882,GAP,"resolver status L4_ONLY"
309290,UNCONFIRMED,"no WHO snapshot for these L4s"
800474,GAP,"resolver status L4_ONLY"
999638,GAP,"resolver status L4_ONLY"
753398,UNCONFIRMED,"no WHO snapshot for these L4s"
1090754,UNCONFIRMED,"no WHO snapshot for these L4s"
200090,GAP,"no L5 codes"
205082,UNCONFIRMED,"no WHO snapshot for these L4s"
352202,GAP,"resolver status RETIRED_NO_REMAP"
1000154,UNCONFIRMED,"no WHO snapshot for these L4s"
831254,UNCONFIRMED,"no WHO snapshot for these L4s"
849578,UNCONFIRMED,"no WHO snapshot for these L4s"
1053386,GAP,"resolver status L4_ONLY"
1085714,UNCONFIRMED,"no WHO snapshot for these L4s"
543014,GAP,"resolver status L4_ONLY"
1928858,GAP,"resolver status L4_ONLY"
1308002,GAP,"resolver status RETIRED_NO_REMAP"
1601102,UNCONFIRMED,"no WHO snapshot for these L4s"
1795598,UNCONFIRMED,"no WHO snapshot for these L4s"
1491506,UNCONFIRMED,"no WHO snapshot for these L4s"
639566,GAP,"no L5 codes"
309170,UNCONFIRMED,"no WHO snapshot for these L4s"
1087406,GAP,"resolver status L4_ONLY"
762002,UNCONFIRMED,"no WHO snapshot for these L4s"
312482,GAP,"resolver status L4_ONLY"
2059178,GAP,"no L5 codes"
705170,UNCONFIRMED,"no WHO snapshot for these L4s"
1992554,UNCONFIRMED,"no WHO snapshot for these L4s"
310214,GAP,"no L5 codes"
211106,UNCONFIRMED,"no WHO snapshot for these L4s"
2170634,GAP,"no L5 codes"
1234322,GAP,"resolver status L4_ONLY"
416750,GAP,"no L5 codes"
1046954,UNCONFIRMED,"no WHO snapshot for these L4s"
1053590,GAP,"resolver status RETIRED_NO_REMAP"
1724486,UNCONFIRMED,"no WHO snapshot for these L4s"
346298,GAP,"no L5 codes"
207446,UNCONFIRMED,"no WHO snapshot for these L4s"
377930,GAP,"resolver status RETIRED_NO_REMAP"
849314,UNCONFIRMED,"no WHO snapshot for these L4s"
1234886,UNCONFIRMED,"no WHO snapshot for these L4s"
1000946,GAP,"resolver status L4_ONLY"
1048118,UNCONFIRMED,"no WHO snapshot for these L4s"
1114982,UNCONFIRMED,"no WHO snapshot for these L4s"
1115594,GAP,"resolver status L4_ONLY"
1053146,GAP,"resolver status L4_ONLY"
579782,UNCONFIRMED,"no WHO snapshot for these L4s"
1862150,UNCONFIRMED,"no WHO snapshot for these L4s"
197582,UNCONFIRMED,"no WHO snapshot for these L4s"
1300178,GAP,"resolver status RETIRED_NO_REMAP"
1493510,GAP,"resolver status L4_ONLY"
1605086,UNCONFIRMED,"no WHO snapshot for these L4s"
1798358,GAP,"resolver status RETIRED_NO_REMAP"
197426,GAP,"resolver status L4_ONLY"
1293494,UNCONFIRMED,"no WHO snapshot for these L4s"
1300310,GAP,"resolver status L4_ONLY"
197738,GAP,"no L5 codes"
1545794,GAP,"resolver status L4_ONLY"
1599302,GAP,"resolver status L4_ONLY"
1247402,GAP,"resolver status L4_ONLY"
1250234,GAP,"resolver status L4_ONLY"
1433750,UNCONFIRMED,"no WHO snapshot for these L4s"
1534850,GAP,"resolver status RETIRED_NO_REMAP"
1494206,GAP,"no L5 codes"
1089194,UNCONFIRMED,"no WHO snapshot for these L4s"
979118,UNCONFIRMED,"no WHO snapshot for these L4s"
1088546,CONFIRMED,"L4 in WHO snapshot"
204638,GAP,"resolver status L4_ONLY"
206522,UNCONFIRMED,"no WHO snapshot for these L4s"
313550,UNCONFIRMED,"no WHO snapshot for these L4s"
701858,UNCONFIRMED,"no WHO snapshot for these L4s"
308894,UNCONFIRMED,"no WHO snapshot for these L4s"
371774,GAP,"resolver status L4_ONLY"
795182,GAP,"resolver status RETIRED_NO_REMAP"
562622,GAP,"resolver status RETIRED_NO_REMAP"
855482,UNCONFIRMED,"no WHO snapshot for these L4s"
1000682,UNCONFIRMED,"no WHO snapshot for these L4s"
243998,GAP,"no L5 codes"
207290,UNCONFIRMED,"no WHO snapshot for these L4s"
1305722,GAP,"resolver status RETIRED_NO_REMAP"
1442714,GAP,"no L5 codes"
1435634,UNCONFIRMED,"no WHO snapshot for these L4s"
1594682,UNCONFIRMED,"no WHO snapshot for these L4s"
1737758,UNCONFIRMED,"no WHO snapshot for these L4s"
1591982,GAP,"resolver status L4_ONLY"
2003378,GAP,"resolver status L4_ONLY"
904238,UNCONFIRMED,"no WHO snapshot for these L4s"
312398,UNCONFIRMED,"no WHO snapshot for these L4s"
1998482,UNCONFIRMED,"no WHO snapshot for these L4s"
993074,UNCONFIRMED,"no WHO snapshot for these L4s"
308390,UNCONFIRMED,"no WHO snapshot for these L4s"
853610,UNCONFIRMED,"no WHO snapshot for these L4s"
854762,UNCONFIRMED,"no WHO snapshot for these L4s"
1101914,UNCONFIRMED,"no WHO snapshot for these L4s"
1117562,GAP,"resolver status L4_ONLY"
857738,UNCONFIRMED,"no WHO snapshot for these L4s"
1039550,UNCONFIRMED,"no WHO snapshot for these L4s"
1052678,UNCONFIRMED,"no WHO snapshot for these L4s"
1150310,GAP,"resolver status L4_ONLY"
996590,UNCONFIRMED,"no WHO snapshot for these L4s"
311282,GAP,"no L5 codes"
1013930,UNCONFIRMED,"no WHO snapshot for these L4s"
1045382,UNCONFIRMED,"no WHO snapshot for these L4s"
210770,UNCONFIRMED,"no WHO snapshot for these L4s"
1300370,GAP,"resolver status L4_ONLY"
1356806,GAP,"resolver status L4_ONLY"
1363238,GAP,"resolver status RETIRED_NO_REMAP"
197702,UNCONFIRMED,"no WHO snapshot for these L4s"
1491722,UNCONFIRMED,"no WHO snapshot for these L4s"
1293974,GAP,"resolver status L4_ONLY"
1432118,GAP,"resolver status RETIRED_NO_REMAP"
758498,UNCONFIRMED,"no WHO snapshot for these L4s"
800666,UNCONFIRMED,"no WHO snapshot for these L4s"
1088126,UNCONFIRMED,"no WHO snapshot for these L4s"
311930,UNCONFIRMED,"no WHO snapshot for these L4s"
358922,UNCONFIRMED,"no WHO snapshot for these L4s"
617954,GAP,"resolver status L4_ONLY"
206282,UNCONFIRMED,"no WHO snapshot for these L4s"
310478,UNCONFIRMED,"no WHO snapshot for these L4s"
212318,GAP,"no L5 codes"
1117106,UNCONFIRMED,"no WHO snapshot for these L4s"
485102,UNCONFIRMED,"no WHO snapshot for these L4s"
1012238,GAP,"resolver status L4_ONLY"
1046534,UNCONFIRMED,"no WHO snapshot for these L4s"
1046630,GAP,"resolver status RETIRED_NO_REMAP"
238154,GAP,"resolver status L4_ONLY"
999434,UNCONFIRMED,"no WHO snapshot for these L4s"
210818,GAP,"resolver status RETIRED_NO_REMAP"
1088930,GAP,"resolver status L4_ONLY"
211370,GAP,"resolver status RETIRED_NO_REMAP"
1000658,UNCONFIRMED,"no WHO snapshot for these L4s"
1658102,GAP,"no L5 codes"
1050338,UNCONFIRMED,"no WHO snapshot for these L4s"
1112894,GAP,"resolver status L4_ONLY"
2184110,GAP,"resolver status RETIRED_NO_REMAP"
579314,GAP,"resolver status RETIRED_NO_REMAP"
244250,GAP,"no L5 codes"
1806926,GAP,"resolver status L4_ONLY"
1251566,GAP,"no L5 codes"
1372490,UNCONFIRMED,"no WHO snapshot for these L4s"
1088846,UNCONFIRMED,"no WHO snapshot for these L4s"
205022,UNCONFIRMED,"no WHO snapshot for these L4s"
347690,UNCONFIRMED,"no WHO snapshot for these L4s"
310910,UNCONFIRMED,"no WHO snapshot for these L4s"
755546,UNCONFIRMED,"no WHO snapshot for these L4s"
993770,CONFIRMED,"L4 in WHO snapshot"
198230,UNCONFIRMED,"no WHO snapshot for these L4s"
207662,UNCONFIRMED,"no WHO snapshot for these L4s"
2099522,GAP,"resolver status L4_ONLY"
212246,UNCONFIRMED,"no WHO snapshot for these L4s"
1234586,UNCONFIRMED,"no WHO snapshot for these L4s"
1053626,GAP,"resolver status RETIRED_NO_REMAP"
211394,UNCONFIRMED,"no WHO snapshot for these L4s"
2173946,UNCONFIRMED,"no WHO snapshot for these L4s"
1116266,UNCONFIRMED,"no WHO snapshot for these L4s"
2122790,GAP,"resolver status RETIRED_NO_REMAP"
404630,GAP,"resolver status L4_ONLY"
858854,UNCONFIRMED,"no WHO snapshot for these L4s"
1044290,GAP,"resolver status RETIRED_NO_REMAP"
1012970,UNCONFIRMED,"no WHO snapshot for these L4s"
309542,UNCONFIRMED,"no WHO snapshot for these L4s"
213914,GAP,"resolver status RETIRED_NO_REMAP"
1864958,UNCONFIRMED,"no WHO snapshot for these L4s"
1292342,GAP,"resolver status L4_ONLY"
1311206,UNCONFIRMED,"no WHO snapshot for these L4s"
1433630,UNCONFIRMED,"no WHO snapshot for these L4s"
1495202,UNCONFIRMED,"no WHO snapshot for these L4s"
1543754,UNCONFIRMED,"no WHO snapshot for these L4s"
1939382,CONFIRMED,"L4 in WHO snapshot"
1236122,UNCONFIRMED,"no WHO snapshot for these L4s"
1251290,GAP,"resolver status L4_ONLY"
1535618,GAP,"resolver status L4_ONLY"
205826,UNCONFIRMED,"no WHO snapshot for these L4s"
991370,UNCONFIRMED,"no WHO snapshot for these L4s"
995570,UNCONFIRMED,"no WHO snapshot for these L4s"
867506,UNCONFIRMED,"no WHO snapshot for these L4s"
2001686,GAP,"resolver status L4_ONLY"
359906,UNCONFIRMED,"no WHO snapshot for these L4s"
848210,UNCONFIRMED,"no WHO snapshot for these L4s"
1116374,GAP,"no L5 codes"
403790,GAP,"resolver status RETIRED_NO_REMAP"
858062,UNCONFIRMED,"no WHO snapshot for these L4s"
1085666,UNCONFIRMED,"no WHO snapshot for these L4s"
1110806,UNCONFIRMED,"no WHO snapshot for these L4s"
1115990,UNCONFIRMED,"no WHO snapshot for these L4s"
544634,GAP,"resolver status RETIRED_NO_REMAP"
249710,UNCONFIRMED,"no WHO snapshot for these L4s"
1726322,UNCONFIRMED,"no WHO snapshot for these L4s"
207086,UNCONFIRMED,"no WHO snapshot for these L4s"
828362,GAP,"resolver status L4_ONLY"
213554,UNCONFIRMED,"no WHO snapshot for these L4s"
213626,GAP,"resolver status L4_ONLY"
1112246,UNCONFIRMED,"no WHO snapshot for these L4s"
857834,UNCONFIRMED,"no WHO snapshot for these L4s"
1234994,CONFIRMED,"L4 in WHO snapshot"
1001690,GAP,"resolver status L4_ONLY"
1733870,UNCONFIRMED,"no WHO snapshot for these L4s"
1049666,CONFIRMED,"L4 in WHO snapshot"
260258,GAP,"no L5 codes"
308618,UNCONFIRMED,"no WHO snapshot for these L4s"
260690,UNCONFIRMED,"no WHO snapshot for these L4s"
238910,UNCONFIRMED,"no WHO snapshot for these L4s"
1807646,UNCONFIRMED,"no WHO snapshot for these L4s"
1534658,UNCONFIRMED,"no WHO snapshot for these L4s"
1607990,UNCONFIRMED,"no WHO snapshot for these L4s"
1926470,UNCONFIRMED,"no WHO snapshot for these L4s"
1376210,UNCONFIRMED,"no WHO snapshot for these L4s"
1740002,UNCONFIRMED,"no WHO snapshot for these L4s"
1918214,GAP,"resolver status L4_ONLY"
1294394,GAP,"resolver status L4_ONLY"
1491878,GAP,"resolver status RETIRED_NO_REMAP"
993926,CONFIRMED,"L4 in WHO snapshot"
308498,GAP,"resolver status L4_ONLY"
311906,UNCONFIRMED,"no WHO snapshot for these L4s"
708074,GAP,"resolver status RETIRED_NO_REMAP"
749870,UNCONFIRMED,"no WHO snapshot for these L4s"
309002,GAP,"resolver status L4_ONLY"
749762,UNCONFIRMED,"no WHO snapshot for these L4s"
757682,GAP,"resolver status RETIRED_NO_REMAP"
745718,UNCONFIRMED,"no WHO snapshot for these L4s"
889622,UNCONFIRMED,"no WHO snapshot for these L4s"
801878,UNCONFIRMED,"no WHO snapshot for these L4s"
1099490,UNCONFIRMED,"no WHO snapshot for these L4s"
238754,UNCONFIRMED,"no WHO snapshot for these L4s"
1053350,GAP,"resolver status RETIRED_NO_REMAP"
2122526,CONFIRMED,"L4 in WHO snapshot"
2197238,UNCONFIRMED,"no WHO snapshot for these L4s"
857822,UNCONFIRMED,"no WHO snapshot for these L4s"
1092602,UNCONFIRMED,"no WHO snapshot for these L4s"
1100258,UNCONFIRMED,"no WHO snapshot for these L4s"
1044470,UNCONFIRMED,"no WHO snapshot for these L4s"
1086242,UNCONFIRMED,"no WHO snapshot for these L4s"
1116098,UNCONFIRMED,"no WHO snapshot for these L4s"
248426,UNCONFIRMED,"no WHO snapshot for these L4s"
1745438,GAP,"resolver status L4_ONLY"
2181302,UNCONFIRMED,"no WHO snapshot for these L4s"
1655054,GAP,"resolver status L4_ONLY"
1801298,UNCONFIRMED,"no WHO snapshot for these L4s"
1809422,GAP,"no L5 codes"
1944254,GAP,"resolver status RETIRED_NO_REMAP"
1293506,GAP,"resolver status L4_ONLY"
1293854,UNCONFIRMED,"no WHO snapshot for these L4s"
1428830,UNCONFIRMED,"no WHO snapshot for these L4s"
1789958,GAP,"no L5 codes"
1305902,UNCONFIRMED,"no WHO snapshot for these L4s"
1367702,UNCONFIRMED,"no WHO snapshot for these L4s"
1424042,UNCONFIRMED,"no WHO snapshot for these L4s"
1552226,UNCONFIRMED,"no WHO snapshot for these L4s"
1359242,UNCONFIRMED,"no WHO snapshot for these L4s"
1535978,UNCONFIRMED,"no WHO snapshot for these L4s"
645146,UNCONFIRMED,"no WHO snapshot for these L4s"
877466,GAP,"resolver status L4_ONLY"
797450,UNCONFIRMED,"no WHO snapshot for these L4s"
806450,GAP,"resolver status RETIRED_NO_REMAP"
846026,GAP,"resolver status RETIRED_NO_REMAP"
978950,UNCONFIRMED,"no WHO snapshot for these L4s"
206726,UNCONFIRMED,"no WHO snapshot for these L4s"
846062,GAP,"resolver status RETIRED_NO_REMAP"
2168270,UNCONFIRMED,"no WHO snapshot for these L4s"
1039286,UNCONFIRMED,"no WHO snapshot for these L4s"
260126,GAP,"resolver status RETIRED_NO_REMAP"
1049882,UNCONFIRMED,"no WHO snapshot for these L4s"
308762,GAP,"no L5 codes"
404414,CONFIRMED,"L4 in WHO snapshot"
2169362,UNCONFIRMED,"no WHO snapshot for these L4s"
313322,UNCONFIRMED,"no WHO snapshot for these L4s"
834206,UNCONFIRMED,"no WHO snapshot for these L4s"
857366,UNCONFIRMED,"no WHO snapshot for these L4s"
208334,UNCONFIRMED,"no WHO snapshot for these L4s"
1234958,UNCONFIRMED,"no WHO snapshot for these L4s"
602630,UNCONFIRMED,"no WHO snapshot for these L4s"
1046846,GAP,"resolver status RETIRED_NO_REMAP"
1049894,GAP,"resolver status RETIRED_NO_REMAP"
583490,UNCONFIRMED,"no WHO snapshot for these L4s"
261278,GAP,"resolver status RETIRED_NO_REMAP"
849410,GAP,"resolver status L4_ONLY"
1092422,UNCONFIRMED,"no WHO snapshot for these L4s"
283610,GAP,"resolver status RETIRED_NO_REMAP"
1052462,GAP,"resolver status L4_ONLY"
1729442,GAP,"resolver status RETIRED_NO_REMAP"
1863986,UNCONFIRMED,"no WHO snapshot for these L4s"
1868486,UNCONFIRMED,"no WHO snapshot for these L4s"
1245230,UNCONFIRMED,"no WHO snapshot for these L4s"
1251398,GAP,"no L5 codes"
1301666,GAP,"resolver status RETIRED_NO_REMAP"
1541630,GAP,"resolver status L4_ONLY"
1236086,UNCONFIRMED,"no WHO snapshot for these L4s"
745286,UNCONFIRMED,"no WHO snapshot for these L4s"
800438,GAP,"resolver status L4_ONLY"
995582,UNCONFIRMED,"no WHO snapshot for these L4s"
2000690,GAP,"resolver status RETIRED_NO_REMAP"
993950,CONFIRMED,"L4 in WHO snapshot"
994226,GAP,"resolver status L4_ONLY"
2049890,UNCONFIRMED,"no WHO snapshot for these L4s"
828602,UNCONFIRMED,"no WHO snapshot for these L4s"
1115894,GAP,"resolver status L4_ONLY"
1145942,CONFIRMED,"L4 in WHO snapshot"
584414,UNCONFIRMED,"no WHO snapshot for these L4s"
860114,UNCONFIRMED,"no WHO snapshot for these L4s"
1037330,UNCONFIRMED,"no WHO snapshot for these L4s"
2184134,UNCONFIRMED,"no WHO snapshot for these L4s"
207302,UNCONFIRMED,"no WHO snapshot for these L4s"
2175998,GAP,"resolver status L4_ONLY"
2119706,UNCONFIRMED,"no WHO snapshot for these L4s"
1098362,GAP,"resolver status L4_ONLY"
859238,UNCONFIRMED,"no WHO snapshot for these L4s"
1049306,GAP,"resolver status L4_ONLY"
238850,UNCONFIRMED,"no WHO snapshot for these L4s"
1731590,GAP,"no L5 codes"
102770,UNCONFIRMED,"no WHO snapshot for these L4s"
483446,UNCONFIRMED,"no WHO snapshot for these L4s"
1050494,GAP,"resolver status L4_ONLY"
1738574,GAP,"resolver status L4_ONLY"
1795250,GAP,"resolver status L4_ONLY"
485558,GAP,"resolver status L4_ONLY"
1006202,UNCONFIRMED,"no WHO snapshot for these L4s"
1038806,UNCONFIRMED,"no WHO snapshot for these L4s"
1926518,GAP,"resolver status RETIRED_NO_REMAP"
1245374,CONFIRMED,"L4 in WHO snapshot"
1305590,GAP,"resolver status RETIRED_NO_REMAP"
1727174,UNCONFIRMED,"no WHO snapshot for these L4s"
1730486,GAP,"resolver status RETIRED_NO_REMAP"
1789250,GAP,"resolver status RETIRED_NO_REMAP"
1365902,GAP,"resolver status L4_ONLY"
1245086,UNCONFIRMED,"no WHO snapshot for these L4s"
1595462,GAP,"resolver status L4_ONLY"
618026,UNCONFIRMED,"no WHO snapshot for these L4s"
686534,GAP,"resolver status L4_ONLY"
993890,CONFIRMED,"L4 in WHO snapshot"
1087262,GAP,"resolver status L4_ONLY"
643142,GAP,"no L5 codes"
2057666,UNCONFIRMED,"no WHO snapshot for these L4s"
205886,GAP,"no L5 codes"
204590,UNCONFIRMED,"no WHO snapshot for these L4s"
212570,GAP,"resolver status RETIRED_NO_REMAP"
540938,UNCONFIRMED,"no WHO snapshot for these L4s"
1013630,GAP,"resolver status L4_ONLY"
1044914,UNCONFIRMED,"no WHO snapshot for these L4s"
1046978,GAP,"resolver status L4_ONLY"
1234238,UNCONFIRMED,"no WHO snapshot for these L4s"
827738,GAP,"resolver status RETIRED_NO_REMAP"
830750,UNCONFIRMED,"no WHO snapshot for these L4s"
213542,UNCONFIRMED,"no WHO snapshot for these L4s"
1090034,GAP,"resolver status L4_ONLY"
584534,UNCONFIRMED,"no WHO snapshot for these L4s"
1039706,GAP,"resolver status L4_ONLY"
544118,GAP,"resolver status L4_ONLY"
1245026,GAP,"no L5 codes"
1359362,GAP,"resolver status RETIRED_NO_REMAP"
1367222,UNCONFIRMED,"no WHO snapshot for these L4s"
1742330,GAP,"no L5 codes"
1809578,GAP,"no L5 codes"
198158,UNCONFIRMED,"no WHO snapshot for these L4s"
1651394,UNCONFIRMED,"no WHO snapshot for these L4s"
1439918,UNCONFIRMED,"no WHO snapshot for these L4s"
993242,UNCONFIRMED,"no WHO snapshot for these L4s"
628958,UNCONFIRMED,"no WHO snapshot for these L4s"
198470,UNCONFIRMED,"no WHO snapshot for these L4s"
2056934,UNCONFIRMED,"no WHO snapshot for these L4s"
213194,UNCONFIRMED,"no WHO snapshot for these L4s"
1049402,UNCONFIRMED,"no WHO snapshot for these L4s"
860582,UNCONFIRMED,"no WHO snapshot for these L4s"
241922,GAP,"resolver status RETIRED_NO_REMAP"
1659134,CONFIRMED,"L4 in WHO snapshot"
1797902,UNCONFIRMED,"no WHO snapshot for these L4s"
105914,UNCONFIRMED,"no WHO snapshot for these L4s"
1425866,UNCONFIRMED,"no WHO snapshot for these L4s"
1946954,GAP,"resolver status RETIRED_NO_REMAP"
1301246,GAP,"resolver status L4_ONLY"
1370210,GAP,"resolver status RETIRED_NO_REMAP"
1812470,UNCONFIRMED,"no WHO snapshot for these L4s"
1363226,GAP,"resolver status RETIRED_NO_REMAP"
1653206,UNCONFIRMED,"no WHO snapshot for these L4s"
686894,UNCONFIRMED,"no WHO snapshot for these L4s"
792242,UNCONFIRMED,"no WHO snapshot for these L4s"
763418,UNCONFIRMED,"no WHO snapshot for these L4s"
1991174,UNCONFIRMED,"no WHO snapshot for these L4s"
801554,UNCONFIRMED,"no WHO snapshot for these L4s"
207374,UNCONFIRMED,"no WHO snapshot for these L4s"
744842,UNCONFIRMED,"no WHO snapshot for these L4s"
885770,UNCONFIRMED,"no WHO snapshot for these L4s"
861578,GAP,"resolver status L4_ONLY"
1986386,GAP,"resolver status L4_ONLY"
209918,GAP,"resolver status RETIRED_NO_REMAP"
2058482,GAP,"resolver status L4_ONLY"
2173730,UNCONFIRMED,"no WHO snapshot for these L4s"
1233662,UNCONFIRMED,"no WHO snapshot for these L4s"
1658150,GAP,"no L5 codes"
606794,UNCONFIRMED,"no WHO snapshot for these L4s"
1006118,UNCONFIRMED,"no WHO snapshot for these L4s"
856886,UNCONFIRMED,"no WHO snapshot for these L4s"
1090874,UNCONFIRMED,"no WHO snapshot for these L4s"
1090790,GAP,"resolver status RETIRED_NO_REMAP"
1094354,UNCONFIRMED,"no WHO snapshot for these L4s"
616454,UNCONFIRMED,"no WHO snapshot for these L4s"
1737554,GAP,"resolver status L4_ONLY"
860246,UNCONFIRMED,"no WHO snapshot for these L4s"
1193294,CONFIRMED,"L4 in WHO snapshot"
1085918,UNCONFIRMED,"no WHO snapshot for these L4s"
1739846,UNCONFIRMED,"no WHO snapshot for these L4s"
1246886,UNCONFIRMED,"no WHO snapshot for these L4s"
1422098,UNCONFIRMED,"no WHO snapshot for these L4s"
1438778,UNCONFIRMED,"no WHO snapshot for these L4s"
1248590,UNCONFIRMED,"no WHO snapshot for these L4s"
1592654,GAP,"resolver status RETIRED_NO_REMAP"
1243010,UNCONFIRMED,"no WHO snapshot for these L4s"
643070,CONFIRMED,"L4 in WHO snapshot"
723770,UNCONFIRMED,"no WHO snapshot for these L4s"
994010,UNCONFIRMED,"no WHO snapshot for these L4s"
763106,GAP,"resolver status L4_ONLY"
2048714,GAP,"resolver status RETIRED_NO_REMAP"
1089782,GAP,"resolver status RETIRED_NO_REMAP"
204902,UNCONFIRMED,"no WHO snapshot for these L4s"
999482,GAP,"resolver status L4_ONLY"
836270,GAP,"resolver status L4_ONLY"
1093178,UNCONFIRMED,"no WHO snapshot for these L4s"
1005710,GAP,"resolver status RETIRED_NO_REMAP"
1043690,UNCONFIRMED,"no WHO snapshot for these L4s"
804614,GAP,"resolver status L4_ONLY"
209990,GAP,"resolver status L4_ONLY"
1094438,UNCONFIRMED,"no WHO snapshot for these L4s"
1053278,UNCONFIRMED,"no WHO snapshot for these L4s"
1736654,UNCONFIRMED,"no WHO snapshot for these L4s"
1086326,UNCONFIRMED,"no WHO snapshot for these L4s"
1801694,UNCONFIRMED,"no WHO snapshot for these L4s"
1807634,UNCONFIRMED,"no WHO snapshot for these L4s"
1246622,GAP,"no L5 codes"
1438754,UNCONFIRMED,"no WHO snapshot for these L4s"
1862102,UNCONFIRMED,"no WHO snapshot for these L4s"
1425554,UNCONFIRMED,"no WHO snapshot for these L4s"
1305890,UNCONFIRMED,"no WHO snapshot for these L4s"
1425230,UNCONFIRMED,"no WHO snapshot for these L4s"
1591934,GAP,"resolver status L4_ONLY"
1363394,GAP,"resolver status RETIRED_NO_REMAP"
197930,GAP,"resolver status L4_ONLY"
1601390,UNCONFIRMED,"no WHO snapshot for these L4s"
642338,GAP,"resolver status L4_ONLY"
1087418,GAP,"resolver status L4_ONLY"
198854,GAP,"resolver status RETIRED_NO_REMAP"
636230,UNCONFIRMED,"no WHO snapshot for these L4s"
1086950,UNCONFIRMED,"no WHO snapshot for these L4s"
310430,UNCONFIRMED,"no WHO snapshot for these L4s"
762674,GAP,"no L5 codes"
860930,UNCONFIRMED,"no WHO snapshot for these L4s"
311954,UNCONFIRMED,"no WHO snapshot for these L4s"
213182,UNCONFIRMED,"no WHO snapshot for these L4s"
806606,UNCONFIRMED,"no WHO snapshot for these L4s"
248654,GAP,"resolver status RETIRED_NO_REMAP"
1011470,UNCONFIRMED,"no WHO snapshot for these L4s"
1114838,GAP,"resolver status L4_ONLY"
1423814,UNCONFIRMED,"no WHO snapshot for these L4s"
197954,GAP,"resolver status L4_ONLY"
1369814,GAP,"resolver status RETIRED_NO_REMAP"
1362950,UNCONFIRMED,"no WHO snapshot for these L4s"
1597298,GAP,"resolver status L4_ONLY"
1600130,UNCONFIRMED,"no WHO snapshot for these L4s"
1101770,GAP,"resolver status RETIRED_NO_REMAP"
1147790,GAP,"resolver status RETIRED_NO_REMAP"
1232150,UNCONFIRMED,"no WHO snapshot for these L4s"
1422086,UNCONFIRMED,"no WHO snapshot for these L4s"
1430990,UNCONFIRMED,"no WHO snapshot for these L4s"
1543202,UNCONFIRMED,"no WHO snapshot for these L4s"
1654910,UNCONFIRMED,"no WHO snapshot for these L4s"
1658042,UNCONFIRMED,"no WHO snapshot for these L4s"
1858994,UNCONFIRMED,"no WHO snapshot for these L4s"
2611250,UNCONFIRMED,"no WHO snapshot for these L4s"
2639030,UNCONFIRMED,"no WHO snapshot for these L4s"
2639042,UNCONFIRMED,"no WHO snapshot for these L4s"
2712050,UNCONFIRMED,"no WHO snapshot for these L4s"
802646,CONFIRMED,"L4 in WHO snapshot"
977438,UNCONFIRMED,"no WHO snapshot for these L4s"
404786,CONFIRMED,"L4 in WHO snapshot"
2387330,UNCONFIRMED,"no WHO snapshot for these L4s"
1514,UNCONFIRMED,"no WHO snapshot for these L4s"
41126,UNCONFIRMED,"no WHO snapshot for these L4s"
1547666,UNCONFIRMED,"no WHO snapshot for these L4s"
38546,UNCONFIRMED,"no WHO snapshot for these L4s"
153374,UNCONFIRMED,"no WHO snapshot for these L4s"
3554,UNCONFIRMED,"no WHO snapshot for these L4s"
891170,UNCONFIRMED,"no WHO snapshot for these L4s"
1797890,UNCONFIRMED,"no WHO snapshot for these L4s"
800415,GAP,"resolver status L4_ONLY"
745479,UNCONFIRMED,"no WHO snapshot for these L4s"
884187,UNCONFIRMED,"no WHO snapshot for these L4s"
309351,UNCONFIRMED,"no WHO snapshot for these L4s"
672255,GAP,"resolver status RETIRED_NO_REMAP"
309447,CONFIRMED,"L4 in WHO snapshot"
311451,CONFIRMED,"L4 in WHO snapshot"
206223,UNCONFIRMED,"no WHO snapshot for these L4s"
999783,GAP,"resolver status L4_ONLY"
201219,UNCONFIRMED,"no WHO snapshot for these L4s"
831831,UNCONFIRMED,"no WHO snapshot for these L4s"
359439,UNCONFIRMED,"no WHO snapshot for these L4s"
2100015,GAP,"resolver status RETIRED_NO_REMAP"
2120175,UNCONFIRMED,"no WHO snapshot for these L4s"
213663,UNCONFIRMED,"no WHO snapshot for these L4s"
1148595,UNCONFIRMED,"no WHO snapshot for these L4s"
1189827,CONFIRMED,"L4 in WHO snapshot"
577215,GAP,"no L5 codes"
582819,GAP,"resolver status L4_ONLY"
1012023,UNCONFIRMED,"no WHO snapshot for these L4s"
244095,GAP,"resolver status L4_ONLY"
2043303,GAP,"resolver status L4_ONLY"
2178939,CONFIRMED,"L4 in WHO snapshot"
1190319,UNCONFIRMED,"no WHO snapshot for these L4s"
1046487,UNCONFIRMED,"no WHO snapshot for these L4s"
1739211,UNCONFIRMED,"no WHO snapshot for these L4s"
1191003,UNCONFIRMED,"no WHO snapshot for these L4s"
1014639,GAP,"no L5 codes"
1006107,UNCONFIRMED,"no WHO snapshot for these L4s"
1012863,GAP,"resolver status RETIRED_NO_REMAP"
212823,UNCONFIRMED,"no WHO snapshot for these L4s"
543879,GAP,"resolver status L4_ONLY"
243471,UNCONFIRMED,"no WHO snapshot for these L4s"
859383,GAP,"resolver status L4_ONLY"
1797915,UNCONFIRMED,"no WHO snapshot for these L4s"
1356495,UNCONFIRMED,"no WHO snapshot for these L4s"
1368423,CONFIRMED,"L4 in WHO snapshot"
1742331,GAP,"no L5 codes"
1438107,GAP,"resolver status L4_ONLY"
1551519,UNCONFIRMED,"no WHO snapshot for these L4s"
1359675,UNCONFIRMED,"no WHO snapshot for these L4s"
1359111,UNCONFIRMED,"no WHO snapshot for these L4s"
800115,GAP,"resolver status L4_ONLY"
899763,GAP,"resolver status L4_ONLY"
308907,UNCONFIRMED,"no WHO snapshot for these L4s"
755535,GAP,"resolver status RETIRED_NO_REMAP"
629979,UNCONFIRMED,"no WHO snapshot for these L4s"
311931,UNCONFIRMED,"no WHO snapshot for these L4s"
207291,UNCONFIRMED,"no WHO snapshot for these L4s"
730947,UNCONFIRMED,"no WHO snapshot for these L4s"
884211,UNCONFIRMED,"no WHO snapshot for these L4s"
998679,UNCONFIRMED,"no WHO snapshot for these L4s"
314163,UNCONFIRMED,"no WHO snapshot for these L4s"
314259,UNCONFIRMED,"no WHO snapshot for these L4s"
1091331,GAP,"resolver status L4_ONLY"
209703,GAP,"resolver status RETIRED_NO_REMAP"
2123151,UNCONFIRMED,"no WHO snapshot for these L4s"
998607,GAP,"resolver status RETIRED_NO_REMAP"
1099503,GAP,"no L5 codes"
1663455,UNCONFIRMED,"no WHO snapshot for these L4s"
1148631,GAP,"resolver status RETIRED_NO_REMAP"
1236459,CONFIRMED,"L4 in WHO snapshot"
1600611,UNCONFIRMED,"no WHO snapshot for these L4s"
1250559,UNCONFIRMED,"no WHO snapshot for these L4s"
1300203,GAP,"resolver status RETIRED_NO_REMAP"
1360011,UNCONFIRMED,"no WHO snapshot for these L4s"
1597119,UNCONFIRMED,"no WHO snapshot for these L4s"
1741767,GAP,"resolver status RETIRED_NO_REMAP"
1421643,GAP,"resolver status L4_ONLY"
1483143,UNCONFIRMED,"no WHO snapshot for these L4s"
1536675,GAP,"resolver status L4_ONLY"
749871,UNCONFIRMED,"no WHO snapshot for these L4s"
992679,UNCONFIRMED,"no WHO snapshot for these L4s"
1087335,CONFIRMED,"L4 in WHO snapshot"
92583,UNCONFIRMED,"no WHO snapshot for these L4s"
206403,UNCONFIRMED,"no WHO snapshot for these L4s"
998463,UNCONFIRMED,"no WHO snapshot for these L4s"
792051,UNCONFIRMED,"no WHO snapshot for these L4s"
860943,UNCONFIRMED,"no WHO snapshot for these L4s"
990999,UNCONFIRMED,"no WHO snapshot for these L4s"
1086723,GAP,"resolver status L4_ONLY"
2047875,UNCONFIRMED,"no WHO snapshot for these L4s"
996231,UNCONFIRMED,"no WHO snapshot for these L4s"
208683,UNCONFIRMED,"no WHO snapshot for these L4s"
1116183,GAP,"resolver status L4_ONLY"
1049211,CONFIRMED,"L4 in WHO snapshot"
1092183,GAP,"resolver status RETIRED_NO_REMAP"
1099923,GAP,"resolver status L4_ONLY"
1010739,UNCONFIRMED,"no WHO snapshot for these L4s"
1001751,GAP,"resolver status L4_ONLY"
346911,UNCONFIRMED,"no WHO snapshot for these L4s"
1100907,GAP,"resolver status L4_ONLY"
1000143,UNCONFIRMED,"no WHO snapshot for these L4s"
1667343,GAP,"resolver status L4_ONLY"
1795251,UNCONFIRMED,"no WHO snapshot for these L4s"
1359123,GAP,"resolver status L4_ONLY"
1424307,GAP,"resolver status L4_ONLY"
1536447,GAP,"resolver status RETIRED_NO_REMAP"
1741263,GAP,"no L5 codes"
1809747,GAP,"resolver status RETIRED_NO_REMAP"
1374795,GAP,"resolver status L4_ONLY"
1858383,GAP,"resolver status L4_ONLY"
724863,UNCONFIRMED,"no WHO snapshot for these L4s"
308799,UNCONFIRMED,"no WHO snapshot for these L4s"
861663,UNCONFIRMED,"no WHO snapshot for these L4s"
198471,UNCONFIRMED,"no WHO snapshot for these L4s"
347835,GAP,"resolver status L4_ONLY"
726747,UNCONFIRMED,"no WHO snapshot for these L4s"
702615,GAP,"resolver status L4_ONLY"
905043,GAP,"no L5 codes"
308403,UNCONFIRMED,"no WHO snapshot for these L4s"
309291,UNCONFIRMED,"no WHO snapshot for these L4s"
204135,UNCONFIRMED,"no WHO snapshot for these L4s"
979491,UNCONFIRMED,"no WHO snapshot for these L4s"
312483,GAP,"resolver status L4_ONLY"
348579,GAP,"resolver status RETIRED_NO_REMAP"
830463,GAP,"no L5 codes"
2121735,UNCONFIRMED,"no WHO snapshot for these L4s"
1149663,UNCONFIRMED,"no WHO snapshot for these L4s"
1192923,GAP,"no L5 codes"
1658271,UNCONFIRMED,"no WHO snapshot for these L4s"
206535,UNCONFIRMED,"no WHO snapshot for these L4s"
996927,GAP,"resolver status L4_ONLY"
2101899,GAP,"no L5 codes"
198951,GAP,"no L5 codes"
996759,UNCONFIRMED,"no WHO snapshot for these L4s"
1010895,UNCONFIRMED,"no WHO snapshot for these L4s"
259047,UNCONFIRMED,"no WHO snapshot for these L4s"
1665459,UNCONFIRMED,"no WHO snapshot for these L4s"
1099575,UNCONFIRMED,"no WHO snapshot for these L4s"
208947,UNCONFIRMED,"no WHO snapshot for these L4s"
857403,UNCONFIRMED,"no WHO snapshot for these L4s"
1020495,GAP,"resolver status RETIRED_NO_REMAP"
1876395,UNCONFIRMED,"no WHO snapshot for these L4s"
1244199,GAP,"no L5 codes"
1299879,UNCONFIRMED,"no WHO snapshot for these L4s"
1367691,UNCONFIRMED,"no WHO snapshot for these L4s"
1441563,GAP,"no L5 codes"
1746915,UNCONFIRMED,"no WHO snapshot for these L4s"
1250751,UNCONFIRMED,"no WHO snapshot for these L4s"
1244523,UNCONFIRMED,"no WHO snapshot for these L4s"
1599495,UNCONFIRMED,"no WHO snapshot for these L4s"
1988751,UNCONFIRMED,"no WHO snapshot for these L4s"
805131,GAP,"no L5 codes"
198303,UNCONFIRMED,"no WHO snapshot for these L4s"
205683,UNCONFIRMED,"no WHO snapshot for these L4s"
1092723,GAP,"resolver status RETIRED_NO_REMAP"
210111,UNCONFIRMED,"no WHO snapshot for these L4s"
1234539,GAP,"resolver status L4_ONLY"
1001031,UNCONFIRMED,"no WHO snapshot for these L4s"
1037379,UNCONFIRMED,"no WHO snapshot for these L4s"
1053327,GAP,"resolver status L4_ONLY"
804567,UNCONFIRMED,"no WHO snapshot for these L4s"
312219,UNCONFIRMED,"no WHO snapshot for these L4s"
1811763,UNCONFIRMED,"no WHO snapshot for these L4s"
1865199,GAP,"resolver status L4_ONLY"
1293123,GAP,"resolver status NO_ATC"
197703,UNCONFIRMED,"no WHO snapshot for these L4s"
1435143,GAP,"resolver status L4_ONLY"
1484895,UNCONFIRMED,"no WHO snapshot for these L4s"
1485075,UNCONFIRMED,"no WHO snapshot for these L4s"
1291383,UNCONFIRMED,"no WHO snapshot for these L4s"
727995,UNCONFIRMED,"no WHO snapshot for these L4s"
645651,UNCONFIRMED,"no WHO snapshot for these L4s"
204627,UNCONFIRMED,"no WHO snapshot for these L4s"
758487,UNCONFIRMED,"no WHO snapshot for these L4s"
199239,GAP,"no L5 codes"
312879,UNCONFIRMED,"no WHO snapshot for these L4s"
847191,GAP,"resolver status L4_ONLY"
1098435,GAP,"resolver status L4_ONLY"
1000131,UNCONFIRMED,"no WHO snapshot for these L4s"
1006791,UNCONFIRMED,"no WHO snapshot for these L4s"
259287,GAP,"resolver status L4_ONLY"
210279,GAP,"resolver status RETIRED_NO_REMAP"
1092447,UNCONFIRMED,"no WHO snapshot for these L4s"
807363,GAP,"resolver status RETIRED_NO_REMAP"
856467,UNCONFIRMED,"no WHO snapshot for these L4s"
1091403,GAP,"no L5 codes"
410835,UNCONFIRMED,"no WHO snapshot for these L4s"
1047759,UNCONFIRMED,"no WHO snapshot for these L4s"
1234575,UNCONFIRMED,"no WHO snapshot for these L4s"
238851,UNCONFIRMED,"no WHO snapshot for these L4s"
1090443,GAP,"resolver status L4_ONLY"
849315,UNCONFIRMED,"no WHO snapshot for these L4s"
1005771,UNCONFIRMED,"no WHO snapshot for these L4s"
1046751,GAP,"resolver status L4_ONLY"
1745091,UNCONFIRMED,"no WHO snapshot for these L4s"
1792707,GAP,"resolver status L4_ONLY"
1945479,CONFIRMED,"L4 in WHO snapshot"
1430115,UNCONFIRMED,"no WHO snapshot for these L4s"
1923015,GAP,"resolver status RETIRED_NO_REMAP"
1244547,UNCONFIRMED,"no WHO snapshot for these L4s"
1358991,GAP,"resolver status RETIRED_NO_REMAP"
1942959,UNCONFIRMED,"no WHO snapshot for these L4s"
1424847,UNCONFIRMED,"no WHO snapshot for these L4s"
197367,GAP,"no L5 codes"
1291083,GAP,"resolver status L4_ONLY"
618651,UNCONFIRMED,"no WHO snapshot for these L4s"
746319,UNCONFIRMED,"no WHO snapshot for these L4s"
992787,UNCONFIRMED,"no WHO snapshot for these L4s"
308643,GAP,"resolver status RETIRED_NO_REMAP"
750243,UNCONFIRMED,"no WHO snapshot for these L4s"
904671,UNCONFIRMED,"no WHO snapshot for these L4s"
312015,UNCONFIRMED,"no WHO snapshot for these L4s"
313635,UNCONFIRMED,"no WHO snapshot for these L4s"
198759,UNCONFIRMED,"no WHO snapshot for these L4s"
348459,GAP,"resolver status L4_ONLY"
996495,GAP,"resolver status RETIRED_NO_REMAP"
1101555,GAP,"resolver status L4_ONLY"
602427,UNCONFIRMED,"no WHO snapshot for these L4s"
1049127,GAP,"resolver status RETIRED_NO_REMAP"
827703,GAP,"resolver status RETIRED_NO_REMAP"
260391,UNCONFIRMED,"no WHO snapshot for these L4s"
425103,UNCONFIRMED,"no WHO snapshot for these L4s"
1091943,GAP,"resolver status L4_ONLY"
1113435,UNCONFIRMED,"no WHO snapshot for these L4s"
545259,GAP,"resolver status L4_ONLY"
859203,UNCONFIRMED,"no WHO snapshot for these L4s"
1236207,GAP,"resolver status RETIRED_NO_REMAP"
1491015,GAP,"resolver status RETIRED_NO_REMAP"
1721583,UNCONFIRMED,"no WHO snapshot for these L4s"
309171,UNCONFIRMED,"no WHO snapshot for these L4s"
753543,UNCONFIRMED,"no WHO snapshot for these L4s"
905343,UNCONFIRMED,"no WHO snapshot for these L4s"
864675,UNCONFIRMED,"no WHO snapshot for these L4s"
885111,UNCONFIRMED,"no WHO snapshot for these L4s"
1995471,GAP,"resolver status L4_ONLY"
1992303,UNCONFIRMED,"no WHO snapshot for these L4s"
994539,UNCONFIRMED,"no WHO snapshot for these L4s"
998535,UNCONFIRMED,"no WHO snapshot for these L4s"
829539,GAP,"resolver status L4_ONLY"
211191,CONFIRMED,"L4 in WHO snapshot"
1233531,GAP,"resolver status RETIRED_NO_REMAP"
577395,UNCONFIRMED,"no WHO snapshot for these L4s"
1049259,CONFIRMED,"L4 in WHO snapshot"
1050231,UNCONFIRMED,"no WHO snapshot for these L4s"
251919,UNCONFIRMED,"no WHO snapshot for these L4s"
1043307,UNCONFIRMED,"no WHO snapshot for these L4s"
1718751,UNCONFIRMED,"no WHO snapshot for these L4s"
1100391,GAP,"no L5 codes"
1994403,UNCONFIRMED,"no WHO snapshot for these L4s"
806667,GAP,"resolver status L4_ONLY"
1190439,GAP,"resolver status L4_ONLY"
1039251,GAP,"resolver status L4_ONLY"
204903,UNCONFIRMED,"no WHO snapshot for these L4s"
206211,UNCONFIRMED,"no WHO snapshot for these L4s"
403947,UNCONFIRMED,"no WHO snapshot for these L4s"
2166123,GAP,"resolver status L4_ONLY"
260055,GAP,"resolver status RETIRED_NO_REMAP"
1299027,GAP,"resolver status RETIRED_NO_REMAP"
1744011,CONFIRMED,"L4 in WHO snapshot"
1811631,GAP,"resolver status L4_ONLY"
1941459,GAP,"resolver status RETIRED_NO_REMAP"
1304115,GAP,"resolver status RETIRED_NO_REMAP"
1294587,UNCONFIRMED,"no WHO snapshot for these L4s"
1485747,GAP,"resolver status RETIRED_NO_REMAP"
647127,UNCONFIRMED,"no WHO snapshot for these L4s"
880359,GAP,"resolver status L4_ONLY"
2058531,GAP,"resolver status L4_ONLY"
200871,UNCONFIRMED,"no WHO snapshot for these L4s"
2049723,GAP,"resolver status L4_ONLY"
876195,GAP,"no L5 codes"
312447,CONFIRMED,"L4 in WHO snapshot"
998511,UNCONFIRMED,"no WHO snapshot for these L4s"
376695,GAP,"resolver status RETIRED_NO_REMAP"
315183,UNCONFIRMED,"no WHO snapshot for these L4s"
213555,UNCONFIRMED,"no WHO snapshot for these L4s"
2175999,GAP,"resolver status L4_ONLY"
1038903,UNCONFIRMED,"no WHO snapshot for these L4s"
1000899,UNCONFIRMED,"no WHO snapshot for these L4s"
1191663,GAP,"resolver status RETIRED_NO_REMAP"
211755,UNCONFIRMED,"no WHO snapshot for these L4s"
1673799,UNCONFIRMED,"no WHO snapshot for these L4s"
252963,UNCONFIRMED,"no WHO snapshot for these L4s"
1190631,UNCONFIRMED,"no WHO snapshot for these L4s"
1867995,UNCONFIRMED,"no WHO snapshot for these L4s"
1872075,GAP,"resolver status L4_ONLY"
1925871,GAP,"resolver status RETIRED_NO_REMAP"
1927647,UNCONFIRMED,"no WHO snapshot for these L4s"
1946703,GAP,"resolver status RETIRED_NO_REMAP"
1249131,GAP,"resolver status RETIRED_NO_REMAP"
1294383,UNCONFIRMED,"no WHO snapshot for these L4s"
1797927,UNCONFIRMED,"no WHO snapshot for these L4s"
1293639,GAP,"resolver status L4_ONLY"
1547991,CONFIRMED,"L4 in WHO snapshot"
618963,GAP,"resolver status RETIRED_NO_REMAP"
884787,UNCONFIRMED,"no WHO snapshot for these L4s"
310431,UNCONFIRMED,"no WHO snapshot for these L4s"
205023,GAP,"no L5 codes"
198999,UNCONFIRMED,"no WHO snapshot for these L4s"
644535,UNCONFIRMED,"no WHO snapshot for these L4s"
756303,UNCONFIRMED,"no WHO snapshot for these L4s"
899367,UNCONFIRMED,"no WHO snapshot for these L4s"
309783,GAP,"resolver status L4_ONLY"
1088235,UNCONFIRMED,"no WHO snapshot for these L4s"
831111,UNCONFIRMED,"no WHO snapshot for these L4s"
702243,UNCONFIRMED,"no WHO snapshot for these L4s"
205347,UNCONFIRMED,"no WHO snapshot for these L4s"
997515,GAP,"resolver status L4_ONLY"
309339,UNCONFIRMED,"no WHO snapshot for these L4s"
749571,UNCONFIRMED,"no WHO snapshot for these L4s"
2045343,UNCONFIRMED,"no WHO snapshot for these L4s"
804975,UNCONFIRMED,"no WHO snapshot for these L4s"
1010055,UNCONFIRMED,"no WHO snapshot for these L4s"
1012611,UNCONFIRMED,"no WHO snapshot for these L4s"
1043199,UNCONFIRMED,"no WHO snapshot for these L4s"
1049703,CONFIRMED,"L4 in WHO snapshot"
1116111,GAP,"resolver status L4_ONLY"
1101855,UNCONFIRMED,"no WHO snapshot for these L4s"
313419,UNCONFIRMED,"no WHO snapshot for these L4s"
1656327,GAP,"resolver status L4_ONLY"
1727571,GAP,"resolver status RETIRED_NO_REMAP"
1739871,UNCONFIRMED,"no WHO snapshot for these L4s"
1659219,UNCONFIRMED,"no WHO snapshot for these L4s"
362679,GAP,"resolver status RETIRED_NO_REMAP"
1125471,GAP,"no L5 codes"
1000095,UNCONFIRMED,"no WHO snapshot for these L4s"
1242543,GAP,"resolver status RETIRED_NO_REMAP"
1246599,GAP,"no L5 codes"
1247895,GAP,"resolver status RETIRED_NO_REMAP"
1302627,UNCONFIRMED,"no WHO snapshot for these L4s"
1425951,GAP,"resolver status RETIRED_NO_REMAP"
1547607,GAP,"resolver status L4_ONLY"
1648155,GAP,"resolver status L4_ONLY"
1236435,GAP,"resolver status L4_ONLY"
1544571,UNCONFIRMED,"no WHO snapshot for these L4s"
1356507,GAP,"resolver status RETIRED_NO_REMAP"
797955,UNCONFIRMED,"no WHO snapshot for these L4s"
309219,GAP,"resolver status RETIRED_NO_REMAP"
801015,UNCONFIRMED,"no WHO snapshot for these L4s"
206511,GAP,"resolver status L4_ONLY"
992799,UNCONFIRMED,"no WHO snapshot for these L4s"
312555,UNCONFIRMED,"no WHO snapshot for these L4s"
996267,GAP,"resolver status RETIRED_NO_REMAP"
705159,GAP,"no L5 codes"
998715,CONFIRMED,"L4 in WHO snapshot"
313251,UNCONFIRMED,"no WHO snapshot for these L4s"
313947,UNCONFIRMED,"no WHO snapshot for these L4s"
809547,UNCONFIRMED,"no WHO snapshot for these L4s"
212739,UNCONFIRMED,"no WHO snapshot for these L4s"
2119467,UNCONFIRMED,"no WHO snapshot for these L4s"
617115,GAP,"resolver status RETIRED_NO_REMAP"
205359,GAP,"no L5 codes"
332451,UNCONFIRMED,"no WHO snapshot for these L4s"
210351,UNCONFIRMED,"no WHO snapshot for these L4s"
1090707,GAP,"resolver status RETIRED_NO_REMAP"
1091523,GAP,"resolver status RETIRED_NO_REMAP"
1114383,GAP,"resolver status RETIRED_NO_REMAP"
486099,UNCONFIRMED,"no WHO snapshot for these L4s"
1923483,GAP,"resolver status L4_ONLY"
197427,GAP,"resolver status L4_ONLY"
1298199,UNCONFIRMED,"no WHO snapshot for these L4s"
1431687,GAP,"resolver status L4_ONLY"
1435083,UNCONFIRMED,"no WHO snapshot for these L4s"
1485531,GAP,"resolver status L4_ONLY"
1491795,UNCONFIRMED,"no WHO snapshot for these L4s"
1303251,GAP,"resolver status L4_ONLY"
1313307,GAP,"resolver status RETIRED_NO_REMAP"
1490487,UNCONFIRMED,"no WHO snapshot for these L4s"
758019,GAP,"resolver status L4_ONLY"
309771,UNCONFIRMED,"no WHO snapshot for these L4s"
880407,GAP,"no L5 codes"
308511,GAP,"resolver status L4_ONLY"
198555,UNCONFIRMED,"no WHO snapshot for these L4s"
794979,UNCONFIRMED,"no WHO snapshot for these L4s"
857595,UNCONFIRMED,"no WHO snapshot for these L4s"
860115,UNCONFIRMED,"no WHO snapshot for these L4s"
1012683,GAP,"resolver status RETIRED_NO_REMAP"
1050315,UNCONFIRMED,"no WHO snapshot for these L4s"
2119719,GAP,"resolver status L4_ONLY"
206955,UNCONFIRMED,"no WHO snapshot for these L4s"
830547,CONFIRMED,"L4 in WHO snapshot"
198579,UNCONFIRMED,"no WHO snapshot for these L4s"
211167,CONFIRMED,"L4 in WHO snapshot"
1150131,GAP,"resolver status RETIRED_NO_REMAP"
615111,GAP,"resolver status L4_ONLY"
260847,UNCONFIRMED,"no WHO snapshot for these L4s"
1010835,UNCONFIRMED,"no WHO snapshot for these L4s"
1053339,UNCONFIRMED,"no WHO snapshot for these L4s"
803367,GAP,"resolver status RETIRED_NO_REMAP"
1247979,UNCONFIRMED,"no WHO snapshot for these L4s"
1251327,UNCONFIRMED,"no WHO snapshot for these L4s"
1368963,UNCONFIRMED,"no WHO snapshot for these L4s"
1437975,GAP,"no L5 codes"
1421007,GAP,"resolver status L4_ONLY"
205803,UNCONFIRMED,"no WHO snapshot for these L4s"
312771,UNCONFIRMED,"no WHO snapshot for these L4s"
309015,UNCONFIRMED,"no WHO snapshot for these L4s"
204423,GAP,"resolver status L4_ONLY"
2104323,GAP,"resolver status RETIRED_NO_REMAP"
1092375,GAP,"resolver status L4_ONLY"
106371,UNCONFIRMED,"no WHO snapshot for these L4s"
857007,CONFIRMED,"L4 in WHO snapshot"
857535,GAP,"resolver status RETIRED_NO_REMAP"
2173839,UNCONFIRMED,"no WHO snapshot for these L4s"
213279,GAP,"resolver status L4_ONLY"
1193103,UNCONFIRMED,"no WHO snapshot for these L4s"
562647,UNCONFIRMED,"no WHO snapshot for these L4s"
859143,UNCONFIRMED,"no WHO snapshot for these L4s"
1190331,GAP,"resolver status L4_ONLY"
1000983,UNCONFIRMED,"no WHO snapshot for these L4s"
340275,GAP,"resolver status RETIRED_NO_REMAP"
347823,UNCONFIRMED,"no WHO snapshot for these L4s"
244539,UNCONFIRMED,"no WHO snapshot for these L4s"
1809903,UNCONFIRMED,"no WHO snapshot for these L4s"
1243899,UNCONFIRMED,"no WHO snapshot for these L4s"
1297575,UNCONFIRMED,"no WHO snapshot for these L4s"
1427379,UNCONFIRMED,"no WHO snapshot for these L4s"
1442871,UNCONFIRMED,"no WHO snapshot for these L4s"
1742031,GAP,"no L5 codes"
1809063,GAP,"no L5 codes"
1235595,UNCONFIRMED,"no WHO snapshot for these L4s"
1294371,UNCONFIRMED,"no WHO snapshot for these L4s"
1537107,GAP,"no L5 codes"
1593771,GAP,"resolver status L4_ONLY"
763095,GAP,"resolver status L4_ONLY"
755799,UNCONFIRMED,"no WHO snapshot for these L4s"
991251,UNCONFIRMED,"no WHO snapshot for these L4s"
309315,CONFIRMED,"L4 in WHO snapshot"
731559,UNCONFIRMED,"no WHO snapshot for these L4s"
308667,GAP,"resolver status L4_ONLY"
801579,UNCONFIRMED,"no WHO snapshot for these L4s"
310911,UNCONFIRMED,"no WHO snapshot for these L4s"
853023,UNCONFIRMED,"no WHO snapshot for these L4s"
1001079,UNCONFIRMED,"no WHO snapshot for these L4s"
2003391,GAP,"resolver status RETIRED_NO_REMAP"
1092747,UNCONFIRMED,"no WHO snapshot for these L4s"
1006647,GAP,"resolver status L4_ONLY"
1085811,GAP,"resolver status RETIRED_NO_REMAP"
247551,UNCONFIRMED,"no WHO snapshot for these L4s"
260127,UNCONFIRMED,"no WHO snapshot for these L4s"
1733859,GAP,"resolver status L4_ONLY"
860055,GAP,"no L5 codes"
1012707,GAP,"resolver status L4_ONLY"
206847,UNCONFIRMED,"no WHO snapshot for these L4s"
833703,UNCONFIRMED,"no WHO snapshot for these L4s"
208323,UNCONFIRMED,"no WHO snapshot for these L4s"
562251,CONFIRMED,"L4 in WHO snapshot"
245043,UNCONFIRMED,"no WHO snapshot for these L4s"
1946727,UNCONFIRMED,"no WHO snapshot for these L4s"
1251039,UNCONFIRMED,"no WHO snapshot for these L4s"
1304511,CONFIRMED,"L4 in WHO snapshot"
1432119,UNCONFIRMED,"no WHO snapshot for these L4s"
1293975,UNCONFIRMED,"no WHO snapshot for these L4s"
1297551,UNCONFIRMED,"no WHO snapshot for these L4s"
1436931,UNCONFIRMED,"no WHO snapshot for these L4s"
1493691,GAP,"resolver status RETIRED_NO_REMAP"
1601091,UNCONFIRMED,"no WHO snapshot for these L4s"
308763,GAP,"no L5 codes"
205899,UNCONFIRMED,"no WHO snapshot for these L4s"
802059,UNCONFIRMED,"no WHO snapshot for these L4s"
315243,UNCONFIRMED,"no WHO snapshot for these L4s"
310095,UNCONFIRMED,"no WHO snapshot for these L4s"
833463,GAP,"resolver status L4_ONLY"
832923,GAP,"resolver status RETIRED_NO_REMAP"
213915,GAP,"resolver status RETIRED_NO_REMAP"
1011987,GAP,"resolver status L4_ONLY"
1047939,UNCONFIRMED,"no WHO snapshot for these L4s"
1020375,UNCONFIRMED,"no WHO snapshot for these L4s"
1737735,UNCONFIRMED,"no WHO snapshot for these L4s"
1010763,GAP,"resolver status L4_ONLY"
249711,UNCONFIRMED,"no WHO snapshot for these L4s"
1005819,GAP,"resolver status L4_ONLY"
616287,UNCONFIRMED,"no WHO snapshot for these L4s"
1000923,UNCONFIRMED,"no WHO snapshot for these L4s"
1294035,UNCONFIRMED,"no WHO snapshot for these L4s"
1251771,UNCONFIRMED,"no WHO snapshot for these L4s"
1305135,UNCONFIRMED,"no WHO snapshot for these L4s"
1489299,GAP,"resolver status L4_ONLY"
1922727,UNCONFIRMED,"no WHO snapshot for these L4s"
1241883,UNCONFIRMED,"no WHO snapshot for these L4s"
1541115,UNCONFIRMED,"no WHO snapshot for these L4s"
700599,GAP,"resolver status RETIRED_NO_REMAP"
637551,GAP,"resolver status L4_ONLY"
992739,UNCONFIRMED,"no WHO snapshot for these L4s"
312255,UNCONFIRMED,"no WHO snapshot for these L4s"
686403,GAP,"resolver status L4_ONLY"
864735,UNCONFIRMED,"no WHO snapshot for these L4s"
999927,GAP,"resolver status L4_ONLY"
349419,GAP,"resolver status RETIRED_NO_REMAP"
900963,GAP,"resolver status RETIRED_NO_REMAP"
802503,GAP,"resolver status L4_ONLY"
995019,UNCONFIRMED,"no WHO snapshot for these L4s"
349563,UNCONFIRMED,"no WHO snapshot for these L4s"
857523,UNCONFIRMED,"no WHO snapshot for these L4s"
1094019,UNCONFIRMED,"no WHO snapshot for these L4s"
1010811,GAP,"resolver status RETIRED_NO_REMAP"
1039227,GAP,"resolver status L4_ONLY"
1046799,GAP,"resolver status RETIRED_NO_REMAP"
307707,GAP,"no L5 codes"
616527,GAP,"resolver status RETIRED_NO_REMAP"
1046643,GAP,"resolver status L4_ONLY"
545871,CONFIRMED,"L4 in WHO snapshot"
2184159,GAP,"resolver status RETIRED_NO_REMAP"
1000491,GAP,"resolver status L4_ONLY"
999939,UNCONFIRMED,"no WHO snapshot for these L4s"
1658259,UNCONFIRMED,"no WHO snapshot for these L4s"
1872891,UNCONFIRMED,"no WHO snapshot for these L4s"
1243239,UNCONFIRMED,"no WHO snapshot for these L4s"
1370127,GAP,"resolver status RETIRED_NO_REMAP"
1374387,UNCONFIRMED,"no WHO snapshot for these L4s"
1648227,UNCONFIRMED,"no WHO snapshot for these L4s"
1359867,UNCONFIRMED,"no WHO snapshot for these L4s"
311679,UNCONFIRMED,"no WHO snapshot for these L4s"
1987647,UNCONFIRMED,"no WHO snapshot for these L4s"
899127,UNCONFIRMED,"no WHO snapshot for these L4s"
2055291,UNCONFIRMED,"no WHO snapshot for these L4s"
761907,GAP,"resolver status L4_ONLY"
308487,UNCONFIRMED,"no WHO snapshot for these L4s"
200079,GAP,"resolver status L4_ONLY"
998499,UNCONFIRMED,"no WHO snapshot for these L4s"
310215,GAP,"no L5 codes"
310971,UNCONFIRMED,"no WHO snapshot for these L4s"
1992531,GAP,"resolver status L4_ONLY"
1189611,GAP,"resolver status L4_ONLY"
578355,UNCONFIRMED,"no WHO snapshot for these L4s"
1052943,UNCONFIRMED,"no WHO snapshot for these L4s"
351543,UNCONFIRMED,"no WHO snapshot for these L4s"
855687,UNCONFIRMED,"no WHO snapshot for these L4s"
313035,UNCONFIRMED,"no WHO snapshot for these L4s"
2108859,GAP,"resolver status L4_ONLY"
1094427,GAP,"resolver status RETIRED_NO_REMAP"
603879,UNCONFIRMED,"no WHO snapshot for these L4s"
1000479,CONFIRMED,"L4 in WHO snapshot"
1653579,GAP,"no L5 codes"
1233687,UNCONFIRMED,"no WHO snapshot for these L4s"
857631,UNCONFIRMED,"no WHO snapshot for these L4s"
1010571,GAP,"resolver status NO_ATC"
1863975,GAP,"resolver status L4_ONLY"
1300719,UNCONFIRMED,"no WHO snapshot for these L4s"
1648203,GAP,"resolver status L4_ONLY"
1247883,UNCONFIRMED,"no WHO snapshot for these L4s"
1435119,UNCONFIRMED,"no WHO snapshot for these L4s"
745647,UNCONFIRMED,"no WHO snapshot for these L4s"
994239,GAP,"resolver status L4_ONLY"
1087167,GAP,"no L5 codes"
630375,UNCONFIRMED,"no WHO snapshot for these L4s"
309243,GAP,"resolver status RETIRED_NO_REMAP"
1098219,UNCONFIRMED,"no WHO snapshot for these L4s"
1192959,GAP,"resolver status RETIRED_NO_REMAP"
857847,UNCONFIRMED,"no WHO snapshot for these L4s"
1010931,UNCONFIRMED,"no WHO snapshot for these L4s"
1046283,UNCONFIRMED,"no WHO snapshot for these L4s"
351291,UNCONFIRMED,"no WHO snapshot for these L4s"
359931,UNCONFIRMED,"no WHO snapshot for these L4s"
849699,UNCONFIRMED,"no WHO snapshot for these L4s"
1094559,GAP,"resolver status RETIRED_NO_REMAP"
204807,UNCONFIRMED,"no WHO snapshot for these L4s"
352335,UNCONFIRMED,"no WHO snapshot for these L4s"
2120199,UNCONFIRMED,"no WHO snapshot for these L4s"
1234563,UNCONFIRMED,"no WHO snapshot for these L4s"
1737723,UNCONFIRMED,"no WHO snapshot for these L4s"
245199,UNCONFIRMED,"no WHO snapshot for these L4s"
1721619,CONFIRMED,"L4 in WHO snapshot"
1014123,GAP,"resolver status L4_ONLY"
307683,CONFIRMED,"L4 in WHO snapshot"
825435,GAP,"resolver status RETIRED_NO_REMAP"
857679,UNCONFIRMED,"no WHO snapshot for these L4s"
1305099,GAP,"no L5 codes"
198039,UNCONFIRMED,"no WHO snapshot for these L4s"
1485099,UNCONFIRMED,"no WHO snapshot for these L4s"
1923579,UNCONFIRMED,"no WHO snapshot for these L4s"
1874139,GAP,"resolver status L4_ONLY"
1370427,GAP,"resolver status L4_ONLY"
866475,UNCONFIRMED,"no WHO snapshot for these L4s"
884223,UNCONFIRMED,"no WHO snapshot for these L4s"
310119,UNCONFIRMED,"no WHO snapshot for these L4s"
644787,GAP,"resolver status L4_ONLY"
992775,UNCONFIRMED,"no WHO snapshot for these L4s"
310863,UNCONFIRMED,"no WHO snapshot for these L4s"
895887,UNCONFIRMED,"no WHO snapshot for these L4s"
315003,UNCONFIRMED,"no WHO snapshot for these L4s"
800979,UNCONFIRMED,"no WHO snapshot for these L4s"
211611,UNCONFIRMED,"no WHO snapshot for these L4s"
1098483,UNCONFIRMED,"no WHO snapshot for these L4s"
579315,UNCONFIRMED,"no WHO snapshot for these L4s"
307743,UNCONFIRMED,"no WHO snapshot for these L4s"
211887,UNCONFIRMED,"no WHO snapshot for these L4s"
1112715,UNCONFIRMED,"no WHO snapshot for these L4s"
1013679,UNCONFIRMED,"no WHO snapshot for these L4s"
860223,UNCONFIRMED,"no WHO snapshot for these L4s"
845523,GAP,"resolver status RETIRED_NO_REMAP"
856935,UNCONFIRMED,"no WHO snapshot for these L4s"
1191,UNCONFIRMED,"no WHO snapshot for these L4s"
1244715,GAP,"resolver status RETIRED_NO_REMAP"
1539891,GAP,"resolver status L4_ONLY"
1244571,UNCONFIRMED,"no WHO snapshot for these L4s"
197739,GAP,"no L5 codes"
1486191,UNCONFIRMED,"no WHO snapshot for these L4s"
1539267,GAP,"resolver status L4_ONLY"
1927959,UNCONFIRMED,"no WHO snapshot for these L4s"
1536999,GAP,"resolver status L4_ONLY"
1300155,UNCONFIRMED,"no WHO snapshot for these L4s"
152571,UNCONFIRMED,"no WHO snapshot for these L4s"
1539435,UNCONFIRMED,"no WHO snapshot for these L4s"
758583,GAP,"resolver status RETIRED_NO_REMAP"
1090623,GAP,"resolver status L4_ONLY"
310467,UNCONFIRMED,"no WHO snapshot for these L4s"
308295,CONFIRMED,"L4 in WHO snapshot"
308151,UNCONFIRMED,"no WHO snapshot for these L4s"
631803,GAP,"resolver status L4_ONLY"
749787,UNCONFIRMED,"no WHO snapshot for these L4s"
880695,UNCONFIRMED,"no WHO snapshot for these L4s"
978579,UNCONFIRMED,"no WHO snapshot for these L4s"
206199,UNCONFIRMED,"no WHO snapshot for these L4s"
348987,UNCONFIRMED,"no WHO snapshot for these L4s"
198315,CONFIRMED,"L4 in WHO snapshot"
213495,UNCONFIRMED,"no WHO snapshot for these L4s"
1041807,UNCONFIRMED,"no WHO snapshot for these L4s"
1046307,UNCONFIRMED,"no WHO snapshot for these L4s"
1091451,GAP,"resolver status RETIRED_NO_REMAP"
210339,UNCONFIRMED,"no WHO snapshot for these L4s"
212427,UNCONFIRMED,"no WHO snapshot for these L4s"
1006683,UNCONFIRMED,"no WHO snapshot for these L4s"
1658091,UNCONFIRMED,"no WHO snapshot for these L4s"
860103,UNCONFIRMED,"no WHO snapshot for these L4s"
314271,GAP,"no L5 codes"
581583,UNCONFIRMED,"no WHO snapshot for these L4s"
1000407,UNCONFIRMED,"no WHO snapshot for these L4s"
1248183,CONFIRMED,"L4 in WHO snapshot"
1537095,CONFIRMED,"L4 in WHO snapshot"
1537071,UNCONFIRMED,"no WHO snapshot for these L4s"
1486983,GAP,"no L5 codes"
1591995,UNCONFIRMED,"no WHO snapshot for these L4s"
1873995,UNCONFIRMED,"no WHO snapshot for these L4s"
1424919,GAP,"resolver status L4_ONLY"
310767,UNCONFIRMED,"no WHO snapshot for these L4s"
2048979,UNCONFIRMED,"no WHO snapshot for these L4s"
205287,GAP,"resolver status RETIRED_NO_REMAP"
1089027,GAP,"resolver status L4_ONLY"
884175,UNCONFIRMED,"no WHO snapshot for these L4s"
351519,UNCONFIRMED,"no WHO snapshot for these L4s"
761979,UNCONFIRMED,"no WHO snapshot for these L4s"
798411,GAP,"resolver status RETIRED_NO_REMAP"
312399,UNCONFIRMED,"no WHO snapshot for these L4s"
315015,GAP,"resolver status RETIRED_NO_REMAP"
352083,UNCONFIRMED,"no WHO snapshot for these L4s"
857859,UNCONFIRMED,"no WHO snapshot for these L4s"
1665675,UNCONFIRMED,"no WHO snapshot for these L4s"
1037115,UNCONFIRMED,"no WHO snapshot for these L4s"
1049091,UNCONFIRMED,"no WHO snapshot for these L4s"
1005855,UNCONFIRMED,"no WHO snapshot for these L4s"
245667,UNCONFIRMED,"no WHO snapshot for these L4s"
2168019,UNCONFIRMED,"no WHO snapshot for these L4s"
1092351,CONFIRMED,"L4 in WHO snapshot"
1094355,GAP,"resolver status L4_ONLY"
1116123,UNCONFIRMED,"no WHO snapshot for these L4s"
860571,UNCONFIRMED,"no WHO snapshot for these L4s"
1014195,GAP,"resolver status L4_ONLY"
1052679,GAP,"resolver status L4_ONLY"
1086243,GAP,"resolver status L4_ONLY"
1086267,UNCONFIRMED,"no WHO snapshot for these L4s"
2173851,UNCONFIRMED,"no WHO snapshot for these L4s"
562395,GAP,"resolver status L4_ONLY"
1360059,UNCONFIRMED,"no WHO snapshot for these L4s"
1363779,UNCONFIRMED,"no WHO snapshot for these L4s"
1549539,UNCONFIRMED,"no WHO snapshot for these L4s"
1600923,GAP,"resolver status RETIRED_NO_REMAP"
1859007,GAP,"resolver status RETIRED_NO_REMAP"
1540359,GAP,"resolver status RETIRED_NO_REMAP"
1373115,GAP,"resolver status L4_ONLY"
731535,UNCONFIRMED,"no WHO snapshot for these L4s"
995043,GAP,"resolver status L4_ONLY"
762003,UNCONFIRMED,"no WHO snapshot for these L4s"
904407,GAP,"resolver status RETIRED_NO_REMAP"
308235,GAP,"resolver status L4_ONLY"
748335,GAP,"resolver status L4_ONLY"
313599,GAP,"resolver status L4_ONLY"
810015,UNCONFIRMED,"no WHO snapshot for these L4s"
546627,GAP,"resolver status RETIRED_NO_REMAP"
1042695,GAP,"resolver status L4_ONLY"
1045335,UNCONFIRMED,"no WHO snapshot for these L4s"
1053423,GAP,"resolver status RETIRED_NO_REMAP"
312891,GAP,"no L5 codes"
213543,UNCONFIRMED,"no WHO snapshot for these L4s"
243783,UNCONFIRMED,"no WHO snapshot for these L4s"
244323,UNCONFIRMED,"no WHO snapshot for these L4s"
1115991,GAP,"resolver status L4_ONLY"
1001679,GAP,"resolver status L4_ONLY"
317055,UNCONFIRMED,"no WHO snapshot for these L4s"
1101339,UNCONFIRMED,"no WHO snapshot for these L4s"
476679,UNCONFIRMED,"no WHO snapshot for these L4s"
1716099,GAP,"resolver status L4_ONLY"
1314399,UNCONFIRMED,"no WHO snapshot for these L4s"
1422927,GAP,"resolver status RETIRED_NO_REMAP"
198207,UNCONFIRMED,"no WHO snapshot for these L4s"
1250631,UNCONFIRMED,"no WHO snapshot for these L4s"
1294395,UNCONFIRMED,"no WHO snapshot for these L4s"
1297983,UNCONFIRMED,"no WHO snapshot for these L4s"
198195,GAP,"resolver status NO_ATC"
753603,GAP,"resolver status L4_ONLY"
352131,GAP,"no L5 codes"
897855,UNCONFIRMED,"no WHO snapshot for these L4s"
993075,UNCONFIRMED,"no WHO snapshot for these L4s"
198531,UNCONFIRMED,"no WHO snapshot for these L4s"
830655,GAP,"resolver status L4_ONLY"
831267,UNCONFIRMED,"no WHO snapshot for these L4s"
1039923,UNCONFIRMED,"no WHO snapshot for these L4s"
237735,GAP,"resolver status RETIRED_NO_REMAP"
1116195,UNCONFIRMED,"no WHO snapshot for these L4s"
1099659,GAP,"resolver status L4_ONLY"
1112895,GAP,"resolver status L4_ONLY"
858795,UNCONFIRMED,"no WHO snapshot for these L4s"
1042815,UNCONFIRMED,"no WHO snapshot for these L4s"
1737459,GAP,"no L5 codes"
243459,UNCONFIRMED,"no WHO snapshot for these L4s"
1013619,UNCONFIRMED,"no WHO snapshot for these L4s"
1050123,GAP,"resolver status RETIRED_NO_REMAP"
284199,UNCONFIRMED,"no WHO snapshot for these L4s"
1043619,GAP,"resolver status L4_ONLY"
204735,UNCONFIRMED,"no WHO snapshot for these L4s"
1367319,UNCONFIRMED,"no WHO snapshot for these L4s"
1547775,UNCONFIRMED,"no WHO snapshot for these L4s"
1242891,UNCONFIRMED,"no WHO snapshot for these L4s"
1305603,GAP,"resolver status L4_ONLY"
1423779,UNCONFIRMED,"no WHO snapshot for these L4s"
1648755,GAP,"resolver status L4_ONLY"
1790175,UNCONFIRMED,"no WHO snapshot for these L4s"
197583,UNCONFIRMED,"no WHO snapshot for these L4s"
1549551,UNCONFIRMED,"no WHO snapshot for these L4s"
1945071,UNCONFIRMED,"no WHO snapshot for these L4s"
1298427,UNCONFIRMED,"no WHO snapshot for these L4s"
895899,UNCONFIRMED,"no WHO snapshot for these L4s"
2048895,UNCONFIRMED,"no WHO snapshot for these L4s"
2047623,GAP,"no L5 codes"
312507,UNCONFIRMED,"no WHO snapshot for these L4s"
669519,GAP,"resolver status RETIRED_NO_REMAP"
905511,UNCONFIRMED,"no WHO snapshot for these L4s"
1190919,GAP,"resolver status L4_ONLY"
546651,UNCONFIRMED,"no WHO snapshot for these L4s"
2184171,UNCONFIRMED,"no WHO snapshot for these L4s"
809559,GAP,"resolver status L4_ONLY"
832731,UNCONFIRMED,"no WHO snapshot for these L4s"
834171,UNCONFIRMED,"no WHO snapshot for these L4s"
1718991,CONFIRMED,"L4 in WHO snapshot"
198879,UNCONFIRMED,"no WHO snapshot for these L4s"
1101879,UNCONFIRMED,"no WHO snapshot for these L4s"
1246227,UNCONFIRMED,"no WHO snapshot for these L4s"
1294491,GAP,"resolver status RETIRED_NO_REMAP"
1789947,UNCONFIRMED,"no WHO snapshot for these L4s"
1797867,UNCONFIRMED,"no WHO snapshot for these L4s"
1304535,GAP,"resolver status RETIRED_NO_REMAP"
1544187,UNCONFIRMED,"no WHO snapshot for these L4s"
1356843,GAP,"resolver status RETIRED_NO_REMAP"
1605123,UNCONFIRMED,"no WHO snapshot for these L4s"
1923327,UNCONFIRMED,"no WHO snapshot for these L4s"
1426827,GAP,"resolver status L4_ONLY"
729783,UNCONFIRMED,"no WHO snapshot for these L4s"
753483,GAP,"resolver status L4_ONLY"
995067,GAP,"resolver status L4_ONLY"
670299,UNCONFIRMED,"no WHO snapshot for these L4s"
701919,UNCONFIRMED,"no WHO snapshot for these L4s"
966747,GAP,"resolver status L4_ONLY"
1090743,GAP,"resolver status L4_ONLY"
389031,UNCONFIRMED,"no WHO snapshot for these L4s"
2000031,UNCONFIRMED,"no WHO snapshot for these L4s"
672519,GAP,"resolver status L4_ONLY"
806859,UNCONFIRMED,"no WHO snapshot for these L4s"
827679,GAP,"resolver status RETIRED_NO_REMAP"
313407,UNCONFIRMED,"no WHO snapshot for these L4s"
484839,GAP,"resolver status RETIRED_NO_REMAP"
1005711,CONFIRMED,"L4 in WHO snapshot"
1010751,GAP,"resolver status L4_ONLY"
1037307,UNCONFIRMED,"no WHO snapshot for these L4s"
1038759,UNCONFIRMED,"no WHO snapshot for these L4s"
1659927,UNCONFIRMED,"no WHO snapshot for these L4s"
1661427,UNCONFIRMED,"no WHO snapshot for these L4s"
1117539,GAP,"resolver status L4_ONLY"
204759,UNCONFIRMED,"no WHO snapshot for these L4s"
830871,UNCONFIRMED,"no WHO snapshot for these L4s"
1147659,UNCONFIRMED,"no WHO snapshot for these L4s"
425319,UNCONFIRMED,"no WHO snapshot for these L4s"
1189683,UNCONFIRMED,"no WHO snapshot for these L4s"
1001691,GAP,"resolver status L4_ONLY"
1730211,GAP,"resolver status RETIRED_NO_REMAP"
1721571,UNCONFIRMED,"no WHO snapshot for these L4s"
200139,UNCONFIRMED,"no WHO snapshot for these L4s"
1242123,UNCONFIRMED,"no WHO snapshot for these L4s"
1251495,GAP,"resolver status L4_ONLY"
1375107,UNCONFIRMED,"no WHO snapshot for these L4s"
644487,GAP,"resolver status RETIRED_NO_REMAP"
897063,GAP,"resolver status L4_ONLY"
904311,GAP,"resolver status L4_ONLY"
308715,GAP,"resolver status L4_ONLY"
2050059,GAP,"no L5 codes"
351603,GAP,"no L5 codes"
749151,UNCONFIRMED,"no WHO snapshot for these L4s"
309699,UNCONFIRMED,"no WHO snapshot for these L4s"
798447,GAP,"no L5 codes"
891867,UNCONFIRMED,"no WHO snapshot for these L4s"
993111,UNCONFIRMED,"no WHO snapshot for these L4s"
312279,CONFIRMED,"L4 in WHO snapshot"
905379,GAP,"resolver status L4_ONLY"
204675,UNCONFIRMED,"no WHO snapshot for these L4s"
2173947,UNCONFIRMED,"no WHO snapshot for these L4s"
1099719,GAP,"resolver status L4_ONLY"
1038795,UNCONFIRMED,"no WHO snapshot for these L4s"
1085691,UNCONFIRMED,"no WHO snapshot for these L4s"
237867,GAP,"resolver status L4_ONLY"
1092591,UNCONFIRMED,"no WHO snapshot for these L4s"
310311,UNCONFIRMED,"no WHO snapshot for these L4s"
211155,CONFIRMED,"L4 in WHO snapshot"
1006707,UNCONFIRMED,"no WHO snapshot for these L4s"
1053855,UNCONFIRMED,"no WHO snapshot for these L4s"
544743,GAP,"no L5 codes"
1047795,GAP,"resolver status L4_ONLY"
259191,GAP,"resolver status L4_ONLY"
1049235,CONFIRMED,"L4 in WHO snapshot"
311415,GAP,"resolver status L4_ONLY"
312183,UNCONFIRMED,"no WHO snapshot for these L4s"
603711,UNCONFIRMED,"no WHO snapshot for these L4s"
1047771,UNCONFIRMED,"no WHO snapshot for these L4s"
262071,UNCONFIRMED,"no WHO snapshot for these L4s"
1664451,CONFIRMED,"L4 in WHO snapshot"
1741311,GAP,"no L5 codes"
1807551,UNCONFIRMED,"no WHO snapshot for these L4s"
1947507,GAP,"resolver status RETIRED_NO_REMAP"
1373379,GAP,"resolver status L4_ONLY"
1293651,GAP,"resolver status RETIRED_NO_REMAP"
1369971,GAP,"resolver status L4_ONLY"
1809471,GAP,"no L5 codes"
1236075,UNCONFIRMED,"no WHO snapshot for these L4s"
905139,UNCONFIRMED,"no WHO snapshot for these L4s"
797463,GAP,"resolver status L4_ONLY"
896967,GAP,"resolver status L4_ONLY"
992451,UNCONFIRMED,"no WHO snapshot for these L4s"
896031,UNCONFIRMED,"no WHO snapshot for these L4s"
308355,CONFIRMED,"L4 in WHO snapshot"
310323,UNCONFIRMED,"no WHO snapshot for these L4s"
2044431,GAP,"resolver status L4_ONLY"
2055315,UNCONFIRMED,"no WHO snapshot for these L4s"
313527,GAP,"no L5 codes"
827751,GAP,"resolver status L4_ONLY"
211587,UNCONFIRMED,"no WHO snapshot for these L4s"
212019,UNCONFIRMED,"no WHO snapshot for these L4s"
1098159,GAP,"no L5 codes"
1189623,GAP,"resolver status L4_ONLY"
805659,UNCONFIRMED,"no WHO snapshot for these L4s"
857583,UNCONFIRMED,"no WHO snapshot for these L4s"
359595,GAP,"resolver status L4_ONLY"
830259,GAP,"resolver status RETIRED_NO_REMAP"
209823,GAP,"resolver status L4_ONLY"
2183679,GAP,"resolver status RETIRED_NO_REMAP"
1664631,CONFIRMED,"L4 in WHO snapshot"
1737567,UNCONFIRMED,"no WHO snapshot for these L4s"
313659,GAP,"resolver status RETIRED_NO_REMAP"
1094451,UNCONFIRMED,"no WHO snapshot for these L4s"
1236015,GAP,"resolver status RETIRED_NO_REMAP"
1359363,GAP,"resolver status L4_ONLY"
1362783,UNCONFIRMED,"no WHO snapshot for these L4s"
1483551,GAP,"resolver status L4_ONLY"
1484775,UNCONFIRMED,"no WHO snapshot for these L4s"
1796079,UNCONFIRMED,"no WHO snapshot for these L4s"
1242399,GAP,"resolver status L4_ONLY"
1372899,UNCONFIRMED,"no WHO snapshot for these L4s"
1370115,GAP,"resolver status RETIRED_NO_REMAP"
1599135,GAP,"no L5 codes"
1248015,GAP,"resolver status L4_ONLY"
1535619,UNCONFIRMED,"no WHO snapshot for these L4s"
310875,UNCONFIRMED,"no WHO snapshot for these L4s"
994839,UNCONFIRMED,"no WHO snapshot for these L4s"
2048259,UNCONFIRMED,"no WHO snapshot for these L4s"
797811,UNCONFIRMED,"no WHO snapshot for these L4s"
861747,UNCONFIRMED,"no WHO snapshot for these L4s"
727347,UNCONFIRMED,"no WHO snapshot for these L4s"
205743,UNCONFIRMED,"no WHO snapshot for these L4s"
1998639,UNCONFIRMED,"no WHO snapshot for these L4s"
806727,GAP,"no L5 codes"
1091511,UNCONFIRMED,"no WHO snapshot for these L4s"
1006695,UNCONFIRMED,"no WHO snapshot for these L4s"
1044579,UNCONFIRMED,"no WHO snapshot for these L4s"
210015,GAP,"resolver status L4_ONLY"
804183,GAP,"resolver status L4_ONLY"
205335,UNCONFIRMED,"no WHO snapshot for these L4s"
2166147,GAP,"resolver status L4_ONLY"
2054223,GAP,"no L5 codes"
210135,UNCONFIRMED,"no WHO snapshot for these L4s"
1011843,UNCONFIRMED,"no WHO snapshot for these L4s"
484671,GAP,"resolver status RETIRED_NO_REMAP"
617247,GAP,"resolver status NO_ATC"
1046355,UNCONFIRMED,"no WHO snapshot for these L4s"
1050951,UNCONFIRMED,"no WHO snapshot for these L4s"
1659915,UNCONFIRMED,"no WHO snapshot for these L4s"
1730187,GAP,"resolver status L4_ONLY"
1869279,UNCONFIRMED,"no WHO snapshot for these L4s"
1862595,UNCONFIRMED,"no WHO snapshot for these L4s"
1439775,GAP,"resolver status RETIRED_NO_REMAP"
1440003,GAP,"resolver status L4_ONLY"
1246383,GAP,"resolver status RETIRED_NO_REMAP"
1649007,UNCONFIRMED,"no WHO snapshot for these L4s"
1876671,GAP,"no L5 codes"
896175,UNCONFIRMED,"no WHO snapshot for these L4s"
750219,UNCONFIRMED,"no WHO snapshot for these L4s"
750255,UNCONFIRMED,"no WHO snapshot for these L4s"
966675,UNCONFIRMED,"no WHO snapshot for these L4s"
309279,UNCONFIRMED,"no WHO snapshot for these L4s"
206331,UNCONFIRMED,"no WHO snapshot for these L4s"
309579,UNCONFIRMED,"no WHO snapshot for these L4s"
198735,GAP,"no L5 codes"
562359,UNCONFIRMED,"no WHO snapshot for these L4s"
1043499,GAP,"resolver status RETIRED_NO_REMAP"
241887,GAP,"resolver status RETIRED_NO_REMAP"
205923,GAP,"no L5 codes"
205671,UNCONFIRMED,"no WHO snapshot for these L4s"
208191,UNCONFIRMED,"no WHO snapshot for these L4s"
1148247,GAP,"resolver status RETIRED_NO_REMAP"
1726119,UNCONFIRMED,"no WHO snapshot for these L4s"
1000731,GAP,"resolver status L4_ONLY"
1731591,UNCONFIRMED,"no WHO snapshot for these L4s"
1741899,GAP,"no L5 codes"
240675,UNCONFIRMED,"no WHO snapshot for these L4s"
284175,GAP,"resolver status L4_ONLY"
1245471,GAP,"resolver status RETIRED_NO_REMAP"
1299219,UNCONFIRMED,"no WHO snapshot for these L4s"
1537947,UNCONFIRMED,"no WHO snapshot for these L4s"
1300191,GAP,"resolver status L4_ONLY"
1367439,GAP,"resolver status L4_ONLY"
1540539,GAP,"resolver status RETIRED_NO_REMAP"
1297935,UNCONFIRMED,"no WHO snapshot for these L4s"
1362063,UNCONFIRMED,"no WHO snapshot for these L4s"
1421163,UNCONFIRMED,"no WHO snapshot for these L4s"
892815,UNCONFIRMED,"no WHO snapshot for these L4s"
1087047,UNCONFIRMED,"no WHO snapshot for these L4s"
1990455,UNCONFIRMED,"no WHO snapshot for these L4s"
308967,UNCONFIRMED,"no WHO snapshot for these L4s"
731007,UNCONFIRMED,"no WHO snapshot for these L4s"
317127,UNCONFIRMED,"no WHO snapshot for these L4s"
198807,GAP,"resolver status RETIRED_NO_REMAP"
854187,UNCONFIRMED,"no WHO snapshot for these L4s"
208131,UNCONFIRMED,"no WHO snapshot for these L4s"
208335,UNCONFIRMED,"no WHO snapshot for these L4s"
210027,UNCONFIRMED,"no WHO snapshot for these L4s"
1192983,UNCONFIRMED,"no WHO snapshot for these L4s"
484491,UNCONFIRMED,"no WHO snapshot for these L4s"
262191,UNCONFIRMED,"no WHO snapshot for these L4s"
201831,UNCONFIRMED,"no WHO snapshot for these L4s"
2122803,GAP,"resolver status RETIRED_NO_REMAP"
999651,GAP,"resolver status L4_ONLY"
1053099,UNCONFIRMED,"no WHO snapshot for these L4s"
1053207,UNCONFIRMED,"no WHO snapshot for these L4s"
282663,GAP,"no L5 codes"
1046787,GAP,"resolver status L4_ONLY"
1721475,UNCONFIRMED,"no WHO snapshot for these L4s"
545103,GAP,"resolver status L4_ONLY"
1801299,UNCONFIRMED,"no WHO snapshot for these L4s"
2049891,UNCONFIRMED,"no WHO snapshot for these L4s"
1052475,UNCONFIRMED,"no WHO snapshot for these L4s"
1242747,GAP,"resolver status L4_ONLY"
1243587,UNCONFIRMED,"no WHO snapshot for these L4s"
1742403,GAP,"no L5 codes"
1544475,UNCONFIRMED,"no WHO snapshot for these L4s"
1251363,CONFIRMED,"L4 in WHO snapshot"
309207,GAP,"resolver status RETIRED_NO_REMAP"
312603,UNCONFIRMED,"no WHO snapshot for these L4s"
687099,UNCONFIRMED,"no WHO snapshot for these L4s"
308847,UNCONFIRMED,"no WHO snapshot for these L4s"
1089087,UNCONFIRMED,"no WHO snapshot for these L4s"
2119083,UNCONFIRMED,"no WHO snapshot for these L4s"
2181315,UNCONFIRMED,"no WHO snapshot for these L4s"
1094007,GAP,"resolver status RETIRED_NO_REMAP"
211731,UNCONFIRMED,"no WHO snapshot for these L4s"
1144131,UNCONFIRMED,"no WHO snapshot for these L4s"
1048047,UNCONFIRMED,"no WHO snapshot for these L4s"
1116927,UNCONFIRMED,"no WHO snapshot for these L4s"
1000563,UNCONFIRMED,"no WHO snapshot for these L4s"
1049655,CONFIRMED,"L4 in WHO snapshot"
346887,UNCONFIRMED,"no WHO snapshot for these L4s"
808611,GAP,"resolver status L4_ONLY"
836307,UNCONFIRMED,"no WHO snapshot for these L4s"
1111095,UNCONFIRMED,"no WHO snapshot for these L4s"
1038855,UNCONFIRMED,"no WHO snapshot for these L4s"
1049295,UNCONFIRMED,"no WHO snapshot for these L4s"
1425315,GAP,"resolver status L4_ONLY"
1302483,CONFIRMED,"L4 in WHO snapshot"
1552035,UNCONFIRMED,"no WHO snapshot for these L4s"
1946979,GAP,"resolver status L4_ONLY"
312519,UNCONFIRMED,"no WHO snapshot for these L4s"
199071,UNCONFIRMED,"no WHO snapshot for these L4s"
313551,UNCONFIRMED,"no WHO snapshot for these L4s"
1087623,UNCONFIRMED,"no WHO snapshot for these L4s"
645459,UNCONFIRMED,"no WHO snapshot for these L4s"
2000019,UNCONFIRMED,"no WHO snapshot for these L4s"
308499,UNCONFIRMED,"no WHO snapshot for these L4s"
205815,UNCONFIRMED,"no WHO snapshot for these L4s"
206295,UNCONFIRMED,"no WHO snapshot for these L4s"
1087779,GAP,"no L5 codes"
831339,UNCONFIRMED,"no WHO snapshot for these L4s"
849651,UNCONFIRMED,"no WHO snapshot for these L4s"
857391,CONFIRMED,"L4 in WHO snapshot"
2108835,GAP,"resolver status L4_ONLY"
615099,GAP,"resolver status L4_ONLY"
616539,GAP,"resolver status L4_ONLY"
1046967,UNCONFIRMED,"no WHO snapshot for these L4s"
238803,UNCONFIRMED,"no WHO snapshot for these L4s"
831531,UNCONFIRMED,"no WHO snapshot for these L4s"
834831,GAP,"resolver status RETIRED_NO_REMAP"
209919,GAP,"resolver status RETIRED_NO_REMAP"
579999,GAP,"resolver status L4_ONLY"
1665447,UNCONFIRMED,"no WHO snapshot for these L4s"
1046835,GAP,"resolver status RETIRED_NO_REMAP"
1085703,UNCONFIRMED,"no WHO snapshot for these L4s"
1302195,UNCONFIRMED,"no WHO snapshot for these L4s"
1356531,UNCONFIRMED,"no WHO snapshot for these L4s"
1362027,GAP,"resolver status RETIRED_NO_REMAP"
1429887,UNCONFIRMED,"no WHO snapshot for these L4s"
1544175,GAP,"resolver status RETIRED_NO_REMAP"
1490415,UNCONFIRMED,"no WHO snapshot for these L4s"
1537911,GAP,"no L5 codes"
1245951,UNCONFIRMED,"no WHO snapshot for these L4s"
1310487,GAP,"resolver status L4_ONLY"
1367211,CONFIRMED,"L4 in WHO snapshot"
1651599,GAP,"resolver status L4_ONLY"
10635,UNCONFIRMED,"no WHO snapshot for these L4s"
1115547,GAP,"resolver status RETIRED_NO_REMAP"
1189803,CONFIRMED,"L4 in WHO snapshot"
1304475,UNCONFIRMED,"no WHO snapshot for these L4s"
1656339,CONFIRMED,"L4 in WHO snapshot"
1797651,GAP,"resolver status RETIRED_NO_REMAP"
1799211,CONFIRMED,"L4 in WHO snapshot"
2017575,UNCONFIRMED,"no WHO snapshot for these L4s"
203211,UNCONFIRMED,"no WHO snapshot for these L4s"
2108907,GAP,"resolver status RETIRED_NO_REMAP"
2268039,UNCONFIRMED,"no WHO snapshot for these L4s"
2639031,UNCONFIRMED,"no WHO snapshot for these L4s"
2639043,UNCONFIRMED,"no WHO snapshot for these L4s"
2700735,UNCONFIRMED,"no WHO snapshot for these L4s"
647235,CONFIRMED,"L4 in WHO snapshot"
81999,UNCONFIRMED,"no WHO snapshot for these L4s"
977427,UNCONFIRMED,"no WHO snapshot for these L4s"
42351,GAP,"no L5 codes"
541803,GAP,"resolver status RETIRED_NO_REMAP"
1424895,UNCONFIRMED,"no WHO snapshot for these L4s"
1347,UNCONFIRMED,"no WHO snapshot for these L4s"
31563,UNCONFIRMED,"no WHO snapshot for these L4s"
4335,UNCONFIRMED,"no WHO snapshot for these L4s"
153171,UNCONFIRMED,"no WHO snapshot for these L4s"
435,UNCONFIRMED,"no WHO snapshot for these L4s"
905211,CONFIRMED,"L4 in WHO snapshot"
2715399,UNCONFIRMED,"no WHO snapshot for these L4s"
725068,UNCONFIRMED,"no WHO snapshot for these L4s"
308272,UNCONFIRMED,"no WHO snapshot for these L4s"
348544,GAP,"resolver status L4_ONLY"
902644,UNCONFIRMED,"no WHO snapshot for these L4s"
645688,UNCONFIRMED,"no WHO snapshot for these L4s"
751864,UNCONFIRMED,"no WHO snapshot for these L4s"
1090972,GAP,"resolver status L4_ONLY"
198556,UNCONFIRMED,"no WHO snapshot for these L4s"
313072,GAP,"no L5 codes"
702316,GAP,"resolver status L4_ONLY"
309280,UNCONFIRMED,"no WHO snapshot for these L4s"
208588,UNCONFIRMED,"no WHO snapshot for these L4s"
2105776,GAP,"resolver status L4_ONLY"
1099084,GAP,"resolver status RETIRED_NO_REMAP"
1116976,GAP,"resolver status L4_ONLY"
857752,UNCONFIRMED,"no WHO snapshot for these L4s"
1053772,UNCONFIRMED,"no WHO snapshot for these L4s"
1234396,GAP,"resolver status L4_ONLY"
1043488,UNCONFIRMED,"no WHO snapshot for these L4s"
1110820,UNCONFIRMED,"no WHO snapshot for these L4s"
1050496,CONFIRMED,"L4 in WHO snapshot"
1039708,UNCONFIRMED,"no WHO snapshot for these L4s"
1041508,GAP,"resolver status RETIRED_NO_REMAP"
809308,GAP,"resolver status RETIRED_NO_REMAP"
848956,UNCONFIRMED,"no WHO snapshot for these L4s"
1101748,UNCONFIRMED,"no WHO snapshot for these L4s"
1789240,GAP,"resolver status RETIRED_NO_REMAP"
1372312,GAP,"resolver status L4_ONLY"
1422064,UNCONFIRMED,"no WHO snapshot for these L4s"
1425448,UNCONFIRMED,"no WHO snapshot for these L4s"
1549312,UNCONFIRMED,"no WHO snapshot for these L4s"
1860100,UNCONFIRMED,"no WHO snapshot for these L4s"
308896,GAP,"resolver status RETIRED_NO_REMAP"
204520,UNCONFIRMED,"no WHO snapshot for these L4s"
995680,GAP,"resolver status RETIRED_NO_REMAP"
861436,UNCONFIRMED,"no WHO snapshot for these L4s"
861580,UNCONFIRMED,"no WHO snapshot for these L4s"
1090000,GAP,"resolver status L4_ONLY"
1087912,UNCONFIRMED,"no WHO snapshot for these L4s"
363592,GAP,"resolver status RETIRED_NO_REMAP"
1112248,GAP,"resolver status L4_ONLY"
1190776,UNCONFIRMED,"no WHO snapshot for these L4s"
406468,UNCONFIRMED,"no WHO snapshot for these L4s"
250912,GAP,"resolver status L4_ONLY"
858664,GAP,"resolver status L4_ONLY"
605320,GAP,"resolver status RETIRED_NO_REMAP"
1050076,UNCONFIRMED,"no WHO snapshot for these L4s"
1657660,UNCONFIRMED,"no WHO snapshot for these L4s"
543460,GAP,"no L5 codes"
1012084,UNCONFIRMED,"no WHO snapshot for these L4s"
248332,GAP,"no L5 codes"
211804,UNCONFIRMED,"no WHO snapshot for these L4s"
1726660,GAP,"resolver status L4_ONLY"
1297288,GAP,"resolver status L4_ONLY"
1483624,UNCONFIRMED,"no WHO snapshot for these L4s"
197428,GAP,"resolver status L4_ONLY"
1242700,GAP,"resolver status RETIRED_NO_REMAP"
1369972,GAP,"resolver status L4_ONLY"
1428880,GAP,"resolver status L4_ONLY"
1305892,GAP,"resolver status L4_ONLY"
1548724,UNCONFIRMED,"no WHO snapshot for these L4s"
1360504,CONFIRMED,"L4 in WHO snapshot"
309916,GAP,"no L5 codes"
310132,UNCONFIRMED,"no WHO snapshot for these L4s"
312988,GAP,"no L5 codes"
618376,GAP,"resolver status RETIRED_NO_REMAP"
198604,GAP,"no L5 codes"
359932,UNCONFIRMED,"no WHO snapshot for these L4s"
800644,GAP,"resolver status L4_ONLY"
750268,UNCONFIRMED,"no WHO snapshot for these L4s"
723520,UNCONFIRMED,"no WHO snapshot for these L4s"
749872,UNCONFIRMED,"no WHO snapshot for these L4s"
312880,GAP,"no L5 codes"
308368,UNCONFIRMED,"no WHO snapshot for these L4s"
2048956,UNCONFIRMED,"no WHO snapshot for these L4s"
2122900,UNCONFIRMED,"no WHO snapshot for these L4s"
1115800,GAP,"resolver status L4_ONLY"
1042852,UNCONFIRMED,"no WHO snapshot for these L4s"
1045420,UNCONFIRMED,"no WHO snapshot for these L4s"
1190560,GAP,"resolver status L4_ONLY"
1043716,GAP,"resolver status RETIRED_NO_REMAP"
830536,UNCONFIRMED,"no WHO snapshot for these L4s"
848176,UNCONFIRMED,"no WHO snapshot for these L4s"
211372,UNCONFIRMED,"no WHO snapshot for these L4s"
828364,GAP,"resolver status L4_ONLY"
2184088,GAP,"resolver status L4_ONLY"
1669864,GAP,"resolver status L4_ONLY"
1744840,UNCONFIRMED,"no WHO snapshot for these L4s"
1302760,GAP,"resolver status RETIRED_NO_REMAP"
1305100,UNCONFIRMED,"no WHO snapshot for these L4s"
1737724,UNCONFIRMED,"no WHO snapshot for these L4s"
618028,CONFIRMED,"L4 in WHO snapshot"
755536,GAP,"resolver status RETIRED_NO_REMAP"
762820,GAP,"resolver status RETIRED_NO_REMAP"
891820,GAP,"resolver status L4_ONLY"
891136,UNCONFIRMED,"no WHO snapshot for these L4s"
763228,UNCONFIRMED,"no WHO snapshot for these L4s"
832864,UNCONFIRMED,"no WHO snapshot for these L4s"
209104,GAP,"resolver status RETIRED_NO_REMAP"
2109088,UNCONFIRMED,"no WHO snapshot for these L4s"
213664,UNCONFIRMED,"no WHO snapshot for these L4s"
1085644,UNCONFIRMED,"no WHO snapshot for these L4s"
1085992,UNCONFIRMED,"no WHO snapshot for these L4s"
1086316,UNCONFIRMED,"no WHO snapshot for these L4s"
377500,GAP,"resolver status L4_ONLY"
846148,UNCONFIRMED,"no WHO snapshot for these L4s"
2102464,GAP,"no L5 codes"
1087180,CONFIRMED,"L4 in WHO snapshot"
2108020,UNCONFIRMED,"no WHO snapshot for these L4s"
1150984,GAP,"resolver status RETIRED_NO_REMAP"
858772,CONFIRMED,"L4 in WHO snapshot"
859216,UNCONFIRMED,"no WHO snapshot for these L4s"
1667872,UNCONFIRMED,"no WHO snapshot for these L4s"
1234552,GAP,"resolver status L4_ONLY"
1000672,UNCONFIRMED,"no WHO snapshot for these L4s"
213556,UNCONFIRMED,"no WHO snapshot for these L4s"
1101940,UNCONFIRMED,"no WHO snapshot for these L4s"
261280,UNCONFIRMED,"no WHO snapshot for these L4s"
1653484,GAP,"no L5 codes"
1545688,UNCONFIRMED,"no WHO snapshot for these L4s"
1249096,UNCONFIRMED,"no WHO snapshot for these L4s"
1358416,GAP,"resolver status RETIRED_NO_REMAP"
1741420,GAP,"no L5 codes"
1855744,UNCONFIRMED,"no WHO snapshot for these L4s"
1245976,GAP,"no L5 codes"
1442980,GAP,"no L5 codes"
312016,UNCONFIRMED,"no WHO snapshot for these L4s"
687064,CONFIRMED,"L4 in WHO snapshot"
654208,UNCONFIRMED,"no WHO snapshot for these L4s"
310684,UNCONFIRMED,"no WHO snapshot for these L4s"
1088800,GAP,"resolver status L4_ONLY"
308296,CONFIRMED,"L4 in WHO snapshot"
198304,UNCONFIRMED,"no WHO snapshot for these L4s"
808900,GAP,"resolver status L4_ONLY"
644992,GAP,"resolver status RETIRED_NO_REMAP"
308596,GAP,"resolver status RETIRED_NO_REMAP"
834784,UNCONFIRMED,"no WHO snapshot for these L4s"
802720,UNCONFIRMED,"no WHO snapshot for these L4s"
1234240,UNCONFIRMED,"no WHO snapshot for these L4s"
544768,GAP,"resolver status RETIRED_NO_REMAP"
1020364,UNCONFIRMED,"no WHO snapshot for these L4s"
836368,UNCONFIRMED,"no WHO snapshot for these L4s"
1090468,GAP,"resolver status L4_ONLY"
218860,GAP,"resolver status L4_ONLY"
1146712,GAP,"resolver status RETIRED_NO_REMAP"
1000072,UNCONFIRMED,"no WHO snapshot for these L4s"
1012228,GAP,"resolver status L4_ONLY"
416212,GAP,"no L5 codes"
1046644,GAP,"resolver status L4_ONLY"
1723996,UNCONFIRMED,"no WHO snapshot for these L4s"
1807552,UNCONFIRMED,"no WHO snapshot for these L4s"
1809508,GAP,"resolver status RETIRED_NO_REMAP"
1439968,UNCONFIRMED,"no WHO snapshot for these L4s"
1442848,UNCONFIRMED,"no WHO snapshot for these L4s"
1537336,GAP,"resolver status L4_ONLY"
1795612,GAP,"no L5 codes"
1422172,UNCONFIRMED,"no WHO snapshot for these L4s"
1248448,UNCONFIRMED,"no WHO snapshot for these L4s"
1427392,GAP,"resolver status L4_ONLY"
1545172,UNCONFIRMED,"no WHO snapshot for these L4s"
1485220,GAP,"no L5 codes"
701476,GAP,"resolver status RETIRED_NO_REMAP"
692836,GAP,"resolver status L4_ONLY"
730780,GAP,"no L5 codes"
903316,UNCONFIRMED,"no WHO snapshot for these L4s"
91348,UNCONFIRMED,"no WHO snapshot for these L4s"
750244,GAP,"resolver status L4_ONLY"
1995136,GAP,"resolver status L4_ONLY"
2058508,GAP,"resolver status L4_ONLY"
199012,UNCONFIRMED,"no WHO snapshot for these L4s"
313144,UNCONFIRMED,"no WHO snapshot for these L4s"
358912,UNCONFIRMED,"no WHO snapshot for these L4s"
213088,CONFIRMED,"L4 in WHO snapshot"
1044412,GAP,"no L5 codes"
213568,UNCONFIRMED,"no WHO snapshot for these L4s"
1189036,UNCONFIRMED,"no WHO snapshot for these L4s"
857824,UNCONFIRMED,"no WHO snapshot for these L4s"
1012000,UNCONFIRMED,"no WHO snapshot for these L4s"
2173936,UNCONFIRMED,"no WHO snapshot for these L4s"
562360,GAP,"no L5 codes"
237736,GAP,"resolver status RETIRED_NO_REMAP"
311488,GAP,"resolver status NO_ATC"
1047040,UNCONFIRMED,"no WHO snapshot for these L4s"
1795480,GAP,"no L5 codes"
1546288,GAP,"resolver status L4_ONLY"
1867552,UNCONFIRMED,"no WHO snapshot for these L4s"
1246528,GAP,"resolver status L4_ONLY"
1927660,UNCONFIRMED,"no WHO snapshot for these L4s"
1369756,GAP,"resolver status L4_ONLY"
1251688,UNCONFIRMED,"no WHO snapshot for these L4s"
206296,UNCONFIRMED,"no WHO snapshot for these L4s"
727492,GAP,"no L5 codes"
310972,UNCONFIRMED,"no WHO snapshot for these L4s"
311092,UNCONFIRMED,"no WHO snapshot for these L4s"
856720,CONFIRMED,"L4 in WHO snapshot"
1148644,GAP,"resolver status L4_ONLY"
404536,GAP,"resolver status L4_ONLY"
1000060,UNCONFIRMED,"no WHO snapshot for these L4s"
1046512,UNCONFIRMED,"no WHO snapshot for these L4s"
213916,GAP,"resolver status RETIRED_NO_REMAP"
226552,UNCONFIRMED,"no WHO snapshot for these L4s"
205744,UNCONFIRMED,"no WHO snapshot for these L4s"
1666372,UNCONFIRMED,"no WHO snapshot for these L4s"
1006684,UNCONFIRMED,"no WHO snapshot for these L4s"
1656292,GAP,"resolver status RETIRED_NO_REMAP"
1654672,GAP,"resolver status RETIRED_NO_REMAP"
2107300,GAP,"resolver status L4_ONLY"
1047508,UNCONFIRMED,"no WHO snapshot for these L4s"
1922512,UNCONFIRMED,"no WHO snapshot for these L4s"
1307224,GAP,"resolver status RETIRED_NO_REMAP"
1358764,UNCONFIRMED,"no WHO snapshot for these L4s"
1370752,UNCONFIRMED,"no WHO snapshot for these L4s"
1596424,UNCONFIRMED,"no WHO snapshot for these L4s"
1307104,UNCONFIRMED,"no WHO snapshot for these L4s"
1596940,UNCONFIRMED,"no WHO snapshot for these L4s"
670084,UNCONFIRMED,"no WHO snapshot for these L4s"
755812,GAP,"resolver status RETIRED_NO_REMAP"
2049016,UNCONFIRMED,"no WHO snapshot for these L4s"
996196,GAP,"no L5 codes"
892336,GAP,"resolver status L4_ONLY"
991180,UNCONFIRMED,"no WHO snapshot for these L4s"
198472,UNCONFIRMED,"no WHO snapshot for these L4s"
209008,UNCONFIRMED,"no WHO snapshot for these L4s"
2178016,UNCONFIRMED,"no WHO snapshot for these L4s"
1010248,GAP,"resolver status NO_ATC"
1049224,UNCONFIRMED,"no WHO snapshot for these L4s"
247816,GAP,"resolver status L4_ONLY"
1114840,UNCONFIRMED,"no WHO snapshot for these L4s"
1053712,UNCONFIRMED,"no WHO snapshot for these L4s"
1086028,UNCONFIRMED,"no WHO snapshot for these L4s"
238600,GAP,"no L5 codes"
205864,UNCONFIRMED,"no WHO snapshot for these L4s"
1101952,UNCONFIRMED,"no WHO snapshot for these L4s"
1037164,GAP,"resolver status L4_ONLY"
1049908,UNCONFIRMED,"no WHO snapshot for these L4s"
308080,CONFIRMED,"L4 in WHO snapshot"
1001476,UNCONFIRMED,"no WHO snapshot for these L4s"
1010836,UNCONFIRMED,"no WHO snapshot for these L4s"
1654912,UNCONFIRMED,"no WHO snapshot for these L4s"
1010608,CONFIRMED,"L4 in WHO snapshot"
1658236,UNCONFIRMED,"no WHO snapshot for these L4s"
1992304,UNCONFIRMED,"no WHO snapshot for these L4s"
211396,UNCONFIRMED,"no WHO snapshot for these L4s"
1795252,GAP,"resolver status L4_ONLY"
1543432,GAP,"resolver status L4_ONLY"
1550968,GAP,"resolver status L4_ONLY"
1863988,GAP,"resolver status L4_ONLY"
1876516,UNCONFIRMED,"no WHO snapshot for these L4s"
1742404,GAP,"no L5 codes"
1495480,GAP,"no L5 codes"
1359916,UNCONFIRMED,"no WHO snapshot for these L4s"
685576,UNCONFIRMED,"no WHO snapshot for these L4s"
688708,UNCONFIRMED,"no WHO snapshot for these L4s"
900364,UNCONFIRMED,"no WHO snapshot for these L4s"
802696,CONFIRMED,"L4 in WHO snapshot"
637168,GAP,"no L5 codes"
313000,GAP,"no L5 codes"
313408,UNCONFIRMED,"no WHO snapshot for these L4s"
801112,GAP,"resolver status L4_ONLY"
801136,GAP,"resolver status L4_ONLY"
210820,UNCONFIRMED,"no WHO snapshot for these L4s"
2117608,UNCONFIRMED,"no WHO snapshot for these L4s"
1094584,GAP,"resolver status RETIRED_NO_REMAP"
860044,UNCONFIRMED,"no WHO snapshot for these L4s"
1046548,UNCONFIRMED,"no WHO snapshot for these L4s"
1085680,UNCONFIRMED,"no WHO snapshot for these L4s"
1046560,UNCONFIRMED,"no WHO snapshot for these L4s"
1099756,UNCONFIRMED,"no WHO snapshot for these L4s"
1052620,GAP,"resolver status L4_ONLY"
809572,GAP,"resolver status L4_ONLY"
1989112,UNCONFIRMED,"no WHO snapshot for these L4s"
854764,UNCONFIRMED,"no WHO snapshot for these L4s"
1673788,CONFIRMED,"L4 in WHO snapshot"
1010980,GAP,"resolver status L4_ONLY"
2104192,UNCONFIRMED,"no WHO snapshot for these L4s"
284296,GAP,"resolver status RETIRED_NO_REMAP"
1659592,CONFIRMED,"L4 in WHO snapshot"
1804384,GAP,"resolver status L4_ONLY"
1294036,UNCONFIRMED,"no WHO snapshot for these L4s"
1598068,UNCONFIRMED,"no WHO snapshot for these L4s"
1245616,GAP,"resolver status L4_ONLY"
1251928,GAP,"resolver status L4_ONLY"
1291672,UNCONFIRMED,"no WHO snapshot for these L4s"
1430524,GAP,"resolver status RETIRED_NO_REMAP"
1372924,GAP,"resolver status RETIRED_NO_REMAP"
1301848,GAP,"no L5 codes"
1363408,UNCONFIRMED,"no WHO snapshot for these L4s"
631504,UNCONFIRMED,"no WHO snapshot for these L4s"
744868,GAP,"resolver status L4_ONLY"
885568,UNCONFIRMED,"no WHO snapshot for these L4s"
204676,UNCONFIRMED,"no WHO snapshot for these L4s"
309316,UNCONFIRMED,"no WHO snapshot for these L4s"
1090012,UNCONFIRMED,"no WHO snapshot for these L4s"
1233208,UNCONFIRMED,"no WHO snapshot for these L4s"
858064,UNCONFIRMED,"no WHO snapshot for these L4s"
1012264,UNCONFIRMED,"no WHO snapshot for these L4s"
1191400,UNCONFIRMED,"no WHO snapshot for these L4s"
204808,UNCONFIRMED,"no WHO snapshot for these L4s"
1005808,UNCONFIRMED,"no WHO snapshot for these L4s"
1673296,GAP,"resolver status L4_ONLY"
1013044,UNCONFIRMED,"no WHO snapshot for these L4s"
1665508,UNCONFIRMED,"no WHO snapshot for these L4s"
1044532,UNCONFIRMED,"no WHO snapshot for these L4s"
856792,CONFIRMED,"L4 in WHO snapshot"
1190740,GAP,"resolver status L4_ONLY"
210760,UNCONFIRMED,"no WHO snapshot for these L4s"
1366636,GAP,"resolver status RETIRED_NO_REMAP"
1742224,GAP,"no L5 codes"
1299244,GAP,"resolver status L4_ONLY"
1424872,GAP,"resolver status L4_ONLY"
1945072,UNCONFIRMED,"no WHO snapshot for these L4s"
1358632,GAP,"resolver status RETIRED_NO_REMAP"
1367428,GAP,"resolver status RETIRED_NO_REMAP"
1541104,UNCONFIRMED,"no WHO snapshot for these L4s"
1421620,GAP,"resolver status L4_ONLY"
1543552,UNCONFIRMED,"no WHO snapshot for these L4s"
309208,GAP,"resolver status RETIRED_NO_REMAP"
308848,UNCONFIRMED,"no WHO snapshot for these L4s"
790888,UNCONFIRMED,"no WHO snapshot for these L4s"
755980,GAP,"resolver status RETIRED_NO_REMAP"
863836,GAP,"resolver status L4_ONLY"
198952,GAP,"no L5 codes"
2045140,UNCONFIRMED,"no WHO snapshot for these L4s"
797452,UNCONFIRMED,"no WHO snapshot for these L4s"
1996204,GAP,"resolver status L4_ONLY"
2001424,CONFIRMED,"L4 in WHO snapshot"
352336,UNCONFIRMED,"no WHO snapshot for these L4s"
209704,UNCONFIRMED,"no WHO snapshot for these L4s"
1234576,UNCONFIRMED,"no WHO snapshot for these L4s"
1011820,UNCONFIRMED,"no WHO snapshot for these L4s"
1052416,GAP,"resolver status L4_ONLY"
251380,GAP,"no L5 codes"
403840,UNCONFIRMED,"no WHO snapshot for these L4s"
996736,GAP,"resolver status L4_ONLY"
855628,UNCONFIRMED,"no WHO snapshot for these L4s"
2182348,GAP,"resolver status RETIRED_NO_REMAP"
999832,UNCONFIRMED,"no WHO snapshot for these L4s"
860236,UNCONFIRMED,"no WHO snapshot for these L4s"
485788,UNCONFIRMED,"no WHO snapshot for these L4s"
581584,UNCONFIRMED,"no WHO snapshot for these L4s"
859228,GAP,"resolver status RETIRED_NO_REMAP"
1091092,GAP,"no L5 codes"
210340,UNCONFIRMED,"no WHO snapshot for these L4s"
1658260,CONFIRMED,"L4 in WHO snapshot"
1858984,UNCONFIRMED,"no WHO snapshot for these L4s"
1297564,UNCONFIRMED,"no WHO snapshot for these L4s"
1440184,UNCONFIRMED,"no WHO snapshot for these L4s"
1494064,UNCONFIRMED,"no WHO snapshot for these L4s"
1248052,GAP,"resolver status RETIRED_NO_REMAP"
1293040,UNCONFIRMED,"no WHO snapshot for these L4s"
1361692,GAP,"no L5 codes"
1543072,GAP,"resolver status L4_ONLY"
1920976,UNCONFIRMED,"no WHO snapshot for these L4s"
1293268,GAP,"resolver status L4_ONLY"
861844,UNCONFIRMED,"no WHO snapshot for these L4s"
2003668,GAP,"resolver status L4_ONLY"
866404,GAP,"resolver status L4_ONLY"
749848,UNCONFIRMED,"no WHO snapshot for these L4s"
2001364,GAP,"resolver status L4_ONLY"
992668,UNCONFIRMED,"no WHO snapshot for these L4s"
1095532,GAP,"resolver status RETIRED_NO_REMAP"
1116568,GAP,"resolver status L4_ONLY"
1010740,UNCONFIRMED,"no WHO snapshot for these L4s"
1044196,UNCONFIRMED,"no WHO snapshot for these L4s"
261400,GAP,"resolver status RETIRED_NO_REMAP"
207640,UNCONFIRMED,"no WHO snapshot for these L4s"
212332,GAP,"no L5 codes"
1114372,UNCONFIRMED,"no WHO snapshot for these L4s"
349168,UNCONFIRMED,"no WHO snapshot for these L4s"
857404,UNCONFIRMED,"no WHO snapshot for these L4s"
211684,UNCONFIRMED,"no WHO snapshot for these L4s"
542512,UNCONFIRMED,"no WHO snapshot for these L4s"
860656,UNCONFIRMED,"no WHO snapshot for these L4s"
1000888,UNCONFIRMED,"no WHO snapshot for these L4s"
1012984,GAP,"resolver status L4_ONLY"
603820,GAP,"resolver status RETIRED_NO_REMAP"
211108,UNCONFIRMED,"no WHO snapshot for these L4s"
210076,UNCONFIRMED,"no WHO snapshot for these L4s"
858136,UNCONFIRMED,"no WHO snapshot for these L4s"
1795348,GAP,"resolver status L4_ONLY"
1244008,UNCONFIRMED,"no WHO snapshot for these L4s"
1250488,UNCONFIRMED,"no WHO snapshot for these L4s"
1301152,UNCONFIRMED,"no WHO snapshot for these L4s"
1364272,UNCONFIRMED,"no WHO snapshot for these L4s"
1425352,UNCONFIRMED,"no WHO snapshot for these L4s"
1489300,GAP,"resolver status RETIRED_NO_REMAP"
1493512,GAP,"resolver status L4_ONLY"
1737568,UNCONFIRMED,"no WHO snapshot for these L4s"
1376380,UNCONFIRMED,"no WHO snapshot for these L4s"
1297960,UNCONFIRMED,"no WHO snapshot for these L4s"
1546588,GAP,"no L5 codes"
1542820,GAP,"no L5 codes"
1855732,UNCONFIRMED,"no WHO snapshot for these L4s"
618784,GAP,"resolver status RETIRED_NO_REMAP"
636568,GAP,"resolver status L4_ONLY"
731572,UNCONFIRMED,"no WHO snapshot for these L4s"
898396,UNCONFIRMED,"no WHO snapshot for these L4s"
803308,UNCONFIRMED,"no WHO snapshot for these L4s"
995440,GAP,"resolver status L4_ONLY"
834160,UNCONFIRMED,"no WHO snapshot for these L4s"
647416,GAP,"no L5 codes"
754744,UNCONFIRMED,"no WHO snapshot for these L4s"
206512,UNCONFIRMED,"no WHO snapshot for these L4s"
261184,UNCONFIRMED,"no WHO snapshot for these L4s"
584296,UNCONFIRMED,"no WHO snapshot for these L4s"
11248,UNCONFIRMED,"no WHO snapshot for these L4s"
348568,UNCONFIRMED,"no WHO snapshot for these L4s"
804544,UNCONFIRMED,"no WHO snapshot for these L4s"
847708,UNCONFIRMED,"no WHO snapshot for these L4s"
1092412,CONFIRMED,"L4 in WHO snapshot"
1098592,UNCONFIRMED,"no WHO snapshot for these L4s"
2045632,UNCONFIRMED,"no WHO snapshot for these L4s"
210208,GAP,"no L5 codes"
1094740,GAP,"resolver status L4_ONLY"
1038856,UNCONFIRMED,"no WHO snapshot for these L4s"
1658044,UNCONFIRMED,"no WHO snapshot for these L4s"
1739992,UNCONFIRMED,"no WHO snapshot for these L4s"
1795168,GAP,"resolver status L4_ONLY"
1720768,GAP,"resolver status RETIRED_NO_REMAP"
800812,GAP,"resolver status L4_ONLY"
1809436,GAP,"no L5 codes"
1809220,GAP,"resolver status RETIRED_NO_REMAP"
141868,UNCONFIRMED,"no WHO snapshot for these L4s"
1430404,GAP,"resolver status L4_ONLY"
1809580,GAP,"no L5 codes"
687196,GAP,"resolver status L4_ONLY"
310228,GAP,"resolver status L4_ONLY"
308524,UNCONFIRMED,"no WHO snapshot for these L4s"
206344,UNCONFIRMED,"no WHO snapshot for these L4s"
1090456,UNCONFIRMED,"no WHO snapshot for these L4s"
211072,UNCONFIRMED,"no WHO snapshot for these L4s"
1116532,GAP,"resolver status L4_ONLY"
240448,GAP,"no L5 codes"
251404,UNCONFIRMED,"no WHO snapshot for these L4s"
245020,UNCONFIRMED,"no WHO snapshot for these L4s"
307828,UNCONFIRMED,"no WHO snapshot for these L4s"
1100896,UNCONFIRMED,"no WHO snapshot for these L4s"
1191376,GAP,"resolver status L4_ONLY"
857764,UNCONFIRMED,"no WHO snapshot for these L4s"
1241824,UNCONFIRMED,"no WHO snapshot for these L4s"
1423720,UNCONFIRMED,"no WHO snapshot for these L4s"
1919512,UNCONFIRMED,"no WHO snapshot for these L4s"
1927024,GAP,"resolver status L4_ONLY"
1310944,UNCONFIRMED,"no WHO snapshot for these L4s"
1312408,UNCONFIRMED,"no WHO snapshot for these L4s"
198208,UNCONFIRMED,"no WHO snapshot for these L4s"
1442992,UNCONFIRMED,"no WHO snapshot for these L4s"
731560,GAP,"resolver status RETIRED_NO_REMAP"
404176,GAP,"resolver status L4_ONLY"
404284,UNCONFIRMED,"no WHO snapshot for these L4s"
707680,GAP,"resolver status RETIRED_NO_REMAP"
1091200,GAP,"resolver status RETIRED_NO_REMAP"
1116148,GAP,"resolver status L4_ONLY"
404044,UNCONFIRMED,"no WHO snapshot for these L4s"
562300,UNCONFIRMED,"no WHO snapshot for these L4s"
1053364,UNCONFIRMED,"no WHO snapshot for these L4s"
283420,UNCONFIRMED,"no WHO snapshot for these L4s"
1001056,UNCONFIRMED,"no WHO snapshot for these L4s"
833104,CONFIRMED,"L4 in WHO snapshot"
857836,UNCONFIRMED,"no WHO snapshot for these L4s"
860272,UNCONFIRMED,"no WHO snapshot for these L4s"
1012888,GAP,"resolver status RETIRED_NO_REMAP"
1736656,UNCONFIRMED,"no WHO snapshot for these L4s"
1000948,UNCONFIRMED,"no WHO snapshot for these L4s"
238936,UNCONFIRMED,"no WHO snapshot for these L4s"
243508,UNCONFIRMED,"no WHO snapshot for these L4s"
285028,CONFIRMED,"L4 in WHO snapshot"
1094560,GAP,"no L5 codes"
1243780,CONFIRMED,"L4 in WHO snapshot"
1244908,UNCONFIRMED,"no WHO snapshot for these L4s"
1294192,GAP,"resolver status RETIRED_NO_REMAP"
1371196,GAP,"resolver status L4_ONLY"
1294216,UNCONFIRMED,"no WHO snapshot for these L4s"
1729444,GAP,"no L5 codes"
1242088,GAP,"resolver status RETIRED_NO_REMAP"
1363648,UNCONFIRMED,"no WHO snapshot for these L4s"
1244632,UNCONFIRMED,"no WHO snapshot for these L4s"
1542988,UNCONFIRMED,"no WHO snapshot for these L4s"
1487296,GAP,"resolver status L4_ONLY"
758020,GAP,"resolver status L4_ONLY"
206368,UNCONFIRMED,"no WHO snapshot for these L4s"
312220,UNCONFIRMED,"no WHO snapshot for these L4s"
206032,UNCONFIRMED,"no WHO snapshot for these L4s"
744628,CONFIRMED,"L4 in WHO snapshot"
992440,UNCONFIRMED,"no WHO snapshot for these L4s"
312604,UNCONFIRMED,"no WHO snapshot for these L4s"
978676,UNCONFIRMED,"no WHO snapshot for these L4s"
310156,UNCONFIRMED,"no WHO snapshot for these L4s"
317104,UNCONFIRMED,"no WHO snapshot for these L4s"
1150120,UNCONFIRMED,"no WHO snapshot for these L4s"
858364,UNCONFIRMED,"no WHO snapshot for these L4s"
209884,GAP,"no L5 codes"
212584,GAP,"no L5 codes"
1112908,GAP,"resolver status RETIRED_NO_REMAP"
310876,UNCONFIRMED,"no WHO snapshot for these L4s"
200044,GAP,"resolver status RETIRED_NO_REMAP"
313996,UNCONFIRMED,"no WHO snapshot for these L4s"
849304,GAP,"resolver status L4_ONLY"
210040,UNCONFIRMED,"no WHO snapshot for these L4s"
1111756,GAP,"resolver status RETIRED_NO_REMAP"
211336,UNCONFIRMED,"no WHO snapshot for these L4s"
1722676,UNCONFIRMED,"no WHO snapshot for these L4s"
1721476,UNCONFIRMED,"no WHO snapshot for these L4s"
259240,CONFIRMED,"L4 in WHO snapshot"
207292,UNCONFIRMED,"no WHO snapshot for these L4s"
346204,UNCONFIRMED,"no WHO snapshot for these L4s"
847720,UNCONFIRMED,"no WHO snapshot for these L4s"
1721428,GAP,"resolver status L4_ONLY"
1293640,UNCONFIRMED,"no WHO snapshot for these L4s"
260452,GAP,"resolver status RETIRED_NO_REMAP"
1294312,GAP,"resolver status L4_ONLY"
1376068,UNCONFIRMED,"no WHO snapshot for these L4s"
1245376,GAP,"no L5 codes"
1487524,GAP,"resolver status L4_ONLY"
1375948,GAP,"resolver status L4_ONLY"
1300108,GAP,"resolver status RETIRED_NO_REMAP"
1855072,UNCONFIRMED,"no WHO snapshot for these L4s"
656680,UNCONFIRMED,"no WHO snapshot for these L4s"
317152,GAP,"no L5 codes"
750184,UNCONFIRMED,"no WHO snapshot for these L4s"
92584,UNCONFIRMED,"no WHO snapshot for these L4s"
308824,UNCONFIRMED,"no WHO snapshot for these L4s"
701392,UNCONFIRMED,"no WHO snapshot for these L4s"
198760,UNCONFIRMED,"no WHO snapshot for these L4s"
1234456,UNCONFIRMED,"no WHO snapshot for these L4s"
1012312,UNCONFIRMED,"no WHO snapshot for these L4s"
198316,CONFIRMED,"L4 in WHO snapshot"
2001748,UNCONFIRMED,"no WHO snapshot for these L4s"
208192,UNCONFIRMED,"no WHO snapshot for these L4s"
1091020,GAP,"resolver status L4_ONLY"
485560,GAP,"resolver status L4_ONLY"
577372,UNCONFIRMED,"no WHO snapshot for these L4s"
1114096,UNCONFIRMED,"no WHO snapshot for these L4s"
1150492,UNCONFIRMED,"no WHO snapshot for these L4s"
1191136,GAP,"no L5 codes"
205912,GAP,"no L5 codes"
544684,GAP,"resolver status RETIRED_NO_REMAP"
617296,CONFIRMED,"L4 in WHO snapshot"
1308436,GAP,"resolver status RETIRED_NO_REMAP"
1367380,UNCONFIRMED,"no WHO snapshot for these L4s"
1422076,UNCONFIRMED,"no WHO snapshot for these L4s"
1422892,UNCONFIRMED,"no WHO snapshot for these L4s"
1811632,GAP,"resolver status L4_ONLY"
1236148,GAP,"resolver status L4_ONLY"
1867612,GAP,"resolver status L4_ONLY"
1242520,UNCONFIRMED,"no WHO snapshot for these L4s"
1544968,GAP,"resolver status L4_ONLY"
1292020,UNCONFIRMED,"no WHO snapshot for these L4s"
1369420,GAP,"resolver status L4_ONLY"
198412,UNCONFIRMED,"no WHO snapshot for these L4s"
756352,UNCONFIRMED,"no WHO snapshot for these L4s"
877516,UNCONFIRMED,"no WHO snapshot for these L4s"
308224,GAP,"resolver status L4_ONLY"
311428,UNCONFIRMED,"no WHO snapshot for these L4s"
393256,GAP,"resolver status RETIRED_NO_REMAP"
809536,GAP,"resolver status L4_ONLY"
312100,UNCONFIRMED,"no WHO snapshot for these L4s"
199864,GAP,"resolver status L4_ONLY"
211228,UNCONFIRMED,"no WHO snapshot for these L4s"
1116136,UNCONFIRMED,"no WHO snapshot for these L4s"
1190692,UNCONFIRMED,"no WHO snapshot for these L4s"
615100,GAP,"resolver status L4_ONLY"
1005712,CONFIRMED,"L4 in WHO snapshot"
2184172,UNCONFIRMED,"no WHO snapshot for these L4s"
260392,UNCONFIRMED,"no WHO snapshot for these L4s"
2003344,UNCONFIRMED,"no WHO snapshot for these L4s"
849400,UNCONFIRMED,"no WHO snapshot for these L4s"
2118448,UNCONFIRMED,"no WHO snapshot for these L4s"
210604,GAP,"resolver status L4_ONLY"
1053592,GAP,"resolver status RETIRED_NO_REMAP"
1037272,GAP,"resolver status RETIRED_NO_REMAP"
1236208,UNCONFIRMED,"no WHO snapshot for these L4s"
1311820,UNCONFIRMED,"no WHO snapshot for these L4s"
1366804,UNCONFIRMED,"no WHO snapshot for these L4s"
1489372,UNCONFIRMED,"no WHO snapshot for these L4s"
1649008,GAP,"resolver status L4_ONLY"
1860136,UNCONFIRMED,"no WHO snapshot for these L4s"
1545652,GAP,"resolver status RETIRED_NO_REMAP"
1546204,GAP,"resolver status L4_ONLY"
151720,UNCONFIRMED,"no WHO snapshot for these L4s"
259132,GAP,"no L5 codes"
1722376,UNCONFIRMED,"no WHO snapshot for these L4s"
1921228,UNCONFIRMED,"no WHO snapshot for these L4s"
1362952,UNCONFIRMED,"no WHO snapshot for these L4s"
1650604,UNCONFIRMED,"no WHO snapshot for these L4s"
1485784,GAP,"resolver status RETIRED_NO_REMAP"
861808,UNCONFIRMED,"no WHO snapshot for these L4s"
905092,GAP,"no L5 codes"
310636,UNCONFIRMED,"no WHO snapshot for these L4s"
999640,GAP,"resolver status L4_ONLY"
617632,GAP,"resolver status RETIRED_NO_REMAP"
308512,GAP,"resolver status L4_ONLY"
991456,GAP,"resolver status L4_ONLY"
998476,UNCONFIRMED,"no WHO snapshot for these L4s"
308476,GAP,"resolver status RETIRED_NO_REMAP"
311212,UNCONFIRMED,"no WHO snapshot for these L4s"
861592,GAP,"resolver status L4_ONLY"
1089988,GAP,"resolver status RETIRED_NO_REMAP"
2049388,UNCONFIRMED,"no WHO snapshot for these L4s"
199132,UNCONFIRMED,"no WHO snapshot for these L4s"
2047180,UNCONFIRMED,"no WHO snapshot for these L4s"
834148,UNCONFIRMED,"no WHO snapshot for these L4s"
1039300,GAP,"resolver status RETIRED_NO_REMAP"
1042684,GAP,"resolver status L4_ONLY"
1048132,UNCONFIRMED,"no WHO snapshot for these L4s"
1010692,GAP,"resolver status L4_ONLY"
1012912,GAP,"resolver status RETIRED_NO_REMAP"
313792,UNCONFIRMED,"no WHO snapshot for these L4s"
836344,UNCONFIRMED,"no WHO snapshot for these L4s"
995872,GAP,"resolver status L4_ONLY"
1147228,UNCONFIRMED,"no WHO snapshot for these L4s"
562648,UNCONFIRMED,"no WHO snapshot for these L4s"
283156,UNCONFIRMED,"no WHO snapshot for these L4s"
859312,UNCONFIRMED,"no WHO snapshot for these L4s"
483448,UNCONFIRMED,"no WHO snapshot for these L4s"
201340,UNCONFIRMED,"no WHO snapshot for these L4s"
210280,GAP,"resolver status RETIRED_NO_REMAP"
1293508,GAP,"resolver status L4_ONLY"
1537024,UNCONFIRMED,"no WHO snapshot for these L4s"
1799704,GAP,"no L5 codes"
1867996,GAP,"resolver status L4_ONLY"
1299628,UNCONFIRMED,"no WHO snapshot for these L4s"
1367692,UNCONFIRMED,"no WHO snapshot for these L4s"
1438528,UNCONFIRMED,"no WHO snapshot for these L4s"
1302676,UNCONFIRMED,"no WHO snapshot for these L4s"
1599652,GAP,"resolver status L4_ONLY"
1427404,GAP,"resolver status RETIRED_NO_REMAP"
315004,UNCONFIRMED,"no WHO snapshot for these L4s"
308668,GAP,"resolver status L4_ONLY"
695932,UNCONFIRMED,"no WHO snapshot for these L4s"
701128,UNCONFIRMED,"no WHO snapshot for these L4s"
866464,UNCONFIRMED,"no WHO snapshot for these L4s"
750124,UNCONFIRMED,"no WHO snapshot for these L4s"
749572,UNCONFIRMED,"no WHO snapshot for these L4s"
751876,UNCONFIRMED,"no WHO snapshot for these L4s"
205816,UNCONFIRMED,"no WHO snapshot for these L4s"
367792,GAP,"resolver status RETIRED_NO_REMAP"
857608,UNCONFIRMED,"no WHO snapshot for these L4s"
1149388,UNCONFIRMED,"no WHO snapshot for these L4s"
1053304,GAP,"resolver status RETIRED_NO_REMAP"
1053736,UNCONFIRMED,"no WHO snapshot for these L4s"
1994404,GAP,"no L5 codes"
1188388,GAP,"resolver status RETIRED_NO_REMAP"
1046596,UNCONFIRMED,"no WHO snapshot for these L4s"
1046704,UNCONFIRMED,"no WHO snapshot for these L4s"
1049176,UNCONFIRMED,"no WHO snapshot for these L4s"
1658308,UNCONFIRMED,"no WHO snapshot for these L4s"
1000864,UNCONFIRMED,"no WHO snapshot for these L4s"
1115980,UNCONFIRMED,"no WHO snapshot for these L4s"
860164,UNCONFIRMED,"no WHO snapshot for these L4s"
1659964,GAP,"resolver status L4_ONLY"
311368,CONFIRMED,"L4 in WHO snapshot"
404032,UNCONFIRMED,"no WHO snapshot for these L4s"
197572,UNCONFIRMED,"no WHO snapshot for these L4s"
1293472,UNCONFIRMED,"no WHO snapshot for these L4s"
1359352,UNCONFIRMED,"no WHO snapshot for these L4s"
1364392,UNCONFIRMED,"no WHO snapshot for these L4s"
1367212,CONFIRMED,"L4 in WHO snapshot"
1813420,GAP,"no L5 codes"
1918252,UNCONFIRMED,"no WHO snapshot for these L4s"
792052,UNCONFIRMED,"no WHO snapshot for these L4s"
994528,UNCONFIRMED,"no WHO snapshot for these L4s"
797848,UNCONFIRMED,"no WHO snapshot for these L4s"
900580,UNCONFIRMED,"no WHO snapshot for these L4s"
206980,UNCONFIRMED,"no WHO snapshot for these L4s"
207352,UNCONFIRMED,"no WHO snapshot for these L4s"
309340,UNCONFIRMED,"no WHO snapshot for these L4s"
763168,UNCONFIRMED,"no WHO snapshot for these L4s"
895384,UNCONFIRMED,"no WHO snapshot for these L4s"
207208,UNCONFIRMED,"no WHO snapshot for these L4s"
708076,UNCONFIRMED,"no WHO snapshot for these L4s"
806392,GAP,"resolver status L4_ONLY"
800884,UNCONFIRMED,"no WHO snapshot for these L4s"
2173852,UNCONFIRMED,"no WHO snapshot for these L4s"
1098616,UNCONFIRMED,"no WHO snapshot for these L4s"
1098496,GAP,"resolver status L4_ONLY"
1190608,UNCONFIRMED,"no WHO snapshot for these L4s"
403828,GAP,"resolver status L4_ONLY"
1005820,UNCONFIRMED,"no WHO snapshot for these L4s"
239200,UNCONFIRMED,"no WHO snapshot for these L4s"
1148128,GAP,"resolver status RETIRED_NO_REMAP"
1190620,UNCONFIRMED,"no WHO snapshot for these L4s"
205228,GAP,"resolver status L4_ONLY"
1000588,UNCONFIRMED,"no WHO snapshot for these L4s"
1011712,UNCONFIRMED,"no WHO snapshot for these L4s"
1661560,UNCONFIRMED,"no WHO snapshot for these L4s"
261220,GAP,"resolver status RETIRED_NO_REMAP"
406396,UNCONFIRMED,"no WHO snapshot for these L4s"
1012384,GAP,"resolver status L4_ONLY"
1043056,UNCONFIRMED,"no WHO snapshot for these L4s"
1085752,UNCONFIRMED,"no WHO snapshot for these L4s"
310552,UNCONFIRMED,"no WHO snapshot for these L4s"
1190572,GAP,"resolver status L4_ONLY"
1663612,GAP,"resolver status L4_ONLY"
1747492,UNCONFIRMED,"no WHO snapshot for these L4s"
1245232,UNCONFIRMED,"no WHO snapshot for these L4s"
1299040,GAP,"resolver status RETIRED_NO_REMAP"
1923484,UNCONFIRMED,"no WHO snapshot for these L4s"
1314976,GAP,"resolver status RETIRED_NO_REMAP"
1359256,UNCONFIRMED,"no WHO snapshot for these L4s"
645508,UNCONFIRMED,"no WHO snapshot for these L4s"
796480,UNCONFIRMED,"no WHO snapshot for these L4s"
308416,UNCONFIRMED,"no WHO snapshot for these L4s"
312196,UNCONFIRMED,"no WHO snapshot for these L4s"
311536,CONFIRMED,"L4 in WHO snapshot"
745300,UNCONFIRMED,"no WHO snapshot for these L4s"
312124,UNCONFIRMED,"no WHO snapshot for these L4s"
1994392,UNCONFIRMED,"no WHO snapshot for these L4s"
998236,GAP,"no L5 codes"
999472,UNCONFIRMED,"no WHO snapshot for these L4s"
206848,UNCONFIRMED,"no WHO snapshot for these L4s"
856840,CONFIRMED,"L4 in WHO snapshot"
1095364,UNCONFIRMED,"no WHO snapshot for these L4s"
1110988,GAP,"resolver status L4_ONLY"
1000636,GAP,"no L5 codes"
245224,UNCONFIRMED,"no WHO snapshot for these L4s"
261160,UNCONFIRMED,"no WHO snapshot for these L4s"
2052064,UNCONFIRMED,"no WHO snapshot for these L4s"
857716,UNCONFIRMED,"no WHO snapshot for these L4s"
208312,UNCONFIRMED,"no WHO snapshot for these L4s"
312004,UNCONFIRMED,"no WHO snapshot for these L4s"
313456,UNCONFIRMED,"no WHO snapshot for these L4s"
859132,UNCONFIRMED,"no WHO snapshot for these L4s"
1667692,UNCONFIRMED,"no WHO snapshot for these L4s"
1000000,CONFIRMED,"L4 in WHO snapshot"
998428,UNCONFIRMED,"no WHO snapshot for these L4s"
1250980,UNCONFIRMED,"no WHO snapshot for these L4s"
1294348,UNCONFIRMED,"no WHO snapshot for these L4s"
1356868,GAP,"resolver status RETIRED_NO_REMAP"
1649908,GAP,"resolver status L4_ONLY"
1368640,UNCONFIRMED,"no WHO snapshot for these L4s"
1488304,UNCONFIRMED,"no WHO snapshot for these L4s"
359008,UNCONFIRMED,"no WHO snapshot for these L4s"
349516,UNCONFIRMED,"no WHO snapshot for these L4s"
352096,UNCONFIRMED,"no WHO snapshot for these L4s"
205336,UNCONFIRMED,"no WHO snapshot for these L4s"
2108920,UNCONFIRMED,"no WHO snapshot for these L4s"
1113388,GAP,"resolver status RETIRED_NO_REMAP"
211816,UNCONFIRMED,"no WHO snapshot for these L4s"
252592,UNCONFIRMED,"no WHO snapshot for these L4s"
2003464,GAP,"no L5 codes"
205924,GAP,"no L5 codes"
1090048,GAP,"resolver status RETIRED_NO_REMAP"
2105800,GAP,"resolver status L4_ONLY"
858784,UNCONFIRMED,"no WHO snapshot for these L4s"
241864,GAP,"resolver status L4_ONLY"
1085944,GAP,"resolver status RETIRED_NO_REMAP"
413248,UNCONFIRMED,"no WHO snapshot for these L4s"
242668,GAP,"resolver status L4_ONLY"
1001020,GAP,"resolver status RETIRED_NO_REMAP"
1807516,UNCONFIRMED,"no WHO snapshot for these L4s"
1235200,GAP,"resolver status L4_ONLY"
1305268,UNCONFIRMED,"no WHO snapshot for these L4s"
1369960,GAP,"resolver status L4_ONLY"
1375960,GAP,"resolver status L4_ONLY"
1487080,GAP,"no L5 codes"
1537012,GAP,"resolver status L4_ONLY"
1298068,GAP,"resolver status L4_ONLY"
1657192,UNCONFIRMED,"no WHO snapshot for these L4s"
1872088,GAP,"resolver status L4_ONLY"
630724,GAP,"resolver status RETIRED_NO_REMAP"
762004,UNCONFIRMED,"no WHO snapshot for these L4s"
312556,UNCONFIRMED,"no WHO snapshot for these L4s"
199240,GAP,"resolver status L4_ONLY"
308716,UNCONFIRMED,"no WHO snapshot for these L4s"
900424,UNCONFIRMED,"no WHO snapshot for these L4s"
308356,UNCONFIRMED,"no WHO snapshot for these L4s"
755428,GAP,"resolver status RETIRED_NO_REMAP"
616480,UNCONFIRMED,"no WHO snapshot for these L4s"
858856,UNCONFIRMED,"no WHO snapshot for these L4s"
1012996,UNCONFIRMED,"no WHO snapshot for these L4s"
1659520,GAP,"resolver status RETIRED_NO_REMAP"
542776,GAP,"resolver status RETIRED_NO_REMAP"
847540,UNCONFIRMED,"no WHO snapshot for these L4s"
211312,UNCONFIRMED,"no WHO snapshot for these L4s"
1090840,GAP,"resolver status RETIRED_NO_REMAP"
1046812,UNCONFIRMED,"no WHO snapshot for these L4s"
417424,UNCONFIRMED,"no WHO snapshot for these L4s"
1234480,GAP,"resolver status RETIRED_NO_REMAP"
1994320,UNCONFIRMED,"no WHO snapshot for these L4s"
314116,UNCONFIRMED,"no WHO snapshot for these L4s"
1190764,UNCONFIRMED,"no WHO snapshot for these L4s"
1000720,GAP,"resolver status L4_ONLY"
1086328,UNCONFIRMED,"no WHO snapshot for these L4s"
1809652,GAP,"no L5 codes"
1370440,GAP,"resolver status L4_ONLY"
1789192,GAP,"resolver status RETIRED_NO_REMAP"
1803724,UNCONFIRMED,"no WHO snapshot for these L4s"
1360744,UNCONFIRMED,"no WHO snapshot for these L4s"
1292872,UNCONFIRMED,"no WHO snapshot for these L4s"
1534792,UNCONFIRMED,"no WHO snapshot for these L4s"
1045360,GAP,"resolver status RETIRED_NO_REMAP"
748864,GAP,"resolver status L4_ONLY"
310468,UNCONFIRMED,"no WHO snapshot for these L4s"
998728,GAP,"resolver status L4_ONLY"
722152,UNCONFIRMED,"no WHO snapshot for these L4s"
900388,UNCONFIRMED,"no WHO snapshot for these L4s"
998704,UNCONFIRMED,"no WHO snapshot for these L4s"
891172,UNCONFIRMED,"no WHO snapshot for these L4s"
790300,UNCONFIRMED,"no WHO snapshot for these L4s"
994228,UNCONFIRMED,"no WHO snapshot for these L4s"
308728,CONFIRMED,"L4 in WHO snapshot"
310204,GAP,"resolver status RETIRED_NO_REMAP"
996712,GAP,"resolver status L4_ONLY"
806656,UNCONFIRMED,"no WHO snapshot for these L4s"
579304,UNCONFIRMED,"no WHO snapshot for these L4s"
1046908,UNCONFIRMED,"no WHO snapshot for these L4s"
238144,UNCONFIRMED,"no WHO snapshot for these L4s"
807016,GAP,"resolver status L4_ONLY"
832924,UNCONFIRMED,"no WHO snapshot for these L4s"
860092,UNCONFIRMED,"no WHO snapshot for these L4s"
603208,UNCONFIRMED,"no WHO snapshot for these L4s"
1005844,UNCONFIRMED,"no WHO snapshot for these L4s"
1190920,UNCONFIRMED,"no WHO snapshot for these L4s"
1006120,UNCONFIRMED,"no WHO snapshot for these L4s"
284140,GAP,"no L5 codes"
1807636,UNCONFIRMED,"no WHO snapshot for these L4s"
1244968,GAP,"no L5 codes"
1300288,UNCONFIRMED,"no WHO snapshot for these L4s"
1362052,GAP,"resolver status RETIRED_NO_REMAP"
1368280,UNCONFIRMED,"no WHO snapshot for these L4s"
1424008,UNCONFIRMED,"no WHO snapshot for these L4s"
1723168,UNCONFIRMED,"no WHO snapshot for these L4s"
1809448,GAP,"no L5 codes"
1549696,GAP,"resolver status L4_ONLY"
1596460,UNCONFIRMED,"no WHO snapshot for these L4s"
1245700,UNCONFIRMED,"no WHO snapshot for these L4s"
1245736,GAP,"resolver status RETIRED_NO_REMAP"
308488,UNCONFIRMED,"no WHO snapshot for these L4s"
309472,UNCONFIRMED,"no WHO snapshot for these L4s"
977836,UNCONFIRMED,"no WHO snapshot for these L4s"
899932,GAP,"no L5 codes"
754900,UNCONFIRMED,"no WHO snapshot for these L4s"
889624,UNCONFIRMED,"no WHO snapshot for these L4s"
730876,UNCONFIRMED,"no WHO snapshot for these L4s"
198268,UNCONFIRMED,"no WHO snapshot for these L4s"
1113064,UNCONFIRMED,"no WHO snapshot for these L4s"
1117564,UNCONFIRMED,"no WHO snapshot for these L4s"
245248,UNCONFIRMED,"no WHO snapshot for these L4s"
213208,GAP,"resolver status RETIRED_NO_REMAP"
413104,GAP,"resolver status L4_ONLY"
1048336,GAP,"resolver status L4_ONLY"
204904,GAP,"resolver status RETIRED_NO_REMAP"
1005856,GAP,"resolver status L4_ONLY"
1293628,UNCONFIRMED,"no WHO snapshot for these L4s"
1490668,UNCONFIRMED,"no WHO snapshot for these L4s"
1542796,UNCONFIRMED,"no WHO snapshot for these L4s"
1294024,GAP,"resolver status L4_ONLY"
197404,UNCONFIRMED,"no WHO snapshot for these L4s"
1358404,GAP,"resolver status RETIRED_NO_REMAP"
197860,GAP,"no L5 codes"
1305916,GAP,"resolver status L4_ONLY"
702184,GAP,"resolver status RETIRED_NO_REMAP"
646456,UNCONFIRMED,"no WHO snapshot for these L4s"
309016,UNCONFIRMED,"no WHO snapshot for these L4s"
311356,UNCONFIRMED,"no WHO snapshot for these L4s"
1087960,UNCONFIRMED,"no WHO snapshot for these L4s"
885712,GAP,"resolver status RETIRED_NO_REMAP"
905032,GAP,"no L5 codes"
310216,GAP,"resolver status RETIRED_NO_REMAP"
206224,UNCONFIRMED,"no WHO snapshot for these L4s"
577960,GAP,"resolver status L4_ONLY"
260500,UNCONFIRMED,"no WHO snapshot for these L4s"
848200,UNCONFIRMED,"no WHO snapshot for these L4s"
857416,UNCONFIRMED,"no WHO snapshot for these L4s"
2103184,GAP,"no L5 codes"
1192984,GAP,"resolver status L4_ONLY"
562768,UNCONFIRMED,"no WHO snapshot for these L4s"
1730212,GAP,"resolver status RETIRED_NO_REMAP"
562444,UNCONFIRMED,"no WHO snapshot for these L4s"
1037176,GAP,"resolver status RETIRED_NO_REMAP"
1053196,UNCONFIRMED,"no WHO snapshot for these L4s"
1730188,GAP,"resolver status RETIRED_NO_REMAP"
1721308,UNCONFIRMED,"no WHO snapshot for these L4s"
607024,UNCONFIRMED,"no WHO snapshot for these L4s"
1426660,GAP,"resolver status L4_ONLY"
1291468,GAP,"resolver status RETIRED_NO_REMAP"
1293484,GAP,"resolver status RETIRED_NO_REMAP"
1358620,GAP,"resolver status L4_ONLY"
1370956,UNCONFIRMED,"no WHO snapshot for these L4s"
1539808,UNCONFIRMED,"no WHO snapshot for these L4s"
1650988,UNCONFIRMED,"no WHO snapshot for these L4s"
1294264,UNCONFIRMED,"no WHO snapshot for these L4s"
1359124,GAP,"resolver status L4_ONLY"
753544,UNCONFIRMED,"no WHO snapshot for these L4s"
992656,UNCONFIRMED,"no WHO snapshot for these L4s"
896884,GAP,"resolver status L4_ONLY"
885580,UNCONFIRMED,"no WHO snapshot for these L4s"
899764,GAP,"resolver status L4_ONLY"
731536,UNCONFIRMED,"no WHO snapshot for these L4s"
2045344,UNCONFIRMED,"no WHO snapshot for these L4s"
311680,UNCONFIRMED,"no WHO snapshot for these L4s"
885880,UNCONFIRMED,"no WHO snapshot for these L4s"
999604,GAP,"resolver status L4_ONLY"
212836,UNCONFIRMED,"no WHO snapshot for these L4s"
858832,UNCONFIRMED,"no WHO snapshot for these L4s"
860428,UNCONFIRMED,"no WHO snapshot for these L4s"
2166112,UNCONFIRMED,"no WHO snapshot for these L4s"
1014580,GAP,"resolver status L4_ONLY"
853372,GAP,"no L5 codes"
2102440,GAP,"no L5 codes"
1052932,GAP,"no L5 codes"
1012564,GAP,"resolver status RETIRED_NO_REMAP"
1793920,UNCONFIRMED,"no WHO snapshot for these L4s"
1092736,UNCONFIRMED,"no WHO snapshot for these L4s"
426904,GAP,"no L5 codes"
1291096,UNCONFIRMED,"no WHO snapshot for these L4s"
1300384,GAP,"resolver status L4_ONLY"
1536604,UNCONFIRMED,"no WHO snapshot for these L4s"
1741312,GAP,"resolver status RETIRED_NO_REMAP"
1361032,GAP,"resolver status RETIRED_NO_REMAP"
1484488,GAP,"resolver status L4_ONLY"
1651564,GAP,"resolver status L4_ONLY"
1251616,GAP,"resolver status RETIRED_NO_REMAP"
1537948,UNCONFIRMED,"no WHO snapshot for these L4s"
1598284,GAP,"resolver status L4_ONLY"
806728,GAP,"no L5 codes"
991000,GAP,"resolver status L4_ONLY"
746020,UNCONFIRMED,"no WHO snapshot for these L4s"
310432,UNCONFIRMED,"no WHO snapshot for these L4s"
998740,GAP,"resolver status L4_ONLY"
748672,GAP,"resolver status L4_ONLY"
308704,UNCONFIRMED,"no WHO snapshot for these L4s"
847060,CONFIRMED,"L4 in WHO snapshot"
243808,GAP,"resolver status RETIRED_NO_REMAP"
1661176,UNCONFIRMED,"no WHO snapshot for these L4s"
851212,GAP,"resolver status RETIRED_NO_REMAP"
855928,UNCONFIRMED,"no WHO snapshot for these L4s"
212812,GAP,"no L5 codes"
1039012,UNCONFIRMED,"no WHO snapshot for these L4s"
1045432,UNCONFIRMED,"no WHO snapshot for these L4s"
238996,UNCONFIRMED,"no WHO snapshot for these L4s"
244492,UNCONFIRMED,"no WHO snapshot for these L4s"
476152,CONFIRMED,"L4 in WHO snapshot"
1006060,UNCONFIRMED,"no WHO snapshot for these L4s"
1046980,UNCONFIRMED,"no WHO snapshot for these L4s"
259216,GAP,"no L5 codes"
1042624,GAP,"resolver status RETIRED_NO_REMAP"
1043704,GAP,"resolver status L4_ONLY"
1291372,UNCONFIRMED,"no WHO snapshot for these L4s"
1432276,GAP,"resolver status RETIRED_NO_REMAP"
1294372,UNCONFIRMED,"no WHO snapshot for these L4s"
1360120,UNCONFIRMED,"no WHO snapshot for these L4s"
1360516,CONFIRMED,"L4 in WHO snapshot"
1547464,GAP,"resolver status L4_ONLY"
630796,GAP,"resolver status L4_ONLY"
901792,GAP,"resolver status L4_ONLY"
308908,UNCONFIRMED,"no WHO snapshot for these L4s"
403888,UNCONFIRMED,"no WHO snapshot for these L4s"
802780,UNCONFIRMED,"no WHO snapshot for these L4s"
311320,UNCONFIRMED,"no WHO snapshot for these L4s"
748804,GAP,"resolver status L4_ONLY"
991204,UNCONFIRMED,"no WHO snapshot for these L4s"
308404,UNCONFIRMED,"no WHO snapshot for these L4s"
403924,UNCONFIRMED,"no WHO snapshot for these L4s"
668956,GAP,"no L5 codes"
199264,UNCONFIRMED,"no WHO snapshot for these L4s"
198580,UNCONFIRMED,"no WHO snapshot for these L4s"
206536,UNCONFIRMED,"no WHO snapshot for these L4s"
849316,UNCONFIRMED,"no WHO snapshot for these L4s"
849580,CONFIRMED,"L4 in WHO snapshot"
2110600,GAP,"resolver status L4_ONLY"
1092424,UNCONFIRMED,"no WHO snapshot for these L4s"
1193116,UNCONFIRMED,"no WHO snapshot for these L4s"
1234516,GAP,"resolver status RETIRED_NO_REMAP"
1000120,UNCONFIRMED,"no WHO snapshot for these L4s"
1047484,UNCONFIRMED,"no WHO snapshot for these L4s"
253084,UNCONFIRMED,"no WHO snapshot for these L4s"
238636,UNCONFIRMED,"no WHO snapshot for these L4s"
199180,GAP,"no L5 codes"
11416,GAP,"no L5 codes"
1794904,GAP,"resolver status L4_ONLY"
1797892,UNCONFIRMED,"no WHO snapshot for these L4s"
1302856,UNCONFIRMED,"no WHO snapshot for these L4s"
1357936,UNCONFIRMED,"no WHO snapshot for these L4s"
1299064,UNCONFIRMED,"no WHO snapshot for these L4s"
1301128,UNCONFIRMED,"no WHO snapshot for these L4s"
1541224,UNCONFIRMED,"no WHO snapshot for these L4s"
1648132,GAP,"resolver status L4_ONLY"
860932,UNCONFIRMED,"no WHO snapshot for these L4s"
198460,UNCONFIRMED,"no WHO snapshot for these L4s"
861232,GAP,"resolver status L4_ONLY"
894772,GAP,"resolver status L4_ONLY"
199156,GAP,"resolver status L4_ONLY"
206212,UNCONFIRMED,"no WHO snapshot for these L4s"
750172,UNCONFIRMED,"no WHO snapshot for these L4s"
309700,UNCONFIRMED,"no WHO snapshot for these L4s"
313636,UNCONFIRMED,"no WHO snapshot for these L4s"
198496,UNCONFIRMED,"no WHO snapshot for these L4s"
1999408,GAP,"no L5 codes"
999748,GAP,"resolver status L4_ONLY"
545236,UNCONFIRMED,"no WHO snapshot for these L4s"
562600,UNCONFIRMED,"no WHO snapshot for these L4s"
1037344,UNCONFIRMED,"no WHO snapshot for these L4s"
1049272,CONFIRMED,"L4 in WHO snapshot"
1112260,GAP,"resolver status L4_ONLY"
1045348,UNCONFIRMED,"no WHO snapshot for these L4s"
1110712,UNCONFIRMED,"no WHO snapshot for these L4s"
311452,UNCONFIRMED,"no WHO snapshot for these L4s"
312616,UNCONFIRMED,"no WHO snapshot for these L4s"
1111444,GAP,"resolver status RETIRED_NO_REMAP"
1037236,GAP,"resolver status L4_ONLY"
1014256,UNCONFIRMED,"no WHO snapshot for these L4s"
1048276,UNCONFIRMED,"no WHO snapshot for these L4s"
485032,GAP,"no L5 codes"
208012,UNCONFIRMED,"no WHO snapshot for these L4s"
1731532,UNCONFIRMED,"no WHO snapshot for these L4s"
1809520,GAP,"no L5 codes"
1243480,GAP,"resolver status L4_ONLY"
1808524,UNCONFIRMED,"no WHO snapshot for these L4s"
1547668,UNCONFIRMED,"no WHO snapshot for these L4s"
1545292,UNCONFIRMED,"no WHO snapshot for these L4s"
308284,CONFIRMED,"L4 in WHO snapshot"
313756,UNCONFIRMED,"no WHO snapshot for these L4s"
991528,GAP,"resolver status L4_ONLY"
205900,UNCONFIRMED,"no WHO snapshot for these L4s"
730024,UNCONFIRMED,"no WHO snapshot for these L4s"
199852,GAP,"no L5 codes"
692776,GAP,"resolver status RETIRED_NO_REMAP"
207664,UNCONFIRMED,"no WHO snapshot for these L4s"
1098640,GAP,"resolver status L4_ONLY"
1114900,UNCONFIRMED,"no WHO snapshot for these L4s"
1232104,GAP,"no L5 codes"
1011748,UNCONFIRMED,"no WHO snapshot for these L4s"
804916,UNCONFIRMED,"no WHO snapshot for these L4s"
213544,UNCONFIRMED,"no WHO snapshot for these L4s"
2168404,UNCONFIRMED,"no WHO snapshot for these L4s"
212740,UNCONFIRMED,"no WHO snapshot for these L4s"
312280,CONFIRMED,"L4 in WHO snapshot"
805372,UNCONFIRMED,"no WHO snapshot for these L4s"
1090996,UNCONFIRMED,"no WHO snapshot for these L4s"
1091068,GAP,"resolver status L4_ONLY"
1043608,UNCONFIRMED,"no WHO snapshot for these L4s"
1049404,UNCONFIRMED,"no WHO snapshot for these L4s"
282760,GAP,"resolver status RETIRED_NO_REMAP"
1192516,UNCONFIRMED,"no WHO snapshot for these L4s"
1012204,UNCONFIRMED,"no WHO snapshot for these L4s"
237976,GAP,"resolver status NO_ATC"
2186092,UNCONFIRMED,"no WHO snapshot for these L4s"
1313116,UNCONFIRMED,"no WHO snapshot for these L4s"
1376440,UNCONFIRMED,"no WHO snapshot for these L4s"
1793908,UNCONFIRMED,"no WHO snapshot for these L4s"
1237072,GAP,"resolver status RETIRED_NO_REMAP"
1426600,UNCONFIRMED,"no WHO snapshot for these L4s"
1652104,UNCONFIRMED,"no WHO snapshot for these L4s"
1091836,UNCONFIRMED,"no WHO snapshot for these L4s"
1544488,UNCONFIRMED,"no WHO snapshot for these L4s"
1598392,CONFIRMED,"L4 in WHO snapshot"
1727500,CONFIRMED,"L4 in WHO snapshot"
1996192,UNCONFIRMED,"no WHO snapshot for these L4s"
20044,UNCONFIRMED,"no WHO snapshot for these L4s"
2046148,UNCONFIRMED,"no WHO snapshot for these L4s"
2100028,UNCONFIRMED,"no WHO snapshot for these L4s"
2268040,UNCONFIRMED,"no WHO snapshot for these L4s"
2281864,CONFIRMED,"L4 in WHO snapshot"
2535748,CONFIRMED,"L4 in WHO snapshot"
2611252,UNCONFIRMED,"no WHO snapshot for these L4s"
2627656,UNCONFIRMED,"no WHO snapshot for these L4s"
2639032,UNCONFIRMED,"no WHO snapshot for these L4s"
2639044,UNCONFIRMED,"no WHO snapshot for these L4s"
2644768,UNCONFIRMED,"no WHO snapshot for these L4s"
5224,UNCONFIRMED,"no WHO snapshot for these L4s"
389140,UNCONFIRMED,"no WHO snapshot for these L4s"
1539892,UNCONFIRMED,"no WHO snapshot for these L4s"
1720948,UNCONFIRMED,"no WHO snapshot for these L4s"
1348,UNCONFIRMED,"no WHO snapshot for these L4s"
253156,UNCONFIRMED,"no WHO snapshot for these L4s"
1546384,UNCONFIRMED,"no WHO snapshot for these L4s"
25120,UNCONFIRMED,"no WHO snapshot for these L4s"
1516,UNCONFIRMED,"no WHO snapshot for these L4s"
315148,UNCONFIRMED,"no WHO snapshot for these L4s"
977440,UNCONFIRMED,"no WHO snapshot for these L4s"
1869712,UNCONFIRMED,"no WHO snapshot for these L4s"
797657,GAP,"resolver status NO_ATC"
1989869,UNCONFIRMED,"no WHO snapshot for these L4s"
313061,GAP,"resolver status L4_ONLY"
897785,UNCONFIRMED,"no WHO snapshot for these L4s"
309317,GAP,"resolver status L4_ONLY"
890957,UNCONFIRMED,"no WHO snapshot for these L4s"
904661,UNCONFIRMED,"no WHO snapshot for these L4s"
310637,UNCONFIRMED,"no WHO snapshot for these L4s"
643937,GAP,"resolver status RETIRED_NO_REMAP"
761909,GAP,"resolver status L4_ONLY"
1111697,UNCONFIRMED,"no WHO snapshot for these L4s"
1116185,GAP,"resolver status RETIRED_NO_REMAP"
1014197,UNCONFIRMED,"no WHO snapshot for these L4s"
102377,UNCONFIRMED,"no WHO snapshot for these L4s"
1039625,UNCONFIRMED,"no WHO snapshot for these L4s"
260309,GAP,"resolver status RETIRED_NO_REMAP"
283709,GAP,"resolver status L4_ONLY"
1047761,UNCONFIRMED,"no WHO snapshot for these L4s"
828689,GAP,"resolver status RETIRED_NO_REMAP"
2099993,GAP,"no L5 codes"
1665365,GAP,"no L5 codes"
1732157,GAP,"no L5 codes"
261185,UNCONFIRMED,"no WHO snapshot for these L4s"
1235477,GAP,"resolver status L4_ONLY"
212381,UNCONFIRMED,"no WHO snapshot for these L4s"
2173937,UNCONFIRMED,"no WHO snapshot for these L4s"
544553,GAP,"resolver status L4_ONLY"
1086797,UNCONFIRMED,"no WHO snapshot for these L4s"
1657985,UNCONFIRMED,"no WHO snapshot for these L4s"
243809,GAP,"resolver status RETIRED_NO_REMAP"
1741301,GAP,"no L5 codes"
1812737,UNCONFIRMED,"no WHO snapshot for these L4s"
1251629,GAP,"resolver status RETIRED_NO_REMAP"
1357553,CONFIRMED,"L4 in WHO snapshot"
1539545,GAP,"resolver status L4_ONLY"
197429,UNCONFIRMED,"no WHO snapshot for these L4s"
1247441,GAP,"resolver status L4_ONLY"
1293905,GAP,"resolver status L4_ONLY"
1359545,UNCONFIRMED,"no WHO snapshot for these L4s"
1650305,GAP,"resolver status RETIRED_NO_REMAP"
800057,GAP,"resolver status L4_ONLY"
198461,UNCONFIRMED,"no WHO snapshot for these L4s"
867497,GAP,"resolver status L4_ONLY"
763469,GAP,"resolver status RETIRED_NO_REMAP"
309269,GAP,"resolver status RETIRED_NO_REMAP"
313913,GAP,"resolver status L4_ONLY"
831269,UNCONFIRMED,"no WHO snapshot for these L4s"
207209,UNCONFIRMED,"no WHO snapshot for these L4s"
828365,UNCONFIRMED,"no WHO snapshot for these L4s"
2118449,UNCONFIRMED,"no WHO snapshot for these L4s"
1099577,UNCONFIRMED,"no WHO snapshot for these L4s"
207677,GAP,"resolver status RETIRED_NO_REMAP"
2174513,UNCONFIRMED,"no WHO snapshot for these L4s"
1093085,CONFIRMED,"L4 in WHO snapshot"
1193345,UNCONFIRMED,"no WHO snapshot for these L4s"
577181,GAP,"resolver status L4_ONLY"
1039073,UNCONFIRMED,"no WHO snapshot for these L4s"
1731101,GAP,"resolver status RETIRED_NO_REMAP"
1000649,UNCONFIRMED,"no WHO snapshot for these L4s"
808085,GAP,"resolver status L4_ONLY"
211337,UNCONFIRMED,"no WHO snapshot for these L4s"
211961,UNCONFIRMED,"no WHO snapshot for these L4s"
858941,GAP,"resolver status RETIRED_NO_REMAP"
1663733,GAP,"no L5 codes"
1797917,UNCONFIRMED,"no WHO snapshot for these L4s"
1809845,UNCONFIRMED,"no WHO snapshot for these L4s"
1244573,UNCONFIRMED,"no WHO snapshot for these L4s"
1546589,GAP,"no L5 codes"
1809029,GAP,"resolver status L4_ONLY"
1308005,GAP,"resolver status RETIRED_NO_REMAP"
1361201,GAP,"resolver status L4_ONLY"
1539953,UNCONFIRMED,"no WHO snapshot for these L4s"
1485605,GAP,"resolver status RETIRED_NO_REMAP"
647681,UNCONFIRMED,"no WHO snapshot for these L4s"
312281,CONFIRMED,"L4 in WHO snapshot"
991037,UNCONFIRMED,"no WHO snapshot for these L4s"
977885,UNCONFIRMED,"no WHO snapshot for these L4s"
861689,CONFIRMED,"L4 in WHO snapshot"
806717,UNCONFIRMED,"no WHO snapshot for these L4s"
745505,UNCONFIRMED,"no WHO snapshot for these L4s"
898361,UNCONFIRMED,"no WHO snapshot for these L4s"
996209,GAP,"resolver status L4_ONLY"
860945,UNCONFIRMED,"no WHO snapshot for these L4s"
207269,GAP,"resolver status RETIRED_NO_REMAP"
348689,GAP,"resolver status L4_ONLY"
1009145,GAP,"resolver status L4_ONLY"
2178161,UNCONFIRMED,"no WHO snapshot for these L4s"
260285,UNCONFIRMED,"no WHO snapshot for these L4s"
806501,CONFIRMED,"L4 in WHO snapshot"
2174801,UNCONFIRMED,"no WHO snapshot for these L4s"
2119625,GAP,"resolver status L4_ONLY"
1047797,UNCONFIRMED,"no WHO snapshot for these L4s"
243461,UNCONFIRMED,"no WHO snapshot for these L4s"
1011749,UNCONFIRMED,"no WHO snapshot for these L4s"
1092209,UNCONFIRMED,"no WHO snapshot for these L4s"
541157,UNCONFIRMED,"no WHO snapshot for these L4s"
542777,GAP,"resolver status RETIRED_NO_REMAP"
307781,UNCONFIRMED,"no WHO snapshot for these L4s"
1855193,GAP,"resolver status RETIRED_NO_REMAP"
1870685,UNCONFIRMED,"no WHO snapshot for these L4s"
1302617,UNCONFIRMED,"no WHO snapshot for these L4s"
1539893,GAP,"resolver status L4_ONLY"
1244513,GAP,"resolver status RETIRED_NO_REMAP"
1312997,GAP,"no L5 codes"
1358777,UNCONFIRMED,"no WHO snapshot for these L4s"
707381,GAP,"no L5 codes"
800345,GAP,"resolver status L4_ONLY"
206549,UNCONFIRMED,"no WHO snapshot for these L4s"
206369,UNCONFIRMED,"no WHO snapshot for these L4s"
753533,UNCONFIRMED,"no WHO snapshot for these L4s"
731573,UNCONFIRMED,"no WHO snapshot for these L4s"
762377,GAP,"resolver status RETIRED_NO_REMAP"
308897,CONFIRMED,"L4 in WHO snapshot"
309581,GAP,"resolver status RETIRED_NO_REMAP"
308657,UNCONFIRMED,"no WHO snapshot for these L4s"
206213,UNCONFIRMED,"no WHO snapshot for these L4s"
800237,GAP,"resolver status L4_ONLY"
312221,UNCONFIRMED,"no WHO snapshot for these L4s"
310745,GAP,"resolver status RETIRED_NO_REMAP"
801653,UNCONFIRMED,"no WHO snapshot for these L4s"
830237,GAP,"no L5 codes"
1099085,GAP,"resolver status L4_ONLY"
806861,UNCONFIRMED,"no WHO snapshot for these L4s"
1006409,UNCONFIRMED,"no WHO snapshot for these L4s"
1049285,UNCONFIRMED,"no WHO snapshot for these L4s"
245489,UNCONFIRMED,"no WHO snapshot for these L4s"
260393,UNCONFIRMED,"no WHO snapshot for these L4s"
283373,UNCONFIRMED,"no WHO snapshot for these L4s"
208589,UNCONFIRMED,"no WHO snapshot for these L4s"
208649,UNCONFIRMED,"no WHO snapshot for these L4s"
1664645,UNCONFIRMED,"no WHO snapshot for these L4s"
1045481,UNCONFIRMED,"no WHO snapshot for these L4s"
248249,UNCONFIRMED,"no WHO snapshot for these L4s"
1000673,UNCONFIRMED,"no WHO snapshot for these L4s"
1000985,GAP,"resolver status RETIRED_NO_REMAP"
858797,UNCONFIRMED,"no WHO snapshot for these L4s"
1053605,GAP,"resolver status RETIRED_NO_REMAP"
1313933,GAP,"resolver status RETIRED_NO_REMAP"
1359029,UNCONFIRMED,"no WHO snapshot for these L4s"
1535609,CONFIRMED,"L4 in WHO snapshot"
1812101,GAP,"resolver status L4_ONLY"
1294589,GAP,"resolver status L4_ONLY"
1356113,GAP,"resolver status RETIRED_NO_REMAP"
1374389,UNCONFIRMED,"no WHO snapshot for these L4s"
1596005,GAP,"resolver status L4_ONLY"
1361021,UNCONFIRMED,"no WHO snapshot for these L4s"
1297949,GAP,"resolver status RETIRED_NO_REMAP"
1593881,GAP,"no L5 codes"
1302833,UNCONFIRMED,"no WHO snapshot for these L4s"
629417,UNCONFIRMED,"no WHO snapshot for these L4s"
861233,GAP,"resolver status L4_ONLY"
748325,UNCONFIRMED,"no WHO snapshot for these L4s"
308477,GAP,"resolver status RETIRED_NO_REMAP"
198809,GAP,"resolver status RETIRED_NO_REMAP"
2049533,UNCONFIRMED,"no WHO snapshot for these L4s"
876425,UNCONFIRMED,"no WHO snapshot for these L4s"
309149,CONFIRMED,"L4 in WHO snapshot"
805013,UNCONFIRMED,"no WHO snapshot for these L4s"
404537,GAP,"resolver status L4_ONLY"
243797,UNCONFIRMED,"no WHO snapshot for these L4s"
2178017,UNCONFIRMED,"no WHO snapshot for these L4s"
1049633,UNCONFIRMED,"no WHO snapshot for these L4s"
247973,UNCONFIRMED,"no WHO snapshot for these L4s"
261281,UNCONFIRMED,"no WHO snapshot for these L4s"
580001,GAP,"resolver status L4_ONLY"
1053701,UNCONFIRMED,"no WHO snapshot for these L4s"
1657013,UNCONFIRMED,"no WHO snapshot for these L4s"
2117609,UNCONFIRMED,"no WHO snapshot for these L4s"
209105,GAP,"resolver status RETIRED_NO_REMAP"
1039397,UNCONFIRMED,"no WHO snapshot for these L4s"
1742225,GAP,"no L5 codes"
1805273,UNCONFIRMED,"no WHO snapshot for these L4s"
1242401,GAP,"resolver status L4_ONLY"
1245389,GAP,"resolver status L4_ONLY"
1369817,GAP,"resolver status RETIRED_NO_REMAP"
1431245,GAP,"resolver status L4_ONLY"
1599785,GAP,"resolver status L4_ONLY"
1367429,UNCONFIRMED,"no WHO snapshot for these L4s"
1552349,GAP,"resolver status L4_ONLY"
1602161,GAP,"no L5 codes"
1490465,UNCONFIRMED,"no WHO snapshot for these L4s"
311381,GAP,"no L5 codes"
802049,UNCONFIRMED,"no WHO snapshot for these L4s"
310325,UNCONFIRMED,"no WHO snapshot for these L4s"
309785,UNCONFIRMED,"no WHO snapshot for these L4s"
2049593,UNCONFIRMED,"no WHO snapshot for these L4s"
672149,UNCONFIRMED,"no WHO snapshot for these L4s"
1088885,UNCONFIRMED,"no WHO snapshot for these L4s"
2103293,CONFIRMED,"L4 in WHO snapshot"
212033,UNCONFIRMED,"no WHO snapshot for these L4s"
1116365,UNCONFIRMED,"no WHO snapshot for these L4s"
476549,GAP,"resolver status L4_ONLY"
476825,UNCONFIRMED,"no WHO snapshot for these L4s"
829757,UNCONFIRMED,"no WHO snapshot for these L4s"
1012937,UNCONFIRMED,"no WHO snapshot for these L4s"
1150829,GAP,"resolver status L4_ONLY"
999653,UNCONFIRMED,"no WHO snapshot for these L4s"
800669,GAP,"resolver status L4_ONLY"
577049,GAP,"resolver status L4_ONLY"
1010297,UNCONFIRMED,"no WHO snapshot for these L4s"
1039265,UNCONFIRMED,"no WHO snapshot for these L4s"
1809581,GAP,"no L5 codes"
1367213,CONFIRMED,"L4 in WHO snapshot"
1357901,UNCONFIRMED,"no WHO snapshot for these L4s"
1437725,UNCONFIRMED,"no WHO snapshot for these L4s"
1242125,UNCONFIRMED,"no WHO snapshot for these L4s"
1242101,UNCONFIRMED,"no WHO snapshot for these L4s"
1599137,GAP,"no L5 codes"
1250729,UNCONFIRMED,"no WHO snapshot for these L4s"
1490057,UNCONFIRMED,"no WHO snapshot for these L4s"
1869821,UNCONFIRMED,"no WHO snapshot for these L4s"
1294445,GAP,"resolver status RETIRED_NO_REMAP"
308717,UNCONFIRMED,"no WHO snapshot for these L4s"
828929,UNCONFIRMED,"no WHO snapshot for these L4s"
729941,UNCONFIRMED,"no WHO snapshot for these L4s"
1995293,UNCONFIRMED,"no WHO snapshot for these L4s"
2102837,UNCONFIRMED,"no WHO snapshot for these L4s"
212285,UNCONFIRMED,"no WHO snapshot for these L4s"
249449,GAP,"resolver status RETIRED_NO_REMAP"
307757,UNCONFIRMED,"no WHO snapshot for these L4s"
214049,GAP,"resolver status RETIRED_NO_REMAP"
857525,UNCONFIRMED,"no WHO snapshot for these L4s"
1115333,GAP,"resolver status RETIRED_NO_REMAP"
1189673,UNCONFIRMED,"no WHO snapshot for these L4s"
562253,CONFIRMED,"L4 in WHO snapshot"
1049213,UNCONFIRMED,"no WHO snapshot for these L4s"
1000001,CONFIRMED,"L4 in WHO snapshot"
1737581,UNCONFIRMED,"no WHO snapshot for these L4s"
858761,UNCONFIRMED,"no WHO snapshot for these L4s"
1086701,UNCONFIRMED,"no WHO snapshot for these L4s"
244637,GAP,"no L5 codes"
311453,CONFIRMED,"L4 in WHO snapshot"
1863605,GAP,"resolver status L4_ONLY"
1305269,UNCONFIRMED,"no WHO snapshot for these L4s"
1424849,GAP,"resolver status L4_ONLY"
197861,GAP,"no L5 codes"
1491533,GAP,"resolver status RETIRED_NO_REMAP"
1651001,UNCONFIRMED,"no WHO snapshot for these L4s"
1424021,UNCONFIRMED,"no WHO snapshot for these L4s"
1298345,UNCONFIRMED,"no WHO snapshot for these L4s"
197693,UNCONFIRMED,"no WHO snapshot for these L4s"
902285,UNCONFIRMED,"no WHO snapshot for these L4s"
308489,UNCONFIRMED,"no WHO snapshot for these L4s"
800273,GAP,"resolver status L4_ONLY"
647321,GAP,"resolver status L4_ONLY"
1986389,GAP,"resolver status L4_ONLY"
204749,GAP,"no L5 codes"
314969,GAP,"resolver status RETIRED_NO_REMAP"
831833,UNCONFIRMED,"no WHO snapshot for these L4s"
198557,UNCONFIRMED,"no WHO snapshot for these L4s"
198605,GAP,"no L5 codes"
208361,UNCONFIRMED,"no WHO snapshot for these L4s"
208841,GAP,"resolver status RETIRED_NO_REMAP"
1086305,GAP,"resolver status RETIRED_NO_REMAP"
1085693,UNCONFIRMED,"no WHO snapshot for these L4s"
833741,GAP,"resolver status L4_ONLY"
577961,GAP,"resolver status L4_ONLY"
261221,GAP,"resolver status RETIRED_NO_REMAP"
1734689,UNCONFIRMED,"no WHO snapshot for these L4s"
1011833,UNCONFIRMED,"no WHO snapshot for these L4s"
311249,GAP,"no L5 codes"
198857,GAP,"no L5 codes"
996629,UNCONFIRMED,"no WHO snapshot for these L4s"
212393,UNCONFIRMED,"no WHO snapshot for these L4s"
1919489,GAP,"resolver status L4_ONLY"
1926221,GAP,"resolver status L4_ONLY"
1234949,UNCONFIRMED,"no WHO snapshot for these L4s"
1366121,GAP,"resolver status RETIRED_NO_REMAP"
1375985,UNCONFIRMED,"no WHO snapshot for these L4s"
1305137,UNCONFIRMED,"no WHO snapshot for these L4s"
1360733,GAP,"resolver status L4_ONLY"
1923617,GAP,"resolver status RETIRED_NO_REMAP"
1300097,GAP,"resolver status RETIRED_NO_REMAP"
1440185,UNCONFIRMED,"no WHO snapshot for these L4s"
750245,UNCONFIRMED,"no WHO snapshot for these L4s"
310865,UNCONFIRMED,"no WHO snapshot for these L4s"
995081,GAP,"resolver status L4_ONLY"
205157,UNCONFIRMED,"no WHO snapshot for these L4s"
205901,UNCONFIRMED,"no WHO snapshot for these L4s"
797885,UNCONFIRMED,"no WHO snapshot for these L4s"
309209,GAP,"resolver status RETIRED_NO_REMAP"
1089065,GAP,"no L5 codes"
198449,GAP,"resolver status L4_ONLY"
404033,UNCONFIRMED,"no WHO snapshot for these L4s"
248609,GAP,"no L5 codes"
307685,CONFIRMED,"L4 in WHO snapshot"
603929,UNCONFIRMED,"no WHO snapshot for these L4s"
205733,CONFIRMED,"L4 in WHO snapshot"
214073,GAP,"resolver status RETIRED_NO_REMAP"
1092461,UNCONFIRMED,"no WHO snapshot for these L4s"
1010033,UNCONFIRMED,"no WHO snapshot for these L4s"
1086605,GAP,"resolver status L4_ONLY"
244601,GAP,"resolver status RETIRED_NO_REMAP"
1674197,UNCONFIRMED,"no WHO snapshot for these L4s"
1190201,GAP,"resolver status L4_ONLY"
213197,UNCONFIRMED,"no WHO snapshot for these L4s"
1052645,CONFIRMED,"L4 in WHO snapshot"
1243493,GAP,"resolver status RETIRED_NO_REMAP"
1251185,UNCONFIRMED,"no WHO snapshot for these L4s"
1307225,UNCONFIRMED,"no WHO snapshot for these L4s"
1540505,UNCONFIRMED,"no WHO snapshot for these L4s"
1490417,GAP,"resolver status RETIRED_NO_REMAP"
1490693,UNCONFIRMED,"no WHO snapshot for these L4s"
1493165,UNCONFIRMED,"no WHO snapshot for these L4s"
1251617,GAP,"no L5 codes"
1535981,UNCONFIRMED,"no WHO snapshot for these L4s"
645497,UNCONFIRMED,"no WHO snapshot for these L4s"
753557,GAP,"resolver status L4_ONLY"
996101,UNCONFIRMED,"no WHO snapshot for these L4s"
359261,GAP,"resolver status L4_ONLY"
312017,UNCONFIRMED,"no WHO snapshot for these L4s"
866489,UNCONFIRMED,"no WHO snapshot for these L4s"
688877,GAP,"resolver status RETIRED_NO_REMAP"
708221,UNCONFIRMED,"no WHO snapshot for these L4s"
880349,GAP,"resolver status L4_ONLY"
313253,UNCONFIRMED,"no WHO snapshot for these L4s"
865073,GAP,"no L5 codes"
900173,UNCONFIRMED,"no WHO snapshot for these L4s"
995441,GAP,"resolver status L4_ONLY"
801185,UNCONFIRMED,"no WHO snapshot for these L4s"
828377,UNCONFIRMED,"no WHO snapshot for these L4s"
801533,UNCONFIRMED,"no WHO snapshot for these L4s"
213545,UNCONFIRMED,"no WHO snapshot for these L4s"
213641,UNCONFIRMED,"no WHO snapshot for these L4s"
1150121,UNCONFIRMED,"no WHO snapshot for these L4s"
608897,UNCONFIRMED,"no WHO snapshot for these L4s"
242297,UNCONFIRMED,"no WHO snapshot for these L4s"
242429,UNCONFIRMED,"no WHO snapshot for these L4s"
211109,UNCONFIRMED,"no WHO snapshot for these L4s"
2181317,GAP,"resolver status L4_ONLY"
1146977,GAP,"resolver status RETIRED_NO_REMAP"
602393,CONFIRMED,"L4 in WHO snapshot"
1014305,GAP,"resolver status L4_ONLY"
1737449,GAP,"no L5 codes"
2168501,UNCONFIRMED,"no WHO snapshot for these L4s"
1998617,UNCONFIRMED,"no WHO snapshot for these L4s"
809561,GAP,"resolver status RETIRED_NO_REMAP"
581417,GAP,"no L5 codes"
1043249,GAP,"resolver status L4_ONLY"
1869281,UNCONFIRMED,"no WHO snapshot for these L4s"
1947197,UNCONFIRMED,"no WHO snapshot for these L4s"
1247825,GAP,"resolver status L4_ONLY"
1305797,GAP,"resolver status RETIRED_NO_REMAP"
1376477,GAP,"resolver status NO_ATC"
1535597,UNCONFIRMED,"no WHO snapshot for these L4s"
1807637,UNCONFIRMED,"no WHO snapshot for these L4s"
1371353,UNCONFIRMED,"no WHO snapshot for these L4s"
1307165,UNCONFIRMED,"no WHO snapshot for these L4s"
206513,UNCONFIRMED,"no WHO snapshot for these L4s"
884225,UNCONFIRMED,"no WHO snapshot for these L4s"
998513,UNCONFIRMED,"no WHO snapshot for these L4s"
347669,UNCONFIRMED,"no WHO snapshot for these L4s"
205349,UNCONFIRMED,"no WHO snapshot for these L4s"
373901,UNCONFIRMED,"no WHO snapshot for these L4s"
313805,UNCONFIRMED,"no WHO snapshot for these L4s"
1100501,UNCONFIRMED,"no WHO snapshot for these L4s"
1110809,UNCONFIRMED,"no WHO snapshot for these L4s"
1012253,UNCONFIRMED,"no WHO snapshot for these L4s"
1086041,UNCONFIRMED,"no WHO snapshot for these L4s"
999965,GAP,"no L5 codes"
2174105,GAP,"resolver status L4_ONLY"
995837,GAP,"resolver status RETIRED_NO_REMAP"
1052633,UNCONFIRMED,"no WHO snapshot for these L4s"
1046957,UNCONFIRMED,"no WHO snapshot for these L4s"
261329,GAP,"no L5 codes"
205625,UNCONFIRMED,"no WHO snapshot for these L4s"
208985,UNCONFIRMED,"no WHO snapshot for these L4s"
857861,UNCONFIRMED,"no WHO snapshot for these L4s"
1245233,GAP,"resolver status RETIRED_NO_REMAP"
1250909,GAP,"resolver status RETIRED_NO_REMAP"
1435853,CONFIRMED,"L4 in WHO snapshot"
1250657,UNCONFIRMED,"no WHO snapshot for these L4s"
1356809,GAP,"resolver status L4_ONLY"
1367225,GAP,"resolver status L4_ONLY"
1429409,UNCONFIRMED,"no WHO snapshot for these L4s"
1487105,GAP,"resolver status L4_ONLY"
1491797,UNCONFIRMED,"no WHO snapshot for these L4s"
1250921,UNCONFIRMED,"no WHO snapshot for these L4s"
891737,GAP,"resolver status RETIRED_NO_REMAP"
755165,GAP,"resolver status RETIRED_NO_REMAP"
830873,UNCONFIRMED,"no WHO snapshot for these L4s"
896225,UNCONFIRMED,"no WHO snapshot for these L4s"
2055989,GAP,"resolver status L4_ONLY"
312881,UNCONFIRMED,"no WHO snapshot for these L4s"
902333,GAP,"resolver status RETIRED_NO_REMAP"
762677,UNCONFIRMED,"no WHO snapshot for these L4s"
831533,UNCONFIRMED,"no WHO snapshot for these L4s"
244661,GAP,"resolver status RETIRED_NO_REMAP"
1053329,UNCONFIRMED,"no WHO snapshot for these L4s"
104873,UNCONFIRMED,"no WHO snapshot for these L4s"
2044889,GAP,"resolver status L4_ONLY"
208133,UNCONFIRMED,"no WHO snapshot for these L4s"
1741529,GAP,"resolver status L4_ONLY"
1192505,UNCONFIRMED,"no WHO snapshot for these L4s"
1657997,UNCONFIRMED,"no WHO snapshot for these L4s"
1046501,GAP,"resolver status RETIRED_NO_REMAP"
1091885,GAP,"resolver status RETIRED_NO_REMAP"
581753,GAP,"resolver status L4_ONLY"
1241981,GAP,"resolver status RETIRED_NO_REMAP"
142061,GAP,"no L5 codes"
1357913,UNCONFIRMED,"no WHO snapshot for these L4s"
1798997,UNCONFIRMED,"no WHO snapshot for these L4s"
1292897,GAP,"resolver status L4_ONLY"
1594673,GAP,"resolver status L4_ONLY"
891437,UNCONFIRMED,"no WHO snapshot for these L4s"
313637,UNCONFIRMED,"no WHO snapshot for these L4s"
639497,UNCONFIRMED,"no WHO snapshot for these L4s"
901829,UNCONFIRMED,"no WHO snapshot for these L4s"
205289,UNCONFIRMED,"no WHO snapshot for these L4s"
793865,UNCONFIRMED,"no WHO snapshot for these L4s"
748961,UNCONFIRMED,"no WHO snapshot for these L4s"
899705,UNCONFIRMED,"no WHO snapshot for these L4s"
206033,UNCONFIRMED,"no WHO snapshot for these L4s"
998525,UNCONFIRMED,"no WHO snapshot for these L4s"
1012229,GAP,"resolver status L4_ONLY"
1046609,GAP,"resolver status L4_ONLY"
211865,UNCONFIRMED,"no WHO snapshot for these L4s"
2044805,UNCONFIRMED,"no WHO snapshot for these L4s"
834173,UNCONFIRMED,"no WHO snapshot for these L4s"
1095725,UNCONFIRMED,"no WHO snapshot for these L4s"
2001749,GAP,"resolver status L4_ONLY"
403937,GAP,"resolver status L4_ONLY"
484901,GAP,"resolver status RETIRED_NO_REMAP"
1053761,UNCONFIRMED,"no WHO snapshot for these L4s"
1737641,UNCONFIRMED,"no WHO snapshot for these L4s"
239237,UNCONFIRMED,"no WHO snapshot for these L4s"
249713,UNCONFIRMED,"no WHO snapshot for these L4s"
1791365,UNCONFIRMED,"no WHO snapshot for these L4s"
1232141,CONFIRMED,"L4 in WHO snapshot"
1052729,UNCONFIRMED,"no WHO snapshot for these L4s"
808025,GAP,"resolver status RETIRED_NO_REMAP"
1038929,GAP,"resolver status L4_ONLY"
1043669,UNCONFIRMED,"no WHO snapshot for these L4s"
284069,GAP,"resolver status L4_ONLY"
307745,UNCONFIRMED,"no WHO snapshot for these L4s"
1235561,UNCONFIRMED,"no WHO snapshot for these L4s"
1593569,GAP,"no L5 codes"
1251557,CONFIRMED,"L4 in WHO snapshot"
1488617,UNCONFIRMED,"no WHO snapshot for these L4s"
1551989,UNCONFIRMED,"no WHO snapshot for these L4s"
1795481,GAP,"no L5 codes"
1291133,GAP,"resolver status RETIRED_NO_REMAP"
707333,GAP,"no L5 codes"
892337,GAP,"resolver status L4_ONLY"
310313,UNCONFIRMED,"no WHO snapshot for these L4s"
763577,UNCONFIRMED,"no WHO snapshot for these L4s"
762005,UNCONFIRMED,"no WHO snapshot for these L4s"
1088549,GAP,"resolver status RETIRED_NO_REMAP"
1087457,GAP,"resolver status L4_ONLY"
998501,UNCONFIRMED,"no WHO snapshot for these L4s"
866813,UNCONFIRMED,"no WHO snapshot for these L4s"
2046149,UNCONFIRMED,"no WHO snapshot for these L4s"
846953,UNCONFIRMED,"no WHO snapshot for these L4s"
2108525,UNCONFIRMED,"no WHO snapshot for these L4s"
1101377,UNCONFIRMED,"no WHO snapshot for these L4s"
616541,GAP,"resolver status L4_ONLY"
1012685,GAP,"resolver status RETIRED_NO_REMAP"
1020053,GAP,"no L5 codes"
1085741,UNCONFIRMED,"no WHO snapshot for these L4s"
809309,GAP,"resolver status RETIRED_NO_REMAP"
1006709,UNCONFIRMED,"no WHO snapshot for these L4s"
1009433,UNCONFIRMED,"no WHO snapshot for these L4s"
617309,CONFIRMED,"L4 in WHO snapshot"
1797845,UNCONFIRMED,"no WHO snapshot for these L4s"
1798541,GAP,"no L5 codes"
1867997,GAP,"resolver status L4_ONLY"
1370213,GAP,"resolver status RETIRED_NO_REMAP"
1442585,UNCONFIRMED,"no WHO snapshot for these L4s"
1798385,UNCONFIRMED,"no WHO snapshot for these L4s"
1791065,GAP,"no L5 codes"
1808849,GAP,"resolver status L4_ONLY"
1244921,GAP,"resolver status L4_ONLY"
1422101,UNCONFIRMED,"no WHO snapshot for these L4s"
1236173,UNCONFIRMED,"no WHO snapshot for these L4s"
1440065,GAP,"resolver status L4_ONLY"
1488053,GAP,"resolver status RETIRED_NO_REMAP"
896009,UNCONFIRMED,"no WHO snapshot for these L4s"
91349,UNCONFIRMED,"no WHO snapshot for these L4s"
905093,GAP,"no L5 codes"
1090529,UNCONFIRMED,"no WHO snapshot for these L4s"
617333,CONFIRMED,"L4 in WHO snapshot"
310433,UNCONFIRMED,"no WHO snapshot for these L4s"
759869,GAP,"resolver status RETIRED_NO_REMAP"
991013,UNCONFIRMED,"no WHO snapshot for these L4s"
310541,GAP,"no L5 codes"
801005,GAP,"resolver status L4_ONLY"
1090709,GAP,"resolver status RETIRED_NO_REMAP"
998369,UNCONFIRMED,"no WHO snapshot for these L4s"
827693,GAP,"resolver status L4_ONLY"
854861,UNCONFIRMED,"no WHO snapshot for these L4s"
1101389,UNCONFIRMED,"no WHO snapshot for these L4s"
1116629,UNCONFIRMED,"no WHO snapshot for these L4s"
1037153,UNCONFIRMED,"no WHO snapshot for these L4s"
108329,UNCONFIRMED,"no WHO snapshot for these L4s"
284453,GAP,"no L5 codes"
346805,UNCONFIRMED,"no WHO snapshot for these L4s"
1047125,UNCONFIRMED,"no WHO snapshot for these L4s"
307829,UNCONFIRMED,"no WHO snapshot for these L4s"
1053005,GAP,"resolver status RETIRED_NO_REMAP"
1020065,GAP,"no L5 codes"
1809209,GAP,"resolver status RETIRED_NO_REMAP"
1314629,UNCONFIRMED,"no WHO snapshot for these L4s"
1426565,UNCONFIRMED,"no WHO snapshot for these L4s"
1494041,UNCONFIRMED,"no WHO snapshot for these L4s"
1552241,UNCONFIRMED,"no WHO snapshot for these L4s"
1869605,UNCONFIRMED,"no WHO snapshot for these L4s"
1299077,GAP,"resolver status RETIRED_NO_REMAP"
1300541,GAP,"resolver status RETIRED_NO_REMAP"
1441385,UNCONFIRMED,"no WHO snapshot for these L4s"
1943549,UNCONFIRMED,"no WHO snapshot for these L4s"
1550957,UNCONFIRMED,"no WHO snapshot for these L4s"
1544873,GAP,"resolver status L4_ONLY"
1363733,UNCONFIRMED,"no WHO snapshot for these L4s"
311933,UNCONFIRMED,"no WHO snapshot for these L4s"
308849,UNCONFIRMED,"no WHO snapshot for these L4s"
310877,UNCONFIRMED,"no WHO snapshot for these L4s"
746189,UNCONFIRMED,"no WHO snapshot for these L4s"
880853,GAP,"no L5 codes"
2045477,UNCONFIRMED,"no WHO snapshot for these L4s"
1100057,UNCONFIRMED,"no WHO snapshot for these L4s"
860741,UNCONFIRMED,"no WHO snapshot for these L4s"
248273,UNCONFIRMED,"no WHO snapshot for these L4s"
209717,UNCONFIRMED,"no WHO snapshot for these L4s"
1114865,UNCONFIRMED,"no WHO snapshot for these L4s"
1037261,CONFIRMED,"L4 in WHO snapshot"
831233,UNCONFIRMED,"no WHO snapshot for these L4s"
847121,GAP,"resolver status L4_ONLY"
312893,GAP,"no L5 codes"
856769,CONFIRMED,"L4 in WHO snapshot"
1053401,UNCONFIRMED,"no WHO snapshot for these L4s"
1737761,UNCONFIRMED,"no WHO snapshot for these L4s"
543725,UNCONFIRMED,"no WHO snapshot for these L4s"
1047041,UNCONFIRMED,"no WHO snapshot for these L4s"
1053185,GAP,"resolver status RETIRED_NO_REMAP"
1655957,UNCONFIRMED,"no WHO snapshot for these L4s"
1246061,UNCONFIRMED,"no WHO snapshot for these L4s"
1495169,UNCONFIRMED,"no WHO snapshot for these L4s"
1547981,UNCONFIRMED,"no WHO snapshot for these L4s"
243665,UNCONFIRMED,"no WHO snapshot for these L4s"
1788989,UNCONFIRMED,"no WHO snapshot for these L4s"
1537337,GAP,"no L5 codes"
1809521,GAP,"no L5 codes"
759761,UNCONFIRMED,"no WHO snapshot for these L4s"
861449,UNCONFIRMED,"no WHO snapshot for these L4s"
992477,UNCONFIRMED,"no WHO snapshot for these L4s"
198845,UNCONFIRMED,"no WHO snapshot for these L4s"
1111013,UNCONFIRMED,"no WHO snapshot for these L4s"
1111841,UNCONFIRMED,"no WHO snapshot for these L4s"
1114361,GAP,"resolver status L4_ONLY"
1149629,UNCONFIRMED,"no WHO snapshot for these L4s"
616805,UNCONFIRMED,"no WHO snapshot for these L4s"
1020365,UNCONFIRMED,"no WHO snapshot for these L4s"
1053269,GAP,"no L5 codes"
348701,GAP,"resolver status RETIRED_NO_REMAP"
2109053,GAP,"no L5 codes"
211877,UNCONFIRMED,"no WHO snapshot for these L4s"
2122805,GAP,"resolver status RETIRED_NO_REMAP"
213917,GAP,"resolver status RETIRED_NO_REMAP"
477437,GAP,"resolver status L4_ONLY"
858905,UNCONFIRMED,"no WHO snapshot for these L4s"
210137,GAP,"no L5 codes"
1657673,GAP,"resolver status RETIRED_NO_REMAP"
804617,GAP,"resolver status L4_ONLY"
1005845,UNCONFIRMED,"no WHO snapshot for these L4s"
1291085,UNCONFIRMED,"no WHO snapshot for these L4s"
1305281,UNCONFIRMED,"no WHO snapshot for these L4s"
1441553,GAP,"no L5 codes"
1540241,GAP,"resolver status L4_ONLY"
1608065,UNCONFIRMED,"no WHO snapshot for these L4s"
1371989,GAP,"resolver status L4_ONLY"
1426841,UNCONFIRMED,"no WHO snapshot for these L4s"
1595453,UNCONFIRMED,"no WHO snapshot for these L4s"
1299089,GAP,"resolver status RETIRED_NO_REMAP"
206957,UNCONFIRMED,"no WHO snapshot for these L4s"
617993,CONFIRMED,"L4 in WHO snapshot"
727505,UNCONFIRMED,"no WHO snapshot for these L4s"
755945,CONFIRMED,"L4 in WHO snapshot"
617621,GAP,"resolver status RETIRED_NO_REMAP"
672605,UNCONFIRMED,"no WHO snapshot for these L4s"
1998449,GAP,"no L5 codes"
205529,UNCONFIRMED,"no WHO snapshot for these L4s"
314021,UNCONFIRMED,"no WHO snapshot for these L4s"
205913,GAP,"no L5 codes"
2117381,UNCONFIRMED,"no WHO snapshot for these L4s"
2178281,UNCONFIRMED,"no WHO snapshot for these L4s"
2103317,GAP,"resolver status RETIRED_NO_REMAP"
1042673,UNCONFIRMED,"no WHO snapshot for these L4s"
1050077,UNCONFIRMED,"no WHO snapshot for these L4s"
240209,UNCONFIRMED,"no WHO snapshot for these L4s"
313865,UNCONFIRMED,"no WHO snapshot for these L4s"
1190921,UNCONFIRMED,"no WHO snapshot for these L4s"
1088465,GAP,"resolver status RETIRED_NO_REMAP"
1726313,GAP,"no L5 codes"
1729205,GAP,"no L5 codes"
1189781,UNCONFIRMED,"no WHO snapshot for these L4s"
831305,UNCONFIRMED,"no WHO snapshot for these L4s"
1010609,CONFIRMED,"L4 in WHO snapshot"
1049081,UNCONFIRMED,"no WHO snapshot for these L4s"
1792289,UNCONFIRMED,"no WHO snapshot for these L4s"
1310621,GAP,"resolver status RETIRED_NO_REMAP"
1362041,UNCONFIRMED,"no WHO snapshot for these L4s"
1866401,GAP,"resolver status L4_ONLY"
1870205,UNCONFIRMED,"no WHO snapshot for these L4s"
1356677,GAP,"resolver status RETIRED_NO_REMAP"
1595249,UNCONFIRMED,"no WHO snapshot for these L4s"
1736057,UNCONFIRMED,"no WHO snapshot for these L4s"
745049,UNCONFIRMED,"no WHO snapshot for these L4s"
308273,UNCONFIRMED,"no WHO snapshot for these L4s"
823877,GAP,"resolver status L4_ONLY"
1087037,GAP,"resolver status L4_ONLY"
313541,GAP,"resolver status RETIRED_NO_REMAP"
754865,GAP,"resolver status RETIRED_NO_REMAP"
994277,UNCONFIRMED,"no WHO snapshot for these L4s"
804173,UNCONFIRMED,"no WHO snapshot for these L4s"
2177921,UNCONFIRMED,"no WHO snapshot for these L4s"
406589,GAP,"resolver status RETIRED_NO_REMAP"
543989,UNCONFIRMED,"no WHO snapshot for these L4s"
544241,UNCONFIRMED,"no WHO snapshot for these L4s"
1050665,GAP,"no L5 codes"
347021,UNCONFIRMED,"no WHO snapshot for these L4s"
1090445,GAP,"resolver status RETIRED_NO_REMAP"
2181521,GAP,"resolver status RETIRED_NO_REMAP"
1006733,UNCONFIRMED,"no WHO snapshot for these L4s"
1738541,UNCONFIRMED,"no WHO snapshot for these L4s"
1660001,UNCONFIRMED,"no WHO snapshot for these L4s"
581285,UNCONFIRMED,"no WHO snapshot for these L4s"
245477,UNCONFIRMED,"no WHO snapshot for these L4s"
404081,UNCONFIRMED,"no WHO snapshot for these L4s"
562445,UNCONFIRMED,"no WHO snapshot for these L4s"
1747301,GAP,"resolver status L4_ONLY"
1874537,UNCONFIRMED,"no WHO snapshot for these L4s"
1357925,GAP,"resolver status RETIRED_NO_REMAP"
1359125,GAP,"resolver status L4_ONLY"
1360949,UNCONFIRMED,"no WHO snapshot for these L4s"
1426997,UNCONFIRMED,"no WHO snapshot for these L4s"
1599173,UNCONFIRMED,"no WHO snapshot for these L4s"
1944113,CONFIRMED,"L4 in WHO snapshot"
1294253,UNCONFIRMED,"no WHO snapshot for these L4s"
1298273,UNCONFIRMED,"no WHO snapshot for these L4s"
1363013,GAP,"resolver status RETIRED_NO_REMAP"
1305089,GAP,"resolver status L4_ONLY"
1652849,UNCONFIRMED,"no WHO snapshot for these L4s"
751877,UNCONFIRMED,"no WHO snapshot for these L4s"
993257,UNCONFIRMED,"no WHO snapshot for these L4s"
315065,UNCONFIRMED,"no WHO snapshot for these L4s"
805661,UNCONFIRMED,"no WHO snapshot for these L4s"
308909,UNCONFIRMED,"no WHO snapshot for these L4s"
883637,GAP,"resolver status RETIRED_NO_REMAP"
2058485,GAP,"resolver status L4_ONLY"
206789,UNCONFIRMED,"no WHO snapshot for these L4s"
311957,UNCONFIRMED,"no WHO snapshot for these L4s"
1986365,GAP,"no L5 codes"
2119805,UNCONFIRMED,"no WHO snapshot for these L4s"
1100933,GAP,"resolver status RETIRED_NO_REMAP"
213125,UNCONFIRMED,"no WHO snapshot for these L4s"
1000373,UNCONFIRMED,"no WHO snapshot for these L4s"
1012025,UNCONFIRMED,"no WHO snapshot for these L4s"
1039685,UNCONFIRMED,"no WHO snapshot for these L4s"
808097,GAP,"resolver status RETIRED_NO_REMAP"
199109,GAP,"resolver status RETIRED_NO_REMAP"
206225,UNCONFIRMED,"no WHO snapshot for these L4s"
1098161,GAP,"no L5 codes"
1101845,UNCONFIRMED,"no WHO snapshot for these L4s"
1012757,UNCONFIRMED,"no WHO snapshot for these L4s"
1371365,GAP,"resolver status L4_ONLY"
1293665,UNCONFIRMED,"no WHO snapshot for these L4s"
1304117,GAP,"resolver status RETIRED_NO_REMAP"
1302845,UNCONFIRMED,"no WHO snapshot for these L4s"
1435889,UNCONFIRMED,"no WHO snapshot for these L4s"
1542929,UNCONFIRMED,"no WHO snapshot for these L4s"
1942757,GAP,"resolver status L4_ONLY"
1535249,GAP,"resolver status RETIRED_NO_REMAP"
1246373,UNCONFIRMED,"no WHO snapshot for these L4s"
1310489,GAP,"resolver status RETIRED_NO_REMAP"
311369,CONFIRMED,"L4 in WHO snapshot"
827141,UNCONFIRMED,"no WHO snapshot for these L4s"
899993,UNCONFIRMED,"no WHO snapshot for these L4s"
205577,UNCONFIRMED,"no WHO snapshot for these L4s"
347741,UNCONFIRMED,"no WHO snapshot for these L4s"
308705,UNCONFIRMED,"no WHO snapshot for these L4s"
847205,UNCONFIRMED,"no WHO snapshot for these L4s"
2123045,GAP,"resolver status L4_ONLY"
1094549,GAP,"resolver status L4_ONLY"
1101857,UNCONFIRMED,"no WHO snapshot for these L4s"
1149353,GAP,"resolver status RETIRED_NO_REMAP"
484925,GAP,"resolver status L4_ONLY"
544445,UNCONFIRMED,"no WHO snapshot for these L4s"
238145,UNCONFIRMED,"no WHO snapshot for these L4s"
428633,GAP,"resolver status RETIRED_NO_REMAP"
351581,GAP,"resolver status RETIRED_NO_REMAP"
846101,GAP,"resolver status L4_ONLY"
857681,UNCONFIRMED,"no WHO snapshot for these L4s"
1738589,UNCONFIRMED,"no WHO snapshot for these L4s"
1046789,UNCONFIRMED,"no WHO snapshot for these L4s"
242993,UNCONFIRMED,"no WHO snapshot for these L4s"
1722245,UNCONFIRMED,"no WHO snapshot for these L4s"
1744049,GAP,"resolver status L4_ONLY"
1192685,GAP,"resolver status L4_ONLY"
1659149,CONFIRMED,"L4 in WHO snapshot"
1723157,UNCONFIRMED,"no WHO snapshot for these L4s"
1011689,UNCONFIRMED,"no WHO snapshot for these L4s"
1802849,UNCONFIRMED,"no WHO snapshot for these L4s"
1858385,UNCONFIRMED,"no WHO snapshot for these L4s"
1242785,UNCONFIRMED,"no WHO snapshot for these L4s"
1251401,GAP,"resolver status L4_ONLY"
1741421,GAP,"no L5 codes"
1442405,GAP,"no L5 codes"
1544645,UNCONFIRMED,"no WHO snapshot for these L4s"
1603361,UNCONFIRMED,"no WHO snapshot for these L4s"
1809077,GAP,"no L5 codes"
618797,GAP,"resolver status RETIRED_NO_REMAP"
644789,GAP,"resolver status L4_ONLY"
800957,UNCONFIRMED,"no WHO snapshot for these L4s"
891077,UNCONFIRMED,"no WHO snapshot for these L4s"
310409,UNCONFIRMED,"no WHO snapshot for these L4s"
800933,GAP,"resolver status L4_ONLY"
646817,GAP,"no L5 codes"
882533,UNCONFIRMED,"no WHO snapshot for these L4s"
806513,UNCONFIRMED,"no WHO snapshot for these L4s"
795461,GAP,"resolver status NO_ATC"
828293,UNCONFIRMED,"no WHO snapshot for these L4s"
313793,UNCONFIRMED,"no WHO snapshot for these L4s"
211637,GAP,"resolver status L4_ONLY"
1094393,UNCONFIRMED,"no WHO snapshot for these L4s"
1009241,UNCONFIRMED,"no WHO snapshot for these L4s"
239009,GAP,"no L5 codes"
207125,UNCONFIRMED,"no WHO snapshot for these L4s"
206981,UNCONFIRMED,"no WHO snapshot for these L4s"
562193,UNCONFIRMED,"no WHO snapshot for these L4s"
244541,UNCONFIRMED,"no WHO snapshot for these L4s"
860117,UNCONFIRMED,"no WHO snapshot for these L4s"
1014605,CONFIRMED,"L4 in WHO snapshot"
1730213,GAP,"resolver status RETIRED_NO_REMAP"
1042829,UNCONFIRMED,"no WHO snapshot for these L4s"
205073,GAP,"resolver status L4_ONLY"
1794905,GAP,"resolver status L4_ONLY"
1246385,GAP,"resolver status RETIRED_NO_REMAP"
1294313,UNCONFIRMED,"no WHO snapshot for these L4s"
1372925,GAP,"resolver status L4_ONLY"
1436945,GAP,"no L5 codes"
1546217,UNCONFIRMED,"no WHO snapshot for these L4s"
1812461,CONFIRMED,"L4 in WHO snapshot"
1241621,CONFIRMED,"L4 in WHO snapshot"
1247453,GAP,"resolver status L4_ONLY"
1294013,GAP,"resolver status L4_ONLY"
1737461,GAP,"no L5 codes"
1245977,GAP,"resolver status RETIRED_NO_REMAP"
1926461,UNCONFIRMED,"no WHO snapshot for these L4s"
1534829,GAP,"no L5 codes"
1484873,UNCONFIRMED,"no WHO snapshot for these L4s"
800033,UNCONFIRMED,"no WHO snapshot for these L4s"
205121,GAP,"no L5 codes"
903305,UNCONFIRMED,"no WHO snapshot for these L4s"
748865,UNCONFIRMED,"no WHO snapshot for these L4s"
902633,GAP,"resolver status RETIRED_NO_REMAP"
991553,UNCONFIRMED,"no WHO snapshot for these L4s"
900641,UNCONFIRMED,"no WHO snapshot for these L4s"
800105,UNCONFIRMED,"no WHO snapshot for these L4s"
861497,UNCONFIRMED,"no WHO snapshot for these L4s"
1087757,UNCONFIRMED,"no WHO snapshot for these L4s"
204461,GAP,"resolver status RETIRED_NO_REMAP"
314933,UNCONFIRMED,"no WHO snapshot for these L4s"
212573,GAP,"resolver status RETIRED_NO_REMAP"
1114385,UNCONFIRMED,"no WHO snapshot for these L4s"
852869,UNCONFIRMED,"no WHO snapshot for these L4s"
562781,UNCONFIRMED,"no WHO snapshot for these L4s"
860441,UNCONFIRMED,"no WHO snapshot for these L4s"
1085633,UNCONFIRMED,"no WHO snapshot for these L4s"
1049093,UNCONFIRMED,"no WHO snapshot for these L4s"
1656293,GAP,"resolver status RETIRED_NO_REMAP"
616913,UNCONFIRMED,"no WHO snapshot for these L4s"
284465,UNCONFIRMED,"no WHO snapshot for these L4s"
803369,GAP,"resolver status L4_ONLY"
1095689,GAP,"no L5 codes"
1111457,UNCONFIRMED,"no WHO snapshot for these L4s"
209609,UNCONFIRMED,"no WHO snapshot for these L4s"
209909,GAP,"resolver status RETIRED_NO_REMAP"
1045541,GAP,"resolver status L4_ONLY"
1045553,UNCONFIRMED,"no WHO snapshot for these L4s"
1362029,GAP,"resolver status RETIRED_NO_REMAP"
1486841,UNCONFIRMED,"no WHO snapshot for these L4s"
1489373,UNCONFIRMED,"no WHO snapshot for these L4s"
1648997,UNCONFIRMED,"no WHO snapshot for these L4s"
1362065,GAP,"resolver status RETIRED_NO_REMAP"
1549085,UNCONFIRMED,"no WHO snapshot for these L4s"
1809665,GAP,"no L5 codes"
1294001,UNCONFIRMED,"no WHO snapshot for these L4s"
1242845,GAP,"resolver status RETIRED_NO_REMAP"
1542941,UNCONFIRMED,"no WHO snapshot for these L4s"
1300889,GAP,"resolver status L4_ONLY"
1359293,UNCONFIRMED,"no WHO snapshot for these L4s"
1923329,GAP,"resolver status L4_ONLY"
755369,GAP,"resolver status RETIRED_NO_REMAP"
861185,UNCONFIRMED,"no WHO snapshot for these L4s"
795713,UNCONFIRMED,"no WHO snapshot for these L4s"
700949,GAP,"resolver status L4_ONLY"
2056073,GAP,"resolver status L4_ONLY"
806573,UNCONFIRMED,"no WHO snapshot for these L4s"
310205,GAP,"resolver status RETIRED_NO_REMAP"
727517,GAP,"no L5 codes"
1992305,UNCONFIRMED,"no WHO snapshot for these L4s"
1996193,UNCONFIRMED,"no WHO snapshot for these L4s"
205541,GAP,"resolver status RETIRED_NO_REMAP"
343037,UNCONFIRMED,"no WHO snapshot for these L4s"
866357,GAP,"no L5 codes"
826085,GAP,"resolver status RETIRED_NO_REMAP"
2049329,GAP,"resolver status RETIRED_NO_REMAP"
847745,CONFIRMED,"L4 in WHO snapshot"
1095545,GAP,"no L5 codes"
542045,GAP,"resolver status L4_ONLY"
584513,UNCONFIRMED,"no WHO snapshot for these L4s"
1000133,UNCONFIRMED,"no WHO snapshot for these L4s"
1010057,UNCONFIRMED,"no WHO snapshot for these L4s"
1012553,GAP,"resolver status RETIRED_NO_REMAP"
1012589,GAP,"resolver status RETIRED_NO_REMAP"
237653,GAP,"no L5 codes"
1037117,GAP,"resolver status L4_ONLY"
403853,CONFIRMED,"L4 in WHO snapshot"
208601,GAP,"resolver status L4_ONLY"
1147337,CONFIRMED,"L4 in WHO snapshot"
1090577,GAP,"no L5 codes"
1045385,GAP,"resolver status L4_ONLY"
308081,UNCONFIRMED,"no WHO snapshot for these L4s"
210761,UNCONFIRMED,"no WHO snapshot for these L4s"
1809905,UNCONFIRMED,"no WHO snapshot for these L4s"
1871453,UNCONFIRMED,"no WHO snapshot for these L4s"
1299137,UNCONFIRMED,"no WHO snapshot for these L4s"
1358993,GAP,"resolver status L4_ONLY"
1359113,UNCONFIRMED,"no WHO snapshot for these L4s"
1483721,GAP,"resolver status RETIRED_NO_REMAP"
1487369,GAP,"resolver status L4_ONLY"
1543553,UNCONFIRMED,"no WHO snapshot for these L4s"
1546601,UNCONFIRMED,"no WHO snapshot for these L4s"
1876397,UNCONFIRMED,"no WHO snapshot for these L4s"
1432541,GAP,"resolver status L4_ONLY"
1251365,UNCONFIRMED,"no WHO snapshot for these L4s"
1482821,UNCONFIRMED,"no WHO snapshot for these L4s"
1357013,GAP,"resolver status L4_ONLY"
800213,UNCONFIRMED,"no WHO snapshot for these L4s"
751553,UNCONFIRMED,"no WHO snapshot for these L4s"
994289,GAP,"resolver status L4_ONLY"
308969,UNCONFIRMED,"no WHO snapshot for these L4s"
896969,GAP,"resolver status RETIRED_NO_REMAP"
309245,GAP,"resolver status RETIRED_NO_REMAP"
861797,UNCONFIRMED,"no WHO snapshot for these L4s"
996989,UNCONFIRMED,"no WHO snapshot for these L4s"
2106377,GAP,"no L5 codes"
212345,UNCONFIRMED,"no WHO snapshot for these L4s"
413249,UNCONFIRMED,"no WHO snapshot for these L4s"
1037273,GAP,"resolver status L4_ONLY"
252965,UNCONFIRMED,"no WHO snapshot for these L4s"
349625,UNCONFIRMED,"no WHO snapshot for these L4s"
212837,UNCONFIRMED,"no WHO snapshot for these L4s"
313661,GAP,"resolver status RETIRED_NO_REMAP"
1099097,UNCONFIRMED,"no WHO snapshot for these L4s"
1190897,UNCONFIRMED,"no WHO snapshot for these L4s"
1006685,UNCONFIRMED,"no WHO snapshot for these L4s"
245249,UNCONFIRMED,"no WHO snapshot for these L4s"
1046969,UNCONFIRMED,"no WHO snapshot for these L4s"
240377,GAP,"no L5 codes"
1049693,UNCONFIRMED,"no WHO snapshot for these L4s"
1734665,UNCONFIRMED,"no WHO snapshot for these L4s"
1049549,UNCONFIRMED,"no WHO snapshot for these L4s"
1795169,UNCONFIRMED,"no WHO snapshot for these L4s"
312497,UNCONFIRMED,"no WHO snapshot for these L4s"
343013,UNCONFIRMED,"no WHO snapshot for these L4s"
1747697,CONFIRMED,"L4 in WHO snapshot"
1869797,UNCONFIRMED,"no WHO snapshot for these L4s"
1921589,UNCONFIRMED,"no WHO snapshot for these L4s"
1312265,UNCONFIRMED,"no WHO snapshot for these L4s"
1362221,UNCONFIRMED,"no WHO snapshot for these L4s"
1305257,GAP,"resolver status RETIRED_NO_REMAP"
1939361,GAP,"resolver status RETIRED_NO_REMAP"
1291949,CONFIRMED,"L4 in WHO snapshot"
1648217,UNCONFIRMED,"no WHO snapshot for these L4s"
1652093,GAP,"resolver status L4_ONLY"
729773,GAP,"resolver status L4_ONLY"
749849,UNCONFIRMED,"no WHO snapshot for these L4s"
756245,GAP,"resolver status L4_ONLY"
200141,UNCONFIRMED,"no WHO snapshot for these L4s"
861221,GAP,"resolver status L4_ONLY"
206285,UNCONFIRMED,"no WHO snapshot for these L4s"
901649,UNCONFIRMED,"no WHO snapshot for these L4s"
198473,UNCONFIRMED,"no WHO snapshot for these L4s"
198521,UNCONFIRMED,"no WHO snapshot for these L4s"
831485,UNCONFIRMED,"no WHO snapshot for these L4s"
308369,UNCONFIRMED,"no WHO snapshot for these L4s"
198953,GAP,"no L5 codes"
999749,GAP,"resolver status L4_ONLY"
260405,UNCONFIRMED,"no WHO snapshot for these L4s"
2167157,GAP,"no L5 codes"
1667909,UNCONFIRMED,"no WHO snapshot for these L4s"
1805285,UNCONFIRMED,"no WHO snapshot for these L4s"
1012421,GAP,"resolver status L4_ONLY"
1549433,UNCONFIRMED,"no WHO snapshot for these L4s"
1430453,UNCONFIRMED,"no WHO snapshot for these L4s"
1539341,UNCONFIRMED,"no WHO snapshot for these L4s"
992765,UNCONFIRMED,"no WHO snapshot for these L4s"
308513,GAP,"resolver status L4_ONLY"
312353,UNCONFIRMED,"no WHO snapshot for these L4s"
205145,GAP,"resolver status RETIRED_NO_REMAP"
664961,UNCONFIRMED,"no WHO snapshot for these L4s"
309917,GAP,"no L5 codes"
998537,GAP,"resolver status RETIRED_NO_REMAP"
637565,GAP,"resolver status L4_ONLY"
1090937,UNCONFIRMED,"no WHO snapshot for these L4s"
1115981,UNCONFIRMED,"no WHO snapshot for these L4s"
562793,GAP,"resolver status L4_ONLY"
1085777,UNCONFIRMED,"no WHO snapshot for these L4s"
1098125,GAP,"resolver status L4_ONLY"
1112489,UNCONFIRMED,"no WHO snapshot for these L4s"
1049909,UNCONFIRMED,"no WHO snapshot for these L4s"
1655489,UNCONFIRMED,"no WHO snapshot for these L4s"
579701,GAP,"resolver status RETIRED_NO_REMAP"
1039541,UNCONFIRMED,"no WHO snapshot for these L4s"
1794881,GAP,"resolver status L4_ONLY"
1000925,UNCONFIRMED,"no WHO snapshot for these L4s"
1661345,GAP,"resolver status L4_ONLY"
1798481,GAP,"resolver status L4_ONLY"
1244909,UNCONFIRMED,"no WHO snapshot for these L4s"
1483229,GAP,"resolver status RETIRED_NO_REMAP"
1487165,CONFIRMED,"L4 in WHO snapshot"
1361609,UNCONFIRMED,"no WHO snapshot for these L4s"
1426601,UNCONFIRMED,"no WHO snapshot for these L4s"
197945,GAP,"resolver status L4_ONLY"
1544717,GAP,"resolver status L4_ONLY"
1876673,GAP,"no L5 codes"
1248017,GAP,"resolver status L4_ONLY"
1536833,GAP,"resolver status L4_ONLY"
1246613,GAP,"resolver status RETIRED_NO_REMAP"
1302737,UNCONFIRMED,"no WHO snapshot for these L4s"
309305,GAP,"resolver status L4_ONLY"
672353,UNCONFIRMED,"no WHO snapshot for these L4s"
308297,GAP,"resolver status L4_ONLY"
207017,UNCONFIRMED,"no WHO snapshot for these L4s"
896789,GAP,"resolver status L4_ONLY"
205973,UNCONFIRMED,"no WHO snapshot for these L4s"
313037,UNCONFIRMED,"no WHO snapshot for these L4s"
315077,UNCONFIRMED,"no WHO snapshot for these L4s"
978077,UNCONFIRMED,"no WHO snapshot for these L4s"
857597,UNCONFIRMED,"no WHO snapshot for these L4s"
417425,GAP,"no L5 codes"
1011809,GAP,"resolver status L4_ONLY"
244613,GAP,"no L5 codes"
404285,UNCONFIRMED,"no WHO snapshot for these L4s"
831209,UNCONFIRMED,"no WHO snapshot for these L4s"
1116173,UNCONFIRMED,"no WHO snapshot for these L4s"
241793,UNCONFIRMED,"no WHO snapshot for these L4s"
1112813,GAP,"resolver status L4_ONLY"
210041,UNCONFIRMED,"no WHO snapshot for these L4s"
1859165,UNCONFIRMED,"no WHO snapshot for these L4s"
1300361,UNCONFIRMED,"no WHO snapshot for these L4s"
1304105,GAP,"resolver status L4_ONLY"
1486985,GAP,"no L5 codes"
1490021,GAP,"resolver status RETIRED_NO_REMAP"
1494173,GAP,"resolver status L4_ONLY"
1797521,UNCONFIRMED,"no WHO snapshot for these L4s"
1300901,UNCONFIRMED,"no WHO snapshot for these L4s"
197477,GAP,"resolver status L4_ONLY"
1250549,GAP,"resolver status RETIRED_NO_REMAP"
1358645,GAP,"resolver status RETIRED_NO_REMAP"
1607309,GAP,"resolver status RETIRED_NO_REMAP"
730781,UNCONFIRMED,"no WHO snapshot for these L4s"
800405,GAP,"resolver status L4_ONLY"
756221,GAP,"resolver status RETIRED_NO_REMAP"
892097,GAP,"resolver status L4_ONLY"
205817,UNCONFIRMED,"no WHO snapshot for these L4s"
809129,GAP,"resolver status RETIRED_NO_REMAP"
204509,UNCONFIRMED,"no WHO snapshot for these L4s"
352193,GAP,"resolver status RETIRED_NO_REMAP"
723533,GAP,"resolver status L4_ONLY"
310469,UNCONFIRMED,"no WHO snapshot for these L4s"
311945,UNCONFIRMED,"no WHO snapshot for these L4s"
198581,GAP,"no L5 codes"
826865,GAP,"resolver status L4_ONLY"
749861,UNCONFIRMED,"no WHO snapshot for these L4s"
317153,UNCONFIRMED,"no WHO snapshot for these L4s"
209249,UNCONFIRMED,"no WHO snapshot for these L4s"
2121065,GAP,"resolver status L4_ONLY"
2182349,UNCONFIRMED,"no WHO snapshot for these L4s"
1232621,UNCONFIRMED,"no WHO snapshot for these L4s"
1014137,GAP,"no L5 codes"
103577,UNCONFIRMED,"no WHO snapshot for these L4s"
1086257,UNCONFIRMED,"no WHO snapshot for these L4s"
1659137,CONFIRMED,"L4 in WHO snapshot"
206537,UNCONFIRMED,"no WHO snapshot for these L4s"
313625,UNCONFIRMED,"no WHO snapshot for these L4s"
212645,GAP,"no L5 codes"
349541,UNCONFIRMED,"no WHO snapshot for these L4s"
801701,UNCONFIRMED,"no WHO snapshot for these L4s"
831137,UNCONFIRMED,"no WHO snapshot for these L4s"
1154465,GAP,"resolver status RETIRED_NO_REMAP"
1100453,GAP,"resolver status L4_ONLY"
602633,GAP,"resolver status RETIRED_NO_REMAP"
283217,GAP,"resolver status L4_ONLY"
577769,GAP,"resolver status L4_ONLY"
1294025,GAP,"resolver status L4_ONLY"
1300277,UNCONFIRMED,"no WHO snapshot for these L4s"
1491881,GAP,"resolver status RETIRED_NO_REMAP"
1541213,UNCONFIRMED,"no WHO snapshot for these L4s"
1292321,GAP,"resolver status L4_ONLY"
1362053,GAP,"resolver status RETIRED_NO_REMAP"
1245545,UNCONFIRMED,"no WHO snapshot for these L4s"
1247381,GAP,"resolver status L4_ONLY"
1433885,UNCONFIRMED,"no WHO snapshot for these L4s"
309473,UNCONFIRMED,"no WHO snapshot for these L4s"
312185,UNCONFIRMED,"no WHO snapshot for these L4s"
2049725,GAP,"resolver status L4_ONLY"
205481,UNCONFIRMED,"no WHO snapshot for these L4s"
728213,GAP,"resolver status L4_ONLY"
864089,UNCONFIRMED,"no WHO snapshot for these L4s"
308417,UNCONFIRMED,"no WHO snapshot for these L4s"
995489,UNCONFIRMED,"no WHO snapshot for these L4s"
310817,CONFIRMED,"L4 in WHO snapshot"
313505,UNCONFIRMED,"no WHO snapshot for these L4s"
756269,UNCONFIRMED,"no WHO snapshot for these L4s"
204797,UNCONFIRMED,"no WHO snapshot for these L4s"
753485,UNCONFIRMED,"no WHO snapshot for these L4s"
313649,UNCONFIRMED,"no WHO snapshot for these L4s"
1006109,UNCONFIRMED,"no WHO snapshot for these L4s"
202433,CONFIRMED,"L4 in WHO snapshot"
1043729,GAP,"resolver status RETIRED_NO_REMAP"
1731737,UNCONFIRMED,"no WHO snapshot for these L4s"
1744001,CONFIRMED,"L4 in WHO snapshot"
1797857,UNCONFIRMED,"no WHO snapshot for these L4s"
1101869,UNCONFIRMED,"no WHO snapshot for these L4s"
1243889,UNCONFIRMED,"no WHO snapshot for these L4s"
1741313,GAP,"no L5 codes"
1300061,GAP,"resolver status RETIRED_NO_REMAP"
142001,UNCONFIRMED,"no WHO snapshot for these L4s"
1808189,GAP,"resolver status L4_ONLY"
1436369,GAP,"resolver status L4_ONLY"
1600925,UNCONFIRMED,"no WHO snapshot for these L4s"
895901,UNCONFIRMED,"no WHO snapshot for these L4s"
308501,UNCONFIRMED,"no WHO snapshot for these L4s"
692909,GAP,"resolver status RETIRED_NO_REMAP"
794969,UNCONFIRMED,"no WHO snapshot for these L4s"
998681,UNCONFIRMED,"no WHO snapshot for these L4s"
853517,UNCONFIRMED,"no WHO snapshot for these L4s"
1098497,GAP,"resolver status L4_ONLY"
1095485,UNCONFIRMED,"no WHO snapshot for these L4s"
1050353,GAP,"resolver status RETIRED_NO_REMAP"
1006637,GAP,"resolver status L4_ONLY"
1666829,GAP,"resolver status L4_ONLY"
211313,UNCONFIRMED,"no WHO snapshot for these L4s"
2100029,UNCONFIRMED,"no WHO snapshot for these L4s"
210521,GAP,"resolver status RETIRED_NO_REMAP"
1094141,GAP,"resolver status L4_ONLY"
1012781,GAP,"resolver status RETIRED_NO_REMAP"
1005713,CONFIRMED,"L4 in WHO snapshot"
311429,UNCONFIRMED,"no WHO snapshot for these L4s"
1657781,UNCONFIRMED,"no WHO snapshot for these L4s"
1245725,GAP,"resolver status RETIRED_NO_REMAP"
1299653,GAP,"no L5 codes"
1493153,CONFIRMED,"L4 in WHO snapshot"
1535921,GAP,"resolver status RETIRED_NO_REMAP"
1248353,GAP,"resolver status RETIRED_NO_REMAP"
1313969,GAP,"resolver status L4_ONLY"
1599809,GAP,"resolver status RETIRED_NO_REMAP"
830525,UNCONFIRMED,"no WHO snapshot for these L4s"
846161,UNCONFIRMED,"no WHO snapshot for these L4s"
750137,GAP,"no L5 codes"
1090745,GAP,"resolver status RETIRED_NO_REMAP"
207221,UNCONFIRMED,"no WHO snapshot for these L4s"
213629,UNCONFIRMED,"no WHO snapshot for these L4s"
2178941,CONFIRMED,"L4 in WHO snapshot"
616289,UNCONFIRMED,"no WHO snapshot for these L4s"
1011845,UNCONFIRMED,"no WHO snapshot for these L4s"
1012577,GAP,"resolver status RETIRED_NO_REMAP"
1085921,UNCONFIRMED,"no WHO snapshot for these L4s"
211805,UNCONFIRMED,"no WHO snapshot for these L4s"
860105,UNCONFIRMED,"no WHO snapshot for these L4s"
1012709,GAP,"resolver status L4_ONLY"
1001021,UNCONFIRMED,"no WHO snapshot for these L4s"
2172497,GAP,"resolver status RETIRED_NO_REMAP"
1737569,UNCONFIRMED,"no WHO snapshot for these L4s"
1248473,UNCONFIRMED,"no WHO snapshot for these L4s"
1596413,GAP,"no L5 codes"
1007909,UNCONFIRMED,"no WHO snapshot for these L4s"
1545149,CONFIRMED,"L4 in WHO snapshot"
1657073,UNCONFIRMED,"no WHO snapshot for these L4s"
1856273,UNCONFIRMED,"no WHO snapshot for these L4s"
253337,UNCONFIRMED,"no WHO snapshot for these L4s"
2599049,UNCONFIRMED,"no WHO snapshot for these L4s"
2629337,UNCONFIRMED,"no WHO snapshot for these L4s"
2639021,UNCONFIRMED,"no WHO snapshot for these L4s"
2639033,UNCONFIRMED,"no WHO snapshot for these L4s"
2644769,UNCONFIRMED,"no WHO snapshot for these L4s"
2700737,UNCONFIRMED,"no WHO snapshot for these L4s"
71225,UNCONFIRMED,"no WHO snapshot for these L4s"
389141,UNCONFIRMED,"no WHO snapshot for these L4s"
1114325,UNCONFIRMED,"no WHO snapshot for these L4s"
1002293,CONFIRMED,"L4 in WHO snapshot"
2637473,GAP,"resolver status L4_ONLY"
1720949,GAP,"resolver status RETIRED_NO_REMAP"
227897,UNCONFIRMED,"no WHO snapshot for these L4s"
1517,UNCONFIRMED,"no WHO snapshot for these L4s"
1923053,GAP,"resolver status L4_ONLY"
1090686,GAP,"resolver status RETIRED_NO_REMAP"
204750,GAP,"resolver status RETIRED_NO_REMAP"
206406,UNCONFIRMED,"no WHO snapshot for these L4s"
311250,GAP,"resolver status L4_ONLY"
199194,UNCONFIRMED,"no WHO snapshot for these L4s"
836286,UNCONFIRMED,"no WHO snapshot for these L4s"
308322,GAP,"resolver status L4_ONLY"
617430,CONFIRMED,"L4 in WHO snapshot"
1086990,GAP,"resolver status RETIRED_NO_REMAP"
891870,UNCONFIRMED,"no WHO snapshot for these L4s"
206754,UNCONFIRMED,"no WHO snapshot for these L4s"
806718,UNCONFIRMED,"no WHO snapshot for these L4s"
617322,CONFIRMED,"L4 in WHO snapshot"
199998,UNCONFIRMED,"no WHO snapshot for these L4s"
834150,UNCONFIRMED,"no WHO snapshot for these L4s"
212958,UNCONFIRMED,"no WHO snapshot for these L4s"
214038,UNCONFIRMED,"no WHO snapshot for these L4s"
1092378,GAP,"resolver status L4_ONLY"
1234338,GAP,"resolver status L4_ONLY"
1000050,UNCONFIRMED,"no WHO snapshot for these L4s"
1234506,GAP,"resolver status L4_ONLY"
311382,GAP,"no L5 codes"
207390,UNCONFIRMED,"no WHO snapshot for these L4s"
830538,UNCONFIRMED,"no WHO snapshot for these L4s"
848178,UNCONFIRMED,"no WHO snapshot for these L4s"
2117610,UNCONFIRMED,"no WHO snapshot for these L4s"
1149666,UNCONFIRMED,"no WHO snapshot for these L4s"
1233546,GAP,"resolver status RETIRED_NO_REMAP"
1044606,GAP,"no L5 codes"
1043658,GAP,"resolver status L4_ONLY"
545106,UNCONFIRMED,"no WHO snapshot for these L4s"
1115754,UNCONFIRMED,"no WHO snapshot for these L4s"
214050,GAP,"resolver status RETIRED_NO_REMAP"
1190850,UNCONFIRMED,"no WHO snapshot for these L4s"
1789542,GAP,"resolver status L4_ONLY"
1807638,UNCONFIRMED,"no WHO snapshot for these L4s"
1865706,UNCONFIRMED,"no WHO snapshot for these L4s"
1919082,GAP,"resolver status RETIRED_NO_REMAP"
1358514,GAP,"resolver status RETIRED_NO_REMAP"
1369962,GAP,"resolver status L4_ONLY"
1437678,UNCONFIRMED,"no WHO snapshot for these L4s"
1809834,GAP,"resolver status RETIRED_NO_REMAP"
1300074,UNCONFIRMED,"no WHO snapshot for these L4s"
1305810,CONFIRMED,"L4 in WHO snapshot"
1307862,GAP,"no L5 codes"
1867614,GAP,"resolver status L4_ONLY"
1593738,GAP,"no L5 codes"
644790,GAP,"resolver status L4_ONLY"
310866,UNCONFIRMED,"no WHO snapshot for these L4s"
669750,UNCONFIRMED,"no WHO snapshot for these L4s"
1089090,GAP,"resolver status L4_ONLY"
314106,UNCONFIRMED,"no WHO snapshot for these L4s"
313002,UNCONFIRMED,"no WHO snapshot for these L4s"
755802,UNCONFIRMED,"no WHO snapshot for these L4s"
309690,UNCONFIRMED,"no WHO snapshot for these L4s"
351582,GAP,"resolver status RETIRED_NO_REMAP"
995070,GAP,"resolver status L4_ONLY"
315186,UNCONFIRMED,"no WHO snapshot for these L4s"
858366,UNCONFIRMED,"no WHO snapshot for these L4s"
859230,UNCONFIRMED,"no WHO snapshot for these L4s"
1012266,UNCONFIRMED,"no WHO snapshot for these L4s"
261378,GAP,"resolver status RETIRED_NO_REMAP"
1006686,UNCONFIRMED,"no WHO snapshot for these L4s"
1039026,UNCONFIRMED,"no WHO snapshot for these L4s"
351330,UNCONFIRMED,"no WHO snapshot for these L4s"
312282,CONFIRMED,"L4 in WHO snapshot"
205878,UNCONFIRMED,"no WHO snapshot for these L4s"
313950,UNCONFIRMED,"no WHO snapshot for these L4s"
403914,UNCONFIRMED,"no WHO snapshot for these L4s"
834198,GAP,"resolver status RETIRED_NO_REMAP"
1233282,UNCONFIRMED,"no WHO snapshot for these L4s"
1086030,UNCONFIRMED,"no WHO snapshot for these L4s"
1044258,UNCONFIRMED,"no WHO snapshot for these L4s"
1000686,UNCONFIRMED,"no WHO snapshot for these L4s"
1053258,GAP,"resolver status L4_ONLY"
1789470,GAP,"resolver status RETIRED_NO_REMAP"
1870650,UNCONFIRMED,"no WHO snapshot for these L4s"
1301694,UNCONFIRMED,"no WHO snapshot for these L4s"
1425114,UNCONFIRMED,"no WHO snapshot for these L4s"
197970,UNCONFIRMED,"no WHO snapshot for these L4s"
1314474,UNCONFIRMED,"no WHO snapshot for these L4s"
1362918,GAP,"resolver status RETIRED_NO_REMAP"
1737582,UNCONFIRMED,"no WHO snapshot for these L4s"
1245738,GAP,"resolver status RETIRED_NO_REMAP"
1249602,UNCONFIRMED,"no WHO snapshot for these L4s"
1426278,GAP,"resolver status L4_ONLY"
1601394,UNCONFIRMED,"no WHO snapshot for these L4s"
2045382,UNCONFIRMED,"no WHO snapshot for these L4s"
755526,UNCONFIRMED,"no WHO snapshot for these L4s"
792582,UNCONFIRMED,"no WHO snapshot for these L4s"
309714,GAP,"resolver status L4_ONLY"
692658,UNCONFIRMED,"no WHO snapshot for these L4s"
204426,GAP,"resolver status L4_ONLY"
618654,UNCONFIRMED,"no WHO snapshot for these L4s"
1190538,UNCONFIRMED,"no WHO snapshot for these L4s"
1085658,UNCONFIRMED,"no WHO snapshot for these L4s"
1085994,UNCONFIRMED,"no WHO snapshot for these L4s"
1115886,UNCONFIRMED,"no WHO snapshot for these L4s"
1150122,UNCONFIRMED,"no WHO snapshot for these L4s"
1037334,GAP,"resolver status RETIRED_NO_REMAP"
244098,GAP,"resolver status L4_ONLY"
2002590,UNCONFIRMED,"no WHO snapshot for these L4s"
1116102,GAP,"resolver status L4_ONLY"
1116294,UNCONFIRMED,"no WHO snapshot for these L4s"
607038,UNCONFIRMED,"no WHO snapshot for these L4s"
1001046,UNCONFIRMED,"no WHO snapshot for these L4s"
1039446,UNCONFIRMED,"no WHO snapshot for these L4s"
1670322,GAP,"resolver status L4_ONLY"
1314654,CONFIRMED,"L4 in WHO snapshot"
1370754,UNCONFIRMED,"no WHO snapshot for these L4s"
1437306,UNCONFIRMED,"no WHO snapshot for these L4s"
1294338,UNCONFIRMED,"no WHO snapshot for these L4s"
1362030,GAP,"resolver status RETIRED_NO_REMAP"
1243998,UNCONFIRMED,"no WHO snapshot for these L4s"
1809414,GAP,"no L5 codes"
1249026,UNCONFIRMED,"no WHO snapshot for these L4s"
1251594,GAP,"resolver status RETIRED_NO_REMAP"
1362822,UNCONFIRMED,"no WHO snapshot for these L4s"
685578,UNCONFIRMED,"no WHO snapshot for these L4s"
749874,UNCONFIRMED,"no WHO snapshot for these L4s"
880890,UNCONFIRMED,"no WHO snapshot for these L4s"
1088970,GAP,"resolver status L4_ONLY"
748866,UNCONFIRMED,"no WHO snapshot for these L4s"
629994,UNCONFIRMED,"no WHO snapshot for these L4s"
309390,GAP,"resolver status L4_ONLY"
1086750,GAP,"resolver status L4_ONLY"
754986,GAP,"resolver status RETIRED_NO_REMAP"
310206,GAP,"resolver status RETIRED_NO_REMAP"
348546,GAP,"resolver status L4_ONLY"
1089918,GAP,"resolver status RETIRED_NO_REMAP"
828618,GAP,"resolver status L4_ONLY"
755010,GAP,"resolver status RETIRED_NO_REMAP"
637542,UNCONFIRMED,"no WHO snapshot for these L4s"
205530,UNCONFIRMED,"no WHO snapshot for these L4s"
857178,UNCONFIRMED,"no WHO snapshot for these L4s"
211746,UNCONFIRMED,"no WHO snapshot for these L4s"
212706,GAP,"resolver status RETIRED_NO_REMAP"
284094,GAP,"resolver status L4_ONLY"
1047786,GAP,"resolver status L4_ONLY"
1037070,UNCONFIRMED,"no WHO snapshot for these L4s"
1190166,UNCONFIRMED,"no WHO snapshot for these L4s"
207210,UNCONFIRMED,"no WHO snapshot for these L4s"
853134,GAP,"resolver status L4_ONLY"
2099286,GAP,"resolver status L4_ONLY"
211854,UNCONFIRMED,"no WHO snapshot for these L4s"
209454,GAP,"resolver status RETIRED_NO_REMAP"
485166,CONFIRMED,"L4 in WHO snapshot"
1657122,GAP,"resolver status RETIRED_NO_REMAP"
1658034,GAP,"resolver status RETIRED_NO_REMAP"
244602,GAP,"resolver status RETIRED_NO_REMAP"
212094,GAP,"resolver status L4_ONLY"
1000062,UNCONFIRMED,"no WHO snapshot for these L4s"
1293042,UNCONFIRMED,"no WHO snapshot for these L4s"
1874730,GAP,"resolver status L4_ONLY"
197406,UNCONFIRMED,"no WHO snapshot for these L4s"
1293858,UNCONFIRMED,"no WHO snapshot for these L4s"
1363782,GAP,"resolver status RETIRED_NO_REMAP"
1433802,GAP,"resolver status L4_ONLY"
1545678,GAP,"resolver status RETIRED_NO_REMAP"
1235262,GAP,"resolver status L4_ONLY"
1795950,GAP,"resolver status L4_ONLY"
1363650,GAP,"resolver status RETIRED_NO_REMAP"
1542942,UNCONFIRMED,"no WHO snapshot for these L4s"
672582,UNCONFIRMED,"no WHO snapshot for these L4s"
745302,UNCONFIRMED,"no WHO snapshot for these L4s"
891522,GAP,"resolver status L4_ONLY"
900138,GAP,"resolver status L4_ONLY"
867510,UNCONFIRMED,"no WHO snapshot for these L4s"
314058,UNCONFIRMED,"no WHO snapshot for these L4s"
891438,UNCONFIRMED,"no WHO snapshot for these L4s"
993066,UNCONFIRMED,"no WHO snapshot for these L4s"
200298,GAP,"resolver status L4_ONLY"
637458,GAP,"resolver status RETIRED_NO_REMAP"
215850,UNCONFIRMED,"no WHO snapshot for these L4s"
1094586,GAP,"resolver status RETIRED_NO_REMAP"
252006,UNCONFIRMED,"no WHO snapshot for these L4s"
213630,UNCONFIRMED,"no WHO snapshot for these L4s"
1041882,UNCONFIRMED,"no WHO snapshot for these L4s"
1086006,UNCONFIRMED,"no WHO snapshot for these L4s"
209970,GAP,"resolver status L4_ONLY"
1099446,GAP,"resolver status L4_ONLY"
211254,UNCONFIRMED,"no WHO snapshot for these L4s"
1193046,GAP,"resolver status L4_ONLY"
1046838,GAP,"resolver status RETIRED_NO_REMAP"
583482,UNCONFIRMED,"no WHO snapshot for these L4s"
1657362,UNCONFIRMED,"no WHO snapshot for these L4s"
809394,GAP,"resolver status RETIRED_NO_REMAP"
239994,UNCONFIRMED,"no WHO snapshot for these L4s"
1673298,GAP,"resolver status L4_ONLY"
1250478,UNCONFIRMED,"no WHO snapshot for these L4s"
1489374,UNCONFIRMED,"no WHO snapshot for these L4s"
1537194,UNCONFIRMED,"no WHO snapshot for these L4s"
1359894,UNCONFIRMED,"no WHO snapshot for these L4s"
1369422,GAP,"resolver status RETIRED_NO_REMAP"
1486830,GAP,"resolver status L4_ONLY"
1734354,GAP,"resolver status RETIRED_NO_REMAP"
1247814,UNCONFIRMED,"no WHO snapshot for these L4s"
1648122,GAP,"no L5 codes"
797238,GAP,"resolver status L4_ONLY"
686538,UNCONFIRMED,"no WHO snapshot for these L4s"
206526,UNCONFIRMED,"no WHO snapshot for these L4s"
312882,UNCONFIRMED,"no WHO snapshot for these L4s"
310230,UNCONFIRMED,"no WHO snapshot for these L4s"
377010,GAP,"resolver status L4_ONLY"
636822,GAP,"resolver status RETIRED_NO_REMAP"
311190,GAP,"no L5 codes"
831834,UNCONFIRMED,"no WHO snapshot for these L4s"
312378,GAP,"resolver status RETIRED_NO_REMAP"
206514,UNCONFIRMED,"no WHO snapshot for these L4s"
999630,GAP,"resolver status L4_ONLY"
748974,UNCONFIRMED,"no WHO snapshot for these L4s"
800862,UNCONFIRMED,"no WHO snapshot for these L4s"
857586,UNCONFIRMED,"no WHO snapshot for these L4s"
858798,CONFIRMED,"L4 in WHO snapshot"
1038834,UNCONFIRMED,"no WHO snapshot for these L4s"
1046562,UNCONFIRMED,"no WHO snapshot for these L4s"
857430,UNCONFIRMED,"no WHO snapshot for these L4s"
1092678,UNCONFIRMED,"no WHO snapshot for these L4s"
313806,UNCONFIRMED,"no WHO snapshot for these L4s"
2119482,GAP,"resolver status L4_ONLY"
1234986,CONFIRMED,"L4 in WHO snapshot"
605118,UNCONFIRMED,"no WHO snapshot for these L4s"
858774,UNCONFIRMED,"no WHO snapshot for these L4s"
105330,UNCONFIRMED,"no WHO snapshot for these L4s"
608934,UNCONFIRMED,"no WHO snapshot for these L4s"
252306,UNCONFIRMED,"no WHO snapshot for these L4s"
377766,UNCONFIRMED,"no WHO snapshot for these L4s"
261306,GAP,"resolver status RETIRED_NO_REMAP"
1927890,GAP,"resolver status L4_ONLY"
1235322,GAP,"resolver status L4_ONLY"
1370454,GAP,"resolver status RETIRED_NO_REMAP"
1792398,GAP,"resolver status L4_ONLY"
1294194,GAP,"resolver status RETIRED_NO_REMAP"
1376070,UNCONFIRMED,"no WHO snapshot for these L4s"
1741986,GAP,"no L5 codes"
1744398,GAP,"resolver status L4_ONLY"
1919094,UNCONFIRMED,"no WHO snapshot for these L4s"
308718,UNCONFIRMED,"no WHO snapshot for these L4s"
897846,UNCONFIRMED,"no WHO snapshot for these L4s"
2003670,GAP,"resolver status L4_ONLY"
751902,UNCONFIRMED,"no WHO snapshot for these L4s"
200010,GAP,"no L5 codes"
312894,UNCONFIRMED,"no WHO snapshot for these L4s"
312354,UNCONFIRMED,"no WHO snapshot for these L4s"
1089990,UNCONFIRMED,"no WHO snapshot for these L4s"
854166,GAP,"resolver status NO_ATC"
2099778,UNCONFIRMED,"no WHO snapshot for these L4s"
1094346,UNCONFIRMED,"no WHO snapshot for these L4s"
1099770,GAP,"resolver status L4_ONLY"
312990,UNCONFIRMED,"no WHO snapshot for these L4s"
1190646,UNCONFIRMED,"no WHO snapshot for these L4s"
1086474,UNCONFIRMED,"no WHO snapshot for these L4s"
1657074,UNCONFIRMED,"no WHO snapshot for these L4s"
1115898,GAP,"resolver status L4_ONLY"
349326,GAP,"no L5 codes"
833706,UNCONFIRMED,"no WHO snapshot for these L4s"
237402,UNCONFIRMED,"no WHO snapshot for these L4s"
1234878,UNCONFIRMED,"no WHO snapshot for these L4s"
260502,GAP,"no L5 codes"
1738590,UNCONFIRMED,"no WHO snapshot for these L4s"
1192986,GAP,"resolver status L4_ONLY"
1013046,UNCONFIRMED,"no WHO snapshot for these L4s"
308058,UNCONFIRMED,"no WHO snapshot for these L4s"
311958,UNCONFIRMED,"no WHO snapshot for these L4s"
826662,UNCONFIRMED,"no WHO snapshot for these L4s"
483438,UNCONFIRMED,"no WHO snapshot for these L4s"
1741290,GAP,"no L5 codes"
1539198,UNCONFIRMED,"no WHO snapshot for these L4s"
1595478,GAP,"resolver status L4_ONLY"
1648110,UNCONFIRMED,"no WHO snapshot for these L4s"
1442130,UNCONFIRMED,"no WHO snapshot for these L4s"
1809738,GAP,"no L5 codes"
1928082,UNCONFIRMED,"no WHO snapshot for these L4s"
1422174,UNCONFIRMED,"no WHO snapshot for these L4s"
197862,GAP,"no L5 codes"
1483554,GAP,"resolver status L4_ONLY"
1485222,UNCONFIRMED,"no WHO snapshot for these L4s"
1875558,GAP,"resolver status RETIRED_NO_REMAP"
1541610,UNCONFIRMED,"no WHO snapshot for these L4s"
1367082,UNCONFIRMED,"no WHO snapshot for these L4s"
1089078,UNCONFIRMED,"no WHO snapshot for these L4s"
995034,UNCONFIRMED,"no WHO snapshot for these L4s"
309582,GAP,"resolver status RETIRED_NO_REMAP"
198510,GAP,"resolver status RETIRED_NO_REMAP"
795642,UNCONFIRMED,"no WHO snapshot for these L4s"
1996098,GAP,"resolver status L4_ONLY"
749850,GAP,"resolver status L4_ONLY"
200334,GAP,"resolver status L4_ONLY"
309270,GAP,"resolver status L4_ONLY"
2173926,GAP,"resolver status L4_ONLY"
1113522,GAP,"resolver status L4_ONLY"
1014642,GAP,"no L5 codes"
1039746,UNCONFIRMED,"no WHO snapshot for these L4s"
2197110,UNCONFIRMED,"no WHO snapshot for these L4s"
1666758,GAP,"resolver status L4_ONLY"
1091910,UNCONFIRMED,"no WHO snapshot for these L4s"
1038798,UNCONFIRMED,"no WHO snapshot for these L4s"
857214,GAP,"resolver status RETIRED_NO_REMAP"
2167674,UNCONFIRMED,"no WHO snapshot for these L4s"
832914,UNCONFIRMED,"no WHO snapshot for these L4s"
1010946,GAP,"resolver status L4_ONLY"
1085730,UNCONFIRMED,"no WHO snapshot for these L4s"
1299054,UNCONFIRMED,"no WHO snapshot for these L4s"
1369746,UNCONFIRMED,"no WHO snapshot for these L4s"
1437690,UNCONFIRMED,"no WHO snapshot for these L4s"
1593450,GAP,"resolver status L4_ONLY"
1237110,GAP,"resolver status L4_ONLY"
1243014,UNCONFIRMED,"no WHO snapshot for these L4s"
1423674,GAP,"resolver status L4_ONLY"
1442274,UNCONFIRMED,"no WHO snapshot for these L4s"
1598826,GAP,"resolver status L4_ONLY"
1249050,UNCONFIRMED,"no WHO snapshot for these L4s"
1294266,UNCONFIRMED,"no WHO snapshot for these L4s"
1356858,GAP,"resolver status RETIRED_NO_REMAP"
1310934,UNCONFIRMED,"no WHO snapshot for these L4s"
1362234,UNCONFIRMED,"no WHO snapshot for these L4s"
1536498,GAP,"resolver status L4_ONLY"
1652634,GAP,"resolver status L4_ONLY"
1541094,UNCONFIRMED,"no WHO snapshot for these L4s"
310434,UNCONFIRMED,"no WHO snapshot for these L4s"
825186,UNCONFIRMED,"no WHO snapshot for these L4s"
1087218,UNCONFIRMED,"no WHO snapshot for these L4s"
313962,GAP,"resolver status L4_ONLY"
798426,GAP,"no L5 codes"
877014,UNCONFIRMED,"no WHO snapshot for these L4s"
204498,UNCONFIRMED,"no WHO snapshot for these L4s"
311682,UNCONFIRMED,"no WHO snapshot for these L4s"
315198,UNCONFIRMED,"no WHO snapshot for these L4s"
756138,UNCONFIRMED,"no WHO snapshot for these L4s"
347742,UNCONFIRMED,"no WHO snapshot for these L4s"
198522,UNCONFIRMED,"no WHO snapshot for these L4s"
2044962,UNCONFIRMED,"no WHO snapshot for these L4s"
207330,UNCONFIRMED,"no WHO snapshot for these L4s"
849822,GAP,"no L5 codes"
2122770,GAP,"resolver status RETIRED_NO_REMAP"
1046274,UNCONFIRMED,"no WHO snapshot for these L4s"
1046910,UNCONFIRMED,"no WHO snapshot for these L4s"
403890,GAP,"resolver status L4_ONLY"
210318,GAP,"no L5 codes"
209598,UNCONFIRMED,"no WHO snapshot for these L4s"
2174514,UNCONFIRMED,"no WHO snapshot for these L4s"
2177190,UNCONFIRMED,"no WHO snapshot for these L4s"
1037082,UNCONFIRMED,"no WHO snapshot for these L4s"
1047774,UNCONFIRMED,"no WHO snapshot for these L4s"
836358,UNCONFIRMED,"no WHO snapshot for these L4s"
245346,GAP,"resolver status L4_ONLY"
1809582,GAP,"no L5 codes"
1941198,GAP,"resolver status RETIRED_NO_REMAP"
1293510,UNCONFIRMED,"no WHO snapshot for these L4s"
1363410,UNCONFIRMED,"no WHO snapshot for these L4s"
1376094,GAP,"no L5 codes"
142002,UNCONFIRMED,"no WHO snapshot for these L4s"
1424550,GAP,"resolver status RETIRED_NO_REMAP"
1549674,GAP,"resolver status RETIRED_NO_REMAP"
1544970,GAP,"resolver status RETIRED_NO_REMAP"
992778,UNCONFIRMED,"no WHO snapshot for these L4s"
205890,UNCONFIRMED,"no WHO snapshot for these L4s"
1999026,UNCONFIRMED,"no WHO snapshot for these L4s"
750126,UNCONFIRMED,"no WHO snapshot for these L4s"
979338,GAP,"resolver status L4_ONLY"
827706,GAP,"resolver status RETIRED_NO_REMAP"
896226,UNCONFIRMED,"no WHO snapshot for these L4s"
2000538,UNCONFIRMED,"no WHO snapshot for these L4s"
856422,GAP,"resolver status L4_ONLY"
2181318,UNCONFIRMED,"no WHO snapshot for these L4s"
1095534,GAP,"no L5 codes"
1000998,UNCONFIRMED,"no WHO snapshot for these L4s"
211806,UNCONFIRMED,"no WHO snapshot for these L4s"
581658,UNCONFIRMED,"no WHO snapshot for these L4s"
1090710,GAP,"resolver status RETIRED_NO_REMAP"
1001718,UNCONFIRMED,"no WHO snapshot for these L4s"
1049886,UNCONFIRMED,"no WHO snapshot for these L4s"
1742406,GAP,"no L5 codes"
1038558,UNCONFIRMED,"no WHO snapshot for these L4s"
824190,CONFIRMED,"L4 in WHO snapshot"
1117398,GAP,"no L5 codes"
1796070,UNCONFIRMED,"no WHO snapshot for these L4s"
1863606,UNCONFIRMED,"no WHO snapshot for these L4s"
1795470,GAP,"resolver status L4_ONLY"
1298766,GAP,"resolver status RETIRED_NO_REMAP"
1427298,UNCONFIRMED,"no WHO snapshot for these L4s"
1432974,UNCONFIRMED,"no WHO snapshot for these L4s"
1858398,GAP,"resolver status RETIRED_NO_REMAP"
1359282,GAP,"resolver status RETIRED_NO_REMAP"
1428138,GAP,"resolver status L4_ONLY"
1860414,UNCONFIRMED,"no WHO snapshot for these L4s"
1540854,UNCONFIRMED,"no WHO snapshot for these L4s"
1293474,GAP,"resolver status RETIRED_NO_REMAP"
1250898,UNCONFIRMED,"no WHO snapshot for these L4s"
797274,UNCONFIRMED,"no WHO snapshot for these L4s"
310878,UNCONFIRMED,"no WHO snapshot for these L4s"
876858,GAP,"resolver status L4_ONLY"
205362,GAP,"resolver status RETIRED_NO_REMAP"
310470,UNCONFIRMED,"no WHO snapshot for these L4s"
343050,UNCONFIRMED,"no WHO snapshot for these L4s"
618606,GAP,"resolver status L4_ONLY"
313626,UNCONFIRMED,"no WHO snapshot for these L4s"
637254,GAP,"resolver status L4_ONLY"
204906,UNCONFIRMED,"no WHO snapshot for these L4s"
1086918,GAP,"resolver status RETIRED_NO_REMAP"
205818,UNCONFIRMED,"no WHO snapshot for these L4s"
1098198,UNCONFIRMED,"no WHO snapshot for these L4s"
1116150,GAP,"resolver status L4_ONLY"
1038810,GAP,"no L5 codes"
311430,UNCONFIRMED,"no WHO snapshot for these L4s"
204510,UNCONFIRMED,"no WHO snapshot for these L4s"
346806,UNCONFIRMED,"no WHO snapshot for these L4s"
857754,UNCONFIRMED,"no WHO snapshot for these L4s"
1110798,GAP,"resolver status RETIRED_NO_REMAP"
486042,GAP,"resolver status L4_ONLY"
261186,UNCONFIRMED,"no WHO snapshot for these L4s"
540582,UNCONFIRMED,"no WHO snapshot for these L4s"
1043598,UNCONFIRMED,"no WHO snapshot for these L4s"
106302,UNCONFIRMED,"no WHO snapshot for these L4s"
1795254,GAP,"resolver status L4_ONLY"
1804806,UNCONFIRMED,"no WHO snapshot for these L4s"
1359114,GAP,"resolver status L4_ONLY"
1293342,UNCONFIRMED,"no WHO snapshot for these L4s"
1300206,GAP,"resolver status L4_ONLY"
1795518,GAP,"no L5 codes"
1552014,GAP,"resolver status RETIRED_NO_REMAP"
1649526,UNCONFIRMED,"no WHO snapshot for these L4s"
1606026,GAP,"resolver status L4_ONLY"
896718,GAP,"resolver status RETIRED_NO_REMAP"
308370,UNCONFIRMED,"no WHO snapshot for these L4s"
310890,UNCONFIRMED,"no WHO snapshot for these L4s"
205914,UNCONFIRMED,"no WHO snapshot for these L4s"
901818,GAP,"resolver status RETIRED_NO_REMAP"
308238,GAP,"resolver status L4_ONLY"
748962,UNCONFIRMED,"no WHO snapshot for these L4s"
309774,UNCONFIRMED,"no WHO snapshot for these L4s"
333834,UNCONFIRMED,"no WHO snapshot for these L4s"
730866,CONFIRMED,"L4 in WHO snapshot"
727518,GAP,"no L5 codes"
348870,UNCONFIRMED,"no WHO snapshot for these L4s"
346650,UNCONFIRMED,"no WHO snapshot for these L4s"
800790,UNCONFIRMED,"no WHO snapshot for these L4s"
860430,UNCONFIRMED,"no WHO snapshot for these L4s"
1013934,UNCONFIRMED,"no WHO snapshot for these L4s"
308106,UNCONFIRMED,"no WHO snapshot for these L4s"
1052670,GAP,"resolver status L4_ONLY"
2047614,GAP,"no L5 codes"
1099026,UNCONFIRMED,"no WHO snapshot for these L4s"
1046646,UNCONFIRMED,"no WHO snapshot for these L4s"
1052982,UNCONFIRMED,"no WHO snapshot for these L4s"
1235490,UNCONFIRMED,"no WHO snapshot for these L4s"
1660758,UNCONFIRMED,"no WHO snapshot for these L4s"
313578,GAP,"no L5 codes"
1090794,GAP,"resolver status RETIRED_NO_REMAP"
860034,UNCONFIRMED,"no WHO snapshot for these L4s"
1249110,GAP,"resolver status RETIRED_NO_REMAP"
1424274,UNCONFIRMED,"no WHO snapshot for these L4s"
1425510,UNCONFIRMED,"no WHO snapshot for these L4s"
1366206,UNCONFIRMED,"no WHO snapshot for these L4s"
708018,GAP,"resolver status RETIRED_NO_REMAP"
655050,GAP,"resolver status RETIRED_NO_REMAP"
731538,UNCONFIRMED,"no WHO snapshot for these L4s"
309846,UNCONFIRMED,"no WHO snapshot for these L4s"
978954,UNCONFIRMED,"no WHO snapshot for these L4s"
637518,GAP,"resolver status L4_ONLY"
880326,GAP,"resolver status L4_ONLY"
861222,GAP,"resolver status L4_ONLY"
349626,GAP,"resolver status RETIRED_NO_REMAP"
359322,UNCONFIRMED,"no WHO snapshot for these L4s"
309318,GAP,"resolver status L4_ONLY"
1089030,GAP,"resolver status L4_ONLY"
200082,CONFIRMED,"L4 in WHO snapshot"
849750,GAP,"no L5 codes"
543666,UNCONFIRMED,"no WHO snapshot for these L4s"
857838,GAP,"resolver status RETIRED_NO_REMAP"
260406,UNCONFIRMED,"no WHO snapshot for these L4s"
562830,GAP,"resolver status RETIRED_NO_REMAP"
1041498,UNCONFIRMED,"no WHO snapshot for these L4s"
1041810,UNCONFIRMED,"no WHO snapshot for these L4s"
1014318,UNCONFIRMED,"no WHO snapshot for these L4s"
836634,GAP,"no L5 codes"
855162,UNCONFIRMED,"no WHO snapshot for these L4s"
211890,UNCONFIRMED,"no WHO snapshot for these L4s"
2173662,GAP,"resolver status L4_ONLY"
1115730,GAP,"resolver status L4_ONLY"
198534,UNCONFIRMED,"no WHO snapshot for these L4s"
2047602,GAP,"no L5 codes"
211974,UNCONFIRMED,"no WHO snapshot for these L4s"
485550,GAP,"resolver status L4_ONLY"
1729446,GAP,"resolver status RETIRED_NO_REMAP"
1233294,UNCONFIRMED,"no WHO snapshot for these L4s"
242706,GAP,"no L5 codes"
1234242,UNCONFIRMED,"no WHO snapshot for these L4s"
242946,UNCONFIRMED,"no WHO snapshot for these L4s"
1001010,UNCONFIRMED,"no WHO snapshot for these L4s"
1868562,UNCONFIRMED,"no WHO snapshot for these L4s"
1235874,UNCONFIRMED,"no WHO snapshot for these L4s"
1357866,GAP,"resolver status RETIRED_NO_REMAP"
1363026,GAP,"resolver status RETIRED_NO_REMAP"
1488366,GAP,"resolver status L4_ONLY"
211962,UNCONFIRMED,"no WHO snapshot for these L4s"
1424850,GAP,"resolver status L4_ONLY"
1540278,UNCONFIRMED,"no WHO snapshot for these L4s"
1608258,GAP,"resolver status L4_ONLY"
1873470,GAP,"no L5 codes"
1545174,UNCONFIRMED,"no WHO snapshot for these L4s"
727494,GAP,"no L5 codes"
1089822,GAP,"resolver status L4_ONLY"
618378,GAP,"resolver status RETIRED_NO_REMAP"
755838,UNCONFIRMED,"no WHO snapshot for these L4s"
861510,UNCONFIRMED,"no WHO snapshot for these L4s"
998526,UNCONFIRMED,"no WHO snapshot for these L4s"
1992282,UNCONFIRMED,"no WHO snapshot for these L4s"
795186,GAP,"resolver status RETIRED_NO_REMAP"
692730,UNCONFIRMED,"no WHO snapshot for these L4s"
999990,CONFIRMED,"L4 in WHO snapshot"
313134,CONFIRMED,"L4 in WHO snapshot"
992754,UNCONFIRMED,"no WHO snapshot for these L4s"
998466,GAP,"resolver status RETIRED_NO_REMAP"
210078,UNCONFIRMED,"no WHO snapshot for these L4s"
1101942,UNCONFIRMED,"no WHO snapshot for these L4s"
2168502,UNCONFIRMED,"no WHO snapshot for these L4s"
247086,GAP,"resolver status L4_ONLY"
251406,UNCONFIRMED,"no WHO snapshot for these L4s"
283602,GAP,"no L5 codes"
1655934,UNCONFIRMED,"no WHO snapshot for these L4s"
1148394,GAP,"no L5 codes"
205626,UNCONFIRMED,"no WHO snapshot for these L4s"
317862,UNCONFIRMED,"no WHO snapshot for these L4s"
1116186,UNCONFIRMED,"no WHO snapshot for these L4s"
1189818,CONFIRMED,"L4 in WHO snapshot"
206178,UNCONFIRMED,"no WHO snapshot for these L4s"
543786,GAP,"resolver status L4_ONLY"
1049910,UNCONFIRMED,"no WHO snapshot for these L4s"
1046442,UNCONFIRMED,"no WHO snapshot for these L4s"
849450,UNCONFIRMED,"no WHO snapshot for these L4s"
404334,UNCONFIRMED,"no WHO snapshot for these L4s"
545118,UNCONFIRMED,"no WHO snapshot for these L4s"
1797906,UNCONFIRMED,"no WHO snapshot for these L4s"
1876674,GAP,"no L5 codes"
1809438,GAP,"no L5 codes"
1536882,GAP,"resolver status L4_ONLY"
1247658,GAP,"no L5 codes"
892830,UNCONFIRMED,"no WHO snapshot for these L4s"
998514,UNCONFIRMED,"no WHO snapshot for these L4s"
308898,UNCONFIRMED,"no WHO snapshot for these L4s"
904938,GAP,"resolver status RETIRED_NO_REMAP"
830778,GAP,"resolver status L4_ONLY"
903438,UNCONFIRMED,"no WHO snapshot for these L4s"
312018,UNCONFIRMED,"no WHO snapshot for these L4s"
351594,GAP,"resolver status RETIRED_NO_REMAP"
801486,UNCONFIRMED,"no WHO snapshot for these L4s"
900438,UNCONFIRMED,"no WHO snapshot for these L4s"
310326,UNCONFIRMED,"no WHO snapshot for these L4s"
968670,GAP,"resolver status RETIRED_NO_REMAP"
896862,UNCONFIRMED,"no WHO snapshot for these L4s"
1087026,GAP,"resolver status L4_ONLY"
208590,UNCONFIRMED,"no WHO snapshot for these L4s"
209814,GAP,"resolver status RETIRED_NO_REMAP"
1093230,UNCONFIRMED,"no WHO snapshot for these L4s"
1094538,GAP,"resolver status L4_ONLY"
1101546,GAP,"resolver status RETIRED_NO_REMAP"
1098930,GAP,"resolver status RETIRED_NO_REMAP"
1053282,UNCONFIRMED,"no WHO snapshot for these L4s"
1658262,UNCONFIRMED,"no WHO snapshot for these L4s"
809382,GAP,"resolver status RETIRED_NO_REMAP"
1101534,GAP,"resolver status L4_ONLY"
311454,CONFIRMED,"L4 in WHO snapshot"
352350,UNCONFIRMED,"no WHO snapshot for these L4s"
312738,GAP,"no L5 codes"
242538,UNCONFIRMED,"no WHO snapshot for these L4s"
1789746,UNCONFIRMED,"no WHO snapshot for these L4s"
1006122,UNCONFIRMED,"no WHO snapshot for these L4s"
1669854,GAP,"resolver status L4_ONLY"
602598,UNCONFIRMED,"no WHO snapshot for these L4s"
846918,CONFIRMED,"L4 in WHO snapshot"
209826,GAP,"resolver status L4_ONLY"
1794882,UNCONFIRMED,"no WHO snapshot for these L4s"
284430,UNCONFIRMED,"no WHO snapshot for these L4s"
1741758,GAP,"resolver status RETIRED_NO_REMAP"
1491834,CONFIRMED,"L4 in WHO snapshot"
1432482,UNCONFIRMED,"no WHO snapshot for these L4s"
1491882,UNCONFIRMED,"no WHO snapshot for these L4s"
1551498,UNCONFIRMED,"no WHO snapshot for these L4s"
1441398,UNCONFIRMED,"no WHO snapshot for these L4s"
1600974,UNCONFIRMED,"no WHO snapshot for these L4s"
1373034,GAP,"resolver status RETIRED_NO_REMAP"
1482642,GAP,"resolver status RETIRED_NO_REMAP"
1594962,GAP,"resolver status L4_ONLY"
205542,GAP,"resolver status RETIRED_NO_REMAP"
753522,UNCONFIRMED,"no WHO snapshot for these L4s"
308274,UNCONFIRMED,"no WHO snapshot for these L4s"
309414,GAP,"resolver status RETIRED_NO_REMAP"
880878,GAP,"no L5 codes"
2003190,UNCONFIRMED,"no WHO snapshot for these L4s"
211194,GAP,"resolver status L4_ONLY"
1145610,UNCONFIRMED,"no WHO snapshot for these L4s"
562662,UNCONFIRMED,"no WHO snapshot for these L4s"
1658106,GAP,"no L5 codes"
857742,UNCONFIRMED,"no WHO snapshot for these L4s"
212586,GAP,"no L5 codes"
1100070,GAP,"resolver status L4_ONLY"
2123034,CONFIRMED,"L4 in WHO snapshot"
1098498,GAP,"resolver status L4_ONLY"
1111662,GAP,"resolver status RETIRED_NO_REMAP"
1000638,UNCONFIRMED,"no WHO snapshot for these L4s"
259590,GAP,"resolver status L4_ONLY"
1191414,GAP,"resolver status L4_ONLY"
603810,GAP,"resolver status RETIRED_NO_REMAP"
607026,UNCONFIRMED,"no WHO snapshot for these L4s"
1000074,UNCONFIRMED,"no WHO snapshot for these L4s"
244458,GAP,"no L5 codes"
1291266,GAP,"resolver status L4_ONLY"
1293726,UNCONFIRMED,"no WHO snapshot for these L4s"
1545786,GAP,"resolver status RETIRED_NO_REMAP"
1796730,UNCONFIRMED,"no WHO snapshot for these L4s"
1809666,GAP,"resolver status RETIRED_NO_REMAP"
1870230,UNCONFIRMED,"no WHO snapshot for these L4s"
1249758,GAP,"resolver status L4_ONLY"
1422078,UNCONFIRMED,"no WHO snapshot for these L4s"
1298226,GAP,"resolver status L4_ONLY"
308418,UNCONFIRMED,"no WHO snapshot for these L4s"
978030,UNCONFIRMED,"no WHO snapshot for these L4s"
656862,UNCONFIRMED,"no WHO snapshot for these L4s"
848214,UNCONFIRMED,"no WHO snapshot for these L4s"
1101738,UNCONFIRMED,"no WHO snapshot for these L4s"
1112730,GAP,"resolver status RETIRED_NO_REMAP"
541878,GAP,"resolver status L4_ONLY"
1667886,GAP,"no L5 codes"
2184150,UNCONFIRMED,"no WHO snapshot for these L4s"
849930,UNCONFIRMED,"no WHO snapshot for these L4s"
855666,UNCONFIRMED,"no WHO snapshot for these L4s"
1114842,UNCONFIRMED,"no WHO snapshot for these L4s"
2001750,GAP,"resolver status L4_ONLY"
204642,GAP,"no L5 codes"
2169138,UNCONFIRMED,"no WHO snapshot for these L4s"
1005834,GAP,"resolver status L4_ONLY"
1040058,GAP,"resolver status L4_ONLY"
249066,UNCONFIRMED,"no WHO snapshot for these L4s"
1052946,GAP,"resolver status RETIRED_NO_REMAP"
995958,UNCONFIRMED,"no WHO snapshot for these L4s"
1101858,UNCONFIRMED,"no WHO snapshot for these L4s"
284250,UNCONFIRMED,"no WHO snapshot for these L4s"
1006110,UNCONFIRMED,"no WHO snapshot for these L4s"
1291158,UNCONFIRMED,"no WHO snapshot for these L4s"
1363794,UNCONFIRMED,"no WHO snapshot for these L4s"
1483218,UNCONFIRMED,"no WHO snapshot for these L4s"
1538130,UNCONFIRMED,"no WHO snapshot for these L4s"
197310,UNCONFIRMED,"no WHO snapshot for these L4s"
1592802,UNCONFIRMED,"no WHO snapshot for these L4s"
1859370,GAP,"no L5 codes"
1244562,UNCONFIRMED,"no WHO snapshot for these L4s"
797730,UNCONFIRMED,"no WHO snapshot for these L4s"
800106,UNCONFIRMED,"no WHO snapshot for these L4s"
1090482,GAP,"resolver status L4_ONLY"
1986870,UNCONFIRMED,"no WHO snapshot for these L4s"
905154,UNCONFIRMED,"no WHO snapshot for these L4s"
752814,CONFIRMED,"L4 in WHO snapshot"
977526,CONFIRMED,"L4 in WHO snapshot"
310134,UNCONFIRMED,"no WHO snapshot for these L4s"
863538,UNCONFIRMED,"no WHO snapshot for these L4s"
861498,UNCONFIRMED,"no WHO snapshot for these L4s"
857118,CONFIRMED,"L4 in WHO snapshot"
858138,UNCONFIRMED,"no WHO snapshot for these L4s"
1657026,GAP,"resolver status L4_ONLY"
1658178,UNCONFIRMED,"no WHO snapshot for these L4s"
1147026,UNCONFIRMED,"no WHO snapshot for these L4s"
847014,GAP,"resolver status L4_ONLY"
1116090,UNCONFIRMED,"no WHO snapshot for these L4s"
857610,UNCONFIRMED,"no WHO snapshot for these L4s"
1053582,GAP,"resolver status RETIRED_NO_REMAP"
251478,GAP,"resolver status RETIRED_NO_REMAP"
259218,UNCONFIRMED,"no WHO snapshot for these L4s"
1232298,UNCONFIRMED,"no WHO snapshot for these L4s"
2101530,UNCONFIRMED,"no WHO snapshot for these L4s"
603642,UNCONFIRMED,"no WHO snapshot for these L4s"
1251486,UNCONFIRMED,"no WHO snapshot for these L4s"
1291374,UNCONFIRMED,"no WHO snapshot for these L4s"
1362054,UNCONFIRMED,"no WHO snapshot for these L4s"
1535250,UNCONFIRMED,"no WHO snapshot for these L4s"
1876614,UNCONFIRMED,"no WHO snapshot for these L4s"
670086,UNCONFIRMED,"no WHO snapshot for these L4s"
991326,GAP,"resolver status L4_ONLY"
992766,UNCONFIRMED,"no WHO snapshot for these L4s"
308502,UNCONFIRMED,"no WHO snapshot for these L4s"
1087302,GAP,"resolver status L4_ONLY"
995118,GAP,"resolver status L4_ONLY"
748806,GAP,"resolver status L4_ONLY"
979446,UNCONFIRMED,"no WHO snapshot for these L4s"
999618,GAP,"no L5 codes"
313254,UNCONFIRMED,"no WHO snapshot for these L4s"
856710,UNCONFIRMED,"no WHO snapshot for these L4s"
1006698,UNCONFIRMED,"no WHO snapshot for these L4s"
1190334,GAP,"resolver status L4_ONLY"
856806,UNCONFIRMED,"no WHO snapshot for these L4s"
1101366,GAP,"resolver status RETIRED_NO_REMAP"
1190034,UNCONFIRMED,"no WHO snapshot for these L4s"
205710,UNCONFIRMED,"no WHO snapshot for these L4s"
847734,UNCONFIRMED,"no WHO snapshot for these L4s"
1048134,UNCONFIRMED,"no WHO snapshot for these L4s"
1085742,UNCONFIRMED,"no WHO snapshot for these L4s"
1654662,GAP,"resolver status L4_ONLY"
1734942,GAP,"no L5 codes"
1010238,GAP,"resolver status L4_ONLY"
540102,GAP,"resolver status RETIRED_NO_REMAP"
359934,UNCONFIRMED,"no WHO snapshot for these L4s"
1111086,GAP,"resolver status L4_ONLY"
1113390,UNCONFIRMED,"no WHO snapshot for these L4s"
1113714,GAP,"resolver status L4_ONLY"
212778,UNCONFIRMED,"no WHO snapshot for these L4s"
307758,UNCONFIRMED,"no WHO snapshot for these L4s"
1012278,UNCONFIRMED,"no WHO snapshot for these L4s"
1043646,UNCONFIRMED,"no WHO snapshot for these L4s"
1249710,UNCONFIRMED,"no WHO snapshot for these L4s"
1303746,GAP,"resolver status L4_ONLY"
1311150,GAP,"resolver status RETIRED_NO_REMAP"
1314402,GAP,"resolver status RETIRED_NO_REMAP"
1360638,GAP,"resolver status L4_ONLY"
1483194,UNCONFIRMED,"no WHO snapshot for these L4s"
1536474,GAP,"resolver status L4_ONLY"
1442970,GAP,"resolver status RETIRED_NO_REMAP"
1548714,UNCONFIRMED,"no WHO snapshot for these L4s"
1293834,UNCONFIRMED,"no WHO snapshot for these L4s"
702306,UNCONFIRMED,"no WHO snapshot for these L4s"
724590,GAP,"no L5 codes"
755970,GAP,"resolver status RETIRED_NO_REMAP"
668658,UNCONFIRMED,"no WHO snapshot for these L4s"
1996206,GAP,"resolver status L4_ONLY"
866214,GAP,"resolver status L4_ONLY"
905310,GAP,"resolver status L4_ONLY"
308922,UNCONFIRMED,"no WHO snapshot for these L4s"
387090,UNCONFIRMED,"no WHO snapshot for these L4s"
202098,UNCONFIRMED,"no WHO snapshot for these L4s"
998538,UNCONFIRMED,"no WHO snapshot for these L4s"
809346,UNCONFIRMED,"no WHO snapshot for these L4s"
849546,GAP,"resolver status RETIRED_NO_REMAP"
210390,UNCONFIRMED,"no WHO snapshot for these L4s"
1189206,GAP,"resolver status RETIRED_NO_REMAP"
1001082,UNCONFIRMED,"no WHO snapshot for these L4s"
1000890,UNCONFIRMED,"no WHO snapshot for these L4s"
307650,CONFIRMED,"L4 in WHO snapshot"
1012002,UNCONFIRMED,"no WHO snapshot for these L4s"
1716042,GAP,"resolver status L4_ONLY"
2109606,UNCONFIRMED,"no WHO snapshot for these L4s"
1099602,UNCONFIRMED,"no WHO snapshot for these L4s"
1117122,UNCONFIRMED,"no WHO snapshot for these L4s"
203970,UNCONFIRMED,"no WHO snapshot for these L4s"
1111350,UNCONFIRMED,"no WHO snapshot for these L4s"
582966,UNCONFIRMED,"no WHO snapshot for these L4s"
245454,GAP,"resolver status RETIRED_NO_REMAP"
1042818,UNCONFIRMED,"no WHO snapshot for these L4s"
884202,UNCONFIRMED,"no WHO snapshot for these L4s"
1053426,UNCONFIRMED,"no WHO snapshot for these L4s"
1294350,UNCONFIRMED,"no WHO snapshot for these L4s"
1356330,UNCONFIRMED,"no WHO snapshot for these L4s"
1363770,UNCONFIRMED,"no WHO snapshot for these L4s"
1247574,UNCONFIRMED,"no WHO snapshot for these L4s"
1367214,CONFIRMED,"L4 in WHO snapshot"
1373130,GAP,"resolver status L4_ONLY"
1534818,UNCONFIRMED,"no WHO snapshot for these L4s"
1799178,GAP,"resolver status L4_ONLY"
1291386,UNCONFIRMED,"no WHO snapshot for these L4s"
1366950,GAP,"resolver status RETIRED_NO_REMAP"
1546074,UNCONFIRMED,"no WHO snapshot for these L4s"
1087410,GAP,"resolver status L4_ONLY"
996738,GAP,"resolver status L4_ONLY"
803310,UNCONFIRMED,"no WHO snapshot for these L4s"
847254,GAP,"resolver status L4_ONLY"
1101486,UNCONFIRMED,"no WHO snapshot for these L4s"
476466,UNCONFIRMED,"no WHO snapshot for these L4s"
1013034,UNCONFIRMED,"no WHO snapshot for these L4s"
199134,UNCONFIRMED,"no WHO snapshot for these L4s"
1094022,GAP,"resolver status L4_ONLY"
824586,GAP,"no L5 codes"
831150,UNCONFIRMED,"no WHO snapshot for these L4s"
2178102,UNCONFIRMED,"no WHO snapshot for these L4s"
240738,UNCONFIRMED,"no WHO snapshot for these L4s"
1654914,UNCONFIRMED,"no WHO snapshot for these L4s"
307746,GAP,"resolver status L4_ONLY"
1232646,GAP,"resolver status RETIRED_NO_REMAP"
242694,GAP,"no L5 codes"
1098366,GAP,"resolver status L4_ONLY"
237654,GAP,"no L5 codes"
1870686,UNCONFIRMED,"no WHO snapshot for these L4s"
1248750,UNCONFIRMED,"no WHO snapshot for these L4s"
1250490,UNCONFIRMED,"no WHO snapshot for these L4s"
1359126,GAP,"resolver status L4_ONLY"
1425498,UNCONFIRMED,"no WHO snapshot for these L4s"
1603470,UNCONFIRMED,"no WHO snapshot for these L4s"
1242114,GAP,"resolver status RETIRED_NO_REMAP"
1242618,GAP,"resolver status L4_ONLY"
1356834,GAP,"resolver status RETIRED_NO_REMAP"
1373322,UNCONFIRMED,"no WHO snapshot for these L4s"
1294602,CONFIRMED,"L4 in WHO snapshot"
1244514,UNCONFIRMED,"no WHO snapshot for these L4s"
1244634,UNCONFIRMED,"no WHO snapshot for these L4s"
861738,UNCONFIRMED,"no WHO snapshot for these L4s"
204630,UNCONFIRMED,"no WHO snapshot for these L4s"
310626,UNCONFIRMED,"no WHO snapshot for these L4s"
992910,UNCONFIRMED,"no WHO snapshot for these L4s"
1086966,GAP,"resolver status RETIRED_NO_REMAP"
900462,UNCONFIRMED,"no WHO snapshot for these L4s"
827346,UNCONFIRMED,"no WHO snapshot for these L4s"
790302,UNCONFIRMED,"no WHO snapshot for these L4s"
2003130,GAP,"resolver status L4_ONLY"
1111758,GAP,"resolver status RETIRED_NO_REMAP"
1234482,GAP,"resolver status L4_ONLY"
307710,UNCONFIRMED,"no WHO snapshot for these L4s"
1052466,GAP,"resolver status L4_ONLY"
307686,GAP,"resolver status L4_ONLY"
2107062,UNCONFIRMED,"no WHO snapshot for these L4s"
1014018,UNCONFIRMED,"no WHO snapshot for these L4s"
260394,UNCONFIRMED,"no WHO snapshot for these L4s"
237378,GAP,"resolver status RETIRED_NO_REMAP"
1049898,UNCONFIRMED,"no WHO snapshot for these L4s"
1052610,UNCONFIRMED,"no WHO snapshot for these L4s"
1248486,UNCONFIRMED,"no WHO snapshot for these L4s"
1494174,GAP,"resolver status L4_ONLY"
1537434,UNCONFIRMED,"no WHO snapshot for these L4s"
1292982,GAP,"resolver status RETIRED_NO_REMAP"
1297542,GAP,"resolver status L4_ONLY"
1311810,UNCONFIRMED,"no WHO snapshot for these L4s"
731526,UNCONFIRMED,"no WHO snapshot for these L4s"
308310,GAP,"resolver status L4_ONLY"
199842,GAP,"resolver status L4_ONLY"
204474,UNCONFIRMED,"no WHO snapshot for these L4s"
206286,UNCONFIRMED,"no WHO snapshot for these L4s"
848166,UNCONFIRMED,"no WHO snapshot for these L4s"
543018,GAP,"resolver status L4_ONLY"
1037274,GAP,"resolver status L4_ONLY"
1053618,GAP,"resolver status L4_ONLY"
1046238,GAP,"resolver status L4_ONLY"
1732122,UNCONFIRMED,"no WHO snapshot for these L4s"
205218,UNCONFIRMED,"no WHO snapshot for these L4s"
310818,CONFIRMED,"L4 in WHO snapshot"
371226,UNCONFIRMED,"no WHO snapshot for these L4s"
856962,CONFIRMED,"L4 in WHO snapshot"
858726,GAP,"resolver status L4_ONLY"
1000122,UNCONFIRMED,"no WHO snapshot for these L4s"
1012626,GAP,"resolver status RETIRED_NO_REMAP"
1043322,UNCONFIRMED,"no WHO snapshot for these L4s"
1006710,UNCONFIRMED,"no WHO snapshot for these L4s"
1721082,GAP,"no L5 codes"
1114098,GAP,"no L5 codes"
242814,UNCONFIRMED,"no WHO snapshot for these L4s"
2179758,UNCONFIRMED,"no WHO snapshot for these L4s"
1005858,UNCONFIRMED,"no WHO snapshot for these L4s"
1598322,UNCONFIRMED,"no WHO snapshot for these L4s"
1807518,UNCONFIRMED,"no WHO snapshot for these L4s"
1546194,UNCONFIRMED,"no WHO snapshot for these L4s"
1799886,GAP,"no L5 codes"
1803930,GAP,"no L5 codes"
1942710,UNCONFIRMED,"no WHO snapshot for these L4s"
1310718,UNCONFIRMED,"no WHO snapshot for these L4s"
1313298,GAP,"resolver status L4_ONLY"
1313070,UNCONFIRMED,"no WHO snapshot for these L4s"
1603290,GAP,"resolver status L4_ONLY"
754902,UNCONFIRMED,"no WHO snapshot for these L4s"
705726,GAP,"resolver status L4_ONLY"
883806,UNCONFIRMED,"no WHO snapshot for these L4s"
309246,GAP,"resolver status RETIRED_NO_REMAP"
410226,GAP,"resolver status L4_ONLY"
198474,UNCONFIRMED,"no WHO snapshot for these L4s"
2177922,UNCONFIRMED,"no WHO snapshot for these L4s"
207270,GAP,"resolver status RETIRED_NO_REMAP"
2122902,UNCONFIRMED,"no WHO snapshot for these L4s"
1014594,GAP,"resolver status RETIRED_NO_REMAP"
1053318,GAP,"resolver status RETIRED_NO_REMAP"
243810,GAP,"resolver status RETIRED_NO_REMAP"
857766,UNCONFIRMED,"no WHO snapshot for these L4s"
1363830,GAP,"resolver status RETIRED_NO_REMAP"
1495050,GAP,"no L5 codes"
1489158,UNCONFIRMED,"no WHO snapshot for these L4s"
1801146,UNCONFIRMED,"no WHO snapshot for these L4s"
1242246,GAP,"resolver status RETIRED_NO_REMAP"
1243218,GAP,"resolver status RETIRED_NO_REMAP"
1357422,GAP,"resolver status L4_ONLY"
1242042,GAP,"resolver status RETIRED_NO_REMAP"
1244154,GAP,"resolver status RETIRED_NO_REMAP"
1792386,GAP,"resolver status L4_ONLY"
1918242,UNCONFIRMED,"no WHO snapshot for these L4s"
1597902,UNCONFIRMED,"no WHO snapshot for these L4s"
902574,UNCONFIRMED,"no WHO snapshot for these L4s"
309558,GAP,"resolver status RETIRED_NO_REMAP"
905034,GAP,"no L5 codes"
313902,UNCONFIRMED,"no WHO snapshot for these L4s"
308358,UNCONFIRMED,"no WHO snapshot for these L4s"
205074,UNCONFIRMED,"no WHO snapshot for these L4s"
825318,UNCONFIRMED,"no WHO snapshot for these L4s"
753486,UNCONFIRMED,"no WHO snapshot for these L4s"
744846,UNCONFIRMED,"no WHO snapshot for these L4s"
1986378,GAP,"resolver status L4_ONLY"
997518,UNCONFIRMED,"no WHO snapshot for these L4s"
824574,GAP,"resolver status L4_ONLY"
834786,UNCONFIRMED,"no WHO snapshot for these L4s"
847626,GAP,"resolver status L4_ONLY"
857718,UNCONFIRMED,"no WHO snapshot for these L4s"
2109438,UNCONFIRMED,"no WHO snapshot for these L4s"
1666374,UNCONFIRMED,"no WHO snapshot for these L4s"
836370,UNCONFIRMED,"no WHO snapshot for these L4s"
1114074,UNCONFIRMED,"no WHO snapshot for these L4s"
1045314,CONFIRMED,"L4 in WHO snapshot"
1046598,UNCONFIRMED,"no WHO snapshot for these L4s"
1046862,UNCONFIRMED,"no WHO snapshot for these L4s"
1720002,GAP,"resolver status L4_ONLY"
1041846,UNCONFIRMED,"no WHO snapshot for these L4s"
428898,GAP,"resolver status L4_ONLY"
1092462,UNCONFIRMED,"no WHO snapshot for these L4s"
1795170,GAP,"resolver status L4_ONLY"
1927026,UNCONFIRMED,"no WHO snapshot for these L4s"
1292826,GAP,"no L5 codes"
1366794,UNCONFIRMED,"no WHO snapshot for these L4s"
1372890,UNCONFIRMED,"no WHO snapshot for these L4s"
1373142,GAP,"resolver status L4_ONLY"
1806966,GAP,"resolver status L4_ONLY"
1489542,GAP,"resolver status RETIRED_NO_REMAP"
1375110,UNCONFIRMED,"no WHO snapshot for these L4s"
797022,UNCONFIRMED,"no WHO snapshot for these L4s"
312570,UNCONFIRMED,"no WHO snapshot for these L4s"
795726,UNCONFIRMED,"no WHO snapshot for these L4s"
992682,UNCONFIRMED,"no WHO snapshot for these L4s"
1145622,CONFIRMED,"L4 in WHO snapshot"
1045362,UNCONFIRMED,"no WHO snapshot for these L4s"
243450,UNCONFIRMED,"no WHO snapshot for these L4s"
606786,GAP,"resolver status L4_ONLY"
804186,GAP,"resolver status L4_ONLY"
243774,UNCONFIRMED,"no WHO snapshot for these L4s"
244542,UNCONFIRMED,"no WHO snapshot for these L4s"
1234566,UNCONFIRMED,"no WHO snapshot for these L4s"
416910,GAP,"no L5 codes"
1673142,GAP,"resolver status L4_ONLY"
314982,UNCONFIRMED,"no WHO snapshot for these L4s"
237210,UNCONFIRMED,"no WHO snapshot for these L4s"
1923054,GAP,"resolver status L4_ONLY"
1542798,UNCONFIRMED,"no WHO snapshot for these L4s"
1294026,UNCONFIRMED,"no WHO snapshot for these L4s"
197670,GAP,"resolver status L4_ONLY"
1290918,GAP,"no L5 codes"
1442442,GAP,"resolver status L4_ONLY"
795618,UNCONFIRMED,"no WHO snapshot for these L4s"
800298,UNCONFIRMED,"no WHO snapshot for these L4s"
808062,UNCONFIRMED,"no WHO snapshot for these L4s"
308514,UNCONFIRMED,"no WHO snapshot for these L4s"
804978,UNCONFIRMED,"no WHO snapshot for these L4s"
635970,UNCONFIRMED,"no WHO snapshot for these L4s"
665106,UNCONFIRMED,"no WHO snapshot for these L4s"
861762,UNCONFIRMED,"no WHO snapshot for these L4s"
198462,UNCONFIRMED,"no WHO snapshot for these L4s"
343002,UNCONFIRMED,"no WHO snapshot for these L4s"
901038,UNCONFIRMED,"no WHO snapshot for these L4s"
829758,GAP,"resolver status L4_ONLY"
1663410,UNCONFIRMED,"no WHO snapshot for these L4s"
859038,UNCONFIRMED,"no WHO snapshot for these L4s"
1011342,UNCONFIRMED,"no WHO snapshot for these L4s"
829734,UNCONFIRMED,"no WHO snapshot for these L4s"
198546,UNCONFIRMED,"no WHO snapshot for these L4s"
998430,GAP,"resolver status RETIRED_NO_REMAP"
347106,UNCONFIRMED,"no WHO snapshot for these L4s"
834162,UNCONFIRMED,"no WHO snapshot for these L4s"
2118078,UNCONFIRMED,"no WHO snapshot for these L4s"
1099494,GAP,"resolver status L4_ONLY"
1112250,GAP,"resolver status L4_ONLY"
1046298,UNCONFIRMED,"no WHO snapshot for these L4s"
1049262,CONFIRMED,"L4 in WHO snapshot"
1086738,UNCONFIRMED,"no WHO snapshot for these L4s"
1668054,UNCONFIRMED,"no WHO snapshot for these L4s"
1741410,GAP,"no L5 codes"
1053414,GAP,"resolver status RETIRED_NO_REMAP"
1799706,GAP,"no L5 codes"
1797882,UNCONFIRMED,"no WHO snapshot for these L4s"
1876710,GAP,"no L5 codes"
1925790,GAP,"resolver status L4_ONLY"
1536462,GAP,"resolver status RETIRED_NO_REMAP"
1549386,UNCONFIRMED,"no WHO snapshot for these L4s"
1292454,UNCONFIRMED,"no WHO snapshot for these L4s"
1369842,GAP,"resolver status L4_ONLY"
1600710,CONFIRMED,"L4 in WHO snapshot"
1491618,CONFIRMED,"L4 in WHO snapshot"
1429362,GAP,"resolver status L4_ONLY"
1595214,GAP,"resolver status L4_ONLY"
904326,UNCONFIRMED,"no WHO snapshot for these L4s"
309918,GAP,"no L5 codes"
801018,UNCONFIRMED,"no WHO snapshot for these L4s"
755166,GAP,"resolver status RETIRED_NO_REMAP"
861054,CONFIRMED,"L4 in WHO snapshot"
1999890,GAP,"resolver status L4_ONLY"
702354,UNCONFIRMED,"no WHO snapshot for these L4s"
730878,GAP,"resolver status RETIRED_NO_REMAP"
795858,GAP,"resolver status RETIRED_NO_REMAP"
978282,GAP,"resolver status L4_ONLY"
317106,UNCONFIRMED,"no WHO snapshot for these L4s"
2105742,GAP,"resolver status L4_ONLY"
1094718,GAP,"resolver status L4_ONLY"
349482,UNCONFIRMED,"no WHO snapshot for these L4s"
1052526,UNCONFIRMED,"no WHO snapshot for these L4s"
849426,UNCONFIRMED,"no WHO snapshot for these L4s"
1116270,UNCONFIRMED,"no WHO snapshot for these L4s"
1091454,GAP,"resolver status RETIRED_NO_REMAP"
206826,UNCONFIRMED,"no WHO snapshot for these L4s"
1807578,UNCONFIRMED,"no WHO snapshot for these L4s"
1867998,GAP,"resolver status L4_ONLY"
1305222,GAP,"resolver status L4_ONLY"
1308486,GAP,"resolver status RETIRED_NO_REMAP"
1357938,UNCONFIRMED,"no WHO snapshot for these L4s"
1544490,UNCONFIRMED,"no WHO snapshot for these L4s"
1923702,GAP,"resolver status RETIRED_NO_REMAP"
1245378,UNCONFIRMED,"no WHO snapshot for these L4s"
1309062,GAP,"resolver status L4_ONLY"
1423794,UNCONFIRMED,"no WHO snapshot for these L4s"
618582,GAP,"resolver status NO_ATC"
630726,GAP,"resolver status RETIRED_NO_REMAP"
686514,UNCONFIRMED,"no WHO snapshot for these L4s"
728550,UNCONFIRMED,"no WHO snapshot for these L4s"
308490,UNCONFIRMED,"no WHO snapshot for these L4s"
833694,UNCONFIRMED,"no WHO snapshot for these L4s"
312186,GAP,"resolver status L4_ONLY"
800118,UNCONFIRMED,"no WHO snapshot for these L4s"
311946,UNCONFIRMED,"no WHO snapshot for these L4s"
748302,UNCONFIRMED,"no WHO snapshot for these L4s"
994530,UNCONFIRMED,"no WHO snapshot for these L4s"
208602,GAP,"resolver status L4_ONLY"
1190910,UNCONFIRMED,"no WHO snapshot for these L4s"
1000158,UNCONFIRMED,"no WHO snapshot for these L4s"
1012650,UNCONFIRMED,"no WHO snapshot for these L4s"
374862,GAP,"resolver status L4_ONLY"
351894,UNCONFIRMED,"no WHO snapshot for these L4s"
828594,GAP,"resolver status L4_ONLY"
1235022,GAP,"resolver status L4_ONLY"
1046310,UNCONFIRMED,"no WHO snapshot for these L4s"
1053138,GAP,"resolver status L4_ONLY"
238134,GAP,"resolver status L4_ONLY"
244374,GAP,"resolver status L4_ONLY"
252294,GAP,"no L5 codes"
1737762,UNCONFIRMED,"no WHO snapshot for these L4s"
1148646,UNCONFIRMED,"no WHO snapshot for these L4s"
577962,GAP,"resolver status L4_ONLY"
598014,GAP,"resolver status NO_ATC"
857706,GAP,"resolver status L4_ONLY"
1945074,UNCONFIRMED,"no WHO snapshot for these L4s"
1251774,GAP,"resolver status RETIRED_NO_REMAP"
1359354,GAP,"resolver status RETIRED_NO_REMAP"
1423422,GAP,"resolver status RETIRED_NO_REMAP"
1423410,GAP,"resolver status L4_ONLY"
1435578,UNCONFIRMED,"no WHO snapshot for these L4s"
1357566,GAP,"resolver status RETIRED_NO_REMAP"
1423494,UNCONFIRMED,"no WHO snapshot for these L4s"
1297974,CONFIRMED,"L4 in WHO snapshot"
1302666,UNCONFIRMED,"no WHO snapshot for these L4s"
1303110,UNCONFIRMED,"no WHO snapshot for these L4s"
1360266,UNCONFIRMED,"no WHO snapshot for these L4s"
1375374,GAP,"resolver status RETIRED_NO_REMAP"
1437774,UNCONFIRMED,"no WHO snapshot for these L4s"
198042,UNCONFIRMED,"no WHO snapshot for these L4s"
141990,UNCONFIRMED,"no WHO snapshot for these L4s"
1487154,UNCONFIRMED,"no WHO snapshot for these L4s"
861582,UNCONFIRMED,"no WHO snapshot for these L4s"
309450,UNCONFIRMED,"no WHO snapshot for these L4s"
999642,GAP,"resolver status L4_ONLY"
309882,GAP,"resolver status RETIRED_NO_REMAP"
618786,GAP,"resolver status RETIRED_NO_REMAP"
998706,GAP,"resolver status L4_ONLY"
748998,UNCONFIRMED,"no WHO snapshot for these L4s"
309678,UNCONFIRMED,"no WHO snapshot for these L4s"
205674,UNCONFIRMED,"no WHO snapshot for these L4s"
312222,UNCONFIRMED,"no WHO snapshot for these L4s"
329298,GAP,"resolver status RETIRED_NO_REMAP"
2167782,GAP,"resolver status L4_ONLY"
605730,UNCONFIRMED,"no WHO snapshot for these L4s"
1014366,UNCONFIRMED,"no WHO snapshot for these L4s"
307830,UNCONFIRMED,"no WHO snapshot for these L4s"
995226,GAP,"resolver status L4_ONLY"
318270,UNCONFIRMED,"no WHO snapshot for these L4s"
403854,CONFIRMED,"L4 in WHO snapshot"
1041834,GAP,"resolver status L4_ONLY"
1049250,UNCONFIRMED,"no WHO snapshot for these L4s"
1248354,UNCONFIRMED,"no WHO snapshot for these L4s"
1439778,UNCONFIRMED,"no WHO snapshot for these L4s"
1730190,GAP,"resolver status L4_ONLY"
1312974,GAP,"resolver status RETIRED_NO_REMAP"
1358634,GAP,"resolver status RETIRED_NO_REMAP"
1601982,GAP,"resolver status L4_ONLY"
1926450,UNCONFIRMED,"no WHO snapshot for these L4s"
197382,GAP,"resolver status L4_ONLY"
1650606,UNCONFIRMED,"no WHO snapshot for these L4s"
992730,UNCONFIRMED,"no WHO snapshot for these L4s"
309786,GAP,"resolver status L4_ONLY"
206370,UNCONFIRMED,"no WHO snapshot for these L4s"
861438,UNCONFIRMED,"no WHO snapshot for these L4s"
890862,UNCONFIRMED,"no WHO snapshot for these L4s"
730782,UNCONFIRMED,"no WHO snapshot for these L4s"
2048982,UNCONFIRMED,"no WHO snapshot for these L4s"
404094,UNCONFIRMED,"no WHO snapshot for these L4s"
309606,GAP,"resolver status L4_ONLY"
2049414,UNCONFIRMED,"no WHO snapshot for these L4s"
211350,GAP,"resolver status RETIRED_NO_REMAP"
2173950,UNCONFIRMED,"no WHO snapshot for these L4s"
1095618,UNCONFIRMED,"no WHO snapshot for these L4s"
477174,GAP,"no L5 codes"
859146,UNCONFIRMED,"no WHO snapshot for these L4s"
1020066,GAP,"no L5 codes"
1046382,GAP,"resolver status RETIRED_NO_REMAP"
237870,GAP,"resolver status L4_ONLY"
2119242,CONFIRMED,"L4 in WHO snapshot"
212574,GAP,"resolver status RETIRED_NO_REMAP"
1148502,UNCONFIRMED,"no WHO snapshot for these L4s"
1657698,GAP,"resolver status RETIRED_NO_REMAP"
1048290,UNCONFIRMED,"no WHO snapshot for these L4s"
483450,UNCONFIRMED,"no WHO snapshot for these L4s"
1049406,GAP,"resolver status RETIRED_NO_REMAP"
1294386,UNCONFIRMED,"no WHO snapshot for these L4s"
1312422,CONFIRMED,"L4 in WHO snapshot"
1540974,UNCONFIRMED,"no WHO snapshot for these L4s"
1543158,UNCONFIRMED,"no WHO snapshot for these L4s"
1731582,GAP,"no L5 codes"
1855722,UNCONFIRMED,"no WHO snapshot for these L4s"
1596030,UNCONFIRMED,"no WHO snapshot for these L4s"
1087614,UNCONFIRMED,"no WHO snapshot for these L4s"
751554,UNCONFIRMED,"no WHO snapshot for these L4s"
882546,UNCONFIRMED,"no WHO snapshot for these L4s"
308826,UNCONFIRMED,"no WHO snapshot for these L4s"
199650,UNCONFIRMED,"no WHO snapshot for these L4s"
1090842,GAP,"resolver status RETIRED_NO_REMAP"
749862,UNCONFIRMED,"no WHO snapshot for these L4s"
314994,UNCONFIRMED,"no WHO snapshot for these L4s"
855642,UNCONFIRMED,"no WHO snapshot for these L4s"
2103222,UNCONFIRMED,"no WHO snapshot for these L4s"
1098906,GAP,"resolver status L4_ONLY"
857850,UNCONFIRMED,"no WHO snapshot for these L4s"
856566,UNCONFIRMED,"no WHO snapshot for these L4s"
210834,UNCONFIRMED,"no WHO snapshot for these L4s"
1234578,UNCONFIRMED,"no WHO snapshot for these L4s"
1085754,UNCONFIRMED,"no WHO snapshot for these L4s"
244638,GAP,"no L5 codes"
617262,GAP,"resolver status NO_ATC"
1234386,GAP,"resolver status L4_ONLY"
1741974,GAP,"no L5 codes"
403818,UNCONFIRMED,"no WHO snapshot for these L4s"
1294002,UNCONFIRMED,"no WHO snapshot for these L4s"
1293642,UNCONFIRMED,"no WHO snapshot for these L4s"
1422546,UNCONFIRMED,"no WHO snapshot for these L4s"
1299018,GAP,"resolver status L4_ONLY"
1370826,UNCONFIRMED,"no WHO snapshot for these L4s"
1541226,UNCONFIRMED,"no WHO snapshot for these L4s"
1602570,GAP,"resolver status L4_ONLY"
1043562,CONFIRMED,"L4 in WHO snapshot"
1368402,CONFIRMED,"L4 in WHO snapshot"
2046138,UNCONFIRMED,"no WHO snapshot for these L4s"
253182,UNCONFIRMED,"no WHO snapshot for these L4s"
2611254,UNCONFIRMED,"no WHO snapshot for these L4s"
2627658,UNCONFIRMED,"no WHO snapshot for these L4s"
2639034,UNCONFIRMED,"no WHO snapshot for these L4s"
1114326,UNCONFIRMED,"no WHO snapshot for these L4s"
1945038,UNCONFIRMED,"no WHO snapshot for these L4s"
19254,UNCONFIRMED,"no WHO snapshot for these L4s"
1547658,UNCONFIRMED,"no WHO snapshot for these L4s"
2389302,UNCONFIRMED,"no WHO snapshot for these L4s"
217266,UNCONFIRMED,"no WHO snapshot for these L4s"
642355,GAP,"resolver status L4_ONLY"
311215,UNCONFIRMED,"no WHO snapshot for these L4s"
753367,UNCONFIRMED,"no WHO snapshot for these L4s"
991519,UNCONFIRMED,"no WHO snapshot for these L4s"
992479,UNCONFIRMED,"no WHO snapshot for these L4s"
978583,UNCONFIRMED,"no WHO snapshot for these L4s"
836395,CONFIRMED,"L4 in WHO snapshot"
615979,UNCONFIRMED,"no WHO snapshot for these L4s"
1039483,UNCONFIRMED,"no WHO snapshot for these L4s"
260311,UNCONFIRMED,"no WHO snapshot for these L4s"
1091467,GAP,"resolver status RETIRED_NO_REMAP"
208003,UNCONFIRMED,"no WHO snapshot for these L4s"
313627,UNCONFIRMED,"no WHO snapshot for these L4s"
210847,UNCONFIRMED,"no WHO snapshot for these L4s"
403939,UNCONFIRMED,"no WHO snapshot for these L4s"
370495,GAP,"resolver status RETIRED_NO_REMAP"
1006687,UNCONFIRMED,"no WHO snapshot for these L4s"
1013659,UNCONFIRMED,"no WHO snapshot for these L4s"
243463,GAP,"resolver status L4_ONLY"
245647,UNCONFIRMED,"no WHO snapshot for these L4s"
1190563,UNCONFIRMED,"no WHO snapshot for these L4s"
579247,GAP,"resolver status L4_ONLY"
1733707,GAP,"resolver status RETIRED_NO_REMAP"
283411,GAP,"no L5 codes"
2167855,GAP,"no L5 codes"
541999,GAP,"resolver status L4_ONLY"
577231,GAP,"resolver status L4_ONLY"
1012231,UNCONFIRMED,"no WHO snapshot for these L4s"
1744003,CONFIRMED,"L4 in WHO snapshot"
1795171,GAP,"resolver status L4_ONLY"
1807639,UNCONFIRMED,"no WHO snapshot for these L4s"
1293727,GAP,"resolver status L4_ONLY"
1376059,UNCONFIRMED,"no WHO snapshot for these L4s"
1422943,GAP,"resolver status RETIRED_NO_REMAP"
1941607,UNCONFIRMED,"no WHO snapshot for these L4s"
1436083,UNCONFIRMED,"no WHO snapshot for these L4s"
1601407,GAP,"resolver status L4_ONLY"
896011,UNCONFIRMED,"no WHO snapshot for these L4s"
310867,UNCONFIRMED,"no WHO snapshot for these L4s"
701371,UNCONFIRMED,"no WHO snapshot for these L4s"
702019,UNCONFIRMED,"no WHO snapshot for these L4s"
755839,UNCONFIRMED,"no WHO snapshot for these L4s"
308791,UNCONFIRMED,"no WHO snapshot for these L4s"
205807,UNCONFIRMED,"no WHO snapshot for these L4s"
830239,GAP,"resolver status RETIRED_NO_REMAP"
362755,GAP,"resolver status RETIRED_NO_REMAP"
2173855,UNCONFIRMED,"no WHO snapshot for these L4s"
1119631,GAP,"no L5 codes"
831259,UNCONFIRMED,"no WHO snapshot for these L4s"
1190611,UNCONFIRMED,"no WHO snapshot for these L4s"
827671,GAP,"resolver status L4_ONLY"
213043,UNCONFIRMED,"no WHO snapshot for these L4s"
351583,GAP,"resolver status RETIRED_NO_REMAP"
1146715,GAP,"resolver status RETIRED_NO_REMAP"
1046263,UNCONFIRMED,"no WHO snapshot for these L4s"
1233607,GAP,"resolver status L4_ONLY"
1046779,GAP,"resolver status RETIRED_NO_REMAP"
1012963,UNCONFIRMED,"no WHO snapshot for these L4s"
402091,UNCONFIRMED,"no WHO snapshot for these L4s"
352183,UNCONFIRMED,"no WHO snapshot for these L4s"
1049299,GAP,"no L5 codes"
1291375,GAP,"no L5 codes"
1303159,GAP,"resolver status L4_ONLY"
1426687,GAP,"resolver status L4_ONLY"
1430383,UNCONFIRMED,"no WHO snapshot for these L4s"
1795147,GAP,"resolver status L4_ONLY"
1235731,UNCONFIRMED,"no WHO snapshot for these L4s"
1741759,GAP,"resolver status RETIRED_NO_REMAP"
1941643,GAP,"no L5 codes"
1359499,UNCONFIRMED,"no WHO snapshot for these L4s"
1539955,UNCONFIRMED,"no WHO snapshot for these L4s"
750139,GAP,"no L5 codes"
750187,GAP,"resolver status RETIRED_NO_REMAP"
762007,UNCONFIRMED,"no WHO snapshot for these L4s"
884227,UNCONFIRMED,"no WHO snapshot for these L4s"
206347,UNCONFIRMED,"no WHO snapshot for these L4s"
999703,UNCONFIRMED,"no WHO snapshot for these L4s"
208423,GAP,"no L5 codes"
2118835,UNCONFIRMED,"no WHO snapshot for these L4s"
1116547,GAP,"no L5 codes"
1147795,GAP,"resolver status L4_ONLY"
858847,UNCONFIRMED,"no WHO snapshot for these L4s"
210751,UNCONFIRMED,"no WHO snapshot for these L4s"
1150291,GAP,"resolver status L4_ONLY"
1658707,UNCONFIRMED,"no WHO snapshot for these L4s"
1009375,UNCONFIRMED,"no WHO snapshot for these L4s"
859063,UNCONFIRMED,"no WHO snapshot for these L4s"
211915,GAP,"no L5 codes"
412111,GAP,"no L5 codes"
1245403,GAP,"resolver status L4_ONLY"
1363363,UNCONFIRMED,"no WHO snapshot for these L4s"
1648999,UNCONFIRMED,"no WHO snapshot for these L4s"
1745455,GAP,"resolver status L4_ONLY"
1869595,UNCONFIRMED,"no WHO snapshot for these L4s"
1926571,GAP,"no L5 codes"
1482679,UNCONFIRMED,"no WHO snapshot for these L4s"
1494979,GAP,"resolver status L4_ONLY"
688711,CONFIRMED,"L4 in WHO snapshot"
707359,GAP,"no L5 codes"
1087663,GAP,"no L5 codes"
205363,GAP,"resolver status RETIRED_NO_REMAP"
672667,GAP,"resolver status RETIRED_NO_REMAP"
904399,GAP,"resolver status RETIRED_NO_REMAP"
905095,GAP,"resolver status RETIRED_NO_REMAP"
993067,UNCONFIRMED,"no WHO snapshot for these L4s"
883807,UNCONFIRMED,"no WHO snapshot for these L4s"
1010671,UNCONFIRMED,"no WHO snapshot for these L4s"
1046611,UNCONFIRMED,"no WHO snapshot for these L4s"
249415,GAP,"no L5 codes"
1234519,GAP,"resolver status L4_ONLY"
2177191,GAP,"resolver status L4_ONLY"
209059,GAP,"resolver status RETIRED_NO_REMAP"
562495,GAP,"resolver status RETIRED_NO_REMAP"
1658155,GAP,"no L5 codes"
11251,GAP,"no L5 codes"
1053247,UNCONFIRMED,"no WHO snapshot for these L4s"
1000099,UNCONFIRMED,"no WHO snapshot for these L4s"
1293739,GAP,"resolver status L4_ONLY"
1304503,UNCONFIRMED,"no WHO snapshot for these L4s"
1790167,UNCONFIRMED,"no WHO snapshot for these L4s"
1540507,GAP,"resolver status L4_ONLY"
1547767,GAP,"resolver status L4_ONLY"
1943539,GAP,"resolver status RETIRED_NO_REMAP"
1292923,GAP,"resolver status L4_ONLY"
1300195,GAP,"resolver status L4_ONLY"
1435159,UNCONFIRMED,"no WHO snapshot for these L4s"
1304119,GAP,"resolver status RETIRED_NO_REMAP"
1487371,GAP,"no L5 codes"
313891,GAP,"resolver status RETIRED_NO_REMAP"
308899,UNCONFIRMED,"no WHO snapshot for these L4s"
204499,UNCONFIRMED,"no WHO snapshot for these L4s"
308383,UNCONFIRMED,"no WHO snapshot for these L4s"
861715,GAP,"resolver status NO_ATC"
205747,UNCONFIRMED,"no WHO snapshot for these L4s"
831391,GAP,"resolver status L4_ONLY"
896971,GAP,"resolver status RETIRED_NO_REMAP"
210823,UNCONFIRMED,"no WHO snapshot for these L4s"
211591,UNCONFIRMED,"no WHO snapshot for these L4s"
2180419,CONFIRMED,"L4 in WHO snapshot"
1111171,GAP,"resolver status RETIRED_NO_REMAP"
1013647,GAP,"resolver status L4_ONLY"
1038559,UNCONFIRMED,"no WHO snapshot for these L4s"
1046635,GAP,"resolver status RETIRED_NO_REMAP"
1658695,UNCONFIRMED,"no WHO snapshot for these L4s"
205843,CONFIRMED,"L4 in WHO snapshot"
206839,UNCONFIRMED,"no WHO snapshot for these L4s"
846127,UNCONFIRMED,"no WHO snapshot for these L4s"
1116307,GAP,"resolver status RETIRED_NO_REMAP"
1049179,GAP,"resolver status L4_ONLY"
1049371,UNCONFIRMED,"no WHO snapshot for these L4s"
283063,GAP,"resolver status RETIRED_NO_REMAP"
2182351,UNCONFIRMED,"no WHO snapshot for these L4s"
1149667,UNCONFIRMED,"no WHO snapshot for these L4s"
1049095,UNCONFIRMED,"no WHO snapshot for these L4s"
1020019,UNCONFIRMED,"no WHO snapshot for these L4s"
1307251,GAP,"resolver status RETIRED_NO_REMAP"
1359127,GAP,"resolver status L4_ONLY"
1298299,GAP,"resolver status RETIRED_NO_REMAP"
1925203,GAP,"resolver status RETIRED_NO_REMAP"
1940239,UNCONFIRMED,"no WHO snapshot for these L4s"
1309063,UNCONFIRMED,"no WHO snapshot for these L4s"
1809475,GAP,"no L5 codes"
644287,GAP,"resolver status L4_ONLY"
312139,UNCONFIRMED,"no WHO snapshot for these L4s"
636559,UNCONFIRMED,"no WHO snapshot for these L4s"
797023,UNCONFIRMED,"no WHO snapshot for these L4s"
199159,UNCONFIRMED,"no WHO snapshot for these L4s"
205819,UNCONFIRMED,"no WHO snapshot for these L4s"
308323,CONFIRMED,"L4 in WHO snapshot"
746083,GAP,"resolver status L4_ONLY"
403855,CONFIRMED,"L4 in WHO snapshot"
798115,UNCONFIRMED,"no WHO snapshot for these L4s"
349351,UNCONFIRMED,"no WHO snapshot for these L4s"
2105791,GAP,"resolver status L4_ONLY"
1099159,UNCONFIRMED,"no WHO snapshot for these L4s"
477031,GAP,"no L5 codes"
858967,GAP,"resolver status L4_ONLY"
1012015,UNCONFIRMED,"no WHO snapshot for these L4s"
1039255,GAP,"resolver status L4_ONLY"
1052647,GAP,"resolver status L4_ONLY"
547243,GAP,"resolver status RETIRED_NO_REMAP"
855907,UNCONFIRMED,"no WHO snapshot for these L4s"
317143,GAP,"resolver status RETIRED_NO_REMAP"
1010035,UNCONFIRMED,"no WHO snapshot for these L4s"
1043479,UNCONFIRMED,"no WHO snapshot for these L4s"
1050511,GAP,"resolver status RETIRED_NO_REMAP"
1086475,UNCONFIRMED,"no WHO snapshot for these L4s"
260407,UNCONFIRMED,"no WHO snapshot for these L4s"
1037383,GAP,"resolver status RETIRED_NO_REMAP"
260947,UNCONFIRMED,"no WHO snapshot for these L4s"
857851,UNCONFIRMED,"no WHO snapshot for these L4s"
1656595,GAP,"resolver status RETIRED_NO_REMAP"
1241623,GAP,"resolver status RETIRED_NO_REMAP"
1294591,GAP,"resolver status L4_ONLY"
1356343,GAP,"resolver status L4_ONLY"
1243999,UNCONFIRMED,"no WHO snapshot for these L4s"
1294255,UNCONFIRMED,"no WHO snapshot for these L4s"
1312459,GAP,"resolver status L4_ONLY"
141859,UNCONFIRMED,"no WHO snapshot for these L4s"
1485895,GAP,"resolver status L4_ONLY"
1536931,GAP,"resolver status L4_ONLY"
311431,UNCONFIRMED,"no WHO snapshot for these L4s"
314911,GAP,"resolver status RETIRED_NO_REMAP"
993943,GAP,"resolver status L4_ONLY"
746023,GAP,"resolver status L4_ONLY"
905083,GAP,"no L5 codes"
884191,UNCONFIRMED,"no WHO snapshot for these L4s"
200059,UNCONFIRMED,"no WHO snapshot for these L4s"
315211,UNCONFIRMED,"no WHO snapshot for these L4s"
2181307,GAP,"resolver status L4_ONLY"
1048903,UNCONFIRMED,"no WHO snapshot for these L4s"
205771,UNCONFIRMED,"no WHO snapshot for these L4s"
210535,UNCONFIRMED,"no WHO snapshot for these L4s"
213475,GAP,"no L5 codes"
1020199,CONFIRMED,"L4 in WHO snapshot"
244099,UNCONFIRMED,"no WHO snapshot for these L4s"
1665451,UNCONFIRMED,"no WHO snapshot for these L4s"
1667911,UNCONFIRMED,"no WHO snapshot for these L4s"
1733863,GAP,"resolver status L4_ONLY"
1085647,UNCONFIRMED,"no WHO snapshot for these L4s"
422011,GAP,"resolver status NO_ATC"
1020055,UNCONFIRMED,"no WHO snapshot for these L4s"
1591999,UNCONFIRMED,"no WHO snapshot for these L4s"
1293859,GAP,"resolver status L4_ONLY"
1294207,UNCONFIRMED,"no WHO snapshot for these L4s"
1310503,GAP,"resolver status L4_ONLY"
1730191,GAP,"resolver status RETIRED_NO_REMAP"
1293103,GAP,"no L5 codes"
701983,UNCONFIRMED,"no WHO snapshot for these L4s"
749875,UNCONFIRMED,"no WHO snapshot for these L4s"
1090639,GAP,"resolver status L4_ONLY"
200011,GAP,"resolver status RETIRED_NO_REMAP"
2043247,GAP,"no L5 codes"
618643,GAP,"no L5 codes"
404083,UNCONFIRMED,"no WHO snapshot for these L4s"
310543,UNCONFIRMED,"no WHO snapshot for these L4s"
707275,UNCONFIRMED,"no WHO snapshot for these L4s"
309451,UNCONFIRMED,"no WHO snapshot for these L4s"
856903,CONFIRMED,"L4 in WHO snapshot"
2122543,GAP,"resolver status RETIRED_NO_REMAP"
213919,GAP,"resolver status RETIRED_NO_REMAP"
2177911,UNCONFIRMED,"no WHO snapshot for these L4s"
1101871,UNCONFIRMED,"no WHO snapshot for these L4s"
857875,UNCONFIRMED,"no WHO snapshot for these L4s"
259195,GAP,"resolver status L4_ONLY"
846955,UNCONFIRMED,"no WHO snapshot for these L4s"
1086871,GAP,"resolver status RETIRED_NO_REMAP"
313075,UNCONFIRMED,"no WHO snapshot for these L4s"
849667,GAP,"resolver status L4_ONLY"
261379,GAP,"resolver status RETIRED_NO_REMAP"
244123,UNCONFIRMED,"no WHO snapshot for these L4s"
307747,GAP,"resolver status L4_ONLY"
541363,GAP,"resolver status L4_ONLY"
562411,UNCONFIRMED,"no WHO snapshot for these L4s"
1005835,GAP,"resolver status L4_ONLY"
1043623,GAP,"resolver status L4_ONLY"
2173723,UNCONFIRMED,"no WHO snapshot for these L4s"
1657723,UNCONFIRMED,"no WHO snapshot for these L4s"
1298443,GAP,"resolver status L4_ONLY"
1424611,UNCONFIRMED,"no WHO snapshot for these L4s"
1536835,GAP,"resolver status L4_ONLY"
1541707,UNCONFIRMED,"no WHO snapshot for these L4s"
1945207,GAP,"no L5 codes"
1299667,UNCONFIRMED,"no WHO snapshot for these L4s"
1549447,UNCONFIRMED,"no WHO snapshot for these L4s"
1299235,GAP,"resolver status RETIRED_NO_REMAP"
1872091,UNCONFIRMED,"no WHO snapshot for these L4s"
153595,UNCONFIRMED,"no WHO snapshot for these L4s"
687211,UNCONFIRMED,"no WHO snapshot for these L4s"
1087399,GAP,"resolver status L4_ONLY"
992671,UNCONFIRMED,"no WHO snapshot for these L4s"
308959,UNCONFIRMED,"no WHO snapshot for these L4s"
199219,UNCONFIRMED,"no WHO snapshot for these L4s"
904783,GAP,"resolver status L4_ONLY"
797659,GAP,"resolver status NO_ATC"
883795,UNCONFIRMED,"no WHO snapshot for these L4s"
310963,UNCONFIRMED,"no WHO snapshot for these L4s"
998671,UNCONFIRMED,"no WHO snapshot for these L4s"
804919,GAP,"resolver status L4_ONLY"
826807,GAP,"no L5 codes"
208303,UNCONFIRMED,"no WHO snapshot for these L4s"
1101523,GAP,"resolver status RETIRED_NO_REMAP"
1113691,GAP,"resolver status RETIRED_NO_REMAP"
1193311,GAP,"resolver status RETIRED_NO_REMAP"
562531,UNCONFIRMED,"no WHO snapshot for these L4s"
1012099,GAP,"resolver status L4_ONLY"
241999,GAP,"no L5 codes"
1116499,GAP,"resolver status L4_ONLY"
1086271,UNCONFIRMED,"no WHO snapshot for these L4s"
998467,UNCONFIRMED,"no WHO snapshot for these L4s"
1089811,GAP,"resolver status L4_ONLY"
1098139,GAP,"resolver status L4_ONLY"
198535,UNCONFIRMED,"no WHO snapshot for these L4s"
860239,UNCONFIRMED,"no WHO snapshot for these L4s"
1039699,UNCONFIRMED,"no WHO snapshot for these L4s"
1659139,CONFIRMED,"L4 in WHO snapshot"
1737343,UNCONFIRMED,"no WHO snapshot for these L4s"
1010755,GAP,"resolver status L4_ONLY"
800683,UNCONFIRMED,"no WHO snapshot for these L4s"
210043,UNCONFIRMED,"no WHO snapshot for these L4s"
1049647,CONFIRMED,"L4 in WHO snapshot"
1235467,UNCONFIRMED,"no WHO snapshot for these L4s"
1250923,UNCONFIRMED,"no WHO snapshot for these L4s"
1293895,UNCONFIRMED,"no WHO snapshot for these L4s"
1315207,GAP,"resolver status RETIRED_NO_REMAP"
1425331,CONFIRMED,"L4 in WHO snapshot"
1549315,UNCONFIRMED,"no WHO snapshot for these L4s"
1741423,GAP,"no L5 codes"
1245379,UNCONFIRMED,"no WHO snapshot for these L4s"
1246075,UNCONFIRMED,"no WHO snapshot for these L4s"
1246303,GAP,"resolver status L4_ONLY"
1542919,GAP,"resolver status L4_ONLY"
687043,GAP,"resolver status L4_ONLY"
727507,UNCONFIRMED,"no WHO snapshot for these L4s"
799999,GAP,"resolver status L4_ONLY"
876415,UNCONFIRMED,"no WHO snapshot for these L4s"
899935,GAP,"no L5 codes"
979411,UNCONFIRMED,"no WHO snapshot for these L4s"
308167,CONFIRMED,"L4 in WHO snapshot"
880411,UNCONFIRMED,"no WHO snapshot for these L4s"
199135,UNCONFIRMED,"no WHO snapshot for these L4s"
309607,GAP,"resolver status RETIRED_NO_REMAP"
2003131,UNCONFIRMED,"no WHO snapshot for these L4s"
998479,UNCONFIRMED,"no WHO snapshot for these L4s"
1098487,UNCONFIRMED,"no WHO snapshot for these L4s"
1101859,UNCONFIRMED,"no WHO snapshot for these L4s"
1113667,GAP,"resolver status RETIRED_NO_REMAP"
2168083,UNCONFIRMED,"no WHO snapshot for these L4s"
1146883,UNCONFIRMED,"no WHO snapshot for these L4s"
477451,UNCONFIRMED,"no WHO snapshot for these L4s"
237367,GAP,"resolver status L4_ONLY"
1053355,GAP,"resolver status RETIRED_NO_REMAP"
1086115,UNCONFIRMED,"no WHO snapshot for these L4s"
578803,GAP,"resolver status L4_ONLY"
998707,CONFIRMED,"L4 in WHO snapshot"
857443,UNCONFIRMED,"no WHO snapshot for these L4s"
210223,CONFIRMED,"L4 in WHO snapshot"
616411,UNCONFIRMED,"no WHO snapshot for these L4s"
1189591,GAP,"no L5 codes"
1012375,UNCONFIRMED,"no WHO snapshot for these L4s"
1085419,GAP,"no L5 codes"
197407,UNCONFIRMED,"no WHO snapshot for these L4s"
1357891,GAP,"resolver status RETIRED_NO_REMAP"
1659595,CONFIRMED,"L4 in WHO snapshot"
1796083,UNCONFIRMED,"no WHO snapshot for these L4s"
1423123,UNCONFIRMED,"no WHO snapshot for these L4s"
1739887,GAP,"resolver status L4_ONLY"
197431,UNCONFIRMED,"no WHO snapshot for these L4s"
1488619,UNCONFIRMED,"no WHO snapshot for these L4s"
1244215,UNCONFIRMED,"no WHO snapshot for these L4s"
1300207,GAP,"resolver status RETIRED_NO_REMAP"
198463,UNCONFIRMED,"no WHO snapshot for these L4s"
2001439,UNCONFIRMED,"no WHO snapshot for these L4s"
206851,UNCONFIRMED,"no WHO snapshot for these L4s"
207355,UNCONFIRMED,"no WHO snapshot for these L4s"
2044375,UNCONFIRMED,"no WHO snapshot for these L4s"
900175,UNCONFIRMED,"no WHO snapshot for these L4s"
1088191,GAP,"no L5 codes"
762823,GAP,"resolver status RETIRED_NO_REMAP"
1993219,GAP,"resolver status RETIRED_NO_REMAP"
801031,GAP,"resolver status L4_ONLY"
803371,GAP,"resolver status L4_ONLY"
997555,UNCONFIRMED,"no WHO snapshot for these L4s"
805579,GAP,"no L5 codes"
1014367,UNCONFIRMED,"no WHO snapshot for these L4s"
244051,UNCONFIRMED,"no WHO snapshot for these L4s"
1049191,CONFIRMED,"L4 in WHO snapshot"
857527,UNCONFIRMED,"no WHO snapshot for these L4s"
241063,GAP,"resolver status L4_ONLY"
1191691,GAP,"no L5 codes"
211087,GAP,"resolver status RETIRED_NO_REMAP"
1053295,GAP,"resolver status RETIRED_NO_REMAP"
1009147,GAP,"resolver status L4_ONLY"
577819,CONFIRMED,"L4 in WHO snapshot"
1797871,UNCONFIRMED,"no WHO snapshot for these L4s"
1868839,GAP,"resolver status L4_ONLY"
1870207,UNCONFIRMED,"no WHO snapshot for these L4s"
1292443,GAP,"resolver status L4_ONLY"
1356859,UNCONFIRMED,"no WHO snapshot for these L4s"
1484743,GAP,"resolver status RETIRED_NO_REMAP"
1594951,GAP,"resolver status L4_ONLY"
1668247,UNCONFIRMED,"no WHO snapshot for these L4s"
1297363,UNCONFIRMED,"no WHO snapshot for these L4s"
1299811,GAP,"resolver status L4_ONLY"
1427959,GAP,"resolver status L4_ONLY"
1549435,UNCONFIRMED,"no WHO snapshot for these L4s"
1598059,GAP,"resolver status RETIRED_NO_REMAP"
1245283,UNCONFIRMED,"no WHO snapshot for these L4s"
1923343,GAP,"resolver status L4_ONLY"
724411,UNCONFIRMED,"no WHO snapshot for these L4s"
310891,UNCONFIRMED,"no WHO snapshot for these L4s"
1086991,GAP,"resolver status L4_ONLY"
992443,UNCONFIRMED,"no WHO snapshot for these L4s"
866455,UNCONFIRMED,"no WHO snapshot for these L4s"
994039,GAP,"no L5 codes"
310207,UNCONFIRMED,"no WHO snapshot for these L4s"
794239,UNCONFIRMED,"no WHO snapshot for these L4s"
995455,UNCONFIRMED,"no WHO snapshot for these L4s"
617995,CONFIRMED,"L4 in WHO snapshot"
756223,UNCONFIRMED,"no WHO snapshot for these L4s"
200299,GAP,"resolver status L4_ONLY"
828931,UNCONFIRMED,"no WHO snapshot for these L4s"
1087459,GAP,"resolver status L4_ONLY"
845647,GAP,"resolver status RETIRED_NO_REMAP"
1094467,UNCONFIRMED,"no WHO snapshot for these L4s"
1190551,UNCONFIRMED,"no WHO snapshot for these L4s"
597823,UNCONFIRMED,"no WHO snapshot for these L4s"
1014379,UNCONFIRMED,"no WHO snapshot for these L4s"
312451,GAP,"resolver status RETIRED_NO_REMAP"
313651,UNCONFIRMED,"no WHO snapshot for these L4s"
313771,UNCONFIRMED,"no WHO snapshot for these L4s"
404503,GAP,"resolver status RETIRED_NO_REMAP"
1043191,GAP,"no L5 codes"
238015,UNCONFIRMED,"no WHO snapshot for these L4s"
105259,UNCONFIRMED,"no WHO snapshot for these L4s"
1804375,GAP,"resolver status L4_ONLY"
1940587,GAP,"resolver status RETIRED_NO_REMAP"
1250743,GAP,"resolver status L4_ONLY"
1358419,GAP,"resolver status RETIRED_NO_REMAP"
1358623,GAP,"resolver status L4_ONLY"
1425559,GAP,"no L5 codes"
1593607,UNCONFIRMED,"no WHO snapshot for these L4s"
1595155,GAP,"resolver status L4_ONLY"
1430119,UNCONFIRMED,"no WHO snapshot for these L4s"
1926055,UNCONFIRMED,"no WHO snapshot for these L4s"
1293631,GAP,"resolver status RETIRED_NO_REMAP"
1422907,GAP,"resolver status RETIRED_NO_REMAP"
1424551,CONFIRMED,"L4 in WHO snapshot"
1928875,GAP,"resolver status L4_ONLY"
1599163,GAP,"resolver status L4_ONLY"
1433755,UNCONFIRMED,"no WHO snapshot for these L4s"
669031,UNCONFIRMED,"no WHO snapshot for these L4s"
793867,UNCONFIRMED,"no WHO snapshot for these L4s"
198367,UNCONFIRMED,"no WHO snapshot for these L4s"
205255,UNCONFIRMED,"no WHO snapshot for these L4s"
636607,GAP,"resolver status L4_ONLY"
308923,UNCONFIRMED,"no WHO snapshot for these L4s"
1090807,GAP,"no L5 codes"
758587,GAP,"resolver status RETIRED_NO_REMAP"
2000023,UNCONFIRMED,"no WHO snapshot for these L4s"
849295,GAP,"resolver status L4_ONLY"
211315,UNCONFIRMED,"no WHO snapshot for these L4s"
1116967,GAP,"resolver status L4_ONLY"
1148155,GAP,"resolver status L4_ONLY"
859327,UNCONFIRMED,"no WHO snapshot for these L4s"
1012327,GAP,"resolver status L4_ONLY"
1659151,CONFIRMED,"L4 in WHO snapshot"
1046959,UNCONFIRMED,"no WHO snapshot for these L4s"
1113715,GAP,"resolver status RETIRED_NO_REMAP"
999967,CONFIRMED,"L4 in WHO snapshot"
211567,GAP,"resolver status RETIRED_NO_REMAP"
212599,UNCONFIRMED,"no WHO snapshot for these L4s"
417547,GAP,"no L5 codes"
562387,UNCONFIRMED,"no WHO snapshot for these L4s"
1246891,UNCONFIRMED,"no WHO snapshot for these L4s"
1362151,GAP,"resolver status RETIRED_NO_REMAP"
1490491,GAP,"resolver status RETIRED_NO_REMAP"
1604395,UNCONFIRMED,"no WHO snapshot for these L4s"
1737763,UNCONFIRMED,"no WHO snapshot for these L4s"
1376395,UNCONFIRMED,"no WHO snapshot for these L4s"
1809667,GAP,"no L5 codes"
1251175,UNCONFIRMED,"no WHO snapshot for these L4s"
1367227,GAP,"resolver status L4_ONLY"
308215,GAP,"resolver status L4_ONLY"
2047879,GAP,"resolver status L4_ONLY"
630475,UNCONFIRMED,"no WHO snapshot for these L4s"
861211,GAP,"resolver status RETIRED_NO_REMAP"
207127,UNCONFIRMED,"no WHO snapshot for these L4s"
994435,GAP,"resolver status L4_ONLY"
836347,GAP,"resolver status RETIRED_NO_REMAP"
209251,GAP,"resolver status L4_ONLY"
1053187,GAP,"resolver status RETIRED_NO_REMAP"
807835,UNCONFIRMED,"no WHO snapshot for these L4s"
2049391,UNCONFIRMED,"no WHO snapshot for these L4s"
2170987,UNCONFIRMED,"no WHO snapshot for these L4s"
2178283,GAP,"resolver status L4_ONLY"
1664359,GAP,"resolver status RETIRED_NO_REMAP"
239239,UNCONFIRMED,"no WHO snapshot for these L4s"
860143,UNCONFIRMED,"no WHO snapshot for these L4s"
404179,UNCONFIRMED,"no WHO snapshot for these L4s"
1863967,UNCONFIRMED,"no WHO snapshot for these L4s"
1250983,GAP,"resolver status L4_ONLY"
1372891,UNCONFIRMED,"no WHO snapshot for these L4s"
1422103,UNCONFIRMED,"no WHO snapshot for these L4s"
1242787,UNCONFIRMED,"no WHO snapshot for these L4s"
1250755,GAP,"no L5 codes"
1291951,GAP,"resolver status L4_ONLY"
1436155,UNCONFIRMED,"no WHO snapshot for these L4s"
1943551,UNCONFIRMED,"no WHO snapshot for these L4s"
1299799,UNCONFIRMED,"no WHO snapshot for these L4s"
1372459,GAP,"resolver status L4_ONLY"
1540675,GAP,"resolver status RETIRED_NO_REMAP"
1544971,UNCONFIRMED,"no WHO snapshot for these L4s"
829759,GAP,"resolver status L4_ONLY"
876679,GAP,"resolver status L4_ONLY"
314047,UNCONFIRMED,"no WHO snapshot for these L4s"
830263,GAP,"no L5 codes"
198487,UNCONFIRMED,"no WHO snapshot for these L4s"
995443,GAP,"resolver status L4_ONLY"
904663,UNCONFIRMED,"no WHO snapshot for these L4s"
999547,GAP,"resolver status L4_ONLY"
208123,UNCONFIRMED,"no WHO snapshot for these L4s"
1094383,GAP,"resolver status L4_ONLY"
1013011,UNCONFIRMED,"no WHO snapshot for these L4s"
1014571,GAP,"resolver status L4_ONLY"
283279,GAP,"resolver status L4_ONLY"
392275,UNCONFIRMED,"no WHO snapshot for these L4s"
2122099,GAP,"resolver status RETIRED_NO_REMAP"
310639,UNCONFIRMED,"no WHO snapshot for these L4s"
313963,UNCONFIRMED,"no WHO snapshot for these L4s"
2168011,UNCONFIRMED,"no WHO snapshot for these L4s"
1038799,UNCONFIRMED,"no WHO snapshot for these L4s"
242623,GAP,"resolver status L4_ONLY"
1716031,GAP,"resolver status L4_ONLY"
106339,GAP,"resolver status L4_ONLY"
413107,GAP,"resolver status L4_ONLY"
1048075,GAP,"resolver status L4_ONLY"
1312747,UNCONFIRMED,"no WHO snapshot for these L4s"
1362223,UNCONFIRMED,"no WHO snapshot for these L4s"
1487251,GAP,"resolver status L4_ONLY"
1552231,UNCONFIRMED,"no WHO snapshot for these L4s"
1721455,GAP,"no L5 codes"
1251031,GAP,"resolver status L4_ONLY"
1433635,GAP,"resolver status RETIRED_NO_REMAP"
1921723,UNCONFIRMED,"no WHO snapshot for these L4s"
1312963,GAP,"no L5 codes"
1593295,UNCONFIRMED,"no WHO snapshot for these L4s"
1600927,UNCONFIRMED,"no WHO snapshot for these L4s"
1291099,UNCONFIRMED,"no WHO snapshot for these L4s"
1297387,UNCONFIRMED,"no WHO snapshot for these L4s"
1363279,UNCONFIRMED,"no WHO snapshot for these L4s"
310687,GAP,"resolver status L4_ONLY"
198475,UNCONFIRMED,"no WHO snapshot for these L4s"
860947,UNCONFIRMED,"no WHO snapshot for these L4s"
198235,UNCONFIRMED,"no WHO snapshot for these L4s"
901483,UNCONFIRMED,"no WHO snapshot for these L4s"
998539,GAP,"resolver status RETIRED_NO_REMAP"
206887,UNCONFIRMED,"no WHO snapshot for these L4s"
244267,UNCONFIRMED,"no WHO snapshot for these L4s"
802759,GAP,"resolver status L4_ONLY"
804547,UNCONFIRMED,"no WHO snapshot for these L4s"
200215,UNCONFIRMED,"no WHO snapshot for these L4s"
996991,CONFIRMED,"L4 in WHO snapshot"
1044427,CONFIRMED,"L4 in WHO snapshot"
1657147,GAP,"resolver status RETIRED_NO_REMAP"
1673947,UNCONFIRMED,"no WHO snapshot for these L4s"
604651,UNCONFIRMED,"no WHO snapshot for these L4s"
1799959,GAP,"no L5 codes"
1247875,UNCONFIRMED,"no WHO snapshot for these L4s"
1251427,GAP,"resolver status RETIRED_NO_REMAP"
1310491,GAP,"resolver status RETIRED_NO_REMAP"
1373239,UNCONFIRMED,"no WHO snapshot for these L4s"
198043,GAP,"resolver status L4_ONLY"
1608499,GAP,"resolver status L4_ONLY"
1252027,GAP,"resolver status L4_ONLY"
1593151,GAP,"resolver status RETIRED_NO_REMAP"
1312627,GAP,"no L5 codes"
1488067,GAP,"resolver status RETIRED_NO_REMAP"
705919,GAP,"resolver status L4_ONLY"
748867,UNCONFIRMED,"no WHO snapshot for these L4s"
2049223,GAP,"resolver status L4_ONLY"
311683,UNCONFIRMED,"no WHO snapshot for these L4s"
308491,UNCONFIRMED,"no WHO snapshot for these L4s"
311191,UNCONFIRMED,"no WHO snapshot for these L4s"
700387,UNCONFIRMED,"no WHO snapshot for these L4s"
1992571,GAP,"no L5 codes"
313819,UNCONFIRMED,"no WHO snapshot for these L4s"
856999,CONFIRMED,"L4 in WHO snapshot"
1043359,UNCONFIRMED,"no WHO snapshot for these L4s"
1658719,UNCONFIRMED,"no WHO snapshot for these L4s"
282751,UNCONFIRMED,"no WHO snapshot for these L4s"
1090975,GAP,"resolver status L4_ONLY"
562771,GAP,"resolver status RETIRED_NO_REMAP"
1044991,GAP,"resolver status RETIRED_NO_REMAP"
824983,UNCONFIRMED,"no WHO snapshot for these L4s"
210031,GAP,"resolver status L4_ONLY"
2117335,GAP,"resolver status L4_ONLY"
1863607,GAP,"resolver status L4_ONLY"
1866223,GAP,"resolver status RETIRED_NO_REMAP"
1235779,UNCONFIRMED,"no WHO snapshot for these L4s"
1737571,UNCONFIRMED,"no WHO snapshot for these L4s"
1293943,GAP,"resolver status L4_ONLY"
1791403,UNCONFIRMED,"no WHO snapshot for these L4s"
728227,GAP,"no L5 codes"
763531,UNCONFIRMED,"no WHO snapshot for these L4s"
891451,UNCONFIRMED,"no WHO snapshot for these L4s"
692479,UNCONFIRMED,"no WHO snapshot for these L4s"
1088707,UNCONFIRMED,"no WHO snapshot for these L4s"
312775,GAP,"resolver status RETIRED_NO_REMAP"
1090915,GAP,"resolver status L4_ONLY"
205915,UNCONFIRMED,"no WHO snapshot for these L4s"
805375,GAP,"resolver status L4_ONLY"
751999,GAP,"resolver status RETIRED_NO_REMAP"
198751,GAP,"no L5 codes"
801559,UNCONFIRMED,"no WHO snapshot for these L4s"
211891,UNCONFIRMED,"no WHO snapshot for these L4s"
1011703,UNCONFIRMED,"no WHO snapshot for these L4s"
1039927,GAP,"resolver status RETIRED_NO_REMAP"
2196391,GAP,"no L5 codes"
857839,UNCONFIRMED,"no WHO snapshot for these L4s"
1673095,GAP,"resolver status RETIRED_NO_REMAP"
2053519,UNCONFIRMED,"no WHO snapshot for these L4s"
857107,CONFIRMED,"L4 in WHO snapshot"
211879,UNCONFIRMED,"no WHO snapshot for these L4s"
1011715,UNCONFIRMED,"no WHO snapshot for these L4s"
1658311,UNCONFIRMED,"no WHO snapshot for these L4s"
1663747,GAP,"resolver status L4_ONLY"
428899,GAP,"resolver status L4_ONLY"
602395,CONFIRMED,"L4 in WHO snapshot"
1039279,UNCONFIRMED,"no WHO snapshot for these L4s"
2168347,UNCONFIRMED,"no WHO snapshot for these L4s"
801391,UNCONFIRMED,"no WHO snapshot for these L4s"
1809511,GAP,"no L5 codes"
1244695,GAP,"resolver status L4_ONLY"
1251619,GAP,"no L5 codes"
1423711,GAP,"resolver status L4_ONLY"
1364539,GAP,"no L5 codes"
1371355,UNCONFIRMED,"no WHO snapshot for these L4s"
1809439,GAP,"no L5 codes"
1251787,UNCONFIRMED,"no WHO snapshot for these L4s"
1361023,UNCONFIRMED,"no WHO snapshot for these L4s"
1491511,GAP,"no L5 codes"
1542859,UNCONFIRMED,"no WHO snapshot for these L4s"
1542835,UNCONFIRMED,"no WHO snapshot for these L4s"
1303807,GAP,"resolver status L4_ONLY"
309883,GAP,"resolver status RETIRED_NO_REMAP"
861223,GAP,"resolver status L4_ONLY"
1993075,UNCONFIRMED,"no WHO snapshot for these L4s"
708127,GAP,"resolver status L4_ONLY"
311239,UNCONFIRMED,"no WHO snapshot for these L4s"
1085635,UNCONFIRMED,"no WHO snapshot for these L4s"
2191891,GAP,"resolver status L4_ONLY"
237703,GAP,"resolver status L4_ONLY"
260239,GAP,"resolver status L4_ONLY"
1655179,UNCONFIRMED,"no WHO snapshot for these L4s"
284515,UNCONFIRMED,"no WHO snapshot for these L4s"
857083,CONFIRMED,"L4 in WHO snapshot"
205903,UNCONFIRMED,"no WHO snapshot for these L4s"
347047,GAP,"resolver status L4_ONLY"
1234327,UNCONFIRMED,"no WHO snapshot for these L4s"
1005847,UNCONFIRMED,"no WHO snapshot for these L4s"
1012687,GAP,"resolver status RETIRED_NO_REMAP"
208411,UNCONFIRMED,"no WHO snapshot for these L4s"
1360159,UNCONFIRMED,"no WHO snapshot for these L4s"
1363507,CONFIRMED,"L4 in WHO snapshot"
1435855,CONFIRMED,"L4 in WHO snapshot"
1441831,GAP,"resolver status L4_ONLY"
1737451,GAP,"no L5 codes"
756295,UNCONFIRMED,"no WHO snapshot for these L4s"
904255,GAP,"resolver status L4_ONLY"
880963,GAP,"resolver status RETIRED_NO_REMAP"
352099,UNCONFIRMED,"no WHO snapshot for these L4s"
995095,GAP,"resolver status L4_ONLY"
834175,UNCONFIRMED,"no WHO snapshot for these L4s"
584503,UNCONFIRMED,"no WHO snapshot for these L4s"
284275,UNCONFIRMED,"no WHO snapshot for these L4s"
1013731,UNCONFIRMED,"no WHO snapshot for these L4s"
1053859,UNCONFIRMED,"no WHO snapshot for these L4s"
244399,UNCONFIRMED,"no WHO snapshot for these L4s"
1739875,GAP,"resolver status L4_ONLY"
1043539,GAP,"resolver status L4_ONLY"
1012831,GAP,"resolver status RETIRED_NO_REMAP"
1039339,UNCONFIRMED,"no WHO snapshot for these L4s"
204919,GAP,"no L5 codes"
854803,UNCONFIRMED,"no WHO snapshot for these L4s"
209479,GAP,"resolver status RETIRED_NO_REMAP"
2106103,GAP,"no L5 codes"
282739,UNCONFIRMED,"no WHO snapshot for these L4s"
616279,UNCONFIRMED,"no WHO snapshot for these L4s"
1740883,UNCONFIRMED,"no WHO snapshot for these L4s"
1867999,GAP,"resolver status L4_ONLY"
197383,GAP,"resolver status L4_ONLY"
1294567,CONFIRMED,"L4 in WHO snapshot"
1300363,UNCONFIRMED,"no WHO snapshot for these L4s"
1487167,CONFIRMED,"L4 in WHO snapshot"
1808851,GAP,"resolver status L4_ONLY"
1245259,UNCONFIRMED,"no WHO snapshot for these L4s"
1435267,UNCONFIRMED,"no WHO snapshot for these L4s"
1304971,GAP,"resolver status L4_ONLY"
285007,UNCONFIRMED,"no WHO snapshot for these L4s"
197863,GAP,"no L5 codes"
790879,UNCONFIRMED,"no WHO snapshot for these L4s"
643123,UNCONFIRMED,"no WHO snapshot for these L4s"
745051,UNCONFIRMED,"no WHO snapshot for these L4s"
309715,GAP,"no L5 codes"
702103,GAP,"resolver status RETIRED_NO_REMAP"
205795,UNCONFIRMED,"no WHO snapshot for these L4s"
758575,GAP,"resolver status RETIRED_NO_REMAP"
849547,UNCONFIRMED,"no WHO snapshot for these L4s"
2101495,GAP,"no L5 codes"
541879,GAP,"resolver status L4_ONLY"
1663735,UNCONFIRMED,"no WHO snapshot for these L4s"
1012855,GAP,"resolver status RETIRED_NO_REMAP"
1661335,GAP,"resolver status L4_ONLY"
205891,UNCONFIRMED,"no WHO snapshot for these L4s"
359275,UNCONFIRMED,"no WHO snapshot for these L4s"
1235563,UNCONFIRMED,"no WHO snapshot for these L4s"
581395,UNCONFIRMED,"no WHO snapshot for these L4s"
860227,UNCONFIRMED,"no WHO snapshot for these L4s"
542167,GAP,"resolver status L4_ONLY"
1052635,UNCONFIRMED,"no WHO snapshot for these L4s"
210295,GAP,"no L5 codes"
1992043,UNCONFIRMED,"no WHO snapshot for these L4s"
206779,GAP,"resolver status RETIRED_NO_REMAP"
1874539,UNCONFIRMED,"no WHO snapshot for these L4s"
1291363,GAP,"no L5 codes"
1298407,GAP,"resolver status RETIRED_NO_REMAP"
1302643,UNCONFIRMED,"no WHO snapshot for these L4s"
1653139,UNCONFIRMED,"no WHO snapshot for these L4s"
1797883,UNCONFIRMED,"no WHO snapshot for these L4s"
1291711,GAP,"resolver status L4_ONLY"
1442155,UNCONFIRMED,"no WHO snapshot for these L4s"
1540663,UNCONFIRMED,"no WHO snapshot for these L4s"
1602019,GAP,"resolver status L4_ONLY"
1426579,GAP,"resolver status L4_ONLY"
1304215,GAP,"resolver status RETIRED_NO_REMAP"
1436947,GAP,"resolver status L4_ONLY"
260479,GAP,"resolver status RETIRED_NO_REMAP"
1806931,GAP,"resolver status L4_ONLY"
1303363,GAP,"resolver status RETIRED_NO_REMAP"
1595023,UNCONFIRMED,"no WHO snapshot for these L4s"
1549099,UNCONFIRMED,"no WHO snapshot for these L4s"
695935,GAP,"no L5 codes"
727759,UNCONFIRMED,"no WHO snapshot for these L4s"
749671,UNCONFIRMED,"no WHO snapshot for these L4s"
1089775,GAP,"resolver status L4_ONLY"
834043,UNCONFIRMED,"no WHO snapshot for these L4s"
749863,UNCONFIRMED,"no WHO snapshot for these L4s"
856987,CONFIRMED,"L4 in WHO snapshot"
208591,GAP,"resolver status L4_ONLY"
545875,CONFIRMED,"L4 in WHO snapshot"
1046815,GAP,"resolver status L4_ONLY"
283219,GAP,"resolver status L4_ONLY"
1095547,GAP,"no L5 codes"
209107,GAP,"resolver status RETIRED_NO_REMAP"
238135,GAP,"resolver status L4_ONLY"
997951,GAP,"resolver status L4_ONLY"
2117659,UNCONFIRMED,"no WHO snapshot for these L4s"
1721311,UNCONFIRMED,"no WHO snapshot for these L4s"
577927,GAP,"resolver status L4_ONLY"
1741903,GAP,"no L5 codes"
540391,GAP,"resolver status RETIRED_NO_REMAP"
544351,UNCONFIRMED,"no WHO snapshot for these L4s"
347131,GAP,"resolver status L4_ONLY"
1006063,UNCONFIRMED,"no WHO snapshot for these L4s"
1812079,UNCONFIRMED,"no WHO snapshot for these L4s"
1237099,GAP,"resolver status RETIRED_NO_REMAP"
1358395,UNCONFIRMED,"no WHO snapshot for these L4s"
1927639,GAP,"resolver status L4_ONLY"
1358767,GAP,"resolver status RETIRED_NO_REMAP"
1606291,GAP,"resolver status RETIRED_NO_REMAP"
197959,GAP,"resolver status L4_ONLY"
1545703,UNCONFIRMED,"no WHO snapshot for these L4s"
728659,GAP,"resolver status RETIRED_NO_REMAP"
748987,UNCONFIRMED,"no WHO snapshot for these L4s"
892099,GAP,"resolver status L4_ONLY"
762667,UNCONFIRMED,"no WHO snapshot for these L4s"
2049283,GAP,"resolver status L4_ONLY"
899863,GAP,"no L5 codes"
313903,GAP,"resolver status RETIRED_NO_REMAP"
198895,UNCONFIRMED,"no WHO snapshot for these L4s"
902515,UNCONFIRMED,"no WHO snapshot for these L4s"
670615,GAP,"resolver status RETIRED_NO_REMAP"
311971,UNCONFIRMED,"no WHO snapshot for these L4s"
807391,UNCONFIRMED,"no WHO snapshot for these L4s"
2121931,GAP,"resolver status L4_ONLY"
1085779,UNCONFIRMED,"no WHO snapshot for these L4s"
259711,GAP,"resolver status L4_ONLY"
847627,GAP,"resolver status L4_ONLY"
1094911,UNCONFIRMED,"no WHO snapshot for these L4s"
801451,GAP,"resolver status L4_ONLY"
858763,UNCONFIRMED,"no WHO snapshot for these L4s"
1112791,UNCONFIRMED,"no WHO snapshot for these L4s"
251407,GAP,"no L5 codes"
1665679,UNCONFIRMED,"no WHO snapshot for these L4s"
206755,UNCONFIRMED,"no WHO snapshot for these L4s"
1116271,UNCONFIRMED,"no WHO snapshot for these L4s"
860743,UNCONFIRMED,"no WHO snapshot for these L4s"
1053427,GAP,"resolver status RETIRED_NO_REMAP"
1809643,GAP,"no L5 codes"
1247251,UNCONFIRMED,"no WHO snapshot for these L4s"
1430059,UNCONFIRMED,"no WHO snapshot for these L4s"
1543735,UNCONFIRMED,"no WHO snapshot for these L4s"
1798459,GAP,"resolver status RETIRED_NO_REMAP"
1363651,UNCONFIRMED,"no WHO snapshot for these L4s"
1535503,UNCONFIRMED,"no WHO snapshot for these L4s"
1924315,UNCONFIRMED,"no WHO snapshot for these L4s"
1490659,UNCONFIRMED,"no WHO snapshot for these L4s"
1601095,GAP,"resolver status L4_ONLY"
637231,GAP,"resolver status RETIRED_NO_REMAP"
754471,GAP,"resolver status RETIRED_NO_REMAP"
994507,UNCONFIRMED,"no WHO snapshot for these L4s"
730063,UNCONFIRMED,"no WHO snapshot for these L4s"
685855,UNCONFIRMED,"no WHO snapshot for these L4s"
310363,UNCONFIRMED,"no WHO snapshot for these L4s"
763111,GAP,"resolver status L4_ONLY"
629695,UNCONFIRMED,"no WHO snapshot for these L4s"
205111,UNCONFIRMED,"no WHO snapshot for these L4s"
723739,UNCONFIRMED,"no WHO snapshot for these L4s"
688603,GAP,"resolver status RETIRED_NO_REMAP"
798451,GAP,"no L5 codes"
1100467,CONFIRMED,"L4 in WHO snapshot"
1147327,UNCONFIRMED,"no WHO snapshot for these L4s"
1043719,GAP,"no L5 codes"
1659967,GAP,"resolver status L4_ONLY"
240559,GAP,"no L5 codes"
198859,GAP,"no L5 codes"
2000695,GAP,"resolver status L4_ONLY"
807367,UNCONFIRMED,"no WHO snapshot for these L4s"
212839,UNCONFIRMED,"no WHO snapshot for these L4s"
541951,UNCONFIRMED,"no WHO snapshot for these L4s"
106303,UNCONFIRMED,"no WHO snapshot for these L4s"
260395,UNCONFIRMED,"no WHO snapshot for these L4s"
308071,GAP,"no L5 codes"
1098199,UNCONFIRMED,"no WHO snapshot for these L4s"
848119,UNCONFIRMED,"no WHO snapshot for these L4s"
1111339,UNCONFIRMED,"no WHO snapshot for these L4s"
237511,UNCONFIRMED,"no WHO snapshot for these L4s"
245299,GAP,"resolver status RETIRED_NO_REMAP"
1807579,UNCONFIRMED,"no WHO snapshot for these L4s"
1363387,UNCONFIRMED,"no WHO snapshot for these L4s"
1301239,UNCONFIRMED,"no WHO snapshot for these L4s"
1361035,UNCONFIRMED,"no WHO snapshot for these L4s"
1314499,UNCONFIRMED,"no WHO snapshot for these L4s"
1356799,GAP,"resolver status L4_ONLY"
1430071,GAP,"resolver status L4_ONLY"
1442443,GAP,"resolver status L4_ONLY"
865087,UNCONFIRMED,"no WHO snapshot for these L4s"
707251,GAP,"no L5 codes"
1994395,UNCONFIRMED,"no WHO snapshot for these L4s"
602191,GAP,"resolver status RETIRED_NO_REMAP"
237631,UNCONFIRMED,"no WHO snapshot for these L4s"
833695,UNCONFIRMED,"no WHO snapshot for these L4s"
1090699,GAP,"resolver status L4_ONLY"
315175,GAP,"resolver status RETIRED_NO_REMAP"
1047451,UNCONFIRMED,"no WHO snapshot for these L4s"
310411,UNCONFIRMED,"no WHO snapshot for these L4s"
805663,UNCONFIRMED,"no WHO snapshot for these L4s"
859939,UNCONFIRMED,"no WHO snapshot for these L4s"
1046575,UNCONFIRMED,"no WHO snapshot for these L4s"
1809067,GAP,"no L5 codes"
1860139,UNCONFIRMED,"no WHO snapshot for these L4s"
1251355,UNCONFIRMED,"no WHO snapshot for these L4s"
1297759,UNCONFIRMED,"no WHO snapshot for these L4s"
1291987,GAP,"resolver status L4_ONLY"
1373503,UNCONFIRMED,"no WHO snapshot for these L4s"
1425967,GAP,"resolver status RETIRED_NO_REMAP"
1236115,UNCONFIRMED,"no WHO snapshot for these L4s"
1604323,UNCONFIRMED,"no WHO snapshot for these L4s"
1597267,UNCONFIRMED,"no WHO snapshot for these L4s"
313807,UNCONFIRMED,"no WHO snapshot for these L4s"
313927,UNCONFIRMED,"no WHO snapshot for these L4s"
762967,UNCONFIRMED,"no WHO snapshot for these L4s"
201415,UNCONFIRMED,"no WHO snapshot for these L4s"
756235,UNCONFIRMED,"no WHO snapshot for these L4s"
795727,UNCONFIRMED,"no WHO snapshot for these L4s"
311035,UNCONFIRMED,"no WHO snapshot for these L4s"
206359,GAP,"resolver status RETIRED_NO_REMAP"
1090627,GAP,"resolver status RETIRED_NO_REMAP"
2054227,GAP,"no L5 codes"
845491,UNCONFIRMED,"no WHO snapshot for these L4s"
211747,UNCONFIRMED,"no WHO snapshot for these L4s"
2173735,UNCONFIRMED,"no WHO snapshot for these L4s"
213499,UNCONFIRMED,"no WHO snapshot for these L4s"
858871,UNCONFIRMED,"no WHO snapshot for these L4s"
828367,UNCONFIRMED,"no WHO snapshot for these L4s"
205075,UNCONFIRMED,"no WHO snapshot for these L4s"
2108527,UNCONFIRMED,"no WHO snapshot for these L4s"
2167159,GAP,"no L5 codes"
1095271,UNCONFIRMED,"no WHO snapshot for these L4s"
1052767,UNCONFIRMED,"no WHO snapshot for these L4s"
1014331,GAP,"resolver status L4_ONLY"
1037347,UNCONFIRMED,"no WHO snapshot for these L4s"
310759,GAP,"resolver status L4_ONLY"
857131,CONFIRMED,"L4 in WHO snapshot"
1245727,GAP,"resolver status RETIRED_NO_REMAP"
1492387,GAP,"resolver status L4_ONLY"
1293487,GAP,"resolver status L4_ONLY"
1437295,UNCONFIRMED,"no WHO snapshot for these L4s"
1366495,UNCONFIRMED,"no WHO snapshot for these L4s"
1606483,GAP,"resolver status L4_ONLY"
1298275,UNCONFIRMED,"no WHO snapshot for these L4s"
1441339,GAP,"resolver status L4_ONLY"
311359,GAP,"resolver status L4_ONLY"
730951,UNCONFIRMED,"no WHO snapshot for these L4s"
311251,UNCONFIRMED,"no WHO snapshot for these L4s"
309175,UNCONFIRMED,"no WHO snapshot for these L4s"
206527,UNCONFIRMED,"no WHO snapshot for these L4s"
1101019,UNCONFIRMED,"no WHO snapshot for these L4s"
1102207,GAP,"resolver status L4_ONLY"
1052431,UNCONFIRMED,"no WHO snapshot for these L4s"
199891,GAP,"resolver status L4_ONLY"
211639,UNCONFIRMED,"no WHO snapshot for these L4s"
2167783,GAP,"resolver status L4_ONLY"
2117971,GAP,"no L5 codes"
1094131,GAP,"resolver status L4_ONLY"
1234579,UNCONFIRMED,"no WHO snapshot for these L4s"
261163,UNCONFIRMED,"no WHO snapshot for these L4s"
1190839,UNCONFIRMED,"no WHO snapshot for these L4s"
1797511,GAP,"resolver status L4_ONLY"
1657987,UNCONFIRMED,"no WHO snapshot for these L4s"
1294483,GAP,"resolver status L4_ONLY"
1363759,UNCONFIRMED,"no WHO snapshot for these L4s"
1535923,UNCONFIRMED,"no WHO snapshot for these L4s"
1547983,UNCONFIRMED,"no WHO snapshot for these L4s"
1742227,GAP,"no L5 codes"
1363795,UNCONFIRMED,"no WHO snapshot for these L4s"
1297519,GAP,"resolver status L4_ONLY"
1313971,UNCONFIRMED,"no WHO snapshot for these L4s"
795067,UNCONFIRMED,"no WHO snapshot for these L4s"
731563,UNCONFIRMED,"no WHO snapshot for these L4s"
311491,UNCONFIRMED,"no WHO snapshot for these L4s"
312223,GAP,"no L5 codes"
2001751,UNCONFIRMED,"no WHO snapshot for these L4s"
793099,UNCONFIRMED,"no WHO snapshot for these L4s"
904495,GAP,"resolver status L4_ONLY"
313975,UNCONFIRMED,"no WHO snapshot for these L4s"
806527,UNCONFIRMED,"no WHO snapshot for these L4s"
198295,UNCONFIRMED,"no WHO snapshot for these L4s"
2055751,GAP,"resolver status L4_ONLY"
999631,GAP,"resolver status L4_ONLY"
208327,UNCONFIRMED,"no WHO snapshot for these L4s"
375355,GAP,"resolver status L4_ONLY"
210487,UNCONFIRMED,"no WHO snapshot for these L4s"
1117243,GAP,"resolver status L4_ONLY"
1000555,UNCONFIRMED,"no WHO snapshot for these L4s"
1047415,GAP,"no L5 codes"
209971,GAP,"resolver status L4_ONLY"
2101531,GAP,"resolver status L4_ONLY"
1012915,GAP,"resolver status RETIRED_NO_REMAP"
102991,GAP,"resolver status RETIRED_NO_REMAP"
809311,GAP,"resolver status RETIRED_NO_REMAP"
1098163,GAP,"no L5 codes"
1860463,UNCONFIRMED,"no WHO snapshot for these L4s"
1871479,UNCONFIRMED,"no WHO snapshot for these L4s"
1248331,UNCONFIRMED,"no WHO snapshot for these L4s"
1308535,GAP,"resolver status L4_ONLY"
1535143,UNCONFIRMED,"no WHO snapshot for these L4s"
1741375,GAP,"no L5 codes"
1549399,UNCONFIRMED,"no WHO snapshot for these L4s"
1243771,UNCONFIRMED,"no WHO snapshot for these L4s"
197947,UNCONFIRMED,"no WHO snapshot for these L4s"
1795519,GAP,"no L5 codes"
1549867,UNCONFIRMED,"no WHO snapshot for these L4s"
979387,GAP,"resolver status NO_ATC"
1090087,UNCONFIRMED,"no WHO snapshot for these L4s"
828379,UNCONFIRMED,"no WHO snapshot for these L4s"
750223,UNCONFIRMED,"no WHO snapshot for these L4s"
884203,GAP,"resolver status L4_ONLY"
797851,UNCONFIRMED,"no WHO snapshot for these L4s"
1086847,GAP,"resolver status L4_ONLY"
670003,GAP,"resolver status RETIRED_NO_REMAP"
310471,UNCONFIRMED,"no WHO snapshot for these L4s"
854995,UNCONFIRMED,"no WHO snapshot for these L4s"
857383,CONFIRMED,"L4 in WHO snapshot"
562507,UNCONFIRMED,"no WHO snapshot for these L4s"
616507,UNCONFIRMED,"no WHO snapshot for these L4s"
1014583,GAP,"resolver status L4_ONLY"
240571,UNCONFIRMED,"no WHO snapshot for these L4s"
1086463,GAP,"resolver status L4_ONLY"
206035,UNCONFIRMED,"no WHO snapshot for these L4s"
1093291,UNCONFIRMED,"no WHO snapshot for these L4s"
1146211,CONFIRMED,"L4 in WHO snapshot"
1190587,GAP,"resolver status L4_ONLY"
860671,GAP,"resolver status RETIRED_NO_REMAP"
859315,CONFIRMED,"L4 in WHO snapshot"
2058499,GAP,"no L5 codes"
1797835,UNCONFIRMED,"no WHO snapshot for these L4s"
1809499,GAP,"no L5 codes"
1866559,GAP,"resolver status L4_ONLY"
1927027,UNCONFIRMED,"no WHO snapshot for these L4s"
1242883,UNCONFIRMED,"no WHO snapshot for these L4s"
1362211,GAP,"resolver status L4_ONLY"
1363423,UNCONFIRMED,"no WHO snapshot for these L4s"
1369927,GAP,"resolver status L4_ONLY"
1242391,GAP,"resolver status L4_ONLY"
1551559,UNCONFIRMED,"no WHO snapshot for these L4s"
1298287,GAP,"resolver status L4_ONLY"
1543207,UNCONFIRMED,"no WHO snapshot for these L4s"
1651279,GAP,"resolver status RETIRED_NO_REMAP"
1089103,UNCONFIRMED,"no WHO snapshot for these L4s"
1089355,GAP,"no L5 codes"
755383,GAP,"resolver status RETIRED_NO_REMAP"
312331,GAP,"resolver status RETIRED_NO_REMAP"
885235,UNCONFIRMED,"no WHO snapshot for these L4s"
999991,CONFIRMED,"L4 in WHO snapshot"
2107315,UNCONFIRMED,"no WHO snapshot for these L4s"
2173831,UNCONFIRMED,"no WHO snapshot for these L4s"
2176267,UNCONFIRMED,"no WHO snapshot for these L4s"
827179,UNCONFIRMED,"no WHO snapshot for these L4s"
562675,GAP,"resolver status L4_ONLY"
1052467,GAP,"resolver status L4_ONLY"
1233319,GAP,"resolver status RETIRED_NO_REMAP"
1012087,UNCONFIRMED,"no WHO snapshot for these L4s"
1088599,UNCONFIRMED,"no WHO snapshot for these L4s"
995983,GAP,"resolver status L4_ONLY"
199171,GAP,"resolver status L4_ONLY"
845659,UNCONFIRMED,"no WHO snapshot for these L4s"
212647,UNCONFIRMED,"no WHO snapshot for these L4s"
1188571,GAP,"no L5 codes"
1099579,UNCONFIRMED,"no WHO snapshot for these L4s"
1232707,GAP,"resolver status RETIRED_NO_REMAP"
413251,UNCONFIRMED,"no WHO snapshot for these L4s"
1001755,UNCONFIRMED,"no WHO snapshot for these L4s"
2180995,GAP,"resolver status RETIRED_NO_REMAP"
858895,UNCONFIRMED,"no WHO snapshot for these L4s"
1797115,UNCONFIRMED,"no WHO snapshot for these L4s"
1250563,UNCONFIRMED,"no WHO snapshot for these L4s"
1293499,UNCONFIRMED,"no WHO snapshot for these L4s"
1297555,GAP,"resolver status RETIRED_NO_REMAP"
1546195,UNCONFIRMED,"no WHO snapshot for these L4s"
1807627,UNCONFIRMED,"no WHO snapshot for these L4s"
1858387,GAP,"resolver status RETIRED_NO_REMAP"
1537207,GAP,"resolver status RETIRED_NO_REMAP"
1358647,GAP,"resolver status RETIRED_NO_REMAP"
1541083,GAP,"resolver status L4_ONLY"
1297843,GAP,"no L5 codes"
686383,UNCONFIRMED,"no WHO snapshot for these L4s"
707347,GAP,"no L5 codes"
864679,UNCONFIRMED,"no WHO snapshot for these L4s"
903283,UNCONFIRMED,"no WHO snapshot for these L4s"
1088443,GAP,"resolver status L4_ONLY"
892327,GAP,"resolver status L4_ONLY"
199603,UNCONFIRMED,"no WHO snapshot for these L4s"
623695,UNCONFIRMED,"no WHO snapshot for these L4s"
312283,CONFIRMED,"L4 in WHO snapshot"
803239,UNCONFIRMED,"no WHO snapshot for these L4s"
637123,UNCONFIRMED,"no WHO snapshot for these L4s"
210307,GAP,"resolver status RETIRED_NO_REMAP"
1042675,GAP,"resolver status L4_ONLY"
1086235,UNCONFIRMED,"no WHO snapshot for these L4s"
1088251,UNCONFIRMED,"no WHO snapshot for these L4s"
1098703,GAP,"resolver status L4_ONLY"
1101883,UNCONFIRMED,"no WHO snapshot for these L4s"
858103,UNCONFIRMED,"no WHO snapshot for these L4s"
1666879,GAP,"resolver status L4_ONLY"
1237135,GAP,"resolver status RETIRED_NO_REMAP"
1362055,GAP,"resolver status RETIRED_NO_REMAP"
1373011,GAP,"resolver status L4_ONLY"
1595035,GAP,"resolver status L4_ONLY"
745483,UNCONFIRMED,"no WHO snapshot for these L4s"
884215,UNCONFIRMED,"no WHO snapshot for these L4s"
309679,GAP,"resolver status L4_ONLY"
310519,UNCONFIRMED,"no WHO snapshot for these L4s"
310879,UNCONFIRMED,"no WHO snapshot for these L4s"
199099,GAP,"no L5 codes"
798415,GAP,"no L5 codes"
205675,UNCONFIRMED,"no WHO snapshot for these L4s"
806575,UNCONFIRMED,"no WHO snapshot for these L4s"
999727,UNCONFIRMED,"no WHO snapshot for these L4s"
1052947,UNCONFIRMED,"no WHO snapshot for these L4s"
1659175,GAP,"resolver status L4_ONLY"
994243,GAP,"resolver status RETIRED_NO_REMAP"
207391,UNCONFIRMED,"no WHO snapshot for these L4s"
999799,GAP,"resolver status L4_ONLY"
210007,UNCONFIRMED,"no WHO snapshot for these L4s"
1190179,GAP,"no L5 codes"
1052707,UNCONFIRMED,"no WHO snapshot for these L4s"
1053631,GAP,"resolver status RETIRED_NO_REMAP"
260851,UNCONFIRMED,"no WHO snapshot for these L4s"
1039147,UNCONFIRMED,"no WHO snapshot for these L4s"
307831,UNCONFIRMED,"no WHO snapshot for these L4s"
1190635,UNCONFIRMED,"no WHO snapshot for these L4s"
213559,UNCONFIRMED,"no WHO snapshot for these L4s"
1666111,UNCONFIRMED,"no WHO snapshot for these L4s"
1742395,GAP,"no L5 codes"
1294315,UNCONFIRMED,"no WHO snapshot for these L4s"
1435495,UNCONFIRMED,"no WHO snapshot for these L4s"
1251571,UNCONFIRMED,"no WHO snapshot for these L4s"
1809583,GAP,"no L5 codes"
1356091,GAP,"resolver status RETIRED_NO_REMAP"
1650439,UNCONFIRMED,"no WHO snapshot for these L4s"
1658047,UNCONFIRMED,"no WHO snapshot for these L4s"
1798387,UNCONFIRMED,"no WHO snapshot for these L4s"
2599051,UNCONFIRMED,"no WHO snapshot for these L4s"
2611243,GAP,"resolver status RETIRED_NO_REMAP"
2627659,UNCONFIRMED,"no WHO snapshot for these L4s"
2639023,UNCONFIRMED,"no WHO snapshot for these L4s"
2712055,UNCONFIRMED,"no WHO snapshot for these L4s"
314659,UNCONFIRMED,"no WHO snapshot for these L4s"
352387,CONFIRMED,"L4 in WHO snapshot"
583099,GAP,"resolver status RETIRED_NO_REMAP"
607999,CONFIRMED,"L4 in WHO snapshot"
284635,CONFIRMED,"L4 in WHO snapshot"
1424899,GAP,"resolver status L4_ONLY"
1648783,GAP,"resolver status L4_ONLY"
1487527,GAP,"resolver status L4_ONLY"
19831,UNCONFIRMED,"no WHO snapshot for these L4s"
1245271,GAP,"resolver status RETIRED_NO_REMAP"
1547671,UNCONFIRMED,"no WHO snapshot for these L4s"
10759,UNCONFIRMED,"no WHO snapshot for these L4s"
1923055,GAP,"resolver status L4_ONLY"
905203,CONFIRMED,"L4 in WHO snapshot"
977431,UNCONFIRMED,"no WHO snapshot for these L4s"
1597387,CONFIRMED,"L4 in WHO snapshot"
308660,UNCONFIRMED,"no WHO snapshot for these L4s"
892160,UNCONFIRMED,"no WHO snapshot for these L4s"
763232,UNCONFIRMED,"no WHO snapshot for these L4s"
2052704,UNCONFIRMED,"no WHO snapshot for these L4s"
1988768,UNCONFIRMED,"no WHO snapshot for these L4s"
312020,UNCONFIRMED,"no WHO snapshot for these L4s"
2058488,GAP,"resolver status L4_ONLY"
317564,UNCONFIRMED,"no WHO snapshot for these L4s"
211880,UNCONFIRMED,"no WHO snapshot for these L4s"
1190744,UNCONFIRMED,"no WHO snapshot for these L4s"
1049900,UNCONFIRMED,"no WHO snapshot for these L4s"
1053368,GAP,"resolver status RETIRED_NO_REMAP"
313076,UNCONFIRMED,"no WHO snapshot for these L4s"
562844,UNCONFIRMED,"no WHO snapshot for these L4s"
860036,UNCONFIRMED,"no WHO snapshot for these L4s"
1046972,UNCONFIRMED,"no WHO snapshot for these L4s"
1808192,GAP,"resolver status L4_ONLY"
1541228,UNCONFIRMED,"no WHO snapshot for these L4s"
1593116,GAP,"resolver status L4_ONLY"
1421636,GAP,"resolver status L4_ONLY"
1552004,GAP,"no L5 codes"
1427984,UNCONFIRMED,"no WHO snapshot for these L4s"
668660,UNCONFIRMED,"no WHO snapshot for these L4s"
748856,UNCONFIRMED,"no WHO snapshot for these L4s"
886688,GAP,"resolver status RETIRED_NO_REMAP"
1088768,UNCONFIRMED,"no WHO snapshot for these L4s"
2003792,GAP,"resolver status RETIRED_NO_REMAP"
896864,UNCONFIRMED,"no WHO snapshot for these L4s"
996032,GAP,"resolver status L4_ONLY"
747260,UNCONFIRMED,"no WHO snapshot for these L4s"
998540,UNCONFIRMED,"no WHO snapshot for these L4s"
310208,UNCONFIRMED,"no WHO snapshot for these L4s"
831872,UNCONFIRMED,"no WHO snapshot for these L4s"
891812,GAP,"resolver status L4_ONLY"
801632,UNCONFIRMED,"no WHO snapshot for these L4s"
213560,UNCONFIRMED,"no WHO snapshot for these L4s"
2171132,UNCONFIRMED,"no WHO snapshot for these L4s"
1116104,UNCONFIRMED,"no WHO snapshot for these L4s"
859232,UNCONFIRMED,"no WHO snapshot for these L4s"
1044284,UNCONFIRMED,"no WHO snapshot for these L4s"
308072,UNCONFIRMED,"no WHO snapshot for these L4s"
245768,GAP,"resolver status RETIRED_NO_REMAP"
211316,UNCONFIRMED,"no WHO snapshot for these L4s"
830648,GAP,"resolver status L4_ONLY"
210632,GAP,"resolver status RETIRED_NO_REMAP"
858140,UNCONFIRMED,"no WHO snapshot for these L4s"
2117876,GAP,"no L5 codes"
239204,UNCONFIRMED,"no WHO snapshot for these L4s"
282836,GAP,"resolver status L4_ONLY"
261380,UNCONFIRMED,"no WHO snapshot for these L4s"
1657664,UNCONFIRMED,"no WHO snapshot for these L4s"
1115012,UNCONFIRMED,"no WHO snapshot for these L4s"
388052,UNCONFIRMED,"no WHO snapshot for these L4s"
1093160,GAP,"resolver status RETIRED_NO_REMAP"
858320,GAP,"no L5 codes"
1045424,UNCONFIRMED,"no WHO snapshot for these L4s"
242960,UNCONFIRMED,"no WHO snapshot for these L4s"
1790684,UNCONFIRMED,"no WHO snapshot for these L4s"
1251416,UNCONFIRMED,"no WHO snapshot for these L4s"
1293320,UNCONFIRMED,"no WHO snapshot for these L4s"
1432508,GAP,"resolver status RETIRED_NO_REMAP"
1372304,GAP,"resolver status RETIRED_NO_REMAP"
1807508,UNCONFIRMED,"no WHO snapshot for these L4s"
1422080,UNCONFIRMED,"no WHO snapshot for these L4s"
1742396,GAP,"resolver status RETIRED_NO_REMAP"
1294364,UNCONFIRMED,"no WHO snapshot for these L4s"
1299020,GAP,"resolver status RETIRED_NO_REMAP"
705836,UNCONFIRMED,"no WHO snapshot for these L4s"
794012,UNCONFIRMED,"no WHO snapshot for these L4s"
899660,UNCONFIRMED,"no WHO snapshot for these L4s"
206324,UNCONFIRMED,"no WHO snapshot for these L4s"
311888,GAP,"resolver status L4_ONLY"
312104,GAP,"resolver status L4_ONLY"
309680,GAP,"resolver status L4_ONLY"
643496,GAP,"resolver status L4_ONLY"
706868,UNCONFIRMED,"no WHO snapshot for these L4s"
318272,UNCONFIRMED,"no WHO snapshot for these L4s"
896192,UNCONFIRMED,"no WHO snapshot for these L4s"
763472,UNCONFIRMED,"no WHO snapshot for these L4s"
378788,GAP,"resolver status L4_ONLY"
211100,UNCONFIRMED,"no WHO snapshot for these L4s"
1189640,GAP,"resolver status L4_ONLY"
1011752,UNCONFIRMED,"no WHO snapshot for these L4s"
245660,GAP,"no L5 codes"
2173928,UNCONFIRMED,"no WHO snapshot for these L4s"
1234484,GAP,"resolver status RETIRED_NO_REMAP"
1020476,GAP,"resolver status L4_ONLY"
251156,UNCONFIRMED,"no WHO snapshot for these L4s"
1653440,GAP,"resolver status L4_ONLY"
579440,GAP,"resolver status RETIRED_NO_REMAP"
1000052,UNCONFIRMED,"no WHO snapshot for these L4s"
1085996,UNCONFIRMED,"no WHO snapshot for these L4s"
1053176,GAP,"resolver status RETIRED_NO_REMAP"
1661504,GAP,"resolver status L4_ONLY"
1302656,UNCONFIRMED,"no WHO snapshot for these L4s"
1312496,UNCONFIRMED,"no WHO snapshot for these L4s"
1367204,GAP,"resolver status L4_ONLY"
1858844,GAP,"resolver status RETIRED_NO_REMAP"
1869344,GAP,"no L5 codes"
1356524,UNCONFIRMED,"no WHO snapshot for these L4s"
1735004,UNCONFIRMED,"no WHO snapshot for these L4s"
197576,UNCONFIRMED,"no WHO snapshot for these L4s"
1251212,UNCONFIRMED,"no WHO snapshot for these L4s"
796544,GAP,"resolver status L4_ONLY"
309536,GAP,"resolver status RETIRED_NO_REMAP"
343040,UNCONFIRMED,"no WHO snapshot for these L4s"
995864,GAP,"resolver status L4_ONLY"
702296,UNCONFIRMED,"no WHO snapshot for these L4s"
789980,UNCONFIRMED,"no WHO snapshot for these L4s"
205988,UNCONFIRMED,"no WHO snapshot for these L4s"
729908,UNCONFIRMED,"no WHO snapshot for these L4s"
205256,UNCONFIRMED,"no WHO snapshot for these L4s"
2054120,UNCONFIRMED,"no WHO snapshot for these L4s"
1100912,GAP,"no L5 codes"
828296,UNCONFIRMED,"no WHO snapshot for these L4s"
1046840,GAP,"resolver status RETIRED_NO_REMAP"
1053740,UNCONFIRMED,"no WHO snapshot for these L4s"
347048,GAP,"resolver status L4_ONLY"
2168528,GAP,"resolver status L4_ONLY"
1114604,UNCONFIRMED,"no WHO snapshot for these L4s"
2106368,CONFIRMED,"L4 in WHO snapshot"
847724,UNCONFIRMED,"no WHO snapshot for these L4s"
209600,UNCONFIRMED,"no WHO snapshot for these L4s"
1039556,GAP,"resolver status RETIRED_NO_REMAP"
1010732,GAP,"no L5 codes"
1658672,UNCONFIRMED,"no WHO snapshot for these L4s"
858836,UNCONFIRMED,"no WHO snapshot for these L4s"
1014284,GAP,"resolver status RETIRED_NO_REMAP"
2180420,CONFIRMED,"L4 in WHO snapshot"
1038908,UNCONFIRMED,"no WHO snapshot for these L4s"
1052960,GAP,"resolver status RETIRED_NO_REMAP"
242816,UNCONFIRMED,"no WHO snapshot for these L4s"
1813112,GAP,"resolver status L4_ONLY"
1302680,GAP,"resolver status L4_ONLY"
1362704,GAP,"resolver status L4_ONLY"
1424060,UNCONFIRMED,"no WHO snapshot for these L4s"
1486964,GAP,"resolver status L4_ONLY"
1549304,UNCONFIRMED,"no WHO snapshot for these L4s"
1799180,CONFIRMED,"L4 in WHO snapshot"
1812164,GAP,"resolver status L4_ONLY"
1293344,GAP,"resolver status L4_ONLY"
1593140,GAP,"resolver status L4_ONLY"
1926932,GAP,"resolver status RETIRED_NO_REMAP"
1493276,UNCONFIRMED,"no WHO snapshot for these L4s"
1421552,GAP,"no L5 codes"
1604336,UNCONFIRMED,"no WHO snapshot for these L4s"
644096,GAP,"resolver status RETIRED_NO_REMAP"
896876,UNCONFIRMED,"no WHO snapshot for these L4s"
309692,UNCONFIRMED,"no WHO snapshot for these L4s"
824600,GAP,"resolver status L4_ONLY"
754484,GAP,"resolver status RETIRED_NO_REMAP"
861956,UNCONFIRMED,"no WHO snapshot for these L4s"
310748,GAP,"resolver status RETIRED_NO_REMAP"
999536,UNCONFIRMED,"no WHO snapshot for these L4s"
351068,UNCONFIRMED,"no WHO snapshot for these L4s"
211832,UNCONFIRMED,"no WHO snapshot for these L4s"
2119808,UNCONFIRMED,"no WHO snapshot for these L4s"
1150496,UNCONFIRMED,"no WHO snapshot for these L4s"
1234580,UNCONFIRMED,"no WHO snapshot for these L4s"
605744,UNCONFIRMED,"no WHO snapshot for these L4s"
577232,GAP,"resolver status L4_ONLY"
1661432,UNCONFIRMED,"no WHO snapshot for these L4s"
205820,UNCONFIRMED,"no WHO snapshot for these L4s"
996512,GAP,"resolver status L4_ONLY"
210248,GAP,"resolver status L4_ONLY"
314012,UNCONFIRMED,"no WHO snapshot for these L4s"
849668,UNCONFIRMED,"no WHO snapshot for these L4s"
1722236,GAP,"resolver status RETIRED_NO_REMAP"
1723988,UNCONFIRMED,"no WHO snapshot for these L4s"
1090076,UNCONFIRMED,"no WHO snapshot for these L4s"
313628,UNCONFIRMED,"no WHO snapshot for these L4s"
1720760,GAP,"no L5 codes"
1809644,GAP,"resolver status RETIRED_NO_REMAP"
1246604,GAP,"no L5 codes"
1360016,UNCONFIRMED,"no WHO snapshot for these L4s"
1374392,UNCONFIRMED,"no WHO snapshot for these L4s"
1543172,GAP,"no L5 codes"
1797872,UNCONFIRMED,"no WHO snapshot for these L4s"
1247576,GAP,"resolver status L4_ONLY"
900500,UNCONFIRMED,"no WHO snapshot for these L4s"
806384,UNCONFIRMED,"no WHO snapshot for these L4s"
730784,GAP,"resolver status NO_ATC"
701984,GAP,"resolver status L4_ONLY"
763484,GAP,"resolver status L4_ONLY"
656780,UNCONFIRMED,"no WHO snapshot for these L4s"
727820,UNCONFIRMED,"no WHO snapshot for these L4s"
309716,GAP,"no L5 codes"
312260,UNCONFIRMED,"no WHO snapshot for these L4s"
853460,UNCONFIRMED,"no WHO snapshot for these L4s"
1091828,UNCONFIRMED,"no WHO snapshot for these L4s"
1099400,UNCONFIRMED,"no WHO snapshot for these L4s"
1098584,GAP,"no L5 codes"
1038824,CONFIRMED,"L4 in WHO snapshot"
260384,UNCONFIRMED,"no WHO snapshot for these L4s"
1113536,UNCONFIRMED,"no WHO snapshot for these L4s"
210296,GAP,"resolver status RETIRED_NO_REMAP"
1234976,UNCONFIRMED,"no WHO snapshot for these L4s"
1037204,UNCONFIRMED,"no WHO snapshot for these L4s"
1043300,GAP,"resolver status L4_ONLY"
346508,UNCONFIRMED,"no WHO snapshot for these L4s"
2122760,GAP,"resolver status RETIRED_NO_REMAP"
1359152,UNCONFIRMED,"no WHO snapshot for these L4s"
198116,UNCONFIRMED,"no WHO snapshot for these L4s"
1249616,GAP,"resolver status RETIRED_NO_REMAP"
1541216,UNCONFIRMED,"no WHO snapshot for these L4s"
197804,UNCONFIRMED,"no WHO snapshot for these L4s"
1249628,UNCONFIRMED,"no WHO snapshot for these L4s"
1536212,GAP,"resolver status RETIRED_NO_REMAP"
895040,UNCONFIRMED,"no WHO snapshot for these L4s"
309344,UNCONFIRMED,"no WHO snapshot for these L4s"
882536,UNCONFIRMED,"no WHO snapshot for these L4s"
198248,UNCONFIRMED,"no WHO snapshot for these L4s"
198488,UNCONFIRMED,"no WHO snapshot for these L4s"
205964,UNCONFIRMED,"no WHO snapshot for these L4s"
1090676,GAP,"resolver status RETIRED_NO_REMAP"
403940,UNCONFIRMED,"no WHO snapshot for these L4s"
1044572,GAP,"resolver status RETIRED_NO_REMAP"
1085696,UNCONFIRMED,"no WHO snapshot for these L4s"
282764,UNCONFIRMED,"no WHO snapshot for these L4s"
809204,UNCONFIRMED,"no WHO snapshot for these L4s"
210008,UNCONFIRMED,"no WHO snapshot for these L4s"
359936,UNCONFIRMED,"no WHO snapshot for these L4s"
1101320,GAP,"resolver status RETIRED_NO_REMAP"
259196,GAP,"resolver status L4_ONLY"
284516,UNCONFIRMED,"no WHO snapshot for these L4s"
1006196,UNCONFIRMED,"no WHO snapshot for these L4s"
1040048,GAP,"resolver status L4_ONLY"
237716,UNCONFIRMED,"no WHO snapshot for these L4s"
237896,UNCONFIRMED,"no WHO snapshot for these L4s"
1797884,UNCONFIRMED,"no WHO snapshot for these L4s"
1598084,GAP,"resolver status RETIRED_NO_REMAP"
724568,UNCONFIRMED,"no WHO snapshot for these L4s"
749852,UNCONFIRMED,"no WHO snapshot for these L4s"
308576,GAP,"resolver status RETIRED_NO_REMAP"
745292,UNCONFIRMED,"no WHO snapshot for these L4s"
762332,UNCONFIRMED,"no WHO snapshot for these L4s"
308912,CONFIRMED,"L4 in WHO snapshot"
206228,UNCONFIRMED,"no WHO snapshot for these L4s"
312776,GAP,"resolver status RETIRED_NO_REMAP"
206876,GAP,"resolver status RETIRED_NO_REMAP"
315008,GAP,"no L5 codes"
831260,UNCONFIRMED,"no WHO snapshot for these L4s"
207380,UNCONFIRMED,"no WHO snapshot for these L4s"
1098944,GAP,"resolver status RETIRED_NO_REMAP"
1116164,UNCONFIRMED,"no WHO snapshot for these L4s"
855476,UNCONFIRMED,"no WHO snapshot for these L4s"
581660,UNCONFIRMED,"no WHO snapshot for these L4s"
260192,UNCONFIRMED,"no WHO snapshot for these L4s"
1667348,GAP,"resolver status L4_ONLY"
308084,UNCONFIRMED,"no WHO snapshot for these L4s"
252296,GAP,"no L5 codes"
1086812,GAP,"resolver status L4_ONLY"
203576,UNCONFIRMED,"no WHO snapshot for these L4s"
1098140,GAP,"resolver status L4_ONLY"
1101548,GAP,"resolver status RETIRED_NO_REMAP"
583304,UNCONFIRMED,"no WHO snapshot for these L4s"
1085756,UNCONFIRMED,"no WHO snapshot for these L4s"
283616,GAP,"resolver status L4_ONLY"
1190540,UNCONFIRMED,"no WHO snapshot for these L4s"
1101536,GAP,"resolver status RETIRED_NO_REMAP"
1112864,GAP,"resolver status L4_ONLY"
845492,UNCONFIRMED,"no WHO snapshot for these L4s"
1745444,UNCONFIRMED,"no WHO snapshot for these L4s"
1927616,GAP,"resolver status L4_ONLY"
1944692,UNCONFIRMED,"no WHO snapshot for these L4s"
1236068,UNCONFIRMED,"no WHO snapshot for these L4s"
1250672,UNCONFIRMED,"no WHO snapshot for these L4s"
1291604,UNCONFIRMED,"no WHO snapshot for these L4s"
1370228,GAP,"resolver status RETIRED_NO_REMAP"
1422092,UNCONFIRMED,"no WHO snapshot for these L4s"
1741760,GAP,"resolver status RETIRED_NO_REMAP"
1242068,GAP,"resolver status RETIRED_NO_REMAP"
1298360,GAP,"resolver status L4_ONLY"
1799696,GAP,"no L5 codes"
1809056,GAP,"resolver status L4_ONLY"
1872920,GAP,"resolver status L4_ONLY"
1486880,UNCONFIRMED,"no WHO snapshot for these L4s"
1602356,GAP,"resolver status L4_ONLY"
800216,GAP,"resolver status L4_ONLY"
998528,UNCONFIRMED,"no WHO snapshot for these L4s"
664844,UNCONFIRMED,"no WHO snapshot for these L4s"
207248,UNCONFIRMED,"no WHO snapshot for these L4s"
1087256,UNCONFIRMED,"no WHO snapshot for these L4s"
1089968,GAP,"resolver status L4_ONLY"
377732,UNCONFIRMED,"no WHO snapshot for these L4s"
2122772,GAP,"resolver status RETIRED_NO_REMAP"
807284,UNCONFIRMED,"no WHO snapshot for these L4s"
1125488,UNCONFIRMED,"no WHO snapshot for these L4s"
603224,GAP,"resolver status RETIRED_NO_REMAP"
1098644,GAP,"resolver status L4_ONLY"
313640,GAP,"resolver status RETIRED_NO_REMAP"
2099528,UNCONFIRMED,"no WHO snapshot for these L4s"
214040,UNCONFIRMED,"no WHO snapshot for these L4s"
2167784,GAP,"resolver status L4_ONLY"
211640,UNCONFIRMED,"no WHO snapshot for these L4s"
1658108,GAP,"resolver status L4_ONLY"
1191692,UNCONFIRMED,"no WHO snapshot for these L4s"
198776,UNCONFIRMED,"no WHO snapshot for these L4s"
211088,GAP,"resolver status RETIRED_NO_REMAP"
616292,UNCONFIRMED,"no WHO snapshot for these L4s"
1942340,GAP,"resolver status L4_ONLY"
1356080,GAP,"resolver status L4_ONLY"
1244636,UNCONFIRMED,"no WHO snapshot for these L4s"
1731584,UNCONFIRMED,"no WHO snapshot for these L4s"
1249712,UNCONFIRMED,"no WHO snapshot for these L4s"
834176,UNCONFIRMED,"no WHO snapshot for these L4s"
646352,GAP,"resolver status L4_ONLY"
884804,GAP,"resolver status L4_ONLY"
905300,UNCONFIRMED,"no WHO snapshot for these L4s"
204908,GAP,"resolver status RETIRED_NO_REMAP"
1996196,GAP,"no L5 codes"
702008,GAP,"resolver status L4_ONLY"
210752,UNCONFIRMED,"no WHO snapshot for these L4s"
1095224,UNCONFIRMED,"no WHO snapshot for these L4s"
1190936,UNCONFIRMED,"no WHO snapshot for these L4s"
1099892,UNCONFIRMED,"no WHO snapshot for these L4s"
541544,UNCONFIRMED,"no WHO snapshot for these L4s"
1010900,UNCONFIRMED,"no WHO snapshot for these L4s"
1085636,UNCONFIRMED,"no WHO snapshot for these L4s"
1085612,UNCONFIRMED,"no WHO snapshot for these L4s"
1046384,GAP,"resolver status L4_ONLY"
997160,UNCONFIRMED,"no WHO snapshot for these L4s"
208328,UNCONFIRMED,"no WHO snapshot for these L4s"
205832,UNCONFIRMED,"no WHO snapshot for these L4s"
211064,GAP,"resolver status RETIRED_NO_REMAP"
582608,GAP,"resolver status L4_ONLY"
1656284,GAP,"resolver status RETIRED_NO_REMAP"
1738592,UNCONFIRMED,"no WHO snapshot for these L4s"
1657916,UNCONFIRMED,"no WHO snapshot for these L4s"
483440,UNCONFIRMED,"no WHO snapshot for these L4s"
237512,UNCONFIRMED,"no WHO snapshot for these L4s"
307748,UNCONFIRMED,"no WHO snapshot for these L4s"
1657904,UNCONFIRMED,"no WHO snapshot for these L4s"
1111652,GAP,"resolver status RETIRED_NO_REMAP"
1116188,GAP,"resolver status RETIRED_NO_REMAP"
1807580,UNCONFIRMED,"no WHO snapshot for these L4s"
1928864,GAP,"resolver status L4_ONLY"
1241972,GAP,"resolver status RETIRED_NO_REMAP"
1535144,UNCONFIRMED,"no WHO snapshot for these L4s"
1357940,UNCONFIRMED,"no WHO snapshot for these L4s"
1874888,GAP,"resolver status RETIRED_NO_REMAP"
617432,CONFIRMED,"L4 in WHO snapshot"
748868,UNCONFIRMED,"no WHO snapshot for these L4s"
310880,UNCONFIRMED,"no WHO snapshot for these L4s"
702572,GAP,"resolver status L4_ONLY"
310160,UNCONFIRMED,"no WHO snapshot for these L4s"
763088,UNCONFIRMED,"no WHO snapshot for these L4s"
312452,GAP,"resolver status RETIRED_NO_REMAP"
212048,UNCONFIRMED,"no WHO snapshot for these L4s"
2106884,GAP,"resolver status L4_ONLY"
313532,GAP,"no L5 codes"
807356,UNCONFIRMED,"no WHO snapshot for these L4s"
210056,UNCONFIRMED,"no WHO snapshot for these L4s"
212792,UNCONFIRMED,"no WHO snapshot for these L4s"
237212,UNCONFIRMED,"no WHO snapshot for these L4s"
1095368,GAP,"resolver status RETIRED_NO_REMAP"
1001060,UNCONFIRMED,"no WHO snapshot for these L4s"
284024,UNCONFIRMED,"no WHO snapshot for these L4s"
248684,UNCONFIRMED,"no WHO snapshot for these L4s"
1739216,UNCONFIRMED,"no WHO snapshot for these L4s"
2118716,UNCONFIRMED,"no WHO snapshot for these L4s"
1304108,GAP,"resolver status L4_ONLY"
1250492,UNCONFIRMED,"no WHO snapshot for these L4s"
1365980,GAP,"resolver status L4_ONLY"
1796672,GAP,"no L5 codes"
705164,UNCONFIRMED,"no WHO snapshot for these L4s"
313016,UNCONFIRMED,"no WHO snapshot for these L4s"
756116,UNCONFIRMED,"no WHO snapshot for these L4s"
995192,UNCONFIRMED,"no WHO snapshot for these L4s"
348548,UNCONFIRMED,"no WHO snapshot for these L4s"
900368,UNCONFIRMED,"no WHO snapshot for these L4s"
312032,UNCONFIRMED,"no WHO snapshot for these L4s"
311948,GAP,"resolver status L4_ONLY"
876980,GAP,"no L5 codes"
312284,CONFIRMED,"L4 in WHO snapshot"
312356,UNCONFIRMED,"no WHO snapshot for these L4s"
848180,UNCONFIRMED,"no WHO snapshot for these L4s"
209468,GAP,"resolver status L4_ONLY"
1111760,GAP,"resolver status RETIRED_NO_REMAP"
1012208,UNCONFIRMED,"no WHO snapshot for these L4s"
1052684,UNCONFIRMED,"no WHO snapshot for these L4s"
856940,CONFIRMED,"L4 in WHO snapshot"
210860,GAP,"resolver status RETIRED_NO_REMAP"
1112948,UNCONFIRMED,"no WHO snapshot for these L4s"
1732124,UNCONFIRMED,"no WHO snapshot for these L4s"
860096,UNCONFIRMED,"no WHO snapshot for these L4s"
314276,GAP,"resolver status RETIRED_NO_REMAP"
349544,UNCONFIRMED,"no WHO snapshot for these L4s"
1115888,UNCONFIRMED,"no WHO snapshot for these L4s"
211808,UNCONFIRMED,"no WHO snapshot for these L4s"
1865204,GAP,"resolver status RETIRED_NO_REMAP"
1866164,GAP,"resolver status L4_ONLY"
1867940,GAP,"resolver status L4_ONLY"
1249040,UNCONFIRMED,"no WHO snapshot for these L4s"
1300064,UNCONFIRMED,"no WHO snapshot for these L4s"
1373504,UNCONFIRMED,"no WHO snapshot for these L4s"
1742228,GAP,"no L5 codes"
1601564,UNCONFIRMED,"no WHO snapshot for these L4s"
1652108,UNCONFIRMED,"no WHO snapshot for these L4s"
1302176,GAP,"resolver status L4_ONLY"
1421456,GAP,"resolver status L4_ONLY"
1549688,GAP,"resolver status L4_ONLY"
753536,UNCONFIRMED,"no WHO snapshot for these L4s"
727496,GAP,"no L5 codes"
884648,GAP,"resolver status RETIRED_NO_REMAP"
904268,UNCONFIRMED,"no WHO snapshot for these L4s"
758144,GAP,"no L5 codes"
861440,UNCONFIRMED,"no WHO snapshot for these L4s"
728132,GAP,"resolver status L4_ONLY"
997520,UNCONFIRMED,"no WHO snapshot for these L4s"
308228,GAP,"resolver status L4_ONLY"
311660,UNCONFIRMED,"no WHO snapshot for these L4s"
756236,UNCONFIRMED,"no WHO snapshot for these L4s"
347744,UNCONFIRMED,"no WHO snapshot for these L4s"
848216,UNCONFIRMED,"no WHO snapshot for these L4s"
476828,GAP,"no L5 codes"
543812,GAP,"no L5 codes"
608696,GAP,"resolver status L4_ONLY"
307832,UNCONFIRMED,"no WHO snapshot for these L4s"
1193120,UNCONFIRMED,"no WHO snapshot for these L4s"
615968,UNCONFIRMED,"no WHO snapshot for these L4s"
1011080,GAP,"resolver status L4_ONLY"
859256,GAP,"resolver status RETIRED_NO_REMAP"
1012760,GAP,"resolver status RETIRED_NO_REMAP"
1044416,GAP,"resolver status RETIRED_NO_REMAP"
240812,UNCONFIRMED,"no WHO snapshot for these L4s"
1674200,UNCONFIRMED,"no WHO snapshot for these L4s"
1053188,UNCONFIRMED,"no WHO snapshot for these L4s"
205976,UNCONFIRMED,"no WHO snapshot for these L4s"
833456,UNCONFIRMED,"no WHO snapshot for these L4s"
849608,GAP,"resolver status L4_ONLY"
1146020,GAP,"resolver status RETIRED_NO_REMAP"
1867544,UNCONFIRMED,"no WHO snapshot for these L4s"
1236716,GAP,"resolver status L4_ONLY"
1307996,GAP,"resolver status RETIRED_NO_REMAP"
1359128,GAP,"resolver status L4_ONLY"
1356812,GAP,"resolver status L4_ONLY"
1293644,UNCONFIRMED,"no WHO snapshot for these L4s"
1809584,GAP,"no L5 codes"
800588,GAP,"resolver status L4_ONLY"
798176,UNCONFIRMED,"no WHO snapshot for these L4s"
200036,UNCONFIRMED,"no WHO snapshot for these L4s"
755432,GAP,"resolver status RETIRED_NO_REMAP"
995084,GAP,"resolver status L4_ONLY"
889520,GAP,"resolver status L4_ONLY"
731372,GAP,"no L5 codes"
791120,GAP,"resolver status RETIRED_NO_REMAP"
206336,UNCONFIRMED,"no WHO snapshot for these L4s"
848960,UNCONFIRMED,"no WHO snapshot for these L4s"
855644,UNCONFIRMED,"no WHO snapshot for these L4s"
847712,UNCONFIRMED,"no WHO snapshot for these L4s"
860600,UNCONFIRMED,"no WHO snapshot for these L4s"
1046504,GAP,"resolver status RETIRED_NO_REMAP"
1046900,UNCONFIRMED,"no WHO snapshot for these L4s"
1993220,GAP,"resolver status RETIRED_NO_REMAP"
208592,UNCONFIRMED,"no WHO snapshot for these L4s"
1233692,GAP,"resolver status RETIRED_NO_REMAP"
1012004,UNCONFIRMED,"no WHO snapshot for these L4s"
541892,GAP,"resolver status L4_ONLY"
607232,GAP,"resolver status RETIRED_NO_REMAP"
416684,GAP,"no L5 codes"
857468,GAP,"no L5 codes"
1246628,GAP,"resolver status L4_ONLY"
1547672,UNCONFIRMED,"no WHO snapshot for these L4s"
1798388,UNCONFIRMED,"no WHO snapshot for these L4s"
1306916,GAP,"resolver status RETIRED_NO_REMAP"
1923428,UNCONFIRMED,"no WHO snapshot for these L4s"
618644,GAP,"no L5 codes"
198404,UNCONFIRMED,"no WHO snapshot for these L4s"
90176,GAP,"no L5 codes"
2055008,UNCONFIRMED,"no WHO snapshot for these L4s"
540800,GAP,"resolver status RETIRED_NO_REMAP"
1189316,GAP,"resolver status L4_ONLY"
827180,UNCONFIRMED,"no WHO snapshot for these L4s"
211508,UNCONFIRMED,"no WHO snapshot for these L4s"
1234532,GAP,"resolver status L4_ONLY"
1049888,UNCONFIRMED,"no WHO snapshot for these L4s"
307760,UNCONFIRMED,"no WHO snapshot for these L4s"
2118728,GAP,"resolver status L4_ONLY"
1038800,GAP,"resolver status L4_ONLY"
1860080,UNCONFIRMED,"no WHO snapshot for these L4s"
1865144,UNCONFIRMED,"no WHO snapshot for these L4s"
1297952,UNCONFIRMED,"no WHO snapshot for these L4s"
1483772,UNCONFIRMED,"no WHO snapshot for these L4s"
1086356,GAP,"no L5 codes"
1856552,UNCONFIRMED,"no WHO snapshot for these L4s"
1485332,UNCONFIRMED,"no WHO snapshot for these L4s"
1482656,UNCONFIRMED,"no WHO snapshot for these L4s"
1606208,UNCONFIRMED,"no WHO snapshot for these L4s"
1804844,UNCONFIRMED,"no WHO snapshot for these L4s"
197324,GAP,"no L5 codes"
1248032,UNCONFIRMED,"no WHO snapshot for these L4s"
1360388,UNCONFIRMED,"no WHO snapshot for these L4s"
1551512,CONFIRMED,"L4 in WHO snapshot"
1604564,GAP,"resolver status L4_ONLY"
747236,UNCONFIRMED,"no WHO snapshot for these L4s"
795728,UNCONFIRMED,"no WHO snapshot for these L4s"
804752,UNCONFIRMED,"no WHO snapshot for these L4s"
992528,UNCONFIRMED,"no WHO snapshot for these L4s"
995504,GAP,"resolver status L4_ONLY"
884192,UNCONFIRMED,"no WHO snapshot for these L4s"
645644,GAP,"resolver status RETIRED_NO_REMAP"
730880,GAP,"resolver status RETIRED_NO_REMAP"
833096,CONFIRMED,"L4 in WHO snapshot"
404084,UNCONFIRMED,"no WHO snapshot for these L4s"
1053200,GAP,"no L5 codes"
1053716,UNCONFIRMED,"no WHO snapshot for these L4s"
1999724,GAP,"resolver status L4_ONLY"
857744,UNCONFIRMED,"no WHO snapshot for these L4s"
212996,UNCONFIRMED,"no WHO snapshot for these L4s"
1115708,UNCONFIRMED,"no WHO snapshot for these L4s"
1116572,GAP,"resolver status L4_ONLY"
1044524,UNCONFIRMED,"no WHO snapshot for these L4s"
1741424,GAP,"no L5 codes"
831224,UNCONFIRMED,"no WHO snapshot for these L4s"
1092428,GAP,"resolver status L4_ONLY"
1094180,UNCONFIRMED,"no WHO snapshot for these L4s"
1810268,GAP,"resolver status L4_ONLY"
1924604,UNCONFIRMED,"no WHO snapshot for these L4s"
1789232,GAP,"resolver status RETIRED_NO_REMAP"
1540340,UNCONFIRMED,"no WHO snapshot for these L4s"
1536680,GAP,"resolver status L4_ONLY"
1809464,GAP,"no L5 codes"
308600,GAP,"no L5 codes"
756260,GAP,"resolver status L4_ONLY"
992780,UNCONFIRMED,"no WHO snapshot for these L4s"
1086908,GAP,"resolver status RETIRED_NO_REMAP"
204452,GAP,"no L5 codes"
349148,UNCONFIRMED,"no WHO snapshot for these L4s"
213320,GAP,"resolver status L4_ONLY"
541832,GAP,"resolver status RETIRED_NO_REMAP"
607028,UNCONFIRMED,"no WHO snapshot for these L4s"
858788,UNCONFIRMED,"no WHO snapshot for these L4s"
859376,UNCONFIRMED,"no WHO snapshot for these L4s"
1000664,UNCONFIRMED,"no WHO snapshot for these L4s"
1012304,UNCONFIRMED,"no WHO snapshot for these L4s"
1720616,UNCONFIRMED,"no WHO snapshot for these L4s"
213500,UNCONFIRMED,"no WHO snapshot for these L4s"
1147928,GAP,"resolver status RETIRED_NO_REMAP"
542744,GAP,"resolver status RETIRED_NO_REMAP"
1039628,UNCONFIRMED,"no WHO snapshot for these L4s"
1148636,UNCONFIRMED,"no WHO snapshot for these L4s"
1366652,UNCONFIRMED,"no WHO snapshot for these L4s"
1370756,UNCONFIRMED,"no WHO snapshot for these L4s"
1421168,UNCONFIRMED,"no WHO snapshot for these L4s"
1423292,UNCONFIRMED,"no WHO snapshot for these L4s"
1809668,GAP,"no L5 codes"
1813424,GAP,"no L5 codes"
1944656,UNCONFIRMED,"no WHO snapshot for these L4s"
1235252,GAP,"resolver status L4_ONLY"
1246328,UNCONFIRMED,"no WHO snapshot for these L4s"
1539752,UNCONFIRMED,"no WHO snapshot for these L4s"
1541816,UNCONFIRMED,"no WHO snapshot for these L4s"
630200,UNCONFIRMED,"no WHO snapshot for these L4s"
199292,GAP,"no L5 codes"
802748,GAP,"resolver status L4_ONLY"
798428,GAP,"no L5 codes"
312332,GAP,"resolver status RETIRED_NO_REMAP"
1086836,GAP,"resolver status L4_ONLY"
310472,UNCONFIRMED,"no WHO snapshot for these L4s"
2049380,GAP,"resolver status L4_ONLY"
1100924,GAP,"no L5 codes"
2167676,GAP,"resolver status L4_ONLY"
1053584,GAP,"resolver status RETIRED_NO_REMAP"
1011728,UNCONFIRMED,"no WHO snapshot for these L4s"
1049276,UNCONFIRMED,"no WHO snapshot for these L4s"
209288,UNCONFIRMED,"no WHO snapshot for these L4s"
2196992,UNCONFIRMED,"no WHO snapshot for these L4s"
1114868,GAP,"resolver status RETIRED_NO_REMAP"
1013096,UNCONFIRMED,"no WHO snapshot for these L4s"
1042688,GAP,"resolver status L4_ONLY"
562508,CONFIRMED,"L4 in WHO snapshot"
616640,GAP,"resolver status L4_ONLY"
1047476,UNCONFIRMED,"no WHO snapshot for these L4s"
1441376,GAP,"resolver status L4_ONLY"
1923056,GAP,"resolver status L4_ONLY"
1370204,GAP,"resolver status RETIRED_NO_REMAP"
1370768,UNCONFIRMED,"no WHO snapshot for these L4s"
1361708,GAP,"resolver status L4_ONLY"
1535468,UNCONFIRMED,"no WHO snapshot for these L4s"
1540004,GAP,"resolver status RETIRED_NO_REMAP"
1741292,GAP,"no L5 codes"
861752,UNCONFIRMED,"no WHO snapshot for these L4s"
724592,GAP,"no L5 codes"
308624,UNCONFIRMED,"no WHO snapshot for these L4s"
756008,GAP,"resolver status L4_ONLY"
312140,UNCONFIRMED,"no WHO snapshot for these L4s"
644120,UNCONFIRMED,"no WHO snapshot for these L4s"
702320,GAP,"resolver status RETIRED_NO_REMAP"
891140,GAP,"no L5 codes"
849452,UNCONFIRMED,"no WHO snapshot for these L4s"
1190120,UNCONFIRMED,"no WHO snapshot for these L4s"
602696,UNCONFIRMED,"no WHO snapshot for these L4s"
857756,UNCONFIRMED,"no WHO snapshot for these L4s"
1723868,UNCONFIRMED,"no WHO snapshot for these L4s"
351380,UNCONFIRMED,"no WHO snapshot for these L4s"
1049228,UNCONFIRMED,"no WHO snapshot for these L4s"
1001012,UNCONFIRMED,"no WHO snapshot for these L4s"
1044932,GAP,"no L5 codes"
1043048,GAP,"no L5 codes"
1088744,UNCONFIRMED,"no WHO snapshot for these L4s"
809540,GAP,"resolver status RETIRED_NO_REMAP"
1098416,UNCONFIRMED,"no WHO snapshot for these L4s"
1049108,UNCONFIRMED,"no WHO snapshot for these L4s"
1101332,GAP,"resolver status L4_ONLY"
1808600,UNCONFIRMED,"no WHO snapshot for these L4s"
1862084,UNCONFIRMED,"no WHO snapshot for these L4s"
1945076,GAP,"resolver status RETIRED_NO_REMAP"
1244936,GAP,"resolver status L4_ONLY"
1314932,UNCONFIRMED,"no WHO snapshot for these L4s"
1422560,UNCONFIRMED,"no WHO snapshot for these L4s"
1292828,GAP,"no L5 codes"
1803932,GAP,"no L5 codes"
1809416,GAP,"no L5 codes"
1601660,CONFIRMED,"L4 in WHO snapshot"
1657196,UNCONFIRMED,"no WHO snapshot for these L4s"
1495160,UNCONFIRMED,"no WHO snapshot for these L4s"
706544,UNCONFIRMED,"no WHO snapshot for these L4s"
205868,UNCONFIRMED,"no WHO snapshot for these L4s"
966548,UNCONFIRMED,"no WHO snapshot for these L4s"
977840,GAP,"resolver status L4_ONLY"
308480,GAP,"resolver status RETIRED_NO_REMAP"
310688,UNCONFIRMED,"no WHO snapshot for these L4s"
831836,GAP,"resolver status RETIRED_NO_REMAP"
199172,GAP,"resolver status L4_ONLY"
201896,UNCONFIRMED,"no WHO snapshot for these L4s"
800420,GAP,"resolver status L4_ONLY"
309368,UNCONFIRMED,"no WHO snapshot for these L4s"
198380,UNCONFIRMED,"no WHO snapshot for these L4s"
999632,GAP,"resolver status L4_ONLY"
834164,UNCONFIRMED,"no WHO snapshot for these L4s"
2183684,GAP,"resolver status L4_ONLY"
485348,UNCONFIRMED,"no WHO snapshot for these L4s"
1043708,GAP,"resolver status L4_ONLY"
1657016,GAP,"resolver status L4_ONLY"
1658180,GAP,"resolver status RETIRED_NO_REMAP"
310664,GAP,"resolver status L4_ONLY"
801644,GAP,"resolver status L4_ONLY"
1145348,GAP,"resolver status L4_ONLY"
1188440,GAP,"resolver status RETIRED_NO_REMAP"
82112,UNCONFIRMED,"no WHO snapshot for these L4s"
1000976,GAP,"resolver status L4_ONLY"
1049660,CONFIRMED,"L4 in WHO snapshot"
241856,GAP,"resolver status RETIRED_NO_REMAP"
1738136,UNCONFIRMED,"no WHO snapshot for these L4s"
402092,UNCONFIRMED,"no WHO snapshot for these L4s"
836636,GAP,"no L5 codes"
1095536,GAP,"no L5 codes"
1252016,UNCONFIRMED,"no WHO snapshot for these L4s"
1293512,UNCONFIRMED,"no WHO snapshot for these L4s"
1437704,UNCONFIRMED,"no WHO snapshot for these L4s"
1805288,GAP,"resolver status L4_ONLY"
1372652,GAP,"resolver status L4_ONLY"
1870676,UNCONFIRMED,"no WHO snapshot for these L4s"
1592912,CONFIRMED,"L4 in WHO snapshot"
746756,UNCONFIRMED,"no WHO snapshot for these L4s"
895664,GAP,"resolver status L4_ONLY"
795716,UNCONFIRMED,"no WHO snapshot for these L4s"
979316,UNCONFIRMED,"no WHO snapshot for these L4s"
899228,CONFIRMED,"L4 in WHO snapshot"
2001752,GAP,"resolver status L4_ONLY"
1147496,CONFIRMED,"L4 in WHO snapshot"
1190888,UNCONFIRMED,"no WHO snapshot for these L4s"
1085732,UNCONFIRMED,"no WHO snapshot for these L4s"
1000736,GAP,"resolver status L4_ONLY"
1010768,GAP,"resolver status L4_ONLY"
208364,UNCONFIRMED,"no WHO snapshot for these L4s"
208124,CONFIRMED,"L4 in WHO snapshot"
2108828,GAP,"resolver status L4_ONLY"
1043636,GAP,"no L5 codes"
1658264,UNCONFIRMED,"no WHO snapshot for these L4s"
476540,GAP,"resolver status RETIRED_NO_REMAP"
1039016,UNCONFIRMED,"no WHO snapshot for these L4s"
244400,UNCONFIRMED,"no WHO snapshot for these L4s"
259184,UNCONFIRMED,"no WHO snapshot for these L4s"
1005848,UNCONFIRMED,"no WHO snapshot for these L4s"
309596,UNCONFIRMED,"no WHO snapshot for these L4s"
2047112,UNCONFIRMED,"no WHO snapshot for these L4s"
1245392,UNCONFIRMED,"no WHO snapshot for these L4s"
1251284,GAP,"resolver status L4_ONLY"
1487528,GAP,"resolver status L4_ONLY"
1603292,GAP,"resolver status RETIRED_NO_REMAP"
1438136,UNCONFIRMED,"no WHO snapshot for these L4s"
1791404,UNCONFIRMED,"no WHO snapshot for these L4s"
1363736,UNCONFIRMED,"no WHO snapshot for these L4s"
1486532,UNCONFIRMED,"no WHO snapshot for these L4s"
1236272,GAP,"resolver status RETIRED_NO_REMAP"
992792,UNCONFIRMED,"no WHO snapshot for these L4s"
672152,UNCONFIRMED,"no WHO snapshot for these L4s"
708020,GAP,"resolver status RETIRED_NO_REMAP"
308900,CONFIRMED,"L4 in WHO snapshot"
198296,UNCONFIRMED,"no WHO snapshot for these L4s"
833696,UNCONFIRMED,"no WHO snapshot for these L4s"
762008,UNCONFIRMED,"no WHO snapshot for these L4s"
312188,UNCONFIRMED,"no WHO snapshot for these L4s"
205712,UNCONFIRMED,"no WHO snapshot for these L4s"
1190444,UNCONFIRMED,"no WHO snapshot for these L4s"
106892,GAP,"resolver status L4_ONLY"
800444,GAP,"resolver status L4_ONLY"
849080,GAP,"resolver status L4_ONLY"
605132,UNCONFIRMED,"no WHO snapshot for these L4s"
1658144,GAP,"resolver status RETIRED_NO_REMAP"
1049648,UNCONFIRMED,"no WHO snapshot for these L4s"
244124,UNCONFIRMED,"no WHO snapshot for these L4s"
313772,UNCONFIRMED,"no WHO snapshot for these L4s"
1091072,GAP,"resolver status L4_ONLY"
239984,UNCONFIRMED,"no WHO snapshot for these L4s"
1241720,UNCONFIRMED,"no WHO snapshot for these L4s"
197948,UNCONFIRMED,"no WHO snapshot for these L4s"
1545716,UNCONFIRMED,"no WHO snapshot for these L4s"
1251476,GAP,"resolver status RETIRED_NO_REMAP"
1995536,CONFIRMED,"L4 in WHO snapshot"
744980,GAP,"resolver status RETIRED_NO_REMAP"
758864,UNCONFIRMED,"no WHO snapshot for these L4s"
312056,UNCONFIRMED,"no WHO snapshot for these L4s"
351524,UNCONFIRMED,"no WHO snapshot for these L4s"
310892,UNCONFIRMED,"no WHO snapshot for these L4s"
753476,UNCONFIRMED,"no WHO snapshot for these L4s"
314216,GAP,"no L5 codes"
205904,UNCONFIRMED,"no WHO snapshot for these L4s"
830684,GAP,"resolver status L4_ONLY"
212240,GAP,"resolver status L4_ONLY"
213800,UNCONFIRMED,"no WHO snapshot for these L4s"
1012388,GAP,"resolver status L4_ONLY"
1012556,GAP,"resolver status RETIRED_NO_REMAP"
1737764,UNCONFIRMED,"no WHO snapshot for these L4s"
1114376,GAP,"resolver status RETIRED_NO_REMAP"
1001000,UNCONFIRMED,"no WHO snapshot for these L4s"
1037240,GAP,"resolver status L4_ONLY"
1537340,UNCONFIRMED,"no WHO snapshot for these L4s"
1600520,UNCONFIRMED,"no WHO snapshot for these L4s"
1944704,UNCONFIRMED,"no WHO snapshot for these L4s"
1248056,GAP,"resolver status RETIRED_NO_REMAP"
1298288,GAP,"resolver status L4_ONLY"
1366736,GAP,"resolver status L4_ONLY"
1424612,GAP,"no L5 codes"
1483184,GAP,"resolver status RETIRED_NO_REMAP"
657440,UNCONFIRMED,"no WHO snapshot for these L4s"
702428,GAP,"resolver status RETIRED_NO_REMAP"
798440,GAP,"resolver status RETIRED_NO_REMAP"
309332,UNCONFIRMED,"no WHO snapshot for these L4s"
744632,CONFIRMED,"L4 in WHO snapshot"
800192,GAP,"resolver status L4_ONLY"
992816,UNCONFIRMED,"no WHO snapshot for these L4s"
1089788,GAP,"resolver status RETIRED_NO_REMAP"
857612,UNCONFIRMED,"no WHO snapshot for these L4s"
2105780,GAP,"resolver status L4_ONLY"
1125500,GAP,"resolver status RETIRED_NO_REMAP"
616880,UNCONFIRMED,"no WHO snapshot for these L4s"
1670324,GAP,"resolver status L4_ONLY"
211892,UNCONFIRMED,"no WHO snapshot for these L4s"
2109512,UNCONFIRMED,"no WHO snapshot for these L4s"
562592,UNCONFIRMED,"no WHO snapshot for these L4s"
1012100,GAP,"resolver status L4_ONLY"
1742420,UNCONFIRMED,"no WHO snapshot for these L4s"
406424,GAP,"resolver status RETIRED_NO_REMAP"
1658048,UNCONFIRMED,"no WHO snapshot for these L4s"
1085744,UNCONFIRMED,"no WHO snapshot for these L4s"
809396,GAP,"resolver status RETIRED_NO_REMAP"
1146128,GAP,"no L5 codes"
209264,UNCONFIRMED,"no WHO snapshot for these L4s"
1045328,UNCONFIRMED,"no WHO snapshot for these L4s"
1941536,UNCONFIRMED,"no WHO snapshot for these L4s"
1494824,GAP,"resolver status L4_ONLY"
1919516,UNCONFIRMED,"no WHO snapshot for these L4s"
1244204,GAP,"resolver status RETIRED_NO_REMAP"
1648148,GAP,"resolver status L4_ONLY"
1795616,GAP,"no L5 codes"
1251608,UNCONFIRMED,"no WHO snapshot for these L4s"
1367420,UNCONFIRMED,"no WHO snapshot for these L4s"
1363484,GAP,"resolver status RETIRED_NO_REMAP"
1538456,GAP,"resolver status L4_ONLY"
883808,UNCONFIRMED,"no WHO snapshot for these L4s"
898352,UNCONFIRMED,"no WHO snapshot for these L4s"
995576,UNCONFIRMED,"no WHO snapshot for these L4s"
978680,UNCONFIRMED,"no WHO snapshot for these L4s"
725072,UNCONFIRMED,"no WHO snapshot for these L4s"
206372,UNCONFIRMED,"no WHO snapshot for these L4s"
2043464,CONFIRMED,"L4 in WHO snapshot"
647888,GAP,"resolver status L4_ONLY"
665096,UNCONFIRMED,"no WHO snapshot for these L4s"
1091012,GAP,"resolver status RETIRED_NO_REMAP"
809132,UNCONFIRMED,"no WHO snapshot for these L4s"
830456,GAP,"resolver status L4_ONLY"
211292,GAP,"resolver status L4_ONLY"
1048316,UNCONFIRMED,"no WHO snapshot for these L4s"
1046648,GAP,"resolver status L4_ONLY"
1087208,GAP,"resolver status L4_ONLY"
384788,GAP,"resolver status L4_ONLY"
237788,GAP,"no L5 codes"
1092680,UNCONFIRMED,"no WHO snapshot for these L4s"
1730192,GAP,"resolver status RETIRED_NO_REMAP"
1101368,GAP,"resolver status RETIRED_NO_REMAP"
604664,GAP,"resolver status L4_ONLY"
1041524,UNCONFIRMED,"no WHO snapshot for these L4s"
1052936,GAP,"resolver status RETIRED_NO_REMAP"
1939340,GAP,"resolver status L4_ONLY"
1870112,GAP,"resolver status L4_ONLY"
1241948,GAP,"resolver status RETIRED_NO_REMAP"
1244576,UNCONFIRMED,"no WHO snapshot for these L4s"
1291292,UNCONFIRMED,"no WHO snapshot for these L4s"
1429568,GAP,"resolver status RETIRED_NO_REMAP"
197960,GAP,"resolver status L4_ONLY"
1251788,UNCONFIRMED,"no WHO snapshot for these L4s"
1310624,GAP,"resolver status RETIRED_NO_REMAP"
1313300,GAP,"resolver status RETIRED_NO_REMAP"
1492052,GAP,"resolver status L4_ONLY"
1242740,GAP,"resolver status RETIRED_NO_REMAP"
730976,UNCONFIRMED,"no WHO snapshot for these L4s"
308636,UNCONFIRMED,"no WHO snapshot for these L4s"
205352,UNCONFIRMED,"no WHO snapshot for these L4s"
882548,GAP,"resolver status L4_ONLY"
883748,UNCONFIRMED,"no WHO snapshot for these L4s"
897368,GAP,"no L5 codes"
204884,GAP,"resolver status RETIRED_NO_REMAP"
706820,GAP,"resolver status L4_ONLY"
756296,UNCONFIRMED,"no WHO snapshot for these L4s"
895952,UNCONFIRMED,"no WHO snapshot for these L4s"
314108,UNCONFIRMED,"no WHO snapshot for these L4s"
847628,GAP,"resolver status L4_ONLY"
1091600,UNCONFIRMED,"no WHO snapshot for these L4s"
1113392,UNCONFIRMED,"no WHO snapshot for these L4s"
1000856,GAP,"resolver status RETIRED_NO_REMAP"
1191224,UNCONFIRMED,"no WHO snapshot for these L4s"
607220,GAP,"resolver status RETIRED_NO_REMAP"
1037336,UNCONFIRMED,"no WHO snapshot for these L4s"
996524,GAP,"resolver status RETIRED_NO_REMAP"
1145624,UNCONFIRMED,"no WHO snapshot for these L4s"
602228,UNCONFIRMED,"no WHO snapshot for these L4s"
1005860,UNCONFIRMED,"no WHO snapshot for these L4s"
244496,UNCONFIRMED,"no WHO snapshot for these L4s"
1006688,UNCONFIRMED,"no WHO snapshot for these L4s"
1037288,UNCONFIRMED,"no WHO snapshot for these L4s"
1046924,GAP,"resolver status L4_ONLY"
1667684,UNCONFIRMED,"no WHO snapshot for these L4s"
996584,UNCONFIRMED,"no WHO snapshot for these L4s"
208424,GAP,"no L5 codes"
2183672,UNCONFIRMED,"no WHO snapshot for these L4s"
1668248,UNCONFIRMED,"no WHO snapshot for these L4s"
1801964,GAP,"resolver status RETIRED_NO_REMAP"
1294196,GAP,"resolver status RETIRED_NO_REMAP"
1546040,UNCONFIRMED,"no WHO snapshot for these L4s"
1547648,GAP,"resolver status RETIRED_NO_REMAP"
1235456,GAP,"resolver status L4_ONLY"
1314392,GAP,"resolver status RETIRED_NO_REMAP"
1604384,UNCONFIRMED,"no WHO snapshot for these L4s"
1869320,GAP,"no L5 codes"
1294376,UNCONFIRMED,"no WHO snapshot for these L4s"
861224,GAP,"resolver status L4_ONLY"
310520,UNCONFIRMED,"no WHO snapshot for these L4s"
833036,CONFIRMED,"L4 in WHO snapshot"
618368,GAP,"resolver status RETIRED_NO_REMAP"
727988,UNCONFIRMED,"no WHO snapshot for these L4s"
308144,UNCONFIRMED,"no WHO snapshot for these L4s"
210140,GAP,"no L5 codes"
211352,UNCONFIRMED,"no WHO snapshot for these L4s"
1013036,UNCONFIRMED,"no WHO snapshot for these L4s"
259844,GAP,"resolver status L4_ONLY"
828284,UNCONFIRMED,"no WHO snapshot for these L4s"
2099132,GAP,"resolver status L4_ONLY"
210692,UNCONFIRMED,"no WHO snapshot for these L4s"
857828,UNCONFIRMED,"no WHO snapshot for these L4s"
2121080,UNCONFIRMED,"no WHO snapshot for these L4s"
103568,UNCONFIRMED,"no WHO snapshot for these L4s"
581696,UNCONFIRMED,"no WHO snapshot for these L4s"
1053620,GAP,"resolver status RETIRED_NO_REMAP"
1658720,UNCONFIRMED,"no WHO snapshot for these L4s"
1734932,UNCONFIRMED,"no WHO snapshot for these L4s"
1795496,UNCONFIRMED,"no WHO snapshot for these L4s"
543464,GAP,"resolver status RETIRED_NO_REMAP"
238460,GAP,"no L5 codes"
1362944,UNCONFIRMED,"no WHO snapshot for these L4s"
1369424,GAP,"resolver status L4_ONLY"
1441112,UNCONFIRMED,"no WHO snapshot for these L4s"
1359356,GAP,"resolver status L4_ONLY"
1423676,GAP,"resolver status L4_ONLY"
1294268,GAP,"resolver status L4_ONLY"
1308380,GAP,"resolver status RETIRED_NO_REMAP"
1310948,GAP,"resolver status L4_ONLY"
1357568,GAP,"resolver status RETIRED_NO_REMAP"
1540520,GAP,"resolver status RETIRED_NO_REMAP"
1301696,GAP,"resolver status L4_ONLY"
1248356,UNCONFIRMED,"no WHO snapshot for these L4s"
1294244,UNCONFIRMED,"no WHO snapshot for these L4s"
1367384,CONFIRMED,"L4 in WHO snapshot"
636188,GAP,"resolver status L4_ONLY"
992660,UNCONFIRMED,"no WHO snapshot for these L4s"
309740,UNCONFIRMED,"no WHO snapshot for these L4s"
978056,GAP,"resolver status L4_ONLY"
308708,UNCONFIRMED,"no WHO snapshot for these L4s"
309884,GAP,"resolver status RETIRED_NO_REMAP"
311048,GAP,"resolver status L4_ONLY"
998516,GAP,"resolver status RETIRED_NO_REMAP"
881156,UNCONFIRMED,"no WHO snapshot for these L4s"
201152,UNCONFIRMED,"no WHO snapshot for these L4s"
806396,GAP,"resolver status L4_ONLY"
834152,UNCONFIRMED,"no WHO snapshot for these L4s"
211904,UNCONFIRMED,"no WHO snapshot for these L4s"
1116080,UNCONFIRMED,"no WHO snapshot for these L4s"
1000892,UNCONFIRMED,"no WHO snapshot for these L4s"
1000880,UNCONFIRMED,"no WHO snapshot for these L4s"
1013048,UNCONFIRMED,"no WHO snapshot for these L4s"
315200,UNCONFIRMED,"no WHO snapshot for these L4s"
860576,UNCONFIRMED,"no WHO snapshot for these L4s"
1190660,UNCONFIRMED,"no WHO snapshot for these L4s"
244556,UNCONFIRMED,"no WHO snapshot for these L4s"
237872,UNCONFIRMED,"no WHO snapshot for these L4s"
1807136,GAP,"resolver status L4_ONLY"
1246076,UNCONFIRMED,"no WHO snapshot for these L4s"
1297832,UNCONFIRMED,"no WHO snapshot for these L4s"
1298348,GAP,"resolver status L4_ONLY"
1486208,GAP,"resolver status RETIRED_NO_REMAP"
1542380,UNCONFIRMED,"no WHO snapshot for these L4s"
1741268,GAP,"no L5 codes"
1294616,UNCONFIRMED,"no WHO snapshot for these L4s"
1535372,GAP,"resolver status RETIRED_NO_REMAP"
1492064,GAP,"resolver status RETIRED_NO_REMAP"
667904,GAP,"no L5 codes"
901484,UNCONFIRMED,"no WHO snapshot for these L4s"
656708,GAP,"resolver status RETIRED_NO_REMAP"
310868,UNCONFIRMED,"no WHO snapshot for these L4s"
404528,UNCONFIRMED,"no WHO snapshot for these L4s"
900428,UNCONFIRMED,"no WHO snapshot for these L4s"
905024,GAP,"no L5 codes"
207140,UNCONFIRMED,"no WHO snapshot for these L4s"
997964,UNCONFIRMED,"no WHO snapshot for these L4s"
2177912,UNCONFIRMED,"no WHO snapshot for these L4s"
1006712,UNCONFIRMED,"no WHO snapshot for these L4s"
1012628,UNCONFIRMED,"no WHO snapshot for these L4s"
1050080,UNCONFIRMED,"no WHO snapshot for these L4s"
1048124,GAP,"resolver status L4_ONLY"
1087184,GAP,"resolver status RETIRED_NO_REMAP"
1090532,UNCONFIRMED,"no WHO snapshot for these L4s"
1098704,UNCONFIRMED,"no WHO snapshot for these L4s"
1000556,GAP,"resolver status L4_ONLY"
858800,UNCONFIRMED,"no WHO snapshot for these L4s"
313040,UNCONFIRMED,"no WHO snapshot for these L4s"
1741304,GAP,"no L5 codes"
1304564,GAP,"resolver status L4_ONLY"
1549388,UNCONFIRMED,"no WHO snapshot for these L4s"
1870232,UNCONFIRMED,"no WHO snapshot for these L4s"
1248152,UNCONFIRMED,"no WHO snapshot for these L4s"
1251296,GAP,"resolver status L4_ONLY"
1535708,GAP,"resolver status RETIRED_NO_REMAP"
1376336,UNCONFIRMED,"no WHO snapshot for these L4s"
1441184,GAP,"resolver status RETIRED_NO_REMAP"
1549328,GAP,"no L5 codes"
1595624,GAP,"resolver status L4_ONLY"
801584,UNCONFIRMED,"no WHO snapshot for these L4s"
206852,UNCONFIRMED,"no WHO snapshot for these L4s"
373112,GAP,"resolver status RETIRED_NO_REMAP"
999608,UNCONFIRMED,"no WHO snapshot for these L4s"
861500,UNCONFIRMED,"no WHO snapshot for these L4s"
995036,UNCONFIRMED,"no WHO snapshot for these L4s"
1095608,UNCONFIRMED,"no WHO snapshot for these L4s"
1190600,GAP,"resolver status L4_ONLY"
1038764,UNCONFIRMED,"no WHO snapshot for these L4s"
248108,UNCONFIRMED,"no WHO snapshot for these L4s"
349472,UNCONFIRMED,"no WHO snapshot for these L4s"
206096,UNCONFIRMED,"no WHO snapshot for these L4s"
857768,UNCONFIRMED,"no WHO snapshot for these L4s"
2102456,GAP,"no L5 codes"
422996,UNCONFIRMED,"no WHO snapshot for these L4s"
1041512,GAP,"resolver status RETIRED_NO_REMAP"
1243772,CONFIRMED,"L4 in WHO snapshot"
1366508,CONFIRMED,"L4 in WHO snapshot"
1490000,GAP,"resolver status L4_ONLY"
1873628,UNCONFIRMED,"no WHO snapshot for these L4s"
1422896,UNCONFIRMED,"no WHO snapshot for these L4s"
1549484,UNCONFIRMED,"no WHO snapshot for these L4s"
1606988,GAP,"resolver status L4_ONLY"
1308476,UNCONFIRMED,"no WHO snapshot for these L4s"
892316,GAP,"resolver status L4_ONLY"
790280,UNCONFIRMED,"no WHO snapshot for these L4s"
351848,GAP,"resolver status RETIRED_NO_REMAP"
688892,GAP,"resolver status L4_ONLY"
991424,UNCONFIRMED,"no WHO snapshot for these L4s"
1145012,UNCONFIRMED,"no WHO snapshot for these L4s"
607076,CONFIRMED,"L4 in WHO snapshot"
1046276,UNCONFIRMED,"no WHO snapshot for these L4s"
1048340,GAP,"resolver status L4_ONLY"
1044248,UNCONFIRMED,"no WHO snapshot for these L4s"
237656,GAP,"no L5 codes"
1000496,GAP,"resolver status L4_ONLY"
1733864,GAP,"resolver status L4_ONLY"
1006052,UNCONFIRMED,"no WHO snapshot for these L4s"
312884,GAP,"resolver status L4_ONLY"
261176,UNCONFIRMED,"no WHO snapshot for these L4s"
1657712,UNCONFIRMED,"no WHO snapshot for these L4s"
1809440,GAP,"no L5 codes"
1294436,UNCONFIRMED,"no WHO snapshot for these L4s"
1305908,GAP,"resolver status L4_ONLY"
1307984,UNCONFIRMED,"no WHO snapshot for these L4s"
1356500,UNCONFIRMED,"no WHO snapshot for these L4s"
1423328,GAP,"resolver status L4_ONLY"
1541084,GAP,"resolver status L4_ONLY"
1242056,GAP,"resolver status RETIRED_NO_REMAP"
1243364,GAP,"resolver status L4_ONLY"
1297544,UNCONFIRMED,"no WHO snapshot for these L4s"
748832,UNCONFIRMED,"no WHO snapshot for these L4s"
800648,GAP,"resolver status L4_ONLY"
996716,GAP,"resolver status L4_ONLY"
688880,UNCONFIRMED,"no WHO snapshot for these L4s"
754028,UNCONFIRMED,"no WHO snapshot for these L4s"
2045120,UNCONFIRMED,"no WHO snapshot for these L4s"
750248,UNCONFIRMED,"no WHO snapshot for these L4s"
991376,UNCONFIRMED,"no WHO snapshot for these L4s"
198620,UNCONFIRMED,"no WHO snapshot for these L4s"
2120912,UNCONFIRMED,"no WHO snapshot for these L4s"
1099448,UNCONFIRMED,"no WHO snapshot for these L4s"
857864,UNCONFIRMED,"no WHO snapshot for these L4s"
1013024,UNCONFIRMED,"no WHO snapshot for these L4s"
260312,UNCONFIRMED,"no WHO snapshot for these L4s"
1012244,UNCONFIRMED,"no WHO snapshot for these L4s"
2109620,GAP,"resolver status L4_ONLY"
1000352,GAP,"resolver status L4_ONLY"
1043348,UNCONFIRMED,"no WHO snapshot for these L4s"
1735508,GAP,"resolver status RETIRED_NO_REMAP"
1534676,UNCONFIRMED,"no WHO snapshot for these L4s"
1547660,UNCONFIRMED,"no WHO snapshot for these L4s"
1294592,GAP,"resolver status L4_ONLY"
197408,UNCONFIRMED,"no WHO snapshot for these L4s"
1442876,UNCONFIRMED,"no WHO snapshot for these L4s"
1599164,GAP,"resolver status L4_ONLY"
1237064,UNCONFIRMED,"no WHO snapshot for these L4s"
141704,UNCONFIRMED,"no WHO snapshot for these L4s"
1486436,CONFIRMED,"L4 in WHO snapshot"
1939328,CONFIRMED,"L4 in WHO snapshot"
196496,GAP,"resolver status RETIRED_NO_REMAP"
1996184,UNCONFIRMED,"no WHO snapshot for these L4s"
203588,GAP,"resolver status RETIRED_NO_REMAP"
2046140,UNCONFIRMED,"no WHO snapshot for these L4s"
2268044,UNCONFIRMED,"no WHO snapshot for these L4s"
2599052,UNCONFIRMED,"no WHO snapshot for these L4s"
2627648,UNCONFIRMED,"no WHO snapshot for these L4s"
2639036,UNCONFIRMED,"no WHO snapshot for these L4s"
2712044,UNCONFIRMED,"no WHO snapshot for these L4s"
614348,CONFIRMED,"L4 in WHO snapshot"
904664,GAP,"resolver status L4_ONLY"
389132,CONFIRMED,"L4 in WHO snapshot"
1424888,UNCONFIRMED,"no WHO snapshot for these L4s"
2637476,GAP,"resolver status L4_ONLY"
1298840,UNCONFIRMED,"no WHO snapshot for these L4s"
274964,UNCONFIRMED,"no WHO snapshot for these L4s"
1727492,CONFIRMED,"L4 in WHO snapshot"
1597388,CONFIRMED,"L4 in WHO snapshot"
1987017,GAP,"resolver status L4_ONLY"
763581,UNCONFIRMED,"no WHO snapshot for these L4s"
761985,UNCONFIRMED,"no WHO snapshot for these L4s"
826653,GAP,"resolver status L4_ONLY"
831393,GAP,"resolver status L4_ONLY"
1147533,GAP,"no L5 codes"
857841,UNCONFIRMED,"no WHO snapshot for these L4s"
282561,UNCONFIRMED,"no WHO snapshot for these L4s"
1012017,UNCONFIRMED,"no WHO snapshot for these L4s"
830205,UNCONFIRMED,"no WHO snapshot for these L4s"
206985,UNCONFIRMED,"no WHO snapshot for these L4s"
854181,UNCONFIRMED,"no WHO snapshot for these L4s"
1013073,UNCONFIRMED,"no WHO snapshot for these L4s"
857853,UNCONFIRMED,"no WHO snapshot for these L4s"
1053417,GAP,"resolver status RETIRED_NO_REMAP"
1012545,GAP,"resolver status RETIRED_NO_REMAP"
1120017,UNCONFIRMED,"no WHO snapshot for these L4s"
1085781,UNCONFIRMED,"no WHO snapshot for these L4s"
1809429,GAP,"no L5 codes"
1298445,GAP,"resolver status RETIRED_NO_REMAP"
1293717,GAP,"resolver status L4_ONLY"
1429389,UNCONFIRMED,"no WHO snapshot for these L4s"
1427997,GAP,"resolver status RETIRED_NO_REMAP"
993261,GAP,"resolver status L4_ONLY"
668901,UNCONFIRMED,"no WHO snapshot for these L4s"
861657,UNCONFIRMED,"no WHO snapshot for these L4s"
800037,UNCONFIRMED,"no WHO snapshot for these L4s"
991557,UNCONFIRMED,"no WHO snapshot for these L4s"
800925,GAP,"resolver status L4_ONLY"
2109981,UNCONFIRMED,"no WHO snapshot for these L4s"
211677,UNCONFIRMED,"no WHO snapshot for these L4s"
1099581,UNCONFIRMED,"no WHO snapshot for these L4s"
11253,GAP,"no L5 codes"
211149,GAP,"no L5 codes"
212265,UNCONFIRMED,"no WHO snapshot for these L4s"
1234521,GAP,"resolver status RETIRED_NO_REMAP"
1672917,GAP,"resolver status L4_ONLY"
616401,UNCONFIRMED,"no WHO snapshot for these L4s"
213621,GAP,"resolver status L4_ONLY"
1093113,UNCONFIRMED,"no WHO snapshot for these L4s"
1046301,UNCONFIRMED,"no WHO snapshot for these L4s"
1737453,GAP,"no L5 codes"
1235133,UNCONFIRMED,"no WHO snapshot for these L4s"
1232397,UNCONFIRMED,"no WHO snapshot for these L4s"
541953,UNCONFIRMED,"no WHO snapshot for these L4s"
1001025,UNCONFIRMED,"no WHO snapshot for these L4s"
260481,GAP,"resolver status RETIRED_NO_REMAP"
1657749,UNCONFIRMED,"no WHO snapshot for these L4s"
403941,UNCONFIRMED,"no WHO snapshot for these L4s"
1795473,UNCONFIRMED,"no WHO snapshot for these L4s"
1251345,GAP,"resolver status RETIRED_NO_REMAP"
1358853,GAP,"resolver status L4_ONLY"
1370205,GAP,"resolver status L4_ONLY"
1536993,GAP,"resolver status L4_ONLY"
1543437,GAP,"resolver status RETIRED_NO_REMAP"
1797921,UNCONFIRMED,"no WHO snapshot for these L4s"
1732161,GAP,"no L5 codes"
1357905,GAP,"resolver status L4_ONLY"
1421001,GAP,"resolver status L4_ONLY"
686385,UNCONFIRMED,"no WHO snapshot for these L4s"
198477,UNCONFIRMED,"no WHO snapshot for these L4s"
998541,UNCONFIRMED,"no WHO snapshot for these L4s"
901833,UNCONFIRMED,"no WHO snapshot for these L4s"
637365,GAP,"resolver status L4_ONLY"
351297,GAP,"resolver status L4_ONLY"
206337,UNCONFIRMED,"no WHO snapshot for these L4s"
903309,UNCONFIRMED,"no WHO snapshot for these L4s"
208593,UNCONFIRMED,"no WHO snapshot for these L4s"
579033,UNCONFIRMED,"no WHO snapshot for these L4s"
582753,UNCONFIRMED,"no WHO snapshot for these L4s"
1039353,UNCONFIRMED,"no WHO snapshot for these L4s"
241713,GAP,"resolver status RETIRED_NO_REMAP"
828381,UNCONFIRMED,"no WHO snapshot for these L4s"
1099269,UNCONFIRMED,"no WHO snapshot for these L4s"
245265,GAP,"resolver status L4_ONLY"
543873,GAP,"resolver status L4_ONLY"
1744005,CONFIRMED,"L4 in WHO snapshot"
1868469,UNCONFIRMED,"no WHO snapshot for these L4s"
1250949,UNCONFIRMED,"no WHO snapshot for these L4s"
1805157,GAP,"resolver status RETIRED_NO_REMAP"
1872897,GAP,"resolver status L4_ONLY"
1244193,UNCONFIRMED,"no WHO snapshot for these L4s"
1297833,UNCONFIRMED,"no WHO snapshot for these L4s"
1542825,UNCONFIRMED,"no WHO snapshot for these L4s"
1547121,UNCONFIRMED,"no WHO snapshot for these L4s"
1729173,UNCONFIRMED,"no WHO snapshot for these L4s"
1734777,UNCONFIRMED,"no WHO snapshot for these L4s"
1742217,GAP,"no L5 codes"
1310481,UNCONFIRMED,"no WHO snapshot for these L4s"
1796073,UNCONFIRMED,"no WHO snapshot for these L4s"
1801689,UNCONFIRMED,"no WHO snapshot for these L4s"
1440021,GAP,"no L5 codes"
657561,UNCONFIRMED,"no WHO snapshot for these L4s"
308493,GAP,"resolver status L4_ONLY"
310473,UNCONFIRMED,"no WHO snapshot for these L4s"
347745,UNCONFIRMED,"no WHO snapshot for these L4s"
310545,UNCONFIRMED,"no WHO snapshot for these L4s"
211137,UNCONFIRMED,"no WHO snapshot for these L4s"
2168025,UNCONFIRMED,"no WHO snapshot for these L4s"
1012245,UNCONFIRMED,"no WHO snapshot for these L4s"
244413,UNCONFIRMED,"no WHO snapshot for these L4s"
1037241,UNCONFIRMED,"no WHO snapshot for these L4s"
2049453,GAP,"no L5 codes"
2056893,GAP,"resolver status L4_ONLY"
853509,GAP,"resolver status RETIRED_NO_REMAP"
834177,UNCONFIRMED,"no WHO snapshot for these L4s"
2184153,UNCONFIRMED,"no WHO snapshot for these L4s"
2058501,GAP,"no L5 codes"
259581,GAP,"resolver status L4_ONLY"
308085,GAP,"resolver status L4_ONLY"
1658265,UNCONFIRMED,"no WHO snapshot for these L4s"
213633,UNCONFIRMED,"no WHO snapshot for these L4s"
1809441,GAP,"no L5 codes"
1294557,UNCONFIRMED,"no WHO snapshot for these L4s"
1310589,UNCONFIRMED,"no WHO snapshot for these L4s"
1366941,GAP,"resolver status RETIRED_NO_REMAP"
198153,UNCONFIRMED,"no WHO snapshot for these L4s"
1360341,UNCONFIRMED,"no WHO snapshot for these L4s"
1307241,GAP,"resolver status RETIRED_NO_REMAP"
1359345,GAP,"resolver status L4_ONLY"
1494825,GAP,"resolver status L4_ONLY"
1549401,GAP,"resolver status L4_ONLY"
1809525,GAP,"no L5 codes"
1539885,GAP,"no L5 codes"
1603845,CONFIRMED,"L4 in WHO snapshot"
310869,UNCONFIRMED,"no WHO snapshot for these L4s"
309345,UNCONFIRMED,"no WHO snapshot for these L4s"
794229,UNCONFIRMED,"no WHO snapshot for these L4s"
206373,UNCONFIRMED,"no WHO snapshot for these L4s"
308913,UNCONFIRMED,"no WHO snapshot for these L4s"
1001085,UNCONFIRMED,"no WHO snapshot for these L4s"
825321,UNCONFIRMED,"no WHO snapshot for these L4s"
2167737,GAP,"resolver status L4_ONLY"
1111341,UNCONFIRMED,"no WHO snapshot for these L4s"
1733865,UNCONFIRMED,"no WHO snapshot for these L4s"
207273,UNCONFIRMED,"no WHO snapshot for these L4s"
1101525,GAP,"resolver status RETIRED_NO_REMAP"
1149381,UNCONFIRMED,"no WHO snapshot for these L4s"
858777,UNCONFIRMED,"no WHO snapshot for these L4s"
242049,UNCONFIRMED,"no WHO snapshot for these L4s"
1660761,UNCONFIRMED,"no WHO snapshot for these L4s"
860745,GAP,"resolver status L4_ONLY"
1875237,UNCONFIRMED,"no WHO snapshot for these L4s"
1546881,GAP,"resolver status L4_ONLY"
1235241,UNCONFIRMED,"no WHO snapshot for these L4s"
1427409,GAP,"resolver status RETIRED_NO_REMAP"
1293489,GAP,"resolver status RETIRED_NO_REMAP"
753273,UNCONFIRMED,"no WHO snapshot for these L4s"
618285,UNCONFIRMED,"no WHO snapshot for these L4s"
861237,GAP,"resolver status L4_ONLY"
706461,UNCONFIRMED,"no WHO snapshot for these L4s"
905349,UNCONFIRMED,"no WHO snapshot for these L4s"
359937,UNCONFIRMED,"no WHO snapshot for these L4s"
1113693,UNCONFIRMED,"no WHO snapshot for these L4s"
1119573,GAP,"resolver status L4_ONLY"
283077,UNCONFIRMED,"no WHO snapshot for these L4s"
1038741,UNCONFIRMED,"no WHO snapshot for these L4s"
853017,UNCONFIRMED,"no WHO snapshot for these L4s"
1098933,GAP,"resolver status RETIRED_NO_REMAP"
1116369,UNCONFIRMED,"no WHO snapshot for these L4s"
1114473,UNCONFIRMED,"no WHO snapshot for these L4s"
2173725,UNCONFIRMED,"no WHO snapshot for these L4s"
1857273,GAP,"resolver status RETIRED_NO_REMAP"
1300017,GAP,"resolver status L4_ONLY"
1251885,UNCONFIRMED,"no WHO snapshot for these L4s"
1293861,GAP,"resolver status L4_ONLY"
1424013,UNCONFIRMED,"no WHO snapshot for these L4s"
749853,UNCONFIRMED,"no WHO snapshot for these L4s"
308385,UNCONFIRMED,"no WHO snapshot for these L4s"
900393,UNCONFIRMED,"no WHO snapshot for these L4s"
647253,UNCONFIRMED,"no WHO snapshot for these L4s"
308601,GAP,"resolver status RETIRED_NO_REMAP"
308901,UNCONFIRMED,"no WHO snapshot for these L4s"
317145,UNCONFIRMED,"no WHO snapshot for these L4s"
995613,UNCONFIRMED,"no WHO snapshot for these L4s"
900141,GAP,"resolver status L4_ONLY"
866109,UNCONFIRMED,"no WHO snapshot for these L4s"
848121,UNCONFIRMED,"no WHO snapshot for these L4s"
210057,UNCONFIRMED,"no WHO snapshot for these L4s"
1039185,GAP,"no L5 codes"
1049289,UNCONFIRMED,"no WHO snapshot for these L4s"
1046877,UNCONFIRMED,"no WHO snapshot for these L4s"
847629,UNCONFIRMED,"no WHO snapshot for these L4s"
212421,UNCONFIRMED,"no WHO snapshot for these L4s"
1112721,UNCONFIRMED,"no WHO snapshot for these L4s"
314109,UNCONFIRMED,"no WHO snapshot for these L4s"
1116729,UNCONFIRMED,"no WHO snapshot for these L4s"
1053861,UNCONFIRMED,"no WHO snapshot for these L4s"
1000101,UNCONFIRMED,"no WHO snapshot for these L4s"
406689,UNCONFIRMED,"no WHO snapshot for these L4s"
1547589,UNCONFIRMED,"no WHO snapshot for these L4s"
1241901,UNCONFIRMED,"no WHO snapshot for these L4s"
1314501,GAP,"resolver status RETIRED_NO_REMAP"
1535361,UNCONFIRMED,"no WHO snapshot for these L4s"
1308537,GAP,"resolver status RETIRED_NO_REMAP"
1789245,GAP,"resolver status RETIRED_NO_REMAP"
1789953,GAP,"no L5 codes"
705129,UNCONFIRMED,"no WHO snapshot for these L4s"
904773,GAP,"resolver status L4_ONLY"
1090545,GAP,"resolver status RETIRED_NO_REMAP"
800637,UNCONFIRMED,"no WHO snapshot for these L4s"
830253,GAP,"no L5 codes"
618633,GAP,"resolver status RETIRED_NO_REMAP"
309585,GAP,"resolver status RETIRED_NO_REMAP"
763089,UNCONFIRMED,"no WHO snapshot for these L4s"
900105,UNCONFIRMED,"no WHO snapshot for these L4s"
351585,GAP,"resolver status RETIRED_NO_REMAP"
618333,UNCONFIRMED,"no WHO snapshot for these L4s"
206193,GAP,"no L5 codes"
352257,UNCONFIRMED,"no WHO snapshot for these L4s"
858897,UNCONFIRMED,"no WHO snapshot for these L4s"
858969,GAP,"resolver status L4_ONLY"
2003745,UNCONFIRMED,"no WHO snapshot for these L4s"
211161,GAP,"resolver status L4_ONLY"
2122905,UNCONFIRMED,"no WHO snapshot for these L4s"
995985,GAP,"resolver status L4_ONLY"
351777,GAP,"resolver status RETIRED_NO_REMAP"
804981,GAP,"resolver status RETIRED_NO_REMAP"
850425,GAP,"resolver status L4_ONLY"
214053,GAP,"resolver status RETIRED_NO_REMAP"
616209,CONFIRMED,"L4 in WHO snapshot"
245001,UNCONFIRMED,"no WHO snapshot for these L4s"
1193037,GAP,"resolver status L4_ONLY"
1013937,UNCONFIRMED,"no WHO snapshot for these L4s"
1867941,UNCONFIRMED,"no WHO snapshot for these L4s"
1607217,UNCONFIRMED,"no WHO snapshot for these L4s"
1608477,UNCONFIRMED,"no WHO snapshot for these L4s"
1236081,UNCONFIRMED,"no WHO snapshot for these L4s"
1809417,GAP,"resolver status RETIRED_NO_REMAP"
757665,UNCONFIRMED,"no WHO snapshot for these L4s"
746757,UNCONFIRMED,"no WHO snapshot for these L4s"
2045409,UNCONFIRMED,"no WHO snapshot for these L4s"
313041,UNCONFIRMED,"no WHO snapshot for these L4s"
992733,UNCONFIRMED,"no WHO snapshot for these L4s"
1087041,GAP,"resolver status RETIRED_NO_REMAP"
1990881,GAP,"resolver status L4_ONLY"
809205,GAP,"resolver status RETIRED_NO_REMAP"
801357,GAP,"resolver status L4_ONLY"
831261,UNCONFIRMED,"no WHO snapshot for these L4s"
1100469,UNCONFIRMED,"no WHO snapshot for these L4s"
433353,UNCONFIRMED,"no WHO snapshot for these L4s"
562497,UNCONFIRMED,"no WHO snapshot for these L4s"
1047765,UNCONFIRMED,"no WHO snapshot for these L4s"
435681,UNCONFIRMED,"no WHO snapshot for these L4s"
1043325,UNCONFIRMED,"no WHO snapshot for these L4s"
1046997,GAP,"resolver status L4_ONLY"
999477,GAP,"resolver status L4_ONLY"
211509,GAP,"no L5 codes"
1093377,UNCONFIRMED,"no WHO snapshot for these L4s"
1113705,GAP,"resolver status L4_ONLY"
1119597,GAP,"resolver status L4_ONLY"
1046313,GAP,"resolver status L4_ONLY"
1658241,GAP,"no L5 codes"
1234533,GAP,"resolver status L4_ONLY"
1044465,GAP,"no L5 codes"
1012377,GAP,"resolver status L4_ONLY"
1292877,UNCONFIRMED,"no WHO snapshot for these L4s"
1648785,GAP,"resolver status L4_ONLY"
1357533,GAP,"resolver status RETIRED_NO_REMAP"
1947261,UNCONFIRMED,"no WHO snapshot for these L4s"
892101,GAP,"resolver status L4_ONLY"
896013,UNCONFIRMED,"no WHO snapshot for these L4s"
861225,GAP,"resolver status L4_ONLY"
979413,UNCONFIRMED,"no WHO snapshot for these L4s"
312333,GAP,"resolver status RETIRED_NO_REMAP"
204849,UNCONFIRMED,"no WHO snapshot for these L4s"
308145,UNCONFIRMED,"no WHO snapshot for these L4s"
630729,GAP,"resolver status RETIRED_NO_REMAP"
795765,GAP,"resolver status L4_ONLY"
998709,CONFIRMED,"L4 in WHO snapshot"
317865,UNCONFIRMED,"no WHO snapshot for these L4s"
199005,GAP,"resolver status L4_ONLY"
1234509,GAP,"resolver status L4_ONLY"
1046289,UNCONFIRMED,"no WHO snapshot for these L4s"
247137,UNCONFIRMED,"no WHO snapshot for these L4s"
1012569,UNCONFIRMED,"no WHO snapshot for these L4s"
207633,UNCONFIRMED,"no WHO snapshot for these L4s"
211881,UNCONFIRMED,"no WHO snapshot for these L4s"
1086033,UNCONFIRMED,"no WHO snapshot for these L4s"
307713,UNCONFIRMED,"no WHO snapshot for these L4s"
1233729,UNCONFIRMED,"no WHO snapshot for these L4s"
260409,UNCONFIRMED,"no WHO snapshot for these L4s"
1099893,GAP,"no L5 codes"
210657,GAP,"resolver status RETIRED_NO_REMAP"
251817,GAP,"resolver status RETIRED_NO_REMAP"
1116117,UNCONFIRMED,"no WHO snapshot for these L4s"
1237077,GAP,"resolver status RETIRED_NO_REMAP"
1243233,UNCONFIRMED,"no WHO snapshot for these L4s"
1430457,UNCONFIRMED,"no WHO snapshot for these L4s"
1483617,UNCONFIRMED,"no WHO snapshot for these L4s"
1484901,GAP,"resolver status RETIRED_NO_REMAP"
1542813,UNCONFIRMED,"no WHO snapshot for these L4s"
1548705,UNCONFIRMED,"no WHO snapshot for these L4s"
801009,GAP,"resolver status L4_ONLY"
633189,UNCONFIRMED,"no WHO snapshot for these L4s"
311661,UNCONFIRMED,"no WHO snapshot for these L4s"
748857,UNCONFIRMED,"no WHO snapshot for these L4s"
748029,GAP,"resolver status RETIRED_NO_REMAP"
1090941,UNCONFIRMED,"no WHO snapshot for these L4s"
637149,GAP,"resolver status L4_ONLY"
705921,GAP,"resolver status L4_ONLY"
895749,GAP,"resolver status L4_ONLY"
845493,UNCONFIRMED,"no WHO snapshot for these L4s"
208029,UNCONFIRMED,"no WHO snapshot for these L4s"
2180661,UNCONFIRMED,"no WHO snapshot for these L4s"
1099593,GAP,"resolver status L4_ONLY"
1111101,GAP,"resolver status RETIRED_NO_REMAP"
1011981,UNCONFIRMED,"no WHO snapshot for these L4s"
1039281,UNCONFIRMED,"no WHO snapshot for these L4s"
1053753,GAP,"resolver status L4_ONLY"
2185293,GAP,"resolver status RETIRED_NO_REMAP"
1095693,GAP,"no L5 codes"
1012257,UNCONFIRMED,"no WHO snapshot for these L4s"
1049901,UNCONFIRMED,"no WHO snapshot for these L4s"
1085769,UNCONFIRMED,"no WHO snapshot for these L4s"
855657,UNCONFIRMED,"no WHO snapshot for these L4s"
209469,CONFIRMED,"L4 in WHO snapshot"
1012929,UNCONFIRMED,"no WHO snapshot for these L4s"
262197,GAP,"resolver status L4_ONLY"
1014645,UNCONFIRMED,"no WHO snapshot for these L4s"
1795149,GAP,"resolver status L4_ONLY"
1247397,GAP,"resolver status L4_ONLY"
1314141,UNCONFIRMED,"no WHO snapshot for these L4s"
1362213,UNCONFIRMED,"no WHO snapshot for these L4s"
1545297,UNCONFIRMED,"no WHO snapshot for these L4s"
1720953,UNCONFIRMED,"no WHO snapshot for these L4s"
1247877,GAP,"resolver status RETIRED_NO_REMAP"
1745457,GAP,"resolver status RETIRED_NO_REMAP"
1251621,GAP,"no L5 codes"
1534665,GAP,"resolver status RETIRED_NO_REMAP"
1603365,UNCONFIRMED,"no WHO snapshot for these L4s"
628953,UNCONFIRMED,"no WHO snapshot for these L4s"
830541,UNCONFIRMED,"no WHO snapshot for these L4s"
895905,UNCONFIRMED,"no WHO snapshot for these L4s"
895521,UNCONFIRMED,"no WHO snapshot for these L4s"
198945,GAP,"no L5 codes"
317853,GAP,"resolver status RETIRED_NO_REMAP"
801405,GAP,"resolver status L4_ONLY"
210249,GAP,"resolver status L4_ONLY"
2117337,GAP,"resolver status L4_ONLY"
830661,UNCONFIRMED,"no WHO snapshot for these L4s"
1093077,GAP,"resolver status L4_ONLY"
1089117,GAP,"resolver status L4_ONLY"
829989,GAP,"resolver status L4_ONLY"
1046865,UNCONFIRMED,"no WHO snapshot for these L4s"
406641,GAP,"resolver status RETIRED_NO_REMAP"
1735065,UNCONFIRMED,"no WHO snapshot for these L4s"
1735533,GAP,"resolver status RETIRED_NO_REMAP"
1657989,UNCONFIRMED,"no WHO snapshot for these L4s"
1421985,GAP,"resolver status L4_ONLY"
1741905,UNCONFIRMED,"no WHO snapshot for these L4s"
1807509,UNCONFIRMED,"no WHO snapshot for these L4s"
1865193,GAP,"resolver status L4_ONLY"
1294005,UNCONFIRMED,"no WHO snapshot for these L4s"
1438497,GAP,"resolver status L4_ONLY"
197781,UNCONFIRMED,"no WHO snapshot for these L4s"
755433,GAP,"resolver status RETIRED_NO_REMAP"
308997,GAP,"resolver status L4_ONLY"
198861,GAP,"no L5 codes"
864669,GAP,"resolver status L4_ONLY"
198993,GAP,"resolver status L4_ONLY"
206073,UNCONFIRMED,"no WHO snapshot for these L4s"
539469,GAP,"resolver status RETIRED_NO_REMAP"
859329,UNCONFIRMED,"no WHO snapshot for these L4s"
1046361,UNCONFIRMED,"no WHO snapshot for these L4s"
259305,GAP,"no L5 codes"
857877,UNCONFIRMED,"no WHO snapshot for these L4s"
205233,GAP,"resolver status L4_ONLY"
847257,UNCONFIRMED,"no WHO snapshot for these L4s"
1087245,GAP,"resolver status L4_ONLY"
2173677,UNCONFIRMED,"no WHO snapshot for these L4s"
1094385,GAP,"resolver status RETIRED_NO_REMAP"
1235205,UNCONFIRMED,"no WHO snapshot for these L4s"
1101873,UNCONFIRMED,"no WHO snapshot for these L4s"
1000005,CONFIRMED,"L4 in WHO snapshot"
261165,UNCONFIRMED,"no WHO snapshot for these L4s"
1085745,UNCONFIRMED,"no WHO snapshot for these L4s"
1737753,UNCONFIRMED,"no WHO snapshot for these L4s"
1804449,GAP,"resolver status RETIRED_NO_REMAP"
1809069,GAP,"no L5 codes"
1313061,UNCONFIRMED,"no WHO snapshot for these L4s"
1363785,UNCONFIRMED,"no WHO snapshot for these L4s"
1424457,UNCONFIRMED,"no WHO snapshot for these L4s"
1428933,UNCONFIRMED,"no WHO snapshot for these L4s"
1491717,UNCONFIRMED,"no WHO snapshot for these L4s"
1291677,UNCONFIRMED,"no WHO snapshot for these L4s"
150945,GAP,"resolver status L4_ONLY"
1597593,UNCONFIRMED,"no WHO snapshot for these L4s"
1359129,GAP,"resolver status L4_ONLY"
1243485,GAP,"resolver status RETIRED_NO_REMAP"
1244565,UNCONFIRMED,"no WHO snapshot for these L4s"
897117,GAP,"resolver status L4_ONLY"
205917,GAP,"no L5 codes"
748641,UNCONFIRMED,"no WHO snapshot for these L4s"
308841,GAP,"resolver status L4_ONLY"
749157,UNCONFIRMED,"no WHO snapshot for these L4s"
866157,GAP,"resolver status RETIRED_NO_REMAP"
979365,GAP,"resolver status RETIRED_NO_REMAP"
753549,UNCONFIRMED,"no WHO snapshot for these L4s"
900621,GAP,"resolver status RETIRED_NO_REMAP"
823881,GAP,"resolver status L4_ONLY"
2184177,UNCONFIRMED,"no WHO snapshot for these L4s"
1658313,UNCONFIRMED,"no WHO snapshot for these L4s"
998673,UNCONFIRMED,"no WHO snapshot for these L4s"
211893,UNCONFIRMED,"no WHO snapshot for these L4s"
1094481,UNCONFIRMED,"no WHO snapshot for these L4s"
1000497,GAP,"resolver status L4_ONLY"
859941,UNCONFIRMED,"no WHO snapshot for these L4s"
1744041,GAP,"no L5 codes"
1234941,UNCONFIRMED,"no WHO snapshot for these L4s"
1541781,GAP,"resolver status RETIRED_NO_REMAP"
1251813,GAP,"resolver status RETIRED_NO_REMAP"
1422081,UNCONFIRMED,"no WHO snapshot for these L4s"
1486665,UNCONFIRMED,"no WHO snapshot for these L4s"
1534833,GAP,"no L5 codes"
1859373,GAP,"no L5 codes"
1869381,GAP,"no L5 codes"
1545669,UNCONFIRMED,"no WHO snapshot for these L4s"
1302633,GAP,"resolver status L4_ONLY"
1490493,GAP,"resolver status RETIRED_NO_REMAP"
644097,GAP,"resolver status RETIRED_NO_REMAP"
730869,CONFIRMED,"L4 in WHO snapshot"
204969,UNCONFIRMED,"no WHO snapshot for these L4s"
805017,UNCONFIRMED,"no WHO snapshot for these L4s"
213561,UNCONFIRMED,"no WHO snapshot for these L4s"
2168517,UNCONFIRMED,"no WHO snapshot for these L4s"
2173857,UNCONFIRMED,"no WHO snapshot for these L4s"
1000929,UNCONFIRMED,"no WHO snapshot for these L4s"
1037205,UNCONFIRMED,"no WHO snapshot for these L4s"
1052709,GAP,"resolver status RETIRED_NO_REMAP"
1011705,UNCONFIRMED,"no WHO snapshot for these L4s"
312453,GAP,"resolver status RETIRED_NO_REMAP"
1999389,UNCONFIRMED,"no WHO snapshot for these L4s"
210177,GAP,"resolver status L4_ONLY"
1111197,UNCONFIRMED,"no WHO snapshot for these L4s"
261177,UNCONFIRMED,"no WHO snapshot for these L4s"
1193337,UNCONFIRMED,"no WHO snapshot for these L4s"
1043673,GAP,"resolver status RETIRED_NO_REMAP"
857529,UNCONFIRMED,"no WHO snapshot for these L4s"
261093,GAP,"resolver status RETIRED_NO_REMAP"
1658157,GAP,"no L5 codes"
1809477,GAP,"no L5 codes"
1810869,UNCONFIRMED,"no WHO snapshot for these L4s"
1861581,UNCONFIRMED,"no WHO snapshot for these L4s"
1234953,UNCONFIRMED,"no WHO snapshot for these L4s"
1293729,GAP,"resolver status L4_ONLY"
1307253,GAP,"resolver status L4_ONLY"
1307265,GAP,"resolver status RETIRED_NO_REMAP"
1313925,GAP,"resolver status L4_ONLY"
1299969,UNCONFIRMED,"no WHO snapshot for these L4s"
1307073,UNCONFIRMED,"no WHO snapshot for these L4s"
1488333,UNCONFIRMED,"no WHO snapshot for these L4s"
1372905,GAP,"resolver status L4_ONLY"
688701,UNCONFIRMED,"no WHO snapshot for these L4s"
876861,GAP,"resolver status L4_ONLY"
645669,UNCONFIRMED,"no WHO snapshot for these L4s"
198405,UNCONFIRMED,"no WHO snapshot for these L4s"
1994337,GAP,"resolver status L4_ONLY"
995073,GAP,"resolver status L4_ONLY"
313005,UNCONFIRMED,"no WHO snapshot for these L4s"
206445,UNCONFIRMED,"no WHO snapshot for these L4s"
723801,UNCONFIRMED,"no WHO snapshot for these L4s"
748869,UNCONFIRMED,"no WHO snapshot for these L4s"
205281,UNCONFIRMED,"no WHO snapshot for these L4s"
313629,CONFIRMED,"L4 in WHO snapshot"
208305,UNCONFIRMED,"no WHO snapshot for these L4s"
859029,UNCONFIRMED,"no WHO snapshot for these L4s"
1659993,GAP,"resolver status RETIRED_NO_REMAP"
1045341,GAP,"resolver status RETIRED_NO_REMAP"
1102185,UNCONFIRMED,"no WHO snapshot for these L4s"
1234569,UNCONFIRMED,"no WHO snapshot for these L4s"
541365,GAP,"resolver status L4_ONLY"
1233297,UNCONFIRMED,"no WHO snapshot for these L4s"
352077,UNCONFIRMED,"no WHO snapshot for these L4s"
1721685,GAP,"no L5 codes"
1537029,GAP,"resolver status L4_ONLY"
581757,UNCONFIRMED,"no WHO snapshot for these L4s"
1375125,UNCONFIRMED,"no WHO snapshot for these L4s"
1597581,GAP,"resolver status L4_ONLY"
1536921,GAP,"resolver status RETIRED_NO_REMAP"
617973,UNCONFIRMED,"no WHO snapshot for these L4s"
892833,UNCONFIRMED,"no WHO snapshot for these L4s"
861789,UNCONFIRMED,"no WHO snapshot for these L4s"
205173,GAP,"no L5 codes"
1088805,UNCONFIRMED,"no WHO snapshot for these L4s"
864681,UNCONFIRMED,"no WHO snapshot for these L4s"
753477,UNCONFIRMED,"no WHO snapshot for these L4s"
351177,GAP,"no L5 codes"
798417,GAP,"resolver status RETIRED_NO_REMAP"
310905,UNCONFIRMED,"no WHO snapshot for these L4s"
904665,UNCONFIRMED,"no WHO snapshot for these L4s"
308589,GAP,"resolver status L4_ONLY"
1089741,UNCONFIRMED,"no WHO snapshot for these L4s"
198633,UNCONFIRMED,"no WHO snapshot for these L4s"
824889,UNCONFIRMED,"no WHO snapshot for these L4s"
847785,GAP,"resolver status L4_ONLY"
857121,GAP,"resolver status L4_ONLY"
211101,UNCONFIRMED,"no WHO snapshot for these L4s"
476673,UNCONFIRMED,"no WHO snapshot for these L4s"
1085985,UNCONFIRMED,"no WHO snapshot for these L4s"
244509,UNCONFIRMED,"no WHO snapshot for these L4s"
1012233,GAP,"resolver status L4_ONLY"
211233,UNCONFIRMED,"no WHO snapshot for these L4s"
543801,UNCONFIRMED,"no WHO snapshot for these L4s"
1114365,GAP,"resolver status RETIRED_NO_REMAP"
1043205,UNCONFIRMED,"no WHO snapshot for these L4s"
317805,GAP,"resolver status RETIRED_NO_REMAP"
847749,CONFIRMED,"L4 in WHO snapshot"
209253,GAP,"resolver status L4_ONLY"
1359105,GAP,"resolver status L4_ONLY"
1432125,UNCONFIRMED,"no WHO snapshot for these L4s"
1534809,UNCONFIRMED,"no WHO snapshot for these L4s"
1299669,UNCONFIRMED,"no WHO snapshot for these L4s"
1483329,GAP,"resolver status L4_ONLY"
1595457,GAP,"resolver status L4_ONLY"
707793,UNCONFIRMED,"no WHO snapshot for these L4s"
885717,GAP,"resolver status RETIRED_NO_REMAP"
308649,UNCONFIRMED,"no WHO snapshot for these L4s"
877425,UNCONFIRMED,"no WHO snapshot for these L4s"
308409,UNCONFIRMED,"no WHO snapshot for these L4s"
1090917,GAP,"resolver status RETIRED_NO_REMAP"
209301,UNCONFIRMED,"no WHO snapshot for these L4s"
1010769,UNCONFIRMED,"no WHO snapshot for these L4s"
1053177,UNCONFIRMED,"no WHO snapshot for these L4s"
2167161,GAP,"no L5 codes"
1092093,UNCONFIRMED,"no WHO snapshot for these L4s"
1111065,GAP,"resolver status L4_ONLY"
994809,CONFIRMED,"L4 in WHO snapshot"
860433,UNCONFIRMED,"no WHO snapshot for these L4s"
1745001,UNCONFIRMED,"no WHO snapshot for these L4s"
1039149,GAP,"no L5 codes"
283641,GAP,"resolver status L4_ONLY"
1803669,GAP,"resolver status L4_ONLY"
1235157,CONFIRMED,"L4 in WHO snapshot"
197961,GAP,"resolver status L4_ONLY"
1298433,GAP,"resolver status L4_ONLY"
1362069,UNCONFIRMED,"no WHO snapshot for these L4s"
1370097,UNCONFIRMED,"no WHO snapshot for these L4s"
1367205,GAP,"resolver status L4_ONLY"
1999989,UNCONFIRMED,"no WHO snapshot for these L4s"
1989117,UNCONFIRMED,"no WHO snapshot for these L4s"
204501,GAP,"resolver status L4_ONLY"
895893,UNCONFIRMED,"no WHO snapshot for these L4s"
308709,UNCONFIRMED,"no WHO snapshot for these L4s"
312981,UNCONFIRMED,"no WHO snapshot for these L4s"
309597,UNCONFIRMED,"no WHO snapshot for these L4s"
885585,UNCONFIRMED,"no WHO snapshot for these L4s"
1090041,UNCONFIRMED,"no WHO snapshot for these L4s"
995493,UNCONFIRMED,"no WHO snapshot for these L4s"
238581,GAP,"resolver status L4_ONLY"
1049181,GAP,"resolver status RETIRED_NO_REMAP"
857457,GAP,"resolver status L4_ONLY"
210297,GAP,"resolver status RETIRED_NO_REMAP"
998721,UNCONFIRMED,"no WHO snapshot for these L4s"
205257,UNCONFIRMED,"no WHO snapshot for these L4s"
206781,GAP,"resolver status RETIRED_NO_REMAP"
832917,UNCONFIRMED,"no WHO snapshot for these L4s"
207249,UNCONFIRMED,"no WHO snapshot for these L4s"
103161,UNCONFIRMED,"no WHO snapshot for these L4s"
1042821,UNCONFIRMED,"no WHO snapshot for these L4s"
1720773,GAP,"no L5 codes"
105225,UNCONFIRMED,"no WHO snapshot for these L4s"
1053597,GAP,"resolver status RETIRED_NO_REMAP"
307749,UNCONFIRMED,"no WHO snapshot for these L4s"
198249,UNCONFIRMED,"no WHO snapshot for these L4s"
1720617,GAP,"resolver status L4_ONLY"
1797849,GAP,"resolver status L4_ONLY"
1292313,GAP,"resolver status L4_ONLY"
1435089,GAP,"resolver status RETIRED_NO_REMAP"
1742037,GAP,"resolver status L4_ONLY"
1549533,UNCONFIRMED,"no WHO snapshot for these L4s"
861381,UNCONFIRMED,"no WHO snapshot for these L4s"
204525,UNCONFIRMED,"no WHO snapshot for these L4s"
731577,UNCONFIRMED,"no WHO snapshot for these L4s"
629697,UNCONFIRMED,"no WHO snapshot for these L4s"
831117,UNCONFIRMED,"no WHO snapshot for these L4s"
310641,GAP,"resolver status RETIRED_NO_REMAP"
351957,UNCONFIRMED,"no WHO snapshot for these L4s"
210117,UNCONFIRMED,"no WHO snapshot for these L4s"
2101281,GAP,"resolver status L4_ONLY"
1101849,UNCONFIRMED,"no WHO snapshot for these L4s"
1000137,UNCONFIRMED,"no WHO snapshot for these L4s"
1014573,GAP,"resolver status L4_ONLY"
1053705,UNCONFIRMED,"no WHO snapshot for these L4s"
1047945,UNCONFIRMED,"no WHO snapshot for these L4s"
1010673,UNCONFIRMED,"no WHO snapshot for these L4s"
208221,UNCONFIRMED,"no WHO snapshot for these L4s"
212841,UNCONFIRMED,"no WHO snapshot for these L4s"
1092633,UNCONFIRMED,"no WHO snapshot for these L4s"
207933,UNCONFIRMED,"no WHO snapshot for these L4s"
856797,CONFIRMED,"L4 in WHO snapshot"
1099869,UNCONFIRMED,"no WHO snapshot for these L4s"
1743369,GAP,"resolver status L4_ONLY"
1046961,UNCONFIRMED,"no WHO snapshot for these L4s"
245613,GAP,"resolver status L4_ONLY"
2052609,UNCONFIRMED,"no WHO snapshot for these L4s"
1046769,GAP,"resolver status RETIRED_NO_REMAP"
1052637,GAP,"resolver status L4_ONLY"
1432785,UNCONFIRMED,"no WHO snapshot for these L4s"
1857717,UNCONFIRMED,"no WHO snapshot for these L4s"
1297641,UNCONFIRMED,"no WHO snapshot for these L4s"
1366149,GAP,"resolver status L4_ONLY"
1539189,GAP,"resolver status RETIRED_NO_REMAP"
731541,UNCONFIRMED,"no WHO snapshot for these L4s"
800241,GAP,"resolver status L4_ONLY"
198741,UNCONFIRMED,"no WHO snapshot for these L4s"
997557,UNCONFIRMED,"no WHO snapshot for these L4s"
199161,GAP,"no L5 codes"
308745,UNCONFIRMED,"no WHO snapshot for these L4s"
637197,UNCONFIRMED,"no WHO snapshot for these L4s"
308793,UNCONFIRMED,"no WHO snapshot for these L4s"
1090641,UNCONFIRMED,"no WHO snapshot for these L4s"
2050977,UNCONFIRMED,"no WHO snapshot for these L4s"
876417,UNCONFIRMED,"no WHO snapshot for these L4s"
206853,UNCONFIRMED,"no WHO snapshot for these L4s"
314973,UNCONFIRMED,"no WHO snapshot for these L4s"
828585,GAP,"resolver status L4_ONLY"
214041,UNCONFIRMED,"no WHO snapshot for these L4s"
2168601,CONFIRMED,"L4 in WHO snapshot"
1192857,UNCONFIRMED,"no WHO snapshot for these L4s"
1193349,UNCONFIRMED,"no WHO snapshot for these L4s"
477585,GAP,"resolver status L4_ONLY"
616845,GAP,"resolver status L4_ONLY"
1000989,UNCONFIRMED,"no WHO snapshot for these L4s"
1044345,UNCONFIRMED,"no WHO snapshot for these L4s"
213909,GAP,"resolver status RETIRED_NO_REMAP"
859317,CONFIRMED,"L4 in WHO snapshot"
1046781,GAP,"resolver status L4_ONLY"
1046817,UNCONFIRMED,"no WHO snapshot for these L4s"
1085121,UNCONFIRMED,"no WHO snapshot for these L4s"
284481,UNCONFIRMED,"no WHO snapshot for these L4s"
1006689,UNCONFIRMED,"no WHO snapshot for these L4s"
1804185,GAP,"resolver status L4_ONLY"
1245729,GAP,"resolver status RETIRED_NO_REMAP"
1299141,UNCONFIRMED,"no WHO snapshot for these L4s"
152997,UNCONFIRMED,"no WHO snapshot for these L4s"
1361205,GAP,"resolver status L4_ONLY"
1361577,UNCONFIRMED,"no WHO snapshot for these L4s"
1363749,UNCONFIRMED,"no WHO snapshot for these L4s"
1488045,UNCONFIRMED,"no WHO snapshot for these L4s"
1809513,GAP,"no L5 codes"
1298073,UNCONFIRMED,"no WHO snapshot for these L4s"
1421637,UNCONFIRMED,"no WHO snapshot for these L4s"
1087365,GAP,"resolver status L4_ONLY"
755973,GAP,"resolver status RETIRED_NO_REMAP"
358917,GAP,"resolver status L4_ONLY"
311877,UNCONFIRMED,"no WHO snapshot for these L4s"
1089057,GAP,"resolver status L4_ONLY"
211053,UNCONFIRMED,"no WHO snapshot for these L4s"
1116081,UNCONFIRMED,"no WHO snapshot for these L4s"
1095225,UNCONFIRMED,"no WHO snapshot for these L4s"
1101741,UNCONFIRMED,"no WHO snapshot for these L4s"
806637,GAP,"no L5 codes"
1006725,UNCONFIRMED,"no WHO snapshot for these L4s"
1012461,GAP,"resolver status L4_ONLY"
994005,UNCONFIRMED,"no WHO snapshot for these L4s"
1045353,GAP,"resolver status RETIRED_NO_REMAP"
1006641,GAP,"resolver status L4_ONLY"
1245981,GAP,"resolver status RETIRED_NO_REMAP"
1366653,GAP,"resolver status RETIRED_NO_REMAP"
198021,UNCONFIRMED,"no WHO snapshot for these L4s"
1441185,UNCONFIRMED,"no WHO snapshot for these L4s"
1649517,GAP,"resolver status RETIRED_NO_REMAP"
1809501,GAP,"no L5 codes"
1426293,UNCONFIRMED,"no WHO snapshot for these L4s"
1491657,GAP,"resolver status RETIRED_NO_REMAP"
1597269,UNCONFIRMED,"no WHO snapshot for these L4s"
1742229,GAP,"resolver status RETIRED_NO_REMAP"
1733853,GAP,"resolver status RETIRED_NO_REMAP"
800061,GAP,"resolver status L4_ONLY"
798429,GAP,"no L5 codes"
309141,CONFIRMED,"L4 in WHO snapshot"
728481,UNCONFIRMED,"no WHO snapshot for these L4s"
198297,UNCONFIRMED,"no WHO snapshot for these L4s"
730905,UNCONFIRMED,"no WHO snapshot for these L4s"
204801,UNCONFIRMED,"no WHO snapshot for these L4s"
206109,UNCONFIRMED,"no WHO snapshot for these L4s"
210141,GAP,"no L5 codes"
2121105,GAP,"resolver status L4_ONLY"
1148253,GAP,"resolver status RETIRED_NO_REMAP"
859137,UNCONFIRMED,"no WHO snapshot for these L4s"
1005789,UNCONFIRMED,"no WHO snapshot for these L4s"
1086453,UNCONFIRMED,"no WHO snapshot for these L4s"
1722333,GAP,"resolver status RETIRED_NO_REMAP"
1091325,GAP,"resolver status L4_ONLY"
2196297,GAP,"no L5 codes"
1101729,GAP,"no L5 codes"
210753,UNCONFIRMED,"no WHO snapshot for these L4s"
259029,GAP,"resolver status L4_ONLY"
581901,UNCONFIRMED,"no WHO snapshot for these L4s"
1086309,GAP,"resolver status L4_ONLY"
244557,UNCONFIRMED,"no WHO snapshot for these L4s"
312885,GAP,"resolver status L4_ONLY"
857685,UNCONFIRMED,"no WHO snapshot for these L4s"
1189629,GAP,"resolver status L4_ONLY"
2186001,GAP,"resolver status L4_ONLY"
1793145,GAP,"resolver status L4_ONLY"
1796673,GAP,"resolver status RETIRED_NO_REMAP"
1299873,UNCONFIRMED,"no WHO snapshot for these L4s"
1303797,GAP,"resolver status L4_ONLY"
1299021,GAP,"resolver status L4_ONLY"
1300293,UNCONFIRMED,"no WHO snapshot for these L4s"
1302801,GAP,"resolver status RETIRED_NO_REMAP"
1370433,GAP,"resolver status RETIRED_NO_REMAP"
1442145,UNCONFIRMED,"no WHO snapshot for these L4s"
1595997,UNCONFIRMED,"no WHO snapshot for these L4s"
1944945,GAP,"resolver status RETIRED_NO_REMAP"
1297389,GAP,"resolver status L4_ONLY"
1297965,UNCONFIRMED,"no WHO snapshot for these L4s"
1539441,GAP,"resolver status L4_ONLY"
617325,GAP,"no L5 codes"
761361,UNCONFIRMED,"no WHO snapshot for these L4s"
998493,UNCONFIRMED,"no WHO snapshot for these L4s"
312609,UNCONFIRMED,"no WHO snapshot for these L4s"
999789,GAP,"resolver status L4_ONLY"
636141,CONFIRMED,"L4 in WHO snapshot"
991233,UNCONFIRMED,"no WHO snapshot for these L4s"
756237,UNCONFIRMED,"no WHO snapshot for these L4s"
992457,UNCONFIRMED,"no WHO snapshot for these L4s"
308985,UNCONFIRMED,"no WHO snapshot for these L4s"
809313,GAP,"resolver status RETIRED_NO_REMAP"
990993,UNCONFIRMED,"no WHO snapshot for these L4s"
701625,GAP,"resolver status RETIRED_NO_REMAP"
901857,UNCONFIRMED,"no WHO snapshot for these L4s"
312189,UNCONFIRMED,"no WHO snapshot for these L4s"
309477,UNCONFIRMED,"no WHO snapshot for these L4s"
203457,UNCONFIRMED,"no WHO snapshot for these L4s"
2047185,UNCONFIRMED,"no WHO snapshot for these L4s"
2054157,UNCONFIRMED,"no WHO snapshot for these L4s"
206349,UNCONFIRMED,"no WHO snapshot for these L4s"
1189269,UNCONFIRMED,"no WHO snapshot for these L4s"
1189281,UNCONFIRMED,"no WHO snapshot for these L4s"
476553,GAP,"resolver status L4_ONLY"
543549,UNCONFIRMED,"no WHO snapshot for these L4s"
545229,UNCONFIRMED,"no WHO snapshot for these L4s"
1012221,GAP,"resolver status L4_ONLY"
1053741,GAP,"resolver status L4_ONLY"
847617,GAP,"resolver status L4_ONLY"
205809,UNCONFIRMED,"no WHO snapshot for these L4s"
1047873,UNCONFIRMED,"no WHO snapshot for these L4s"
1115013,UNCONFIRMED,"no WHO snapshot for these L4s"
579177,GAP,"resolver status RETIRED_NO_REMAP"
1654725,UNCONFIRMED,"no WHO snapshot for these L4s"
1356789,GAP,"resolver status L4_ONLY"
1484793,GAP,"resolver status RETIRED_NO_REMAP"
1487109,GAP,"resolver status L4_ONLY"
1599273,UNCONFIRMED,"no WHO snapshot for these L4s"
1650201,UNCONFIRMED,"no WHO snapshot for these L4s"
1427301,UNCONFIRMED,"no WHO snapshot for these L4s"
1372545,UNCONFIRMED,"no WHO snapshot for these L4s"
1429353,GAP,"resolver status RETIRED_NO_REMAP"
1545801,UNCONFIRMED,"no WHO snapshot for these L4s"
1537761,GAP,"resolver status RETIRED_NO_REMAP"
731097,GAP,"resolver status RETIRED_NO_REMAP"
2049513,UNCONFIRMED,"no WHO snapshot for these L4s"
993837,CONFIRMED,"L4 in WHO snapshot"
204765,GAP,"resolver status RETIRED_NO_REMAP"
637077,UNCONFIRMED,"no WHO snapshot for these L4s"
861489,UNCONFIRMED,"no WHO snapshot for these L4s"
309237,GAP,"resolver status RETIRED_NO_REMAP"
206517,UNCONFIRMED,"no WHO snapshot for these L4s"
310665,UNCONFIRMED,"no WHO snapshot for these L4s"
205833,UNCONFIRMED,"no WHO snapshot for these L4s"
996525,UNCONFIRMED,"no WHO snapshot for these L4s"
1088217,GAP,"resolver status L4_ONLY"
313137,CONFIRMED,"L4 in WHO snapshot"
313941,UNCONFIRMED,"no WHO snapshot for these L4s"
836397,CONFIRMED,"L4 in WHO snapshot"
1011825,UNCONFIRMED,"no WHO snapshot for these L4s"
1010745,GAP,"resolver status L4_ONLY"
1085805,UNCONFIRMED,"no WHO snapshot for these L4s"
240093,GAP,"resolver status L4_ONLY"
249465,GAP,"resolver status L4_ONLY"
806013,UNCONFIRMED,"no WHO snapshot for these L4s"
807213,UNCONFIRMED,"no WHO snapshot for these L4s"
347697,GAP,"resolver status L4_ONLY"
1086249,UNCONFIRMED,"no WHO snapshot for these L4s"
1661325,GAP,"resolver status RETIRED_NO_REMAP"
1000905,UNCONFIRMED,"no WHO snapshot for these L4s"
259533,UNCONFIRMED,"no WHO snapshot for these L4s"
1790877,GAP,"resolver status L4_ONLY"
1248057,GAP,"resolver status L4_ONLY"
1372449,UNCONFIRMED,"no WHO snapshot for these L4s"
1542981,CONFIRMED,"L4 in WHO snapshot"
1312713,UNCONFIRMED,"no WHO snapshot for these L4s"
1356345,GAP,"resolver status L4_ONLY"
687045,GAP,"resolver status L4_ONLY"
861153,GAP,"resolver status RETIRED_NO_REMAP"
797277,UNCONFIRMED,"no WHO snapshot for these L4s"
207141,UNCONFIRMED,"no WHO snapshot for these L4s"
863841,GAP,"resolver status L4_ONLY"
801417,GAP,"resolver status L4_ONLY"
748977,UNCONFIRMED,"no WHO snapshot for these L4s"
754869,UNCONFIRMED,"no WHO snapshot for these L4s"
827757,GAP,"resolver status L4_ONLY"
211641,UNCONFIRMED,"no WHO snapshot for these L4s"
1190817,UNCONFIRMED,"no WHO snapshot for these L4s"
616785,UNCONFIRMED,"no WHO snapshot for these L4s"
1046529,UNCONFIRMED,"no WHO snapshot for these L4s"
1049253,CONFIRMED,"L4 in WHO snapshot"
1050789,UNCONFIRMED,"no WHO snapshot for these L4s"
2166129,GAP,"resolver status L4_ONLY"
209769,UNCONFIRMED,"no WHO snapshot for these L4s"
1011093,UNCONFIRMED,"no WHO snapshot for these L4s"
1737345,UNCONFIRMED,"no WHO snapshot for these L4s"
211809,UNCONFIRMED,"no WHO snapshot for these L4s"
562521,UNCONFIRMED,"no WHO snapshot for these L4s"
1363509,UNCONFIRMED,"no WHO snapshot for these L4s"
1549317,UNCONFIRMED,"no WHO snapshot for these L4s"
1247445,GAP,"resolver status L4_ONLY"
1249797,GAP,"resolver status RETIRED_NO_REMAP"
1536477,GAP,"resolver status L4_ONLY"
1545789,UNCONFIRMED,"no WHO snapshot for these L4s"
1362057,GAP,"resolver status RETIRED_NO_REMAP"
1806921,GAP,"resolver status L4_ONLY"
899217,UNCONFIRMED,"no WHO snapshot for these L4s"
978033,UNCONFIRMED,"no WHO snapshot for these L4s"
310857,UNCONFIRMED,"no WHO snapshot for these L4s"
311193,UNCONFIRMED,"no WHO snapshot for these L4s"
896193,UNCONFIRMED,"no WHO snapshot for these L4s"
1088253,UNCONFIRMED,"no WHO snapshot for these L4s"
352233,GAP,"resolver status RETIRED_NO_REMAP"
315045,UNCONFIRMED,"no WHO snapshot for these L4s"
1043757,UNCONFIRMED,"no WHO snapshot for these L4s"
1049709,CONFIRMED,"L4 in WHO snapshot"
262221,UNCONFIRMED,"no WHO snapshot for these L4s"
1988409,GAP,"resolver status L4_ONLY"
999717,GAP,"resolver status L4_ONLY"
808005,GAP,"resolver status RETIRED_NO_REMAP"
402705,GAP,"resolver status RETIRED_NO_REMAP"
210273,GAP,"no L5 codes"
1092189,GAP,"resolver status L4_ONLY"
860085,UNCONFIRMED,"no WHO snapshot for these L4s"
1012413,GAP,"resolver status L4_ONLY"
1006701,UNCONFIRMED,"no WHO snapshot for these L4s"
1250637,UNCONFIRMED,"no WHO snapshot for these L4s"
1361217,GAP,"resolver status L4_ONLY"
1373217,UNCONFIRMED,"no WHO snapshot for these L4s"
1941489,UNCONFIRMED,"no WHO snapshot for these L4s"
1249617,GAP,"resolver status L4_ONLY"
1299861,UNCONFIRMED,"no WHO snapshot for these L4s"
1604325,UNCONFIRMED,"no WHO snapshot for these L4s"
1923429,UNCONFIRMED,"no WHO snapshot for these L4s"
701913,GAP,"resolver status L4_ONLY"
643125,UNCONFIRMED,"no WHO snapshot for these L4s"
749565,UNCONFIRMED,"no WHO snapshot for these L4s"
759717,UNCONFIRMED,"no WHO snapshot for these L4s"
901821,GAP,"resolver status L4_ONLY"
861765,UNCONFIRMED,"no WHO snapshot for these L4s"
1996965,UNCONFIRMED,"no WHO snapshot for these L4s"
206793,UNCONFIRMED,"no WHO snapshot for these L4s"
359277,UNCONFIRMED,"no WHO snapshot for these L4s"
857001,CONFIRMED,"L4 in WHO snapshot"
213525,UNCONFIRMED,"no WHO snapshot for these L4s"
2179641,GAP,"no L5 codes"
1148121,CONFIRMED,"L4 in WHO snapshot"
859761,UNCONFIRMED,"no WHO snapshot for these L4s"
1012953,UNCONFIRMED,"no WHO snapshot for these L4s"
211269,UNCONFIRMED,"no WHO snapshot for these L4s"
616917,UNCONFIRMED,"no WHO snapshot for these L4s"
1020477,UNCONFIRMED,"no WHO snapshot for these L4s"
1050093,GAP,"resolver status RETIRED_NO_REMAP"
307677,CONFIRMED,"L4 in WHO snapshot"
1053405,GAP,"resolver status RETIRED_NO_REMAP"
1041849,UNCONFIRMED,"no WHO snapshot for these L4s"
1741377,GAP,"no L5 codes"
1090053,UNCONFIRMED,"no WHO snapshot for these L4s"
1235049,GAP,"resolver status L4_ONLY"
606765,GAP,"resolver status RETIRED_NO_REMAP"
1741569,GAP,"resolver status L4_ONLY"
1049241,CONFIRMED,"L4 in WHO snapshot"
1541109,UNCONFIRMED,"no WHO snapshot for these L4s"
1244721,UNCONFIRMED,"no WHO snapshot for these L4s"
1946481,GAP,"resolver status L4_ONLY"
1946577,GAP,"resolver status L4_ONLY"
1250169,UNCONFIRMED,"no WHO snapshot for these L4s"
1436949,GAP,"resolver status L4_ONLY"
1593609,UNCONFIRMED,"no WHO snapshot for these L4s"
1606353,GAP,"resolver status L4_ONLY"
197877,GAP,"resolver status L4_ONLY"
1598073,UNCONFIRMED,"no WHO snapshot for these L4s"
1242561,CONFIRMED,"L4 in WHO snapshot"
761649,UNCONFIRMED,"no WHO snapshot for these L4s"
745533,UNCONFIRMED,"no WHO snapshot for these L4s"
993945,CONFIRMED,"L4 in WHO snapshot"
762813,UNCONFIRMED,"no WHO snapshot for these L4s"
646041,UNCONFIRMED,"no WHO snapshot for these L4s"
761973,UNCONFIRMED,"no WHO snapshot for these L4s"
863829,GAP,"resolver status L4_ONLY"
311949,UNCONFIRMED,"no WHO snapshot for these L4s"
1089069,GAP,"no L5 codes"
309561,UNCONFIRMED,"no WHO snapshot for these L4s"
359541,GAP,"resolver status L4_ONLY"
801177,GAP,"resolver status L4_ONLY"
208677,UNCONFIRMED,"no WHO snapshot for these L4s"
543789,GAP,"resolver status L4_ONLY"
1011849,UNCONFIRMED,"no WHO snapshot for these L4s"
542169,GAP,"resolver status L4_ONLY"
1001409,GAP,"resolver status L4_ONLY"
1734033,UNCONFIRMED,"no WHO snapshot for these L4s"
1000941,UNCONFIRMED,"no WHO snapshot for these L4s"
210777,UNCONFIRMED,"no WHO snapshot for these L4s"
860145,UNCONFIRMED,"no WHO snapshot for these L4s"
1656333,UNCONFIRMED,"no WHO snapshot for these L4s"
261021,GAP,"no L5 codes"
1731729,UNCONFIRMED,"no WHO snapshot for these L4s"
1876413,UNCONFIRMED,"no WHO snapshot for these L4s"
1244697,GAP,"resolver status RETIRED_NO_REMAP"
1291101,UNCONFIRMED,"no WHO snapshot for these L4s"
1244529,GAP,"resolver status RETIRED_NO_REMAP"
197805,UNCONFIRMED,"no WHO snapshot for these L4s"
1544973,UNCONFIRMED,"no WHO snapshot for these L4s"
1483629,UNCONFIRMED,"no WHO snapshot for these L4s"
1593765,GAP,"resolver status L4_ONLY"
1251501,GAP,"resolver status L4_ONLY"
1598277,UNCONFIRMED,"no WHO snapshot for these L4s"
708129,GAP,"no L5 codes"
968817,GAP,"resolver status L4_ONLY"
904617,GAP,"resolver status L4_ONLY"
702285,GAP,"resolver status RETIRED_NO_REMAP"
310149,UNCONFIRMED,"no WHO snapshot for these L4s"
729945,UNCONFIRMED,"no WHO snapshot for these L4s"
1994397,UNCONFIRMED,"no WHO snapshot for these L4s"
208821,GAP,"resolver status L4_ONLY"
2168097,UNCONFIRMED,"no WHO snapshot for these L4s"
422997,UNCONFIRMED,"no WHO snapshot for these L4s"
604449,UNCONFIRMED,"no WHO snapshot for these L4s"
1038561,UNCONFIRMED,"no WHO snapshot for these L4s"
855633,UNCONFIRMED,"no WHO snapshot for these L4s"
209085,GAP,"resolver status RETIRED_NO_REMAP"
209277,UNCONFIRMED,"no WHO snapshot for these L4s"
1116309,UNCONFIRMED,"no WHO snapshot for these L4s"
1144761,GAP,"resolver status L4_ONLY"
1114389,GAP,"resolver status RETIRED_NO_REMAP"
1052469,GAP,"resolver status L4_ONLY"
249357,UNCONFIRMED,"no WHO snapshot for these L4s"
1052445,GAP,"resolver status L4_ONLY"
1012785,GAP,"resolver status L4_ONLY"
283377,GAP,"resolver status RETIRED_NO_REMAP"
1246113,UNCONFIRMED,"no WHO snapshot for these L4s"
1358505,UNCONFIRMED,"no WHO snapshot for these L4s"
1487925,UNCONFIRMED,"no WHO snapshot for these L4s"
1551417,GAP,"resolver status L4_ONLY"
1601097,GAP,"resolver status L4_ONLY"
312057,UNCONFIRMED,"no WHO snapshot for these L4s"
198501,UNCONFIRMED,"no WHO snapshot for these L4s"
669081,UNCONFIRMED,"no WHO snapshot for these L4s"
727821,UNCONFIRMED,"no WHO snapshot for these L4s"
1090461,GAP,"resolver status RETIRED_NO_REMAP"
854997,GAP,"resolver status L4_ONLY"
209061,UNCONFIRMED,"no WHO snapshot for these L4s"
212589,GAP,"resolver status L4_ONLY"
2169129,CONFIRMED,"L4 in WHO snapshot"
2182353,UNCONFIRMED,"no WHO snapshot for these L4s"
1101885,UNCONFIRMED,"no WHO snapshot for these L4s"
1052949,UNCONFIRMED,"no WHO snapshot for these L4s"
1117245,GAP,"resolver status L4_ONLY"
562785,UNCONFIRMED,"no WHO snapshot for these L4s"
1005861,UNCONFIRMED,"no WHO snapshot for these L4s"
211365,UNCONFIRMED,"no WHO snapshot for these L4s"
314121,UNCONFIRMED,"no WHO snapshot for these L4s"
2121441,UNCONFIRMED,"no WHO snapshot for these L4s"
212361,UNCONFIRMED,"no WHO snapshot for these L4s"
802893,GAP,"resolver status RETIRED_NO_REMAP"
1113501,UNCONFIRMED,"no WHO snapshot for these L4s"
1673949,UNCONFIRMED,"no WHO snapshot for these L4s"
542865,GAP,"resolver status RETIRED_NO_REMAP"
581829,GAP,"resolver status RETIRED_NO_REMAP"
1188405,UNCONFIRMED,"no WHO snapshot for these L4s"
1000713,UNCONFIRMED,"no WHO snapshot for these L4s"
1803009,UNCONFIRMED,"no WHO snapshot for these L4s"
1919073,UNCONFIRMED,"no WHO snapshot for these L4s"
1241829,GAP,"resolver status L4_ONLY"
1424037,UNCONFIRMED,"no WHO snapshot for these L4s"
1442085,UNCONFIRMED,"no WHO snapshot for these L4s"
197853,UNCONFIRMED,"no WHO snapshot for these L4s"
1945173,UNCONFIRMED,"no WHO snapshot for these L4s"
1593105,GAP,"resolver status L4_ONLY"
1423401,UNCONFIRMED,"no WHO snapshot for these L4s"
750261,UNCONFIRMED,"no WHO snapshot for these L4s"
891153,GAP,"resolver status L4_ONLY"
801021,GAP,"resolver status L4_ONLY"
702249,UNCONFIRMED,"no WHO snapshot for these L4s"
656805,UNCONFIRMED,"no WHO snapshot for these L4s"
308397,UNCONFIRMED,"no WHO snapshot for these L4s"
2043465,UNCONFIRMED,"no WHO snapshot for these L4s"
905037,GAP,"resolver status RETIRED_NO_REMAP"
996693,UNCONFIRMED,"no WHO snapshot for these L4s"
348225,UNCONFIRMED,"no WHO snapshot for these L4s"
1047789,UNCONFIRMED,"no WHO snapshot for these L4s"
1053633,GAP,"resolver status RETIRED_NO_REMAP"
1011081,UNCONFIRMED,"no WHO snapshot for these L4s"
200337,GAP,"resolver status RETIRED_NO_REMAP"
1091721,GAP,"no L5 codes"
616713,UNCONFIRMED,"no WHO snapshot for these L4s"
1053345,GAP,"resolver status RETIRED_NO_REMAP"
860217,UNCONFIRMED,"no WHO snapshot for these L4s"
310161,UNCONFIRMED,"no WHO snapshot for these L4s"
1010793,UNCONFIRMED,"no WHO snapshot for these L4s"
1245957,UNCONFIRMED,"no WHO snapshot for these L4s"
1294365,UNCONFIRMED,"no WHO snapshot for these L4s"
1303845,UNCONFIRMED,"no WHO snapshot for these L4s"
1356489,UNCONFIRMED,"no WHO snapshot for these L4s"
1541229,GAP,"resolver status L4_ONLY"
1747725,UNCONFIRMED,"no WHO snapshot for these L4s"
1491009,UNCONFIRMED,"no WHO snapshot for these L4s"
1358637,GAP,"resolver status RETIRED_NO_REMAP"
1727493,UNCONFIRMED,"no WHO snapshot for these L4s"
1992825,CONFIRMED,"L4 in WHO snapshot"
1996185,UNCONFIRMED,"no WHO snapshot for these L4s"
2046141,UNCONFIRMED,"no WHO snapshot for these L4s"
235473,UNCONFIRMED,"no WHO snapshot for these L4s"
236025,UNCONFIRMED,"no WHO snapshot for these L4s"
2599041,UNCONFIRMED,"no WHO snapshot for these L4s"
2626641,GAP,"resolver status RETIRED_NO_REMAP"
2712057,UNCONFIRMED,"no WHO snapshot for these L4s"
337521,UNCONFIRMED,"no WHO snapshot for these L4s"
729717,CONFIRMED,"L4 in WHO snapshot"
828693,GAP,"resolver status RETIRED_NO_REMAP"
1424889,GAP,"resolver status L4_ONLY"
50121,UNCONFIRMED,"no WHO snapshot for these L4s"
10761,UNCONFIRMED,"no WHO snapshot for these L4s"
1923057,GAP,"resolver status L4_ONLY"
905217,CONFIRMED,"L4 in WHO snapshot"
1546089,UNCONFIRMED,"no WHO snapshot for these L4s"
644290,GAP,"resolver status L4_ONLY"
314266,UNCONFIRMED,"no WHO snapshot for these L4s"
992530,UNCONFIRMED,"no WHO snapshot for these L4s"
310054,UNCONFIRMED,"no WHO snapshot for these L4s"
310870,GAP,"resolver status L4_ONLY"
1146022,GAP,"no L5 codes"
58930,UNCONFIRMED,"no WHO snapshot for these L4s"
859174,UNCONFIRMED,"no WHO snapshot for these L4s"
244486,UNCONFIRMED,"no WHO snapshot for these L4s"
252430,UNCONFIRMED,"no WHO snapshot for these L4s"
1000558,UNCONFIRMED,"no WHO snapshot for these L4s"
1000726,UNCONFIRMED,"no WHO snapshot for these L4s"
2174890,CONFIRMED,"L4 in WHO snapshot"
1113490,GAP,"resolver status L4_ONLY"
1050490,CONFIRMED,"L4 in WHO snapshot"
283270,GAP,"resolver status L4_ONLY"
1101850,UNCONFIRMED,"no WHO snapshot for these L4s"
1356802,GAP,"resolver status L4_ONLY"
1362958,UNCONFIRMED,"no WHO snapshot for these L4s"
1494214,GAP,"resolver status L4_ONLY"
1439926,GAP,"resolver status RETIRED_NO_REMAP"
197362,GAP,"no L5 codes"
1809430,GAP,"resolver status RETIRED_NO_REMAP"
309274,UNCONFIRMED,"no WHO snapshot for these L4s"
798118,UNCONFIRMED,"no WHO snapshot for these L4s"
967558,GAP,"no L5 codes"
998530,UNCONFIRMED,"no WHO snapshot for these L4s"
207358,UNCONFIRMED,"no WHO snapshot for these L4s"
209278,UNCONFIRMED,"no WHO snapshot for these L4s"
2108098,UNCONFIRMED,"no WHO snapshot for these L4s"
1094338,UNCONFIRMED,"no WHO snapshot for these L4s"
484714,GAP,"resolver status RETIRED_NO_REMAP"
1049374,UNCONFIRMED,"no WHO snapshot for these L4s"
210046,UNCONFIRMED,"no WHO snapshot for these L4s"
351958,UNCONFIRMED,"no WHO snapshot for these L4s"
213082,GAP,"resolver status L4_ONLY"
2172190,GAP,"resolver status L4_ONLY"
1093222,UNCONFIRMED,"no WHO snapshot for these L4s"
1000858,UNCONFIRMED,"no WHO snapshot for these L4s"
1085758,UNCONFIRMED,"no WHO snapshot for these L4s"
1733890,GAP,"resolver status L4_ONLY"
239998,GAP,"no L5 codes"
210814,GAP,"resolver status RETIRED_NO_REMAP"
213622,UNCONFIRMED,"no WHO snapshot for these L4s"
1245466,GAP,"resolver status RETIRED_NO_REMAP"
1358734,GAP,"resolver status RETIRED_NO_REMAP"
1484770,UNCONFIRMED,"no WHO snapshot for these L4s"
1366630,UNCONFIRMED,"no WHO snapshot for these L4s"
1541218,UNCONFIRMED,"no WHO snapshot for these L4s"
1604350,UNCONFIRMED,"no WHO snapshot for these L4s"
618370,GAP,"resolver status RETIRED_NO_REMAP"
314146,GAP,"resolver status L4_ONLY"
977998,GAP,"resolver status L4_ONLY"
205834,UNCONFIRMED,"no WHO snapshot for these L4s"
883810,GAP,"resolver status L4_ONLY"
830530,UNCONFIRMED,"no WHO snapshot for these L4s"
762598,GAP,"no L5 codes"
207934,UNCONFIRMED,"no WHO snapshot for these L4s"
1116154,GAP,"resolver status L4_ONLY"
404554,UNCONFIRMED,"no WHO snapshot for these L4s"
1046242,GAP,"resolver status L4_ONLY"
857830,UNCONFIRMED,"no WHO snapshot for these L4s"
1010782,UNCONFIRMED,"no WHO snapshot for these L4s"
1012570,UNCONFIRMED,"no WHO snapshot for these L4s"
858838,CONFIRMED,"L4 in WHO snapshot"
242938,GAP,"resolver status RETIRED_NO_REMAP"
607018,UNCONFIRMED,"no WHO snapshot for these L4s"
210754,UNCONFIRMED,"no WHO snapshot for these L4s"
1799326,GAP,"no L5 codes"
1251022,UNCONFIRMED,"no WHO snapshot for these L4s"
1360030,UNCONFIRMED,"no WHO snapshot for these L4s"
1372918,UNCONFIRMED,"no WHO snapshot for these L4s"
1551286,GAP,"resolver status L4_ONLY"
1946782,GAP,"resolver status L4_ONLY"
1250554,UNCONFIRMED,"no WHO snapshot for these L4s"
1364914,GAP,"resolver status L4_ONLY"
1435918,GAP,"resolver status L4_ONLY"
1592290,UNCONFIRMED,"no WHO snapshot for these L4s"
977842,GAP,"resolver status L4_ONLY"
800062,GAP,"resolver status L4_ONLY"
761998,UNCONFIRMED,"no WHO snapshot for these L4s"
311998,UNCONFIRMED,"no WHO snapshot for these L4s"
2001358,GAP,"resolver status L4_ONLY"
809206,GAP,"resolver status L4_ONLY"
637462,GAP,"resolver status L4_ONLY"
346558,UNCONFIRMED,"no WHO snapshot for these L4s"
2117770,UNCONFIRMED,"no WHO snapshot for these L4s"
1098478,UNCONFIRMED,"no WHO snapshot for these L4s"
857758,UNCONFIRMED,"no WHO snapshot for these L4s"
1145110,GAP,"resolver status L4_ONLY"
1052674,GAP,"resolver status RETIRED_NO_REMAP"
1656706,UNCONFIRMED,"no WHO snapshot for these L4s"
1667878,UNCONFIRMED,"no WHO snapshot for these L4s"
1660750,UNCONFIRMED,"no WHO snapshot for these L4s"
106222,UNCONFIRMED,"no WHO snapshot for these L4s"
1088194,GAP,"no L5 codes"
313138,UNCONFIRMED,"no WHO snapshot for these L4s"
801034,GAP,"resolver status L4_ONLY"
207322,UNCONFIRMED,"no WHO snapshot for these L4s"
856978,GAP,"resolver status RETIRED_NO_REMAP"
1737850,UNCONFIRMED,"no WHO snapshot for these L4s"
2173858,UNCONFIRMED,"no WHO snapshot for these L4s"
1665214,UNCONFIRMED,"no WHO snapshot for these L4s"
859258,GAP,"resolver status RETIRED_NO_REMAP"
211726,UNCONFIRMED,"no WHO snapshot for these L4s"
2183674,GAP,"resolver status RETIRED_NO_REMAP"
1741930,UNCONFIRMED,"no WHO snapshot for these L4s"
1299646,GAP,"resolver status L4_ONLY"
1423798,UNCONFIRMED,"no WHO snapshot for these L4s"
1436374,UNCONFIRMED,"no WHO snapshot for these L4s"
1442122,UNCONFIRMED,"no WHO snapshot for these L4s"
1248022,GAP,"no L5 codes"
1876498,UNCONFIRMED,"no WHO snapshot for these L4s"
199870,UNCONFIRMED,"no WHO snapshot for these L4s"
205234,UNCONFIRMED,"no WHO snapshot for these L4s"
904462,GAP,"resolver status L4_ONLY"
998254,GAP,"resolver status L4_ONLY"
864946,GAP,"resolver status RETIRED_NO_REMAP"
199522,GAP,"resolver status RETIRED_NO_REMAP"
205162,UNCONFIRMED,"no WHO snapshot for these L4s"
311098,UNCONFIRMED,"no WHO snapshot for these L4s"
213034,GAP,"resolver status L4_ONLY"
213502,UNCONFIRMED,"no WHO snapshot for these L4s"
1190122,GAP,"no L5 codes"
1233694,GAP,"resolver status L4_ONLY"
580294,UNCONFIRMED,"no WHO snapshot for these L4s"
1012690,UNCONFIRMED,"no WHO snapshot for these L4s"
1040050,UNCONFIRMED,"no WHO snapshot for these L4s"
858346,UNCONFIRMED,"no WHO snapshot for these L4s"
1234546,GAP,"resolver status L4_ONLY"
211198,UNCONFIRMED,"no WHO snapshot for these L4s"
545122,UNCONFIRMED,"no WHO snapshot for these L4s"
1006114,UNCONFIRMED,"no WHO snapshot for these L4s"
1113058,UNCONFIRMED,"no WHO snapshot for these L4s"
1052770,UNCONFIRMED,"no WHO snapshot for these L4s"
1799434,UNCONFIRMED,"no WHO snapshot for these L4s"
1799842,GAP,"resolver status RETIRED_NO_REMAP"
1250734,UNCONFIRMED,"no WHO snapshot for these L4s"
1724446,GAP,"resolver status L4_ONLY"
1855198,GAP,"resolver status RETIRED_NO_REMAP"
1534666,CONFIRMED,"L4 in WHO snapshot"
1246906,GAP,"resolver status RETIRED_NO_REMAP"
1370218,GAP,"resolver status RETIRED_NO_REMAP"
1363726,UNCONFIRMED,"no WHO snapshot for these L4s"
744790,UNCONFIRMED,"no WHO snapshot for these L4s"
702022,UNCONFIRMED,"no WHO snapshot for these L4s"
310474,UNCONFIRMED,"no WHO snapshot for these L4s"
991486,GAP,"resolver status L4_ONLY"
308494,UNCONFIRMED,"no WHO snapshot for these L4s"
1088926,GAP,"resolver status L4_ONLY"
313786,GAP,"resolver status L4_ONLY"
830638,UNCONFIRMED,"no WHO snapshot for these L4s"
762958,GAP,"resolver status RETIRED_NO_REMAP"
311230,UNCONFIRMED,"no WHO snapshot for these L4s"
806674,UNCONFIRMED,"no WHO snapshot for these L4s"
1113382,GAP,"resolver status RETIRED_NO_REMAP"
859234,UNCONFIRMED,"no WHO snapshot for these L4s"
243670,UNCONFIRMED,"no WHO snapshot for these L4s"
210838,UNCONFIRMED,"no WHO snapshot for these L4s"
106258,UNCONFIRMED,"no WHO snapshot for these L4s"
106078,GAP,"resolver status L4_ONLY"
1657066,UNCONFIRMED,"no WHO snapshot for these L4s"
1000078,UNCONFIRMED,"no WHO snapshot for these L4s"
1101538,GAP,"resolver status RETIRED_NO_REMAP"
1001062,UNCONFIRMED,"no WHO snapshot for these L4s"
2122114,GAP,"resolver status RETIRED_NO_REMAP"
1742038,GAP,"no L5 codes"
1293886,GAP,"resolver status RETIRED_NO_REMAP"
1593886,UNCONFIRMED,"no WHO snapshot for these L4s"
1306078,UNCONFIRMED,"no WHO snapshot for these L4s"
1307986,GAP,"resolver status RETIRED_NO_REMAP"
153658,UNCONFIRMED,"no WHO snapshot for these L4s"
1867594,GAP,"resolver status L4_ONLY"
1305910,GAP,"resolver status L4_ONLY"
309778,GAP,"no L5 codes"
308842,UNCONFIRMED,"no WHO snapshot for these L4s"
761974,UNCONFIRMED,"no WHO snapshot for these L4s"
896878,UNCONFIRMED,"no WHO snapshot for these L4s"
199006,GAP,"resolver status L4_ONLY"
206950,UNCONFIRMED,"no WHO snapshot for these L4s"
828346,UNCONFIRMED,"no WHO snapshot for these L4s"
905026,GAP,"no L5 codes"
309238,GAP,"resolver status RETIRED_NO_REMAP"
729778,GAP,"resolver status RETIRED_NO_REMAP"
310162,UNCONFIRMED,"no WHO snapshot for these L4s"
205798,UNCONFIRMED,"no WHO snapshot for these L4s"
210142,GAP,"no L5 codes"
2171266,GAP,"resolver status RETIRED_NO_REMAP"
1099486,UNCONFIRMED,"no WHO snapshot for these L4s"
1116922,UNCONFIRMED,"no WHO snapshot for these L4s"
209002,UNCONFIRMED,"no WHO snapshot for these L4s"
403942,UNCONFIRMED,"no WHO snapshot for these L4s"
605662,GAP,"no L5 codes"
860254,UNCONFIRMED,"no WHO snapshot for these L4s"
1043602,UNCONFIRMED,"no WHO snapshot for these L4s"
1658278,UNCONFIRMED,"no WHO snapshot for these L4s"
211666,UNCONFIRMED,"no WHO snapshot for these L4s"
261178,UNCONFIRMED,"no WHO snapshot for these L4s"
1050334,GAP,"resolver status RETIRED_NO_REMAP"
247294,UNCONFIRMED,"no WHO snapshot for these L4s"
848182,UNCONFIRMED,"no WHO snapshot for these L4s"
210010,UNCONFIRMED,"no WHO snapshot for these L4s"
1112686,UNCONFIRMED,"no WHO snapshot for these L4s"
859066,UNCONFIRMED,"no WHO snapshot for these L4s"
1049266,UNCONFIRMED,"no WHO snapshot for these L4s"
1737742,UNCONFIRMED,"no WHO snapshot for these L4s"
310150,UNCONFIRMED,"no WHO snapshot for these L4s"
1113046,GAP,"resolver status L4_ONLY"
597658,UNCONFIRMED,"no WHO snapshot for these L4s"
1358614,GAP,"resolver status RETIRED_NO_REMAP"
1741378,GAP,"resolver status RETIRED_NO_REMAP"
1862590,UNCONFIRMED,"no WHO snapshot for these L4s"
1298410,GAP,"resolver status RETIRED_NO_REMAP"
1308382,GAP,"resolver status RETIRED_NO_REMAP"
1305214,GAP,"resolver status L4_ONLY"
1432534,GAP,"resolver status RETIRED_NO_REMAP"
1742218,GAP,"resolver status RETIRED_NO_REMAP"
1809730,GAP,"no L5 codes"
94186,UNCONFIRMED,"no WHO snapshot for these L4s"
2047186,GAP,"resolver status RETIRED_NO_REMAP"
995446,GAP,"resolver status L4_ONLY"
2003650,UNCONFIRMED,"no WHO snapshot for these L4s"
863626,UNCONFIRMED,"no WHO snapshot for these L4s"
861202,UNCONFIRMED,"no WHO snapshot for these L4s"
206182,UNCONFIRMED,"no WHO snapshot for these L4s"
801874,UNCONFIRMED,"no WHO snapshot for these L4s"
831298,UNCONFIRMED,"no WHO snapshot for these L4s"
312910,UNCONFIRMED,"no WHO snapshot for these L4s"
856810,UNCONFIRMED,"no WHO snapshot for these L4s"
2104714,GAP,"no L5 codes"
1111762,GAP,"resolver status RETIRED_NO_REMAP"
485338,GAP,"no L5 codes"
1013050,UNCONFIRMED,"no WHO snapshot for these L4s"
1994530,GAP,"resolver status RETIRED_NO_REMAP"
317014,UNCONFIRMED,"no WHO snapshot for these L4s"
404170,GAP,"no L5 codes"
314182,UNCONFIRMED,"no WHO snapshot for these L4s"
1234978,GAP,"resolver status L4_ONLY"
1234966,UNCONFIRMED,"no WHO snapshot for these L4s"
858898,UNCONFIRMED,"no WHO snapshot for these L4s"
1737778,UNCONFIRMED,"no WHO snapshot for these L4s"
1049386,UNCONFIRMED,"no WHO snapshot for these L4s"
105898,UNCONFIRMED,"no WHO snapshot for these L4s"
307762,UNCONFIRMED,"no WHO snapshot for these L4s"
1148506,UNCONFIRMED,"no WHO snapshot for these L4s"
311446,GAP,"resolver status L4_ONLY"
402250,GAP,"resolver status L4_ONLY"
1091950,GAP,"resolver status RETIRED_NO_REMAP"
1190818,CONFIRMED,"L4 in WHO snapshot"
2173846,UNCONFIRMED,"no WHO snapshot for these L4s"
1005850,UNCONFIRMED,"no WHO snapshot for these L4s"
1795618,GAP,"no L5 codes"
1297390,GAP,"resolver status L4_ONLY"
1308442,GAP,"resolver status L4_ONLY"
1370122,UNCONFIRMED,"no WHO snapshot for these L4s"
1375954,GAP,"resolver status L4_ONLY"
1428622,GAP,"resolver status L4_ONLY"
1545034,UNCONFIRMED,"no WHO snapshot for these L4s"
1247818,UNCONFIRMED,"no WHO snapshot for these L4s"
745462,UNCONFIRMED,"no WHO snapshot for these L4s"
800110,UNCONFIRMED,"no WHO snapshot for these L4s"
2001994,UNCONFIRMED,"no WHO snapshot for these L4s"
1086958,GAP,"resolver status RETIRED_NO_REMAP"
352150,GAP,"resolver status RETIRED_NO_REMAP"
309874,UNCONFIRMED,"no WHO snapshot for these L4s"
991150,GAP,"resolver status RETIRED_NO_REMAP"
205606,UNCONFIRMED,"no WHO snapshot for these L4s"
311254,GAP,"no L5 codes"
1100746,GAP,"resolver status L4_ONLY"
617302,CONFIRMED,"L4 in WHO snapshot"
1046914,UNCONFIRMED,"no WHO snapshot for these L4s"
206218,UNCONFIRMED,"no WHO snapshot for these L4s"
1094434,GAP,"resolver status L4_ONLY"
1191394,GAP,"resolver status L4_ONLY"
849742,GAP,"resolver status L4_ONLY"
211750,GAP,"resolver status RETIRED_NO_REMAP"
1092658,GAP,"resolver status L4_ONLY"
562414,UNCONFIRMED,"no WHO snapshot for these L4s"
2590,UNCONFIRMED,"no WHO snapshot for these L4s"
833746,UNCONFIRMED,"no WHO snapshot for these L4s"
1091242,UNCONFIRMED,"no WHO snapshot for these L4s"
1191214,UNCONFIRMED,"no WHO snapshot for these L4s"
1048078,GAP,"resolver status L4_ONLY"
1673566,GAP,"resolver status L4_ONLY"
1245250,UNCONFIRMED,"no WHO snapshot for these L4s"
1246606,GAP,"resolver status RETIRED_NO_REMAP"
1536610,UNCONFIRMED,"no WHO snapshot for these L4s"
1668034,UNCONFIRMED,"no WHO snapshot for these L4s"
1245454,GAP,"resolver status RETIRED_NO_REMAP"
1427998,GAP,"resolver status L4_ONLY"
1923058,GAP,"resolver status L4_ONLY"
1484890,UNCONFIRMED,"no WHO snapshot for these L4s"
903298,UNCONFIRMED,"no WHO snapshot for these L4s"
198946,GAP,"no L5 codes"
372526,GAP,"resolver status L4_ONLY"
761986,UNCONFIRMED,"no WHO snapshot for these L4s"
206998,UNCONFIRMED,"no WHO snapshot for these L4s"
312562,UNCONFIRMED,"no WHO snapshot for these L4s"
2045638,UNCONFIRMED,"no WHO snapshot for these L4s"
727474,GAP,"resolver status RETIRED_NO_REMAP"
198334,CONFIRMED,"L4 in WHO snapshot"
829762,UNCONFIRMED,"no WHO snapshot for these L4s"
809314,GAP,"resolver status RETIRED_NO_REMAP"
2106334,GAP,"resolver status L4_ONLY"
857866,UNCONFIRMED,"no WHO snapshot for these L4s"
1660018,UNCONFIRMED,"no WHO snapshot for these L4s"
1013662,UNCONFIRMED,"no WHO snapshot for these L4s"
2107606,GAP,"resolver status RETIRED_NO_REMAP"
1100650,GAP,"resolver status L4_ONLY"
1037146,UNCONFIRMED,"no WHO snapshot for these L4s"
858334,GAP,"resolver status L4_ONLY"
1236070,GAP,"resolver status L4_ONLY"
1298806,UNCONFIRMED,"no WHO snapshot for these L4s"
1437982,UNCONFIRMED,"no WHO snapshot for these L4s"
1423678,GAP,"resolver status L4_ONLY"
1431286,GAP,"resolver status L4_ONLY"
1800670,GAP,"resolver status RETIRED_NO_REMAP"
1248166,UNCONFIRMED,"no WHO snapshot for these L4s"
749866,UNCONFIRMED,"no WHO snapshot for these L4s"
756250,UNCONFIRMED,"no WHO snapshot for these L4s"
207346,UNCONFIRMED,"no WHO snapshot for these L4s"
318178,UNCONFIRMED,"no WHO snapshot for these L4s"
317146,UNCONFIRMED,"no WHO snapshot for these L4s"
206698,UNCONFIRMED,"no WHO snapshot for these L4s"
903958,UNCONFIRMED,"no WHO snapshot for these L4s"
310594,GAP,"resolver status L4_ONLY"
314986,UNCONFIRMED,"no WHO snapshot for these L4s"
834154,UNCONFIRMED,"no WHO snapshot for these L4s"
1000066,UNCONFIRMED,"no WHO snapshot for these L4s"
1049650,CONFIRMED,"L4 in WHO snapshot"
1052950,UNCONFIRMED,"no WHO snapshot for these L4s"
996994,CONFIRMED,"L4 in WHO snapshot"
824194,CONFIRMED,"L4 in WHO snapshot"
1740250,UNCONFIRMED,"no WHO snapshot for these L4s"
312214,UNCONFIRMED,"no WHO snapshot for these L4s"
1048906,UNCONFIRMED,"no WHO snapshot for these L4s"
1246594,GAP,"resolver status L4_ONLY"
1294246,UNCONFIRMED,"no WHO snapshot for these L4s"
1294366,UNCONFIRMED,"no WHO snapshot for these L4s"
1357942,UNCONFIRMED,"no WHO snapshot for these L4s"
1865206,GAP,"no L5 codes"
667906,UNCONFIRMED,"no WHO snapshot for these L4s"
93130,UNCONFIRMED,"no WHO snapshot for these L4s"
309454,UNCONFIRMED,"no WHO snapshot for these L4s"
807790,UNCONFIRMED,"no WHO snapshot for these L4s"
876214,GAP,"no L5 codes"
309682,GAP,"resolver status L4_ONLY"
847630,GAP,"resolver status L4_ONLY"
1094350,GAP,"resolver status L4_ONLY"
1098910,UNCONFIRMED,"no WHO snapshot for these L4s"
1099078,GAP,"resolver status RETIRED_NO_REMAP"
1110802,GAP,"no L5 codes"
1116094,UNCONFIRMED,"no WHO snapshot for these L4s"
608926,UNCONFIRMED,"no WHO snapshot for these L4s"
1014022,UNCONFIRMED,"no WHO snapshot for these L4s"
1037074,UNCONFIRMED,"no WHO snapshot for these L4s"
1043014,GAP,"no L5 codes"
847414,UNCONFIRMED,"no WHO snapshot for these L4s"
1010902,UNCONFIRMED,"no WHO snapshot for these L4s"
1053346,CONFIRMED,"L4 in WHO snapshot"
1720774,GAP,"resolver status RETIRED_NO_REMAP"
1734934,UNCONFIRMED,"no WHO snapshot for these L4s"
1809754,GAP,"resolver status L4_ONLY"
1867690,GAP,"resolver status RETIRED_NO_REMAP"
1241674,GAP,"resolver status L4_ONLY"
1247254,UNCONFIRMED,"no WHO snapshot for these L4s"
1369810,GAP,"no L5 codes"
1370230,GAP,"resolver status RETIRED_NO_REMAP"
197962,GAP,"resolver status L4_ONLY"
1251790,GAP,"resolver status RETIRED_NO_REMAP"
1795498,UNCONFIRMED,"no WHO snapshot for these L4s"
1648174,GAP,"resolver status L4_ONLY"
1235758,GAP,"resolver status L4_ONLY"
1251610,GAP,"no L5 codes"
645190,GAP,"resolver status RETIRED_NO_REMAP"
892330,GAP,"resolver status L4_ONLY"
753526,UNCONFIRMED,"no WHO snapshot for these L4s"
861238,GAP,"resolver status L4_ONLY"
309574,GAP,"resolver status RETIRED_NO_REMAP"
308398,UNCONFIRMED,"no WHO snapshot for these L4s"
1111114,GAP,"resolver status RETIRED_NO_REMAP"
1233682,UNCONFIRMED,"no WHO snapshot for these L4s"
1001086,UNCONFIRMED,"no WHO snapshot for these L4s"
1012966,UNCONFIRMED,"no WHO snapshot for these L4s"
1053142,GAP,"resolver status L4_ONLY"
260302,UNCONFIRMED,"no WHO snapshot for these L4s"
375850,GAP,"resolver status L4_ONLY"
847534,UNCONFIRMED,"no WHO snapshot for these L4s"
2173834,UNCONFIRMED,"no WHO snapshot for these L4s"
376642,GAP,"resolver status RETIRED_NO_REMAP"
211162,CONFIRMED,"L4 in WHO snapshot"
605686,UNCONFIRMED,"no WHO snapshot for these L4s"
1728766,UNCONFIRMED,"no WHO snapshot for these L4s"
213178,UNCONFIRMED,"no WHO snapshot for these L4s"
251050,GAP,"resolver status RETIRED_NO_REMAP"
1866190,GAP,"resolver status L4_ONLY"
1360330,UNCONFIRMED,"no WHO snapshot for these L4s"
1370950,UNCONFIRMED,"no WHO snapshot for these L4s"
1549690,GAP,"resolver status L4_ONLY"
1370002,UNCONFIRMED,"no WHO snapshot for these L4s"
1357870,GAP,"resolver status RETIRED_NO_REMAP"
643066,CONFIRMED,"L4 in WHO snapshot"
800074,GAP,"resolver status L4_ONLY"
895666,GAP,"resolver status L4_ONLY"
866410,GAP,"resolver status RETIRED_NO_REMAP"
308278,GAP,"resolver status L4_ONLY"
200866,UNCONFIRMED,"no WHO snapshot for these L4s"
808534,GAP,"resolver status L4_ONLY"
857182,UNCONFIRMED,"no WHO snapshot for these L4s"
2105794,GAP,"resolver status L4_ONLY"
1191262,GAP,"resolver status L4_ONLY"
245038,UNCONFIRMED,"no WHO snapshot for these L4s"
540142,UNCONFIRMED,"no WHO snapshot for these L4s"
312982,GAP,"resolver status L4_ONLY"
209470,GAP,"resolver status RETIRED_NO_REMAP"
210778,UNCONFIRMED,"no WHO snapshot for these L4s"
831250,UNCONFIRMED,"no WHO snapshot for these L4s"
237406,UNCONFIRMED,"no WHO snapshot for these L4s"
1085698,UNCONFIRMED,"no WHO snapshot for these L4s"
1047862,UNCONFIRMED,"no WHO snapshot for these L4s"
616810,UNCONFIRMED,"no WHO snapshot for these L4s"
1050670,UNCONFIRMED,"no WHO snapshot for these L4s"
1668154,UNCONFIRMED,"no WHO snapshot for these L4s"
210274,GAP,"resolver status RETIRED_NO_REMAP"
1234498,GAP,"resolver status RETIRED_NO_REMAP"
1292314,UNCONFIRMED,"no WHO snapshot for these L4s"
1546894,CONFIRMED,"L4 in WHO snapshot"
1251562,UNCONFIRMED,"no WHO snapshot for these L4s"
1442590,UNCONFIRMED,"no WHO snapshot for these L4s"
1801294,UNCONFIRMED,"no WHO snapshot for these L4s"
1807510,UNCONFIRMED,"no WHO snapshot for these L4s"
1483558,UNCONFIRMED,"no WHO snapshot for these L4s"
1601098,UNCONFIRMED,"no WHO snapshot for these L4s"
1539190,UNCONFIRMED,"no WHO snapshot for these L4s"
1245286,UNCONFIRMED,"no WHO snapshot for these L4s"
884770,GAP,"resolver status L4_ONLY"
351358,UNCONFIRMED,"no WHO snapshot for these L4s"
845494,UNCONFIRMED,"no WHO snapshot for these L4s"
861742,UNCONFIRMED,"no WHO snapshot for these L4s"
388054,GAP,"resolver status L4_ONLY"
311662,UNCONFIRMED,"no WHO snapshot for these L4s"
749158,UNCONFIRMED,"no WHO snapshot for these L4s"
884014,UNCONFIRMED,"no WHO snapshot for these L4s"
1087258,GAP,"resolver status L4_ONLY"
312106,UNCONFIRMED,"no WHO snapshot for these L4s"
828286,UNCONFIRMED,"no WHO snapshot for these L4s"
313090,UNCONFIRMED,"no WHO snapshot for these L4s"
210298,GAP,"resolver status RETIRED_NO_REMAP"
1234594,UNCONFIRMED,"no WHO snapshot for these L4s"
402058,GAP,"resolver status RETIRED_NO_REMAP"
404542,GAP,"resolver status RETIRED_NO_REMAP"
616906,UNCONFIRMED,"no WHO snapshot for these L4s"
805378,GAP,"resolver status L4_ONLY"
2168926,GAP,"resolver status RETIRED_NO_REMAP"
847042,CONFIRMED,"L4 in WHO snapshot"
2118730,GAP,"resolver status L4_ONLY"
1013038,UNCONFIRMED,"no WHO snapshot for these L4s"
1000654,UNCONFIRMED,"no WHO snapshot for these L4s"
1794886,GAP,"resolver status L4_ONLY"
308074,UNCONFIRMED,"no WHO snapshot for these L4s"
1049086,UNCONFIRMED,"no WHO snapshot for these L4s"
1867942,UNCONFIRMED,"no WHO snapshot for these L4s"
1929118,GAP,"resolver status L4_ONLY"
1424050,UNCONFIRMED,"no WHO snapshot for these L4s"
1293466,GAP,"resolver status L4_ONLY"
1427410,GAP,"no L5 codes"
763390,UNCONFIRMED,"no WHO snapshot for these L4s"
201142,UNCONFIRMED,"no WHO snapshot for these L4s"
198706,UNCONFIRMED,"no WHO snapshot for these L4s"
204442,UNCONFIRMED,"no WHO snapshot for these L4s"
995578,UNCONFIRMED,"no WHO snapshot for these L4s"
825190,UNCONFIRMED,"no WHO snapshot for these L4s"
209902,GAP,"resolver status RETIRED_NO_REMAP"
245650,UNCONFIRMED,"no WHO snapshot for these L4s"
800122,UNCONFIRMED,"no WHO snapshot for these L4s"
2102938,GAP,"resolver status RETIRED_NO_REMAP"
1146982,GAP,"resolver status RETIRED_NO_REMAP"
1046698,GAP,"resolver status L4_ONLY"
1721434,UNCONFIRMED,"no WHO snapshot for these L4s"
541894,GAP,"resolver status L4_ONLY"
1726414,UNCONFIRMED,"no WHO snapshot for these L4s"
422098,UNCONFIRMED,"no WHO snapshot for these L4s"
1049278,UNCONFIRMED,"no WHO snapshot for these L4s"
413206,UNCONFIRMED,"no WHO snapshot for these L4s"
1798546,GAP,"resolver status L4_ONLY"
1940494,UNCONFIRMED,"no WHO snapshot for these L4s"
1246066,GAP,"resolver status L4_ONLY"
1361038,GAP,"resolver status RETIRED_NO_REMAP"
1743118,UNCONFIRMED,"no WHO snapshot for these L4s"
1809514,GAP,"no L5 codes"
1927894,GAP,"resolver status L4_ONLY"
1246918,UNCONFIRMED,"no WHO snapshot for these L4s"
1250470,GAP,"resolver status RETIRED_NO_REMAP"
1374382,UNCONFIRMED,"no WHO snapshot for these L4s"
1294306,UNCONFIRMED,"no WHO snapshot for these L4s"
1363222,GAP,"resolver status RETIRED_NO_REMAP"
904450,GAP,"resolver status RETIRED_NO_REMAP"
1088854,GAP,"resolver status RETIRED_NO_REMAP"
966550,UNCONFIRMED,"no WHO snapshot for these L4s"
309406,UNCONFIRMED,"no WHO snapshot for these L4s"
308806,UNCONFIRMED,"no WHO snapshot for these L4s"
644794,GAP,"resolver status L4_ONLY"
669214,UNCONFIRMED,"no WHO snapshot for these L4s"
748798,UNCONFIRMED,"no WHO snapshot for these L4s"
723778,UNCONFIRMED,"no WHO snapshot for these L4s"
311962,UNCONFIRMED,"no WHO snapshot for these L4s"
994498,UNCONFIRMED,"no WHO snapshot for these L4s"
373522,UNCONFIRMED,"no WHO snapshot for these L4s"
831430,GAP,"resolver status L4_ONLY"
314914,GAP,"resolver status RETIRED_NO_REMAP"
213262,GAP,"no L5 codes"
213970,UNCONFIRMED,"no WHO snapshot for these L4s"
1099606,UNCONFIRMED,"no WHO snapshot for these L4s"
1189678,UNCONFIRMED,"no WHO snapshot for these L4s"
1012594,UNCONFIRMED,"no WHO snapshot for these L4s"
1038910,UNCONFIRMED,"no WHO snapshot for these L4s"
1037338,UNCONFIRMED,"no WHO snapshot for these L4s"
207190,UNCONFIRMED,"no WHO snapshot for these L4s"
802798,GAP,"resolver status RETIRED_NO_REMAP"
209878,GAP,"no L5 codes"
581662,UNCONFIRMED,"no WHO snapshot for these L4s"
284146,UNCONFIRMED,"no WHO snapshot for these L4s"
1039558,GAP,"resolver status RETIRED_NO_REMAP"
1046626,GAP,"resolver status RETIRED_NO_REMAP"
1049206,CONFIRMED,"L4 in WHO snapshot"
238006,GAP,"resolver status L4_ONLY"
1117522,UNCONFIRMED,"no WHO snapshot for these L4s"
1190542,UNCONFIRMED,"no WHO snapshot for these L4s"
1250170,UNCONFIRMED,"no WHO snapshot for these L4s"
1358746,UNCONFIRMED,"no WHO snapshot for these L4s"
1549390,UNCONFIRMED,"no WHO snapshot for these L4s"
1649002,GAP,"no L5 codes"
1797910,UNCONFIRMED,"no WHO snapshot for these L4s"
1872886,UNCONFIRMED,"no WHO snapshot for these L4s"
1313818,GAP,"resolver status L4_ONLY"
1603294,GAP,"resolver status L4_ONLY"
1373254,GAP,"resolver status RETIRED_NO_REMAP"
1922518,UNCONFIRMED,"no WHO snapshot for these L4s"
686890,UNCONFIRMED,"no WHO snapshot for these L4s"
748594,UNCONFIRMED,"no WHO snapshot for these L4s"
978070,UNCONFIRMED,"no WHO snapshot for these L4s"
829546,UNCONFIRMED,"no WHO snapshot for these L4s"
705622,GAP,"resolver status RETIRED_NO_REMAP"
762394,GAP,"resolver status L4_ONLY"
723562,UNCONFIRMED,"no WHO snapshot for these L4s"
313030,UNCONFIRMED,"no WHO snapshot for these L4s"
1087030,GAP,"resolver status L4_ONLY"
312958,UNCONFIRMED,"no WHO snapshot for these L4s"
801142,UNCONFIRMED,"no WHO snapshot for these L4s"
210958,UNCONFIRMED,"no WHO snapshot for these L4s"
2168518,UNCONFIRMED,"no WHO snapshot for these L4s"
2173654,UNCONFIRMED,"no WHO snapshot for these L4s"
1098418,UNCONFIRMED,"no WHO snapshot for these L4s"
1100578,CONFIRMED,"L4 in WHO snapshot"
1114342,GAP,"resolver status L4_ONLY"
213526,UNCONFIRMED,"no WHO snapshot for these L4s"
1010878,UNCONFIRMED,"no WHO snapshot for these L4s"
102166,GAP,"no L5 codes"
1049230,UNCONFIRMED,"no WHO snapshot for these L4s"
1661314,GAP,"resolver status L4_ONLY"
1190890,UNCONFIRMED,"no WHO snapshot for these L4s"
1052614,UNCONFIRMED,"no WHO snapshot for these L4s"
1190614,UNCONFIRMED,"no WHO snapshot for these L4s"
995122,GAP,"resolver status L4_ONLY"
349114,UNCONFIRMED,"no WHO snapshot for these L4s"
562618,UNCONFIRMED,"no WHO snapshot for these L4s"
1039474,UNCONFIRMED,"no WHO snapshot for these L4s"
238030,UNCONFIRMED,"no WHO snapshot for these L4s"
1301158,GAP,"resolver status RETIRED_NO_REMAP"
1309978,UNCONFIRMED,"no WHO snapshot for these L4s"
1374574,UNCONFIRMED,"no WHO snapshot for these L4s"
1809214,GAP,"resolver status RETIRED_NO_REMAP"
1299022,GAP,"resolver status RETIRED_NO_REMAP"
1245706,UNCONFIRMED,"no WHO snapshot for these L4s"
1251034,UNCONFIRMED,"no WHO snapshot for these L4s"
1494742,GAP,"resolver status RETIRED_NO_REMAP"
1536586,UNCONFIRMED,"no WHO snapshot for these L4s"
1442854,GAP,"resolver status RETIRED_NO_REMAP"
1247614,UNCONFIRMED,"no WHO snapshot for these L4s"
308410,GAP,"resolver status RETIRED_NO_REMAP"
996778,CONFIRMED,"L4 in WHO snapshot"
995038,UNCONFIRMED,"no WHO snapshot for these L4s"
1999330,GAP,"no L5 codes"
831730,GAP,"resolver status RETIRED_NO_REMAP"
211138,UNCONFIRMED,"no WHO snapshot for these L4s"
213562,UNCONFIRMED,"no WHO snapshot for these L4s"
214042,UNCONFIRMED,"no WHO snapshot for these L4s"
2173738,UNCONFIRMED,"no WHO snapshot for these L4s"
483442,UNCONFIRMED,"no WHO snapshot for these L4s"
1014130,GAP,"no L5 codes"
1046926,UNCONFIRMED,"no WHO snapshot for these L4s"
247990,GAP,"no L5 codes"
308122,UNCONFIRMED,"no WHO snapshot for these L4s"
210058,UNCONFIRMED,"no WHO snapshot for these L4s"
1098346,GAP,"resolver status RETIRED_NO_REMAP"
992902,UNCONFIRMED,"no WHO snapshot for these L4s"
2168530,CONFIRMED,"L4 in WHO snapshot"
583282,UNCONFIRMED,"no WHO snapshot for these L4s"
1117570,GAP,"no L5 codes"
313246,UNCONFIRMED,"no WHO snapshot for these L4s"
858778,CONFIRMED,"L4 in WHO snapshot"
1807546,UNCONFIRMED,"no WHO snapshot for these L4s"
1866214,GAP,"resolver status RETIRED_NO_REMAP"
1537198,GAP,"resolver status L4_ONLY"
1293286,GAP,"resolver status RETIRED_NO_REMAP"
1294342,UNCONFIRMED,"no WHO snapshot for these L4s"
1363510,UNCONFIRMED,"no WHO snapshot for these L4s"
1424386,UNCONFIRMED,"no WHO snapshot for these L4s"
1655062,UNCONFIRMED,"no WHO snapshot for these L4s"
1737334,GAP,"resolver status RETIRED_NO_REMAP"
1243786,UNCONFIRMED,"no WHO snapshot for these L4s"
727822,UNCONFIRMED,"no WHO snapshot for these L4s"
798430,GAP,"no L5 codes"
904786,UNCONFIRMED,"no WHO snapshot for these L4s"
992770,UNCONFIRMED,"no WHO snapshot for these L4s"
882550,GAP,"resolver status L4_ONLY"
861226,GAP,"resolver status L4_ONLY"
618670,GAP,"resolver status L4_ONLY"
308914,UNCONFIRMED,"no WHO snapshot for these L4s"
2001430,CONFIRMED,"L4 in WHO snapshot"
1995466,UNCONFIRMED,"no WHO snapshot for these L4s"
800662,UNCONFIRMED,"no WHO snapshot for these L4s"
205534,UNCONFIRMED,"no WHO snapshot for these L4s"
1095682,GAP,"resolver status L4_ONLY"
204466,UNCONFIRMED,"no WHO snapshot for these L4s"
1012354,UNCONFIRMED,"no WHO snapshot for these L4s"
261214,GAP,"resolver status RETIRED_NO_REMAP"
1668250,UNCONFIRMED,"no WHO snapshot for these L4s"
1014454,GAP,"resolver status RETIRED_NO_REMAP"
824590,GAP,"resolver status L4_ONLY"
849490,GAP,"no L5 codes"
1091626,UNCONFIRMED,"no WHO snapshot for these L4s"
422998,UNCONFIRMED,"no WHO snapshot for these L4s"
1043662,UNCONFIRMED,"no WHO snapshot for these L4s"
1045354,UNCONFIRMED,"no WHO snapshot for these L4s"
603646,UNCONFIRMED,"no WHO snapshot for these L4s"
2171002,GAP,"resolver status L4_ONLY"
244642,GAP,"no L5 codes"
2003662,GAP,"resolver status L4_ONLY"
1049110,UNCONFIRMED,"no WHO snapshot for these L4s"
1739866,GAP,"resolver status RETIRED_NO_REMAP"
1424374,UNCONFIRMED,"no WHO snapshot for these L4s"
1805278,UNCONFIRMED,"no WHO snapshot for these L4s"
1243498,GAP,"resolver status RETIRED_NO_REMAP"
1300294,UNCONFIRMED,"no WHO snapshot for these L4s"
1357930,GAP,"resolver status RETIRED_NO_REMAP"
207850,UNCONFIRMED,"no WHO snapshot for these L4s"
1992526,GAP,"resolver status L4_ONLY"
656866,UNCONFIRMED,"no WHO snapshot for these L4s"
636106,GAP,"resolver status L4_ONLY"
891178,UNCONFIRMED,"no WHO snapshot for these L4s"
2000686,GAP,"resolver status L4_ONLY"
207334,UNCONFIRMED,"no WHO snapshot for these L4s"
856942,CONFIRMED,"L4 in WHO snapshot"
213538,UNCONFIRMED,"no WHO snapshot for these L4s"
1046842,GAP,"resolver status RETIRED_NO_REMAP"
259090,GAP,"no L5 codes"
1660690,UNCONFIRMED,"no WHO snapshot for these L4s"
1085638,UNCONFIRMED,"no WHO snapshot for these L4s"
315214,UNCONFIRMED,"no WHO snapshot for these L4s"
999946,UNCONFIRMED,"no WHO snapshot for these L4s"
314002,UNCONFIRMED,"no WHO snapshot for these L4s"
831274,UNCONFIRMED,"no WHO snapshot for these L4s"
2122270,GAP,"resolver status RETIRED_NO_REMAP"
545074,UNCONFIRMED,"no WHO snapshot for these L4s"
259870,GAP,"resolver status L4_ONLY"
1656634,UNCONFIRMED,"no WHO snapshot for these L4s"
1086634,UNCONFIRMED,"no WHO snapshot for these L4s"
545278,UNCONFIRMED,"no WHO snapshot for these L4s"
1090054,UNCONFIRMED,"no WHO snapshot for these L4s"
1011646,GAP,"resolver status L4_ONLY"
1307998,UNCONFIRMED,"no WHO snapshot for these L4s"
1807630,UNCONFIRMED,"no WHO snapshot for these L4s"
1357894,GAP,"resolver status L4_ONLY"
1375978,UNCONFIRMED,"no WHO snapshot for these L4s"
1425970,GAP,"resolver status RETIRED_NO_REMAP"
1426606,UNCONFIRMED,"no WHO snapshot for these L4s"
1425118,UNCONFIRMED,"no WHO snapshot for these L4s"
1535506,UNCONFIRMED,"no WHO snapshot for these L4s"
1293634,GAP,"resolver status L4_ONLY"
1303330,GAP,"resolver status RETIRED_NO_REMAP"
308290,CONFIRMED,"L4 in WHO snapshot"
310858,UNCONFIRMED,"no WHO snapshot for these L4s"
312058,UNCONFIRMED,"no WHO snapshot for these L4s"
1090522,GAP,"resolver status L4_ONLY"
348622,GAP,"resolver status L4_ONLY"
359938,UNCONFIRMED,"no WHO snapshot for these L4s"
860914,GAP,"resolver status L4_ONLY"
1087798,UNCONFIRMED,"no WHO snapshot for these L4s"
313966,UNCONFIRMED,"no WHO snapshot for these L4s"
2048002,UNCONFIRMED,"no WHO snapshot for these L4s"
995026,UNCONFIRMED,"no WHO snapshot for these L4s"
213694,UNCONFIRMED,"no WHO snapshot for these L4s"
2167750,GAP,"resolver status L4_ONLY"
1116454,UNCONFIRMED,"no WHO snapshot for these L4s"
417994,GAP,"no L5 codes"
102250,UNCONFIRMED,"no WHO snapshot for these L4s"
1723750,UNCONFIRMED,"no WHO snapshot for these L4s"
311422,UNCONFIRMED,"no WHO snapshot for these L4s"
206074,UNCONFIRMED,"no WHO snapshot for these L4s"
346966,UNCONFIRMED,"no WHO snapshot for these L4s"
2173930,UNCONFIRMED,"no WHO snapshot for these L4s"
857410,UNCONFIRMED,"no WHO snapshot for these L4s"
546310,GAP,"resolver status RETIRED_NO_REMAP"
1046266,GAP,"resolver status L4_ONLY"
206962,UNCONFIRMED,"no WHO snapshot for these L4s"
208318,UNCONFIRMED,"no WHO snapshot for these L4s"
209062,UNCONFIRMED,"no WHO snapshot for these L4s"
1046254,UNCONFIRMED,"no WHO snapshot for these L4s"
1923430,UNCONFIRMED,"no WHO snapshot for these L4s"
1244146,GAP,"resolver status L4_ONLY"
1244638,UNCONFIRMED,"no WHO snapshot for these L4s"
1251334,UNCONFIRMED,"no WHO snapshot for these L4s"
1293874,GAP,"resolver status L4_ONLY"
1431682,GAP,"resolver status L4_ONLY"
1810270,GAP,"resolver status L4_ONLY"
1294330,GAP,"resolver status L4_ONLY"
1540246,GAP,"resolver status L4_ONLY"
1727722,GAP,"resolver status RETIRED_NO_REMAP"
668566,UNCONFIRMED,"no WHO snapshot for these L4s"
642346,GAP,"no L5 codes"
746686,UNCONFIRMED,"no WHO snapshot for these L4s"
892798,UNCONFIRMED,"no WHO snapshot for these L4s"
866506,UNCONFIRMED,"no WHO snapshot for these L4s"
308206,UNCONFIRMED,"no WHO snapshot for these L4s"
668350,UNCONFIRMED,"no WHO snapshot for these L4s"
763474,UNCONFIRMED,"no WHO snapshot for these L4s"
312010,UNCONFIRMED,"no WHO snapshot for these L4s"
762970,GAP,"resolver status L4_ONLY"
198466,UNCONFIRMED,"no WHO snapshot for these L4s"
6574,GAP,"no L5 codes"
762334,UNCONFIRMED,"no WHO snapshot for these L4s"
205918,GAP,"no L5 codes"
198490,UNCONFIRMED,"no WHO snapshot for these L4s"
2178934,CONFIRMED,"L4 in WHO snapshot"
351706,GAP,"resolver status L4_ONLY"
1149658,UNCONFIRMED,"no WHO snapshot for these L4s"
857734,UNCONFIRMED,"no WHO snapshot for these L4s"
1044910,UNCONFIRMED,"no WHO snapshot for these L4s"
1117090,GAP,"resolver status L4_ONLY"
1038754,UNCONFIRMED,"no WHO snapshot for these L4s"
1011766,UNCONFIRMED,"no WHO snapshot for these L4s"
207214,UNCONFIRMED,"no WHO snapshot for these L4s"
212218,GAP,"no L5 codes"
1011814,GAP,"resolver status L4_ONLY"
616798,UNCONFIRMED,"no WHO snapshot for these L4s"
1092454,UNCONFIRMED,"no WHO snapshot for these L4s"
616918,UNCONFIRMED,"no WHO snapshot for these L4s"
1737562,UNCONFIRMED,"no WHO snapshot for these L4s"
1799890,GAP,"no L5 codes"
1246618,GAP,"resolver status RETIRED_NO_REMAP"
1424446,GAP,"resolver status RETIRED_NO_REMAP"
1487770,UNCONFIRMED,"no WHO snapshot for these L4s"
1546702,GAP,"resolver status RETIRED_NO_REMAP"
1297354,UNCONFIRMED,"no WHO snapshot for these L4s"
1370758,UNCONFIRMED,"no WHO snapshot for these L4s"
1600378,GAP,"resolver status RETIRED_NO_REMAP"
1310062,UNCONFIRMED,"no WHO snapshot for these L4s"
1860466,UNCONFIRMED,"no WHO snapshot for these L4s"
1245946,GAP,"no L5 codes"
96058,UNCONFIRMED,"no WHO snapshot for these L4s"
313450,UNCONFIRMED,"no WHO snapshot for these L4s"
881350,UNCONFIRMED,"no WHO snapshot for these L4s"
806374,GAP,"resolver status RETIRED_NO_REMAP"
1998442,GAP,"resolver status L4_ONLY"
207142,UNCONFIRMED,"no WHO snapshot for these L4s"
857002,CONFIRMED,"L4 in WHO snapshot"
1094734,GAP,"resolver status RETIRED_NO_REMAP"
1046602,UNCONFIRMED,"no WHO snapshot for these L4s"
247138,UNCONFIRMED,"no WHO snapshot for these L4s"
859150,UNCONFIRMED,"no WHO snapshot for these L4s"
314122,UNCONFIRMED,"no WHO snapshot for these L4s"
308650,CONFIRMED,"L4 in WHO snapshot"
1085686,UNCONFIRMED,"no WHO snapshot for these L4s"
1747294,UNCONFIRMED,"no WHO snapshot for these L4s"
1098490,UNCONFIRMED,"no WHO snapshot for these L4s"
2184166,UNCONFIRMED,"no WHO snapshot for these L4s"
1244950,GAP,"resolver status L4_ONLY"
1300438,GAP,"resolver status L4_ONLY"
1360954,GAP,"resolver status L4_ONLY"
1362058,UNCONFIRMED,"no WHO snapshot for these L4s"
1549474,GAP,"resolver status L4_ONLY"
1426594,GAP,"resolver status L4_ONLY"
1867618,GAP,"resolver status L4_ONLY"
1368022,GAP,"no L5 codes"
1425418,UNCONFIRMED,"no WHO snapshot for these L4s"
312454,GAP,"resolver status L4_ONLY"
1997458,UNCONFIRMED,"no WHO snapshot for these L4s"
308374,UNCONFIRMED,"no WHO snapshot for these L4s"
343030,UNCONFIRMED,"no WHO snapshot for these L4s"
2054170,GAP,"no L5 codes"
359278,UNCONFIRMED,"no WHO snapshot for these L4s"
746746,UNCONFIRMED,"no WHO snapshot for these L4s"
1088146,GAP,"resolver status L4_ONLY"
1233850,UNCONFIRMED,"no WHO snapshot for these L4s"
562654,UNCONFIRMED,"no WHO snapshot for these L4s"
597730,CONFIRMED,"L4 in WHO snapshot"
1049182,UNCONFIRMED,"no WHO snapshot for these L4s"
1085614,UNCONFIRMED,"no WHO snapshot for these L4s"
577378,UNCONFIRMED,"no WHO snapshot for these L4s"
318202,UNCONFIRMED,"no WHO snapshot for these L4s"
996202,GAP,"resolver status L4_ONLY"
309286,UNCONFIRMED,"no WHO snapshot for these L4s"
1039942,UNCONFIRMED,"no WHO snapshot for these L4s"
242446,UNCONFIRMED,"no WHO snapshot for these L4s"
1047766,UNCONFIRMED,"no WHO snapshot for these L4s"
1720258,GAP,"resolver status L4_ONLY"
1994362,UNCONFIRMED,"no WHO snapshot for these L4s"
1234882,UNCONFIRMED,"no WHO snapshot for these L4s"
1808194,UNCONFIRMED,"no WHO snapshot for these L4s"
1868494,UNCONFIRMED,"no WHO snapshot for these L4s"
1359154,GAP,"resolver status L4_ONLY"
1370026,CONFIRMED,"L4 in WHO snapshot"
1244014,GAP,"no L5 codes"
1371202,GAP,"resolver status RETIRED_NO_REMAP"
1427002,UNCONFIRMED,"no WHO snapshot for these L4s"
1870294,GAP,"resolver status RETIRED_NO_REMAP"
1942846,GAP,"no L5 codes"
1358506,UNCONFIRMED,"no WHO snapshot for these L4s"
757594,UNCONFIRMED,"no WHO snapshot for these L4s"
2049454,GAP,"resolver status RETIRED_NO_REMAP"
204874,GAP,"resolver status L4_ONLY"
628918,UNCONFIRMED,"no WHO snapshot for these L4s"
705166,UNCONFIRMED,"no WHO snapshot for these L4s"
701734,UNCONFIRMED,"no WHO snapshot for these L4s"
310882,UNCONFIRMED,"no WHO snapshot for these L4s"
313630,UNCONFIRMED,"no WHO snapshot for these L4s"
309502,UNCONFIRMED,"no WHO snapshot for these L4s"
1000126,UNCONFIRMED,"no WHO snapshot for these L4s"
1045558,UNCONFIRMED,"no WHO snapshot for these L4s"
831718,UNCONFIRMED,"no WHO snapshot for these L4s"
836374,UNCONFIRMED,"no WHO snapshot for these L4s"
1797874,UNCONFIRMED,"no WHO snapshot for these L4s"
2055286,GAP,"no L5 codes"
208330,UNCONFIRMED,"no WHO snapshot for these L4s"
1796710,GAP,"resolver status RETIRED_NO_REMAP"
1809034,GAP,"no L5 codes"
1421626,GAP,"resolver status RETIRED_NO_REMAP"
1423246,UNCONFIRMED,"no WHO snapshot for these L4s"
1491562,UNCONFIRMED,"no WHO snapshot for these L4s"
1923622,GAP,"resolver status RETIRED_NO_REMAP"
1543162,UNCONFIRMED,"no WHO snapshot for these L4s"
1494826,GAP,"resolver status L4_ONLY"
1651282,GAP,"resolver status RETIRED_NO_REMAP"
1596010,UNCONFIRMED,"no WHO snapshot for these L4s"
644134,UNCONFIRMED,"no WHO snapshot for these L4s"
308662,UNCONFIRMED,"no WHO snapshot for these L4s"
1992418,GAP,"no L5 codes"
313714,GAP,"no L5 codes"
864010,GAP,"no L5 codes"
897298,UNCONFIRMED,"no WHO snapshot for these L4s"
94462,GAP,"resolver status RETIRED_NO_REMAP"
1986382,GAP,"resolver status L4_ONLY"
205906,UNCONFIRMED,"no WHO snapshot for these L4s"
205714,UNCONFIRMED,"no WHO snapshot for these L4s"
2049286,UNCONFIRMED,"no WHO snapshot for these L4s"
979318,UNCONFIRMED,"no WHO snapshot for these L4s"
315094,UNCONFIRMED,"no WHO snapshot for these L4s"
1087678,GAP,"resolver status L4_ONLY"
211822,UNCONFIRMED,"no WHO snapshot for these L4s"
1101754,GAP,"resolver status L4_ONLY"
544438,UNCONFIRMED,"no WHO snapshot for these L4s"
1020142,GAP,"resolver status RETIRED_NO_REMAP"
1045366,UNCONFIRMED,"no WHO snapshot for these L4s"
212086,UNCONFIRMED,"no WHO snapshot for these L4s"
2168014,UNCONFIRMED,"no WHO snapshot for these L4s"
616762,UNCONFIRMED,"no WHO snapshot for these L4s"
105226,UNCONFIRMED,"no WHO snapshot for these L4s"
1654858,UNCONFIRMED,"no WHO snapshot for these L4s"
359050,UNCONFIRMED,"no WHO snapshot for these L4s"
847186,GAP,"resolver status RETIRED_NO_REMAP"
309910,UNCONFIRMED,"no WHO snapshot for these L4s"
210346,GAP,"resolver status L4_ONLY"
1150114,UNCONFIRMED,"no WHO snapshot for these L4s"
858094,UNCONFIRMED,"no WHO snapshot for these L4s"
1049254,UNCONFIRMED,"no WHO snapshot for these L4s"
283342,UNCONFIRMED,"no WHO snapshot for these L4s"
1655506,UNCONFIRMED,"no WHO snapshot for these L4s"
1721266,UNCONFIRMED,"no WHO snapshot for these L4s"
1721530,UNCONFIRMED,"no WHO snapshot for these L4s"
485818,GAP,"resolver status L4_ONLY"
1801282,UNCONFIRMED,"no WHO snapshot for these L4s"
2101534,UNCONFIRMED,"no WHO snapshot for these L4s"
1812262,UNCONFIRMED,"no WHO snapshot for these L4s"
1868482,UNCONFIRMED,"no WHO snapshot for these L4s"
1237066,UNCONFIRMED,"no WHO snapshot for these L4s"
1493170,UNCONFIRMED,"no WHO snapshot for these L4s"
1811470,UNCONFIRMED,"no WHO snapshot for these L4s"
1547926,UNCONFIRMED,"no WHO snapshot for these L4s"
197530,UNCONFIRMED,"no WHO snapshot for these L4s"
1242406,GAP,"resolver status L4_ONLY"
1361050,GAP,"resolver status RETIRED_NO_REMAP"
1364278,UNCONFIRMED,"no WHO snapshot for these L4s"
1485610,UNCONFIRMED,"no WHO snapshot for these L4s"
1543006,GAP,"resolver status L4_ONLY"
745294,UNCONFIRMED,"no WHO snapshot for these L4s"
759742,UNCONFIRMED,"no WHO snapshot for these L4s"
705214,GAP,"resolver status RETIRED_NO_REMAP"
200350,CONFIRMED,"L4 in WHO snapshot"
996958,CONFIRMED,"L4 in WHO snapshot"
902614,UNCONFIRMED,"no WHO snapshot for these L4s"
93370,UNCONFIRMED,"no WHO snapshot for these L4s"
309694,UNCONFIRMED,"no WHO snapshot for these L4s"
860926,UNCONFIRMED,"no WHO snapshot for these L4s"
853618,UNCONFIRMED,"no WHO snapshot for these L4s"
2122366,GAP,"resolver status RETIRED_NO_REMAP"
544138,GAP,"resolver status RETIRED_NO_REMAP"
539410,CONFIRMED,"L4 in WHO snapshot"
804754,UNCONFIRMED,"no WHO snapshot for these L4s"
2122762,GAP,"resolver status RETIRED_NO_REMAP"
106234,GAP,"resolver status L4_ONLY"
307750,UNCONFIRMED,"no WHO snapshot for these L4s"
1043446,UNCONFIRMED,"no WHO snapshot for these L4s"
1086022,GAP,"no L5 codes"
800410,UNCONFIRMED,"no WHO snapshot for these L4s"
1242502,CONFIRMED,"L4 in WHO snapshot"
1542994,GAP,"resolver status L4_ONLY"
1494046,UNCONFIRMED,"no WHO snapshot for these L4s"
1251274,UNCONFIRMED,"no WHO snapshot for these L4s"
1430050,UNCONFIRMED,"no WHO snapshot for these L4s"
1601386,UNCONFIRMED,"no WHO snapshot for these L4s"
1652638,GAP,"resolver status L4_ONLY"
1991422,UNCONFIRMED,"no WHO snapshot for these L4s"
731590,UNCONFIRMED,"no WHO snapshot for these L4s"
206026,UNCONFIRMED,"no WHO snapshot for these L4s"
966562,UNCONFIRMED,"no WHO snapshot for these L4s"
861526,UNCONFIRMED,"no WHO snapshot for these L4s"
890854,CONFIRMED,"L4 in WHO snapshot"
311950,UNCONFIRMED,"no WHO snapshot for these L4s"
379186,GAP,"resolver status RETIRED_NO_REMAP"
211114,UNCONFIRMED,"no WHO snapshot for these L4s"
2173678,UNCONFIRMED,"no WHO snapshot for these L4s"
578806,GAP,"resolver status L4_ONLY"
1012066,UNCONFIRMED,"no WHO snapshot for these L4s"
801442,GAP,"resolver status L4_ONLY"
808354,UNCONFIRMED,"no WHO snapshot for these L4s"
2102470,GAP,"no L5 codes"
1111750,GAP,"resolver status L4_ONLY"
431806,UNCONFIRMED,"no WHO snapshot for these L4s"
1665370,UNCONFIRMED,"no WHO snapshot for these L4s"
1673242,GAP,"resolver status L4_ONLY"
1721014,UNCONFIRMED,"no WHO snapshot for these L4s"
199078,UNCONFIRMED,"no WHO snapshot for these L4s"
1234990,CONFIRMED,"L4 in WHO snapshot"
1741762,GAP,"resolver status RETIRED_NO_REMAP"
1245406,UNCONFIRMED,"no WHO snapshot for these L4s"
1422886,GAP,"resolver status RETIRED_NO_REMAP"
1291090,UNCONFIRMED,"no WHO snapshot for these L4s"
197374,UNCONFIRMED,"no WHO snapshot for these L4s"
1310494,GAP,"resolver status RETIRED_NO_REMAP"
1552450,GAP,"resolver status L4_ONLY"
1367206,GAP,"resolver status L4_ONLY"
891706,GAP,"resolver status L4_ONLY"
205810,UNCONFIRMED,"no WHO snapshot for these L4s"
966538,UNCONFIRMED,"no WHO snapshot for these L4s"
1088950,UNCONFIRMED,"no WHO snapshot for these L4s"
877318,GAP,"resolver status L4_ONLY"
1087414,GAP,"resolver status L4_ONLY"
755974,GAP,"resolver status RETIRED_NO_REMAP"
310102,UNCONFIRMED,"no WHO snapshot for these L4s"
1086838,GAP,"resolver status L4_ONLY"
753562,GAP,"resolver status L4_ONLY"
308878,GAP,"resolver status RETIRED_NO_REMAP"
309598,UNCONFIRMED,"no WHO snapshot for these L4s"
2120914,UNCONFIRMED,"no WHO snapshot for these L4s"
2166094,GAP,"resolver status L4_ONLY"
1039078,UNCONFIRMED,"no WHO snapshot for these L4s"
1659598,CONFIRMED,"L4 in WHO snapshot"
1795150,GAP,"resolver status L4_ONLY"
1039702,UNCONFIRMED,"no WHO snapshot for these L4s"
1053262,GAP,"resolver status RETIRED_NO_REMAP"
1876810,UNCONFIRMED,"no WHO snapshot for these L4s"
1248142,GAP,"resolver status L4_ONLY"
1250494,UNCONFIRMED,"no WHO snapshot for these L4s"
1292998,UNCONFIRMED,"no WHO snapshot for these L4s"
1357402,GAP,"resolver status L4_ONLY"
1362082,UNCONFIRMED,"no WHO snapshot for these L4s"
1304110,GAP,"resolver status RETIRED_NO_REMAP"
1304566,GAP,"resolver status L4_ONLY"
1547998,UNCONFIRMED,"no WHO snapshot for these L4s"
801574,UNCONFIRMED,"no WHO snapshot for these L4s"
899866,GAP,"resolver status L4_ONLY"
1086970,GAP,"resolver status L4_ONLY"
313414,UNCONFIRMED,"no WHO snapshot for these L4s"
802762,GAP,"resolver status L4_ONLY"
1093102,UNCONFIRMED,"no WHO snapshot for these L4s"
1120066,GAP,"resolver status RETIRED_NO_REMAP"
1148398,UNCONFIRMED,"no WHO snapshot for these L4s"
308110,UNCONFIRMED,"no WHO snapshot for these L4s"
1658254,CONFIRMED,"L4 in WHO snapshot"
809602,GAP,"resolver status L4_ONLY"
209686,UNCONFIRMED,"no WHO snapshot for these L4s"
211294,UNCONFIRMED,"no WHO snapshot for these L4s"
213442,GAP,"resolver status L4_ONLY"
2176462,UNCONFIRMED,"no WHO snapshot for these L4s"
205618,UNCONFIRMED,"no WHO snapshot for these L4s"
542086,GAP,"resolver status RETIRED_NO_REMAP"
1012006,UNCONFIRMED,"no WHO snapshot for these L4s"
1085746,UNCONFIRMED,"no WHO snapshot for these L4s"
1085734,UNCONFIRMED,"no WHO snapshot for these L4s"
1249738,GAP,"resolver status RETIRED_NO_REMAP"
1305766,UNCONFIRMED,"no WHO snapshot for these L4s"
1364854,GAP,"resolver status L4_ONLY"
1371298,UNCONFIRMED,"no WHO snapshot for these L4s"
1423702,GAP,"resolver status L4_ONLY"
1300378,GAP,"resolver status L4_ONLY"
1534846,UNCONFIRMED,"no WHO snapshot for these L4s"
1372546,UNCONFIRMED,"no WHO snapshot for these L4s"
999826,GAP,"resolver status L4_ONLY"
990982,UNCONFIRMED,"no WHO snapshot for these L4s"
1087774,UNCONFIRMED,"no WHO snapshot for these L4s"
309466,CONFIRMED,"L4 in WHO snapshot"
749854,UNCONFIRMED,"no WHO snapshot for these L4s"
861958,UNCONFIRMED,"no WHO snapshot for these L4s"
359542,GAP,"resolver status L4_ONLY"
803062,UNCONFIRMED,"no WHO snapshot for these L4s"
995110,GAP,"resolver status L4_ONLY"
1099774,GAP,"resolver status L4_ONLY"
404710,UNCONFIRMED,"no WHO snapshot for these L4s"
1012150,UNCONFIRMED,"no WHO snapshot for these L4s"
1038982,UNCONFIRMED,"no WHO snapshot for these L4s"
1043074,UNCONFIRMED,"no WHO snapshot for these L4s"
1048366,UNCONFIRMED,"no WHO snapshot for these L4s"
1048126,UNCONFIRMED,"no WHO snapshot for these L4s"
1085998,UNCONFIRMED,"no WHO snapshot for these L4s"
1087438,GAP,"resolver status L4_ONLY"
829390,GAP,"resolver status RETIRED_NO_REMAP"
359962,GAP,"resolver status L4_ONLY"
544666,UNCONFIRMED,"no WHO snapshot for these L4s"
1049218,CONFIRMED,"L4 in WHO snapshot"
260494,UNCONFIRMED,"no WHO snapshot for these L4s"
1809670,GAP,"no L5 codes"
1293706,CONFIRMED,"L4 in WHO snapshot"
1298326,GAP,"resolver status RETIRED_NO_REMAP"
1421878,UNCONFIRMED,"no WHO snapshot for these L4s"
1298422,GAP,"resolver status RETIRED_NO_REMAP"
1300210,GAP,"resolver status RETIRED_NO_REMAP"
1809502,GAP,"no L5 codes"
1251574,UNCONFIRMED,"no WHO snapshot for these L4s"
1536862,GAP,"resolver status L4_ONLY"
1648510,UNCONFIRMED,"no WHO snapshot for these L4s"
1598050,UNCONFIRMED,"no WHO snapshot for these L4s"
1591942,CONFIRMED,"L4 in WHO snapshot"
1597378,CONFIRMED,"L4 in WHO snapshot"
1664314,CONFIRMED,"L4 in WHO snapshot"
2627650,UNCONFIRMED,"no WHO snapshot for these L4s"
2700742,UNCONFIRMED,"no WHO snapshot for these L4s"
2712058,UNCONFIRMED,"no WHO snapshot for these L4s"
103990,CONFIRMED,"L4 in WHO snapshot"
1648786,UNCONFIRMED,"no WHO snapshot for these L4s"
1487518,GAP,"no L5 codes"
1790638,UNCONFIRMED,"no WHO snapshot for these L4s"
1547650,UNCONFIRMED,"no WHO snapshot for these L4s"
705022,UNCONFIRMED,"no WHO snapshot for these L4s"
10762,UNCONFIRMED,"no WHO snapshot for these L4s"
108118,UNCONFIRMED,"no WHO snapshot for these L4s"
2377378,GAP,"resolver status RETIRED_NO_REMAP"
3538,UNCONFIRMED,"no WHO snapshot for these L4s"
977434,UNCONFIRMED,"no WHO snapshot for these L4s"
308915,UNCONFIRMED,"no WHO snapshot for these L4s"
308843,UNCONFIRMED,"no WHO snapshot for these L4s"
687443,GAP,"resolver status L4_ONLY"
198707,UNCONFIRMED,"no WHO snapshot for these L4s"
860807,UNCONFIRMED,"no WHO snapshot for these L4s"
707207,UNCONFIRMED,"no WHO snapshot for these L4s"
895883,UNCONFIRMED,"no WHO snapshot for these L4s"
905087,GAP,"resolver status RETIRED_NO_REMAP"
312887,GAP,"no L5 codes"
375503,GAP,"resolver status RETIRED_NO_REMAP"
206975,UNCONFIRMED,"no WHO snapshot for these L4s"
745679,UNCONFIRMED,"no WHO snapshot for these L4s"
749159,UNCONFIRMED,"no WHO snapshot for these L4s"
1094891,UNCONFIRMED,"no WHO snapshot for these L4s"
1112255,GAP,"resolver status RETIRED_NO_REMAP"
1047791,GAP,"resolver status L4_ONLY"
351875,UNCONFIRMED,"no WHO snapshot for these L4s"
801923,GAP,"resolver status L4_ONLY"
2178275,UNCONFIRMED,"no WHO snapshot for these L4s"
857111,CONFIRMED,"L4 in WHO snapshot"
1037039,UNCONFIRMED,"no WHO snapshot for these L4s"
1723991,UNCONFIRMED,"no WHO snapshot for these L4s"
577391,GAP,"resolver status L4_ONLY"
602759,GAP,"resolver status RETIRED_NO_REMAP"
252551,UNCONFIRMED,"no WHO snapshot for these L4s"
1356803,GAP,"resolver status L4_ONLY"
1599815,UNCONFIRMED,"no WHO snapshot for these L4s"
1797059,GAP,"no L5 codes"
1375115,UNCONFIRMED,"no WHO snapshot for these L4s"
1439915,UNCONFIRMED,"no WHO snapshot for these L4s"
1485215,UNCONFIRMED,"no WHO snapshot for these L4s"
1549403,UNCONFIRMED,"no WHO snapshot for these L4s"
1298435,GAP,"no L5 codes"
1359107,GAP,"resolver status L4_ONLY"
1809671,GAP,"no L5 codes"
308207,UNCONFIRMED,"no WHO snapshot for these L4s"
994007,UNCONFIRMED,"no WHO snapshot for these L4s"
629699,UNCONFIRMED,"no WHO snapshot for these L4s"
312215,UNCONFIRMED,"no WHO snapshot for these L4s"
309695,UNCONFIRMED,"no WHO snapshot for these L4s"
2054159,UNCONFIRMED,"no WHO snapshot for these L4s"
198455,UNCONFIRMED,"no WHO snapshot for these L4s"
211919,UNCONFIRMED,"no WHO snapshot for these L4s"
1098911,GAP,"resolver status L4_ONLY"
486515,UNCONFIRMED,"no WHO snapshot for these L4s"
807347,GAP,"resolver status RETIRED_NO_REMAP"
312287,UNCONFIRMED,"no WHO snapshot for these L4s"
1087607,GAP,"resolver status L4_ONLY"
1999991,CONFIRMED,"L4 in WHO snapshot"
809819,UNCONFIRMED,"no WHO snapshot for these L4s"
1119551,GAP,"resolver status L4_ONLY"
1053323,GAP,"resolver status RETIRED_NO_REMAP"
261167,GAP,"resolver status RETIRED_NO_REMAP"
284051,UNCONFIRMED,"no WHO snapshot for these L4s"
1667915,UNCONFIRMED,"no WHO snapshot for these L4s"
2176259,UNCONFIRMED,"no WHO snapshot for these L4s"
1235591,UNCONFIRMED,"no WHO snapshot for these L4s"
210299,GAP,"no L5 codes"
1049111,UNCONFIRMED,"no WHO snapshot for these L4s"
1314479,UNCONFIRMED,"no WHO snapshot for these L4s"
1547771,UNCONFIRMED,"no WHO snapshot for these L4s"
1549559,UNCONFIRMED,"no WHO snapshot for these L4s"
1359455,GAP,"resolver status L4_ONLY"
1423307,GAP,"resolver status L4_ONLY"
1358627,GAP,"resolver status L4_ONLY"
1241471,GAP,"resolver status L4_ONLY"
1428983,GAP,"resolver status RETIRED_NO_REMAP"
797951,UNCONFIRMED,"no WHO snapshot for these L4s"
204647,GAP,"resolver status NO_ATC"
998471,UNCONFIRMED,"no WHO snapshot for these L4s"
701627,GAP,"resolver status L4_ONLY"
308759,GAP,"resolver status RETIRED_NO_REMAP"
995195,UNCONFIRMED,"no WHO snapshot for these L4s"
997523,UNCONFIRMED,"no WHO snapshot for these L4s"
998183,UNCONFIRMED,"no WHO snapshot for these L4s"
359939,UNCONFIRMED,"no WHO snapshot for these L4s"
2003255,CONFIRMED,"L4 in WHO snapshot"
314903,CONFIRMED,"L4 in WHO snapshot"
1094831,UNCONFIRMED,"no WHO snapshot for these L4s"
1232651,UNCONFIRMED,"no WHO snapshot for these L4s"
860435,UNCONFIRMED,"no WHO snapshot for these L4s"
1043399,UNCONFIRMED,"no WHO snapshot for these L4s"
308111,UNCONFIRMED,"no WHO snapshot for these L4s"
1088447,GAP,"resolver status L4_ONLY"
800915,CONFIRMED,"L4 in WHO snapshot"
349115,UNCONFIRMED,"no WHO snapshot for these L4s"
1013939,UNCONFIRMED,"no WHO snapshot for these L4s"
105395,UNCONFIRMED,"no WHO snapshot for these L4s"
252215,UNCONFIRMED,"no WHO snapshot for these L4s"
603203,UNCONFIRMED,"no WHO snapshot for these L4s"
240707,UNCONFIRMED,"no WHO snapshot for these L4s"
1087919,UNCONFIRMED,"no WHO snapshot for these L4s"
1094015,GAP,"resolver status L4_ONLY"
579443,UNCONFIRMED,"no WHO snapshot for these L4s"
1809035,GAP,"resolver status RETIRED_NO_REMAP"
1869047,UNCONFIRMED,"no WHO snapshot for these L4s"
1236419,GAP,"resolver status L4_ONLY"
1424219,GAP,"no L5 codes"
1876619,GAP,"resolver status RETIRED_NO_REMAP"
1537019,GAP,"resolver status L4_ONLY"
617339,CONFIRMED,"L4 in WHO snapshot"
702503,UNCONFIRMED,"no WHO snapshot for these L4s"
749855,UNCONFIRMED,"no WHO snapshot for these L4s"
1995011,UNCONFIRMED,"no WHO snapshot for these L4s"
725027,GAP,"resolver status RETIRED_NO_REMAP"
377519,GAP,"no L5 codes"
2049407,UNCONFIRMED,"no WHO snapshot for these L4s"
999803,UNCONFIRMED,"no WHO snapshot for these L4s"
1012835,GAP,"resolver status RETIRED_NO_REMAP"
1048307,GAP,"resolver status L4_ONLY"
261119,UNCONFIRMED,"no WHO snapshot for these L4s"
1660175,GAP,"resolver status RETIRED_NO_REMAP"
1115831,UNCONFIRMED,"no WHO snapshot for these L4s"
248411,UNCONFIRMED,"no WHO snapshot for these L4s"
1188527,UNCONFIRMED,"no WHO snapshot for these L4s"
859091,UNCONFIRMED,"no WHO snapshot for these L4s"
1039391,UNCONFIRMED,"no WHO snapshot for these L4s"
1046963,UNCONFIRMED,"no WHO snapshot for these L4s"
2047247,UNCONFIRMED,"no WHO snapshot for these L4s"
800687,UNCONFIRMED,"no WHO snapshot for these L4s"
315239,UNCONFIRMED,"no WHO snapshot for these L4s"
1245275,UNCONFIRMED,"no WHO snapshot for these L4s"
1293311,UNCONFIRMED,"no WHO snapshot for these L4s"
1298255,UNCONFIRMED,"no WHO snapshot for these L4s"
1358843,UNCONFIRMED,"no WHO snapshot for these L4s"
1367315,UNCONFIRMED,"no WHO snapshot for these L4s"
1432283,GAP,"resolver status L4_ONLY"
1483223,UNCONFIRMED,"no WHO snapshot for these L4s"
1540235,UNCONFIRMED,"no WHO snapshot for these L4s"
1244723,GAP,"resolver status RETIRED_NO_REMAP"
1313987,CONFIRMED,"L4 in WHO snapshot"
1243415,GAP,"resolver status L4_ONLY"
1293491,GAP,"resolver status L4_ONLY"
1356815,GAP,"resolver status L4_ONLY"
1488047,UNCONFIRMED,"no WHO snapshot for these L4s"
1494827,GAP,"resolver status L4_ONLY"
1248011,UNCONFIRMED,"no WHO snapshot for these L4s"
1250471,GAP,"resolver status RETIRED_NO_REMAP"
631715,UNCONFIRMED,"no WHO snapshot for these L4s"
664799,UNCONFIRMED,"no WHO snapshot for these L4s"
351179,GAP,"no L5 codes"
861083,GAP,"resolver status L4_ONLY"
792623,GAP,"resolver status RETIRED_NO_REMAP"
308411,UNCONFIRMED,"no WHO snapshot for these L4s"
199055,UNCONFIRMED,"no WHO snapshot for these L4s"
211499,CONFIRMED,"L4 in WHO snapshot"
1098647,GAP,"resolver status L4_ONLY"
859031,UNCONFIRMED,"no WHO snapshot for these L4s"
1085771,UNCONFIRMED,"no WHO snapshot for these L4s"
244487,UNCONFIRMED,"no WHO snapshot for these L4s"
283223,GAP,"resolver status RETIRED_NO_REMAP"
244535,UNCONFIRMED,"no WHO snapshot for these L4s"
210347,GAP,"resolver status L4_ONLY"
2118539,GAP,"no L5 codes"
404507,GAP,"resolver status L4_ONLY"
1993067,UNCONFIRMED,"no WHO snapshot for these L4s"
996623,UNCONFIRMED,"no WHO snapshot for these L4s"
997415,GAP,"resolver status L4_ONLY"
832907,UNCONFIRMED,"no WHO snapshot for these L4s"
1665227,UNCONFIRMED,"no WHO snapshot for these L4s"
1667351,UNCONFIRMED,"no WHO snapshot for these L4s"
858875,UNCONFIRMED,"no WHO snapshot for these L4s"
805127,GAP,"no L5 codes"
857123,UNCONFIRMED,"no WHO snapshot for these L4s"
248279,GAP,"no L5 codes"
1802555,UNCONFIRMED,"no WHO snapshot for these L4s"
1243679,GAP,"resolver status L4_ONLY"
1310591,GAP,"resolver status RETIRED_NO_REMAP"
1860239,UNCONFIRMED,"no WHO snapshot for these L4s"
1429379,UNCONFIRMED,"no WHO snapshot for these L4s"
197735,UNCONFIRMED,"no WHO snapshot for these L4s"
1859375,GAP,"no L5 codes"
1801295,UNCONFIRMED,"no WHO snapshot for these L4s"
1653119,GAP,"resolver status RETIRED_NO_REMAP"
1440191,GAP,"no L5 codes"
753479,UNCONFIRMED,"no WHO snapshot for these L4s"
979415,UNCONFIRMED,"no WHO snapshot for these L4s"
809555,GAP,"resolver status L4_ONLY"
309767,UNCONFIRMED,"no WHO snapshot for these L4s"
205811,UNCONFIRMED,"no WHO snapshot for these L4s"
749759,UNCONFIRMED,"no WHO snapshot for these L4s"
208559,UNCONFIRMED,"no WHO snapshot for these L4s"
1095503,GAP,"resolver status L4_ONLY"
606947,GAP,"resolver status L4_ONLY"
615107,GAP,"resolver status L4_ONLY"
1012583,UNCONFIRMED,"no WHO snapshot for these L4s"
1020407,UNCONFIRMED,"no WHO snapshot for these L4s"
199091,UNCONFIRMED,"no WHO snapshot for these L4s"
208451,UNCONFIRMED,"no WHO snapshot for these L4s"
213275,UNCONFIRMED,"no WHO snapshot for these L4s"
582239,GAP,"resolver status RETIRED_NO_REMAP"
1000487,GAP,"resolver status L4_ONLY"
1729511,UNCONFIRMED,"no WHO snapshot for these L4s"
1000715,UNCONFIRMED,"no WHO snapshot for these L4s"
1011875,GAP,"resolver status L4_ONLY"
206399,GAP,"resolver status RETIRED_NO_REMAP"
213503,UNCONFIRMED,"no WHO snapshot for these L4s"
1241951,GAP,"resolver status RETIRED_NO_REMAP"
1312415,CONFIRMED,"L4 in WHO snapshot"
1921775,GAP,"resolver status RETIRED_NO_REMAP"
1248059,UNCONFIRMED,"no WHO snapshot for these L4s"
1299959,UNCONFIRMED,"no WHO snapshot for these L4s"
1367375,GAP,"no L5 codes"
700499,UNCONFIRMED,"no WHO snapshot for these L4s"
763115,GAP,"resolver status RETIRED_NO_REMAP"
313943,UNCONFIRMED,"no WHO snapshot for these L4s"
708071,GAP,"no L5 codes"
308303,CONFIRMED,"L4 in WHO snapshot"
308939,GAP,"resolver status L4_ONLY"
979379,UNCONFIRMED,"no WHO snapshot for these L4s"
979499,UNCONFIRMED,"no WHO snapshot for these L4s"
309911,UNCONFIRMED,"no WHO snapshot for these L4s"
200015,GAP,"resolver status L4_ONLY"
996959,CONFIRMED,"L4 in WHO snapshot"
312911,UNCONFIRMED,"no WHO snapshot for these L4s"
834131,UNCONFIRMED,"no WHO snapshot for these L4s"
211343,UNCONFIRMED,"no WHO snapshot for these L4s"
1114847,GAP,"resolver status L4_ONLY"
2106743,GAP,"no L5 codes"
2120195,UNCONFIRMED,"no WHO snapshot for these L4s"
1232135,GAP,"resolver status RETIRED_NO_REMAP"
859943,UNCONFIRMED,"no WHO snapshot for these L4s"
1012391,GAP,"resolver status L4_ONLY"
616787,UNCONFIRMED,"no WHO snapshot for these L4s"
859331,UNCONFIRMED,"no WHO snapshot for these L4s"
1011851,UNCONFIRMED,"no WHO snapshot for these L4s"
252971,UNCONFIRMED,"no WHO snapshot for these L4s"
1794887,GAP,"resolver status L4_ONLY"
1797515,GAP,"resolver status L4_ONLY"
1807631,UNCONFIRMED,"no WHO snapshot for these L4s"
197519,UNCONFIRMED,"no WHO snapshot for these L4s"
1241663,UNCONFIRMED,"no WHO snapshot for these L4s"
1244675,GAP,"resolver status L4_ONLY"
1294475,UNCONFIRMED,"no WHO snapshot for these L4s"
1307051,UNCONFIRMED,"no WHO snapshot for these L4s"
1364855,GAP,"resolver status L4_ONLY"
1942847,UNCONFIRMED,"no WHO snapshot for these L4s"
1736015,UNCONFIRMED,"no WHO snapshot for these L4s"
1300295,UNCONFIRMED,"no WHO snapshot for these L4s"
1492403,GAP,"resolver status L4_ONLY"
1600979,GAP,"resolver status RETIRED_NO_REMAP"
645923,UNCONFIRMED,"no WHO snapshot for these L4s"
992675,UNCONFIRMED,"no WHO snapshot for these L4s"
2002067,GAP,"resolver status RETIRED_NO_REMAP"
847343,UNCONFIRMED,"no WHO snapshot for these L4s"
212735,UNCONFIRMED,"no WHO snapshot for these L4s"
1010759,GAP,"resolver status L4_ONLY"
1041851,UNCONFIRMED,"no WHO snapshot for these L4s"
378167,UNCONFIRMED,"no WHO snapshot for these L4s"
807359,GAP,"resolver status RETIRED_NO_REMAP"
827351,GAP,"resolver status L4_ONLY"
1993079,UNCONFIRMED,"no WHO snapshot for these L4s"
848987,GAP,"resolver status L4_ONLY"
209915,GAP,"resolver status RETIRED_NO_REMAP"
857531,UNCONFIRMED,"no WHO snapshot for these L4s"
2108831,GAP,"resolver status L4_ONLY"
1047755,UNCONFIRMED,"no WHO snapshot for these L4s"
1737743,UNCONFIRMED,"no WHO snapshot for these L4s"
283379,GAP,"resolver status L4_ONLY"
1792391,GAP,"resolver status L4_ONLY"
1422563,GAP,"resolver status L4_ONLY"
1494599,UNCONFIRMED,"no WHO snapshot for these L4s"
1592891,UNCONFIRMED,"no WHO snapshot for these L4s"
1495103,UNCONFIRMED,"no WHO snapshot for these L4s"
670307,UNCONFIRMED,"no WHO snapshot for these L4s"
884783,UNCONFIRMED,"no WHO snapshot for these L4s"
93131,UNCONFIRMED,"no WHO snapshot for these L4s"
205895,UNCONFIRMED,"no WHO snapshot for these L4s"
631799,GAP,"no L5 codes"
978575,UNCONFIRMED,"no WHO snapshot for these L4s"
2104187,UNCONFIRMED,"no WHO snapshot for these L4s"
2118551,UNCONFIRMED,"no WHO snapshot for these L4s"
1011767,UNCONFIRMED,"no WHO snapshot for these L4s"
1989491,GAP,"resolver status L4_ONLY"
348719,UNCONFIRMED,"no WHO snapshot for these L4s"
205871,UNCONFIRMED,"no WHO snapshot for these L4s"
209867,UNCONFIRMED,"no WHO snapshot for these L4s"
103439,UNCONFIRMED,"no WHO snapshot for these L4s"
244475,GAP,"resolver status L4_ONLY"
260495,UNCONFIRMED,"no WHO snapshot for these L4s"
1006127,UNCONFIRMED,"no WHO snapshot for these L4s"
206219,UNCONFIRMED,"no WHO snapshot for these L4s"
210011,GAP,"resolver status RETIRED_NO_REMAP"
1790651,GAP,"resolver status L4_ONLY"
1923431,UNCONFIRMED,"no WHO snapshot for these L4s"
1303727,GAP,"resolver status L4_ONLY"
1361207,GAP,"resolver status RETIRED_NO_REMAP"
1598027,UNCONFIRMED,"no WHO snapshot for these L4s"
1945175,UNCONFIRMED,"no WHO snapshot for these L4s"
1360391,UNCONFIRMED,"no WHO snapshot for these L4s"
1370963,GAP,"resolver status L4_ONLY"
197411,UNCONFIRMED,"no WHO snapshot for these L4s"
1366571,UNCONFIRMED,"no WHO snapshot for these L4s"
1651571,UNCONFIRMED,"no WHO snapshot for these L4s"
1429907,GAP,"resolver status RETIRED_NO_REMAP"
1304111,GAP,"resolver status L4_ONLY"
755399,GAP,"resolver status RETIRED_NO_REMAP"
204899,UNCONFIRMED,"no WHO snapshot for these L4s"
861191,GAP,"resolver status RETIRED_NO_REMAP"
313091,UNCONFIRMED,"no WHO snapshot for these L4s"
794747,GAP,"resolver status L4_ONLY"
966743,GAP,"resolver status L4_ONLY"
995567,UNCONFIRMED,"no WHO snapshot for these L4s"
346211,GAP,"resolver status RETIRED_NO_REMAP"
2173667,GAP,"resolver status L4_ONLY"
1099583,GAP,"resolver status L4_ONLY"
583343,GAP,"resolver status RETIRED_NO_REMAP"
1049759,GAP,"resolver status L4_ONLY"
307703,UNCONFIRMED,"no WHO snapshot for these L4s"
545255,GAP,"resolver status L4_ONLY"
853511,UNCONFIRMED,"no WHO snapshot for these L4s"
855659,UNCONFIRMED,"no WHO snapshot for these L4s"
210767,UNCONFIRMED,"no WHO snapshot for these L4s"
245723,UNCONFIRMED,"no WHO snapshot for these L4s"
1722695,GAP,"resolver status RETIRED_NO_REMAP"
1111667,GAP,"resolver status RETIRED_NO_REMAP"
313967,UNCONFIRMED,"no WHO snapshot for these L4s"
211223,UNCONFIRMED,"no WHO snapshot for these L4s"
1809539,GAP,"no L5 codes"
1741559,GAP,"resolver status L4_ONLY"
1432967,UNCONFIRMED,"no WHO snapshot for these L4s"
1536467,GAP,"resolver status L4_ONLY"
861227,GAP,"resolver status L4_ONLY"
727451,UNCONFIRMED,"no WHO snapshot for these L4s"
204887,UNCONFIRMED,"no WHO snapshot for these L4s"
834167,UNCONFIRMED,"no WHO snapshot for these L4s"
643943,GAP,"resolver status RETIRED_NO_REMAP"
968663,GAP,"no L5 codes"
205643,GAP,"no L5 codes"
1020479,UNCONFIRMED,"no WHO snapshot for these L4s"
802559,GAP,"resolver status L4_ONLY"
807251,UNCONFIRMED,"no WHO snapshot for these L4s"
1147619,GAP,"resolver status L4_ONLY"
1661567,UNCONFIRMED,"no WHO snapshot for these L4s"
604271,UNCONFIRMED,"no WHO snapshot for these L4s"
1297547,UNCONFIRMED,"no WHO snapshot for these L4s"
1363391,GAP,"resolver status NO_ATC"
1363511,UNCONFIRMED,"no WHO snapshot for these L4s"
1362059,UNCONFIRMED,"no WHO snapshot for these L4s"
1294403,GAP,"resolver status RETIRED_NO_REMAP"
1534835,GAP,"resolver status L4_ONLY"
1369403,GAP,"resolver status L4_ONLY"
800003,GAP,"resolver status L4_ONLY"
895907,UNCONFIRMED,"no WHO snapshot for these L4s"
991259,UNCONFIRMED,"no WHO snapshot for these L4s"
998543,UNCONFIRMED,"no WHO snapshot for these L4s"
1088531,GAP,"no L5 codes"
310631,GAP,"resolver status RETIRED_NO_REMAP"
309899,GAP,"resolver status RETIRED_NO_REMAP"
310811,GAP,"resolver status L4_ONLY"
312959,GAP,"resolver status RETIRED_NO_REMAP"
806771,UNCONFIRMED,"no WHO snapshot for these L4s"
848579,GAP,"no L5 codes"
857099,CONFIRMED,"L4 in WHO snapshot"
211511,UNCONFIRMED,"no WHO snapshot for these L4s"
213263,GAP,"no L5 codes"
1151,UNCONFIRMED,"no WHO snapshot for these L4s"
581771,UNCONFIRMED,"no WHO snapshot for these L4s"
1001603,GAP,"resolver status RETIRED_NO_REMAP"
1012223,GAP,"resolver status L4_ONLY"
855635,UNCONFIRMED,"no WHO snapshot for these L4s"
212999,GAP,"resolver status RETIRED_NO_REMAP"
1235267,UNCONFIRMED,"no WHO snapshot for these L4s"
860195,GAP,"no L5 codes"
283163,UNCONFIRMED,"no WHO snapshot for these L4s"
1665215,UNCONFIRMED,"no WHO snapshot for these L4s"
198911,GAP,"no L5 codes"
2184155,GAP,"resolver status RETIRED_NO_REMAP"
261371,GAP,"resolver status RETIRED_NO_REMAP"
1245383,GAP,"resolver status L4_ONLY"
1307147,UNCONFIRMED,"no WHO snapshot for these L4s"
1310627,UNCONFIRMED,"no WHO snapshot for these L4s"
1297967,CONFIRMED,"L4 in WHO snapshot"
1537235,UNCONFIRMED,"no WHO snapshot for these L4s"
1294235,UNCONFIRMED,"no WHO snapshot for these L4s"
1494203,GAP,"no L5 codes"
1244999,UNCONFIRMED,"no WHO snapshot for these L4s"
687659,UNCONFIRMED,"no WHO snapshot for these L4s"
308615,UNCONFIRMED,"no WHO snapshot for these L4s"
205259,GAP,"resolver status L4_ONLY"
352091,GAP,"no L5 codes"
997283,UNCONFIRMED,"no WHO snapshot for these L4s"
616463,GAP,"resolver status L4_ONLY"
103403,UNCONFIRMED,"no WHO snapshot for these L4s"
1043723,UNCONFIRMED,"no WHO snapshot for these L4s"
1044563,UNCONFIRMED,"no WHO snapshot for these L4s"
1111703,UNCONFIRMED,"no WHO snapshot for these L4s"
1661099,GAP,"no L5 codes"
804695,GAP,"resolver status RETIRED_NO_REMAP"
1038947,GAP,"resolver status L4_ONLY"
1049591,UNCONFIRMED,"no WHO snapshot for these L4s"
247835,UNCONFIRMED,"no WHO snapshot for these L4s"
1658087,UNCONFIRMED,"no WHO snapshot for these L4s"
577043,GAP,"resolver status L4_ONLY"
1291979,UNCONFIRMED,"no WHO snapshot for these L4s"
1357943,UNCONFIRMED,"no WHO snapshot for these L4s"
1363475,UNCONFIRMED,"no WHO snapshot for these L4s"
1489103,UNCONFIRMED,"no WHO snapshot for these L4s"
1544639,UNCONFIRMED,"no WHO snapshot for these L4s"
1596455,GAP,"resolver status L4_ONLY"
197543,UNCONFIRMED,"no WHO snapshot for these L4s"
1484411,GAP,"resolver status L4_ONLY"
1244579,UNCONFIRMED,"no WHO snapshot for these L4s"
1250903,UNCONFIRMED,"no WHO snapshot for these L4s"
1535603,UNCONFIRMED,"no WHO snapshot for these L4s"
707339,UNCONFIRMED,"no WHO snapshot for these L4s"
311423,UNCONFIRMED,"no WHO snapshot for these L4s"
885131,GAP,"resolver status L4_ONLY"
309287,UNCONFIRMED,"no WHO snapshot for these L4s"
308903,UNCONFIRMED,"no WHO snapshot for these L4s"
999419,GAP,"resolver status L4_ONLY"
308483,GAP,"resolver status RETIRED_NO_REMAP"
853367,UNCONFIRMED,"no WHO snapshot for these L4s"
213707,UNCONFIRMED,"no WHO snapshot for these L4s"
1233575,GAP,"resolver status L4_ONLY"
213575,GAP,"resolver status RETIRED_NO_REMAP"
1094447,UNCONFIRMED,"no WHO snapshot for these L4s"
1039499,UNCONFIRMED,"no WHO snapshot for these L4s"
995447,UNCONFIRMED,"no WHO snapshot for these L4s"
999995,CONFIRMED,"L4 in WHO snapshot"
2123159,UNCONFIRMED,"no WHO snapshot for these L4s"
2184131,CONFIRMED,"L4 in WHO snapshot"
1091339,UNCONFIRMED,"no WHO snapshot for these L4s"
314171,CONFIRMED,"L4 in WHO snapshot"
210827,UNCONFIRMED,"no WHO snapshot for these L4s"
1150067,GAP,"resolver status L4_ONLY"
539759,UNCONFIRMED,"no WHO snapshot for these L4s"
105467,UNCONFIRMED,"no WHO snapshot for these L4s"
1656599,GAP,"resolver status RETIRED_NO_REMAP"
1046867,UNCONFIRMED,"no WHO snapshot for these L4s"
1735487,GAP,"resolver status L4_ONLY"
1086767,UNCONFIRMED,"no WHO snapshot for these L4s"
205859,UNCONFIRMED,"no WHO snapshot for these L4s"
1020059,UNCONFIRMED,"no WHO snapshot for these L4s"
1037147,UNCONFIRMED,"no WHO snapshot for these L4s"
261359,UNCONFIRMED,"no WHO snapshot for these L4s"
1300739,GAP,"resolver status RETIRED_NO_REMAP"
1742399,GAP,"no L5 codes"
1793135,GAP,"resolver status L4_ONLY"
1359347,GAP,"resolver status L4_ONLY"
1363499,UNCONFIRMED,"no WHO snapshot for these L4s"
1421987,GAP,"resolver status RETIRED_NO_REMAP"
1606283,GAP,"resolver status NO_ATC"
1806683,GAP,"resolver status L4_ONLY"
1364807,UNCONFIRMED,"no WHO snapshot for these L4s"
1373327,GAP,"resolver status L4_ONLY"
1598471,UNCONFIRMED,"no WHO snapshot for these L4s"
311639,GAP,"resolver status RETIRED_NO_REMAP"
308579,UNCONFIRMED,"no WHO snapshot for these L4s"
995615,UNCONFIRMED,"no WHO snapshot for these L4s"
891815,GAP,"resolver status L4_ONLY"
200123,GAP,"resolver status L4_ONLY"
998483,UNCONFIRMED,"no WHO snapshot for these L4s"
656843,UNCONFIRMED,"no WHO snapshot for these L4s"
724859,UNCONFIRMED,"no WHO snapshot for these L4s"
755783,GAP,"resolver status RETIRED_NO_REMAP"
757667,UNCONFIRMED,"no WHO snapshot for these L4s"
349607,UNCONFIRMED,"no WHO snapshot for these L4s"
1233623,GAP,"resolver status L4_ONLY"
1011707,UNCONFIRMED,"no WHO snapshot for these L4s"
211151,GAP,"no L5 codes"
1111055,UNCONFIRMED,"no WHO snapshot for these L4s"
312107,GAP,"resolver status L4_ONLY"
1995143,GAP,"resolver status RETIRED_NO_REMAP"
2181311,GAP,"resolver status L4_ONLY"
1052519,CONFIRMED,"L4 in WHO snapshot"
283523,UNCONFIRMED,"no WHO snapshot for these L4s"
1656287,GAP,"resolver status RETIRED_NO_REMAP"
1789199,GAP,"resolver status RETIRED_NO_REMAP"
1006691,UNCONFIRMED,"no WHO snapshot for these L4s"
1039991,UNCONFIRMED,"no WHO snapshot for these L4s"
1046291,UNCONFIRMED,"no WHO snapshot for these L4s"
2122799,GAP,"resolver status L4_ONLY"
1236083,UNCONFIRMED,"no WHO snapshot for these L4s"
1302671,UNCONFIRMED,"no WHO snapshot for these L4s"
1359359,UNCONFIRMED,"no WHO snapshot for these L4s"
1359743,UNCONFIRMED,"no WHO snapshot for these L4s"
247139,UNCONFIRMED,"no WHO snapshot for these L4s"
1860083,GAP,"resolver status L4_ONLY"
1294019,GAP,"resolver status L4_ONLY"
1359083,CONFIRMED,"L4 in WHO snapshot"
1372451,GAP,"resolver status L4_ONLY"
1362791,UNCONFIRMED,"no WHO snapshot for these L4s"
2043455,UNCONFIRMED,"no WHO snapshot for these L4s"
998675,UNCONFIRMED,"no WHO snapshot for these L4s"
994535,UNCONFIRMED,"no WHO snapshot for these L4s"
2058491,GAP,"resolver status L4_ONLY"
309431,UNCONFIRMED,"no WHO snapshot for these L4s"
2000027,UNCONFIRMED,"no WHO snapshot for these L4s"
729935,GAP,"no L5 codes"
309587,GAP,"resolver status RETIRED_NO_REMAP"
313847,UNCONFIRMED,"no WHO snapshot for these L4s"
2120915,UNCONFIRMED,"no WHO snapshot for these L4s"
212219,GAP,"no L5 codes"
1095227,UNCONFIRMED,"no WHO snapshot for these L4s"
1094087,UNCONFIRMED,"no WHO snapshot for these L4s"
562127,GAP,"resolver status RETIRED_NO_REMAP"
1000919,UNCONFIRMED,"no WHO snapshot for these L4s"
1011839,GAP,"resolver status L4_ONLY"
1053239,UNCONFIRMED,"no WHO snapshot for these L4s"
1086263,UNCONFIRMED,"no WHO snapshot for these L4s"
1659131,CONFIRMED,"L4 in WHO snapshot"
1664543,GAP,"resolver status L4_ONLY"
833543,UNCONFIRMED,"no WHO snapshot for these L4s"
1093295,UNCONFIRMED,"no WHO snapshot for these L4s"
1099631,UNCONFIRMED,"no WHO snapshot for these L4s"
1193111,GAP,"resolver status L4_ONLY"
1739207,UNCONFIRMED,"no WHO snapshot for these L4s"
1741379,GAP,"resolver status RETIRED_NO_REMAP"
1654919,UNCONFIRMED,"no WHO snapshot for these L4s"
1741907,UNCONFIRMED,"no WHO snapshot for these L4s"
848195,UNCONFIRMED,"no WHO snapshot for these L4s"
1111091,GAP,"resolver status RETIRED_NO_REMAP"
1012859,GAP,"resolver status RETIRED_NO_REMAP"
1866143,GAP,"resolver status L4_ONLY"
1299143,GAP,"resolver status L4_ONLY"
1495199,UNCONFIRMED,"no WHO snapshot for these L4s"
1301039,GAP,"resolver status RETIRED_NO_REMAP"
1442975,UNCONFIRMED,"no WHO snapshot for these L4s"
1486031,GAP,"no L5 codes"
1366343,UNCONFIRMED,"no WHO snapshot for these L4s"
1651391,UNCONFIRMED,"no WHO snapshot for these L4s"
1943339,GAP,"no L5 codes"
1597607,UNCONFIRMED,"no WHO snapshot for these L4s"
904295,UNCONFIRMED,"no WHO snapshot for these L4s"
993755,CONFIRMED,"L4 in WHO snapshot"
645683,UNCONFIRMED,"no WHO snapshot for these L4s"
763103,GAP,"resolver status L4_ONLY"
309371,UNCONFIRMED,"no WHO snapshot for these L4s"
347699,GAP,"resolver status RETIRED_NO_REMAP"
904667,UNCONFIRMED,"no WHO snapshot for these L4s"
795107,UNCONFIRMED,"no WHO snapshot for these L4s"
763091,UNCONFIRMED,"no WHO snapshot for these L4s"
752867,GAP,"resolver status RETIRED_NO_REMAP"
904535,GAP,"no L5 codes"
2045339,UNCONFIRMED,"no WHO snapshot for these L4s"
1006679,UNCONFIRMED,"no WHO snapshot for these L4s"
239207,UNCONFIRMED,"no WHO snapshot for these L4s"
245663,GAP,"no L5 codes"
250511,UNCONFIRMED,"no WHO snapshot for these L4s"
1657343,UNCONFIRMED,"no WHO snapshot for these L4s"
210275,GAP,"resolver status RETIRED_NO_REMAP"
311951,UNCONFIRMED,"no WHO snapshot for these L4s"
1087463,GAP,"resolver status L4_ONLY"
823883,GAP,"resolver status L4_ONLY"
2170427,GAP,"resolver status L4_ONLY"
1233035,UNCONFIRMED,"no WHO snapshot for these L4s"
1116191,UNCONFIRMED,"no WHO snapshot for these L4s"
543791,UNCONFIRMED,"no WHO snapshot for these L4s"
1000355,GAP,"resolver status L4_ONLY"
244127,UNCONFIRMED,"no WHO snapshot for these L4s"
1234475,GAP,"resolver status RETIRED_NO_REMAP"
1006643,GAP,"resolver status L4_ONLY"
1867943,GAP,"resolver status L4_ONLY"
1927619,GAP,"resolver status L4_ONLY"
1549223,UNCONFIRMED,"no WHO snapshot for these L4s"
1249715,UNCONFIRMED,"no WHO snapshot for these L4s"
1294199,GAP,"resolver status RETIRED_NO_REMAP"
1489307,UNCONFIRMED,"no WHO snapshot for these L4s"
1294559,UNCONFIRMED,"no WHO snapshot for these L4s"
1600991,UNCONFIRMED,"no WHO snapshot for these L4s"
643127,UNCONFIRMED,"no WHO snapshot for these L4s"
884207,UNCONFIRMED,"no WHO snapshot for these L4s"
311195,UNCONFIRMED,"no WHO snapshot for these L4s"
309575,UNCONFIRMED,"no WHO snapshot for these L4s"
310151,UNCONFIRMED,"no WHO snapshot for these L4s"
884231,UNCONFIRMED,"no WHO snapshot for these L4s"
2168003,UNCONFIRMED,"no WHO snapshot for these L4s"
1669859,GAP,"resolver status L4_ONLY"
997643,UNCONFIRMED,"no WHO snapshot for these L4s"
998711,CONFIRMED,"L4 in WHO snapshot"
855503,GAP,"resolver status L4_ONLY"
1012715,UNCONFIRMED,"no WHO snapshot for these L4s"
284303,UNCONFIRMED,"no WHO snapshot for these L4s"
199703,UNCONFIRMED,"no WHO snapshot for these L4s"
1536503,GAP,"resolver status L4_ONLY"
1598099,UNCONFIRMED,"no WHO snapshot for these L4s"
1425431,UNCONFIRMED,"no WHO snapshot for these L4s"
1941599,UNCONFIRMED,"no WHO snapshot for these L4s"
1946651,UNCONFIRMED,"no WHO snapshot for these L4s"
1293083,GAP,"resolver status RETIRED_NO_REMAP"
1357931,UNCONFIRMED,"no WHO snapshot for these L4s"
1486787,UNCONFIRMED,"no WHO snapshot for these L4s"
1741763,GAP,"resolver status RETIRED_NO_REMAP"
749795,UNCONFIRMED,"no WHO snapshot for these L4s"
902219,UNCONFIRMED,"no WHO snapshot for these L4s"
309875,UNCONFIRMED,"no WHO snapshot for these L4s"
994835,UNCONFIRMED,"no WHO snapshot for these L4s"
309227,UNCONFIRMED,"no WHO snapshot for these L4s"
207215,UNCONFIRMED,"no WHO snapshot for these L4s"
995591,CONFIRMED,"L4 in WHO snapshot"
351383,UNCONFIRMED,"no WHO snapshot for these L4s"
207359,UNCONFIRMED,"no WHO snapshot for these L4s"
352331,GAP,"resolver status RETIRED_NO_REMAP"
209039,GAP,"resolver status RETIRED_NO_REMAP"
211175,CONFIRMED,"L4 in WHO snapshot"
212843,UNCONFIRMED,"no WHO snapshot for these L4s"
1234871,GAP,"resolver status L4_ONLY"
616763,UNCONFIRMED,"no WHO snapshot for these L4s"
1046351,GAP,"resolver status L4_ONLY"
1043483,UNCONFIRMED,"no WHO snapshot for these L4s"
308087,UNCONFIRMED,"no WHO snapshot for these L4s"
858863,UNCONFIRMED,"no WHO snapshot for these L4s"
860747,UNCONFIRMED,"no WHO snapshot for these L4s"
211271,UNCONFIRMED,"no WHO snapshot for these L4s"
2182355,UNCONFIRMED,"no WHO snapshot for these L4s"
1147679,GAP,"resolver status RETIRED_NO_REMAP"
1000151,UNCONFIRMED,"no WHO snapshot for these L4s"
1234583,UNCONFIRMED,"no WHO snapshot for these L4s"
1485227,GAP,"resolver status L4_ONLY"
1870631,UNCONFIRMED,"no WHO snapshot for these L4s"
1249763,GAP,"resolver status L4_ONLY"
1795607,GAP,"no L5 codes"
1542815,UNCONFIRMED,"no WHO snapshot for these L4s"
636767,GAP,"no L5 codes"
724547,UNCONFIRMED,"no WHO snapshot for these L4s"
876863,UNCONFIRMED,"no WHO snapshot for these L4s"
755543,GAP,"resolver status RETIRED_NO_REMAP"
311447,UNCONFIRMED,"no WHO snapshot for these L4s"
198335,CONFIRMED,"L4 in WHO snapshot"
898715,UNCONFIRMED,"no WHO snapshot for these L4s"
1113023,GAP,"resolver status RETIRED_NO_REMAP"
1012235,GAP,"resolver status L4_ONLY"
211943,GAP,"resolver status RETIRED_NO_REMAP"
849683,GAP,"no L5 codes"
1085987,UNCONFIRMED,"no WHO snapshot for these L4s"
1116971,GAP,"resolver status L4_ONLY"
1673147,UNCONFIRMED,"no WHO snapshot for these L4s"
1792775,UNCONFIRMED,"no WHO snapshot for these L4s"
1251335,UNCONFIRMED,"no WHO snapshot for these L4s"
1293731,UNCONFIRMED,"no WHO snapshot for these L4s"
1356527,UNCONFIRMED,"no WHO snapshot for these L4s"
1357871,UNCONFIRMED,"no WHO snapshot for these L4s"
1423967,UNCONFIRMED,"no WHO snapshot for these L4s"
197771,GAP,"resolver status L4_ONLY"
1876355,UNCONFIRMED,"no WHO snapshot for these L4s"
1487267,UNCONFIRMED,"no WHO snapshot for these L4s"
798179,UNCONFIRMED,"no WHO snapshot for these L4s"
351455,UNCONFIRMED,"no WHO snapshot for these L4s"
892331,GAP,"resolver status L4_ONLY"
308495,UNCONFIRMED,"no WHO snapshot for these L4s"
310595,UNCONFIRMED,"no WHO snapshot for these L4s"
310547,UNCONFIRMED,"no WHO snapshot for these L4s"
2055815,CONFIRMED,"L4 in WHO snapshot"
1116083,UNCONFIRMED,"no WHO snapshot for these L4s"
1091387,GAP,"no L5 codes"
1101947,UNCONFIRMED,"no WHO snapshot for these L4s"
1191683,UNCONFIRMED,"no WHO snapshot for these L4s"
583391,GAP,"resolver status RETIRED_NO_REMAP"
1011755,UNCONFIRMED,"no WHO snapshot for these L4s"
1085783,UNCONFIRMED,"no WHO snapshot for these L4s"
832919,GAP,"resolver status L4_ONLY"
204779,UNCONFIRMED,"no WHO snapshot for these L4s"
244451,UNCONFIRMED,"no WHO snapshot for these L4s"
1728767,GAP,"resolver status L4_ONLY"
1657751,UNCONFIRMED,"no WHO snapshot for these L4s"
1042619,GAP,"resolver status RETIRED_NO_REMAP"
310043,GAP,"resolver status L4_ONLY"
1807571,UNCONFIRMED,"no WHO snapshot for these L4s"
1867547,UNCONFIRMED,"no WHO snapshot for these L4s"
1866047,UNCONFIRMED,"no WHO snapshot for these L4s"
1305143,UNCONFIRMED,"no WHO snapshot for these L4s"
1363751,UNCONFIRMED,"no WHO snapshot for these L4s"
1251791,GAP,"resolver status RETIRED_NO_REMAP"
1374851,GAP,"resolver status L4_ONLY"
197639,GAP,"resolver status L4_ONLY"
198203,UNCONFIRMED,"no WHO snapshot for these L4s"
1796087,UNCONFIRMED,"no WHO snapshot for these L4s"
1809479,GAP,"no L5 codes"
1437923,GAP,"resolver status RETIRED_NO_REMAP"
629987,UNCONFIRMED,"no WHO snapshot for these L4s"
702167,UNCONFIRMED,"no WHO snapshot for these L4s"
807371,UNCONFIRMED,"no WHO snapshot for these L4s"
688067,GAP,"no L5 codes"
95267,UNCONFIRMED,"no WHO snapshot for these L4s"
645671,UNCONFIRMED,"no WHO snapshot for these L4s"
308807,UNCONFIRMED,"no WHO snapshot for these L4s"
727595,GAP,"resolver status RETIRED_NO_REMAP"
379019,GAP,"resolver status RETIRED_NO_REMAP"
211319,UNCONFIRMED,"no WHO snapshot for these L4s"
1100471,GAP,"resolver status L4_ONLY"
4511,UNCONFIRMED,"no WHO snapshot for these L4s"
1043063,UNCONFIRMED,"no WHO snapshot for these L4s"
1722107,GAP,"resolver status L4_ONLY"
829031,GAP,"resolver status L4_ONLY"
1098227,GAP,"resolver status L4_ONLY"
207275,UNCONFIRMED,"no WHO snapshot for these L4s"
853019,UNCONFIRMED,"no WHO snapshot for these L4s"
1235747,UNCONFIRMED,"no WHO snapshot for these L4s"
211979,UNCONFIRMED,"no WHO snapshot for these L4s"
616283,UNCONFIRMED,"no WHO snapshot for these L4s"
1010567,GAP,"resolver status NO_ATC"
1049207,GAP,"resolver status RETIRED_NO_REMAP"
577799,UNCONFIRMED,"no WHO snapshot for these L4s"
1241639,GAP,"no L5 codes"
1248347,UNCONFIRMED,"no WHO snapshot for these L4s"
1293983,GAP,"resolver status L4_ONLY"
1535855,UNCONFIRMED,"no WHO snapshot for these L4s"
1653155,UNCONFIRMED,"no WHO snapshot for these L4s"
756059,GAP,"no L5 codes"
308291,CONFIRMED,"L4 in WHO snapshot"
884375,UNCONFIRMED,"no WHO snapshot for these L4s"
992783,UNCONFIRMED,"no WHO snapshot for these L4s"
310871,UNCONFIRMED,"no WHO snapshot for these L4s"
1090463,GAP,"resolver status L4_ONLY"
891479,UNCONFIRMED,"no WHO snapshot for these L4s"
309851,GAP,"resolver status RETIRED_NO_REMAP"
892079,GAP,"resolver status RETIRED_NO_REMAP"
198635,UNCONFIRMED,"no WHO snapshot for these L4s"
999731,CONFIRMED,"L4 in WHO snapshot"
801035,UNCONFIRMED,"no WHO snapshot for these L4s"
805379,UNCONFIRMED,"no WHO snapshot for these L4s"
213635,UNCONFIRMED,"no WHO snapshot for these L4s"
1116731,GAP,"no L5 codes"
1147235,UNCONFIRMED,"no WHO snapshot for these L4s"
1190639,UNCONFIRMED,"no WHO snapshot for these L4s"
2196491,GAP,"no L5 codes"
1039811,UNCONFIRMED,"no WHO snapshot for these L4s"
857687,UNCONFIRMED,"no WHO snapshot for these L4s"
1115759,UNCONFIRMED,"no WHO snapshot for these L4s"
210779,UNCONFIRMED,"no WHO snapshot for these L4s"
261179,UNCONFIRMED,"no WHO snapshot for these L4s"
1114019,UNCONFIRMED,"no WHO snapshot for these L4s"
607091,UNCONFIRMED,"no WHO snapshot for these L4s"
435191,UNCONFIRMED,"no WHO snapshot for these L4s"
1147823,GAP,"resolver status L4_ONLY"
859139,UNCONFIRMED,"no WHO snapshot for these L4s"
1000895,GAP,"resolver status L4_ONLY"
1809083,CONFIRMED,"L4 in WHO snapshot"
1236395,GAP,"resolver status L4_ONLY"
1242779,UNCONFIRMED,"no WHO snapshot for these L4s"
197963,GAP,"resolver status L4_ONLY"
1483199,GAP,"resolver status RETIRED_NO_REMAP"
1809503,GAP,"no L5 codes"
1484963,GAP,"resolver status L4_ONLY"
1605695,UNCONFIRMED,"no WHO snapshot for these L4s"
1809431,GAP,"resolver status RETIRED_NO_REMAP"
1895,GAP,"no L5 codes"
1487627,UNCONFIRMED,"no WHO snapshot for these L4s"
798443,GAP,"resolver status RETIRED_NO_REMAP"
759719,UNCONFIRMED,"no WHO snapshot for these L4s"
309335,UNCONFIRMED,"no WHO snapshot for these L4s"
828587,UNCONFIRMED,"no WHO snapshot for these L4s"
617423,CONFIRMED,"L4 in WHO snapshot"
800111,GAP,"resolver status L4_ONLY"
308363,GAP,"resolver status L4_ONLY"
900599,GAP,"no L5 codes"
312491,UNCONFIRMED,"no WHO snapshot for these L4s"
644831,GAP,"resolver status RETIRED_NO_REMAP"
308891,UNCONFIRMED,"no WHO snapshot for these L4s"
1090715,GAP,"resolver status RETIRED_NO_REMAP"
1991327,GAP,"resolver status RETIRED_NO_REMAP"
351071,UNCONFIRMED,"no WHO snapshot for these L4s"
2106107,GAP,"no L5 codes"
826091,UNCONFIRMED,"no WHO snapshot for these L4s"
856799,UNCONFIRMED,"no WHO snapshot for these L4s"
1011983,GAP,"resolver status L4_ONLY"
1043543,GAP,"resolver status L4_ONLY"
2003375,UNCONFIRMED,"no WHO snapshot for these L4s"
2050367,GAP,"resolver status L4_ONLY"
207287,UNCONFIRMED,"no WHO snapshot for these L4s"
1233767,GAP,"no L5 codes"
252203,UNCONFIRMED,"no WHO snapshot for these L4s"
1191695,GAP,"no L5 codes"
237731,GAP,"resolver status RETIRED_NO_REMAP"
315119,GAP,"resolver status RETIRED_NO_REMAP"
1291103,UNCONFIRMED,"no WHO snapshot for these L4s"
1357883,GAP,"resolver status L4_ONLY"
1369775,GAP,"resolver status L4_ONLY"
1299083,UNCONFIRMED,"no WHO snapshot for these L4s"
1363631,UNCONFIRMED,"no WHO snapshot for these L4s"
1537091,UNCONFIRMED,"no WHO snapshot for these L4s"
1599563,GAP,"resolver status RETIRED_NO_REMAP"
197447,GAP,"resolver status L4_ONLY"
1809647,GAP,"no L5 codes"
1813415,GAP,"no L5 codes"
1242215,GAP,"resolver status RETIRED_NO_REMAP"
1308539,GAP,"resolver status RETIRED_NO_REMAP"
706943,GAP,"no L5 codes"
792119,UNCONFIRMED,"no WHO snapshot for these L4s"
1089023,GAP,"resolver status L4_ONLY"
731375,GAP,"no L5 codes"
1087367,GAP,"resolver status L4_ONLY"
809543,GAP,"resolver status RETIRED_NO_REMAP"
727415,UNCONFIRMED,"no WHO snapshot for these L4s"
311207,UNCONFIRMED,"no WHO snapshot for these L4s"
894887,CONFIRMED,"L4 in WHO snapshot"
895895,UNCONFIRMED,"no WHO snapshot for these L4s"
2174531,UNCONFIRMED,"no WHO snapshot for these L4s"
1100375,GAP,"resolver status RETIRED_NO_REMAP"
1085807,UNCONFIRMED,"no WHO snapshot for these L4s"
244523,UNCONFIRMED,"no WHO snapshot for these L4s"
205247,UNCONFIRMED,"no WHO snapshot for these L4s"
206963,UNCONFIRMED,"no WHO snapshot for these L4s"
853499,UNCONFIRMED,"no WHO snapshot for these L4s"
211835,UNCONFIRMED,"no WHO snapshot for these L4s"
1088255,UNCONFIRMED,"no WHO snapshot for these L4s"
1098443,GAP,"resolver status RETIRED_NO_REMAP"
858851,UNCONFIRMED,"no WHO snapshot for these L4s"
1038791,UNCONFIRMED,"no WHO snapshot for these L4s"
579299,GAP,"resolver status RETIRED_NO_REMAP"
243587,GAP,"resolver status L4_ONLY"
1788839,UNCONFIRMED,"no WHO snapshot for these L4s"
1111343,UNCONFIRMED,"no WHO snapshot for these L4s"
1116143,UNCONFIRMED,"no WHO snapshot for these L4s"
2173847,UNCONFIRMED,"no WHO snapshot for these L4s"
860147,UNCONFIRMED,"no WHO snapshot for these L4s"
1049423,GAP,"no L5 codes"
1673951,UNCONFIRMED,"no WHO snapshot for these L4s"
1807547,UNCONFIRMED,"no WHO snapshot for these L4s"
1247831,UNCONFIRMED,"no WHO snapshot for these L4s"
1363787,UNCONFIRMED,"no WHO snapshot for these L4s"
1251371,GAP,"no L5 codes"
1359371,GAP,"resolver status RETIRED_NO_REMAP"
1423319,GAP,"resolver status RETIRED_NO_REMAP"
1598039,UNCONFIRMED,"no WHO snapshot for these L4s"
1542803,UNCONFIRMED,"no WHO snapshot for these L4s"
668579,UNCONFIRMED,"no WHO snapshot for these L4s"
992795,UNCONFIRMED,"no WHO snapshot for these L4s"
312539,UNCONFIRMED,"no WHO snapshot for these L4s"
312515,UNCONFIRMED,"no WHO snapshot for these L4s"
310355,UNCONFIRMED,"no WHO snapshot for these L4s"
807839,UNCONFIRMED,"no WHO snapshot for these L4s"
966623,UNCONFIRMED,"no WHO snapshot for these L4s"
731591,UNCONFIRMED,"no WHO snapshot for these L4s"
2003123,GAP,"resolver status L4_ONLY"
2107511,GAP,"resolver status L4_ONLY"
212567,UNCONFIRMED,"no WHO snapshot for these L4s"
1116107,GAP,"resolver status L4_ONLY"
1000943,UNCONFIRMED,"no WHO snapshot for these L4s"
2176487,UNCONFIRMED,"no WHO snapshot for these L4s"
1012943,UNCONFIRMED,"no WHO snapshot for these L4s"
1653767,UNCONFIRMED,"no WHO snapshot for these L4s"
1116155,GAP,"resolver status L4_ONLY"
858827,UNCONFIRMED,"no WHO snapshot for these L4s"
244967,GAP,"resolver status L4_ONLY"
404063,UNCONFIRMED,"no WHO snapshot for these L4s"
539903,UNCONFIRMED,"no WHO snapshot for these L4s"
1807511,UNCONFIRMED,"no WHO snapshot for these L4s"
1489163,UNCONFIRMED,"no WHO snapshot for these L4s"
1491539,GAP,"resolver status RETIRED_NO_REMAP"
198023,UNCONFIRMED,"no WHO snapshot for these L4s"
1236095,UNCONFIRMED,"no WHO snapshot for these L4s"
1251623,GAP,"resolver status RETIRED_NO_REMAP"
797807,UNCONFIRMED,"no WHO snapshot for these L4s"
995483,GAP,"resolver status L4_ONLY"
309683,GAP,"resolver status L4_ONLY"
206375,UNCONFIRMED,"no WHO snapshot for these L4s"
310127,UNCONFIRMED,"no WHO snapshot for these L4s"
345131,UNCONFIRMED,"no WHO snapshot for these L4s"
2002727,UNCONFIRMED,"no WHO snapshot for these L4s"
204539,UNCONFIRMED,"no WHO snapshot for these L4s"
313655,GAP,"resolver status RETIRED_NO_REMAP"
834179,UNCONFIRMED,"no WHO snapshot for these L4s"
542063,UNCONFIRMED,"no WHO snapshot for these L4s"
1000091,UNCONFIRMED,"no WHO snapshot for these L4s"
1000859,GAP,"resolver status L4_ONLY"
1006703,UNCONFIRMED,"no WHO snapshot for these L4s"
1043507,UNCONFIRMED,"no WHO snapshot for these L4s"
108407,UNCONFIRMED,"no WHO snapshot for these L4s"
1995479,GAP,"resolver status L4_ONLY"
802571,GAP,"resolver status RETIRED_NO_REMAP"
847055,CONFIRMED,"L4 in WHO snapshot"
208331,UNCONFIRMED,"no WHO snapshot for these L4s"
403847,GAP,"resolver status RETIRED_NO_REMAP"
829187,UNCONFIRMED,"no WHO snapshot for these L4s"
209687,UNCONFIRMED,"no WHO snapshot for these L4s"
2179019,UNCONFIRMED,"no WHO snapshot for these L4s"
1092683,UNCONFIRMED,"no WHO snapshot for these L4s"
578759,GAP,"resolver status L4_ONLY"
1012955,UNCONFIRMED,"no WHO snapshot for these L4s"
1047479,UNCONFIRMED,"no WHO snapshot for these L4s"
539831,GAP,"resolver status RETIRED_NO_REMAP"
1792499,GAP,"resolver status L4_ONLY"
1190759,UNCONFIRMED,"no WHO snapshot for these L4s"
1086035,UNCONFIRMED,"no WHO snapshot for these L4s"
1797851,UNCONFIRMED,"no WHO snapshot for these L4s"
1237091,GAP,"resolver status RETIRED_NO_REMAP"
1370363,GAP,"resolver status RETIRED_NO_REMAP"
1422491,GAP,"resolver status RETIRED_NO_REMAP"
1482815,UNCONFIRMED,"no WHO snapshot for these L4s"
1812095,UNCONFIRMED,"no WHO snapshot for these L4s"
1483739,GAP,"resolver status RETIRED_NO_REMAP"
1484879,GAP,"resolver status L4_ONLY"
1489415,GAP,"resolver status RETIRED_NO_REMAP"
1433879,UNCONFIRMED,"no WHO snapshot for these L4s"
745535,UNCONFIRMED,"no WHO snapshot for these L4s"
759743,UNCONFIRMED,"no WHO snapshot for these L4s"
996023,GAP,"resolver status L4_ONLY"
707375,UNCONFIRMED,"no WHO snapshot for these L4s"
198467,UNCONFIRMED,"no WHO snapshot for these L4s"
876419,UNCONFIRMED,"no WHO snapshot for these L4s"
833507,GAP,"resolver status L4_ONLY"
793871,UNCONFIRMED,"no WHO snapshot for these L4s"
312263,UNCONFIRMED,"no WHO snapshot for these L4s"
209303,UNCONFIRMED,"no WHO snapshot for these L4s"
402239,UNCONFIRMED,"no WHO snapshot for these L4s"
440303,UNCONFIRMED,"no WHO snapshot for these L4s"
1046999,GAP,"resolver status L4_ONLY"
1658663,GAP,"resolver status L4_ONLY"
607295,UNCONFIRMED,"no WHO snapshot for these L4s"
1657007,UNCONFIRMED,"no WHO snapshot for these L4s"
2122907,UNCONFIRMED,"no WHO snapshot for these L4s"
1793915,GAP,"no L5 codes"
1939343,GAP,"resolver status RETIRED_NO_REMAP"
1291607,UNCONFIRMED,"no WHO snapshot for these L4s"
1314779,UNCONFIRMED,"no WHO snapshot for these L4s"
1374383,GAP,"resolver status L4_ONLY"
1494035,GAP,"no L5 codes"
1244951,GAP,"resolver status RETIRED_NO_REMAP"
1367219,UNCONFIRMED,"no WHO snapshot for these L4s"
1356791,GAP,"resolver status RETIRED_NO_REMAP"
1370291,GAP,"resolver status RETIRED_NO_REMAP"
1486763,UNCONFIRMED,"no WHO snapshot for these L4s"
312611,UNCONFIRMED,"no WHO snapshot for these L4s"
755555,GAP,"resolver status RETIRED_NO_REMAP"
865163,UNCONFIRMED,"no WHO snapshot for these L4s"
375983,UNCONFIRMED,"no WHO snapshot for these L4s"
308147,UNCONFIRMED,"no WHO snapshot for these L4s"
1192655,UNCONFIRMED,"no WHO snapshot for these L4s"
577055,GAP,"resolver status L4_ONLY"
1049123,GAP,"resolver status L4_ONLY"
1005767,GAP,"resolver status L4_ONLY"
241907,UNCONFIRMED,"no WHO snapshot for these L4s"
1659947,UNCONFIRMED,"no WHO snapshot for these L4s"
992735,UNCONFIRMED,"no WHO snapshot for these L4s"
213539,UNCONFIRMED,"no WHO snapshot for these L4s"
2184167,UNCONFIRMED,"no WHO snapshot for these L4s"
360347,UNCONFIRMED,"no WHO snapshot for these L4s"
375959,GAP,"no L5 codes"
603011,CONFIRMED,"L4 in WHO snapshot"
1661483,GAP,"resolver status L4_ONLY"
1744007,CONFIRMED,"L4 in WHO snapshot"
1989515,UNCONFIRMED,"no WHO snapshot for these L4s"
212075,UNCONFIRMED,"no WHO snapshot for these L4s"
1044335,GAP,"resolver status RETIRED_NO_REMAP"
239999,GAP,"no L5 codes"
1235867,UNCONFIRMED,"no WHO snapshot for these L4s"
1291367,UNCONFIRMED,"no WHO snapshot for these L4s"
1356071,GAP,"resolver status L4_ONLY"
1440875,GAP,"resolver status L4_ONLY"
1534811,UNCONFIRMED,"no WHO snapshot for these L4s"
1544471,UNCONFIRMED,"no WHO snapshot for these L4s"
1741295,GAP,"no L5 codes"
1247879,UNCONFIRMED,"no WHO snapshot for these L4s"
1251323,UNCONFIRMED,"no WHO snapshot for these L4s"
1372463,GAP,"resolver status RETIRED_NO_REMAP"
1359263,UNCONFIRMED,"no WHO snapshot for these L4s"
1648115,UNCONFIRMED,"no WHO snapshot for these L4s"
630923,GAP,"no L5 codes"
798455,GAP,"resolver status RETIRED_NO_REMAP"
198479,GAP,"resolver status L4_ONLY"
999971,CONFIRMED,"L4 in WHO snapshot"
1990751,UNCONFIRMED,"no WHO snapshot for these L4s"
2000543,GAP,"resolver status RETIRED_NO_REMAP"
753095,UNCONFIRMED,"no WHO snapshot for these L4s"
891719,GAP,"resolver status L4_ONLY"
313451,UNCONFIRMED,"no WHO snapshot for these L4s"
313415,UNCONFIRMED,"no WHO snapshot for these L4s"
835559,UNCONFIRMED,"no WHO snapshot for these L4s"
750191,GAP,"resolver status RETIRED_NO_REMAP"
347123,GAP,"resolver status L4_ONLY"
860159,UNCONFIRMED,"no WHO snapshot for these L4s"
1010723,UNCONFIRMED,"no WHO snapshot for these L4s"
1012019,UNCONFIRMED,"no WHO snapshot for these L4s"
562379,UNCONFIRMED,"no WHO snapshot for these L4s"
1656815,GAP,"resolver status L4_ONLY"
1000499,GAP,"resolver status L4_ONLY"
206903,UNCONFIRMED,"no WHO snapshot for these L4s"
1090703,GAP,"resolver status RETIRED_NO_REMAP"
1093331,GAP,"no L5 codes"
282767,GAP,"resolver status RETIRED_NO_REMAP"
1657703,UNCONFIRMED,"no WHO snapshot for these L4s"
858743,GAP,"resolver status RETIRED_NO_REMAP"
1046423,UNCONFIRMED,"no WHO snapshot for these L4s"
1673243,GAP,"resolver status L4_ONLY"
577127,UNCONFIRMED,"no WHO snapshot for these L4s"
860099,UNCONFIRMED,"no WHO snapshot for these L4s"
584507,UNCONFIRMED,"no WHO snapshot for these L4s"
1790171,UNCONFIRMED,"no WHO snapshot for these L4s"
1874747,UNCONFIRMED,"no WHO snapshot for these L4s"
1876751,GAP,"resolver status L4_ONLY"
1862735,UNCONFIRMED,"no WHO snapshot for these L4s"
1246247,GAP,"no L5 codes"
1536815,GAP,"resolver status L4_ONLY"
1313927,GAP,"resolver status L4_ONLY"
1368311,UNCONFIRMED,"no WHO snapshot for these L4s"
1370099,UNCONFIRMED,"no WHO snapshot for these L4s"
197435,UNCONFIRMED,"no WHO snapshot for these L4s"
1371299,GAP,"resolver status RETIRED_NO_REMAP"
1605107,UNCONFIRMED,"no WHO snapshot for these L4s"
662567,GAP,"resolver status RETIRED_NO_REMAP"
731531,UNCONFIRMED,"no WHO snapshot for these L4s"
864131,GAP,"resolver status L4_ONLY"
308663,UNCONFIRMED,"no WHO snapshot for these L4s"
1089923,GAP,"resolver status RETIRED_NO_REMAP"
2167163,GAP,"no L5 codes"
846959,CONFIRMED,"L4 in WHO snapshot"
1112687,UNCONFIRMED,"no WHO snapshot for these L4s"
1014431,GAP,"resolver status L4_ONLY"
1046879,UNCONFIRMED,"no WHO snapshot for these L4s"
1191359,GAP,"resolver status L4_ONLY"
210455,UNCONFIRMED,"no WHO snapshot for these L4s"
485819,GAP,"resolver status L4_ONLY"
251267,UNCONFIRMED,"no WHO snapshot for these L4s"
1672919,GAP,"resolver status L4_ONLY"
830867,UNCONFIRMED,"no WHO snapshot for these L4s"
2179763,UNCONFIRMED,"no WHO snapshot for these L4s"
1086251,UNCONFIRMED,"no WHO snapshot for these L4s"
1741271,GAP,"no L5 codes"
1726115,UNCONFIRMED,"no WHO snapshot for these L4s"
1797935,UNCONFIRMED,"no WHO snapshot for these L4s"
1855091,UNCONFIRMED,"no WHO snapshot for these L4s"
1870691,UNCONFIRMED,"no WHO snapshot for these L4s"
1872479,UNCONFIRMED,"no WHO snapshot for these L4s"
1307111,UNCONFIRMED,"no WHO snapshot for these L4s"
1372307,GAP,"resolver status RETIRED_NO_REMAP"
1425407,UNCONFIRMED,"no WHO snapshot for these L4s"
1720763,GAP,"no L5 codes"
1422107,UNCONFIRMED,"no WHO snapshot for these L4s"
1243811,CONFIRMED,"L4 in WHO snapshot"
1422095,UNCONFIRMED,"no WHO snapshot for these L4s"
1432487,UNCONFIRMED,"no WHO snapshot for these L4s"
1540223,UNCONFIRMED,"no WHO snapshot for these L4s"
1484903,UNCONFIRMED,"no WHO snapshot for these L4s"
670031,UNCONFIRMED,"no WHO snapshot for these L4s"
748859,GAP,"resolver status L4_ONLY"
206027,UNCONFIRMED,"no WHO snapshot for these L4s"
992771,UNCONFIRMED,"no WHO snapshot for these L4s"
1087043,UNCONFIRMED,"no WHO snapshot for these L4s"
904547,GAP,"no L5 codes"
731027,UNCONFIRMED,"no WHO snapshot for these L4s"
668567,UNCONFIRMED,"no WHO snapshot for these L4s"
392147,UNCONFIRMED,"no WHO snapshot for these L4s"
2050067,UNCONFIRMED,"no WHO snapshot for these L4s"
1094543,UNCONFIRMED,"no WHO snapshot for these L4s"
1992299,UNCONFIRMED,"no WHO snapshot for these L4s"
856955,CONFIRMED,"L4 in WHO snapshot"
2168531,CONFIRMED,"L4 in WHO snapshot"
578915,GAP,"resolver status RETIRED_NO_REMAP"
1726835,UNCONFIRMED,"no WHO snapshot for these L4s"
1086443,GAP,"resolver status L4_ONLY"
547199,GAP,"resolver status RETIRED_NO_REMAP"
1012787,GAP,"resolver status RETIRED_NO_REMAP"
1737563,UNCONFIRMED,"no WHO snapshot for these L4s"
309035,UNCONFIRMED,"no WHO snapshot for these L4s"
1235243,UNCONFIRMED,"no WHO snapshot for these L4s"
1873991,UNCONFIRMED,"no WHO snapshot for these L4s"
1242707,GAP,"resolver status RETIRED_NO_REMAP"
1376207,GAP,"resolver status L4_ONLY"
1429895,GAP,"resolver status RETIRED_NO_REMAP"
1544183,UNCONFIRMED,"no WHO snapshot for these L4s"
1535927,GAP,"resolver status RETIRED_NO_REMAP"
1550963,UNCONFIRMED,"no WHO snapshot for these L4s"
1485599,GAP,"resolver status L4_ONLY"
197579,UNCONFIRMED,"no WHO snapshot for these L4s"
1041527,GAP,"resolver status RETIRED_NO_REMAP"
1243019,CONFIRMED,"L4 in WHO snapshot"
1551467,UNCONFIRMED,"no WHO snapshot for these L4s"
1600259,CONFIRMED,"L4 in WHO snapshot"
1734635,CONFIRMED,"L4 in WHO snapshot"
1803887,GAP,"resolver status RETIRED_NO_REMAP"
1871435,GAP,"resolver status RETIRED_NO_REMAP"
2056895,UNCONFIRMED,"no WHO snapshot for these L4s"
219335,GAP,"resolver status RETIRED_NO_REMAP"
2268047,UNCONFIRMED,"no WHO snapshot for these L4s"
2474267,UNCONFIRMED,"no WHO snapshot for these L4s"
2599043,UNCONFIRMED,"no WHO snapshot for these L4s"
2639027,UNCONFIRMED,"no WHO snapshot for these L4s"
2639039,UNCONFIRMED,"no WHO snapshot for these L4s"
2706479,UNCONFIRMED,"no WHO snapshot for these L4s"
3443,UNCONFIRMED,"no WHO snapshot for these L4s"
358355,GAP,"resolver status L4_ONLY"
484211,CONFIRMED,"L4 in WHO snapshot"
729455,CONFIRMED,"L4 in WHO snapshot"
885779,GAP,"resolver status RETIRED_NO_REMAP"
215459,GAP,"resolver status RETIRED_NO_REMAP"
1043,UNCONFIRMED,"no WHO snapshot for these L4s"
2631887,UNCONFIRMED,"no WHO snapshot for these L4s"
1648787,UNCONFIRMED,"no WHO snapshot for these L4s"
1539887,GAP,"resolver status L4_ONLY"
1487519,GAP,"resolver status L4_ONLY"
1547663,UNCONFIRMED,"no WHO snapshot for these L4s"
831263,UNCONFIRMED,"no WHO snapshot for these L4s"
266663,UNCONFIRMED,"no WHO snapshot for these L4s"
214199,UNCONFIRMED,"no WHO snapshot for these L4s"
1996259,CONFIRMED,"L4 in WHO snapshot"
