rxcui,drug_name,tty,production,new_final,audit_verdict,audit_recommended
642355,calcium carbonate 675 MG / magnesium hydroxide 135 MG Chewable Tablet [Rolaids Reformulated Aug 2006],SBD,A02AA04|A12AA04,A02AA04|A02AC01,,
644290,lidocaine 70 MG / tetracaine 70 MG Medicated Patch [Synera],SBD,D04AB01|N01BB02|R02AD02,D04AB01|D04AB06,,
798169,benzocaine 200 MG/ML Medicated Pad [Orajel],SBD,C05AD03|D04AB04|R02AD01,N01BA05,,
800415,alanine 8.8 MG/ML / arginine 4.89 MG/ML / glucose 250 MG/ML / glycine 4.38 MG/ML / histidine 2.04 MG/ML / isoleucine 2.55 MG/ML / leucine 3.11 MG/ML / lysine 2.47 MG/ML / methionine 1.7 MG/ML / phenylalanine 2.38 MG/ML / proline 2.89 MG/ML / serine 2.13 MG/ML / threonine 1.79 MG/ML / tryptophan 0.77 MG/ML / tyrosine 0.17 MG/ML / valine 2.47 MG/ML Injectable Solution [Clinimix 4.25/25],SBD,B05CX03|B05XB03|N06AX02|V03AB26,B05BA01,IMPROVED,B05BA01
1987017,capsaicin 0.35 MG/ML / lidocaine 40 MG/ML / trolamine salicylate 100 MG/ML Topical Solution,SCD,D04AB01|N01BB02|N01BX04|R02AD02,M02AC,,
308660,benzocaine 30 MG/ML / methyl salicylate 300 MG/ML Topical Spray,SCD,C05AD03|D04AB04|R02AD01,C05AD03|D04AB04,,
308904,calcium carbonate 420 MG / pectin 130 MG Chewable Tablet,SCD,A07BC01,A02AC01|A07BC01,,
1989869,salicylic acid 0.08 MG/MG Topical Gel,SCD,D01AE12|N02BA04,D01AE12,,
206406,hydrocortisone 15 MG/ML / oxytetracycline 5 MG/ML Ophthalmic Suspension [Terra-Cortril],SBD,A01AC03|A07EA02|D07AA02|D07AB02|D07AB11|H02AB09|J01AA06|S01BA02,S01AA04|S01BA02|S01CB03,,
313061,sodium lactate 50 MG/ML / urea 50 MG/ML Topical Lotion,SCD,D02AE01|G01AD01,D02AE01,,
314266,tacrolimus 0.001 MG/MG Topical Ointment,SCD,D11AH01|L04AD02,D11AH01,,
753367,{21 (desogestrel 0.15 MG / ethinyl estradiol 0.03 MG Oral Tablet) / 7 (inert ingredients 1 MG Oral Tablet) } Pack [Desogen 28 Day],BPCK,G03AA09|G03AC09,G03AA09,,
308272,antipyrine 47 MG/ML / benzocaine 10 MG/ML Otic Solution,SCD,C05AD03|D04AB04|R02AD01,S02DA03,,
311250,lactic acid 167 MG/ML / salicylic acid 167 MG/ML Topical Solution,SCD,D01AE12|G01AD01|N02BA04,D01AE12,IMPROVED,D01AE12
199194,benzocaine 200 MG/ML / oxyquinoline sulfate 5 MG/ML Topical Spray,SCD,C05AD03|D04AB04|R02AD01,C05AD03|D04AB04|D08AH03,,
826860,ascorbic acid 60 MG / biotin 0.3 MG / folic acid 0.8 MG / mecobalamin 0.006 MG / niacinamide 20 MG / pantothenate 10 MG / pyridoxine 10 MG / riboflavin 1.7 MG / thiamine 1.5 MG Oral Tablet [Dialyvite 800],SBD,A11DA01|A11GA01|A11HA01|A11HA02|A11HA04|A11HA05|B03BA05|B03BB01,A11EX,,
902644,tetracycline hydrochloride 2.08 MG/ML Oral Solution [Ornacycline],SBD,D06AA04|J01AA07,J01AA07,,
308322,acetaminophen 500 MG / butalbital 50 MG / caffeine 40 MG Oral Capsule,SCD,N02BE01|N06BC01,N02BE01,,
308843,calcium carbonate 600 MG / cholecalciferol 125 UNT / ferrous fumarate 18 MG Oral Tablet,SCD,A12AA04|B03AA02,A11CC05|A12AA04|B03AA02,,
617430,amoxicillin 80 MG/ML / clavulanate 11.4 MG/ML Oral Suspension,SCD,J01CA04,J01CA04|J01CR02,,
706946,calcium carbonate 400 MG / simethicone 24 MG Chewable Tablet,SCD,A03AX13|A12AA04,A02AC01|A03AX13,,
687443,lidocaine 70 MG/ML / tetracaine 70 MG/ML Topical Cream,SCD,D04AB01|N01BB02|R02AD02,D04AB01|D04AB06,,
707268,brompheniramine maleate 1.2 MG/ML / carbetapentane citrate 6 MG/ML / phenylephrine hydrochloride 2 MG/ML Oral Solution,SCD,R05DB05|R06AB01,R01BA03|R05DB05|R06AB01,,
763581,12 HR methscopolamine nitrate 1.25 MG / phenylephrine hydrochloride 30 MG Extended Release Oral Tablet [Extendryl PEM],SBD,R01AA04|S01FB01|S01XA20,A03BB03|R01AA04|R01BA03,,
794244,capsaicin 1 MG/ML Topical Cream [Capzasin-HP],SBD,N01BX04,M02AB01,,
991519,codeine phosphate 2 MG/ML / guaifenesin 20 MG/ML / promethazine hydrochloride 1.25 MG/ML Oral Solution,SCD,R05CA03|R05DA04,R05FA02,BOTH_WRONG,R05FA02
309317,citric acid 66.8 MG/ML / potassium citrate 110 MG/ML / sodium citrate 100 MG/ML Oral Solution,SCD,A09AB04|A12BA02|B05CB02,G04BC,,
309351,clioquinol 30 MG/ML / hydrocortisone 10 MG/ML Topical Lotion,SCD,A01AC03|A07EA02|D07AA02|D07AB02|D07AB11|H02AB09|S01BA02,C05AA01|D07AA02|D07AB02|D07AB11|D07AC16|D07XA01|D08AH30|D09AA10,,
198707,hydrocortisone 5 MG/ML Topical Cream,SCD,A01AC03|A07EA02|D07AA02|D07AB02|D07AB11|H02AB09|S01BA02,D07AA02,,
207057,nandrolone 200 MG/ML Injectable Solution [Andryl 200],SBD,A14AB01|S01XA11,A14AB01,,
207054,nandrolone 100 MG/ML Injectable Solution [Deca-Durabolin],SBD,A14AB01|S01XA11,A14AB01,,
998521,miconazole nitrate 20 MG/ML Topical Lotion,SCD,A01AB09|D01AC02|G01AF04,D01AC02,,
999986,amlodipine 10 MG / hydrochlorothiazide 12.5 MG / olmesartan medoxomil 40 MG Oral Tablet,SCD,C03AA03|C08CA01,C09DX03,,
890957,erythromycin 0.0053 MG/ML Topical Solution [Maracyn],SBD,J01FA01,D10AF02,,
310637,guaifenesin 300 MG / phenylephrine hydrochloride 10 MG Extended Release Oral Capsule,SCD,R05CA03,R01BA03|R05CA03,,
992530,terbinafine hydrochloride 10 MG/ML Topical Cream [Lamisil],SBD,D01AE15|D01BA02,D01AE15,,
795468,penicillin G procaine 600000 UNT/ML Injectable Suspension [Wycillin],SBD,J01CE09,J01CE01|J01CE09,,
895883,ivermectin 0.136 MG / praziquantel 114 MG / pyrantel 114 MG Chewable Tablet,SCD,P02BA01|P02CC01,P02BA01|P02CC01|P02CF01,,
979489,metaproterenol sulfate 4 MG/ML Inhalation Solution,SCD,R03CB03,R03AB03,,
311451,mannitol 50 MG/ML Irrigation Solution,SCD,A06AD16,B05BC01|B05CX04,,
311558,mestranol 0.1 MG / norethindrone 2 MG Oral Tablet,SCD,G03DC02,G03AC01|G03DC02,,
1090972,ascorbic acid 10.8 MG/ML / cholecalciferol 72 UNT/ML / dl-alpha tocopheryl acetate 2.7 UNT/ML / niacinamide 2.44 MG/ML / pyridoxine 0.189 MG/ML / riboflavin 0.216 MG/ML / thiamine hydrochloride 0.168 MG/ML / vitamin A 450 UNT/ML / vitamin B12 0.00081 MG/ML Oral Solution [Multi-Delyn],SBD,A11CA01|A11CC05|A11DA01|A11GA01|A11HA01|A11HA02|A11HA03|A11HA04|B03BA01,A11JA,,
198556,capsaicin 0.25 MG/ML Topical Lotion,SCD,N01BX04,M02AB01,,
206223,erythromycin 20 MG/ML Topical Solution [Eryderm],SBD,J01FA01,D10AF02,IMPROVED,D10AF02
206328,hydrocortisone 10 MG/ML Topical Solution [Penecort],SBD,A01AC03|A07EA02|D07AA02|D07AB02|D07AB11|H02AB09|S01BA02,D07AA02,,
999783,ascorbic acid 60 MG / ferrous fumarate 460 MG / folic acid 1 MG / vitamin B12 0.01 MG Oral Capsule [Hematogen],SBD,A11GA01|B03BA01|B03BB01,B03AE,,
999805,ascorbic acid 60 MG / ferrous fumarate 460 MG / folic acid 1 MG / vitamin B12 0.01 MG Oral Capsule [Ferrogels],SBD,A11GA01|B03BA01|B03BB01,A11GA01|B03AA02|B03BA01|B03BB01,,
312887,salicylic acid 260 MG/ML Topical Solution,SCD,D01AE12,D01AE12|D11AF,IMPROVED,D01AE12|D11AF
806718,sodium chloride 2 MEQ/ML Irrigation Solution,SCD,A12CA01|B05BB01|B05CB01|B05XA03|S01XA03,B05CB01|B05XA03,,
310054,eflornithine 200 MG/ML Injectable Solution,SCD,D11AX16|P01CX03,L01XX79|P01CX03,,
308640,benzocaine 0.1 MG/MG / boric acid 0.05 MG/MG Topical Ointment,SCD,S02AA03,D04AB04,IMPROVED,D04AB04
617322,amoxicillin 50 MG/ML / clavulanate 12.5 MG/ML Oral Suspension,SCD,J01CA04,J01CA04|J01CR02,,
702316,aspirin 500 MG / caffeine 32.5 MG Oral Tablet,SCD,N06BC01,N02BA51,,
749159,{21 (ethinyl estradiol 0.03 MG / norgestrel 0.3 MG Oral Tablet) } Pack,GPCK,G03CA01,G03AA06,BOTH_WRONG,G03AA06
891710,dimethicone 13 MG/ML Topical Lotion,SCD,P03AX05,D02AA,,
309280,chromic sulfate 0.004 MG/ML / zinc sulfate 1 MG/ML Injectable Solution,SCD,A12CB01,A12CB01|B05XA18,,
310870,hydrocortisone 10 MG/ML / iodoquinol 10 MG/ML Topical Cream,SCD,G01AC01,D07BA,,
826653,ascorbic acid 60 MG / biotin 0.3 MG / folic acid 0.8 MG / mecobalamin 0.006 MG / niacinamide 20 MG / pantothenate 10 MG / pyridoxine 10 MG / riboflavin 1.7 MG / thiamine 1.5 MG / zinc citrate 15 MG Oral Tablet [Dialyvite 800 with Zinc],SBD,A11DA01|A11GA01|A11HA01|A11HA02|A11HA04|A11HA05|B03BA05|B03BB01,A11EX,,
831393,miconazole nitrate 0.0025 MG/MG / petrolatum 0.814 MG/MG / zinc oxide 0.15 MG/MG Topical Ointment [Vusion],SBD,A01AB09|C05AX04|D01AC02|G01AF04,D01AC02,,
831831,alanine 3.48 MG/ML / arginine 3.56 MG/ML / aspartate 2.45 MG/ML / glucose 250 MG/ML / glutamate 2.58 MG/ML / glycine 1.75 MG/ML / histidine 1.05 MG/ML / isoleucine 2.31 MG/ML / leucine 3.5 MG/ML / lysine 3.68 MG/ML / methionine 0.6 MG/ML / phenylalanine 1.04 MG/ML / proline 2.52 MG/ML / serine 1.86 MG/ML / threonine 1.4 MG/ML / tryptophan 0.7 MG/ML / tyrosine 0.94 MG/ML / valine 1.75 MG/ML Injectable Solution [Aminosyn II 3.5 % in 25 % Dextrose],SBD,B05CX03|B05XB03|N06AX02|V03AB26,A09AB01|B05CX01|B05CX03|B05XB01|B05XB03|N06AX02|V03AB26|V04CA02|V06DC01,,
317564,hydrocortisone 10 MG/ML Topical Spray,SCD,A01AC03|A07EA02|D07AA02|D07AB02|D07AB11|H02AB09|S01BA02,D07AA02,,
834150,chlorhexidine gluconate 40 MG/ML Medicated Liquid Soap [Betasept],SBD,A01AB03|D08AC02|R02AA05,D08AC02,,
836395,acetaminophen 325 MG / tramadol hydrochloride 37.5 MG Oral Tablet,SCD,N02AX02|N02BE01,N02AJ13,,
847621,calcium chloride 0.33 MG/ML / potassium chloride 0.3 MG/ML / sodium chloride 8.6 MG/ML Irrigation Solution,SCD,A12CA01|B05BB01|B05CB01|B05XA03|B05XA07|S01XA03,V07AB,,
208588,dexamethasone 1 MG/ML / neomycin 3.5 MG/ML / polymyxin B 10000 UNT/ML Ophthalmic Suspension [AK-Trol],SBD,A07AA01|D06AX04|H02AB02|S01AA03|S01BA01,S01CA01,BOTH_WRONG,S01CA01
2100015,glycerin 144 MG/ML / lidocaine 50 MG/ML / petrolatum 150 MG/ML / phenylephrine hydrochloride 2.5 MG/ML Topical Cream,SCD,A06AX01|D04AB01|N01BB02|R01AA04|R02AD02|S01FB01|S01XA20,D04AB01|N01BB02,,
2120175,lidocaine 50 MG/ML Topical Cream [Lipocaine],SBD,D04AB01|N01BB02|R02AD02,D04AB01,,
213663,betamethasone 4 MG/ML Injectable Solution [Adbeon],SBD,D07AC01|H02AB01|S01BA06|S03BA03,A07EA04|C05AA05|H02AB01|R03BA04|S03BA03,,
214038,antipyrine 54 MG/ML / benzocaine 14 MG/ML Otic Solution [A/B Otic],SBD,C05AD03|D04AB04|R02AD01,S02DA03,,
1094891,lidocaine hydrochloride 10 MG/ML / menthol 25 MG/ML / methyl salicylate 45 MG/ML Topical Cream,SCD,D04AB01|N01BB02|R02AD02,C05AD01|D04AB01|N01BB02,,
1111697,carbinoxamine maleate 8 MG / methscopolamine nitrate 2.5 MG / pseudoephedrine hydrochloride 90 MG Extended Release Oral Tablet,SCD,R01BA02|R06AA08,A03BB03|R01BA02|R06AA08,,
1114105,Benzalkonium Chloride 1.3 MG/ML Topical Foam [Neosporin Wound Cleanser],SBD,D08AJ01|D08AJ08|R02AA16,D08AJ01|D08AJ08,,
1116976,capsaicin 0.375 MG/ML / menthol 100 MG/ML / methyl salicylate 300 MG/ML Topical Lotion [Dendracin Neurodendraxcin],SBD,N01BX04,M02AC|N01BX04,,
1146022,sodium chloride 20 MG/ML Nasal Spray,SCD,A12CA01|B05BB01|B05CB01|B05XA03|S01XA03,R01AX,,
1148595,antipyrine 55 MG/ML / benzocaine 14 MG/ML Otic Solution,SCD,C05AD03|D04AB04|R02AD01,S02DA03,,
1147533,sodium chloride 6.9 MG/ML Nasal Spray [Mycinaire],SBD,A12CA01|B05BB01|B05CB01|B05XA03|S01XA03,R01AX,,
1190744,atropine sulfate 0.0388 MG/ML / phenobarbital 3.2 MG/ML Oral Solution [Antrocol],SBD,N03AA02,A03BA01|N03AA02,,
1234338,hydrocortisone acetate 0.025 MG/MG / pramoxine hydrochloride 0.01 MG/MG Topical Ointment [Pramosone],SBD,A01AC03|A07EA02|D07AA02|D07AB02|D07AB11|H02AB09|S01BA02,D07XA01,,
1234514,hydrocortisone acetate 25 MG/ML / pramoxine hydrochloride 10 MG/ML Topical Lotion [Pramosone],SBD,A01AC03|A07EA02|D07AA02|D07AB02|D07AB11|H02AB09|S01BA02,D07XA01,,
545144,acetic acid 20 MG/ML Otic Solution [Borofair],SBD,G01AD02|S02AA10,S02AA10,,
577215,dimethicone 60 MG/ML Topical Cream,SCD,P03AX05,D02AA,,
582819,benzocaine 50 MG/ML / menthol 10 MG/ML Topical Solution,SCD,C05AD03|D04AB04|R02AD01,D04AB04,,
857752,chlorpheniramine maleate 0.4 MG/ML / hydrocodone bitartrate 0.334 MG/ML / phenylephrine hydrochloride 1 MG/ML Oral Solution [Enditussin-HD],SBD,R05DA03|R06AB04,R01BA03|R05DA03|R06AB04,,
857841,chlorpheniramine maleate 0.4 MG/ML / hydrocodone bitartrate 0.4 MG/ML / phenylephrine hydrochloride 1.5 MG/ML Oral Solution [Endal-HD],SBD,R05DA03|R06AB04,R01BA03|R05DA03|R06AB04,,
859174,chlorpheniramine maleate 0.4 MG/ML / hydrocodone bitartrate 1.2 MG/ML / phenylephrine hydrochloride 2.4 MG/ML Oral Solution [Maxi-Tuss HC],SBD,R05DA03|R06AB04,R01BA03|R05DA03|R06AB04,,
1012080,prednisolone acetate 2.5 MG/ML / sulfacetamide sodium 100 MG/ML Ophthalmic Suspension,SCD,A07EA01|D10AB02|H02AB06|S01BA04|S03BA02,S01AB04|S01BA04|S01CB02|S03BA02,,
1012023,prednisolone sodium phosphate 2.5 MG/ML / sulfacetamide sodium 100 MG/ML Ophthalmic Solution [Sulster],SBD,A07EA01|D10AB02|H02AB06|S01BA04|S03BA02,S01AB04|S01BA04|S01CB02|S03BA02,,
1014197,chloroxylenol 1 MG/ML / pramoxine hydrochloride 10 MG/ML Otic Solution [Oticin],SBD,D08AE05,D04AB07|D08AE05,,
1039483,ethanol 0.6 ML/ML Topical Solution,SCD,D08AX08|V03AB16|V03AZ01,D08AX08,,
1039625,salicylic acid 20 MG/ML Medicated Pad [Noxzema Clean],SBD,D01AE12|N02BA04,D01AE12,,
1046929,atropine sulfate 0.00388 MG/ML / hyoscyamine sulfate 0.0207 MG/ML / phenobarbital 3.24 MG/ML / scopolamine hydrobromide 0.0013 MG/ML Oral Solution [Hyosophen],SBD,A03BA03|N03AA02,A03BA01|A03BA03|A04AD01|N03AA02|N05CM05,,
1047791,"hyoscyamine sulfate 0.12 MG / methenamine 81.6 MG / methylene blue 10.8 MG / phenyl salicylate 36.2 MG / sodium phosphate, monobasic 40.8 MG Oral Tablet [Phosphasal]",SBD,A03BA03|G04BX12|J01XX05,G04BX12,,
1053772,nystatin 100000 UNT/ML / triamcinolone acetonide 1 MG/ML Topical Cream [Tri-Statin],SBD,A01AB11|A01AC01|A07AA02|D01AA01|H02AB08|R01AD11,C05AA12|D01AA01|D07AB09|D07XB02,,
244486,betamethasone 0.25 MG/ML Topical Cream,SCD,D07AC01|H02AB01|S01BA06|S03BA03,C05AA05|D07AC01|D07XC01,,
244549,benzocaine 60 MG/ML Topical Cream,SCD,C05AD03|D04AB04|R02AD01,C05AD03|D04AB04,,
246504,netilmicin 10 MG/ML Injectable Solution,SCD,J01GB07|S01AA23,J01GB07,,
260309,hydrocortisone 10 MG/ML Rectal Cream [Preparation H Hydrocortisone],SBD,A01AC03|A07EA02|D07AA02|D07AB02|D07AB11|H02AB09|S01BA02,A07EA02,,
260311,hydrocortisone 10 MG/ML Rectal Cream [Proctocort],SBD,A01AC03|A07EA02|D07AA02|D07AB02|D07AB11|H02AB09|S01BA02,A07EA02|C05AA01,,
282561,methoxsalen 0.02 MG/ML Injectable Solution,SCD,D05AD02|D05BA02,D05BA02,,
1655041,chlorhexidine gluconate 20 MG/ML Medicated Liquid Soap [Scrub-Stat],SBD,A01AB03|D08AC02|R02AA05,D08AC02,,
1234396,hydrocortisone acetate 10 MG/ML / pramoxine hydrochloride 10 MG/ML Topical Lotion [Pramosone],SBD,A01AC03|A07EA02|D07AA02|D07AB02|D07AB11|H02AB09|S01BA02,D07XA01,,
1234506,hydrocortisone acetate 25 MG/ML / pramoxine hydrochloride 10 MG/ML Topical Cream,SCD,A01AC03|A07EA02|D07AA02|D07AB02|D07AB11|H02AB09|S01BA02,D07XA01,,
1000558,fluorometholone 1 MG/ML / sulfacetamide sodium 100 MG/ML Ophthalmic Suspension [FML-S],SBD,D10AB02|S01BA07,S01AB04|S01BA07|S01CB05,,
1000726,sulfacetamide sodium 100 MG/ML / sulfur 10 MG/ML Medicated Liquid Soap [Rosac],SBD,D10AB02,D10AB02|D10AF06,,
1010234,sulfacetamide sodium 80 MG/ML / sulfur 40 MG/ML Medicated Liquid Soap,SCD,D10AB02,D10AF06,,
1012017,prednisolone acetate 2 MG/ML / sulfacetamide sodium 100 MG/ML Ophthalmic Suspension [Blephamide],SBD,A07EA01|D10AB02|H02AB06|S01BA04|S03BA02,S01AB04|S01BA04|S01CB02|S03BA02,,
1037328,hydrocortisone acetate 50 MG/ML Injectable Suspension,SCD,A01AC03|A07EA02|D07AA02|D07AB02|D07AB11|H02AB09|S01BA02,A01AC03|A07EA02|C05AA01|H02AB09,,
1043488,povidone-iodine 50 MG/ML Medicated Pad,SCD,D08AG02|D09AA09|D11AC06|G01AX11|R02AA15,D08AG02,,
1045344,benzocaine 0.2 MG/MG / menthol 0.0025 MG/MG Oral Paste,SCD,C05AD03|D04AB04|R02AD01,C05AD03|N01BA05,,
244095,glucose 25 MG/ML / sodium chloride 0.0769 MEQ/ML Injectable Solution,SCD,A12CA01|B05BA03|B05BB01|B05CB01|B05XA03|S01XA03|V06DC01,A12CA01|B05CB01|B05XA03|V06DC01,,
1047761,hydrocortisone 10 MG/ML Topical Lotion [Theracort],SBD,A01AC03|A07EA02|D07AA02|D07AB02|D07AB11|H02AB09|S01BA02,D07AA02,,
1046810,atropine sulfate 0.0194 MG / hyoscyamine sulfate 0.1037 MG / phenobarbital 16.2 MG / scopolamine hydrobromide 0.0065 MG Oral Capsule [Donnatal],SBD,A03BA03|N03AA02,A03BA01|A03BA03|A04AD01|N03AA02|N05CM05,,
1012609,ferrous sulfate 10 MG/ML Oral Suspension [MyKidz Iron],SBD,B03AA01|B03AA07,B03AA07,,
1053368,Benzocaine 200 MG/ML / Petrolatum 744 MG/ML Topical Cream [Orajel Cold Sore],SBD,C05AD03|D04AB04|R02AD01,C05AD03|D04AB04,,
1996082,100 ML glucose 500 MG/ML Injection,SCD,B05BA03|V06DC01,B05CX01|V04CA02|V06DC01,,
2043303,eucalyptol 0.92 MG/ML / menthol 0.42 MG/ML / methyl salicylate 0.6 MG/ML / thymol 0.64 MG/ML Mouthwash [Listerine Ultraclean],SBD,R05CA13,A01AB,,
207390,50 ML penicillin G potassium 20000 UNT/ML Injection,SCD,J01CE08|J01CE09,J01CE01,,
313627,ascorbic acid 100 MG / ferrous fumarate 600 MG / vitamin B12 0.025 MG Oral Tablet,SCD,A11GA01|B03BA01,A11GA01|B03AA02|B03BA01,,
351875,72 HR scopolamine 0.0139 MG/HR Transdermal System [Transderm Scop],SBD,A04AD01,N05CM05,,
359450,dimethicone 45 MG/ML Topical Cream,SCD,P03AX05,D02AA,,
801923,magnesium chloride 0.3 MG/ML / potassium chloride 0.37 MG/ML / sodium acetate 2.22 MG/ML / sodium chloride 5.26 MG/ML / sodium gluconate 5.02 MG/ML Irrigation Solution,SCD,B05XA08,B05XA08|V07AB,,
830205,clindamycin 10 MG/ML Medicated Pad [ClindaReach],SBD,D10AF01|J01FF01,D10AF01,,
848178,Augmented betamethasone 0.5 MG/ML Topical Lotion,SCD,D07AC01|H02AB01|S01BA06|S03BA03,D07AC01,,
210847,aluminum hydroxide 120 MG/ML / magnesium hydroxide 60 MG/ML Oral Suspension [Maalox],SBD,A02AB01,A02AD01,,
213972,"belladonna extract, USP 16.2 MG / opium 60 MG Rectal Suppository [B & O Supprettes 16-A]",SBD,A07DA02,A07DA02|N02AA02,,
2178275,200 ML ibuprofen 4 MG/ML Injection [Caldolor],SBD,M01AE01|M01AE14|M02AA13,M01AE01,,
2178939,acetaminophen 15 MG/ML / ephedrine hydrochloride 0.9 MG/ML / guaifenesin 2.1 MG/ML Oral Solution,SCD,N02BE01|R05CA03,C01CA26|N02BE01|R03CA02|R05CA03,,
1091941,salicylic acid 10 MG/ML Topical Solution [GM Collin Puracne],SBD,D01AE12|N02BA04,D01AE12,,
857111,acetaminophen 500 MG / hydrocodone bitartrate 2.5 MG Oral Tablet,SCD,N02BE01|R05DA03,N02AJ22,,
403939,guaifenesin 20 MG/ML / phenylephrine tannate 1 MG/ML Oral Suspension,SCD,R05CA03,R01BA03|R05CA03,,
847440,sodium fluoride 0.02 MG/MG Oral Gel [Pediagel],SBD,A01AA01,A01AA01|A12CD01,,
211753,prednisolone 10 MG/ML Ophthalmic Solution [AK-Pred],SBD,S01BA04,S01BA04|S01CB02|S03BA02,,
2117610,50 ML calcium gluconate 20 MG/ML Injection,SCD,A12AA03,B05XA19,,
1094353,phenazopyridine hydrochloride 50 MG / sulfamethizole 250 MG Oral Tablet,SCD,G04BX06,B05CA04|G04BX06|J01EB02,,
1110820,benzocaine 75 MG/ML Mucosal Spray [Finafta Multi Oral],SBD,C05AD03|D04AB04|R02AD01,N01BA05,,
1149666,povidone-iodine 100 MG/ML Medicated Liquid Soap [Betadine],SBD,D08AG02|D09AA09|D11AC06|G01AX11|R02AA15,D08AG02|D09AA09|D11AC06,,
1190319,chlophedianol hydrochloride 12.5 MG / chlorcyclizine hydrochloride 9.38 MG / phenylephrine hydrochloride 5 MG Chewable Tablet [Vanacof-PE],SBD,R05DB10|R06AE04,R01BA03|R05DB10|R06AE04,,
562844,sulfacetamide sodium 0.1 MG/MG / sulfur 0.05 MG/MG Topical Gel,SCD,D10AB02,D10AB02|D10AF06,,
860036,hydrocodone bitartrate 0.332 MG/ML / phenylephrine hydrochloride 1 MG/ML / pyrilamine maleate 1.67 MG/ML Oral Solution [Trimal DH],SBD,R05DA03,R01BA03|R05DA03|R06AC01,,
1006687,sulfacetamide sodium 100 MG/ML Topical Foam [Ovace],SBD,D10AB02,D10AB02|D10AF06,,
1013073,lidocaine hydrochloride 20 MG/ML / oxytetracycline 50 MG/ML Injectable Solution [Terramycin IM],SBD,D04AB01|J01AA06|N01BB02|R02AD02,A01AB25|C01BB01|C05AD01|J01AA06|N01BB02,,
1037039,ethanol 0.68 ML/ML Topical Gel,SCD,D08AX08|V03AB16|V03AZ01,D08AX08,,
1044606,sodium chloride 9 MG/ML Nasal Solution [Cleanoz Saline],SBD,A12CA01|B05BB01|B05CB01|B05XA03|S01XA03,R01AX,,
239018,20 ML ammonium chloride 5 MEQ/ML Injection,SCD,G04BA01,B05XA04|G04BA01,,
243463,aluminum hydroxide 40 MG/ML / magnesium hydroxide 40 MG/ML Oral Suspension,SCD,A02AB01,A02AD01,,
1723991,lidocaine hydrochloride 38.8 MG/ML Topical Cream,SCD,D04AB01|N01BB02|R02AD02,D04AB01,,
857853,chlorpheniramine maleate 0.4 MG/ML / hydrocodone bitartrate 0.5 MG/ML / phenylephrine hydrochloride 1 MG/ML Oral Solution [Atuss HD],SBD,R05DA03|R06AB04,R01BA03|R05DA03|R06AB04,,
1039708,ethanol 0.67 ML/ML Topical Gel,SCD,D08AX08|V03AB16|V03AZ01,D08AX08,,
1046487,salicylic acid 5 MG/ML Topical Spray,SCD,D01AE12|N02BA04,D01AE12,,
1046972,atropine sulfate 0.0194 MG / hyoscyamine sulfate 0.1037 MG / phenobarbital 16.2 MG / scopolamine hydrobromide 0.0065 MG Oral Tablet [Chardonna],SBD,A03BA03|N03AA02,A03BA01|A03BA03|A04AD01|N03AA02|N05CM05,,
1053417,Salicylic Acid 10 MG/ML Topical Cream [Proactiv Cleansing],SBD,D01AE12|N02BA04,D01AE12,,
245647,benzocaine 100 MG/ML Topical Solution,SCD,C05AD03|D04AB04|R02AD01,D04AB04,,
283270,capsaicin 0.25 MG/ML / menthol 100 MG/ML / methyl salicylate 150 MG/ML Topical Cream,SCD,N01BX04,M02AC|N01BX04,,
1739211,triamcinolone acetonide 6 MG/ML Injectable Suspension [Vetalog],SBD,A01AC01|H02AB08|R01AD11,A01AC01|C05AA12|H02AB08|R03BA06,,
260269,benzocaine 0.05 MG/MG Topical Gel,SCD,C05AD03|D04AB04|R02AD01,C05AD03|D04AB04,,
1190450,12 HR diphenhydramine hydrochloride 100 MG / pseudoephedrine hydrochloride 120 MG Extended Release Oral Tablet [Tekral],SBD,R01BA02,R01BA02|R06AA02,,
1190563,atropine sulfate 0.005 MG/MG Ophthalmic Ointment,SCD,A03BA01|S01FA01,S01FA01,,
1191003,capsaicin 0.00002 MG/MG / menthol 0.004 MG/MG Medicated Patch,SCD,N01BX04,M02AB01|N01BX04,,
579247,Lactobacillus acidophilus 25000000 UNT / pectin 100 MG Oral Tablet,SCD,A07BC01,A07BC01|A07FA51,,
1014639,salicylic acid 0.01 MG/MG Paste,SCD,D01AE12|N02BA04,D01AE12|D02AF,,
1046557,pheniramine maleate 0.8 MG/ML / phenylpropanolamine hydrochloride 2.5 MG/ML / phenyltoloxamine citrate 0.8 MG/ML / pyrilamine maleate 0.8 MG/ML Oral Solution [Liqui-Histine-D],SBD,R01BA01,R01BA01|R06AB05|R06AC01,,
1665365,benzalkonium chloride 1 MG/ML Medicated Shampoo,SCD,D08AJ01|D08AJ08|R02AA16,D11AC,,
1006107,sulfacetamide sodium 100 MG/ML Medicated Liquid Soap,SCD,D10AB02,D10AF06,IMPROVED,D10AF06
283411,dimethicone 0.02 MG/MG Topical Ointment,SCD,P03AX05,D02AA,,
310152,erythromycin 0.02 MG/MG Topical Gel,SCD,J01FA01,D10AF02,,
848956,ciprofloxacin 2 MG/ML Otic Solution,SCD,J01MA02,S02AA15,,
1101850,phenol 5 MG/ML Mucosal Spray [Chloraseptic Spray],SBD,D08AE03,N01BX03,,
1115754,triclosan 3.75 MG/ML Medicated Liquid Soap,SCD,D08AE04,D08AE04|D09AA06,,
1117116,biotin 0.6 MG/ML / niacinamide 3 MG/ML / panthenol 5 MG/ML / zinc pyrithione 21 MG/ML Medicated Shampoo,SCD,A11HA01|A11HA05|D11AX12,D11AX12,,
1120017,hydrogen peroxide 10 MG/ML Topical Solution [Oxycide],SBD,A01AB02|D08AX01,D08AX01|D11AX25,,
1235477,benzocaine 15 MG / menthol 3.6 MG Oral Lozenge [Cepacol Sore Throat Pain Relief],SBD,C05AD03|D04AB04|R02AD01,R02AD01,IMPROVED,R02AD01
212381,aminosalicylic acid 4000 MG Oral Granules [Paser D/R],SBD,J04AA01|J04AA02,J04AA01,,
2167855,histamine dihydrochloride 0.3 MG/ML Topical Cream,SCD,V04CG03,M02AX,,
543879,acetic acid 0.009 MG/MG / oxyquinoline sulfate 0.00025 MG/MG Vaginal Gel [Relagard],SBD,G01AD02|S02AA10,G01AC30,,
544553,citric acid 128 MG/ML / sodium citrate 98 MG/ML Oral Solution [Oracit],SBD,A09AB04|B05CB02,G04BC,,
577231,menthol / zinc oxide Topical Powder,SCDF,C05AX04,D02AB,,
582205,benzethonium chloride 1.3 MG/ML Topical Spray,SCD,D08AJ08|R02AA09,D08AJ08,,
1012231,sulfabenzamide 184 MG / sulfacetamide sodium 144 MG / sulfathiazole 172 MG Vaginal Insert [Sultrin Triple Sulfa],SBD,D10AB02,D06BA02,,
1085781,triamcinolone acetonide 0.25 MG/ML Topical Cream [Triacet],SBD,A01AC01|H02AB08|R01AD11,C05AA12|D07AB09|D07XB02,,
243471,aluminum hydroxide 162 MG / magnesium trisilicate 250 MG Oral Tablet,SCD,A02AB01,A02AB01|A02AB02,,
252551,triclosan 0.001 MG/MG Medicated Bar Soap,SCD,D08AE04,D08AE04|D09AA06,,
1190850,atropine sulfate 0.039 MG/ML / phenobarbital 3 MG/ML Oral Solution,SCD,N03AA02,A03BA01|N03AA02,,
859383,guaifenesin 40 MG/ML / hydrocodone bitartrate 0.5 MG/ML Oral Solution,SCD,R05CA03|R05DA03,R05FA02,,
1657985,"heparin sodium, porcine 10000 UNT/ML Cartridge",SCD,B01AB01,B01AB01|C05BA03,,
244526,salicylic acid 30 MG/ML Topical Lotion,SCD,D01AE12|N02BA04,D01AE12,,
1744003,emtricitabine 100 MG / tenofovir disoproxil fumarate 150 MG Oral Tablet [Truvada],SBD,J05AF07|J05AF09,J05AR03,,
1789542,cholecalciferol 0.01 MG / tricalcium phosphate 658 MG Chewable Tablet [Caltrate Gummy Bites],SBD,A11CC05,A11CC05|A12AX,,
1795171,1000 ML glucose 50 MG/ML / sodium chloride 3.3 MG/ML Injection,SCD,A12CA01|B05BA03|B05BB01|B05CB01|B05XA03|S01XA03|V06DC01,B05BB01,,
1797915,triamcinolone acetonide 0.055 MG/ACTUAT Metered Dose Nasal Spray [Nasacort],SBD,A01AC01|H02AB08|R01AD11,R01AD11,,
1797937,triamcinolone acetonide 0.05 MG/ACTUAT Metered Dose Nasal Spray [Tri-Nasal],SBD,A01AC01|H02AB08|R01AD11,R01AD11,,
1805714,triamcinolone acetonide 0.15 MG/ML Topical Spray [Genesis],SBD,A01AC01|H02AB08|R01AD11,C05AA12|D07AB09|D07XB02,,
1807639,1000 ML sodium chloride 9 MG/ML Injection,SCD,A12CA01|B05BB01|B05CB01|B05XA03|S01XA03,B05XA03,,
1807638,20 ML sodium chloride 9 MG/ML Injection,SCD,A12CA01|B05BB01|B05CB01|B05XA03|S01XA03,B05XA03,,
1812737,benzalkonium chloride 3 MG/ML Medicated Pad,SCD,D08AJ01|D08AJ08|R02AA16,D09AA11,,
1865706,zinc sulfate 5 MG/ML Injection,SCD,A12CB01,A12CB01|B05XA18,,
1876116,chlorhexidine gluconate 20 MG/ML / miconazole nitrate 20 MG/ML / salicyloyl phytosphingosine 0.5 MG/ML Medicated Shampoo,SCD,A01AB03|A01AB09|D01AC02|D08AC02|G01AF04|R02AA05,D01AC02|D08AC02|D09AA12,,
1293727,hydrocortisone acetate 0.02 MG/MG / pramoxine hydrochloride 0.01 MG/MG Topical Gel,SCD,A01AC03|A07EA02|D07AA02|D07AB02|D07AB11|H02AB09|S01BA02,D07XA01,,
1305757,{7 (ethinyl estradiol 0.025 MG / norgestimate 0.18 MG Oral Tablet) / 7 (ethinyl estradiol 0.025 MG / norgestimate 0.215 MG Oral Tablet) / 7 (ethinyl estradiol 0.025 MG / norgestimate 0.25 MG Oral Tablet) / 7 (inert ingredients 1 MG Oral Tablet) } Pack [Tri-Lo-Marzia 28-Day],BPCK,G03CA01,G03AA11,,
1356495,benzocaine 50 MG/ML / phenol 13.5 MG/ML Topical Solution,SCD,C05AD03|D04AB04|D08AE03|R02AD01,C05AD03|C05BB05|D04AB04|D08AE03,,
1356803,capsaicin 0.00035 MG/MG / lidocaine hydrochloride 0.005 MG/MG / menthol 0.05 MG/MG / methyl salicylate 0.2 MG/MG Medicated Patch,SCD,D04AB01|N01BB02|N01BX04|R02AD02,M02AC,,
1356802,brompheniramine maleate 4 MG / codeine phosphate 10 MG Oral Tablet [BroveX CB],SBD,R05DA04|R06AB01,R05DA04,,
1356841,brompheniramine maleate 0.8 MG/ML / phenylephrine hydrochloride 2 MG/ML Oral Solution,SCD,R06AB01,R01BA53|R06AB01,,
1362958,"heparin sodium, porcine 8.3 UNT/ML Injectable Solution",SCD,B01AB01,B01AB01|C05BA03,,
1363382,aluminum magnesium silicate 125 MG / calcium carbonate 200 MG / sodium bicarbonate 200 MG Chewable Tablet,SCD,A02AD05,A02AC01|A02AD05,,
1372312,acetaminophen 32 MG/ML / chlorpheniramine maleate 0.2 MG/ML / phenylephrine hydrochloride 0.5 MG/ML Oral Suspension,SCD,N02BE01|R06AB04,N02BE51,BOTH_WRONG,N02BE51
1376059,dexamethasone sodium phosphate 0.0005 MG/MG Ophthalmic Ointment [Decadron],SBD,H02AB02|S01BA01,S01BA01|S01CB01|S03BA01,,
1422064,chlorhexidine gluconate 40 MG/ML Medicated Shampoo [Vital-Chlor],SBD,A01AB03|D08AC02|R02AA05,D08AC02|D09AA12,,
1425448,hydrogen peroxide 8.5 MG/ML Topical Solution,SCD,A01AB02|D08AX01,D08AX01|D11AX25,,
1425446,hydrogen peroxide 5 MG/ML Topical Solution [HP 502],SBD,A01AB02|D08AX01,D08AX01|D11AX25,,
1437678,hydrogen peroxide 5 MG/ML Topical Solution [Oxycide],SBD,A01AB02|D08AX01,D08AX01|D11AX25,,
1494214,petrolatum 0.57 MG/MG / zinc oxide 0.17 MG/MG Paste,SCD,C05AX04,D02AB,,
1539545,acetaminophen 80 MG / phenylephrine hydrochloride 2.5 MG Chewable Tablet,SCD,N02BE01,R01BA03,,
1549312,miconazole nitrate 0.02 MG/MG Powder Spray [Ting AF],SBD,A01AB09|D01AC02|G01AF04,D01AC02,,
1599815,chlorhexidine gluconate 20 MG/ML / lidocaine hydrochloride 20 MG/ML / pramoxine hydrochloride 10 MG/ML Topical Spray,SCD,A01AB03|D04AB01|D08AC02|N01BB02|R02AA05|R02AD02,C05AD01|C05AD07|D04AB01|D04AB07|D08AC02|D09AA12|N01BB02,,
1797059,zinc oxide 0.4 MG/MG Paste [Desitin],SBD,C05AX04,D02AB,,
197429,aspirin 650 MG / butalbital 50 MG Oral Tablet,SCD,B01AC06|N02BA01|N02BA51,N02BA01,,
1247441,benzocaine 200 MG/ML / resorcinol 30 MG/ML Vaginal Cream [Vagisil Original Formula],SBD,C05AD03|D04AB04|R02AD01,D04AB04,,
1293717,diphenhydramine hydrochloride 10 MG/ML / zinc acetate 1 MG/ML Topical Cream [Benadryl Itch Stopping],SBD,A16AX05,D04AA32,,
1293905,menthol 5 MG/ML / pramoxine hydrochloride 10 MG/ML Topical Lotion,SCD,C05AD07|D04AB07,D04AB07,,
1300074,chlorhexidine gluconate 40 MG/ML Topical Spray,SCD,A01AB03|D08AC02|R02AA05,D08AC02|D09AA12,,
1309346,dimethicone 31 MG/ML Topical Cream,SCD,P03AX05,D02AA,,
1436083,lidocaine 50 MG/ML Rectal Cream [Lidum],SBD,D04AB01|N01BB02|R02AD02,C05AD01,,
1439915,salicylic acid 0.4 MG/MG Medicated Patch [Verrustat],SBD,D01AE12|N02BA04,D01AE12,,
1485215,benzocaine 100 MG/ML / camphor 30 MG/ML / phenol 13.5 MG/ML Topical Solution [Stingeze Max],SBD,C05AD03|D04AB04|D08AE03|R02AD01,C05AD03|C05BB05|D04AB04|D08AE03,,
1487376,salicylic acid 285 MG/ML Topical Solution [Ultrasal],SBD,D01AE12|N02BA04,D01AE12|D11AF,,
1549403,benzocaine 15 MG/ML / chloroxylenol 1 MG/ML / hydrocortisone acetate 10 MG/ML Otic Suspension [TriOxin],SBD,D08AE05,S02BA01,,
1358750,methylprednisolone acetate 2.5 MG/ML / neomycin 3.5 MG/ML Topical Cream,SCD,A07AA01|D06AX04|H02AB04|S01AA03,D06AX04|D07AA01|D07AC14|D10AA02,,
1795478,glucose 100 MG/ML Injection,SCD,B05BA03,B05BA03|B05CX01|V04CA02|V06DC01,,
197362,ammonium lactate 120 MG/ML Topical Lotion,SCD,G01AD01,D02AX,,
1305810,citric acid 12000 MG / magnesium oxide 3500 MG / picosulfate sodium 10 MG Powder for Oral Solution [Prepopik],SBD,A09AB04,A02AA02|A06AB08|A06AD02|A09AB04|A12CC10,,
1307862,dimethicone 16 MG/ML Topical Cream,SCD,P03AX05,D02AA,,
1438107,calcium carbonate 1000 MG / magnesium hydroxide 200 MG Chewable Tablet [Rolaids Reformulated Aug 2006],SBD,A02AA04|A12AA04,A02AA04|A02AC01,,
1551519,isoflupredone acetate 0.001 MG/MG / neomycin sulfate 0.005 MG/MG / tetracaine hydrochloride 0.005 MG/MG Topical Ointment [Tritop],SBD,A07AA01|D06AX04|S01AA03,D04AB06|D06AX04,BOTH_WRONG,D04AB06|D06AX04
1870633,50 ML gentamicin 1.2 MG/ML Injection,SCD,D06AX07|S03AA06,J01GB03,,
1241888,tolazoline 100 MG/ML Injectable Solution,SCD,C04AB02|M02AX02,C04AB02,,
1359675,estradiol 0.00208 MG/HR / norethindrone acetate 0.00583 MG/HR Transdermal System [Combipatch],SBD,G03CA03,G03FA01,,
1375981,zinc acetate 2 MG/ML Topical Cream,SCD,A16AX05,D02AB,,
1429345,chlorpheniramine maleate 0.2 MG/ML / phenylephrine hydrochloride 0.5 MG/ML Oral Solution,SCD,R06AB04,R01BA53|R06AB04,,
1251337,{28 (ethinyl estradiol 0.005 MG / norethindrone acetate 1 MG Oral Tablet) } Pack [Femhrt 1/5 28 Day],BPCK,G03CA01|G03DC02,G03FA01,,
1651393,miconazole nitrate 10 MG/ML Topical Spray [MicaVed],SBD,A01AB09|D01AC02|G01AF04,D01AC02,,
1359111,mineral oil 0.14 MG/MG / petrolatum 0.719 MG/MG / phenylephrine hydrochloride 0.0025 MG/MG Rectal Ointment [Formulation R Ointment],SBD,A06AA01,A06AA01|C05AX06,,
1362781,hydrocodone bitartrate 0.332 MG/ML / phenylephrine hydrochloride 1 MG/ML / pyrilamine maleate 1.67 MG/ML Oral Solution,SCD,R05DA03,R01BA03|R05DA03|R06AC01,,
1427997,salicylic acid 10 MG/ML Topical Solution [Clearasil Toner],SBD,D01AE12|N02BA04,D01AE12,IMPROVED,D01AE12
749737,{21 (ethinyl estradiol 0.035 MG / norethindrone 0.4 MG Oral Tablet) / 7 (inert ingredients 1 MG Oral Tablet) } Pack [Ovcon 35 28 Day],BPCK,G03CA01|G03DC02,G03AA05,,
644790,folic acid 2.5 MG / vitamin B12 1 MG / vitamin B6 25 MG Oral Tablet [Folbee],SBD,B03BA01|B03BB01,A11JA,,
701305,tretinoin 0.00025 MG/MG Topical Gel [Retin-A],SBD,D10AD01|L01XX14,D10AD01,,
800057,calcium chloride 0.00014 MEQ/ML / glucose 0.6 MG/ML / magnesium chloride 0.0000245 MEQ/ML / sodium chloride 0.00368 MEQ/ML / sodium lactate 0.0016 MEQ/ML Intraperitoneal Solution,SCD,A12CA01|A12CC01|B05BA03|B05BB01|B05CB01|B05XA03|B05XA07|G01AD01|S01XA03|V06DC01,B05DB,,
800115,calcium chloride 0.000996 MEQ/ML / glucose 1 MG/ML / magnesium chloride 0.0000245 MEQ/ML / sodium chloride 0.00368 MEQ/ML / sodium lactate 0.0016 MEQ/ML Intraperitoneal Solution [Dianeal Low Calcium 2.5],SBD,A12CA01|A12CC01|B05BA03|B05BB01|B05CB01|B05XA03|B05XA07|G01AD01|S01XA03|V06DC01,B05DB,,
748856,{24 (drospirenone 3 MG / ethinyl estradiol 0.02 MG Oral Tablet) / 4 (inert ingredients 1 MG Oral Tablet) } Pack [Yaz 28 Day],BPCK,G03AA12|G03AC10,G03AA12,,
993261,benzenesulfonic acid 5 MG/ML / hydrogen peroxide 5 MG/ML / lactic acid 17 MG/ML Topical Solution [Oxy Gard],SBD,A01AB02|D08AX01|G01AD01,D08AX01,,
876866,ascorbic acid 35 MG/ML / cholecalciferol 0.01 MG/ML / ferrous sulfate 50 MG/ML / niacin 8 MG/ML / riboflavin 0.6 MG/ML / thiamine 0.5 MG/ML / vitamin A 0.45 MG/ML / vitamin B6 0.4 MG/ML / vitamin E 2.25 MG/ML Oral Solution [Poly-Vi-Sol with Iron],SBD,A11CA01|A11DA01|A11GA01|A11HA03|A11HA04,A11CA01|A11DA01|A11GA01|A11HA03|A11HA04|B03AA07,,
310866,hydrocortisone 5 MG/ML / neomycin 5 MG/ML Topical Cream,SCD,A01AC03|A07AA01|A07EA02|D06AX04|D07AA02|D07AB02|D07AB11|H02AB09|S01AA03|S01BA02,C05AA01|D06AX04|D07AA02|D07AB02|D07AB11|D07AC16|D07XA01,,
2003792,chlorhexidine gluconate 0.002 MG/MG Topical Ointment,SCD,A01AB03|D08AC02|R02AA05,D08AC02,,
204520,potassium chloride 2 MEQ/ML Injectable Solution,SCD,A12BA01|B05XA01,A12BA01,,
896864,chorionic gonadotropin 10000 UNT/ML Injectable Solution [Chorigon],SBD,G03GA01,G03GA01|G03GA08,,
669750,desonide 0.5 MG/ML Topical Foam [Verdeso],SBD,D07AB08|S01BA11,D07AB08,,
991502,codeine phosphate 2 MG/ML / promethazine hydrochloride 1.25 MG/ML Oral Solution [Phenergan with Codeine],SBD,R05DA04,R05DA04|R06AD02,IMPROVED,R05DA04|R06AD02
994007,esomeprazole 20 MG / naproxen 375 MG Delayed Release Oral Tablet [Vimovo],SBD,A02BC05,M01AE52,IMPROVED,M01AE52
309926,diperodon 0.005 MG/MG / hydrocortisone 0.005 MG/MG / zinc oxide 0.05 MG/MG Topical Ointment,SCD,A01AC03|A07EA02|C05AX04|D07AA02|D07AB02|D07AB11|H02AB09|S01BA02,C05AA01|C05AX04|D07AA02|D07AB02|D07AB11|D07AC16|D07XA01,,
310867,hydrocortisone 0.005 MG/MG / neomycin 0.005 MG/MG Topical Ointment,SCD,A01AC03|A07AA01|A07EA02|D06AX04|D07AA02|D07AB02|D07AB11|H02AB09|S01AA03|S01BA02,C05AA01|D06AX04|D07AA02|D07AB02|D07AB11|D07AC16|D07XA01,,
311450,50 ML mannitol 250 MG/ML Injection,SCD,A06AD16,B05BC01,,
1089090,glycerin 30 MG/ML / sodium chloride 7.5 MG/ML Nasal Spray [Pretz],SBD,A06AX01|A12CA01|B05BB01|B05CB01|B05XA03|S01XA03,R01AX,IMPROVED,R01AX
2001745,capsaicin 0.000375 MG/MG / lidocaine 0.005 MG/MG / menthol 0.05 MG/MG / methyl salicylate 0.2 MG/MG Medicated Patch,SCD,D04AB01|N01BB02|N01BX04|R02AD02,M02AC,,
996032,calcium ascorbate 50 MG / ferrous asparto glycinate 50 MG / polysaccharide iron complex 100 MG / succinic acid 50 MG Oral Capsule [Niferex-150],SBD,A11GA01|B03AB02,B03AE,,
998509,miconazole nitrate 20 MG/ML Topical Cream [Micatin],SBD,A01AB09|D01AC02|G01AF04,D01AC02,,
205800,gentamicin 1 MG/ML Topical Cream [G-Myticin],SBD,D06AX07|S03AA06,D06AX07,IMPROVED,D06AX07
701184,aluminum chlorohydrate 160 MG/ML Topical Lotion [Adidas],SBD,D09AA08|M05BX02,D09AA08,,
702019,ferrous fumarate 60.6 MG/ML / folic acid 0.2 MG/ML Oral Solution,SCD,B03BB01,B03AA02|B03BB01,,
668901,castor oil 0.788 MG/MG / Peruvian balsam 0.087 MG/MG / trypsin 0.09 UNT/MG Topical Ointment [Allanderm],SBD,A06AB05,D03BA01,,
755839,codeine 2 MG/ML / phenylephrine 0.4 MG/ML / pseudoephedrine 6 MG/ML Oral Solution,SCD,R01BA02|R05DA04,R01BA02|R01BA03|R05DA04,,
747260,50 ML sodium chloride 9 MG/ML Prefilled Syringe,SCD,B05BB01|B05CB01|B05XA03,A12CA01|B05BB01|B05CB01|B05XA03,,
309274,choline salicylate 174 MG/ML Oral Solution,SCD,N02BA03,N02BA03|N07AX02,,
998540,miconazole nitrate 20 MG/ML Vaginal Cream,SCD,A01AB09|D01AC02|G01AF04,G01AF04,,
861657,24 HR nitroglycerin 0.1 MG/HR Transdermal System,SCD,C01DA02|C05AE01,C01DA02,,
310208,estrone 2 MG / testosterone 25 MG Injectable Suspension,SCD,G03BA03,G03BA03|G03CA07|G03CC04,,
313634,ascorbic acid 500 MG / ferrous sulfate 525 MG / folic acid 0.8 MG Extended Release Oral Tablet,SCD,A11GA01|B03BB01,B03AE,,
831872,{21 (desogestrel 0.15 MG / ethinyl estradiol 0.02 MG Oral Tablet) / 5 (ethinyl estradiol 0.01 MG Oral Tablet) / 2 (inert ingredients 1 MG Oral Tablet) } Pack [Azurette 28 Day],BPCK,G03AA09|G03AC09|G03CA01,G03AA09,,
800037,alanine 3.48 MG/ML / arginine 3.56 MG/ML / aspartate 2.45 MG/ML / glucose 50 MG/ML / glutamate 2.58 MG/ML / glycine 1.75 MG/ML / histidine 1.05 MG/ML / isoleucine 2.31 MG/ML / leucine 3.5 MG/ML / lysine 3.68 MG/ML / methionine 0.6 MG/ML / phenylalanine 1.04 MG/ML / proline 2.52 MG/ML / serine 1.86 MG/ML / threonine 1.4 MG/ML / tryptophan 0.7 MG/ML / tyrosine 0.94 MG/ML / valine 1.75 MG/ML Injectable Solution [Aminosyn II 3.5% in 5% Dextrose],SBD,B05CX03|B05XB03|N06AX02|V03AB26,A09AB01|B05CX01|B05CX03|B05XB01|B05XB03|N06AX02|V03AB26|V04CA02|V06DC01,,
313002,sodium chloride 9 MG/ML Injectable Solution,SCD,A12CA01|B05BB01|B05CB01|B05XA03|S01XA03,B05XA03,,
309695,dexamethasone 1 MG/ML / neomycin 3.5 MG/ML Ophthalmic Solution,SCD,A07AA01|D06AX04|H02AB02|S01AA03|S01BA01,S01AA03|S01BA01|S01CB01|S03AA01|S03BA01,,
629979,hydrofluoric acid 1 MG/ML / sodium fluoride 11 MG/ML / stannous fluoride 4 MG/ML Oral Solution,SCD,A01AA04,A01AA01|A01AA04|A12CD01,,
701990,mineral oil 0.12 MG/MG / petrolatum 0.88 MG/MG Ophthalmic Ointment,SCD,A06AA01,S01XA20,,
695964,calcium carbonate 500 MG / cholecalciferol 0.01 MG Oral Tablet,SCD,A11CC05,A11CC05|A12AA04,,
891812,ascorbic acid 113 MG / beta carotene 7160 MG / cuprous oxide 0.4 MG / dl-alpha tocopheryl acetate 100 UNT / zinc oxide 17.4 MG Oral Tablet,SCD,A11GA01|A11HA03,A11JB,,
311931,neomycin 5 MG / prednisolone 5 MG Topical Ointment,SCD,A07AA01|A07EA01|D06AX04|H02AB06|S01AA03|S01BA04|S03BA02,C05AA04|D06AX04|D07AA03|D07XA02,,
798118,erythromycin 20 MG/ML Medicated Pad [Erycette],SBD,J01FA01,D10AF02,,
755802,chlorpheniramine 0.6 MG/ML / ephedrine 0.8 MG/ML Oral Solution,SCD,R06AB04,C01CA26|R03CA02|R06AB04,,
861580,meperidine hydrochloride 50 MG / promethazine hydrochloride 25 MG Oral Capsule [Mepergan Fortis],SBD,N02AB02,N02AB02|R06AD02,,
990997,physostigmine salicylate 2.5 MG/ML Ophthalmic Solution,SCD,S01EB05|V03AB19,S01EB05,,
309690,dexamethasone phosphate 0.0005 MG/MG Ophthalmic Ointment,SCD,H02AB02|S01BA01,S01BA01|S01CB01|S03BA01,,
2045892,{1 (miconazole nitrate 1200 MG Vaginal Insert [Lagicam]) / 1 (9000 MG) (miconazole nitrate 20 MG/ML Vaginal Cream [Lagicam]) } Pack [Lagicam 1 Day Combination Pack],BPCK,A01AB09|D01AC02|G01AF04,G01AF04,,
884211,chlorthalidone 15 MG / clonidine hydrochloride 0.1 MG Oral Tablet [Combipres],SBD,C03BA04,C02AC01|C03BA04|N02CX02,,
967944,diclofenac sodium 15 MG/ML Topical Solution [Pennsaid],SBD,M02AA15,D11AX18|M02AA15,,
967558,zinc oxide 113 MG/ML Topical Cream [Balmex],SBD,C05AX04,D02AB,,
310226,ethinyl estradiol 0.02 MG / fluoxymesterone 1 MG Oral Tablet,SCD,G03BA01,G03BA01|G03CA01|L02AA03,,
1090000,chlorhexidine gluconate 10 MG/ML / ethanol 0.61 ML/ML Topical Lotion [Avagard],SBD,A01AB03|D08AC02|R02AA05,D08AC02,,
995070,chlorpheniramine maleate 0.222 MG/ML / codeine phosphate 1 MG/ML Oral Suspension [Zodryl AC],SBD,R05DA04|R06AB04,R05DA04,,
998400,codeine phosphate 2 MG/ML / dexchlorpheniramine maleate 0.2 MG/ML / phenylephrine hydrochloride 1 MG/ML Oral Solution [Vanacof],SBD,R05DA04|R06AB02,R01BA03|R05DA04|R06AB02,,
998530,miconazole nitrate 0.02 MG/MG Powder Spray [Cruex Prescription Strength],SBD,A01AB09|D01AC02|G01AF04,D01AC02,IMPROVED,D01AC02
388525,betamethasone 0.0005 MG/MG / calcipotriene 0.00005 MG/MG Topical Ointment,SCD,D05AX02|D07XC01,D05AX02,,
801632,alanine 17.6 MG/ML / arginine 8.8 MG/ML / glycine 17.6 MG/ML / histidine 3.72 MG/ML / isoleucine 4.06 MG/ML / leucine 5.26 MG/ML / lysine 4.92 MG/ML / magnesium chloride 0.02 MEQ/ML / methionine 4.92 MG/ML / phenylalanine 5.26 MG/ML / sodium acetate 0.07 MEQ/ML / sodium chloride 0.02 MEQ/ML / threonine 3.56 MG/ML / tryptophan 1.52 MG/ML / tyrosine 0.34 MG/ML / valine 3.9 MG/ML Injectable Solution,SCD,B05CX03|B05XA08|B05XB03|N06AX02|V03AB26,A12CA01|A12CC01|B05CB01|B05CX03|B05XA03|B05XA08|B05XA11|B05XB01|B05XB03|N06AX02|V03AB26,,
1087912,ethanol 0.665 ML/ML Topical Solution,SCD,D08AX08|V03AB16|V03AZ01,D08AX08,,
315186,povidone-iodine 0.1 MG/MG Vaginal Insert,SCD,D08AG02|D09AA09|D11AC06|G01AX11|R02AA15,G01AX11,,
998679,168 HR clonidine 0.0125 MG/HR Transdermal System,SCD,C02AC01|N02CX02,C02AC01,,
800925,"magnesium chloride 0.00148 MEQ/ML / monobasic potassium phosphate 0.0082 MG/ML / potassium chloride 0.00497 MEQ/ML / sodium acetate 0.0272 MEQ/ML / sodium chloride 0.0906 MEQ/ML / sodium gluconate 5 MG/ML / sodium phosphate, dibasic 0.12 MG/ML Injectable Solution",SCD,B05XA08,B05BB02|B05XA08,,
800976,acetate 0.044 MEQ/ML / cysteine 0.2 MG/ML / histidine 2.5 MG/ML / isoleucine 5.6 MG/ML / leucine 8.8 MG/ML / lysine 9 MG/ML / methionine 8.8 MG/ML / phenylalanine 8.8 MG/ML / sodium bisulfite 0.5 MG/ML / sodium chloride 0.005 MEQ/ML / threonine 4 MG/ML / tryptophan 2 MG/ML / valine 6.4 MG/ML Injectable Solution,SCD,B05XB03|N06AX02|V03AB26,A12CA01|B05CB01|B05XA03|B05XB03|N06AX02|V03AB26,,
208812,vancomycin 100 MG/ML Injectable Solution [Vancocin],SBD,A07AA09,A07AA09|J01XA01,,
209278,sulfabenzamide 37 MG/ML / sulfacetamide sodium 28.6 MG/ML / sulfathiazole 34.2 MG/ML Vaginal Cream [Sultrin Triple Sulfa],SBD,D10AB02,D06BA02,,
2108098,miconazole nitrate 0.02 MG/MG Topical Gel [Zeasorb],SBD,A01AB09|D01AC02|G01AF04,D01AC02,,
211677,hydrocortisone 10 MG/ML / neomycin 3.5 MG/ML / polymyxin B 10000 UNT/ML Ophthalmic Suspension [AK-Spore HC],SBD,A01AC03|A07AA01|A07EA02|D06AX04|D07AA02|D07AB02|D07AB11|H02AB09|S01AA03|S01BA02,S01AA03|S01AA18|S01BA02|S01CB03|S03AA01|S03AA03,,
213560,betamethasone 1 MG/ML Topical Cream [Betaderm],SBD,D07AC01|H02AB01|S01BA06|S03BA03,C05AA05|D07AC01|D07XC01,,
2171132,lidocaine 0.0399 MG/MG / menthol 0.0125 MG/MG Medicated Patch [Lidopatch],SBD,D04AB01|N01BB02|R02AD02,C05AD01|D04AB01|N01BB02,,
1094748,benzalkonium chloride 1.3 MG/ML Topical Cream,SCD,D08AJ01|D08AJ08|R02AA16,D08AJ01,BOTH_WRONG,D08AJ01
1112248,12 HR desloratadine 2.5 MG / pseudoephedrine sulfate 120 MG Extended Release Oral Tablet,SCD,R01BA02|R06AX27,R01BA02,,
831259,112 ACTUAT cromolyn sodium 0.8 MG/ACTUAT Metered Dose Inhaler [Intal],SBD,A07EB01|S01GX01,R03BC01,,
1116104,dyphylline 10 MG/ML / ephedrine hydrochloride 1.6 MG/ML / guaifenesin 20 MG/ML / phenobarbital 1.6 MG/ML Oral Solution [Lufyllin-EPG],SBD,N03AA02|R03DA01|R05CA03,C01CA26|N03AA02|R03CA02|R03DA01|R05CA03,,
1190776,atropine sulfate 0.4 MG/ML Injectable Solution,SCD,A03BA01|S01FA01,A03BA01,,
1192862,0.8 ML sodium hyaluronate 16 MG/ML Prefilled Syringe [Amvisc],SBD,M09AX01,S01KA01,,
404472,aluminum hydroxide 50.8 MG/ML / magnesium carbonate 47.5 MG/ML Oral Suspension [Gaviscon],SBD,A02AB01,A02AD03,,
486515,sodium chloride 0.154 MEQ/ML Irrigation Solution,SCD,A12CA01|B05BB01|B05CB01|B05XA03|S01XA03,B05CB01,IMPROVED,B05CB01
858366,ketorolac tromethamine 4.5 MG/ML Ophthalmic Solution [Acuvail],SBD,M01AB15|S01BC05,S01BC05,,
859232,chlorpheniramine maleate 0.5 MG/ML / hydrocodone bitartrate 0.7 MG/ML / phenylephrine hydrochloride 1.6 MG/ML Oral Solution [Relacon-HC],SBD,R05DA03|R06AB04,R01BA03|R05DA03|R06AB04,,
859230,chlorpheniramine maleate 0.5 MG/ML / hydrocodone bitartrate 0.7 MG/ML / phenylephrine hydrochloride 1.6 MG/ML Oral Solution [Liquicough HC],SBD,R05DA03|R06AB04,R01BA03|R05DA03|R06AB04,,
1001437,caffeine 50 MG / magnesium salicylate 162.5 MG Oral Tablet,SCD,N06BC01,N02BA51|N06BC01,,
1010688,20 ML epinephrine 0.005 MG/ML / lidocaine hydrochloride 20 MG/ML Injection,SCD,C01CA24|D04AB01|N01BB02|R02AD02|S01EA01,N01BB02,,
1011996,chlorhexidine gluconate 0.00279 MG/MG / lidocaine hydrochloride 0.02 MG/MG Rectal Gel [Instillagel],SBD,A01AB03|D04AB01|D08AC02|N01BB02|R02AA05|R02AD02,C05AD01,,
1012266,hydrocortisone acetate 20 MG/ML / lidocaine hydrochloride 20 MG/ML Rectal Cream [Peranex],SBD,A01AC03|A07EA02|D04AB01|D07AA02|D07AB02|D07AB11|H02AB09|N01BB02|R02AD02|S01BA02,A07EA02|C05AA01|C05AD01,,
1037088,pheniramine maleate 16 MG / phenylpropanolamine hydrochloride 50 MG / phenyltoloxamine citrate 16 MG / pyrilamine maleate 16 MG Extended Release Oral Capsule [Multihistamine-D],SBD,R01BA01,R01BA01|R06AB05|R06AC01,,
1044284,allantoin 0.01 MG/MG / benzocaine 0.05 MG/MG Topical Ointment,SCD,C05AD03|D04AB04|R02AD01,C05AD03|D04AB04,,
1049374,benzalkonium chloride 1.15 MG/ML Medicated Pad,SCD,D08AJ01|D08AJ08|R02AA16,D09AA11,,
250912,lidocaine 40 MG/ML / menthol 10 MG/ML Topical Cream,SCD,D04AB01|N01BB02|R02AD02,D04AB01,,
308072,aluminum hydroxide 160 MG / magnesium carbonate 105 MG Chewable Tablet,SCD,A02AB01,A02AD03,,
1190611,0.7 ML atropine sulfate 0.714 MG/ML Auto-Injector [Atropen],SBD,A03BA01|S01FA01,A03BA01,,
1006686,sulfacetamide sodium 100 MG/ML Topical Foam,SCD,D10AB02,D10AB02|D10AF06,,
1085642,triamcinolone acetonide 0.005 MG/MG Topical Ointment [Aristocort],SBD,A01AC01|H02AB08|R01AD11,C05AA12|D07AB09|D07XB02,,
238031,procaine 20 MG/ML Injectable Solution,SCD,C05AD05|N01BA02|S01HA05,C05AD05|N01BA02,,
1039026,benzethonium chloride 1.3 MG/ML Medicated Liquid Soap,SCD,D08AJ08|R02AA09,D08AJ08,,
211316,benzocaine 200 MG/ML Topical Spray [Dermoplast],SBD,C05AD03|D04AB04|R02AD01,N01BA05,,
616401,guaifenesin 1100 MG / phenylephrine hydrochloride 30 MG Extended Release Oral Tablet,SCD,R05CA03,R01BA03|R05CA03,,
314259,thiopental 25 MG/ML Injectable Solution,SCD,N01AF03|N05CA19,N01AF03,,
351330,Once-Daily clindamycin 0.01 MG/MG Topical Gel [Clindagel],SBD,D10AF01|J01FF01,D10AF01,,
827671,petrolatum 0.55 MG/MG / resorcinol 0.02 MG/MG Topical Ointment [Resinol],SBD,D10AX02|S01AX06,D02AX|D10AX02,,
828365,pramoxine hydrochloride 10 MG/ML Rectal Foam,SCD,C05AD07|D04AB07,C05AD07,,
830648,adapalene 0.001 MG/MG / benzoyl peroxide 0.025 MG/MG Topical Gel [Epiduo],SBD,D10AD03|D10AE01,D10AD03,,
312287,aspirin 325 MG / pentazocine 12.5 MG Oral Tablet,SCD,N02AD01,N02AD01|N02BA01,,
210046,aluminum hydroxide 40 MG/ML / magnesium hydroxide 40 MG/ML / simethicone 4 MG/ML Oral Suspension [Valumag Plus],SBD,A02AB01,A02AD01|A03AX13,,
2118449,400 ML vancomycin 5 MG/ML Injection,SCD,A07AA09,J01XA01,,
211334,aspirin 325 MG / butalbital 50 MG / caffeine 40 MG Oral Tablet [Fiormor],SBD,N06BC01,N02BA01|N06BC01,,
205878,epinephrine 5 MG/ML Injectable Suspension [Sus-Phrine Injection],SBD,C01CA24|S01EA01,A01AD01|B02BC09|C01CA24|R03AA01,,
313950,dexpanthenol 250 MG/ML Injectable Solution,SCD,A11HA30|D03AX03|S01XA12,A11HA30,,
315145,mestranol 0.08 MG / norethindrone 1 MG Oral Tablet,SCD,G03DC02,G03AC01|G03DC02,,
808502,dimethicone 12.5 MG/ML Topical Solution,SCD,P03AX05,D02AA,,
809819,2.7 ML atropine 0.778 MG/ML / pralidoxime chloride 222 MG/ML Auto-Injector [Duodote],SBD,V03AB04,V03AB54,,
351958,benzoyl peroxide 0.05 MG/MG / clindamycin phosphate 0.012 MG/MG Topical Gel [Duac],SBD,D10AE01,D10AE01|D10AF01,IMPROVED,D10AE01|D10AF01
858664,benzocaine 15 MG / menthol 2.6 MG Oral Lozenge,SCD,C05AD03|D04AB04|R02AD01,R02AD01,,
858140,{200 (beclomethasone dipropionate 1 MG Delayed Release Oral Tablet) / 200 (beclomethasone dipropionate 1 MG Oral Tablet) } Pack [orBec],BPCK,D07AC15|R01AD01,A07EA07,,
208314,thiabendazole 100 MG/ML Oral Suspension [Mintezol],SBD,D01AC06|P02CA02,P02CA02,,
2104345,benzethonium chloride 0.00095 MG/MG Topical Gel,SCD,R02AA09,D08AJ08,,
213082,benzoyl peroxide 0.05 MG/MG / erythromycin 0.03 MG/MG Topical Gel [Benzamycin],SBD,D10AE01,D10AF51,,
1093085,acetaminophen 650 MG / diphenhydramine hydrochloride 50 MG Oral Tablet [Unisom with Pain Relief],SBD,N02BE01,N02BE01|R06AA02,,
1093222,diphenhydramine hydrochloride 20 MG/ML / zinc acetate 1 MG/ML Topical Cream [Atopalm Itch Relief],SBD,A16AX05,D04AA32,,
1146715,salicylic acid 0.02 MG/MG Topical Gel [Asepxia],SBD,D01AE12|N02BA04,D01AE12,,
1233282,benzalkonium chloride 1 MG/ML Medicated Liquid Soap,SCD,D08AJ01|D08AJ08|R02AA16,D08AJ01,,
544597,potassium iodide 1000 MG/ML Oral Solution [SSKI brand of Potassium Iodide],SBD,R05CA02|S01XA04|V03AB21,R05CA02,,
577181,calcium carbonate 60 MG / psyllium 1000 MG Oral Capsule,SCD,A06AC01|A12AA04,A06AC01,,
1000858,sulfacetamide sodium 0.1 MG/MG / sulfur 0.05 MG/MG Topical Gel [Sulfatol],SBD,D10AB02,D10AB02|D10AF06,,
1039073,benzocaine 50 MG/ML / glycerin 330 MG/ML Mucosal Spray [Cepacol Dual Relief],SBD,A06AX01|C05AD03|D04AB04|R02AD01,R02AD01,,
1046301,gentamicin 0.003 MG/MG Ophthalmic Ointment [Garamycin],SBD,D06AX07|S03AA06,S01AA11|S03AA06,,
1085758,triamcinolone acetonide 0.001 MG/MG Topical Ointment [Aricin],SBD,A01AC01|H02AB08|R01AD11,C05AA12|D07AB09|D07XB02,,
1086030,triamcinolone diacetate 40 MG/ML Injectable Suspension [Cinolone],SBD,A01AC01|H02AB08|R01AD11,A01AC01|C05AA12|H02AB08|R03BA06,,
238920,betamethasone 0.5 MG/ML Topical Cream,SCD,D07AC01|H02AB01|S01BA06|S03BA03,D07AC01,,
239204,gentamicin 10 MG/ML Injectable Solution,SCD,D06AX07|S03AA06,J01GB03,,
282836,ascorbic acid 100 MG / pantothenic acid 100 MG / quercetin 50 MG Oral Tablet,SCD,A11GA01,A11JC,,
1667915,5 ML isoproterenol hydrochloride 0.2 MG/ML Injection,SCD,C01CA02|R03AB02|R03CB01,C01CA02,,
1733890,epinephrine hydrochloride 0.0001 MG/MG / lidocaine hydrochloride 0.05 MG/MG Rectal Gel,SCD,C01CA24|D04AB01|N01BB02|R02AD02|S01EA01,N01BB02,IMPROVED,N01BB02
2176259,aspirin 250 MG / caffeine 50 MG Oral Capsule,SCD,N06BC01,N02BA51,,
1235133,lidocaine 40 MG/ML / menthol 12.5 MG/ML Topical Cream,SCD,D04AB01|N01BB02|R02AD02,D04AB01,,
1232711,povidone 6 MG/ML / tetrahydrozoline hydrochloride 0.5 MG/ML Ophthalmic Solution [Murine Tears Plus],SBD,R01AA06|R01AB03|S01GA02,S01GA02,,
1233607,calcium carbonate 1250 MG / cholecalciferol 600 UNT Oral Tablet,SCD,A11CC05,A12AX,,
543816,benzocaine 0.2 MG/MG Oral Gel [Freez Eez],SBD,R02AD01,N01BA05,,
1000686,sulfacetamide sodium 0.1 MG/MG Ophthalmic Ointment [Sodium Sulamyd],SBD,D10AB02,S01AB04,IMPROVED,S01AB04
1001593,"fibrinogen, human 337 MG / thrombin, human 123 UNT Medicated Patch [TachoSil]",SBD,B02BC06|B02BD30,B02BC06,,
1046654,hypromellose 5 MG/ML / naphazoline hydrochloride 0.3 MG/ML Ophthalmic Solution,SCD,S01KA02,S01GA51,,
261380,benzocaine 0.05 MG/MG / menthol 0.01 MG/MG Topical Gel [Retre-Gel],SBD,C05AD03|D04AB04|R02AD01,D04AB04,,
1657660,50 ML cetuximab 2 MG/ML Injection [Erbitux],SBD,L01XC06,L01FE01,IMPROVED,L01FE01
1657664,100 ML cetuximab 2 MG/ML Injection [Erbitux],SBD,L01XC06,L01FE01,IMPROVED,L01FE01
1012963,carbinoxamine maleate 1.5 MG/ML / phenylephrine hydrochloride 1.5 MG/ML Oral Solution,SCD,R06AA08,R01BA03|R06AA08,,
312481,polythiazide 0.5 MG / prazosin 1 MG Oral Capsule,SCD,C02CA01|C03AA05,C02LE01,,
388052,ganciclovir 0.0015 MG/MG Ophthalmic Gel,SCD,J05AB06,S01AD09,,
801925,magnesium chloride 0.3 MG/ML / potassium chloride 0.37 MG/ML / sodium acetate 2.22 MG/ML / sodium chloride 5.26 MG/ML / sodium gluconate 5.02 MG/ML Irrigation Solution [Physiosol],SBD,B05XA08,V07AB,,
804374,carboxymethylcellulose 10 MG/ML / glycerin 2.5 MG/ML Ophthalmic Solution,SCD,A06AX01,S01XA20,,
808085,ascorbic acid 50 MG / polysaccharide iron complex 150 MG Oral Capsule [Ferrex 150 Plus],SBD,A11GA01,B03AE10,,
1099896,capsaicin 0.375 MG/ML / menthol 50 MG/ML / methyl salicylate 200 MG/ML Topical Cream,SCD,N01BX04,M02AC,,
1235150,azilsartan medoxomil 40 MG / chlorthalidone 12.5 MG Oral Tablet [Edarbyclor],SBD,C03BA04,C09DA09,,
211337,aspirin 325 MG / butalbital 50 MG / caffeine 40 MG Oral Tablet [Idenal],SBD,N06BC01,N02BA01|N06BC01,,
213622,bacitracin 0.5 UNT/MG / polymyxin B 10 UNT/MG Ophthalmic Ointment [Polysporin],SBD,S01AA30,S01AA18|S01AA32,,
403941,guaifenesin 200 MG / phenylephrine tannate 25 MG / pyrilamine tannate 60 MG Oral Tablet,SCD,R05CA03,R01BA03|R05CA03|R06AC01,IMPROVED,R01BA03|R05CA03|R06AC01
543460,ammonium lactate 120 MG/ML Topical Cream,SCD,G01AD01,D02AX,,
858320,dimethicone 16 MG/ML Topical Lotion,SCD,P03AX05,D02AA,,
1012084,prednisolone sodium phosphate 2.5 MG/ML / sulfacetamide sodium 100 MG/ML Ophthalmic Suspension,SCD,A07EA01|D10AB02|H02AB06|S01BA04|S03BA02,S01AB04|S01BA04,,
1045424,{1 (236 ML) (benzethonium chloride 1.3 MG/ML Medicated Liquid Soap) / 1 (72000 MG) (petrolatum 0.988 MG/MG Topical Ointment) } Pack,GPCK,D08AJ08|R02AA09,D08AJ08,,
1049111,benzethonium chloride 2 MG/ML Topical Solution,SCD,D08AJ08|R02AA09,D08AJ08,,
248332,lactic acid 100 MG/ML Topical Cream,SCD,G01AD01,D02AX,,
1663455,capsaicin 0.25 MG/ML Topical Cream [Retadolor],SBD,N01BX04,M02AB01,,
211804,sodium fluoride 1.1 MG/ML Oral Solution [Luride],SBD,A01AA01,A01AA01|A12CD01,,
544550,citric acid 128 MG/ML / sodium citrate 98 MG/ML Oral Solution,SCD,A09AB04|B05CB02,G04BC,,
1046700,glycerin 2.5 MG/ML / naphazoline hydrochloride 0.12 MG/ML Ophthalmic Solution,SCD,A06AX01|S01GA01,S01GA01,,
1053258,brompheniramine maleate 0.2 MG/ML / phenylephrine hydrochloride 0.5 MG/ML Oral Solution,SCD,R06AB01,R01BA53,,
251400,salicylic acid 0.02 MG/MG Topical Ointment,SCD,D01AE12,D11AF,,
1657658,50 ML cetuximab 2 MG/ML Injection,SCD,L01XC06,L01FE01,,
1663733,zinc oxide 150 MG/ML Topical Cream [Aquaphor Diaper Rash],SBD,C05AX04,D02AB,,
1789470,salicylic acid 20 MG/ML Topical Cream [Natural Acne Solutions Maximum Strength Spot Treatment],SBD,D01AE12|N02BA04,D01AE12,,
1790684,hydrocortisone 25 MG/ML Topical Cream [Procto-Med],SBD,A01AC03|A07EA02|D07AA02|D07AB02|D07AB11|H02AB09|S01BA02,D07AA02,,
1795473,500 ML glucose 25 MG/ML / sodium chloride 4.5 MG/ML Injection,SCD,A12CA01|B05BA03|B05BB01|B05CB01|B05XA03|S01XA03|V06DC01,B05BB02,,
1797917,beclomethasone dipropionate 0.042 MG/ACTUAT Metered Dose Nasal Spray [Beconase],SBD,D07AC15|R01AD01,R01AD01,,
1807548,50 ML sodium chloride 4.5 MG/ML Injection,SCD,A12CA01|B05BB01|B05CB01|B05XA03|S01XA03,B05XA03,,
1809845,hydrocortisone acetate 25 MG/ML Topical Cream [MiCort-HC],SBD,A01AC03|A07EA02|D07AA02|D07AB02|D07AB11|H02AB09|S01BA02,D07AA02,,
1870650,2 ML gentamicin 40 MG/ML Injection,SCD,D06AX07|S03AA06,J01GB03,,
1923481,benzocaine 15 MG / menthol 20 MG Oral Lozenge,SCD,C05AD03|D04AB04|R02AD01,R02AD01,,
1236459,{1 (acetaminophen 500 MG / doxylamine succinate 6.25 MG / pseudoephedrine hydrochloride 30 MG Oral Tablet) / 1 (acetaminophen 500 MG / pseudoephedrine hydrochloride 30 MG Oral Tablet) } Pack,GPCK,N02BE01|N02BE51|R01BA02|R06AA09,N02BE01|R01BA02|R06AA09,,
1245466,Diphenhydramine Hydrochloride 2.5 MG/ML / Phenylephrine Hydrochloride 1 MG/ML Oral Solution [PediaCare Children's Allergy & Cold],SBD,D04AA32|R01AA04|R06AA02|S01FB01|S01XA20,R06AA02,,
1251416,ethanol 0.659 ML/ML Medicated Pad,SCD,D08AX08|V03AB16|V03AZ01,D08AX08,,
1291375,cetylpyridinium chloride 1 MG/ML Mouthwash,SCD,B05CA01|D08AJ03|D09AA07|R02AA06,R02AA06,,
1293320,atropine sulfate 0.06 MG / benzoic acid 9 MG / hyoscyamine sulfate 0.06 MG / methenamine 81.6 MG / methylene blue 10.8 MG / phenyl salicylate 36.2 MG Delayed Release Oral Tablet [Prosed],SBD,A03BA03|G04BX12|J01XX05,A03BA01|A03BA03|G04BX12|J01XX05|V03AB17|V04CG05,,
1294034,pramoxine hydrochloride 10 MG/ML Topical Solution,SCD,C05AD07|D04AB07,D04AB07,,
1301694,{1 (50000 MG) (halobetasol propionate 0.5 MG/ML Topical Cream) / 1 (225000 MG) (lactic acid 100 MG/ML Topical Cream) } Pack [Ultravate X Cream],BPCK,D07AC21,D07AC21|G01AD01,,
1303159,acetaminophen 250 MG / aspirin 250 MG / caffeine 65 MG Oral Tablet [Arthriten Inflammatory Pain],SBD,N02BE01|N06BC01,N02BE01,,
1314479,salicylic acid 18 MG/ML Medicated Shampoo [Solv X],SBD,D01AE12|N02BA04,D01AE12,,
1358853,acetaminophen 110 MG / aspirin 162 MG / caffeine 32.4 MG / salicylamide 152 MG Oral Tablet [Exaprin],SBD,N02BA05|N02BE01|N06BC01,N02BE01,,
1426687,benzocaine 20 MG/ML / cetylpyridinium chloride 1 MG/ML / menthol 5 MG/ML Mucosal Spray,SCD,C05AD03|D04AB04|R02AD01,R02AA06,,
1435490,benzocaine 200 MG/ML Oral Spray,SCD,C05AD03|D04AB04|R02AD01,R02AD01,,
1483624,"hyoscyamine sulfate 0.12 MG / methenamine 120 MG / methylene blue 10.8 MG / phenyl salicylate 36.2 MG / sodium phosphate, monobasic 40.8 MG Oral Tablet [Uretron DS]",SBD,A03BA03|G04BX12|J01XX05,A03BA03|G04BX12|J01XX05|V03AB17|V04CG05,,
1484770,chlorhexidine gluconate 20 MG/ML / ketoconazole 10 MG/ML / salicyloyl phytosphingosine 0.5 MG/ML Medicated Shampoo,SCD,A01AB03|D01AC08|D08AC02|J02AB02|R02AA05,D01AC08|D08AC02,,
1493162,benzalkonium chloride 1.3 MG/ML Topical Foam [Lite 'N Foamy],SBD,D08AJ01|D08AJ08|R02AA16,D08AJ01,,
1536993,aspirin 500 MG / chlorpheniramine maleate 2 MG / phenylephrine bitartrate 8 MG Effervescent Oral Tablet,SCD,R06AB04,R01BA53,,
1551493,betamethasone 0.284 MG/ML / gentamicin 0.57 MG/ML Topical Spray [Genone],SBD,D06AX07|D07AC01|H02AB01|S01BA06|S03AA06|S03BA03,D06AX07|D07AC01,,
1600611,capsaicin 0.00035 MG/MG / lidocaine 0.005 MG/MG / menthol 0.05 MG/MG / methyl salicylate 0.2 MG/MG Medicated Patch,SCD,D04AB01|N01BB02|N01BX04|R02AD02,D04AB01|M02AC,,
1795147,250 ML glucose 50 MG/ML / sodium chloride 3 MG/ML Injection,SCD,A12CA01|B05BA03|B05BB01|B05CB01|B05XA03|S01XA03|V06DC01,B05BB01,,
1797921,beclomethasone dipropionate 0.08 MG/ACTUAT Metered Dose Nasal Spray [Qnasl],SBD,D07AC15|R01AD01,R01AD01,,
1244573,12 HR chlorpheniramine maleate 4 MG / methscopolamine nitrate 2.5 MG Extended Release Oral Tablet,SCD,R06AB04,A03BB03|R06AB04,,
1250282,aluminum hydroxide 160 MG / magnesium carbonate 105 MG Chewable Tablet [Acid Gone],SBD,A02AB01,A02AD03,,
1250559,undecylenic acid 0.01 MG/MG Powder Spray [Breezee Mist],SBD,D01AE04|D01AE20,D01AE04,,
1314474,miconazole nitrate 10 MG/ML Topical Lotion,SCD,A01AB09|D01AC02|G01AF04,D01AC02,,
1360011,phenylephrine hydrochloride 0.1 MG/ML Prefilled Syringe,SCD,R01AA04|S01FB01|S01XA20,C01CA06|C05AX06|R01BA03,,
1366630,benzocaine 0.0205 MG/MG Topical Ointment,SCD,C05AD03|D04AB04|R02AD01,D04AB04,,
1369972,chlophedianol hydrochloride 5 MG/ML / dexchlorpheniramine maleate 0.4 MG/ML / pseudoephedrine hydrochloride 12 MG/ML Oral Solution,SCD,R01BA02|R05DB10|R06AB02,R05DB10,,
1372304,salicylic acid 10 MG/ML Medicated Pad [Clearasil Daily Clear Refreshing],SBD,D01AE12|N02BA04,D01AE12,,
1423838,salicylic acid 20 MG/ML Medicated Liquid Soap [LEROSETT],SBD,D01AE12|N02BA04,D01AE12,,
1546589,zinc oxide 140 MG/ML Topical Cream,SCD,C05AX04,D02AB,,
1547771,tetracaine hydrochloride 5 MG/ML Ophthalmic Solution,SCD,C05AD02|D04AB06|N01BA03|S01HA03,S01HA03,,
1595448,lidocaine 40 MG/ML / menthol 10 MG/ML Topical Spray,SCD,D04AB01|N01BB02|R02AD02,D04AB01,,
1305892,"2 ML fibrinogen, human 106 MG/ML / thrombin, human 6.5 UNT/ML Prefilled Syringe [Artiss]",SBD,B05XA07,B02BC30,,
1357416,{25 (calcium carbonate 500 MG Chewable Tablet [Tums]) / 140 (calcium carbonate 750 MG Chewable Tablet [Tums]) } Pack [Tums Freshers and Extra Strength],BPCK,A12AA04,A02AC01|A12AA04,,
1737582,6 ML clindamycin 150 MG/ML Injection [Cleocin],SBD,D10AF01|J01FF01,J01FF01,,
1807508,200 ML vancomycin 5 MG/ML Injection,SCD,A07AA09,J01XA01,,
1809029,folic acid 2.5 MG / vitamin B12 2 MG / vitamin B6 25 MG Oral Tablet [Niva-Fol],SBD,B03BA01|B03BB01,A11JA,,
1941643,salicylic acid 230 MG/ML Topical Solution,SCD,D01AE12|N02BA04,D11AF,,
1249602,penicillin G potassium 22500 UNT/ML Injectable Solution,SCD,J01CE08|J01CE09,J01CE01,,
1422080,lidocaine 40 MG/ML Topical Cream [AneCream],SBD,D04AB01|N01BB02|R02AD02,D04AB01,,
1426278,acriflavine 0.0015 MG/ML / gentian violet 0.01 MG/ML / sodium propionate 0.091 MG/ML Topical Spray [Blu-Kote],SBD,D08AA03|S01AX10,D08AA03,,
1548724,prednisolone acetate 10 MG/ML Ophthalmic Suspension [Pred Forte],SBD,A07EA01|H02AB06|S01BA04|S03BA02,S01BA04,,
1597119,chondroitin sulfates 200 MG / glucosamine sulfate 250 MG / ibuprofen 100 MG Oral Tablet,SCD,M01AX05|M01AX25,C01EB16|G02CC01|M01AE01|M01AX05|M01AX25|R02AX02,,
1236277,"mineral oil 5 MG/ML / mineral oil, light 5 MG/ML Ophthalmic Solution",SCD,A06AA01,S01XA20,,
1248156,carboxymethylcellulose 200 MG / docusate sodium 100 MG / phenolphthalein 65 MG Oral Capsule,SCD,A06AB04,A06AA02|A06AB04,,
1294364,chloroxylenol 1 MG/ML / hydrocortisone 10 MG/ML / pramoxine hydrochloride 10 MG/ML Otic Solution [Otirx],SBD,D08AE05,D08AE05|S02BA01,,
1483143,glycerin 200 MG/ML Topical Lotion,SCD,A06AX01,D02AX,,
1486572,sodium fluoride 0.011 MG/MG Oral Gel [CTX4 Gel],SBD,A01AA01,A01AA01|A12CD01,,
1536675,aspirin 325 MG / citric acid 1000 MG / sodium bicarbonate 1916 MG Effervescent Oral Tablet,SCD,A09AB04,N02BA01,,
1604350,{30 (lenvatinib 10 MG Oral Capsule [Lenvima]) / 30 (lenvatinib 4 MG Oral Capsule [Lenvima]) } Pack [Lenvima 14],BPCK,L01XE29,L01EX08,,
1651332,hydrocortisone 10 MG/ML / tretinoin 0.5 MG/ML Topical Cream,SCD,A01AC03|A07EA02|D07AA02|D07AB02|D07AB11|D10AD01|H02AB09|L01XX14|S01BA02,D07AA02|D10AD01,,
1241471,carboxymethylcellulose sodium 5 MG/ML / glycerin 10 MG/ML / polysorbate 80 5 MG/ML Ophthalmic Solution,SCD,A06AX01,S01XA20,,
1311662,ammonium lactate 50 MG/ML Topical Lotion [Geri-Hydrolac],SBD,G01AD01,D02AX,,
1304988,{21 (ethinyl estradiol 0.02 MG / levonorgestrel 0.1 MG Oral Tablet) / 7 (inert ingredients 1 MG Oral Tablet) } Pack [Falmina 28 Day],BPCK,G03AC03|G03CA01,G03AA07,,
705836,salicylic acid 60 MG/ML Topical Lotion [Akurza],SBD,D01AE12|N02BA04,D01AE12,IMPROVED,D01AE12
686385,erythromycin ethylsuccinate 40 MG/ML / sulfisoxazole 120 MG/ML Oral Suspension [Pediazole],SBD,J01FA01,J01EB05|J01FA01,,
762816,phenylephrine tannate 1.5 MG/ML Extended Release Suspension [Phenyl-T],SBD,R01AA04|S01FB01|S01XA20,R01BA03,,
763632,"{1 (bisacodyl 10 MG Rectal Suppository) / 4 (bisacodyl 5 MG Delayed Release Oral Tablet) / 1 (45 ML) (sodium phosphate 180 MG/ML / sodium phosphate, monobasic 480 MG/ML Oral Solution) } Pack",GPCK,A06AB02|A06AG20,A06AB02|A06AD17,,
797951,salicylic acid 20 MG/ML Medicated Pad [Stri-Dex],SBD,D01AE12|N02BA04,D01AE12,,
309916,dimethicone 13 MG/ML Topical Cream,SCD,P03AX05,D02AA,,
899660,24 HR nitroglycerin 0.1 MG/HR Transdermal System [Nitro-Dur],SBD,C01DA02|C05AE01,C01DA02,,
992679,homatropine methylbromide 0.3 MG/ML / hydrocodone bitartrate 1 MG/ML Oral Solution [Hydromide],SBD,R05DA03|S01FA05,A03BB06|R05DA03,,
310132,epinephrine 1 MG/ML Injectable Solution,SCD,C01CA24|S01EA01,C01CA24,,
1087335,alpha tocopherol 100 UNT / folic acid 2.05 MG / hydroxocobalamin 0.425 MG / magnesium oxide 100 MG / pyridoxine 25 MG Oral Tablet [Folpace Rx],SBD,A11HA02|B03BB01,A02AA02|A06AD02|A11HA02|A12CC10|B03BA03|B03BB01|V03AB33,,
2045382,30 ACTUAT fluticasone furoate 0.05 MG/ACTUAT Dry Powder Inhaler [Arnuity],SBD,R03BA05|R03BA09,R03BA09,,
206324,hydrocortisone 10 MG/ML Topical Solution [Cortaid],SBD,A01AC03|A07EA02|D07AA02|D07AB02|D07AB11|H02AB09|S01BA02,D07AA02,,
998541,miconazole nitrate 20 MG/ML Vaginal Cream [Monistat],SBD,A01AB09|D01AC02|G01AF04,G01AF04,,
312988,sodium chloride 4.5 MG/ML Inhalation Solution,SCD,A12CA01|B05BB01|B05CB01|B05XA03|S01XA03,R01AX,,
792582,50 ML sodium bicarbonate 84 MG/ML Prefilled Syringe,SCD,B05CB04|B05XA02,B05XA02,,
750187,Bacitracin 0.4 UNT/MG / Neomycin 0.0035 MG/MG / Polymyxin B 10 UNT/MG Ophthalmic Ointment [Neosporin Ointment],SBD,A07AA01|D06AX04|S01AA03,S01AA03|S01AA18|S01AA32,,
900528,aspirin 850 MG / caffeine 65 MG Oral Powder,SCD,N06BC01,N02BA51,,
308282,acetaminophen 125 MG / chlorpheniramine 4 MG / phenylephrine 5 MG / salicylamide 150 MG Oral Tablet,SCD,N02BA05|N02BE01|R06AB04,N02BA05|N02BE01|R01BA03|R06AB04,,
308305,acetaminophen 300 MG / chlorpheniramine maleate 2 MG / phenylephrine hydrochloride 5 MG / pyrilamine maleate 12.5 MG Oral Tablet,SCD,N02BE01|R06AB04,N02BE01|R01BA03|R06AB04|R06AC01,,
309714,dextran 70 1 MG/ML / hypromellose 3 MG/ML Ophthalmic Solution,SCD,S01KA02|S01XA20,S01XA20,,
312564,povidone-iodine 100 MG/ML Topical Solution,SCD,D08AG02|G01AX11,D08AG02,,
2047428,{100 (acetaminophen 250 MG / aspirin 250 MG / caffeine 65 MG Oral Tablet [Excedrin]) / 24 (acetaminophen 250 MG / aspirin 250 MG / diphenhydramine citrate 38 MG Oral Tablet [Excedrin PM Triple Action]) } Pack [Excedrin PM Triple Action Caplets and Excedrin Extra Strength Pain Reliever],BPCK,N02BE01|N06BC01,N02BE01,,
206403,guanethidine 10 MG / hydrochlorothiazide 25 MG Oral Tablet [Esimil],SBD,C03AA03,C02CC02|C03AA03,,
314146,ethinyl estradiol 0.05 MG / norgestrel 0.5 MG Oral Tablet,SCD,G03CA01,G03AA06,,
801648,alanine 20.7 MG/ML / arginine 11.5 MG/ML / glycine 10.3 MG/ML / histidine 4.8 MG/ML / isoleucine 6 MG/ML / leucine 7.3 MG/ML / lysine 5.8 MG/ML / methionine 4 MG/ML / phenylalanine 5.6 MG/ML / proline 6.8 MG/ML / serine 5 MG/ML / threonine 4.2 MG/ML / tryptophan 1.8 MG/ML / tyrosine 0.4 MG/ML / valine 5.8 MG/ML Injectable Solution [Travasol 10],SBD,B05CX03|B05XB03|N06AX02|V03AB26,B05BA01,,
991037,benzocaine 0.2 MG/MG Oral Ointment [DentiCare Denti Freeze Ointment],SBD,C05AD03|D04AB04|R02AD01,C05AD03|D04AB04|N01BA05|R02AD01,,
901833,chlorhexidine diacetate 0.5 MG/ML Topical Spray [Pro Pet Antiseptic],SBD,A01AB03|D08AC02|R02AA05,D08AC02,,
966566,200 ACTUAT beclomethasone dipropionate 0.084 MG/ACTUAT Metered Dose Inhaler [Vanceril],SBD,D07AC15|R01AD01,R03BA01,,
311888,neomycin 3.5 MG/ML / polymyxin B 10000 UNT/ML / prednisolone 5 MG/ML Ophthalmic Suspension,SCD,A07AA01|A07EA01|D06AX04|H02AB06|S01AA03|S01BA04|S03BA02,S01CA02,,
315002,benzalkonium 0.2 MG/ML / chloroxylenol 1 MG/ML / hydrocortisone 10 MG/ML Otic Solution,SCD,D08AE05,D08AE05|S02BA01,,
692774,carbetapentane tannate 6 MG/ML / phenylephrine tannate 5 MG/ML Extended Release Suspension,SCD,R05DB05,R01BA03|R05DB05,,
792051,capsaicin 1.5 MG/ML Topical Solution,SCD,N01BX04,M02AB01,,
860943,benzocaine 0.02 MG/MG / trimethobenzamide hydrochloride 200 MG Rectal Suppository [Ti-Plex],SBD,R06AA10,C05AD03,,
861689,12 HR amoxicillin 1000 MG / clavulanate 62.5 MG Extended Release Oral Tablet [Augmentin],SBD,J01CA04,J01CR02,,
312104,belladonna alkaloids 16.2 MG / opium 30 MG Rectal Suppository,SCD,A03BA04|A07DA02,A03DB,,
205834,ampicillin 250 MG/ML Injectable Solution [Totacillin-N],SBD,J01CA01|J01CA18,J01CA01,,
809533,calcium carbonate 1500 MG / cholecalciferol 200 UNT Oral Tablet,SCD,A11CC05,A12AX,IMPROVED,A12AX
990999,physostigmine salicylate 5 MG/ML Ophthalmic Solution,SCD,S01EB05|V03AB19,S01EB05,,
806717,sodium chloride 0.274 MEQ/ML Irrigation Solution,SCD,A12CA01|B05BB01|B05CB01|B05XA03|S01XA03,B05CB01|B05XA03,,
309680,dexamethasone 1 MG/ML / neomycin 3.5 MG/ML / polymyxin B 10000 UNT/ML Ophthalmic Suspension,SCD,A07AA01|D06AX04|H02AB02|S01AA03|S01BA01,S01CA01,,
643496,aluminum hydroxide 80 MG/ML / magnesium hydroxide 80 MG/ML / simethicone 8 MG/ML Oral Suspension [Comfort Gel],SBD,A02AB01,A02AD01,,
706868,azithromycin 10 MG/ML Ophthalmic Solution,SCD,J01FA10,S01AA26,,
692658,dexchlorpheniramine maleate 0.2 MG/ML / methscopolamine nitrate 0.25 MG/ML / phenylephrine hydrochloride 2 MG/ML Oral Solution,SCD,R06AB02,A03BB03|R01BA03|R06AB02,,
745505,penicillin G potassium 30000 UNT/ML Injectable Solution,SCD,J01CE08|J01CE09,J01CE01,,
701627,cholecalciferol 0.01 MG / vitamin A 0.24 MG Oral Capsule,SCD,A11CA01,A11CB,IMPROVED,A11CB
762007,{7 (ethinyl estradiol 0.035 MG / norethindrone 0.5 MG Oral Tablet) / 7 (ethinyl estradiol 0.035 MG / norethindrone 0.75 MG Oral Tablet) / 7 (ethinyl estradiol 0.035 MG / norethindrone 1 MG Oral Tablet) / 7 (inert ingredients 1 MG Oral Tablet) } Pack [Nortrel 7/7/7 28 Day],BPCK,G03AA05|G03FA01,G03AA05,,
308304,acetaminophen 300 MG / chlorpheniramine 2 MG / phenylephrine 5 MG Oral Tablet,SCD,N02BE01|R06AB04,N02BE01|R01BA03|R06AB04,,
1086723,diphenhydramine hydrochloride 2.5 MG/ML / phenylephrine hydrochloride 1 MG/ML Oral Solution [Benadryl-D Allergy and Sinus],SBD,D04AA32|R01AA04|R06AA02|S01FB01|S01XA20,R01BA53,,
198604,dimethicone 0.01 MG/MG Topical Ointment,SCD,P03AX05,D02AA,,
2047875,allantoin 5 MG/ML / glycerin 20 MG/ML / propylene glycol 50 MG/ML Topical Spray,SCD,A06AX01,D02AX,,
996209,polyethylene glycol 400 10 MG/ML / tetrahydrozoline hydrochloride 0.5 MG/ML Ophthalmic Solution,SCD,R01AA06|R01AB03|S01GA02,S01GA02,,
359932,12 HR guaifenesin 600 MG / phenylephrine hydrochloride 18 MG Extended Release Oral Tablet,SCD,R05CA03,R01BA03|R05CA03,,
800644,"glucose 50 MG/ML / magnesium chloride 0.00361 MEQ/ML / monobasic potassium phosphate 0.15 MG/ML / potassium chloride 0.0189 MEQ/ML / sodium lactate 0.0232 MEQ/ML / sodium phosphate, monobasic 0.25 MG/ML Injectable Solution",SCD,A12CC01|B05BA03|G01AD01|V06DC01,B05BB02,,
750268,{21 (ethinyl estradiol 0.02 MG / levonorgestrel 0.1 MG Oral Tablet) / 7 (inert ingredients 1 MG Oral Tablet) } Pack [Aviane 28],BPCK,G03AC03|G03CA01,G03AA07,,
723520,dexchlorpheniramine maleate 3.5 MG / phenylephrine hydrochloride 18.5 MG Oral Tablet,SCD,R06AB02,R01BA03|R06AB02,,
763472,0.5 ML alprostadil 0.02 MG/ML Prefilled Syringe [Caverject],SBD,C01EA01|G04BE01,G04BE01,,
860945,benzocaine 0.02 MG/MG / trimethobenzamide hydrochloride 200 MG Rectal Suppository [Triban],SBD,R06AA10,C05AD03,,
864650,ganciclovir 0.0015 MG/MG Ophthalmic Gel [Zirgan],SBD,J05AB06,S01AD09,,
206347,hydrocortisone 10 MG/ML Topical Cream [Ala-Cort],SBD,A01AC03|A07EA02|D07AA02|D07AB02|D07AB11|H02AB09|S01BA02,D07AA02,,
995195,mineral oil 0.466 MG/MG / pramoxine hydrochloride 0.01 MG/MG / zinc oxide 0.125 MG/MG Rectal Ointment [Tucks Hemorrhoidal],SBD,A06AA01,A06AA01|C05AD07,,
997523,aspirin 325 MG / butalbital 50 MG / caffeine 40 MG / codeine phosphate 30 MG Oral Capsule [Fiortal with Codeine],SBD,N06BC01|R05DA04,N02AA59|N02BA01|N06BC01,,
998183,codeine phosphate 1.5 MG/ML / diphenhydramine hydrochloride 2.5 MG/ML / phenylephrine hydrochloride 1.5 MG/ML Oral Solution [Airacof],SBD,R05DA04,R01BA03|R05DA04|R06AA02,,
312880,salicylic acid 0.17 MG/MG Topical Gel,SCD,D01AE12|N02BA04,D11AF,,
359939,12 HR guaifenesin 1200 MG / phenylephrine hydrochloride 40 MG Extended Release Oral Tablet,SCD,R05CA03,R01BA03|R05CA03,,
378788,"estrogens, conjugated (USP) / medroxyprogesterone Oral Tablet",SCDF,G03CA57|G03FA12,G03FA12,,
903309,levothyroxine sodium 0.1 MG / liothyronine sodium 0.025 MG Oral Tablet [Thyrolar],SBD,H03AA01|H03AA02,H03AA02,,
308368,aspirin 500 MG / caffeine 32.4 MG / cinnamedrine 14.9 MG Oral Tablet,SCD,N06BC01,N02BA51,BOTH_WRONG,N02BA51
2003255,lamivudine 300 MG / tenofovir disoproxil fumarate 300 MG Oral Tablet [Cimduo],SBD,J05AF05|J05AF07,J05AR12,,
202020,povidone-iodine 0.1 MG/MG Vaginal Gel [Betadine],SBD,D09AA09,G01AX11,,
2048956,camphor 0.032 MG/MG / capsaicin 0.0003 MG/MG Topical Ointment,SCD,N01BX04,M02AC,,
314929,chlorpheniramine maleate 0.8 MG/ML / ephedrine hydrochloride 1.64 MG/ML / guaifenesin 20 MG/ML / hydroiodic acid 0.334 MG/ML Oral Solution,SCD,R05CA03|R06AB04,C01CA26|R03CA02|R05CA03|R06AB04,,
807277,"0.5 ML diphtheria toxoid vaccine, inactivated 4 UNT/ML / tetanus toxoid vaccine, inactivated 10 UNT/ML Injection",SCD,J07AF01|J07AM01,J07AM01,,
348689,ascorbic acid 60 MG / ferrous fumarate 460 MG / folic acid 1 MG / vitamin B12 0.01 MG Oral Capsule,SCD,A11GA01|B03BA01|B03BB01,B03AE01,BOTH_WRONG,B03AE01
849612,Fe heme polypeptide 6 MG / polysaccharide iron complex 22 MG Oral Tablet [Bifera],SBD,B03AB02,B03AE,,
208423,sodium hyaluronate 10 MG/ML Ophthalmic Solution [Biolon],SBD,M09AX01,S01KA01,,
208593,dexamethasone 1 MG/ML / neomycin 3.5 MG/ML / polymyxin B 10000 UNT/ML Ophthalmic Suspension [Poly-Dex],SBD,A07AA01|D06AX04|H02AB02|S01AA03|S01BA01,S01CA01,,
208683,dexamethasone 1 MG/ML / neomycin 3.5 MG/ML Topical Cream [Neo-Decadron],SBD,A07AA01|D06AX04|H02AB02|S01AA03|S01BA01,D06AX04|D07AB19,,
211100,povidone-iodine 50 MG/ML Topical Cream [Betadine],SBD,D08AG02|D09AA09|D11AC06|G01AX11|R02AA15,D08AG02,,
2122900,guaifenesin 20 MG/ML / hydrocodone bitartrate 1 MG/ML / phenylephrine hydrochloride 1.5 MG/ML Oral Solution [Entex HC Discontinued],SBD,R05CA03|R05DA03,R01BA03|R05CA03|R05DA03,,
1094724,ethanol 0.63 ML/ML Topical Gel,SCD,D08AX08|V03AB16|V03AZ01,D08AX08,,
1094831,lidocaine hydrochloride 5 MG/ML Topical Cream [Soulus],SBD,D04AB01|N01BB02|R02AD02,D04AB01,,
1099668,pseudoephedrine hydrochloride 10 MG/ML / triprolidine hydrochloride 0.938 MG/ML Oral Solution,SCD,R01BA02|R06AX07,R01BA02,,
1099634,guaifenesin 50 MG/ML / pseudoephedrine hydrochloride 7.5 MG/ML Oral Solution,SCD,R01BA02|R05CA03,R05CA03,,
1100894,calcium carbonate 1500 MG / cholecalciferol 1000 UNT Oral Capsule,SCD,A11CC05,A12AX,,
1115800,magnesium citrate 45 MG / magnesium oxide 45 MG / potassium citrate 49.5 MG / pyridoxine hydrochloride 3.75 MG Extended Release Oral Tablet,SCD,A11HA02|A12BA02,A11JB,,
1116183,ascorbic acid 100 MG / calcium carbonate 200 MG / cholecalciferol 0.01 MG / copper sulfate 2 MG / dl-alpha tocopheryl acetate 30 UNT / ferrous fumarate 65 MG / folic acid 1 MG / magnesium oxide 10 MG / niacinamide 20 MG / potassium iodide 0.15 MG / pyridoxine hydrochloride 5 MG / retinol acetate 4000 UNT / riboflavin 3.4 MG / thiamine mononitrate 3 MG / vitamin B12 0.012 MG / zinc sulfate 15 MG Oral Tablet [Lactocal],SBD,A11CA01|A11DA01|A11GA01|A11HA01|A11HA02|A11HA03|A11HA04|A12CB01|B03BA01|B03BB01|V03AB20,B03AE04,,
1116547,sodium chloride 0.000154 MEQ/MG Topical Gel,SCD,A12CA01|B05BB01|B05CB01|B05XA03|S01XA03,V07AB,,
1189640,alanine 5.4 MG/ML / arginine 12 MG/ML / aspartate 3.2 MG/ML / cysteine 0.24 MG/ML / glutamate 5 MG/ML / glycine 3.6 MG/ML / histidine 4.8 MG/ML / isoleucine 8.2 MG/ML / leucine 1.4 MG/ML / lysine 1.2 MG/ML / methionine 3.4 MG/ML / phenylalanine 4.8 MG/ML / proline 6.8 MG/ML / serine 3.8 MG/ML / sodium acetate 0.097 MEQ/ML / sodium chloride 0.003 MEQ/ML / sodium metabisulfite 0.5 MG/ML / taurine 0.25 MG/ML / threonine 4.2 MG/ML / tryptophan 2 MG/ML / tyrosine 2.84 MG/ML / valine 7.8 MG/ML Injectable Solution [Trophamine 10 %],SBD,B05CX03|B05XA08|B05XB03|N06AX02|V03AB26,B05BA01,,
1189850,chlophedianol hydrochloride 2.5 MG/ML / guaifenesin 24 MG/ML / phenylephrine hydrochloride 1 MG/ML Oral Solution,SCD,R05CA03|R05DB10,R01BA03|R05CA03|R05DB10,,
1190538,0.7 ML atropine sulfate 0.714 MG/ML Auto-Injector,SCD,A03BA01|S01FA01,A03BA01,,
1232651,phenylephrine hydrochloride 10 MG/ML Injectable Solution,SCD,R01AA04|S01FB01|S01XA20,C01CA06,,
1232718,tetrahydrozoline hydrochloride 1 MG/ML Nasal Solution [Tyzine],SBD,R01AA06|R01AB03|S01GA02,R01AA06|R01AB03,,
1234333,hydrocortisone acetate 0.025 MG/MG / pramoxine hydrochloride 0.01 MG/MG Topical Ointment,SCD,A01AC03|A07EA02|D07AA02|D07AB02|D07AB11|H02AB09|S01BA02,D07XA01,,
582753,ethanol 0.7 ML/ML Topical Solution,SCD,D08AX08|V03AB16|V03AZ01,D08AX08,,
858847,chlorpheniramine maleate 0.4 MG/ML / hydrocodone bitartrate 0.5 MG/ML / phenylephrine hydrochloride 1 MG/ML Oral Solution [Maxi-Tuss SA],SBD,R05DA03|R06AB04,R01BA03|R05DA03|R06AB04,,
860435,guaifenesin 20 MG/ML / hydrocodone bitartrate 0.5 MG/ML / phenylephrine hydrochloride 1.5 MG/ML Oral Solution [Gentex HC],SBD,R05CA03|R05DA03,R01BA03|R05CA03|R05DA03,,
1011752,aliskiren 300 MG / hydrochlorothiazide 12.5 MG Oral Tablet [Tekturna HCT],SBD,C03AA03|C09XA02,C09XA52,,
1012177,prednisolone sodium phosphate 5 MG/ML / sulfacetamide sodium 100 MG/ML Ophthalmic Suspension [AK-Cide],SBD,A07EA01|D10AB02|H02AB06|S01BA04|S03BA02,S01AB04|S01BA04,,
1038830,benzalkonium chloride 1 MG/ML Topical Foam [DigiClean Slim-Line],SBD,D08AJ01|D08AJ08|R02AA16,D08AJ01|D09AA11,,
1039250,povidone-iodine 70 MG/ML Medicated Pad,SCD,D08AG02|D09AA09|D11AC06|G01AX11|R02AA15,D08AG02|D09AA09,,
1039353,hydrocortisone acetate 10 MG/ML Vaginal Cream [Vagisil Satin],SBD,A01AC03|A07EA02|D07AA02|D07AB02|D07AB11|H02AB09|S01BA02,A01AC03|A07EA02|D07AA02|D07XA01|H02AB09|S01BA02|S02BA01,,
1042852,salicylic acid 0.015 MG/MG Topical Gel [TePoema Blemish],SBD,D01AE12|N02BA04,D01AE12,,
1043399,capsaicin 0.00025 MG/MG Medicated Patch,SCD,N01BX04,M02AB01,,
1045420,{1 (118 ML) (benzethonium chloride 1.3 MG/ML Medicated Liquid Soap) / 1 (92000 MG) (zinc oxide 306 MG/ML Topical Cream) } Pack,GPCK,D08AJ08|R02AA09,D02AB|D08AJ08,BOTH_WRONG,D02AB|D08AJ08
1085658,triamcinolone acetonide 1 MG/ML Topical Cream [Aristocort],SBD,A01AC01|H02AB08|R01AD11,D07AB09,,
1085994,triamcinolone hexacetonide 5 MG/ML Injectable Suspension [Aristospan],SBD,A01AC01|H02AB08|R01AD11,H02AB08,,
245660,zinc oxide 150 MG/ML Topical Cream,SCD,C05AX04,D02AB,,
1658222,magnesium sulfate 500 MG/ML Injection,SCD,B05XA05,A06AD04|A12CC02|B05XA05|V04CC02,,
1665002,ketorolac tromethamine 15 MG/ML Injection,SCD,M01AB15|S01BC05,M01AB15,,
1115886,camphor 28 MG/ML / menthol 1 MG/ML / phenol 15 MG/ML Topical Solution [Chigarid],SBD,D08AE03,C05BB05|D08AE03,,
1116154,bacitracin zinc 0.4 UNT/MG / hydrocortisone acetate 0.01 MG/MG / neomycin sulfate 0.0035 MG/MG / polymyxin B sulfate 10 UNT/MG Ophthalmic Ointment [Neo-Polycin HC],SBD,A01AC03|A07AA01|A07EA02|D06AX04|D07AA02|D07AB02|D07AB11|H02AB09|S01AA03|S01BA02,D06AX04|D06AX05|D07AA02,,
1150122,5 ML epinephrine 0.01 MG/ML / lidocaine hydrochloride 10 MG/ML Prefilled Syringe,SCD,C01CA24|D04AB01|N01BB02|R02AD02|S01EA01,N01BB52,BOTH_WRONG,N01BB52
1190560,ethanol 0.5 ML/ML / lidocaine hydrochloride 20 MG/ML Medicated Pad,SCD,D04AB01|N01BB02|R02AD02,D04AB01,,
1232716,tetrahydrozoline hydrochloride 1 MG/ML Nasal Solution,SCD,R01AA06|R01AB03|S01GA02,R01AA06|R01AB03,,
404554,"estrogens, conjugated (USP) 0.3 MG / medroxyprogesterone acetate 1.5 MG Oral Tablet [Prempro]",SBD,G03CA57|G03FA12,G03FA12,,
2184132,acetaminophen 325 MG / chlorpheniramine maleate 8 MG / phenylephrine hydrochloride 40 MG / phenyltoloxamine citrate 50 MG Extended Release Oral Tablet,SCD,N02BE01|R06AB04,N02BE01|R01BA03|R06AB04,,
244098,1000 ML glucose 100 MG/ML / sodium chloride 4.5 MG/ML Injection,SCD,A12CA01|B05BA03|B05BB01|B05CB01|B05XA03|S01XA03|V06DC01,B05BB01,,
244382,benzoyl peroxide 50 MG/ML / hydrocortisone 5 MG/ML Topical Lotion,SCD,D10AE01,D10AA,,
260285,gentamicin 0.003 MG/MG / prednisolone acetate 0.006 MG/MG Ophthalmic Ointment [Pred-G],SBD,A07EA01|D06AX07|H02AB06|S01BA04|S03AA06|S03BA02,S01AA11|S01BA04,,
1088447,6-O-palmitoylascorbic acid 12 MG / alpha-tocopherol acetate 75 UNT / levocarnitine 250 MG / ubidecarenone 30 MG Oral Capsule [Carni Q-Gel Forte],SBD,A16AA01|C01EB09,C01EX,,
2002590,salicylic acid 11 MG/ML Topical Lotion,SCD,D01AE12|N02BA04,D01AE12,,
204912,glucose 0.4 MG/MG Ophthalmic Ointment,SCD,B05BA03|V06DC01,B05CX01,,
996697,hydrogen peroxide 10 MG/ML Topical Solution [Teat Dip-HP10],SBD,A01AB02|D08AX01,D08AX01|D11AX25,,
800915,ascorbic acid 4700 MG / polyethylene glycol 3350 100000 MG / potassium chloride 1015 MG / sodium ascorbate 5900 MG / sodium chloride 2690 MG / sodium sulfate 7500 MG Powder for Oral Solution,SCD,A11GA01,A06AD65,,
210751,aluminum hydroxide 80 MG/ML Oral Suspension [Basaljel],SBD,A02AB01,A02AB01|A02AB02,,
2174801,diphenhydramine hydrochloride 0.02 MG/MG Topical Gel [Calagel Reformulated Jun 2019],SBD,D04AA32|R06AA02,D04AA32,IMPROVED,D04AA32
1090525,gentamicin 100 MG/ML Irrigation Solution,SCD,D06AX07|S03AA06,D06AX07,,
1099269,{21 (drospirenone 3 MG / ethinyl estradiol 0.03 MG Oral Tablet) / 7 (inert ingredients 1 MG Oral Tablet) } Pack [Syeda 28 Day],BPCK,G03AA12|G03AC10,G03AA12,,
1116294,1 ML ephedrine sulfate 50 MG/ML Injection,SCD,R01AA03|R03CA02,C01CA26,,
848176,Augmented betamethasone 0.5 MG/ML Topical Cream,SCD,D07AC01|H02AB01|S01BA06|S03BA03,D07AC01,,
210000,aluminum hydroxide 80 MG/ML / magnesium hydroxide 80 MG/ML / simethicone 8 MG/ML Oral Suspension [Almacone],SBD,A02AB01,A02AD01,,
1099923,capsaicin 0.000375 MG/MG / menthol 0.05 MG/MG / methyl salicylate 0.2 MG/MG Medicated Patch [Medrox],SBD,N01BX04,M02AC,,
1112785,desonide 0.5 MG/ML Topical Cream [Desonil],SBD,D07AB08|S01BA11,D07AB08,,
1149660,povidone-iodine 50 MG/ML Mouthwash [Betadine],SBD,D08AG02|D09AA09|D11AC06|G01AX11|R02AA15,R02AA15,,
1150291,folic acid 1 MG / vitamin B12 0.5 MG Oral Tablet [MTX Support],SBD,B03BA01|B03BB01,A11JA,IMPROVED,A11JA
577068,calcium phosphate 105 MG / cholecalciferol 120 UNT Oral Tablet,SCD,A11CC05|A12AA01,A12AX,,
857830,chlorpheniramine maleate 0.4 MG/ML / hydrocodone bitartrate 0.334 MG/ML / phenylephrine hydrochloride 1 MG/ML Oral Solution [Triant-HC],SBD,R05DA03|R06AB04,R01BA03|R05DA03|R06AB04,,
1010739,lidocaine hydrochloride 20 MG/ML Mucous Membrane Topical Solution,SCD,D04AB01|N01BB02|R02AD02,N01BB02,,
1010749,epinephrine 0.005 MG/ML / lidocaine hydrochloride 5 MG/ML Injectable Solution [Xylocaine with Epinephrine],SBD,C01CA24|D04AB01|N01BB02|R02AD02|S01EA01,N01BB02,,
1047797,"hyoscyamine sulfate 0.12 MG / methenamine 81.6 MG / methylene blue 10.8 MG / phenyl salicylate 36.2 MG / sodium phosphate, monobasic 40.8 MG Oral Tablet [Utrona-C]",SBD,A03BA03|G04BX12|J01XX05,A03BA03|G04BX12|J01XX05|V03AB17|V04CG05,,
243461,aluminum hydroxide 600 MG / magnesium hydroxide 300 MG Chewable Tablet,SCD,A02AB01,A02AA04,,
211680,Neomycin 40 MG/ML / Polymyxin B 200000 UNT/ML Irrigation Solution [Neosporin G. U. Irrigant],SBD,A07AA01|D06AX04|S01AA03,S01AA03|S01AA18,,
1012570,carbetapentane citrate 4 MG/ML / carbinoxamine maleate 1 MG/ML / phenylephrine hydrochloride 2 MG/ML Oral Solution,SCD,R05DB05|R06AA08,R01BA03|R05DB05|R06AA08,,
1049280,benzalkonium chloride 170 MG/ML Topical Solution [Zephiran],SBD,D08AJ01|D08AJ08|R02AA16,D08AJ01,,
251156,ferrous sulfate 75 MG/ML Oral Solution,SCD,B03AA01|B03AA07,B03AA07,,
1658707,"1 ML heparin sodium, porcine 10 UNT/ML Injection",SCD,B01AB01,B01AB01|C05BA03,,
1653440,lactic acid 22 MG/ML / salicylic acid 1 MG/ML Topical Solution,SCD,D01AE12|G01AD01|N02BA04,D01AE12|D02AX,,
1011749,lidocaine hydrochloride 30 MG/ML Topical Lotion [LidaMantle],SBD,D04AB01|N01BB02|R02AD02,D04AB01,,
858838,hydrocodone bitartrate 7.5 MG / ibuprofen 200 MG Oral Tablet [Vicoprofen],SBD,R05DA03,N02AJ23,,
1001751,calcium citrate 250 MG / cholecalciferol 100 UNT Oral Tablet,SCD,A11CC05|A12AA13,A12AX,,
1009375,benzocaine 0.2 MG/MG Oral Gel [Superdent],SBD,R02AD01,C05AD03|D04AB04|N01BA05|R02AD01,,
1729545,minoxidil 50 MG/ML Topical Spray [Qilib],SBD,C02DC01|D11AX01,D11AX01,,
1046713,12 HR atropine sulfate 0.04 MG / chlorpheniramine maleate 8 MG / hyoscyamine sulfate 0.19 MG / phenylephrine hydrochloride 25 MG / phenylpropanolamine hydrochloride 50 MG / scopolamine hydrobromide 0.01 MG Extended Release Oral Tablet,SCD,A03BA03|R01BA01|R06AB04,A03BA01|A03BA03|A04AD01|N05CM05|R01BA01|R01BA03|R06AB04,IMPROVED,A03BA01|A03BA03|A04AD01|N05CM05|R01BA01|R01BA03|R06AB04
240707,desogestrel 0.15 MG / ethinyl estradiol 0.03 MG Oral Tablet,SCD,G03AA09|G03AC09,G03AA09,,
1087919,dexamethasone 3 MG/ML Injectable Solution [Dexium],SBD,H02AB02|S01BA01,H02AB02,,
1092209,chloroxylenol 3 MG/ML / ketoconazole 3 MG/ML Topical Solution,SCD,D08AE05,D01AC08|D08AE05,,
1094015,oxytetracycline 250 MG / phenazopyridine hydrochloride 50 MG / sulfamethizole 250 MG Oral Capsule,SCD,G04BX06,J01RA,,
1100907,acetaminophen 325 MG / butalbital 50 MG / caffeine 40 MG Oral Capsule [Capacet],SBD,N02BE01|N06BC01,N02BE01,,
210754,ascorbic acid 250 MG / ferrous fumarate 132 MG Oral Tablet [Vitron-C],SBD,A11GA01,A11GA01|B03AA02,,
543873,acetic acid 0.009 MG/MG / oxyquinoline sulfate 0.00025 MG/MG Vaginal Gel,SCD,G01AD02|S02AA10,G01AC30,,
579443,chlorpheniramine maleate 8 MG / methscopolamine nitrate 2.5 MG / phenylephrine hydrochloride 40 MG Extended Release Oral Tablet,SCD,R06AB04,A03BB03|R01BA03|R06AB04,,
1085996,triamcinolone hexacetonide 20 MG/ML Injectable Suspension,SCD,A01AC01|H02AB08|R01AD11,H02AB08,,
1668032,atropine sulfate 0.8 MG/ML Injection,SCD,A03BA01|S01FA01,A03BA01,,
2184088,dexchlorpheniramine tannate 0.6 MG/ML / pseudoephedrine tannate 10 MG/ML Extended Release Suspension,SCD,R01BA02|R06AB02,R01BA02,,
1670322,tipiracil 6.14 MG / trifluridine 15 MG Oral Tablet [Lonsurf],SBD,S01AD02,L01BC59,,
1744005,emtricitabine 133 MG / tenofovir disoproxil fumarate 200 MG Oral Tablet,SCD,J05AF07|J05AF09,J05AR03,,
1744840,capsaicin 0.27 MG/ML Topical Cream,SCD,N01BX04,M02AB01,,
1795251,glucose 50 MG/ML / sodium chloride 4.5 MG/ML Injection,SCD,A12CA01|B05BA03|B05BB01|B05CB01|B05XA03|S01XA03|V06DC01,B05BB02,,
1868473,10 ML sodium bicarbonate 42 MG/ML Prefilled Syringe,SCD,B05CB04|B05XA02,B05XA02,,
1868469,5 ML sodium bicarbonate 42 MG/ML Injection,SCD,B05CB04|B05XA02,B05XA02,,
1869047,{21 (ethinyl estradiol 0.035 MG / norethindrone 0.4 MG Chewable Tablet) / 7 (ferrous fumarate 75 MG Chewable Tablet) } Pack [Nexesta Fe 28 Day],BPCK,B03AA02|G03CA01|G03DC02,B03AA02|G03AA05,,
1870685,8 ML gentamicin 10 MG/ML Injection,SCD,D06AX07|S03AA06,J01GB03,,
1918453,benzalkonium chloride 1 MG/ML / benzocaine 200 MG/ML Medicated Pad,SCD,C05AD03|D04AB04|D08AJ01|D08AJ08|R02AA16|R02AD01,D04AB04|D08AJ01,BOTH_WRONG,D04AB04|D08AJ01
1242397,24 HR loratadine 10 MG / pseudoephedrine sulfate 240 MG Extended Release Oral Tablet [Wal-itin D],SBD,R01BA02|R06AX13,R01BA02,,
1245403,diphenhydramine hydrochloride 20 MG/ML / levomenthol 10 MG/ML Topical Cream [Tact],SBD,D04AA32|R06AA02,D04AA32,,
1250949,chlorpheniramine maleate 0.4 MG/ML / methscopolamine nitrate 0.25 MG/ML / phenylephrine hydrochloride 2 MG/ML Oral Solution,SCD,R06AB04,A03BB03|R01BA03|R06AB04,,
1251022,phenylephrine hydrochloride 5 MG/ML Nasal Spray [Sinex],SBD,R01AA04,R01AA04|R01AB01|R01BA03,,
1292364,diphenhydramine hydrochloride 10 MG/ML / tripelennamine hydrochloride 5 MG/ML Topical Spray,SCD,D04AA32|R06AA02,D04AA04|D04AA32,,
1293853,phenylephrine hydrochloride 0.0025 MG/MG / pramoxine hydrochloride 0.01 MG/MG Rectal Ointment,SCD,R01AA04|S01FB01|S01XA20,C05AD07|C05AX06,,
1301959,sorbitol 700 MG/ML Rectal Solution,SCD,A06AD18|A06AG07|B05CX02|V04CC01,A06AD18|A06AG07,,
1314654,calcium pantothenate 10 MG / copper sulfate 0.8 MG / ferrous fumarate 324 MG / folic acid 1 MG / magnesium sulfate 6.9 MG / manganese sulfate 1.3 MG / niacinamide 30 MG / pyridoxine hydrochloride 5 MG / riboflavin 6 MG / sodium ascorbate 200 MG / thiamine mononitrate 10 MG / vitamin B12 0.015 MG / zinc sulfate 18.2 MG Oral Capsule,SCD,A11DA01|A11HA01|A11HA02|A11HA04|A12CB01|B03BA01|B03BB01|V03AB20,A06AD04|A11DA01|A11HA01|A11HA02|A11HA04|A11HA31|A12CB01|A12CC02|B03AA02|B03BA01|B03BB01|V03AB20|V04CC02,,
1359123,estradiol 0.5 MG / norethindrone acetate 0.1 MG Oral Tablet,SCD,G03CA03,G03FA11,,
1363363,ivermectin 0.0187 MG/MG Oral Paste,SCD,D11AX22|P02CF01,P02CF01,,
1370754,hydrocortisone valerate 2 MG/ML Topical Cream,SCD,A01AC03|A07EA02|D07AA02|D07AB02|D07AB11|H02AB09|S01BA02,D07AA02,,
1372918,triclosan 1 MG/ML / undecylenic acid 37.8 MG/ML Topical Cream [Ting Cream],SBD,D01AE04|D01AE20|D08AE04,D01AE04|D08AE04,,
1424307,carbinoxamine maleate 4 MG / pseudoephedrine hydrochloride 60 MG Chewable Tablet,SCD,R01BA02|R06AA08,R01BA02,,
1437306,diphenhydramine hydrochloride 1.67 MG/ML Oral Solution [ZZZ Sleep],SBD,D04AA32|R06AA02,R06AA02,,
1536447,Diphenhydramine Hydrochloride 1.25 MG/ML / Phenylephrine Hydrochloride 0.5 MG/ML Oral Solution [Pediacare Nighttime Multi-Symptom Cold],SBD,D04AA32|R01AA04|R06AA02|S01FB01|S01XA20,R06AA02,,
1538280,benzocaine 100 MG/ML Topical Cream [Carmex Cold Sore Treatment],SBD,C05AD03|D04AB04|R02AD01,D04AB04,,
1551286,chlophedianol hydrochloride 2.5 MG/ML / dexbrompheniramine maleate 0.2 MG/ML Oral Solution,SCD,R05DB10|R06AB06,R05DB10,,
1606488,lidocaine hydrochloride 0.04 MG/MG / menthol 0.01 MG/MG / methyl salicylate 0.02 MG/MG Medicated Patch,SCD,D04AB01|N01BB02|R02AD02,D04AB01,,
1648999,triamcinolone acetonide 5 MG/ML Topical Cream [Triderm],SBD,A01AC01|H02AB08|R01AD11,D07AB09,,
1741263,10 ML iron sucrose 20 MG/ML Injection [Venofer],SBD,B03AB02,B03AC,,
1745455,lidocaine 50 MG/ML / mineral oil 170 MG/ML / petrolatum 390 MG/ML / phenylephrine hydrochloride 2.5 MG/ML Topical Cream [RectiCare Advance Cream],SBD,A06AA01,C05AD01,,
1789740,diphenhydramine hydrochloride 6.25 MG/ML Oral Solution,SCD,D04AA32|R06AA02,R06AA02,,
1789738,diphenhydramine hydrochloride 2.5 MG/ML Oral Solution [Wal-Dryl Allergy],SBD,D04AA32|R06AA02,R06AA02,,
1792393,{30 (lenvatinib 10 MG Oral Capsule [Lenvima]) / 60 (lenvatinib 4 MG Oral Capsule [Lenvima]) } Pack [Lenvima 18],BPCK,L01XE29,L01EX08,,
1874173,lidocaine 0.04 MG/MG Topical Gel [Alocaine],SBD,D04AB01|N01BB02|R02AD02,D04AB01,,
1926571,hydrocortisone 10 MG/ML Medicated Shampoo,SCD,A01AC03|A07EA02|D07AA02|D07AB02|D07AB11|H02AB09|S01BA02,D07AA02,IMPROVED,D07AA02
1244193,salicylic acid 15 MG/ML Topical Solution,SCD,D01AE12|N02BA04,D01AE12,,
1250554,undecylenic acid 0.01 MG/MG Powder Spray,SCD,D01AE04|D01AE20,D01AE04,,
1294338,aspirin 5.42 MG/ML / diphenhydramine citrate 0.633 MG/ML / phenylpropanolamine hydrochloride 0.25 MG/ML Oral Solution,SCD,R01BA01,N02BA01|R01BA01|R06AA02,,
1297833,aspirin 500 MG / caffeine 32.5 MG Oral Capsule,SCD,N06BC01,N02BA51,,
1305100,ethanol 0.75 ML/ML Topical Gel,SCD,D08AX08|V03AB16|V03AZ01,D08AX08,,
1312496,ethanol 0.7 ML/ML / povidone-iodine 100 MG/ML Topical Solution [BD Persist],SBD,D08AG02|D09AA09|D11AC06|G01AX11|R02AA15,D08AG02|D08AX08,,
1361402,acetaminophen 250 MG / aspirin 250 MG / caffeine 65 MG Oral Tablet [Backaid IPF],SBD,N02BE01|N06BC01,N02BE01,,
1362026,"10 ML heparin sodium, porcine 1 UNT/ML Prefilled Syringe",SCD,B01AB01,B01AB01|C05BA03,,
1369777,ibuprofen 200 MG / phenylephrine hydrochloride 10 MG Oral Tablet [Advil Congestion Relief],SBD,M01AE01|M01AE14|M02AA13|R01AA04|S01FB01|S01XA20,M01AE01|M01AE14,,
1372464,capsaicin 0.25 MG/ML / menthol 100 MG/ML / methyl salicylate 250 MG/ML Topical Lotion,SCD,N01BX04,M02AC,,
1482679,undecylenic acid 100 MG/ML Topical Cream [Diaderm],SBD,D01AE04|D01AE20,D01AE04,,
1488218,diphenhydramine hydrochloride 1.67 MG/ML Oral Solution [Unisom Sleep],SBD,D04AA32|R06AA02,R06AA02,,
1542825,histamine dihydrochloride 0.5 MG/ML Topical Cream [Australian Dream],SBD,V04CG03,L03AX14,,
1547121,povidone-iodine 100 MG/ML Topical Solution [Triadine],SBD,D08AG02|G01AX11,D08AG02,,
1729173,lidocaine 50 MG/ML Rectal Cream [Zensa],SBD,D04AB01|N01BB02|R02AD02,C05AD01,,
1734777,capsaicin 1.5 MG/ML Topical Oil,SCD,N01BX04,M02AB01,,
1737724,lidocaine hydrochloride 8 MG/ML Injection,SCD,D04AB01|N01BB02|R02AD02,C01BB01|N01BB02,,
1858383,phenylephrine hydrochloride 1 MG/ML / pyrilamine maleate 3.2 MG/ML Oral Solution,SCD,R01AA04|S01FB01|S01XA20,R01BA53,,
1869344,0.85 ML sodium hyaluronate 10 MG/ML Prefilled Syringe [Provisc],SBD,M09AX01,S01KA01,,
1243998,miconazole nitrate 20 MG/ML Topical Cream [Trivase],SBD,A01AB09|D01AC02|G01AF04,D01AC02,,
1251782,potassium bicarbonate 11700 MG / sodium bicarbonate 117000 MG / sodium citrate 2400 MG Powder for Oral Solution [Pleo Alkala],SBD,B05CB02,A12BA04|B05CB02|B05CB04,IMPROVED,A12BA04|B05CB02|B05CB04
1297524,diphenhydramine tannate 5 MG/ML Extended Release Suspension [Dytan],SBD,D04AA32|R06AA02,R06AA02,,
1302617,benzethonium chloride 2 MG/ML Medicated Shampoo,SCD,R02AA09,D08AJ08,,
1356524,ivermectin 0.136 MG / praziquantel 114 MG / pyrantel 114 MG Chewable Tablet [Quadriguard],SBD,P02BA01|P02CC01,P02BA01|P02CC01|P02CF01,,
1366788,ivermectin 10 MG/ML Injectable Solution [Promectin],SBD,D11AX22|P02CF01,P02CF01,,
1494979,24 HR glycine 25 MG / isoleucine 50 MG / ubidecarenone 100 MG Extended Release Oral Tablet,SCD,B05CX03|C01EB09,C01EB09,,
1592290,lidocaine 0.04 MG/MG Topical Gel [Comfortcaine],SBD,D04AB01|N01BB02|R02AD02,D04AB01,,
1593876,sodium chloride 6.5 MG/ML Nasal Spray [Altamist],SBD,A12CA01|B05BB01|B05CB01|B05XA03|S01XA03,R01AX,,
1735004,fentanyl 0.05 MG/ML Injection,SCD,N01AH01,N01AH01|N02AB03,,
1791409,500 ML mannitol 200 MG/ML Injection [Osmitrol],SBD,A06AD16,B05BC01,,
1801689,phytosphingosine hydrochloride 0.1 MG/ML / salicylic acid 1.5 MG/ML Otic Solution,SCD,D01AE12|N02BA04,D01AE12,,
1249026,danthron 50 MG / docusate sodium 100 MG Oral Capsule,SCD,A06AB03,A06AA02|A06AB03,,
1251212,chlorhexidine gluconate 5 MG/ML Topical Solution [Supreme],SBD,A01AB03|D08AC02|R02AA05,D08AC02,,
1251594,Benzocaine 200 MG/ML / Cetylpyridinium Chloride 1 MG/ML Mucous Membrane Topical Solution [Orajel Mouth-Aid],SBD,C05AD03|D04AB04|R02AD01,D04AB04|R02AA06,,
1312997,salicylic acid 0.03 MG/MG Topical Ointment [Bensal],SBD,D01AE12|N02BA04,D11AF,,
1362822,"heparin sodium, porcine 7500 UNT/ML Injectable Solution",SCD,B01AB01,B01AB01|C05BA03,,
1437300,benzalkonium chloride 0.0013 MG/MG / menthol 0.01 MG/MG / petrolatum 0.97 MG/MG Topical Ointment [Lysimax],SBD,D08AJ01|D08AJ08|R02AA16,D08AJ01|D09AA11,IMPROVED,D08AJ01|D09AA11
1440021,dimethicone 60 MG/ML Topical Cream [Dove DermaSeries],SBD,P03AX05,D02AA,,
1537019,aspirin 500 MG / caffeine 60 MG Effervescent Oral Tablet,SCD,N06BC01,N02BA51,,
1544281,nitric oxide 0.5 % / nitrogen 99.5 % Gas for Inhalation,SCD,R07AX01|V03AN04,R07AX01,,
618028,amoxicillin 120 MG/ML / clavulanate 8.58 MG/ML Oral Suspension [Augmentin],SBD,J01CA04,J01CR02,,
617339,amoxicillin 50 MG/ML / clavulanate 12.5 MG/ML Oral Suspension [Augmentin],SBD,J01CA04,J01CR02,,
657561,bacitracin 0.4 UNT/MG / hydrocortisone 0.01 MG/MG / neomycin 0.0035 MG/MG / polymyxin B 5 UNT/MG Topical Ointment,SCD,A01AC03|A07AA01|A07EA02|D06AX04|D07AA02|D07AB02|D07AB11|H02AB09|S01AA03|S01BA02,D06AX04|D06AX05|D07AA02,,
685578,50 ML clindamycin 12 MG/ML Injection [Cleocin],SBD,D10AF01|J01FF01,J01FF01,,
705133,nitroglycerin 0.4 MG/ACTUAT Mucosal Spray [NitroMist],SBD,C01DA02|C05AE01,C01DA02,,
707381,sodium chloride 6.5 MG/ML Nasal Spray [Deep Sea],SBD,A12CA01|B05BB01|B05CB01|B05XA03|S01XA03,R01AX,,
702503,hydrocortisone 10 MG/ML Topical Spray [Cortaid],SBD,A01AC03|A07EA02|D07AA02|D07AB02|D07AB11|H02AB09|S01BA02,D07AA02,,
729768,ketoconazole 20 MG/ML Topical Foam [Extina],SBD,D01AC08|J02AB02,D01AC08,,
749855,{7 (ethinyl estradiol 0.035 MG / norethindrone 0.5 MG Oral Tablet) / 7 (ethinyl estradiol 0.035 MG / norethindrone 0.75 MG Oral Tablet) / 7 (ethinyl estradiol 0.035 MG / norethindrone 1 MG Oral Tablet) } Pack [Ortho-Novum 7/7/7 21 Day],BPCK,G03AA05|G03FA01,G03AA05,,
800341,alanine 6.98 MG/ML / arginine 12.3 MG/ML / aspartate 5.27 MG/ML / glutamate 8.2 MG/ML / glycine 3.85 MG/ML / histidine 3.12 MG/ML / isoleucine 7.6 MG/ML / leucine 12 MG/ML / lysine 6.77 MG/ML / methionine 1.8 MG/ML / phenylalanine 4.27 MG/ML / proline 8.12 MG/ML / serine 4.95 MG/ML / taurine 0.7 MG/ML / threonine 5.12 MG/ML / tryptophan 1.8 MG/ML / tyrosine 0.44 MG/ML / valine 6.73 MG/ML Injectable Solution,SCD,B05CX03|B05XB03|N06AX02|V03AB26,B05BA01,,
880890,{1 (70000 MG) (salicylic acid 60 MG/ML Topical Foam [Salvax]) / 1 (70000 MG) (urea 400 MG/ML Topical Foam [Hydro 40]) } Pack [Salvax Duo],BPCK,D01AE12|D02AE01|N02BA04,D01AE12|D02AE01,,
899257,chlorpheniramine maleate 0.8 MG/ML / methscopolamine nitrate 0.25 MG/ML / pseudoephedrine hydrochloride 6 MG/ML Oral Solution,SCD,R01BA02|R06AB04,A03BB03|R01BA02|R06AB04,,
800345,"alanine 6.98 MG/ML / arginine 12.3 MG/ML / aspartate 5.27 MG/ML / glutamate 8.2 MG/ML / glycine 3.85 MG/ML / histidine 3.12 MG/ML / isoleucine 7.6 MG/ML / leucine 12 MG/ML / lysine 6.77 MG/ML / methionine 1.8 MG/ML / phenylalanine 4.27 MG/ML / proline 8.12 MG/ML / serine 4.95 MG/ML / taurine 0.7 MG/ML / threonine 5.12 MG/ML / tryptophan 1.8 MG/ML / tyrosine 0.44 MG/ML / valine 6.73 MG/ML Injectable Solution [Aminosyn-PF 10 %, Sulfite-Free]",SBD,B05CX03|B05XB03|N06AX02|V03AB26,B05BA01,,
797654,ascorbic acid 80 MG / biotin 0.03 MG / calcium carbonate 200 MG / cupric oxide 3 MG / ferrous fumarate 60 MG / folic acid 1 MG / magnesium oxide 100 MG / niacinamide 17 MG / pantothenic acid 7 MG / riboflavin 1.6 MG / thiamine 1.5 MG / vitamin A 4000 UNT / vitamin B12 0.0025 MG / vitamin B6 4 MG / vitamin E 400 UNT / zinc oxide 25 MG Oral Tablet [Prenatal Rx 1],SBD,A11CA01|A11DA01|A11GA01|A11HA01|A11HA03|A11HA04|A11HA05|B03BA01|B03BB01,A02AA02|A02AC01|A06AD02|A11CA01|A11DA01|A11GA01|A11HA01|A11HA03|A11HA04|A11HA05|A12AA04|A12CC10|B03AA02|B03BA01|B03BB01,,
308493,bacitracin 0.4 UNT/MG / neomycin 0.0035 MG/MG / polymyxin B 10 UNT/MG Ophthalmic Ointment,SCD,A07AA01|D06AX04|S01AA03,S01AA03|S01AA18|S01AA32,,
308799,brompheniramine 2 MG / phenylephrine 10 MG / phenyltoloxamine 25 MG Extended Release Oral Capsule,SCD,R06AB01,R01BA03|R06AB01,,
312601,prednisolone 2 MG/ML / sulfacetamide 100 MG/ML Ophthalmic Solution,SCD,A07EA01|D10AB02|H02AB06|S01BA04|S03BA02,S01AB04|S01BA04,,
1088970,codeine phosphate 1 MG/ML / guaifenesin 20 MG/ML / pseudoephedrine hydrochloride 3.75 MG/ML Oral Suspension [Zodryl DEC],SBD,R01BA02|R05CA03|R05DA04,R05FA02,,
206549,hydrocortisone 5 MG/ML / polymyxin B 10000 UNT/ML Otic Solution [Otobiotic],SBD,A01AC03|A07EA02|D07AA02|D07AB02|D07AB11|H02AB09|S01BA02,S02AA11|S02BA01,,
800062,calcium chloride 0.00014 MEQ/ML / glucose 1 MG/ML / magnesium chloride 0.0000245 MEQ/ML / sodium chloride 0.00368 MEQ/ML / sodium lactate 0.0016 MEQ/ML Intraperitoneal Solution,SCD,A12CA01|A12CC01|B05BA03|B05BB01|B05CB01|B05XA03|B05XA07|G01AD01|S01XA03|V06DC01,B05DB,,
748866,{6 (ethinyl estradiol 0.03 MG / levonorgestrel 0.05 MG Oral Tablet) / 10 (ethinyl estradiol 0.03 MG / levonorgestrel 0.125 MG Oral Tablet) / 5 (ethinyl estradiol 0.04 MG / levonorgestrel 0.075 MG Oral Tablet) } Pack,GPCK,G03AC03|G03CA01,G03AA07,,
707359,sodium chloride 6.5 MG/ML Nasal Spray [Ayr Saline Nasal],SBD,A12CA01|B05BB01|B05CB01|B05XA03|S01XA03,R01AX,,
796544,inositol 141 MG / niacin 500 MG Oral Capsule,SCD,A11HA07,A11JA,,
861663,24 HR nitroglycerin 0.4 MG/HR Transdermal System [Minitran],SBD,C01DA02,C01DA02|C05AE01,,
891820,ascorbic acid 226 MG / cuprous oxide 0.8 MG / dl-alpha tocopheryl acetate 200 UNT / lutein 5 MG / zinc oxide 34.8 MG Oral Capsule [PreserVision with Lutein],SBD,A11GA01|A11HA03,A11JB,,
1995011,diclofenac sodium 0.015 MG/MG Medicated Patch,SCD,M01AB05|M02AA15|S01BC03,D11AX18|M02AA15,,
206369,hydrocortisone 10 MG/ML Topical Lotion [Cetacort],SBD,A01AC03|A07EA02|D07AA02|D07AB02|D07AB11|H02AB09|S01BA02,D07AA02,,
630062,guaifenesin 650 MG / phenylephrine hydrochloride 23.8 MG Extended Release Oral Tablet,SCD,R05CA03,R01BA03|R05CA03,,
686497,glycerin 350 MG/ML Mucosal Spray,SCD,A06AX01,A01AD,,
629994,hydrofluoric acid 2 MG/ML / sodium fluoride 25 MG/ML Oral Foam,SCD,A01AA01,A01AA01|A12CD01,,
702615,acetaminophen 500 MG / caffeine 65 MG Disintegrating Oral Tablet [Excedrin Quick Tab],SBD,N02BE01|N02BE51|N06BC01,N02BE51,,
731573,penicillin G benzathine 600000 UNT/ML Injectable Suspension [Bicillin L-A],SBD,J01CE08|J01CE09,J01CE08,,
968989,ivermectin 10 MG/ML Injectable Solution [Endo-Mectin],SBD,D11AX22|P02CF01,P02CF01,,
308897,calcium carbonate 270 MG / magnesium carbonate 97 MG Oral Tablet,SCD,A02AA01|A12AA04,A02AA01|A02AC01|A06AD01|A12AA04,,
309390,coal tar 20 MG/ML / salicylic acid 40 MG/ML Medicated Shampoo,SCD,D01AE12|N02BA04,D05AA,,
309536,methylbenzethonium 0.00055 MG/MG Topical Powder,SCD,D08AJ08|R02AA09,D08AJ08,,
2001358,acetaminophen 325 MG / benzhydrocodone 6.12 MG Oral Tablet,SCD,N02BE01,N02AJ22,,
995864,{30 (calcium ascorbate 25 MG / calcium carbonate 400 MG / cholecalciferol 200 UNT / folic acid 2 MG / pyridoxine hydrochloride 25 MG Oral Tablet [Encora AM Tablet]) / 30 (calcium ascorbate 25 MG / calcium carbonate 600 MG / cholecalciferol 600 UNT / folic acid 0.5 MG / pyridoxine hydrochloride 12.5 MG Oral Tablet [Encora PM Tablet]) / 60 (linoleic acid 10 MG / omega-3 acid ethyl esters (USP) 650 MG / vitamin E 50 UNT Oral Capsule [Encora Capsule]) } Pack [Encora],BPCK,A11CC05|A11HA02|A11HA03|B03BB01,A11JB|A11JC,,
310473,100 ML gentamicin 0.8 MG/ML Injection,SCD,D06AX07|S03AA06,J01GB03,,
789980,ampicillin 100 MG/ML Injectable Solution,SCD,J01CA01|J01CA18,J01CA01,,
308657,benzocaine 200 MG/ML Mucous Membrane Topical Solution,SCD,C05AD03|D04AB04|R02AD01,N01BA05,IMPROVED,N01BA05
309291,ciclopirox 80 MG/ML Topical Solution,SCD,D01AE14|G01AX12,D01AE14,,
204135,desonide 0.0005 MG/MG Topical Ointment,SCD,D07AB08|S01BA11,D07AB08,,
206213,erythromycin 0.02 MG/MG Topical Ointment [Aknemycin],SBD,J01FA01,D10AF02,,
347745,carbon monoxide 0.3 % / neon 0.5 % / nitrogen 78.2 % / oxygen 21 % Gas for Inhalation,SCD,V03AN01|V03AN04,V04CX08,,
800237,alanine 9.93 MG/ML / arginine 10.2 MG/ML / aspartate 7 MG/ML / glutamate 7.38 MG/ML / glycine 5 MG/ML / histidine 3 MG/ML / isoleucine 6.6 MG/ML / leucine 10 MG/ML / lysine 10.5 MG/ML / methionine 1.72 MG/ML / phenylalanine 2.98 MG/ML / proline 7.22 MG/ML / serine 5.3 MG/ML / threonine 4 MG/ML / tryptophan 2 MG/ML / tyrosine 2.7 MG/ML / valine 5 MG/ML Injectable Solution,SCD,B05CX03|B05XB03|N06AX02|V03AB26,B05BA01,,
809206,benzocaine 60 MG/ML / isopropyl alcohol 0.7 ML/ML Medicated Pad,SCD,D08AX05,D04AB04,,
729908,benzocaine 3 MG / menthol 3 MG Oral Film,SCD,C05AD03|D04AB04|R02AD01,R02AD01,BOTH_WRONG,R02AD01
883807,270 ACTUAT epinephrine 0.22 MG/ACTUAT Metered Dose Inhaler [Primatene Mist Inhaler],SBD,C01CA24|S01EA01,R03AA01,,
205256,"diphtheria toxoid vaccine, inactivated 20 UNT/ML / tetanus toxoid vaccine, inactivated 10 UNT/ML Injectable Suspension",SCD,J07AF01|J07AM01|J07AM51|J07CA02,J07AM51,,
2054120,glycopyrronium 24 MG/ML Medicated Pad [Qbrexza],SBD,A03AB02,D11AA01,,
205530,desonide 0.0005 MG/MG Topical Ointment [Desowen],SBD,D07AB08|S01BA11,D07AB08,,
312483,polythiazide 0.5 MG / prazosin 5 MG Oral Capsule,SCD,C02CA01|C03AA05,C02LE01,,
317059,oxyquinoline sulfate 1 MG/ML / tetracaine 2.5 MG/ML Topical Solution,SCD,A01AB07|C05AD02|D04AB06|D08AH03|G01AC30|N01BA03|R02AA14|S01HA03,C05AD02|D04AB06,,
801653,alanine 11.4 MG/ML / arginine 5.7 MG/ML / dibasic potassium phosphate 5.22 MG/ML / glucose 100 MG/ML / glycine 11.4 MG/ML / histidine 2.41 MG/ML / isoleucine 2.63 MG/ML / leucine 3.4 MG/ML / lysine 3.18 MG/ML / magnesium chloride 0.02 MEQ/ML / sodium chloride 0.04 MEQ/ML / threonine 2.3 MG/ML / tryptophan 0.99 MG/ML / tyrosine 0.22 MG/ML / valine 2.52 MG/ML Injectable Solution,SCD,B05CX03|B05XB03|N06AX02,B05BA01,,
832864,sulfacetamide sodium 100 MG/ML Medicated Shampoo,SCD,D10AB02,D10AF06,,
999803,ascorbic acid 75 MG / ferrous fumarate 333 MG / folic acid 0.5 MG / liver stomach concentrate 240 MG / vitamin B12 0.015 MG Oral Capsule [Ferotrin],SBD,A11GA01|B03BA01|B03BB01,A11GA01|B03AA02|B03BA01|B03BB01,,
847741,lopinavir 200 MG / ritonavir 50 MG Oral Tablet [Kaletra],SBD,J05AE03,J05AR10,,
2109088,160 ACTUAT epinephrine 0.125 MG/ACTUAT Metered Dose Inhaler [Primatene Mist Inhaler],SBD,C01CA24|S01EA01,R03AA01,,
211137,povidone-iodine 10 MG/ML Topical Solution [Polydine],SBD,D08AG02|D09AA09|D11AC06|G01AX11|R02AA15,D08AG02,,
211746,povidone-iodine 0.075 MG/MG Medicated Bar Soap [Povidine],SBD,D08AG02|D09AA09|D11AC06|G01AX11|R02AA15,D08AG02,,
2117770,{7 (ethinyl estradiol 0.01 MG Oral Tablet) / 84 (ethinyl estradiol 0.02 MG / levonorgestrel 0.1 MG Oral Tablet) } Pack [Lojaimiess 91 Day],BPCK,G03CA01,G03AA07|G03CA01,,
2118734,acetaminophen 325 MG / benzhydrocodone 8.16 MG Oral Tablet [Apadaz],SBD,N02BE01,N02AJ22,,
213664,betamethasone 4 MG/ML Injectable Solution [Celestone phosphate],SBD,D07AC01|H02AB01|S01BA06|S03BA03,H02AB01,,
1098478,sodium fluoride 0.55 MG / xylitol 237 MG Chewable Tablet [Fluor a Day Chewable],SBD,A01AA01,A12CD01,,
806861,benzocaine 50 MG/ML Mucosal Spray [Cepacol],SBD,C05AD03|D04AB04|R02AD01,R02AD01,,
1149663,povidone-iodine 50 MG/ML Ophthalmic Solution [Betadine],SBD,D08AG02|D09AA09|D11AC06|G01AX11|R02AA15,S01AX18,,
1192923,docusate sodium 56.6 MG/ML Enema [Enemeez],SBD,A06AA02,A06AG10,,
857758,chlorpheniramine maleate 0.4 MG/ML / hydrocodone bitartrate 0.334 MG/ML / phenylephrine hydrochloride 1 MG/ML Oral Solution [HIST-HC],SBD,R05DA03|R06AB04,R01BA03|R05DA03|R06AB04,,
1006409,chlorhexidine gluconate 20 MG/ML Topical Solution [Vet One],SBD,A01AB03|D08AC02|R02AA05,D08AC02,,
1010671,lidocaine hydrochloride 20 MG/ML Injectable Solution,SCD,D04AB01|N01BB02|R02AD02,N01BB02,,
1012245,hydrocortisone acetate 20 MG/ML / lidocaine hydrochloride 20 MG/ML Medicated Pad,SCD,A01AC03|A07EA02|D04AB01|D07AA02|D07AB02|D07AB11|H02AB09|N01BB02|R02AD02|S01BA02,C05AA01|C05AD01,,
1046611,naphazoline hydrochloride 0.5 MG/ML Nasal Spray [Privine],SBD,S01GA01,R01AA08,,
1046840,Salicylic Acid 20 MG/ML Medicated Liquid Soap [Glytone Acne],SBD,D01AE12|N02BA04,D01AE12,,
1048307,"hyoscyamine sulfate 0.12 MG / methenamine 120 MG / methylene blue 10 MG / phenyl salicylate 36 MG / sodium phosphate, monobasic 40.8 MG Oral Capsule",SCD,A03BA03|G04BX12|J01XX05,G04BX12,,
1049256,benzalkonium chloride 1.3 MG/ML Topical Solution [Benza],SBD,D08AJ01|D08AJ08|R02AA16,D08AJ01,,
1085644,triamcinolone acetonide 0.25 MG/ML Topical Cream,SCD,A01AC01|H02AB08|R01AD11,D07AB09,,
244413,amphotericin B 0.03 MG/MG Topical Ointment,SCD,A01AB04|A07AA07|J02AA01,A07AA07,,
261119,metronidazole 7.5 MG/ML Topical Lotion [MetroLotion],SBD,A01AB17|D06BX01|P01AB01,D06BX01,,
1660175,Lidocaine 0.045 MG/MG / Menthol 0.05 MG/MG Medicated Patch [Lidothol],SBD,D04AB01|N01BB02|R02AD02,D04AB01,,
1092398,aspirin 500 MG / diphenhydramine hydrochloride 25 MG Oral Tablet,SCD,B01AC06|D04AA32|N02BA01|N02BA51|R06AA02,N02BA01|R06AA02,,
1234519,hydrocortisone acetate 10 MG/ML / pramoxine hydrochloride 10 MG/ML Topical Cream [Pramosone],SBD,A01AC03|A07EA02|D07AA02|D07AB02|D07AB11|H02AB09|S01BA02,D07XA01,,
1001689,{2 (480 ML) (magnesium sulfate 0.0277 MEQ/ML / potassium sulfate 0.0374 MEQ/ML / sodium sulfate 0.257 MEQ/ML Oral Solution) } Pack,GPCK,A06AD04|B05XA05,A06AD04|A06AD13,,
1047786,"hyoscyamine sulfate 0.12 MG / methenamine 81.6 MG / methylene blue 10.8 MG / phenyl salicylate 36.2 MG / sodium phosphate, monobasic 40.8 MG Oral Tablet",SCD,A03BA03|G04BX12|J01XX05,G04BX12,,
1049285,benzalkonium chloride 1.2 MG/ML Topical Lotion,SCD,D08AJ01|D08AJ08|R02AA16,D08AJ01,,
1053740,nystatin 100 UNT/MG / triamcinolone acetonide 0.001 MG/MG Topical Ointment [Tri-Statin],SBD,A01AB11|A01AC01|A07AA02|D01AA01|H02AB08|R01AD11,D01AA20,BOTH_WRONG,D01AA20
1085738,triamcinolone acetonide 0.147 MG/ML Topical Spray [Kenalog],SBD,A01AC01|H02AB08|R01AD11,D07AB09,,
1085992,triamcinolone hexacetonide 5 MG/ML Injectable Suspension,SCD,A01AC01|H02AB08|R01AD11,H02AB08,,
1086316,triamcinolone acetonide 0.001 MG/MG Topical Gel,SCD,A01AC01|H02AB08|R01AD11,D07AB09,,
1667878,benzoic acid 9 MG / hyoscyamine sulfate 0.12 MG / methenamine 81.6 MG / methylene blue 10.8 MG / phenyl salicylate 36.2 MG Oral Tablet [Urophen],SBD,A03BA03|G04BX12|J01XX05,A03BA03|G04BX12|J01XX05|V03AB17|V04CG05,,
1037070,pheniramine maleate 16 MG / phenylpropanolamine hydrochloride 50 MG / phenyltoloxamine citrate 16 MG / pyrilamine maleate 16 MG Extended Release Oral Capsule,SCD,R01BA01,R01BA01|R06AB05,,
260393,prednisolone 40 MG/ML Injectable Suspension [Depo-Predate],SBD,A07EA01|H02AB06|S01BA04|S03BA02,H02AB06,,
1658271,{1 (118000 MG) (dimethicone 50 MG/ML Topical Cream) / 1 (8000 MG) (triamcinolone acetonide 10 MG/ML Topical Cream) } Pack,GPCK,P03AX05,D07AB09|P03AX05,,
1660750,betamethasone 6 MG/ML Injectable Suspension [Betavet],SBD,D07AC01|H02AB01|S01BA06|S03BA03,H02AB01,,
106222,lidocaine 20 MG/ML Topical Cream,SCD,D04AB01|N01BB02|R02AD02,D04AB01,,
283373,pancreatin 180 MG / potassium bicarbonate 190 MG / sodium bicarbonate 380 MG Oral Tablet,SCD,A12BA04,A09AA02,,
1190166,benzalkonium chloride 1.3 MG/ML / lidocaine hydrochloride 20 MG/ML Topical Spray,SCD,D04AB01|D08AJ01|D08AJ08|N01BB02|R02AA16|R02AD02,D04AB01|D08AJ01,BOTH_WRONG,D04AB01|D08AJ01
2056893,chlorpheniramine maleate 0.8 MG/ML / codeine phosphate 2 MG/ML / phenylephrine hydrochloride 2 MG/ML Oral Solution,SCD,R05DA04|R06AB04,R05DA04,,
206535,1000 ML mannitol 50 MG/ML Injection [Osmitrol],SBD,A06AD16,B05BC01,,
377500,coal tar / salicylic acid Medicated Shampoo,SCDF,D01AE12|N02BA04,D01AE12,,
801034,alanine 10.4 MG/ML / arginine 5.75 MG/ML / calcium chloride 0.004 MEQ/ML / dibasic potassium phosphate 2.61 MG/ML / glucose 250 MG/ML / glycine 5.15 MG/ML / histidine 2.4 MG/ML / isoleucine 3 MG/ML / leucine 3.65 MG/ML / lysine 2.9 MG/ML / magnesium chloride 0.01 MEQ/ML / methionine 2 MG/ML / phenylalanine 2.8 MG/ML / proline 3.4 MG/ML / serine 2.5 MG/ML / sodium acetate trihydrate 3.4 MG/ML / sodium chloride 0.01 MEQ/ML / threonine 2.1 MG/ML / tryptophan 0.9 MG/ML / tyrosine 0.2 MG/ML / valine 2.9 MG/ML Injectable Solution [Clinimix E 5/25],SBD,B05CX03|B05XB03|N06AX02|V03AB26,B05BA01,,
853134,capsaicin 0.00025 MG/MG / menthol 0.05 MG/MG Medicated Patch,SCD,N01BX04,M02AB01,,
834177,chlorhexidine gluconate 5 MG/ML Topical Solution [Hibistat],SBD,A01AB03|D08AC02|R02AA05,D08AC02,,
208589,dexamethasone 1 MG/ML / neomycin 3.5 MG/ML / polymyxin B 10000 UNT/ML Ophthalmic Suspension [Dexacidin],SBD,A07AA01|D06AX04|H02AB02|S01AA03|S01BA01,S01CA01,BOTH_WRONG,S01CA01
208649,dexamethasone 0.1 MG/ACTUAT Nasal Inhalant [Dexacort Phosphate in Turbinaire],SBD,H02AB02|S01BA01,R01AD03,,
2099286,12 HR chlorpheniramine maleate 8 MG / codeine phosphate 54.3 MG Extended Release Oral Tablet [Tuxarin],SBD,R05DA04|R06AB04,R05DA04,,
211189,acetaminophen 325 MG / butalbital 50 MG / caffeine 40 MG Oral Tablet [Esgic],SBD,N02BE01|N06BC01,N02BE01,,
2168528,lidocaine hydrochloride 50 MG/ML / phenylephrine hydrochloride 2.5 MG/ML Topical Spray,SCD,D04AB01|N01BB02|R01AA04|R02AD02|S01FB01|S01XA20,D04AB01,,
2184153,chlorpheniramine maleate 4 MG / phenylephrine hydrochloride 20 MG Extended Release Oral Tablet,SCD,R06AB04,R01BA03|R06AB04,,
1087180,aluminum hydroxide 6.34 MG/ML / magnesium carbonate 26.2 MG/ML Oral Suspension [Riginic],SBD,A02AB01,A02AD01,,
1148952,salicylic acid 18 MG/ML Topical Cream [Miracle Rash Repair],SBD,D01AE12|N02BA04,D01AE12,,
1235496,salicylic acid 10 MG/ML Topical Cream [Sebrx Acne Control],SBD,D01AE12|N02BA04,D01AE12,,
577237,metronidazole 0.01 MG/MG Topical Gel,SCD,A01AB17|D06BX01|P01AB01,D06BX01,,
858772,hydrocodone bitartrate 2.5 MG / ibuprofen 200 MG Oral Tablet [Reprexain],SBD,R05DA03,N02AJ23,,
859216,chlorpheniramine maleate 0.8 MG/ML / hydrocodone bitartrate 0.334 MG/ML / phenylephrine hydrochloride 1 MG/ML Oral Solution [Chlorgest HD],SBD,R05DA03|R06AB04,R01BA03|R05DA03|R06AB04,,
1000128,1 ML medroxyprogesterone acetate 150 MG/ML Injection [Depo-Provera],SBD,G03DA02,L02AB02,,
1010895,lidocaine hydrochloride 40 MG/ML Topical Cream,SCD,D04AB01|N01BB02|R02AD02,D04AB01,IMPROVED,D04AB01
1039556,salicylic acid 20 MG/ML Medicated Pad [Clearasil Acne Control],SBD,D01AE12|N02BA04,D01AE12,,
248411,salicylic acid 7.5 MG/ML Topical Solution,SCD,D01AE12|N02BA04,D01AE12,,
259047,gentamicin 0.4 MG/ML Injectable Solution,SCD,D06AX07|S03AA06,J01GB03,IMPROVED,J01GB03
259581,glycerin 2 MG/ML / hypromellose 2 MG/ML / polyethylene glycol 400 10 MG/ML Ophthalmic Solution,SCD,S01KA02,S01XA20,,
284328,sodium fluoride 1 MG/ML Oral Solution,SCD,A01AA01,A12CD01,,
1658672,benzocaine 15 MG / menthol 2.6 MG Oral Lozenge [Angidol],SBD,C05AD03|D04AB04|R02AD01,R02AD01,,
1665459,2 ML ketorolac tromethamine 30 MG/ML Injection,SCD,M01AB15|S01BC05,M01AB15,,
1667872,"hyoscyamine sulfate 0.12 MG / methenamine 120 MG / methylene blue 10 MG / sodium phosphate, monobasic 40.8 MG Oral Capsule [Indiomin]",SBD,A03BA03|J01XX05,A03BA03|J01XX05|V03AB17|V04CG05,,
1664645,capsaicin 0.25 MG/ML / menthol 12.5 MG/ML / methyl salicylate 100 MG/ML Topical Lotion,SCD,N01BX04,M02AB01,,
1737850,1 ML methylene blue 10 MG/ML Injection,SCD,V03AB17|V04CG05,V03AB17,,
1099575,pseudoephedrine hydrochloride 60 MG / triprolidine hydrochloride 2.5 MG Oral Tablet [Actacin],SBD,R01BA02|R01BA52|R06AX07,R01BA52|R06AX07,BOTH_WRONG,R01BA52|R06AX07
858836,chlorpheniramine maleate 0.4 MG/ML / hydrocodone bitartrate 0.5 MG/ML / phenylephrine hydrochloride 1 MG/ML Oral Solution [Liquitussin HC],SBD,R05DA03|R06AB04,R01BA03|R05DA03|R06AB04,,
1000642,pilocarpine hydrochloride 0.04 MG/MG Ophthalmic Gel [Pilopine],SBD,N07AX01|S01EB01,S01EB01,,
1045481,benzalkonium chloride 1 MG/ML Topical Foam [Meditize],SBD,D08AJ01|D08AJ08|R02AA16,D08AJ01,,
1053247,benzocaine 75 MG/ML Mucous Membrane Topical Solution [Orajel],SBD,C05AD03|D04AB04|R02AD01,R02AD01,,
1234552,pramoxine hydrochloride 10 MG/ML / zinc acetate 1 MG/ML Topical Lotion [Caladryl Clear],SBD,A16AX05,D04AB07,,
617304,amoxicillin 250 MG / clavulanate 62.5 MG Chewable Tablet,SCD,J01CA04,J01CR02,,
1000673,sulfacetamide sodium 0.1 MG/MG Ophthalmic Ointment,SCD,D10AB02,S01AB04,,
308085,aluminum hydroxide 120 MG/ML / magnesium hydroxide 60 MG/ML Oral Suspension,SCD,A02AB01,A02AD01,,
1657122,salicylic acid 20 MG/ML Medicated Pad [Asepxia],SBD,D01AE12|N02BA04,D01AE12,,
1658265,1000 ML magnesium sulfate 40 MG/ML Injection,SCD,A06AD04|B05XA05,B05XA05,,
313248,tetracycline hydrochloride 0.01 MG/MG Ophthalmic Ointment,SCD,D06AA04|J01AA07,S01AA09,,
1190750,5 ML atropine sulfate 0.14 MG/ML / edrophonium chloride 10 MG/ML Injection [Enlon-Plus],SBD,A03BA01|S01FA01,A03BA01|V04CX07,,
211726,phenylephrine 1.2 MG/ML / zinc sulfate 2.5 MG/ML Ophthalmic Solution [Zincfrin],SBD,A12CB01,S01GA05,,
858797,chlorpheniramine maleate 0.4 MG/ML / hydrocodone bitartrate 0.5 MG/ML / phenylephrine hydrochloride 1 MG/ML Oral Solution [Histussin-HC],SBD,R05DA03|R06AB04,R01BA03|R05DA03|R06AB04,,
242816,100 ML gentamicin 1 MG/ML Injection,SCD,D06AX07|S03AA06,J01GB03,,
1737744,500 ML lidocaine hydrochloride 4 MG/ML Injection,SCD,D04AB01|N01BB02|R02AD02,C01BB01,,
1741930,salicylic acid 18 MG/ML Medicated Liquid Soap [Psoriwash],SBD,D01AE12|N02BA04,D02AF,BOTH_WRONG,D02AF
1804178,ethanol 0.48 ML/ML Topical Solution,SCD,D08AX08|V03AB16|V03AZ01,D08AX08,,
1813112,{24 (drospirenone 3 MG / ethinyl estradiol 0.02 MG / levomefolate calcium 0.451 MG Oral Tablet) / 4 (levomefolate calcium 0.451 MG Oral Tablet) } Pack [Rajani 28 Day],BPCK,G03AC10,G03AA12,,
1876395,benzethonium chloride 2 MG/ML Topical Cream [NoRisc],SBD,R02AA09,D08AJ08,,
1293311,1 ML atropine sulfate 0.4 MG/ML Prefilled Syringe,SCD,A03BA01|S01FA01,A03BA01,,
1293739,chromic chloride 0.0205 MG/ML / copper sulfate 1.57 MG/ML / manganese sulfate 0.308 MG/ML / selenious acid 0.0327 MG/ML / zinc sulfate 4.39 MG/ML Injectable Solution [Multitrace-5],SBD,A12CB01|V03AB20,V03AB20,,
1294382,diphenhydramine hydrochloride 2.5 MG/ML / hydrocodone bitartrate 0.7 MG/ML / phenylephrine hydrochloride 1 MG/ML Oral Solution,SCD,R05DA03,R01BA03|R05DA03|R06AA02,,
1294557,diphenhydramine hydrochloride 25 MG / pseudoephedrine hydrochloride 60 MG Oral Tablet,SCD,R01BA02,R01BA02|R06AA02,,
1298255,povidone-iodine 3 MG/ML Topical Solution [Rexall],SBD,D08AG02|D09AA09|D11AC06|G01AX11|R02AA15,D08AG02,,
1300382,"0.5 ML Bordetella pertussis filamentous hemagglutinin vaccine, inactivated 0.05 MG/ML / Bordetella pertussis pertactin vaccine, inactivated 0.016 MG/ML / Bordetella pertussis toxoid vaccine, inactivated 0.05 MG/ML / diphtheria toxoid vaccine, inactivated 50 UNT/ML / tetanus toxoid vaccine, inactivated 20 UNT/ML Prefilled Syringe",SCD,J07AF01|J07AM01,J07AJ52,,
1362704,benzocaine 20 MG/ML / cetylpyridinium chloride 1 MG/ML / menthol 5 MG/ML Mucous Membrane Topical Solution,SCD,C05AD03|D04AB04|R02AD01,R02AA06,,
1367691,{21 (ethinyl estradiol 0.035 MG / norethindrone 0.4 MG Oral Tablet) / 7 (inert ingredients 1 MG Oral Tablet) } Pack [Gildagia],BPCK,G03CA01|G03DC02,G03AA05,,
198153,colchicine 0.5 MG / probenecid 500 MG Oral Tablet,SCD,M04AB01|M04AC01,M04AC51,IMPROVED,M04AC51
1430054,undecylenic acid 200 MG/ML Topical Spray [Hongo Killer],SBD,D01AE04|D01AE20,D01AE04,,
1436374,capsaicin 0.35 MG/ML / menthol 50 MG/ML / methyl salicylate 200 MG/ML Topical Cream [Doloracin],SBD,N01BX04,M02AB01,IMPROVED,M02AB01
1439953,acetic acid 20 MG/ML / chlorhexidine gluconate 20 MG/ML / ketoconazole 10 MG/ML Medicated Shampoo [Mal-A-Ket],SBD,A01AB03|D01AC08|D08AC02|G01AD02|J02AB02|R02AA05|S02AA10,D01AC08|D08AC02,,
1482662,chlorhexidine gluconate 23 MG/ML / ketoconazole 10 MG/ML Medicated Shampoo [Ketochlor],SBD,A01AB03|D01AC08|D08AC02|J02AB02|R02AA05,D01AC08|D08AC02,,
1483223,hydrocortisone 10 MG/ML Topical Lotion [Resicort],SBD,A01AC03|A07EA02|D07AA02|D07AB02|D07AB11|H02AB09|S01BA02,D07AA02,,
1540235,ketorolac 2.88 MG/ML / phenylephrine 10.16 MG/ML Ophthalmic Irrigation Solution [Omidria],SBD,M01AB15|R01AA04|S01BC05|S01FB01|S01XA20,S01FB51,,
1540356,hydrocortisone 25 MG/ML Topical Cream [Proctosol],SBD,A01AC03|A07EA02|D07AA02|D07AB02|D07AB11|H02AB09|S01BA02,D07AA02,,
1545688,benzalkonium chloride 1.3 MG/ML / lidocaine hydrochloride 25 MG/ML Topical Spray [Bactine],SBD,D04AB01|D08AJ01|D08AJ08|N01BB02|R02AA16|R02AD02,D04AB01|D08AJ01,BOTH_WRONG,D04AB01|D08AJ01
1549304,miconazole nitrate 20 MG/ML / salicylic acid 20 MG/ML Medicated Shampoo [Dermazole],SBD,A01AB09|D01AC02|D01AE12|G01AF04|N02BA04,D01AC02|D01AE12,,
1746915,6 ML obiltoxaximab 100 MG/ML Injection [Anthim],SBD,J06BB22,J06BC04,,
197406,betamethasone 0.1 MG/ML Topical Cream,SCD,D07AC01|H02AB01|S01BA06|S03BA03,D07AC01,,
1249096,{1 (povidone-iodine 100 MG/ML Medicated Pad) / 1 (22.5 ML) (povidone-iodine 100 MG/ML Topical Solution) } Pack,GPCK,D08AG02|G01AX11,D08AG02,,
1250751,chlorpheniramine maleate 0.4 MG/ML / methscopolamine nitrate 0.125 MG/ML / phenylephrine hydrochloride 2 MG/ML Oral Solution,SCD,R06AB04,A03BB03|R01BA03|R06AB04,,
1293344,acetaminophen 325 MG / chlorpheniramine maleate 2 MG / pseudoephedrine hydrochloride 30 MG Oral Tablet,SCD,N02BE01|R01BA02|R06AB04,R01BA02,,
1293858,phenylephrine hydrochloride 2.5 MG/ML / pramoxine hydrochloride 10 MG/ML Rectal Cream [Hemorid Cream],SBD,R01AA04|S01FB01|S01XA20,C05AD07|C05AX06,,
1294262,chlorhexidine gluconate 12 MG/ML Topical Solution [Tru-Blu Chlor Hex-Wash],SBD,A01AB03|D08AC02|R02AA05,D08AC02,IMPROVED,D08AC02
1294589,diphenhydramine hydrochloride 20 MG/ML / zinc acetate 1 MG/ML Topical Solution,SCD,A16AX05,D04AA32,,
1371361,ketoconazole 1 MG/ML / lactic acid 1.5 MG/ML / salicylic acid 1.5 MG/ML Otic Solution,SCD,D01AC08|D01AE12|G01AD01|J02AB02|N02BA04,D01AC08,,
1538294,calcium carbonate 4.62 MG/ML / potassium bicarbonate 7.67 MG/ML / sodium bicarbonate 17.9 MG/ML Oral Suspension [Fast Heartburn Relief OTC],SBD,A12AA04|A12BA04,A02AD01,,
1540507,acetaminophen 80 MG / chlorpheniramine maleate 0.5 MG / phenylephrine hydrochloride 1.25 MG Chewable Tablet,SCD,N02BE01|R06AB04,R01BA03,,
1543069,lidocaine 0.05 MG/MG Topical Ointment,SCD,D04AB01|N01BB02|R02AD02,D04AB01,,
1547767,benzocaine 20 MG/ML / cetylpyridinium chloride 1 MG/ML / menthol 5 MG/ML Mucous Membrane Topical Solution [Orasep Reformulated Dec 2013],SBD,C05AD03|D04AB04|R02AD01,R02AA06,,
1235262,mineral oil 0.2 MG/MG / petrolatum 0.8 MG/MG Ophthalmic Ointment [Soothe Night Time],SBD,A06AA01,S01XA20,,
1243415,calcium carbonate 1250 MG / cholecalciferol 200 UNT Oral Tablet [Os-Cal 500 with D],SBD,A11CC05,A11CC05|A12AA04,,
1292923,aluminum sulfate 7.44 MG/ML / calcium acetate 5.24 MG/ML Topical Solution,SCD,V03AE07,D08AB,BOTH_WRONG,D08AB
1293491,chlorpheniramine maleate 4 MG / phenylephrine hydrochloride 20 MG / phenyltoloxamine citrate 40 MG Extended Release Oral Tablet,SCD,R06AB04,R01BA03|R06AB04,,
1356815,brompheniramine maleate 4 MG / phenylephrine hydrochloride 10 MG Oral Tablet,SCD,R06AB01,R01BA03|R06AB01,,
1358640,phenylephrine hydrochloride 1 MG/ML Oral Solution [Despec-SF],SBD,R01AA04|S01FB01|S01XA20,R01BA03,,
1359345,bacitracin 0.4 UNT/MG / neomycin 0.0035 MG/MG / polymyxin B 10 UNT/MG / pramoxine hydrochloride 0.01 MG/MG Topical Ointment [Lanabiotic],SBD,A07AA01|D06AX04|S01AA03,D06AX05,,
1374389,dexamethasone acetate 16 MG/ML Injectable Suspension,SCD,H02AB02|S01BA01,H02AB02,,
1421893,lidocaine 40 MG/ML Topical Cream,SCD,D04AB01|N01BB02|R02AD02,D04AB01,,
1435159,undecylenic acid 50 MG/ML / zinc undecylenate 180 MG/ML Topical Cream [Derman],SBD,D01AE20,D01AE04,,
1488047,tretinoin 0.0008 MG/MG Topical Gel [Retin-A],SBD,D10AD01|L01XX14,D10AD01,,
1494825,sulfacetamide sodium 98 MG/ML / sulfur 48 MG/ML Medicated Liquid Soap [Plexion],SBD,D10AB02,D10AF06,,
1549401,lidocaine hydrochloride 0.04 MG/MG / menthol 0.01 MG/MG Medicated Patch [Puroxcin],SBD,D04AB01|N01BB02|R02AD02,D04AB01,,
1596005,cholecalciferol 0.01 MG/ML / sodium fluoride 0.55 MG/ML Oral Solution,SCD,A11CC05,A01AA01,,
1361021,1.7 ML phentolamine mesylate 0.235 MG/ML Cartridge [OraVerse],SBD,C04AB01|V03AB36,C04AB01,,
1855744,50 ML olaratumab 10 MG/ML Injection [Lartruvo],SBD,L01XC27,L01FX10,,
1876498,benzalkonium chloride 2.6 MG/ML Topical Solution,SCD,D08AJ01|D08AJ08|R02AA16,D08AJ01,IMPROVED,D08AJ01
1244523,brompheniramine maleate 1.2 MG/ML / phenylephrine hydrochloride 2 MG/ML Oral Suspension,SCD,R06AB01,R01BA03|R06AB01,,
1294381,diphenhydramine hydrochloride 20 MG/ML / phenol 10 MG/ML Topical Cream,SCD,D04AA32|D08AE03|R06AA02,D04AA32|D08AE03,,
1494827,sulfacetamide sodium 98 MG/ML / sulfur 48 MG/ML Medicated Pad [Plexion],SBD,D10AB02,D10AF06,,
1604336,metronidazole 0.013 MG/MG Vaginal Gel [Nuvessa],SBD,A01AB17|D06BX01|P01AB01,G01AF01,,
1593881,sodium chloride 6.5 MG/ML Nasal Spray [Little Noses],SBD,A12CA01|B05BB01|B05CB01|B05XA03|S01XA03,R01AX,,
1248011,"docusate sodium 50 MG / sennosides, USP 8.6 MG Oral Tablet [Purgasol]",SBD,A06AB06,A06AA02|A06AB06,,
1599495,camphor 0.01 MG/MG / capsaicin 0.0004 MG/MG / menthol 0.04 MG/MG Medicated Patch,SCD,N01BX04,M02AB01,,
1487371,salicylic acid 285 MG/ML Topical Solution,SCD,D01AE12|N02BA04,D01AE12,,
1550964,{28 (estradiol 0.5 MG / norethindrone acetate 0.1 MG Oral Tablet) } Pack [Lopreeza 0.5/0.1 28 Day],BPCK,G03CA03,G03FA01,,
1603845,avibactam 500 MG / ceftazidime 2000 MG Injection [Avycaz],SBD,J01DD02,J01DD52,,
1250471,Salicylic Acid 30 MG/ML Topical Lotion [Dermarest Psoriasis],SBD,D01AE12|N02BA04,D01AE12,IMPROVED,D01AE12
631715,hydrocortisone 10 MG/ML / neomycin 5 MG/ML / polymyxin B 10000 UNT/ML Otic Solution [AK-Spore HC],SBD,A01AC03|A07AA01|A07EA02|D06AX04|D07AA02|D07AB02|D07AB11|H02AB09|S01AA03|S01BA02,S02AA11|S02BA01,,
629417,benzocaine 180 MG/ML / tetracaine 20 MG/ML Oral Spray,SCD,C05AD03|D04AB04|R02AD01,R02AD01,,
744636,amlodipine 5 MG / olmesartan medoxomil 40 MG Oral Tablet [Azor],SBD,C08CA01|C09DB02,C09DB02,,
745302,penicillin G sodium 100000 UNT/ML Injectable Solution,SCD,J01CE08|J01CE09,J01CE01,,
892118,neomycin 20 MG/ML Oral Solution [DriTail],SBD,A07AA01|D06AX04|S01AA03,A07AA01,,
891522,ascorbic acid 100 MG / biotin 0.15 MG / calcium pantothenate 5 MG / folic acid 1 MG / niacin 20 MG / pyridoxine 10 MG / riboflavin 1.7 MG / thiamine mononitrate 1.5 MG / vitamin B12 0.006 MG Oral Capsule,SCD,A11DA01|A11GA01|A11HA02|A11HA04|A11HA05|B03BA01|B03BB01,A11GA01|A11HA02|A11HA04|A11HA05|B03BA01|B03BB01,,
900138,dextran 70 1 MG/ML / glycerin 2 MG/ML / hypromellose 3 MG/ML Ophthalmic Solution,SCD,S01KA02,S01XA20,,
199870,capsaicin 0.00025 MG/MG Topical Gel,SCD,N01BX04,M02AB01,,
205234,calcium carbonate 550 MG / magnesium hydroxide 125 MG Oral Capsule,SCD,A02AA04|A12AA04,A02AD01,,
998426,acyclovir 50 MG/ML / hydrocortisone 10 MG/ML Topical Cream [Xerese],SBD,A01AC03|A07EA02|D06BB03|D07AA02|D07AB02|D07AB11|H02AB09|J05AB01|S01AD03|S01BA02,D07AA02,,
310869,hydrocortisone 10 MG/ML Topical Solution,SCD,A01AC03|A07EA02|D07AA02|D07AB02|D07AB11|H02AB09|S01BA02,D07AA02,,
348025,ascorbic acid 100 MG / D-biotin 0.3 MG / folic acid 1 MG / niacinamide 20 MG / pantothenic acid 10 MG / pyridoxine hydrochloride 10 MG / riboflavin 1.7 MG / thiamine 1.5 MG / vitamin B12 0.006 MG Oral Tablet,SCD,A11DA01|A11GA01|A11HA01|A11HA02|A11HA04|B03BA01|B03BB01,A11GA01|A11HA01|A11HA02|A11HA04|B03BA01|B03BB01,,
351179,sodium chloride 9 MG/ML Nasal Spray,SCD,A12CA01|B05BB01|B05CB01|B05XA03|S01XA03,R01AX,,
1988751,salicylic acid 1 MG/ML Topical Spray,SCD,D01AE12|N02BA04,D01AE12,,
687064,lamivudine 150 MG / nevirapine 200 MG / zidovudine 300 MG Oral Tablet,SCD,J05AF01|J05AF05|J05AG01,J05AR05,,
748325,"thrombin, human 1200 UNT/ML Topical Solution [Evithrom]",SBD,B02BC06|B02BD30,B02BD30,IMPROVED,B02BD30
309345,clioquinol 30 MG/ML / coal tar 50 MG/ML / hydrocortisone 5 MG/ML Topical Cream,SCD,A01AC03|A07EA02|D07AA02|D07AB02|D07AB11|H02AB09|S01BA02,C05AA01|D07AA02,,
707922,pyrilamine tannate 2.4 MG/ML Extended Release Suspension,SCD,D04AA02|R06AC01,R06AC01,,
891438,NDA020800 0.3 ML epinephrine 1 MG/ML Auto-Injector [Adrenaclick],SBD,C01CA24|S01EA01,C01CA24|R03AA01,,
995125,chlorpheniramine maleate 0.4 MG/ML / codeine phosphate 1 MG/ML Oral Suspension [Zodryl AC],SBD,R05DA04|R06AB04,R05DA04,,
308899,calcium carbonate 300 MG / simethicone 40 MG Oral Tablet,SCD,A03AX13|A12AA04,A02AF02,,
309692,dexamethasone 1 MG/ML Ophthalmic Suspension,SCD,H02AB02|S01BA01,S01BA01,IMPROVED,S01BA01
310684,hydrocortisone 5 MG/ML / salicylic acid 20 MG/ML / sodium thiosulfate 80 MG/ML Topical Lotion,SCD,A01AC03|A07EA02|D01AE12|D07AA02|D07AB02|D07AB11|H02AB09|N02BA04|S01BA02|V03AB06,C05AA01|D01AE12,,
994430,aspirin 1000 MG / caffeine 65 MG Oral Powder,SCD,N06BC01,N02BA01,,
2049533,lidocaine 30 MG/ML Topical Cream,SCD,D04AB01|N01BB02|R02AD02,D04AB01,,
206373,hydrocortisone 10 MG/ML Topical Lotion [Lacticare-HC],SBD,A01AC03|A07EA02|D07AA02|D07AB02|D07AB11|H02AB09|S01BA02,D07AA02,,
876425,ofloxacin 3 MG/ML Otic Solution [Floxin],SBD,J01MA01,S02AA16,,
880657,dexamethasone 3 MG/ML Injectable Solution [DexaJect],SBD,H02AB02|S01BA01,H02AB02,,
904462,alendronic acid 70 MG / cholecalciferol 5600 UNT Oral Tablet,SCD,A11CC05,M05BB03,,
1090777,hydrocortisone 10 MG/ML Topical Foam [Itch-X Maximum Strength],SBD,A01AC03|A07EA02|D07AA02|D07AB02|D07AB11|H02AB09|S01BA02,D07AA02,,
308913,calcium carbonate 585 MG / magnesium hydroxide 120 MG Chewable Tablet,SCD,A02AA04|A12AA04,A02AD01,IMPROVED,A02AD01
198314,hydrochlorothiazide 25 MG / triamterene 50 MG Oral Capsule,SCD,C03AA03|C03DB02,C03EA01,,
998254,chlorpheniramine maleate 4 MG / pseudoephedrine hydrochloride 60 MG Oral Tablet,SCD,R01BA02|R06AB04,R01BA02,,
993066,codeine phosphate 2 MG/ML / phenylephrine 1 MG/ML / promethazine hydrochloride 1 MG/ML Oral Solution,SCD,R05DA04,R05DA04|R06AD02,,
308724,bexarotene 0.01 MG/MG Topical Gel,SCD,L01XX25,L01XF03,,
993781,acetaminophen 300 MG / codeine phosphate 30 MG Oral Tablet,SCD,N02BE01|R05DA04,N02AJ06,,
899688,24 HR nitroglycerin 0.3 MG/HR Transdermal System,SCD,C01DA02|C05AE01,C01DA02,,
198745,magnesium sulfate 0.8 MG/MG Topical Ointment,SCD,A06AD04|B05XA05,D11AX05,,
205162,salicylic acid 0.01 MG/MG Medicated Bar Soap,SCD,D01AE12|N02BA04,D01AE12,,
831391,miconazole nitrate 0.0025 MG/MG / petrolatum 0.814 MG/MG / zinc oxide 0.15 MG/MG Topical Ointment,SCD,A01AB09|C05AX04|D01AC02|G01AF04,D01AC02,,
351068,dienestrol 0.1 MG/ML Vaginal Cream,SCD,G03CB01|G03CC02,G03CB01,,
312888,salicylic acid 0.03 MG/MG Topical Ointment,SCD,D01AE12|N02BA04,D01AE12,,
802720,antipyrine 54 MG/ML / benzocaine 10 MG/ML / zinc acetate 10 MG/ML Otic Solution [Neotic],SBD,A16AX05,S02DA03,,
806413,glucose 35 MG/ML / potassium chloride 0.027 MEQ/ML / sodium chloride 0.026 MEQ/ML Injectable Solution,SCD,A12CA01|B05BA03|B05BB01|B05CB01|B05XA03|S01XA03|V06DC01,A12CA01|B05CB01|B05XA01|B05XA03,,
857004,acetaminophen 325 MG / hydrocodone bitartrate 5 MG Oral Tablet [Norco],SBD,N02BE01|R05DA03,N02AJ22,,
211201,tetracaine 0.005 MG/MG Topical Ointment [Pontocaine],SBD,C05AD02|D04AB06|N01BA03|S01HA03,C05AD02|D04AB06,,
211202,tetracaine 10 MG/ML Topical Cream [Pontocaine],SBD,C05AD02|D04AB06|N01BA03|S01HA03,C05AD02|D04AB06,,
211591,hydrocortisone 5 MG/ML Topical Cream [Cortaid],SBD,A01AC03|A07EA02|D07AA02|D07AB02|D07AB11|H02AB09|S01BA02,D07AA02,IMPROVED,D07AA02
211598,hydrocortisone 5 MG/ML Topical Cream [Genasone/Aloe],SBD,A01AC03|A07EA02|D07AA02|D07AB02|D07AB11|H02AB09|S01BA02,D07AA02,,
2119808,lidocaine 0.03 MG/MG / menthol 0.04 MG/MG Topical Gel,SCD,D04AB01|N01BB02|R02AD02,D04AB01,,
213502,alitretinoin 0.001 MG/MG Topical Gel [Panretin],SBD,D11AH04|L01XX22,L01XF02,,
2171258,benzalkonium chloride 1.3 MG/ML Medicated Shampoo,SCD,D08AJ01|D08AJ08|R02AA16,D08AJ01,,
1092459,diphenhydramine hydrochloride 2.5 MG/ML Oral Solution [Genahist],SBD,D04AA32|R06AA02,R06AA02,,
1094216,diphenhydramine hydrochloride 2.5 MG/ML Oral Solution [Elixsure Allergy],SBD,D04AA32|R06AA02,R06AA02,,
1095372,benzalkonium chloride 1.3 MG/ML Topical Cream [Abridge Cold Sore],SBD,D08AJ01|D08AJ08|R02AA16,D08AJ01,,
1150496,salicylic acid 18 MG/ML Medicated Liquid Soap [DDF Blemish Foaming Cleanser],SBD,D01AE12|N02BA04,D01AE12,,
1233694,calamine 30 MG/ML / pramoxine hydrochloride 10 MG/ML Topical Cream,SCD,C05AD07|D04AB07,D04AB07,,
1233720,salicylic acid 0.17 MG/MG Topical Gel [Hydrisalic],SBD,D01AE12|N02BA04,D01AE12,,
1234240,1 ML alprostadil 0.02 MG/ML Cartridge [Edex],SBD,C01EA01|G04BE01,G04BE01,,
1234580,phenylephrine hydrochloride 25 MG/ML Ophthalmic Solution [Neo-Synephrine],SBD,R01AA04|S01FB01|S01XA20,S01GA05,,
1234539,calamine 80 MG/ML / pramoxine hydrochloride 10 MG/ML Topical Lotion [Calagesic],SBD,C05AD07|D04AB07,D04AB07,,
404537,salicylic acid 10 MG/ML / sodium thiosulfate 250 MG/ML Topical Lotion [Versiclear],SBD,D01AE12|N02BA04|V03AB06,D01AE12,,
580294,sertaconazole 20 MG/ML Topical Cream [Ertaczo],SBD,D01AC14|G01AF19,D01AC14,IMPROVED,D01AC14
859031,chlorpheniramine maleate 0.4 MG/ML / hydrocodone bitartrate 0.7 MG/ML / phenylephrine hydrochloride 1.7 MG/ML Oral Solution [Rindal-HD],SBD,R05DA03|R06AB04,R01BA03|R05DA03|R06AB04,,
1001085,epinephrine 10 MG/ML / pilocarpine hydrochloride 30 MG/ML Ophthalmic Solution,SCD,C01CA24|N07AX01|S01EA01|S01EB01,S01EA01|S01EB01,,
1012690,carbinoxamine maleate 2 MG/ML / phenylephrine hydrochloride 2 MG/ML Oral Solution,SCD,R06AA08,R01BA03|R06AA08,,
1037379,brompheniramine tannate 0.8 MG/ML / phenylephrine tannate 1 MG/ML Oral Suspension,SCD,R06AB01,R01BA03|R06AB01,IMPROVED,R01BA03|R06AB01
1038559,benzalkonium chloride 1.5 MG/ML Medicated Pad,SCD,D08AJ01|D08AJ08|R02AA16,D09AA11,,
1047793,"hyoscyamine sulfate 0.12 MG / methenamine 81.6 MG / methylene blue 10.8 MG / phenyl salicylate 36.2 MG / sodium phosphate, monobasic 40.8 MG Oral Tablet [Urogesic Blue]",SBD,A03BA03|G04BX12|J01XX05,A03BA03|G04BX12|J01XX05|V03AB17|V04CG05,,
1053327,aspirin 845 MG / caffeine 65 MG Oral Powder [Stanback Headache Powder Reformulated Jan 2011],SBD,N06BC01,N02BA01,,
1085771,triamcinolone acetonide 0.001 MG/MG Topical Ointment [Triderm],SBD,A01AC01|H02AB08|R01AD11,D07AB09,IMPROVED,D07AB09
244487,betamethasone 0.25 MG/ML Topical Lotion,SCD,D07AC01|H02AB01|S01BA06|S03BA03,D07AC01,,
252006,capsaicin 0.25 MG/ML Topical Solution,SCD,N01BX04,M02AB01,,
1658695,benzocaine 15 MG / menthol 3.6 MG Oral Lozenge [Angidol],SBD,C05AD03|D04AB04|R02AD01,R02AD01,,
1020364,ethanol 0.62 ML/ML Topical Spray,SCD,D08AX08|V03AB16|V03AZ01,D08AX08,,
1039030,benzethonium chloride 1.3 MG/ML Medicated Liquid Soap [Lysol Healthy Touch],SBD,D08AJ08|R02AA09,D08AJ08,IMPROVED,D08AJ08
1040050,aluminum hydroxide 80 MG/ML / magnesium hydroxide 80 MG/ML / simethicone 8 MG/ML Oral Suspension [Milantex],SBD,A02AB01,A02AF02,,
1041882,ethanol 0.71 ML/ML Topical Spray,SCD,D08AX08|V03AB16|V03AZ01,D08AX08,,
1046314,ethanol 0.71 ML/ML Topical Lotion,SCD,D08AX08|V03AB16|V03AZ01,D08AX08,,
1049634,diphenhydramine hydrochloride 50 MG/ML Injectable Solution [Benadryl],SBD,D04AA32|R06AA02,R06AA02,,
1086006,triamcinolone diacetate 40 MG/ML Injectable Suspension [Amcort],SBD,A01AC01|H02AB08|R01AD11,H02AB08,,
244535,podophyllin 100 MG/ML / salicylic acid 300 MG/ML Topical Solution,SCD,D01AE12|D06BB04|N02BA04,D01AE12,,
1661432,5 ML sodium chloride 9 MG/ML Cartridge,SCD,A12CA01|B05BB01|B05CB01|B05XA03|S01XA03,A12CA01|B05CB01|B05XA03,,
205820,ampicillin 50 MG/ML Oral Suspension [Totacillin],SBD,J01CA01|J01CA18,J01CA01,,
205843,ampicillin 100 MG/ML / sulbactam 50 MG/ML Injectable Solution [Unasyn],SBD,J01CG01,J01CR04,,
996512,codeine phosphate 2 MG/ML / guaifenesin 60 MG/ML Oral Solution,SCD,R05CA03|R05DA04,R05FA02,,
804567,aluminum hydroxide 80 MG/ML / magnesium hydroxide 80 MG/ML / simethicone 12.8 MG/ML Oral Suspension,SCD,A02AB01,A02AF02,,
836368,200 ACTUAT ipratropium bromide 0.017 MG/ACTUAT Metered Dose Inhaler [Atrovent],SBD,R01AX03,R03BB01,,
846127,chlorhexidine gluconate 20 MG/ML Medicated Pad,SCD,A01AB03|D08AC02|R02AA05,D08AC02,,
209970,benzocaine 0.14 MG/MG / butamben 0.02 MG/MG / tetracaine 0.02 MG/MG Topical Gel [Cetacaine],SBD,C05AD03|D04AB04|R02AD01,N01BA03,,
210248,calcium carbonate 364 MG / sodium fluoride 8.3 MG Oral Tablet [Florical],SBD,A01AA01|A12AA04,A12AA04|A12CD01,,
214080,chlortetracycline 0.01 MG/MG Ophthalmic Ointment [Aureomycin],SBD,A01AB21|D06AA02|J01AA03|S01AA02,S01AA02,,
1099446,pseudoephedrine hydrochloride 60 MG / triprolidine hydrochloride 2.5 MG Oral Tablet,SCD,R01BA02|R01BA52|R06AX07,R01BA02,,
404507,calcium carbonate 500 MG / simethicone 125 MG Chewable Tablet [Gas-X with Maalox],SBD,A03AX13|A12AA04,A02AF02,,
825321,acyclovir 50 MG/ML Topical Cream [Zovirax],SBD,D06BB03|J05AB01|S01AD03,D06BB03,,
1993067,hydrogen peroxide 400 MG/ML Topical Solution [Eskata],SBD,A01AB02|D08AX01,D08AX01,,
205788,amphotericin B 30 MG/ML Topical Lotion [Fungizone],SBD,A01AB04|A07AA07|J02AA01,A07AA07,,
207058,nandrolone 200 MG/ML Injectable Solution [Deca-Durabolin],SBD,A14AB01|S01XA11,A14AB01,,
997415,24 HR fexofenadine hydrochloride 180 MG / pseudoephedrine hydrochloride 240 MG Extended Release Oral Tablet,SCD,R01BA02|R06AX26,R01BA02,,
211254,"coal tar 0.02 MG/MG / salicylic acid 0.015 MG/MG / sulfur, colloidal 0.011 MG/MG Topical Ointment [MG 217]",SBD,D01AE12|N02BA04,D01AE12,,
832907,calcium carbonate 1000 MG / cholecalciferol 133 UNT Oral Tablet,SCD,A11CC05,A11CC05|A12AA04,IMPROVED,A11CC05|A12AA04
1146712,salicylic acid 18.6 MG/ML Topical Lotion [Asepxia],SBD,D01AE12|N02BA04,D01AE12,,
1234546,pramoxine hydrochloride 10 MG/ML / zinc acetate 1 MG/ML Topical Lotion,SCD,A16AX05,D04AB07,IMPROVED,D04AB07
1012228,sulfabenzamide 184 MG / sulfacetamide sodium 144 MG / sulfathiazole 172 MG Vaginal Insert,SCD,D10AB02,G01AE10,,
1048044,"hyoscyamine sulfate 0.12 MG / methenamine 81.6 MG / methylene blue 10.8 MG / phenyl salicylate 36.2 MG / sodium phosphate, monobasic 40.8 MG Delayed Release Oral Tablet",SCD,A03BA03|G04BX12|J01XX05,A03BA03|G04BX12|J01XX05|V03AB17|V04CG05,,
1049179,acetaminophen 325 MG / pseudoephedrine hydrochloride 30 MG Oral Tablet,SCD,N02BE01|R01BA02,R01BA02,,
1049371,benzalkonium chloride 0.11 MG/ML Topical Spray,SCD,D08AJ01|D08AJ08|R02AA16,D08AJ01,,
1049633,diphenhydramine hydrochloride 50 MG/ML Injectable Solution,SCD,D04AA32|R06AA02,R06AA02,,
247973,benzocaine 0.065 MG/MG Oral Gel,SCD,C05AD03|D04AB04|R02AD01,R02AD01,,
1723988,lidocaine hydrochloride 0.0072 MG/MG Topical Gel,SCD,D04AB01|N01BB02|R02AD02,D04AB01,,
1111341,olopatadine 1 MG/ML Ophthalmic Solution [Patanol],SBD,R01AC08,S01GX09,IMPROVED,S01GX09
580001,mineral oil 0.415 MG/MG / petrolatum 0.568 MG/MG Ophthalmic Ointment,SCD,A06AA01,S01XA20,IMPROVED,S01XA20
858875,chlorpheniramine maleate 0.4 MG/ML / hydrocodone bitartrate 0.5 MG/ML / phenylephrine hydrochloride 1 MG/ML Oral Solution [Ventuss],SBD,R05DA03|R06AB04,R01BA03|R05DA03|R06AB04,,
1046838,Salicylic Acid 10 MG/ML Topical Lotion [Glytone Acne],SBD,D01AE12|N02BA04,D01AE12,,
1053701,nystatin 100 UNT/MG / triamcinolone acetonide 0.001 MG/MG Topical Ointment [Myco Biotic],SBD,A01AB11|A01AC01|A07AA02|D01AA01|H02AB08|R01AD11,D01AA01|D07AB09,,
1733865,tetracaine 20 MG/ML Topical Cream,SCD,C05AD02|D04AB06|N01BA03|S01HA03,D04AB06,,
416212,salicylic acid 0.015 MG/MG Topical Gel,SCD,D01AE12|N02BA04,D01AE12,,
1037065,Salicylic Acid 0.03 MG/MG Topical Gel [Dermarest Psoriasis],SBD,D01AE12|N02BA04,D01AE12,,
1046644,glycerin 2.5 MG/ML / naphazoline hydrochloride 0.12 MG/ML / zinc sulfate 2.5 MG/ML Ophthalmic Solution,SCD,A12CB01,S01GA51,,
1657013,10 ML ipilimumab 5 MG/ML Injection [Yervoy],SBD,L01XC11,L01FX04,,
1657362,0.5 ML palivizumab 100 MG/ML Injection [Synagis],SBD,J06BB16,J06BD01,,
1723996,lidocaine hydrochloride 38.8 MG/ML Topical Cream [Lidotral],SBD,D04AB01|N01BB02|R02AD02,D04AB01,,
2182351,chlorpheniramine maleate 0.4 MG/ML / hydrocodone bitartrate 0.5 MG/ML / phenylephrine hydrochloride 2 MG/ML Oral Solution [MINTUSS HC Reformulated Feb 2009],SBD,R05DA03|R06AB04,R01BA03|R05DA03|R06AB04,,
1049095,benzethonium chloride 1 MG/ML Topical Spray,SCD,D08AJ08|R02AA09,D08AJ08,,
207273,nitroglycerin 0.02 MG/MG Topical Ointment [Nitro-Bid],SBD,C05AE01,C01DA02,,
545122,levofloxacin 15 MG/ML Ophthalmic Solution [Iquix],SBD,J01MA12,S01AE05,,
858777,chlorpheniramine maleate 0.4 MG/ML / hydrocodone bitartrate 0.5 MG/ML / phenylephrine hydrochloride 1 MG/ML Oral Solution [H-C Tussive],SBD,R05DA03|R06AB04,R01BA03|R05DA03|R06AB04,,
1660761,capsaicin 0.38 MG/ML / menthol 40 MG/ML / methyl salicylate 350 MG/ML Topical Cream,SCD,N01BX04,M02AB01,,
1802555,benzocaine 0.2 MG/MG / menthol 0.026 MG/MG Oral Gel,SCD,C05AD03|D04AB04|R02AD01,R02AD01,,
1807552,1000 ML sodium chloride 4.5 MG/ML Injection,SCD,A12CA01|B05BB01|B05CB01|B05XA03|S01XA03,B05XA03,IMPROVED,B05XA03
1865199,benzyl alcohol 2.7 MG/ML / zinc chloride 1.5 MG/ML Mucous Membrane Topical Solution,SCD,B05XA12|P03AX06,P03AX06,,
1875237,lidocaine hydrochloride 0.04 MG/MG Topical Gel [Alocane],SBD,D04AB01|N01BB02|R02AD02,D04AB01,,
197305,acetic acid 20 MG/ML Otic Solution,SCD,G01AD02|S02AA10,S02AA10,,
1242401,12 HR loratadine 5 MG / pseudoephedrine sulfate 120 MG Extended Release Oral Tablet [Alavert D],SBD,R01BA02|R06AX13,R01BA02,,
1245389,calcium carbonate 298 MG / magnesium chloride 596 MG Delayed Release Oral Tablet [Slow-Mag Reformulated Feb 2012],SBD,A12AA04|A12CC01,A12CC01,,
1246586,{1 (30000 MG) (hydrocortisone 25 MG/ML / pramoxine hydrochloride 10 MG/ML Rectal Cream) / 6 (pramoxine hydrochloride 10 MG/ML Medicated Pad) } Pack,GPCK,A01AC03|A07EA02|D07AA02|D07AB02|D07AB11|H02AB09|S01BA02,C05AA01|D04AB07,,
1250478,diphenhydramine hydrochloride 10 MG/ML / phenol 14 MG/ML Topical Solution [Dermagesic Itch Relief],SBD,D04AA32|D08AE03|R06AA02,D04AA32|D08AE03,,
1299682,300 ACTUAT isoproterenol hydrochloride 0.131 MG/ACTUAT Metered Dose Inhaler,SCD,C01CA02|R03AB02|R03CB01,R03AB02|R03CB01,,
1359127,{28 (estradiol 1 MG / norethindrone acetate 0.5 MG Oral Tablet) } Pack,GPCK,G03CA03|G03CA53,G03FA01,,
1374385,dexamethasone sodium phosphate 4 MG/ML Injectable Solution [Dexasone],SBD,H02AB02|S01BA01,H02AB02,,
1439968,lidocaine hydrochloride 0.04 MG/MG / menthol 0.01 MG/MG Medicated Patch [eLenza Patch],SBD,D04AB01|N01BB02|R02AD02,D04AB01,,
1442848,clioquinol 30 MG/ML / hydrocortisone 5 MG/ML Topical Cream [Dermasorb AF],SBD,A01AC03|A07EA02|D07AA02|D07AB02|D07AB11|H02AB09|S01BA02,D07AA02|D08AH30,,
1484895,coal tar 20 MG/ML / menthol 10 MG/ML / salicylic acid 30 MG/ML Medicated Shampoo [Pharmasal],SBD,D01AE12|N02BA04,D01AE12,,
1485075,salicylic acid 20 MG/ML Medicated Liquid Soap [Skin TX Medicated Acne Wash],SBD,D01AE12|N02BA04,D01AE12,,
1489374,hydrocortisone acetate 5 MG/ML Topical Spray,SCD,A01AC03|A07EA02|D07AA02|D07AB02|D07AB11|H02AB09|S01BA02,D07AA02,,
1537194,benzethonium chloride 0.5 MG/ML / diphenhydramine hydrochloride 5 MG/ML / hydrocortisone 0.5 MG/ML Topical Spray,SCD,R02AA09,D04AA32|D07AA02|D08AJ08,,
1537336,chlorhexidine gluconate 10 MG/ML / ketoconazole 2.5 MG/ML Topical Spray,SCD,A01AB03|D01AC08|D08AC02|J02AB02|R02AA05,D01AC08|D08AC02,,
1544558,neomycin sulfate 0.005 MG/MG Topical Ointment [Vitacilina],SBD,A07AA01|D06AX04|S01AA03,D06AX04,,
1552573,betamethasone 0.001 MG/MG / clotrimazole 0.01 MG/MG / gentamicin 0.003 MG/MG Otic Ointment [Malotic],SBD,D01AC01|D06AX07|D07AC01|H02AB01|S01BA06|S03AA06|S03BA03,S03CA06,,
1599785,phenylephrine hydrochloride 2.5 MG/ML / witch hazel 500 MG/ML Rectal Spray,SCD,R01AA04|S01FB01|S01XA20,C05AX06,,
1370750,hydrocortisone valerate 0.002 MG/MG Topical Ointment,SCD,A01AC03|A07EA02|D07AA02|D07AB02|D07AB11|H02AB09|S01BA02,D07AA02,,
1426861,betamethasone 0.284 MG/ML / gentamicin 0.57 MG/ML Topical Spray [GentaVed],SBD,D06AX07|D07AC01|H02AB01|S01BA06|S03AA06|S03BA03,D07CC01,,
1811916,aspirin 325 MG / omeprazole 40 MG Delayed Release Oral Tablet [Yosprala],SBD,A02BC01,B01AC56,,
1860239,100 ML potassium chloride 0.2 MEQ/ML Injection,SCD,A12BA01|B05XA01,A12BA01,,
1250734,undecylenic acid 100 MG/ML Topical Cream [Vite20],SBD,D01AE04|D01AE20,D01AE04,,
1367429,naproxen sodium 220 MG / pseudoephedrine hydrochloride 120 MG Extended Release Oral Tablet,SCD,R01BA02,M01AE02|R01BA02,,
1374392,dexamethasone acetate 16 MG/ML Injectable Suspension [Dalalone],SBD,H02AB02|S01BA01,H02AB02,,
1422172,lidocaine 40 MG/ML Topical Cream [Lidocream],SBD,D04AB01|N01BB02|R02AD02,D04AB01,,
197735,gentamicin 1 MG/ML Topical Cream,SCD,D06AX07|S03AA06,D06AX07,,
198098,guaifenesin 200 MG / phenylephrine hydrochloride 5 MG / phenylpropanolamine hydrochloride 45 MG Oral Capsule,SCD,R01BA01|R05CA03,R01BA01|R01BA03|R05CA03,,
1543172,salicylic acid 0.02 MG/MG Topical Gel [Broda Acne Spa],SBD,D01AE12|N02BA04,D01AE12,,
1940239,{1 (60 ML) (salicylic acid 5 MG/ML Medicated Liquid Soap) / 1 (15 ML) (salicylic acid 5 MG/ML Topical Cream) } Pack,GPCK,D01AE12|N02BA04,D01AE12,,
1309063,hydrocodone bitartrate 0.5 MG/ML / phenylephrine hydrochloride 1 MG/ML Oral Solution,SCD,R05DA03,R01BA03|R05DA03,,
1363826,phenylephrine tannate 1.5 MG/ML Oral Suspension [Nasop Suspension],SBD,R01AA04|S01FB01|S01XA20,R01BA03,,
1534788,chlorhexidine gluconate 30 MG/ML Medicated Pad,SCD,A01AB03|D08AC02|R02AA05,D09AA12,,
1923410,folic acid 0.25 MG / Lacticaseibacillus casei KE-99 15 MG Oral Powder,SCD,B03BB01,A07FA51,,
1247576,fluorescein sodium 2.5 MG/ML / proparacaine hydrochloride 5 MG/ML Ophthalmic Solution [Flucaine],SBD,S01HA04|S01JA01,S01JA01,,
1298953,14 ML pertuzumab 30 MG/ML Injection [Perjeta],SBD,L01XC13,L01FD02,,
1364100,chloroxylenol 2 MG/ML / triclosan 2 MG/ML Medicated Liquid Soap,SCD,D08AE05,D08AE04|D08AE05,,
1648122,zinc acetate 1 MG/ML Topical Spray [Derma Gran Spray],SBD,A16AX05,D02AB,,
1599816,capsaicin 0.0005 MG/MG / menthol 0.04 MG/MG Medicated Patch,SCD,N01BX04,M02AB01,,
1485220,dimethicone 30 MG/ML Topical Lotion [Aloe Vesta Daily Moisturizer],SBD,P03AX05,D02AA,,
1602161,dimethicone 50 MG/ML Topical Lotion,SCD,P03AX05,D02AA,,
1432514,zinc oxide 300 MG/ML Topical Cream [Baby Butz Diaper Rash],SBD,C05AX04,D02AB,,
1440191,dimethicone 110 MG/ML Topical Lotion [Dove DermaSeries],SBD,P03AX05,D02AA,IMPROVED,D02AA
644287,lidocaine 70 MG / tetracaine 70 MG Medicated Patch,SCD,D04AB01|N01BB02|R02AD02,D04AB01,,
744790,benzocaine 50 MG/ML / glycerin 330 MG/ML Mucosal Spray,SCD,A06AX01|C05AD03|D04AB04|R02AD01,R02AD01,,
727995,50 ML sodium bicarbonate 75 MG/ML Prefilled Syringe,SCD,B05CB04|B05XA02,B05XA02,,
645651,tretinoin 0.00025 MG/MG Topical Gel [Tretin X],SBD,D10AD01|L01XX14,D10AD01,,
702022,ferrous fumarate 45.5 MG/ML / folic acid 0.8 MG/ML Oral Solution,SCD,B03BB01,B03AA02|B03BB01,,
310474,100 ML gentamicin 0.9 MG/ML Injection,SCD,D06AX07|S03AA06,J01GB03,,
884198,chlorthalidone 15 MG / clonidine hydrochloride 0.2 MG Oral Tablet,SCD,C03BA04,C02LC01,,
900500,hydrocortisone 5 MG/ML Topical Lotion [Excel Pet],SBD,A01AC03|A07EA02|D07AA02|D07AB02|D07AB11|H02AB09|S01BA02,D07AA02,,
308857,"calamine 10 MG/ML / resorcinol 20 MG/ML / sulfur, colloidal 50 MG/ML Topical Cream",SCD,D10AX02|S01AX06,D10AX02,,
312139,oxiconazole 10 MG/ML Topical Cream,SCD,D01AC11|G01AF17,D01AC11,,
1087238,ascorbic acid 120 MG / docusate sodium 50 MG / folic acid 1 MG / iron carbonyl 90 MG / vitamin B12 0.012 MG Oral Tablet [Ferraplus],SBD,A11GA01|B03BA01|B03BB01,B03AE01,,
801636,alanine 17.6 MG/ML / arginine 8.8 MG/ML / glycine 17.6 MG/ML / histidine 3.72 MG/ML / isoleucine 4.06 MG/ML / leucine 5.26 MG/ML / lysine 4.92 MG/ML / magnesium chloride 0.02 MEQ/ML / methionine 4.92 MG/ML / phenylalanine 5.26 MG/ML / sodium acetate 0.07 MEQ/ML / sodium chloride 0.02 MEQ/ML / threonine 3.56 MG/ML / tryptophan 1.52 MG/ML / tyrosine 0.34 MG/ML / valine 3.9 MG/ML Injectable Solution [Travasol 8.5 Electrolytes],SBD,B05CX03|B05XA08|B05XB03|N06AX02|V03AB26,B05BA01,,
686538,glucose 50 MG/ML / sodium chloride 0.0188 MEQ/ML Injectable Solution,SCD,A12CA01|B05BA03|B05BB01|B05CB01|B05XA03|S01XA03|V06DC01,B05BA03,,
309350,clioquinol 30 MG/ML / hydrocortisone 5 MG/ML Topical Lotion,SCD,A01AC03|A07EA02|D07AA02|D07AB02|D07AB11|H02AB09|S01BA02,D07AA02|D08AH30,,
2056670,{2 (1 ML erenumab-aooe 70 MG/ML Auto-Injector [Aimovig]) } Pack [Aimovig Autoinjector (140 MG Dose)],BPCK,N02CX07,N02CD01,,
206526,hydrocortisone 10 MG/ML / neomycin 3.5 MG/ML / polymyxin B 10000 UNT/ML Otic Suspension [Otocort Sterile Suspension],SBD,A01AC03|A07AA01|A07EA02|D06AX04|D07AA02|D07AB02|D07AB11|H02AB09|S01AA03|S01BA02,S02CA03,,
802049,"diphtheria toxoid vaccine, inactivated 13.2 UNT/ML / tetanus toxoid vaccine, inactivated 10 UNT/ML Injectable Suspension",SCD,J07AF01|J07AM01|J07AM51|J07CA02,J07AM51,,
806384,"calcium chloride 0.002 MEQ/ML / glucose 0.92 MG/ML / glutathione 0.184 MG/ML / magnesium chloride 0.002 MEQ/ML / potassium chloride 0.005 MEQ/ML / sodium bicarbonate 0.025 MEQ/ML / sodium chloride 0.133 MEQ/ML / sodium phosphate, dibasic 0.42 MG/ML Ophthalmic Solution",SCD,V03AB32,S01XA20,,
308494,bacitracin 0.4 UNT/MG / neomycin 0.0035 MG/MG / polymyxin B 5 UNT/MG Ophthalmic Ointment,SCD,A07AA01|D06AX04|S01AA03,S01AA30,,
312882,salicylic acid 0.02 MG/MG Medicated Bar Soap,SCD,D01AE12|N02BA04,D01AE12,,
618285,12 HR guaifenesin 800 MG / phenylephrine hydrochloride 40 MG Extended Release Oral Tablet,SCD,R05CA03,R01BA03|R05CA03,,
636830,carbetapentane citrate 4 MG/ML / phenylephrine hydrochloride 2 MG/ML / potassium guaiacolsulfonate 20 MG/ML Oral Solution,SCD,R05CA09|R05DB05,R01BA03|R05CA09|R05DB05,,
692836,acetaminophen 325 MG / aspirin 500 MG / caffeine 65 MG Oral Powder,SCD,N02BE01|N06BC01,N02BE01,,
702662,tetracaine 3 MG/ML Injectable Solution [Pontocaine],SBD,C05AD02|D04AB06|N01BA03|S01HA03,N01BA03,,
701984,mineral oil 0.425 MG/MG / petrolatum 0.568 MG/MG Ophthalmic Ointment,SCD,A06AA01,S01XA20,,
758487,{7 (lansoprazole 15 MG Delayed Release Oral Capsule [Prevacid]) / 14 (naproxen 375 MG Oral Tablet [Naprosyn]) } Pack [Prevacid NapraPac 375],BPCK,A02BC03,A02BC03|M01AE02,,
763484,benzocaine 200 MG/ML / menthol 5 MG/ML Topical Spray [Dermoplast Pain],SBD,C05AD03|D04AB04|R02AD01,D04AB04,,
979415,metaproterenol sulfate 15 MG/ML Inhalation Solution,SCD,R03CB03,R03AB03,,
310230,ethinyl estradiol 0.03 MG / levonorgestrel 0.05 MG Oral Tablet,SCD,G03AC03|G03CA01,G03AA07,,
1088926,ubidecarenone 20 MG/ML / vitamin E 0.2 UNT/ML Oral Solution,SCD,A11HA03|C01EB09,C01EB09,,
313786,acetic acid 20 MG/ML / hydrocortisone 10 MG/ML Otic Solution,SCD,A01AC03|A07EA02|D07AA02|D07AB02|D07AB11|G01AD02|H02AB09|S01BA02|S02AA10,S02CA03,,
315048,codeine 2 MG/ML / guaifenesin 20 MG/ML / phenylephrine 1 MG/ML Oral Solution,SCD,R05CA03|R05DA04,R05FA02,,
830638,"alanine 9 MG/ML / arginine 6.9 MG/ML / glycine 9 MG/ML / histidine 2.1 MG/ML / isoleucine 5.1 MG/ML / leucine 6.6 MG/ML / lysine 5.1 MG/ML / methionine 2.8 MG/ML / phenylalanine 3.1 MG/ML / proline 6.1 MG/ML / serine 3 MG/ML / threonine 3.7 MG/ML / tryptophan 1.2 MG/ML / tyrosine 0.44 MG/ML / valine 5.6 MG/ML Injectable Solution [Aminosyn 7%, Sulfite-Free]",SBD,B05CX03|B05XB03|N06AX02|V03AB26,B05BA01,,
903316,levothyroxine sodium 0.025 MG / liothyronine sodium 0.00625 MG Oral Tablet [Thyrolar],SBD,H03AA01|H03AA02,H03AA02,,
884196,chlorthalidone 15 MG / clonidine hydrochloride 0.1 MG Oral Tablet [Clorpres],SBD,C03BA04,C02LC01,,
91348,hydrogen peroxide 300 MG/ML Topical Solution,SCD,A01AB02|D08AX01,D08AX01,,
309785,1000 ML glucose 50 MG/ML / potassium chloride 0.03 MEQ/ML Injection,SCD,B05BA03|V06DC01,B05BB02,,
377010,fructose / glucose / phosphoric acid Oral Solution,SCDF,V06DC02,A16AX,,
808357,benzocaine 200 MG/ML Mucosal Spray [Hurricaine],SBD,C05AD03|D04AB04|R02AD01,N01BA05,,
809555,calcium carbonate 625 MG / cholecalciferol 125 UNT Oral Tablet,SCD,A11CC05,A12AX,,
310466,gentamicin 0.003 MG/MG Ophthalmic Ointment,SCD,D06AX07|S03AA06,S01AA11,,
750244,{21 (ethinyl estradiol 0.03 MG / norgestrel 0.3 MG Oral Tablet) / 7 (inert ingredients 1 MG Oral Tablet) } Pack [Low-Ogestrel 28 Day],BPCK,G03CA01,G03AA06,IMPROVED,G03AA06
727820,10 ML sodium chloride 9 MG/ML Prefilled Syringe,SCD,B05BB01|B05CB01,B05XA03,IMPROVED,B05XA03
309336,50 ML clindamycin 18 MG/ML Injection,SCD,D10AF01|J01FF01,J01FF01,,
312879,salicylic acid 122 MG/ML Topical Solution,SCD,D01AE12|N02BA04,D01AE12,,
340276,tetracaine 0.005 MG/MG Ophthalmic Ointment,SCD,C05AD02|D04AB06|N01BA03|S01HA03,S01HA03,,
706461,clindamycin 150 MG/ML Injectable Solution [Cleocin],SBD,D10AF01|J01FF01,J01FF01,,
754766,metronidazole 0.0075 MG/MG Vaginal Gel [MetroGel],SBD,D06BX01,G01AF01,,
746083,mineral oil 0.15 MG/MG / petrolatum 0.83 MG/MG Ophthalmic Ointment,SCD,A06AA01,S01XA20,,
750254,{21 (ethinyl estradiol 0.05 MG / ethynodiol diacetate 1 MG Oral Tablet) } Pack [Demulen 1/50 21 Day],BPCK,G03DC06,G03AA01,,
1088885,tocopherol acetate 118.3 UNT/ML / vitamin A palmitate 3381.4 UNT/ML Topical Cream [Lazer Creme],SBD,A11CA01|A11HA03,D10AD02,,
206514,hydrocortisone 10 MG/ML / neomycin 3.5 MG/ML / polymyxin B 10000 UNT/ML Otic Solution [Ear-Eze],SBD,A01AC03|A07AA01|A07EA02|D06AX04|D07AA02|D07AB02|D07AB11|H02AB09|S01AA03|S01BA02,S02CA03,,
2045196,{21 (drospirenone 3 MG / ethinyl estradiol 0.03 MG Oral Tablet) / 7 (inert ingredients 1 MG Oral Tablet) } Pack [Zumandimine 28 Day],BPCK,G03AA12|G03AC10,G03AA12,,
403855,hydrochlorothiazide 25 MG / olmesartan medoxomil 40 MG Oral Tablet,SCD,C03AA03,C09DA08,,
798115,erythromycin 20 MG/ML Medicated Pad [Emcin Clear],SBD,J01FA01,D10AF02,,
199012,hydrogen peroxide 0.015 MG/MG Oral Gel,SCD,A01AB02|D08AX01,A01AB02,,
313144,sulfisoxazole 40 MG/ML Ophthalmic Solution,SCD,J01EB05|S01AB02,S01AB02,,
349351,desonide 0.5 MG/ML Topical Cream,SCD,D07AB08|S01BA11,D07AB08,,
359937,12 HR guaifenesin 600 MG / phenylephrine hydrochloride 30 MG Extended Release Oral Tablet,SCD,R05CA03,R01BA03|R05CA03,,
800294,alanine 7.7 MG/ML / arginine 6 MG/ML / cysteine 0.2 MG/ML / glycine 9 MG/ML / histidine 2.4 MG/ML / isoleucine 9 MG/ML / leucine 11 MG/ML / lysine 6.1 MG/ML / methionine 1 MG/ML / phenylalanine 1 MG/ML / phosphoric acid 1 MG/ML / proline 8 MG/ML / serine 5 MG/ML / threonine 4.5 MG/ML / tryptophan 0.66 MG/ML / valine 8.4 MG/ML Injectable Solution,SCD,B05CX03|B05XB03|N06AX02|V03AB26,B05BA01,IMPROVED,B05BA01
806674,sodium chloride 0.0513 MEQ/ML / sodium sulfite 0.125 MG/ML / sodium thiosulfate 100 MG/ML Injectable Solution,SCD,A12CA01|B05BB01|B05CB01|B05XA03|S01XA03|V03AB06,V03AB06,,
853460,magnesium chloride 0.00279 MEQ/ML / sodium bicarbonate 0.104 MEQ/ML / sodium chloride 0.479 MEQ/ML Injectable Solution [Normocarb HF 25],SBD,A12CA01|A12CC01|B05BB01|B05CB01|B05XA03|S01XA03,B05BB01,,
800862,alanine 4 MG/ML / arginine 5.8 MG/ML / cysteine 0.2 MG/ML / glycine 3.3 MG/ML / histidine 1.6 MG/ML / isoleucine 7.6 MG/ML / leucine 13.7 MG/ML / lysine 5.8 MG/ML / methionine 2.5 MG/ML / phenylalanine 3.2 MG/ML / proline 6.3 MG/ML / serine 3.3 MG/ML / threonine 2 MG/ML / tryptophan 0.9 MG/ML / valine 8.8 MG/ML Injectable Solution [FreAmine 6.9],SBD,B05CX03|B05XB03|N06AX02|V03AB26,B05BA01,,
857586,brompheniramine maleate 0.4 MG/ML / hydrocodone bitartrate 0.5 MG/ML / phenylephrine hydrochloride 1.5 MG/ML Oral Solution [Canges HC],SBD,R05DA03|R06AB01,R01BA03|R05DA03|R06AB01,,
208559,dexamethasone 0.1 MG/ML Topical Spray [Aeroseb-Dex],SBD,H02AB02|S01BA01,D07AB19,,
213088,lamivudine 150 MG / zidovudine 300 MG Oral Tablet [Combivir],SBD,J05AF01|J05AF05|J05AR01,J05AR01,,
1091828,{21 (desogestrel 0.15 MG / ethinyl estradiol 0.03 MG Oral Tablet) / 7 (inert ingredients 1 MG Oral Tablet) } Pack [Emoquette],BPCK,G03AA09|G03AC09,G03AA09,,
1099159,benzalkonium chloride 5 MG/ML Medicated Pad,SCD,D08AJ01|D08AJ08|R02AA16,D09AA11,,
1099400,pseudoephedrine hydrochloride 6 MG/ML / triprolidine hydrochloride 0.25 MG/ML Oral Solution [Actifed],SBD,R01BA02|R01BA52|R06AX07,R01BA52,,
1112810,calcium carbonate 250 MG / magnesium oxide 155 MG Oral Tablet,SCD,A02AA02|A02AA04|A12AA04,A02AD01,,
1113693,benzalkonium chloride 1.25 MG/ML Medicated Liquid Soap,SCD,D08AJ01|D08AJ08|R02AA16,D08AJ01,,
1116365,sodium chloride 0.002 MG/MG Nasal Gel [Rhinaris],SBD,A12CA01|B05BB01|B05CB01|B05XA03|S01XA03,,,
1119573,ascorbic acid 30 MG / cholecalciferol 1000 UNT / cuprous oxide 2 MG / folic acid 1 MG / magnesium oxide 20 MG / niacin 15 MG / polysaccharide iron complex 29 MG / potassium iodide 0.15 MG / pyridoxine hydrochloride 2.5 MG / riboflavin 1.8 MG / thiamine mononitrate 1.6 MG / vitamin A 1100 UNT / vitamin B12 0.012 MG / vitamin E 20 UNT / zinc oxide 25 MG Oral Capsule [Vitafol-One],SBD,A11CA01|A11CC05|A11DA01|A11GA01|A11HA02|A11HA03|A11HA04|B03BA01|B03BB01,A11AA03,,
2109530,sodium chloride 70 MG/ML Inhalation Solution [PulmoSal],SBD,A12CA01|B05BB01|B05CB01|B05XA03|S01XA03,,,
476549,calcium carbonate 675 MG / magnesium hydroxide 135 MG Chewable Tablet,SCD,A02AA04|A12AA04,A02AD01,,
477031,salicylic acid 60 MG/ML Topical Cream,SCD,D01AE12|N02BA04,D02AF,,
615107,1000 ML glucose 50 MG/ML / potassium chloride 0.02 MEQ/ML / sodium chloride 9 MG/ML Injection,SCD,A12CA01|B05BA03|B05BB01|B05CB01|B05XA03|S01XA03|V06DC01,B05BB02,,
858798,hydrocodone bitartrate 7.5 MG / ibuprofen 200 MG Oral Tablet,SCD,R05DA03,N02AJ23,,
858967,guaiacolsulfonate 60 MG/ML / hydrocodone bitartrate 0.9 MG/ML Oral Solution,SCD,R05CA09|R05DA03,R05FA02,,
859234,chlorpheniramine maleate 0.5 MG/ML / hydrocodone bitartrate 0.7 MG/ML / phenylephrine hydrochloride 2 MG/ML Oral Solution [Relacon-HC],SBD,R05DA03|R06AB04,R01BA03|R05DA03|R06AB04,,
1000131,medroxyprogesterone acetate 400 MG/ML Injectable Suspension,SCD,G03DA02|L02AB02,L02AB02,,
1006791,dexamethasone 4 MG/ML Injectable Suspension,SCD,H02AB02|S01BA01,H02AB02,,
1012015,prednisolone acetate 2 MG/ML / sulfacetamide sodium 100 MG/ML Ophthalmic Suspension,SCD,A07EA01|D10AB02|H02AB06|S01BA04|S03BA02,S01CB02,,
1012583,lidocaine hydrochloride 0.02 MG/MG Topical Gel [Anestacon],SBD,D04AB01|N01BB02|R02AD02,D04AB01,,
1013089,lidocaine hydrochloride 20 MG/ML Injectable Solution [Dilocaine],SBD,D04AB01|N01BB02|R02AD02,N01BB02,,
1038834,benzalkonium chloride 1 MG/ML Topical Foam [DigiSan E Foam],SBD,D08AJ01|D08AJ08|R02AA16,D08AJ01,,
1044412,zinc oxide 0.018 MG/MG Topical Ointment,SCD,C05AX04,D02AB,,
1086613,mineral oil 0.15 MG/MG / petrolatum 0.83 MG/MG Ophthalmic Ointment [Lubrifresh P.M.],SBD,A06AA01,S01XA20,IMPROVED,S01XA20
259287,cholecalciferol 135 UNT / vitamin A 0.375 MG Oral Capsule,SCD,A11CA01,A11CB,IMPROVED,A11CB
1098584,salicylic acid 0.4 MG/MG Medicated Patch [Mediplast],SBD,D01AE12|N02BA04,D11AF,,
1189036,sulfacetamide sodium 100 MG/ML / sulfur 50 MG/ML Topical Cream [Clenia],SBD,D10AB02,D10AB02|D10AF06,,
858866,carbinoxamine maleate 0.4 MG/ML / hydrocodone bitartrate 1 MG/ML / phenylephrine hydrochloride 1.2 MG/ML Oral Solution [Donatussin MAX],SBD,R05DA03|R06AA08,R01BA03|R05DA03|R06AA08,IMPROVED,R01BA03|R05DA03|R06AA08
1038824,acetaminophen 650 MG / chlorpheniramine maleate 4 MG / phenylephrine hydrochloride 10 MG Powder for Oral Solution,SCD,N02BE01|R06AB04,N02BE01|R01BA03|R06AB04,,
1046562,pheniramine maleate 0.8 MG/ML / phenylpropanolamine hydrochloride 2.5 MG/ML / phenyltoloxamine citrate 0.8 MG/ML / pyrilamine maleate 0.8 MG/ML Oral Solution [Metahistine D],SBD,R01BA01,R01BA01|R06AB05|R06AC01,,
1046918,atropine sulfate 0.03 MG / benzoic acid 4.5 MG / hyoscyamine sulfate 0.03 MG / methenamine 40.8 MG / methylene blue 5.4 MG / phenyl salicylate 18.1 MG Oral Tablet [Usept],SBD,A03BA03|G04BX12|J01XX05,G04BX12,,
1052647,acetaminophen 325 MG / doxylamine succinate 6.25 MG / phenylephrine hydrochloride 5 MG Oral Capsule,SCD,N02BE01|R06AA09,R01BA03,,
252591,tetracaine 2 MG/ML Injectable Solution,SCD,C05AD02|D04AB06|N01BA03|S01HA03,N01BA03,,
260384,dexamethasone 1 MG/ML / neomycin 3.5 MG/ML Ophthalmic Solution [AK-Neo-Dex],SBD,A07AA01|D06AX04|H02AB02|S01AA03|S01BA01,S01CA01,,
282746,calcium carbonate 250 MG / magnesium oxide 125 MG Oral Capsule,SCD,A02AA02|A02AA04|A12AA04,A02AD01,IMPROVED,A02AD01
857824,chlorpheniramine maleate 0.4 MG/ML / hydrocodone bitartrate 0.334 MG/ML / phenylephrine hydrochloride 1 MG/ML Oral Solution [Rindal-HD],SBD,R05DA03|R06AB04,R01BA03|R05DA03|R06AB04,,
1012000,prednisolone acetate 0.005 MG/MG / sulfacetamide sodium 0.1 MG/MG Ophthalmic Ointment,SCD,A07EA01|D10AB02|H02AB06|S01BA04|S03BA02,S01CB02,,
283077,prednisolone 3 MG/ML Oral Solution,SCD,A07EA01|H02AB06|S01BA04|S03BA02,H02AB06,,
1113536,{1 (50 ML) (salicylic acid 15 MG/ML Topical Lotion [Olay Professional Skin Clearing Treatment]) / 1 (75 ML) (salicylic acid 18 MG/ML Medicated Liquid Soap [Olay Professional Pore Clarifying Cleanser]) } Pack [Olay Professional Acne Protocol],BPCK,D01AE12|N02BA04,D01AE12,,
1038741,benzalkonium chloride 1.2 MG/ML Medicated Pad,SCD,D08AJ01|D08AJ08|R02AA16,D09AA11,IMPROVED,D09AA11
829757,100 ML magnesium sulfate 10 MG/ML Injection,SCD,A06AD04|B05XA05,B05XA05,,
851210,{60 (caffeine 65 MG / riboflavin 6.25 MG / thiamine 25 MG / vitamin B12 0.125 MG / vitamin B6 25 MG Oral Capsule) / 60 (ibuprofen 400 MG Oral Tablet) } Pack [IC 400 Kit],BPCK,A11DA01|A11HA04|B03BA01|M01AE01|M01AE14|N06BC01,A11DA01|A11HA04|B03BA01|M01AE01|N06BC01,IMPROVED,M01AE01|A11DA01|A11HA04|B03BA01|N06BC01
857430,clemastine fumarate 0.134 MG/ML Oral Solution,SCD,D04AA14|R06AA04,R06AA04,,
856467,{7 (ethinyl estradiol 0.025 MG / norgestimate 0.18 MG Oral Tablet) / 7 (ethinyl estradiol 0.025 MG / norgestimate 0.215 MG Oral Tablet) / 7 (ethinyl estradiol 0.025 MG / norgestimate 0.25 MG Oral Tablet) / 7 (inert ingredients 1 MG Oral Tablet) } Pack [Tri-Lo-Sprintec 28 Day],BPCK,G03CA01,G03AA11,IMPROVED,G03AA11
208451,polymyxin B 10000 UNT/ML / trimethoprim 1 MG/ML Ophthalmic Solution [Polytrim],SBD,J01EA01,S01AA18|S03AA03,,
1091403,salicylic acid 18 MG/ML Medicated Shampoo [Everclean],SBD,D01AE12|N02BA04,D11AC,,
1190834,atropine sulfate 0.02 MG / chlorpheniramine maleate 2 MG / phenylephrine hydrochloride 10 MG / phenyltoloxamine citrate 25 MG Oral Tablet,SCD,R06AB04,R01BA03|R06AB04,,
1232719,tetrahydrozoline hydrochloride 1 MG/ML Nasal Spray,SCD,R01AA06|R01AB03|S01GA02,R01AA06,,
858774,chlorpheniramine maleate 0.4 MG/ML / hydrocodone bitartrate 0.5 MG/ML / phenylephrine hydrochloride 1 MG/ML Oral Solution [Exo-Tuss],SBD,R05DA03|R06AB04,R01BA03|R05DA03|R06AB04,,
1000487,"{14 (estrogens, conjugated (USP) 0.625 MG / medroxyprogesterone acetate 5 MG Oral Tablet) / 14 (estrogens, conjugated (USP) 0.625 MG Oral Tablet) } Pack [Premphase 28 Day]",BPCK,G03CA57|G03FA12,G03CA57,,
1010035,lidocaine hydrochloride 10 MG/ML Injectable Solution [Xylocaine],SBD,D04AB01|N01BB02|R02AD02,N01BB02,,
1037204,povidone-iodine 75 MG/ML Medicated Pad,SCD,D08AG02|D09AA09|D11AC06|G01AX11|R02AA15,D08AG02,,
1041780,ethanol 0.62 ML/ML Medicated Pad,SCD,D08AX08|V03AB16|V03AZ01,D08AX08,,
1043479,diclofenac sodium 10 MG/ML Topical Cream,SCD,M01AB05|M02AA15|S01BC03,M02AA15,,
1047759,atropine sulfate 0.0194 MG / hyoscyamine sulfate 0.1037 MG / phenobarbital 16.2 MG / scopolamine hydrobromide 0.0065 MG Oral Tablet [Spacol Tablet],SBD,A03BA03|N03AA02,A03CB,,
106258,hydrocortisone 10 MG/ML Topical Cream,SCD,A01AC03|A07EA02|D07AA02|D07AB02|D07AB11|H02AB09|S01BA02,D07AA02,IMPROVED,D07AA02
1086475,12 HR chlorpheniramine maleate 8 MG / phenylephrine hydrochloride 20 MG Extended Release Oral Tablet,SCD,R06AB04,R01BA03|R06AB04,IMPROVED,R01BA03|R06AB04
249469,amlexanox 0.05 MG/MG Oral Paste,SCD,A01AD07|R03DX01,A01AD07,,
1729511,hydrocortisone 25 MG/ML Topical Cream [Ala-Cort],SBD,A01AC03|A07EA02|D07AA02|D07AB02|D07AB11|H02AB09|S01BA02,D07AA02,,
106078,hydrocortisone 10 MG/ML / neomycin 5 MG/ML Topical Cream,SCD,A01AC03|A07AA01|A07EA02|D06AX04|D07AA02|D07AB02|D07AB11|H02AB09|S01AA03|S01BA02,D07CA01,,
260407,prednisolone 20 MG/ML Injectable Solution [Predicort RP],SBD,A07EA01|H02AB06|S01BA04|S03BA02,H02AB06,,
1657066,4 ML bevacizumab 25 MG/ML Injection,SCD,L01XC07|S01LA08,L01FG01,,
562360,sodium hyaluronate 10 MG/ML Ophthalmic Solution,SCD,M09AX01,S01KA01,,
608934,metronidazole 0.0075 MG/MG Vaginal Gel [Vandazole],SBD,D06BX01,G01AF01,,
1000715,sulfacetamide sodium 0.1 MG/MG Topical Gel [Ovace],SBD,D10AB02,D10AF06,,
1000935,pilocarpine hydrochloride 50 MG/ML Ophthalmic Solution [Isoptocarpine],SBD,N07AX01|S01EB01,S01EB01,,
1011875,sulfacetamide sodium 90 MG/ML / sulfur 40 MG/ML Medicated Liquid Soap [Sumaxin],SBD,D10AB02,D10AF06,,
1043300,alpha tocopherol 30 UNT / ascorbic acid 28 MG / cholecalciferol 400 UNT / docosahexaenoic acid 300 MG / docusate sodium 55 MG / ferrous fumarate 27 MG / folic acid 1.25 MG / pyridoxine hydrochloride 25 MG / tricalcium phosphate 160 MG Oral Capsule,SCD,A11CC05|A11GA01|A11HA02|B03BB01,A11JC,,
1053158,dimethicone 10 MG/ML / zinc oxide 120 MG/ML Topical Cream [Baza-Protect],SBD,P03AX05,D02AA,,
260402,prednisolone 50 MG/ML Injectable Suspension [Predicort-50],SBD,A07EA01|H02AB06|S01BA04|S03BA02,H02AB06,IMPROVED,H02AB06
238851,povidone-iodine 100 MG/ML Medicated Liquid Soap,SCD,D08AG02|D09AA09|D11AC06|G01AX11|R02AA15,D08AG02,,
1090443,chlorpheniramine maleate 4 MG / phenylephrine hydrochloride 10 MG Oral Tablet,SCD,R06AB04,R01BA53,,
198601,dibucaine 0.01 MG/MG Topical Ointment,SCD,C05AD04,D04AB02,,
999653,castor oil 0.788 MG/MG / Peruvian balsam 0.087 MG/MG / trypsin 0.09 UNT/MG Topical Ointment [Vasolex],SBD,A06AB05,D03BA01,,
849315,aspirin 325 MG / propoxyphene napsylate 100 MG Oral Tablet,SCD,N02AC04,N02AC04|N02BA01,,
1193293,acetaminophen 325 MG / chlorpheniramine maleate 4 MG / phenylephrine hydrochloride 10 MG Oral Tablet,SCD,N02BE01|R06AB04,R01BA03,,
857851,chlorpheniramine maleate 0.4 MG/ML / hydrocodone bitartrate 0.5 MG/ML / phenylephrine hydrochloride 1 MG/ML Oral Solution,SCD,R05DA03|R06AB04,R01BA03|R05DA03|R06AB04,,
1005771,sulfacetamide sodium 100 MG/ML / sulfur 50 MG/ML Medicated Liquid Soap [Clenia],SBD,D10AB02,D10AB02|D10AF06,,
1039265,benzethonium chloride 2 MG/ML / benzocaine 60 MG/ML Topical Cream [Lanacane],SBD,R02AA09,D04AB04|D08AJ08,,
1745091,lidocaine 0.05 MG/MG Medicated Patch,SCD,D04AB01|N01BB02|R02AD02,D04AB01,,
1792707,codeine phosphate 2 MG/ML / guaifenesin 40 MG/ML / pseudoephedrine hydrochloride 6 MG/ML Oral Solution,SCD,R01BA02|R05CA03|R05DA04,R05FA02,,
1795344,500 ML glucose 50 MG/ML / sodium chloride 9 MG/ML Injection,SCD,A12CA01|B05BA03|B05BB01|B05CB01|B05XA03|S01XA03|V06DC01,B05BB02,,
1795480,250 ML glucose 100 MG/ML Injection,SCD,B05BA03|V06DC01,B05BA03,,
1806938,lidocaine 0.04 MG/MG / phenylephrine hydrochloride 0.0025 MG/MG Topical Ointment,SCD,D04AB01|N01BB02|R01AA04|R02AD02|S01FB01|S01XA20,D04AB01,,
1944524,ethanol 0.64 ML/ML Topical Spray,SCD,D08AX08|V03AB16|V03AZ01,D08AX08,,
1235322,diphenhydramine hydrochloride 0.02 MG/MG / levomenthol 0.01 MG/MG Topical Gel [Tact],SBD,D04AA32|R06AA02,D04AA32,,
1246573,hydrocortisone / pramoxine Rectal Cream [Analpram HC],SBDF,A01AC03|A07EA02|D07AA02|D07AB02|D07AB11|H02AB09|S01BA02,C05AA01|C05AD07,,
1246538,{30 (4000 MG) (hydrocortisone 25 MG/ML / pramoxine hydrochloride 10 MG/ML Rectal Cream) / 18 (pramoxine hydrochloride 10 MG/ML Medicated Pad) } Pack,GPCK,A01AC03|A07EA02|D07AA02|D07AB02|D07AB11|H02AB09|S01BA02,C05AA01|C05AD07,,
1248912,acetaminophen 500 MG / pamabrom 25 MG / pyrilamine maleate 15 MG Oral Capsule [Syncol],SBD,N02BE01,N02BE01|R06AC01,,
1294591,diphenhydramine hydrochloride 20 MG/ML / zinc acetate 1 MG/ML Topical Solution [Benadryl Itch Stopping],SBD,A16AX05,D04AA32,,
1359152,hydrocortisone acetate 5 MG/ML / pramoxine hydrochloride 10 MG/ML Topical Lotion,SCD,A01AC03|A07EA02|D07AA02|D07AB02|D07AB11|H02AB09|S01BA02,D07XA01,,
1367213,acetaminophen 650 MG / guaifenesin 600 MG / phenylephrine hydrochloride 20 MG Oral Tablet,SCD,N02BE01|R05CA03,N02BE01|R01BA03|R05CA03,,
1430115,betamethasone 0.001 MG/MG / clotrimazole 0.01 MG/MG / gentamicin 0.003 MG/MG Otic Ointment [Tri-Otic for Canines],SBD,D01AC01|D06AX07|D07AC01|H02AB01|S01BA06|S03AA06|S03BA03,S03CA06,,
1440002,miconazole nitrate 40 MG/ML Vaginal Cream [Lagicam],SBD,A01AB09|D01AC02|G01AF04,G01AF04,,
1483190,salicylic acid 20 MG/ML Topical Lotion [Clearasil Daily Clear],SBD,D01AE12|N02BA04,D01AE12,,
1546288,betamethasone 0.284 MG/ML / gentamicin 0.57 MG/ML Topical Spray [Gentacalm],SBD,D06AX07|D07AC01|H02AB01|S01BA06|S03AA06|S03BA03,D07CC01,IMPROVED,D07CC01
1549214,chlorhexidine gluconate 2 MG/ML / miconazole nitrate 2 MG/ML Topical Solution [Malaseb],SBD,A01AB03|A01AB09|D01AC02|D08AC02|G01AF04|R02AA05,D01AC02|D08AC02,,
1593886,sodium chloride 11.25 MG/ML Nasal Spray [Aqua Maris],SBD,A12CA01|B05BB01|B05CB01|B05XA03|S01XA03,,,
1608253,metronidazole 0.013 MG/MG Vaginal Gel,SCD,A01AB17|D06BX01|P01AB01,G01AF01,,
1792398,citric acid 66 MG/ML / gluconolactone 1.98 MG/ML / magnesium carbonate 32.7 MG/ML Irrigation Solution [Renacidin],SBD,A09AB04,B05CX10,,
1855057,40 ML bezlotoxumab 25 MG/ML Injection [Zinplava],SBD,J06BB21,J06BC03,,
1242101,ethanol 0.81 ML/ML / isopropyl alcohol 0.04 ML/ML / povidone-iodine 200 MG/ML Topical Solution [Barrier Waterless],SBD,D08AX05,D08AX08,,
1243999,glycerin 2 MG/ML / naphazoline hydrochloride 0.2 MG/ML Ophthalmic Solution,SCD,A06AX01|S01GA01,S01GA01,,
1244547,benzalkonium chloride 1 MG/ML Topical Foam [Nobac],SBD,D08AJ01|D08AJ08|R02AA16,D08AJ01,,
1246528,hydrocortisone 25 MG/ML / pramoxine hydrochloride 10 MG/ML Rectal Cream,SCD,A01AC03|A07EA02|D07AA02|D07AB02|D07AB11|H02AB09|S01BA02,C05AA01,,
1247256,phenylephrine hydrochloride 0.06 MG/ML Injectable Solution,SCD,R01AA04|S01FB01|S01XA20,C01CA06,,
1248059,phenylephrine hydrochloride 1 MG/ML / promethazine hydrochloride 1.25 MG/ML Oral Solution [Phenergan VC],SBD,R01AA04|R06AD02|S01FB01|S01XA20,R01BA03|R06AD02,,
1250174,ethanol 0.85 ML/ML Topical Solution,SCD,D08AX08|V03AB16|V03AZ01,D08AX08,IMPROVED,D08AX08
1251885,chlorhexidine gluconate 18.8 MG/ML Topical Solution,SCD,A01AB03|D08AC02|R02AA05,D08AC02,,
1293710,acetaminophen 32 MG/ML / diphenhydramine hydrochloride 2.5 MG/ML / pseudoephedrine hydrochloride 3 MG/ML Oral Suspension,SCD,N02BE01|R01BA02,N02BE01|R01BA02|R06AA02,,
1293861,ammonium lactate 120 MG/ML / pramoxine hydrochloride 10 MG/ML Topical Cream [AmLactin AP],SBD,G01AD01,D04AB07,,
1294194,diphenhydramine hydrochloride 1.25 MG/ML / phenylephrine hydrochloride 0.5 MG/ML Oral Solution [Dimetapp Nighttime Cold & Congestion],SBD,D04AA32|R01AA04|R06AA02|S01FB01|S01XA20,R06AA02,,
1294255,chloroxylenol 1 MG/ML / hydrocortisone 10 MG/ML / pramoxine hydrochloride 10 MG/ML Otic Solution [Otomax HC],SBD,D08AE05,S02CA03,BOTH_WRONG,S02CA03
1299698,isoproterenol hydrochloride 10 MG/ML Inhalation Solution [Isuprel],SBD,C01CA02|R03AB02|R03CB01,R03AB02,,
1314685,calcium pantothenate 10 MG / copper sulfate 0.8 MG / ferrous fumarate 162 MG / folic acid 1 MG / manganese sulfate 1.3 MG / niacinamide 30 MG / polysaccharide iron complex 115 MG / pyridoxine hydrochloride 5 MG / riboflavin 6 MG / sodium ascorbate 200 MG / thiamine mononitrate 10 MG / vitamin B12 0.015 MG / zinc sulfate 18.2 MG Oral Capsule [Tandem Plus],SBD,A11DA01|A11HA01|A11HA02|A11HA04|A12CB01|B03BA01|B03BB01|V03AB20,B03AE04,,
1359349,bacitracin 0.4 UNT/MG / neomycin 0.0035 MG/MG / polymyxin B 10 UNT/MG / pramoxine hydrochloride 0.01 MG/MG Topical Ointment [Spectrocin Plus],SBD,A07AA01|D06AX04|S01AA03,D06AX05,,
1376070,dexamethasone sodium phosphate 24 MG/ML Injectable Solution [Decadron],SBD,H02AB02|S01BA01,H02AB02,,
1599137,cetylpyridinium chloride 0.75 MG/ML Mouthwash [Colgate Total Mouthwash],SBD,B05CA01|D08AJ03|D09AA07|R02AA06,R02AA06,,
1927660,benzethonium chloride 0.002 MG/MG Topical Ointment,SCD,R02AA09,D08AJ08,,
1250729,miconazole nitrate 20 MG/ML Topical Cream [Femmesil],SBD,A01AB09|D01AC02|G01AF04,D01AC02,,
1305910,"10 ML fibrinogen, human 106 MG/ML / thrombin, human 6.5 UNT/ML Prefilled Syringe [Artiss]",SBD,B05XA07,B02BC30,,
1309069,hydrocodone bitartrate 0.5 MG/ML / phenylephrine hydrochloride 1 MG/ML Oral Solution [Nalex DH],SBD,R05DA03,R01BA03|R05DA03,,
1359360,neomycin 3.5 MG/ML / polymyxin B 10000 UNT/ML / pramoxine hydrochloride 10 MG/ML Topical Cream,SCD,A07AA01|D06AX04|S01AA03,D06AX04,,
1369756,24 HR loratadine 10 MG / pseudoephedrine sulfate 240 MG Extended Release Oral Tablet [Allerclear],SBD,R01BA02|R06AX13,R01BA02,,
141859,acyclovir 50 MG/ML Topical Cream,SCD,D06BB03|J05AB01|S01AD03,D06BB03,,
1424847,12 HR chlorpheniramine maleate 4 MG / methscopolamine nitrate 1.25 MG / pseudoephedrine hydrochloride 60 MG Extended Release Oral Tablet,SCD,R01BA02|R06AB04,A03BB03|R01BA02|R06AB04,,
1436929,capsaicin 0.25 MG/ML Topical Cream [Pure Relief],SBD,N01BX04,M02AB01,IMPROVED,M02AB01
197367,amphotericin B 30 MG/ML Topical Cream,SCD,A01AB04|A07AA07|J02AA01,D01AE,,
1490057,epinephrine 1 MG/ML Injectable Solution [Adrenalin],SBD,C01CA24|S01EA01,C01CA24,IMPROVED,C01CA24
1593733,lidocaine hydrochloride 32.5 MG/ML Topical Cream,SCD,D04AB01|N01BB02|R02AD02,D04AB01,,
1869821,oxymetazoline hydrochloride 10 MG/ML Topical Cream [Rhofade],SBD,R01AA05,D11AX27,,
1249628,fluorometholone acetate 1 MG/ML / tobramycin 3 MG/ML Ophthalmic Suspension [Tobraflex],SBD,S01BA07,S01CA07,,
1251688,metronidazole 0.0075 MG/MG Topical Gel [Rosadan],SBD,A01AB17|D06BX01|P01AB01,D06BX01,,
1291083,benzocaine 20 MG/ML / cetylpyridinium chloride 1 MG/ML / menthol 1.5 MG/ML / zinc chloride 1 MG/ML Mucosal Spray,SCD,B05XA12,R02AA06,,
1536931,acetaminophen 250 MG / chlorpheniramine maleate 2 MG / phenylephrine hydrochloride 5 MG Effervescent Oral Tablet,SCD,N02BE01|R06AB04,R01BA03,,
1598052,glycerin 2.5 MG/ML Ophthalmic Solution [Oasis Tears],SBD,A06AX01,S01XA20,,
1536840,aspirin 325 MG / chlorpheniramine maleate 2 MG / phenylephrine bitartrate 7.8 MG Effervescent Oral Tablet,SCD,R06AB04,R01BA53,,
1432261,acetaminophen 300 MG / butalbital 50 MG / caffeine 40 MG Oral Capsule [Fioricet],SBD,N02BE01|N06BC01,N02BE01,,
618651,alanine 130 MG / glutamate 130 MG / glycine 130 MG / thiamine 10 MG Oral Capsule,SCD,A11DA01|B05CX03,B05BA01,,
668292,calcium carbonate 600 MG / cholecalciferol 0.01 MG Oral Tablet,SCD,A11CC05,A12AX,,
706872,azithromycin 10 MG/ML Ophthalmic Solution [AzaSite],SBD,J01FA10,S01AA26,,
749853,{7 (ethinyl estradiol 0.035 MG / norethindrone 0.5 MG Oral Tablet) / 7 (ethinyl estradiol 0.035 MG / norethindrone 0.75 MG Oral Tablet) / 7 (ethinyl estradiol 0.035 MG / norethindrone 1 MG Oral Tablet) / 7 (inert ingredients 1 MG Oral Tablet) } Pack [Ortho-Novum 7/7/7 28 Day],BPCK,G03AA05|G03FA01,G03AA05,,
749329,tretinoin 0.0005 MG/MG Topical Gel [Atralin],SBD,D10AD01|L01XX14,D10AD01,,
895040,acetic acid 0.1 MG/ML / antipyrine 54 MG/ML / benzocaine 14 MG/ML Otic Solution,SCD,C05AD03|D04AB04|G01AD02|R02AD01|S02AA10,S02AA10|S02DA03,IMPROVED,S02AA10|S02DA03
992787,dehydrocholic acid 125 MG / homatropine hydrobromide 2.5 MG / phenobarbital 8 MG Oral Tablet,SCD,N03AA02|S01FA05,N03AA02,,
310681,hydrocortisone 10 MG/ML / neomycin 5 MG/ML / polymyxin B 10000 UNT/ML Otic Suspension,SCD,A01AC03|A07AA01|A07EA02|D06AX04|D07AA02|D07AB02|D07AB11|H02AB09|S01AA03|S01BA02,S02CA03,,
1987646,tretinoin 0.0006 MG/MG Topical Gel [Retin-A],SBD,D10AD01|L01XX14,D10AD01,IMPROVED,D10AD01
2043252,salicylic acid 0.4 MG/MG Topical Ointment [Wartstick],SBD,D01AE12|N02BA04,D11AF,,
206296,hydrocortisone 5 MG/ML Topical Lotion [Dermtex HC],SBD,A01AC03|A07EA02|D07AA02|D07AB02|D07AB11|H02AB09|S01BA02,D07AA02,,
998558,hydrocortisone 5 MG/ML / miconazole nitrate 20 MG/ML Topical Cream [Fungoid and HC],SBD,A01AB09|A01AC03|A07EA02|D01AC02|D07AA02|D07AB02|D07AB11|G01AF04|H02AB09|S01BA02,D01AC02|D07AA02,,
647253,ketoconazole 0.02 MG/MG Topical Gel,SCD,D01AC08|J02AB02,D01AC08,,
311678,metronidazole 7.5 MG/ML Topical Cream,SCD,A01AB17|D06BX01|P01AB01,D06BX01,,
902282,ivermectin 10 MG/ML Injectable Solution,SCD,D11AX22|P02CF01,P02CF01,,
308718,betamethasone 4 MG/ML Injectable Solution,SCD,D07AC01|H02AB01|S01BA06|S03BA03,H02AB01,,
1999657,12 HR doxylamine succinate 20 MG / pyridoxine hydrochloride 20 MG Extended Release Oral Tablet [Bonjesta],SBD,A11HA02|R06AA09,R06AA09,,
313943,dexamethasone 1 MG/ML / neomycin 3.5 MG/ML / polymyxin B 10000 UNT/ML Ophthalmic Solution,SCD,A07AA01|D06AX04|H02AB02|S01AA03|S01BA01,S01CA01,,
309344,clioquinol 7.5 MG/ML / hydrocortisone 2.5 MG/ML Topical Lotion,SCD,A01AC03|A07EA02|D07AA02|D07AB02|D07AB11|H02AB09|S01BA02,D07AA02|D08AH30,,
993943,acetaminophen 325 MG / butalbital 50 MG / caffeine 40 MG / codeine phosphate 30 MG Oral Capsule,SCD,N02BE01|N06BC01|R05DA04,N02BE71,,
2003670,"10 ML fibrinogen, human 106 MG/ML / thrombin, human 625 UNT/ML Prefilled Syringe [Tisseel]",SBD,B05XA07,B02BC30,,
308901,calcium carbonate 80 MG/ML Oral Suspension,SCD,A12AA04,A02AC01,,
708071,zinc oxide 0.16 MG/MG Topical Ointment,SCD,C05AX04,D02AB,,
882536,clindamycin 20 MG/ML Vaginal Cream [Cleocin],SBD,D10AF01|J01FF01,G01AA10,,
746023,atenolol 100 MG / chlorthalidone 25 MG Oral Tablet [Tenoretic],SBD,C03BA04|C07AB03,C07CB03,,
308303,acetaminophen 261 MG / caffeine 32 MG / guaifenesin 100 MG / phenylephrine 5 MG Oral Tablet,SCD,N02BE01|N06BC01|R05CA03,N02BE01|N06BC01|R01BA03|R05CA03,,
308717,betamethasone 3 MG/ML Injectable Solution,SCD,D07AC01|H02AB01|S01BA06|S03BA03,H02AB01,,
308939,camphor 0.108 MG/MG / phenol 0.047 MG/MG Topical Gel,SCD,D08AE03,D04AX,,
312182,oxytetracycline 100 MG / polymyxin B 100000 UNT Vaginal Insert,SCD,J01AA06,G01AA07,,
198248,2 ML tetracaine hydrochloride 10 MG/ML Injection,SCD,C05AD02|D04AB06|N01BA03|S01HA03,N01BA03,IMPROVED,N01BA03
198488,benzocaine 0.1 MG/MG Oral Gel,SCD,R02AD01,N01BA05,,
200010,dimethicone 10 MG/ML Topical Cream,SCD,P03AX05,D02AA,,
205964,clindamycin 150 MG/ML Injectable Solution,SCD,D10AF01|J01FF01,J01FF01,,
317145,povidone-iodine 10 MG/ML Topical Solution,SCD,D08AG02|D09AA09|D11AC06|G01AX11|R02AA15,D08AG02,,
801398,alanine 3.2 MG/ML / arginine 7.3 MG/ML / aspartate 1.9 MG/ML / cysteine 0.14 MG/ML / glutamate 3 MG/ML / glycine 2.2 MG/ML / histidine 2.9 MG/ML / isoleucine 4.9 MG/ML / leucine 8.4 MG/ML / lysine 4.9 MG/ML / methionine 2 MG/ML / phenylalanine 2.9 MG/ML / proline 4.1 MG/ML / serine 2.3 MG/ML / taurine 0.15 MG/ML / threonine 2.5 MG/ML / tryptophan 1.2 MG/ML / tyrosine 1.4 MG/ML / valine 4.7 MG/ML Injectable Solution [PremaSol],SBD,B05CX03|B05XB03|N06AX02|V03AB26,B05BA01,,
979379,metaproterenol sulfate 6 MG/ML Inhalation Solution,SCD,R03CB03,R03AB03,,
309338,clindamycin 2 MG/ML Injectable Solution,SCD,D10AF01|J01FF01,J01FF01,,
995613,ferrous sulfate 75 MG/ML Oral Solution [Fer-in-Sol],SBD,B03AA01|B03AA07,B03AA07,,
312894,salicylic acid 600 MG/ML Topical Cream,SCD,D01AE12|N02BA04,D11AF,IMPROVED,D11AF
310972,idoxuridine 0.005 MG/MG Ophthalmic Ointment,SCD,D06BB01,S01AD01,,
701678,calcium carbonate 420 MG / simethicone 21 MG Chewable Tablet [Titralac Plus],SBD,A03AX13|A12AA04,A02AF02,,
761974,{7 (desogestrel 0.1 MG / ethinyl estradiol 0.025 MG Oral Tablet) / 7 (desogestrel 0.125 MG / ethinyl estradiol 0.025 MG Oral Tablet) / 7 (desogestrel 0.15 MG / ethinyl estradiol 0.025 MG Oral Tablet) / 7 (inert ingredients 1 MG Oral Tablet) } Pack [Cyclessa 28 Day],BPCK,G03AC09,G03AA09,,
750243,{21 (ethinyl estradiol 0.05 MG / norgestrel 0.5 MG Oral Tablet) / 7 (inert ingredients 1 MG Oral Tablet) } Pack [Ogestrel 28 Day],BPCK,G03CA01,G03AA06,,
979499,metaproterenol sulfate 50 MG/ML Inhalation Solution [Alupent],SBD,R03CB03,R03AB03,,
309911,dimenhydrinate 25 MG / niacin 50 MG Oral Tablet,SCD,C10AD02,C10AD02|R06AA11,,
312354,pheniramine maleate 12.5 MG / phenylephrine hydrochloride 5 MG Oral Tablet,SCD,R01AA04|S01FB01|S01XA20,R01BA03|R06AB05,,
1991509,citric acid 75 MG/ML / magnesium oxide 21.9 MG/ML / picosulfate sodium 0.0625 MG/ML Oral Solution [Clenpiq],SBD,A09AB04,A06AD02,,
200015,inositol 100 MG / niacin 400 MG Oral Capsule,SCD,A11HA07,A11JA,,
206950,muromonab-CD3 1 MG/ML Injectable Solution [Orthoclone OKT3],SBD,L04AA02,L04AG01,,
996708,codeine phosphate 20 MG / guaifenesin 400 MG / phenylephrine hydrochloride 10 MG Oral Tablet [Maxiphen CDX],SBD,R05CA03|R05DA04,R05FA02,,
828346,dexamethasone 1 MG/ML / neomycin 3.5 MG/ML / polymyxin B 10000 UNT/ML Ophthalmic Suspension [Neopolydex],SBD,A07AA01|D06AX04|H02AB02|S01AA03|S01BA01,S01CA01,,
904429,lactic acid 100 MG/ML Topical Cream [Lactinol],SBD,G01AD01,D02AX,,
2048017,atropine sulfate 0.00388 MG/ML / hyoscyamine sulfate 0.0207 MG/ML / phenobarbital 3.24 MG/ML / scopolamine hydrobromide 0.0013 MG/ML Oral Solution [Phenohytro],SBD,A03BA03|N03AA02,A03CB,,
729941,pseudoephedrine tannate 3 MG/ML / pyrilamine tannate 3 MG/ML Oral Suspension,SCD,R01BA02,R01BA02|R06AC01,,
968993,clorsulon 100 MG/ML / ivermectin 10 MG/ML Injectable Solution [Endo-Mectin Plus],SBD,D11AX22|P02CF01,P02CF01,,
1995293,cocaine hydrochloride 40 MG/ML Nasal Solution [Goprelto],SBD,N01BC01|S01HA01|S02DA02,N01BC01,,
1089990,benzalkonium chloride 13 MG/ML Medicated Liquid Soap,SCD,D08AJ01|D08AJ08|R02AA16,D08AJ01,,
2048005,lidocaine hydrochloride 40 MG/ML / menthol 40 MG/ML Topical Spray,SCD,D04AB01|N01BB02|R02AD02,D04AB01,,
205798,gentamicin 3 MG/ML Ophthalmic Solution [Gentasol],SBD,D06AX07|S03AA06,S01AA11,,
831398,alanine 3.48 MG/ML / arginine 3.56 MG/ML / aspartate 2.45 MG/ML / calcium chloride 0.0025 MEQ/ML / dibasic potassium phosphate 0.015 MEQ/ML / glucose 250 MG/ML / glutamate 2.58 MG/ML / glycine 1.75 MG/ML / histidine 1.05 MG/ML / isoleucine 2.31 MG/ML / leucine 3.5 MG/ML / lysine 3.68 MG/ML / magnesium chloride 0.0025 MEQ/ML / methionine 0.6 MG/ML / phenylalanine 1.04 MG/ML / potassium chloride 0.003 MEQ/ML / proline 2.52 MG/ML / serine 1.86 MG/ML / sodium chloride 0.035 MEQ/ML / threonine 1.4 MG/ML / tryptophan 0.7 MG/ML / tyrosine 0.94 MG/ML / valine 1.75 MG/ML Injectable Solution,SCD,B05CX03|B05XB03|N06AX02|V03AB26,B05BA01,,
856720,amitriptyline hydrochloride 10 MG / perphenazine 4 MG Oral Tablet,SCD,N05AB03|N06AA09,N06CA01,,
856944,acetaminophen 21.7 MG/ML / hydrocodone bitartrate 0.67 MG/ML Oral Solution,SCD,N02BE01|R05DA03,N02AJ22,,
209017,antipyrine 50 MG/ML / benzocaine 50 MG/ML / phenylephrine 2.5 MG/ML Otic Solution [Tympagesic],SBD,C05AD03|D04AB04|R01AA04|R02AD01|S01FB01|S01XA20,S02DA03,,
2099778,hydrogen peroxide 0.018 MG/MG Topical Gel,SCD,A01AB02|D08AX01,D08AX01,,
210057,salicylic acid 30 MG/ML Topical Lotion [Panscol],SBD,D01AE12|N02BA04,D01AE12,,
210142,salicylic acid 0.17 MG/MG Topical Gel [Sal-Plant Gel],SBD,D01AE12|N02BA04,D11AF,,
2102837,salicylic acid 20 MG/ML Medicated Pad [Oxy Deep Pore],SBD,D01AE12|N02BA04,D01AE12,,
211343,penciclovir 10 MG/ML Topical Cream [Denavir],SBD,D06BB06|J05AB13,D06BB06,,
213721,acyclovir 50 MG/ML Injectable Solution [Zovirax],SBD,D06BB03|J05AB01|S01AD03,J05AB01,,
2181307,acetaminophen 325 MG / caffeine 45 MG / chlorpheniramine maleate 2 MG / phenylephrine hydrochloride 5 MG Oral Tablet,SCD,N02BE01|N06BC01|R06AB04,N02BE01,,
1092456,diphenhydramine hydrochloride 2.5 MG/ML Oral Solution [Diphenhist],SBD,D04AA32|R06AA02,R06AA02,,
1099486,pseudoephedrine hydrochloride 6 MG/ML / triprolidine hydrochloride 0.25 MG/ML Oral Solution [Allerfrim],SBD,R01BA02|R01BA52|R06AX07,R01BA52,,
1099770,pseudoephedrine hydrochloride 60 MG / triprolidine hydrochloride 2.5 MG Oral Tablet [Vi-Sudo],SBD,R01BA02|R01BA52|R06AX07,R01BA52,,
1101555,{1 (acetaminophen 500 MG / chlorpheniramine maleate 2 MG / phenylephrine hydrochloride 5 MG Oral Tablet) / 1 (acetaminophen 500 MG / phenylephrine hydrochloride 5 MG Oral Tablet) } Pack,GPCK,N02BE01|R06AB04,R01BA03,,
1114847,cholecalciferol 500 UNT / chondroitin sulfates 600 MG / glucosamine 750 MG Oral Tablet,SCD,A11CC05|M01AX05|M01AX25,M01AX25,,
1116922,capsaicin 0.25 MG/ML Topical Spray [Painazin-CP],SBD,N01BX04,M02AB01,,
312990,sodium chloride 0.0769 MEQ/ML Irrigation Solution,SCD,A12CA01|B05BB01|B05CB01|B05XA03|S01XA03,B05CB01,,
209002,prednisolone 1.2 MG/ML Ophthalmic Suspension [Pred Mild],SBD,A07EA01|H02AB06|S01BA04|S03BA02,S01BA04,,
1148644,guaifenesin 375 MG / pseudoephedrine hydrochloride 60 MG Oral Tablet,SCD,R01BA02|R05CA03,R05CA03,,
1190438,salicylic acid 170 MG/ML Topical Solution [Wartrol],SBD,D01AE12|N02BA04,D11AF,,
402252,168 HR estradiol 0.00188 MG/HR / levonorgestrel 0.000625 MG/HR Transdermal System [Climara Pro],SBD,G03CA03,G03FA11,,
403940,guaifenesin 200 MG / phenylephrine tannate 25 MG Oral Tablet,SCD,R05CA03,R01BA03|R05CA03,,
403942,guaifenesin 20 MG/ML / phenylephrine tannate 1 MG/ML / pyrilamine tannate 6 MG/ML Oral Suspension,SCD,R05CA03,R01BA53|R05CA03|R06AC01,BOTH_WRONG,R01BA53|R05CA03|R06AC01
404536,salicylic acid 10 MG/ML / sodium thiosulfate 250 MG/ML Topical Lotion [Exoderm],SBD,D01AE12|N02BA04|V03AB06,D01AE12,,
428485,calcium carbonate 1500 MG / cholecalciferol 0.01 MG Oral Tablet,SCD,A11CC05,A12AX,,
602427,clindamycin 20 MG/ML Vaginal Cream [Clindesse],SBD,D10AF01|J01FF01,G01AA10,,
605662,aluminum chloride 200 MG/ML Topical Solution [Hypercare],SBD,D10AX01,D11AA,,
857736,chlorpheniramine maleate 0.4 MG/ML / hydrocodone bitartrate 0.334 MG/ML / phenylephrine hydrochloride 1 MG/ML Oral Solution [Chemdal HD],SBD,R05DA03|R06AB04,R05DA20,BOTH_WRONG,R05DA20
859176,chlorpheniramine maleate 0.4 MG/ML / hydrocodone bitartrate 1.2 MG/ML / phenylephrine hydrochloride 2.4 MG/ML Oral Solution [Tusana D],SBD,R05DA03|R06AB04,R01BA03|R05DA03|R06AB04,,
860254,guaifenesin 10 MG/ML / hydrocodone bitartrate 0.5 MG/ML / phenylephrine hydrochloride 1.5 MG/ML Oral Solution [Tussafed-HC],SBD,R05CA03|R05DA03,R05FA02,,
1001713,nitrofurazone 0.002 MG/MG Topical Ointment [NitroZone],SBD,B05CA03|D08AF01|D09AA03|P01CC02|S01AX04|S02AA02,D08AF01,,
1012345,hydrocortisone acetate 5 MG/ML / lidocaine hydrochloride 30 MG/ML Topical Cream,SCD,A01AC03|A07EA02|D04AB01|D07AA02|D07AB02|D07AB11|H02AB09|N01BB02|R02AD02|S01BA02,D07XA01,,
1012574,hydrocortisone acetate 5 MG/ML / lidocaine hydrochloride 30 MG/ML Rectal Cream [Anamantle HC],SBD,A01AC03|A07EA02|D04AB01|D07AA02|D07AB02|D07AB11|H02AB09|N01BB02|R02AD02|S01BA02,C05AA01|C05AD01,,
1039185,zinc oxide 0.18 MG/MG Topical Ointment [Manzatin-E],SBD,C05AX04,D02AB,,
1045450,ethanol 0.695 ML/ML / menthol 0.01 ML/ML Topical Solution,SCD,D08AX08|V03AB16|V03AZ01,D08AX08,,
1046688,Hydrocortisone 10 MG/ML Topical Cream [Glytone Soothe Calming],SBD,A01AC03|A07EA02|D07AA02|D07AB02|D07AB11|H02AB09|S01BA02,D07AA02,,
1049114,benzalkonium chloride 0.01 MG/MG Topical Powder [Pedi-Pro],SBD,D08AJ01|D08AJ08|R02AA16,D08AJ01,,
1053697,nystatin 100 UNT/MG / triamcinolone acetonide 0.001 MG/MG Topical Ointment,SCD,A01AB11|A01AC01|A07AA02|D01AA01|H02AB08|R01AD11,D07CB01,,
237865,calcium carbonate 80 MG/ML / magnesium hydroxide 27 MG/ML Oral Suspension,SCD,A02AA04|A12AA04,A02AD01,,
1657074,16 ML bevacizumab 25 MG/ML Injection [Avastin],SBD,L01XC07|S01LA08,L01FG01,,
1658278,benzocaine 15 MG / menthol 2.3 MG Oral Lozenge [Cepacol Sore Throat Pain Relief],SBD,C05AD03|D04AB04|R02AD01,R02AD01,,
211666,metronidazole 7.5 MG/ML Topical Cream [MetroCream],SBD,A01AB17|D06BX01|P01AB01,D06BX01,,
1115898,sulfacetamide sodium 90 MG/ML / sulfur 45 MG/ML Medicated Liquid Soap [Sumadan Wash],SBD,D10AB02,D10AF06,,
858757,chlorpheniramine maleate 0.4 MG/ML / hydrocodone bitartrate 0.5 MG/ML / phenylephrine hydrochloride 1 MG/ML Oral Solution [ENDAL HD PLUS],SBD,R05DA03|R06AB04,R01BA03|R05DA03|R06AB04,,
103572,nitrofurazone 0.002 MG/MG Topical Ointment,SCD,B05CA03|D08AF01|D09AA03|P01CC02|S01AX04|S02AA02,D08AF01,,
1043330,benzethonium chloride 2 MG/ML Medicated Pad,SCD,D08AJ08|R02AA09,D08AJ08,,
1046512,lidocaine hydrochloride 40 MG/ML Topical Cream [Cutiecaine],SBD,D04AB01|N01BB02|R02AD02,D04AB01,,
1048903,salicylic acid 20 MG/ML Topical Spray,SCD,D01AE12|N02BA04,D01AE12,,
1049289,1 ML diphenhydramine hydrochloride 50 MG/ML Prefilled Syringe,SCD,D04AA32|R06AA02,R06AA02,,
261178,nystatin 100 UNT/MG Topical Powder [Nystop],SBD,A01AB11|A07AA02|D01AA01,D01AA01,,
1012118,prednisolone sodium phosphate 2.5 MG/ML / sulfacetamide sodium 100 MG/ML Ophthalmic Suspension [Supred],SBD,A07EA01|D10AB02|H02AB06|S01BA04|S03BA02,S01CB02,,
1049127,Benzalkonium Chloride 1.3 MG/ML / Pramoxine hydrochloride 10 MG/ML Topical Spray [Neosporin Neo To Go],SBD,D08AJ01|D08AJ08|R02AA16,D04AB07|D08AJ01,,
1046877,atropine sulfate 0.00388 MG/ML / hyoscyamine sulfate 0.0207 MG/ML / phenobarbital 3.24 MG/ML / scopolamine hydrobromide 0.0013 MG/ML Oral Solution [Donnapine],SBD,A03BA03|N03AA02,A03CB03,,
247294,benzocaine 75 MG/ML Topical Cream,SCD,C05AD03|D04AB04|R02AD01,D04AB04,,
307757,aluminum hydroxide 80 MG/ML / magnesium hydroxide 80 MG/ML / simethicone 5 MG/ML Oral Suspension,SCD,A02AB01,A02AX,,
809204,chlorpheniramine 5 MG / phenylephrine 10 MG / phenylpropanolamine 40 MG / phenyltoloxamine 5 MG Extended Release Oral Tablet,SCD,R01BA01|R06AB04,R01BA51|R01BA53|R06AB54,,
847629,calcium chloride 0.33 MG/ML / glucose 50 MG/ML / potassium chloride 0.3 MG/ML / sodium chloride 8.6 MG/ML Injectable Solution,SCD,A12CA01|B05BA03|B05BB01|B05CB01|B05XA03|B05XA07|S01XA03|V06DC01,B05BB01,,
848182,Augmented betamethasone 0.0005 MG/MG Topical Ointment [Betamethacot],SBD,D07AC01|H02AB01|S01BA06|S03BA03,D07AC01,,
210008,aluminum hydroxide 80 MG/ML / magnesium hydroxide 80 MG/ML / simethicone 8 MG/ML Oral Suspension [Mygel],SBD,A02AB01,A02AX,,
210010,aluminum hydroxide 80 MG/ML / magnesium hydroxide 80 MG/ML / simethicone 8 MG/ML Oral Suspension [Mylagen],SBD,A02AB01,A02AX,,
212421,capsaicin 0.75 MG/ML Topical Lotion [Capzasin-HP Arthritis Formula],SBD,N01BX04,M02AB01,,
213217,potassium iodide 65 MG/ML Oral Solution [Pima brand of potassium iodide],SBD,R05CA02|S01XA04|V03AB21,R05CA02,,
226552,72 HR scopolamine 0.0139 MG/HR Transdermal System,SCD,A04AD01,N05CM05,,
1099764,pseudoephedrine hydrochloride 60 MG / triprolidine hydrochloride 2.5 MG Oral Tablet [Trisudrine],SBD,R01BA02|R01BA52|R06AX07,R01BA52|R06AX07,,
359936,12 HR guaifenesin 1200 MG / phenylephrine hydrochloride 30 MG Extended Release Oral Tablet,SCD,R05CA03,R01BA53|R05CA03,,
856706,amitriptyline hydrochloride 10 MG / perphenazine 2 MG Oral Tablet,SCD,N05AB03|N06AA09|N06CA01,N06CA01,,
857525,aspirin 325 MG / hydrocodone bitartrate 7 MG Oral Tablet,SCD,R05DA03,N02BA51|R05DA03,,
208560,timolol hemihydrate 2.5 MG/ML Ophthalmic Solution [Betimol],SBD,C07AA06,S01ED01,,
210535,hydrogen peroxide 30 MG/ML Topical Solution [Proxacol],SBD,A01AB02,D08AX01,,
2120195,1 ML erenumab-aooe 140 MG/ML Auto-Injector [Aimovig],SBD,N02CX07,N02CD01,,
237402,calcium carbonate 600 UNT / ergocalciferol 200 UNT Oral Capsule,SCD,A11CC01,A12AX,,
1112686,aluminum hydroxide 80 MG/ML / magnesium hydroxide 80 MG/ML / simethicone 8 MG/ML Oral Suspension [Maldroxal Maximum Strength],SBD,A02AB01,A02AX,,
1116729,benzalkonium chloride 1.5 MG/ML Topical Foam,SCD,D08AJ01|D08AJ08|R02AA16,D08AJ01,,
1189673,calcium chloride 0.005 MEQ/ML / glucose 50 MG/ML / magnesium chloride 0.00148 MEQ/ML / potassium chloride 0.016 MEQ/ML / sodium acetate 0.0118 MEQ/ML / sodium chloride 0.016 MEQ/ML / sodium lactate 0.0123 MEQ/ML Injectable Solution [Plasma-Lyte M in 5 % Dextrose],SBD,B05XA08,B05BB01,,
1232720,tetrahydrozoline hydrochloride 1 MG/ML Nasal Spray [Tyzine],SBD,R01AA06|R01AB03|S01GA02,R01AA06,,
562253,amoxicillin 125 MG / clavulanate 31.2 MG Chewable Tablet,SCD,J01CA04,J01CR02,,
616513,ethanol 0.28 ML/ML / salicylic acid 5 MG/ML Topical Lotion,SCD,D01AE12|N02BA04,D01AE12|D08AX08,,
616770,ethanol 0.992 ML/ML Injectable Solution,SCD,D08AX08|V03AB16|V03AZ01,V03AB16|V03AZ01,,
859943,guaifenesin 45 MG/ML / hydrocodone bitartrate 0.5 MG/ML / phenylephrine hydrochloride 2 MG/ML Oral Solution [Simuc-HD],SBD,R05CA03|R05DA03,R01BA53|R05CA03|R05DA03,,
1020199,acetaminophen 163 MG / chlorpheniramine maleate 2 MG / phenylephrine hydrochloride 5 MG Oral Tablet,SCD,N02BE01|R06AB04,N02BE01|R01BA53,,
1049213,benzocaine 0.18 MG/MG Oral Gel [Topicale],SBD,C05AD03|D04AB04|D08AJ01|D08AJ08|R02AA16|R02AD01,N01BA05,,
1049266,benzalkonium chloride 1.3 MG/ML Topical Spray [Zephiran],SBD,D08AJ01|D08AJ08|R02AA16,D08AJ01,IMPROVED,D08AJ01
1053861,ammonium lactate 50 MG/ML / urea 200 MG/ML Topical Cream [Carb-O-Lac],SBD,D02AE01|G01AD01,D02AE01,,
244099,glucose 100 MG/ML / sodium chloride 0.154 MEQ/ML Injectable Solution,SCD,A12CA01|B05BA03|B05BB01|B05CB01|B05XA03|S01XA03|V06DC01,B05BB01,,
260391,prednisolone 25 MG/ML Injectable Suspension [Key-Pred],SBD,A07EA01|H02AB06|S01BA04|S03BA02,H02AB06,,
1666372,1 ML phenylephrine hydrochloride 10 MG/ML Injection,SCD,R01AA04|S01FB01|S01XA20,C01CA06,,
1667911,1 ML isoproterenol hydrochloride 0.2 MG/ML Injection [Isuprel],SBD,C01CA02|R03AB02|R03CB01,C01CA02,,
1733863,lidocaine 0.05 MG/MG / petrolatum 0.71 MG/MG Rectal Ointment,SCD,D04AB01|N01BB02|R02AD02,C05AD01,,
1116552,ethinyl estradiol 0.005 MG / norethindrone acetate 1 MG Oral Tablet [Jevantique],SBD,G03CA01|G03DC02,G03AA05,,
616787,hydrocortisone 1 MG/ML / isopropyl alcohol 0.1 ML/ML / resorcinol 20 MG/ML / sulfur 50 MG/ML Topical Solution,SCD,D08AX05|D10AB02,D07XA01|D08AX05|D10AB02,,
859331,hydrocodone bitartrate 10 MG / ibuprofen 200 MG Oral Tablet [Reprexain],SBD,R05DA03,N02AJ23,,
1000001,amlodipine 5 MG / hydrochlorothiazide 25 MG / olmesartan medoxomil 40 MG Oral Tablet,SCD,C03AA03|C08CA01,C09DX03,IMPROVED,C09DX03
1011851,lidocaine hydrochloride 0.005 MG/MG Topical Gel [Solarcaine],SBD,D04AB01|N01BB02|R02AD02,D04AB01,IMPROVED,D04AB01
1012308,chlorhexidine gluconate 4.5 MG/ML Topical Solution [Milkhouse Brand Sprayable CHG Teat Dip],SBD,A01AB03|D08AC02|R02AA05,D08AC02,,
1037113,pheniramine maleate 8 MG / phenylpropanolamine hydrochloride 25 MG / phenyltoloxamine citrate 8 MG / pyrilamine maleate 8 MG Extended Release Oral Capsule,SCD,R01BA01,R01BA51|R06AB05|R06AC01,,
259196,mineral oil 0.2 MG/MG / petrolatum 0.8 MG/MG Ophthalmic Ointment,SCD,A06AA01,S01XA20,IMPROVED,S01XA20
260502,zinc oxide 0.4 MG/MG Topical Ointment [Desitin],SBD,C05AX04,D02AB,,
284516,prednisolone 3 MG/ML Oral Solution [Orapred],SBD,A07EA01|H02AB06|S01BA04|S03BA02,H02AB06,,
1737581,6 ML clindamycin 150 MG/ML Injection,SCD,D10AF01|J01FF01,J01FF01,,
1737742,250 ML lidocaine hydrochloride 4 MG/ML Injection,SCD,D04AB01|N01BB02|R02AD02,C01BB01,,
252971,benzocaine 0.2 MG/MG Rectal Ointment,SCD,C05AD03|D04AB04|R02AD01,C05AD03,IMPROVED,C05AD03
1095684,diphenhydramine hydrochloride 2.5 MG/ML Oral Solution [Tusstat],SBD,D04AA32|R06AA02,R06AA02,,
1192986,benzocaine 4 MG/ML / docusate sodium 56.6 MG/ML Enema [Enemeez Plus],SBD,A06AA02|C05AD03|D04AB04|R02AD01,A06AG10,,
858761,chlorpheniramine maleate 0.4 MG/ML / hydrocodone bitartrate 0.5 MG/ML / phenylephrine hydrochloride 1 MG/ML Oral Solution [Echotuss-HC],SBD,R05DA03|R06AB04,R01BA53|R05DA03|R06AB54,,
1006196,hydrogen peroxide 5 MG/ML Topical Solution,SCD,A01AB02|D08AX01,D08AX01,,
1006684,sulfacetamide sodium 100 MG/ML Topical Cream [Ovace],SBD,D10AB02,D10AF06,IMPROVED,D10AF06
1012681,carbinoxamine maleate 4 MG / pseudoephedrine hydrochloride 60 MG Oral Tablet,SCD,R01BA02|R06AA08,R01BA02,,
1013046,lidocaine hydrochloride 10 MG/ML Injectable Solution [Nervocaine],SBD,D04AB01|N01BB02|R02AD02,N01BB02,,
1085647,triamcinolone acetonide 0.25 MG/ML Topical Cream [Aristocort],SBD,A01AC01|H02AB08|R01AD11,D07AB09,,
244637,zinc oxide 200 MG/ML Topical Lotion,SCD,C05AX04,D02AB,,
1190779,atropine sulfate 0.5 MG/ML Injectable Solution,SCD,A03BA01|S01FA01,A03BA01,,
1020055,sulfacetamide sodium 100 MG/ML / sulfur 50 MG/ML Topical Lotion [Rosula],SBD,D10AB02,D10AB02|D10AF06,IMPROVED,D10AB02|D10AF06
1040048,aluminum hydroxide 40 MG/ML / magnesium hydroxide 40 MG/ML / simethicone 4 MG/ML Oral Suspension [Milantex],SBD,A02AB01,A02AD01,,
310150,erythromycin 15 MG/ML Topical Solution,SCD,J01FA01,D10AF02,,
1094179,diphenhydramine hydrochloride 2.5 MG/ML Oral Solution [Bydramine],SBD,D04AA32|R06AA02,R06AA02,,
1113435,doxycycline hyclate 0.1 MG/MG Oral Gel [Atridox],SBD,J01AA02,A01AB22,,
2107300,camphor 0.005 MG/MG / dimethicone 0.011 MG/MG / menthol 0.00625 MG/MG / phenol 0.005 MG/MG Topical Ointment,SCD,P03AX05,D04AX,,
545259,loteprednol etabonate 5 MG/ML / tobramycin 3 MG/ML Ophthalmic Suspension [Zylet],SBD,S01BA14,S01CA12,,
597658,brompheniramine maleate 0.8 MG/ML / phenylephrine hydrochloride 1.5 MG/ML Oral Solution,SCD,R06AB01,R01BA53|R06AB01,,
859203,2.5 ML sodium chloride 9 MG/ML Prefilled Syringe,SCD,B05CB01,B05XA03,,
1047508,moxifloxacin 5 MG/ML Ophthalmic Solution [Moxeza],SBD,J01MA14,S01AE07,,
406689,brompheniramine maleate 12 MG / phenylephrine hydrochloride 15 MG Extended Release Oral Capsule,SCD,R06AB01,R01BA53|R06AB01,,
1737637,20 ML lidocaine hydrochloride 15 MG/ML Injection [Xylocaine],SBD,D04AB01|N01BB02|R02AD02,C01BB01,,
1788876,benzalkonium chloride 1.5 MG/ML Topical Solution [Fung-A-Way],SBD,D08AJ01|D08AJ08|R02AA16,D08AJ01,,
1794887,1000 ML glucose 50 MG/ML / sodium chloride 2 MG/ML Injection,SCD,A12CA01|B05BA03|B05BB01|B05CB01|B05XA03|S01XA03|V06DC01,B05BB01,,
1795477,500 ML glucose 100 MG/ML Injection,SCD,B05BA03|V06DC01,B05BA03,,
1797515,chlorhexidine gluconate 20 MG/ML / ketoconazole 10 MG/ML Topical Spray [Keto-C],SBD,A01AB03|D01AC08|D08AC02|J02AB02|R02AA05,D01AC08|D08AC02,,
1807631,50 ML sodium chloride 9 MG/ML Injection,SCD,A12CA01|B05BB01|B05CB01|B05XA03|S01XA03,B05XA03,,
1863605,1000 ML glucose 50 MG/ML / potassium chloride 0.02 MEQ/ML / sodium chloride 4.5 MG/ML Injection,SCD,A12CA01|B05BA03|B05BB01|B05CB01|B05XA03|S01XA03|V06DC01,B05BB02,BOTH_WRONG,B05BB02
197519,clindamycin 10 MG/ML Topical Lotion,SCD,D10AF01|J01FF01,D10AF01,IMPROVED,D10AF01
1241663,ethanol 0.8 ML/ML Topical Spray,SCD,D08AX08|V03AB16|V03AZ01,D08AX08,,
1244675,12 HR guaifenesin 1200 MG / pseudoephedrine hydrochloride 120 MG Extended Release Oral Tablet,SCD,R01BA02|R05CA03,R05CA03,,
1294475,bacitracin 0.4 UNT/MG / neomycin 0.0035 MG/MG / polymyxin B 5 UNT/MG Topical Ointment [Atopalm First Aid],SBD,A07AA01|D06AX04|S01AA03,D06AX04|D06AX05,,
1305269,NDA201739 0.3 ML epinephrine 1 MG/ML Auto-Injector [Auvi-Q],SBD,C01CA24|S01EA01,C01CA24,,
1307051,ethanol 0.75 ML/ML Medicated Pad,SCD,D08AX08|V03AB16|V03AZ01,D08AX08,,
1307224,phenylephrine hydrochloride 10 MG/ML Nasal Spray [4-Way],SBD,R01AA04|S01FB01|S01XA20,R01AA04,,
1358764,{21 (ethinyl estradiol 0.02 MG / norethindrone acetate 1 MG Oral Tablet) / 7 (ferrous fumarate 75 MG Oral Tablet) } Pack [Gildess FE 1/20 28 Day],BPCK,G03AA05,B03AA02|G03AA05,,
1359266,lidocaine hydrochloride 7 MG/ML / menthol 2 MG/ML Topical Lotion,SCD,D04AB01|N01BB02|R02AD02,D04AB01,,
1364855,ascorbic acid 60 MG / cholecalciferol 0.01 MG / folic acid 0.3 MG / niacin 13.5 MG / riboflavin 1.2 MG / sodium fluoride 2.2 MG / thiamine 1.05 MG / vitamin A 0.75 MG / vitamin B12 0.0045 MG / vitamin B6 1.05 MG / vitamin E 15 UNT Chewable Tablet,SCD,A11CA01|A11DA01|A11GA01|A11HA03|A11HA04|B03BA01|B03BB01,A11AA04,,
1370752,hydrocortisone valerate 0.002 MG/MG Topical Ointment [Westcort],SBD,A01AC03|A07EA02|D07AA02|D07AB02|D07AB11|H02AB09|S01BA02,D07AA02,,
1491015,bacitracin 0.5 UNT/MG / lidocaine hydrochloride 0.04 MG/MG Topical Ointment [Bacitraycin Plus Max Strength],SBD,D04AB01|N01BB02|R02AD02,D04AB01|D06AX05,,
1534814,ethinyl estradiol 0.00146 MG/HR / norelgestromin 0.00625 MG/HR Transdermal System,SCD,G03CA01,G03AA13,,
1539198,hydrocortisone acetate 10 MG/ML / pramoxine hydrochloride 10 MG/ML Rectal Cream [PramCort],SBD,A01AC03|A07EA02|D07AA02|D07AB02|D07AB11|H02AB09|S01BA02,C05AA01|C05AD07,,
1547589,benzocaine 0.18 MG/MG / tetracaine hydrochloride 0.02 MG/MG Oral Gel [DentiCare Denti Freeze Gel],SBD,C05AD03|D04AB04|R02AD01,N01BA03|R02AD01,,
1606045,capsaicin 0.00025 MG/MG / menthol 0.05 MG/MG Topical Gel,SCD,N01BX04,M02AB01,,
1648110,bacitracin 0.5 UNT/MG Topical Ointment,SCD,D06AX05|J01XX10|R02AB04,D06AX05,,
1651001,lidocaine 0.04 MG/MG Topical Gel [Topicaine],SBD,D04AB01|N01BB02|R02AD02,D04AB01,,
1591999,salicylic acid 0.02 MG/MG Topical Gel [Kleer Plex],SBD,D01AE12|N02BA04,D01AE12,,
1921129,capsaicin 0.02 MG/ML / menthol 100 MG/ML / methyl salicylate 200 MG/ML Topical Cream,SCD,N01BX04,M02AB01,BOTH_WRONG,M02AB01
1942847,salicylic acid 50 MG/ML Topical Lotion,SCD,D01AE12|N02BA04,D01AE12,,
1797884,azelastine hydrochloride 0.206 MG/ACTUAT Metered Dose Nasal Spray [Astepro],SBD,S01GX07,R01AC03,,
1241901,{6 (ethinyl estradiol 0.03 MG / levonorgestrel 0.05 MG Oral Tablet) / 10 (ethinyl estradiol 0.03 MG / levonorgestrel 0.125 MG Oral Tablet) / 5 (ethinyl estradiol 0.04 MG / levonorgestrel 0.075 MG Oral Tablet) / 7 (inert ingredients 1 MG Oral Tablet) } Pack [Myzilra 28 Day],BPCK,G03AC03|G03CA01,G03AA07,,
1293859,ammonium lactate 120 MG/ML / pramoxine hydrochloride 10 MG/ML Topical Cream,SCD,G01AD01,D04AB07,,
1310503,chlorpheniramine maleate 4 MG / ibuprofen 200 MG / phenylephrine hydrochloride 10 MG Oral Tablet,SCD,R06AB04,R01BA53,,
1359350,bacitracin 0.5 UNT/MG / neomycin 0.0035 MG/MG / polymyxin B 10 UNT/MG / pramoxine hydrochloride 0.01 MG/MG Topical Ointment,SCD,A07AA01|D06AX04|S01AA03,D04AB07|D06AX04|D06AX05,,
1422174,lidocaine 40 MG/ML Topical Cream [Numb Nuts],SBD,D04AB01|N01BB02|R02AD02,D04AB01,,
1424021,chlorhexidine gluconate 20 MG/ML / ketoconazole 10 MG/ML Medicated Shampoo [Vital-Ketodine],SBD,A01AB03|D01AC08|D08AC02|J02AB02|R02AA05,D01AC08|D08AC02,,
1483554,{28 (drospirenone 0.5 MG / estradiol 1 MG Oral Tablet) } Pack [Angeliq 0.5/1 28 Day],BPCK,G03AC10|G03CA03,G03FA17,,
1729543,minoxidil 20 MG/ML Topical Spray [Qilib],SBD,C02DC01|D11AX01,D11AX01,,
1736015,salicylic acid 20 MG/ML Medicated Liquid Soap [Acnefree SA],SBD,D01AE12|N02BA04,D01AE12,,
1298345,diphenhydramine hydrochloride 2.5 MG/ML / hydrocodone bitartrate 0.7 MG/ML / phenylephrine hydrochloride 1 MG/ML Oral Solution [Tussinate],SBD,R05DA03,R01BA53|R05DA03,,
1307104,chlorpheniramine maleate 0.6 MG/ML / hydrocodone bitartrate 1 MG/ML / phenylephrine hydrochloride 1.5 MG/ML Oral Solution,SCD,R05DA03|R06AB04,R01BA53|R05DA03|R06AB54,,
1372298,mineral oil 0.14 MG/MG / petrolatum 0.749 MG/MG / phenylephrine hydrochloride 0.0025 MG/MG Rectal Ointment,SCD,A06AA01,C05AX06,,
1424388,promethazine hydrochloride 6.25 MG / pseudoephedrine hydrochloride 60 MG Oral Tablet,SCD,R01BA02,R01BA02|R06AD52,,
1485222,gentamicin 100 MG/ML Injectable Solution,SCD,D06AX07|S03AA06,J01GB03,,
1598084,salicylic acid 10 MG/ML Medicated Pad [Clearasil Daily Clear],SBD,D01AE12|N02BA04,D01AE12,,
1856270,capsaicin 0.25 MG/ML / menthol 100 MG/ML / methyl salicylate 230 MG/ML Topical Lotion,SCD,N01BX04,M02AB01,,
1923432,dorzolamide 20 MG/ML / timolol 5 MG/ML Ophthalmic Solution,SCD,S01EC03,S01ED51,,
1300295,benzethonium chloride 2 MG/ML / benzocaine 200 MG/ML Topical Cream [Lanacane],SBD,R02AA09,D04AB04|D08AJ08,,
142046,metronidazole 0.0075 MG/MG Vaginal Gel,SCD,D06BX01,G01AF01,,
1432962,benzethonium chloride 2 MG/ML Topical Foam [Perifoam],SBD,D08AJ08|R02AA09,D08AJ08,,
1488578,biotin 0.6 MG/ML / panthenol 2 MG/ML Medicated Shampoo,SCD,A11HA05,D11AC,,
1492403,menthol 1.1 MG/ML / zinc oxide 51 MG/ML Topical Lotion [Granulotion Medicated Lotion],SBD,C05AX04,D02AB,,
1541610,salicylic acid 0.01 MG/MG Topical Ointment,SCD,D01AE12|N02BA04,D01AE12,,
1596940,benzalkonium chloride 0.2 MG/ML / hexylresorcinol 1 MG/ML / zinc chloride 2 MG/ML Oral Spray,SCD,B05XA12|R02AA12,R02AA12|R02AA16,,
1293103,glycerin 100 MG/ML Topical Solution,SCD,A06AX01,D02AX,,
1367082,benzalkonium chloride 1.3 MG/ML Medicated Liquid Soap [Softsoap Antibacterial],SBD,D08AJ01|D08AJ08|R02AA16,D08AJ01,,
656882,tretinoin 0.5 MG/ML Topical Cream [Tretin X],SBD,D10AD01|L01XX14,D10AD01,,
670084,betamethasone 0.12 MG/ML Oral Solution,SCD,D07AC01|H02AB01|S01BA06|S03BA03,H02AB01,,
705129,nitroglycerin 0.4 MG/ACTUAT Mucosal Spray,SCD,C01DA02|C05AE01,C01DA02,,
701983,hydrocortisone 10 MG/ML Topical Cream [Nutracort],SBD,A01AC03|A07EA02|D07AA02|D07AB02|D07AB11|H02AB09|S01BA02,D07AA02,,
730861,amlodipine 10 MG / olmesartan medoxomil 20 MG Oral Tablet,SCD,C08CA01,C09DB02,,
795097,prednisolone 2 MG/ML Oral Solution [MILLIPRED],SBD,A07EA01|H02AB06|S01BA04|S03BA02,H02AB06,,
902221,hydrocortisone 5 MG/ML Topical Spray [Excel Pet],SBD,A01AC03|A07EA02|D07AA02|D07AB02|D07AB11|H02AB09|S01BA02,D07AA02,,
750242,{21 (ethinyl estradiol 0.05 MG / norgestrel 0.5 MG Oral Tablet) / 7 (inert ingredients 1 MG Oral Tablet) } Pack,GPCK,G03CA01,G03AA06,,
749852,{7 (ethinyl estradiol 0.035 MG / norethindrone 0.5 MG Oral Tablet) / 7 (ethinyl estradiol 0.035 MG / norethindrone 0.75 MG Oral Tablet) / 7 (ethinyl estradiol 0.035 MG / norethindrone 1 MG Oral Tablet) / 7 (inert ingredients 1 MG Oral Tablet) } Pack,GPCK,G03AA05|G03FA01,G03AA05,,
902285,ivermectin 10 MG/ML Injectable Solution [Noromectin],SBD,D11AX22|P02CF01,P02CF01,,
992675,homatropine methylbromide 0.3 MG/ML / hydrocodone bitartrate 1 MG/ML Oral Solution [Hydromet],SBD,R05DA03|S01FA05,A03BB06|R05DA03,,
311210,potassium acetate 1.04 MEQ/ML / potassium bicarbonate 1 MEQ/ML / potassium citrate 0.94 MEQ/ML Oral Solution,SCD,A12BA02|B05XA17,A12BA30,,
1089078,benzalkonium chloride 170 MG/ML Topical Solution [Pheneen],SBD,D08AJ01|D08AJ08|R02AA16,D08AJ01,,
1090639,alanine 8.8 MG/ML / arginine 4.89 MG/ML / calcium chloride 0.004 MEQ/ML / dibasic potassium phosphate 2.61 MG/ML / glucose 100 MG/ML / glycine 4.38 MG/ML / histidine 2.04 MG/ML / isoleucine 2.55 MG/ML / leucine 3.11 MG/ML / lysine 2.47 MG/ML / magnesium chloride 0.01 MEQ/ML / methionine 1.7 MG/ML / phenylalanine 2.38 MG/ML / proline 2.89 MG/ML / serine 2.13 MG/ML / sodium acetate trihydrate 2.97 MG/ML / sodium chloride 0.013 MEQ/ML / threonine 1.79 MG/ML / tryptophan 0.77 MG/ML / tyrosine 0.17 MG/ML / valine 2.47 MG/ML Injectable Solution [Clinimix E 4.25/10],SBD,B05CX03|B05XB03|N06AX02|V03AB26,B05BA01,,
2002067,benzocaine 0.07 MG/MG Topical Gel,SCD,C05AD03|D04AB04|R02AD01,D04AB04,,
2047186,Benzocaine 15 MG / Menthol 5 MG Oral Strip,SCD,C05AD03|D04AB04|R02AD01,R02AD01,,
205068,sodium citrate 90 MG/ML Oral Solution,SCD,A06AG20|B05CB02,B05CB02,,
308489,bacitracin 0.4 UNT/MG / hydrocortisone 0.01 MG/MG / neomycin 0.0035 MG/MG / polymyxin B 5 UNT/MG Ophthalmic Ointment,SCD,A01AC03|A07AA01|A07EA02|D06AX04|D07AA02|D07AB02|D07AB11|H02AB09|S01AA03|S01BA02,S01CB03,,
800273,"alanine 6.6 MG/ML / arginine 5.07 MG/ML / glycine 6.6 MG/ML / histidine 1.54 MG/ML / isoleucine 7.89 MG/ML / leucine 15.8 MG/ML / lysine 2.65 MG/ML / methionine 2.06 MG/ML / phenylalanine 2.28 MG/ML / proline 4.48 MG/ML / serine 2.21 MG/ML / threonine 2.72 MG/ML / tryptophan 0.88 MG/ML / tyrosine 0.33 MG/ML / valine 7.89 MG/ML Injectable Solution [Aminosyn-HBC 7 %, Sulfite-Free]",SBD,B05CX03|B05XB03|N06AX02|V03AB26,B05BA01,,
309171,chloramphenicol 10 MG/ML Topical Cream,SCD,J01BA01|S01AA01|S02AA01,D06AX02,,
904773,sulfacetamide sodium 90 MG/ML / sulfur 40 MG/ML Topical Solution,SCD,D10AB02,D10AF06,,
2003650,hydrocortisone 10 MG/ML / ketoconazole 1.5 MG/ML Medicated Shampoo [Malacetic],SBD,A01AC03|A07EA02|D01AC08|D07AA02|D07AB02|D07AB11|H02AB09|J02AB02|S01BA02,D01AC08|D07AA02,,
2043247,salicylic acid 0.4 MG/MG Topical Ointment [Cornstick],SBD,D01AE12|N02BA04,D11AF,,
2049016,lidocaine hydrochloride 30 MG/ML Medicated Pad,SCD,D04AB01|N01BB02|R02AD02,D04AB01,,
801445,magnesium sulfate 0.2 MG/ML / monobasic potassium phosphate 0.063 MG/ML / potassium chloride 0.005 MEQ/ML / sodium chloride 0.14 MEQ/ML / sodium phosphate dihydrate 0.088 MG/ML Irrigation Solution [Tis-U-Sol],SBD,A06AD04|A12CA01|B05BB01|B05CB01|B05XA03|B05XA05|S01XA03,B05CB01|B05XA05,,
995034,chlorpheniramine maleate 0.15 MG/ML / codeine phosphate 1 MG/ML / phenylephrine hydrochloride 0.5 MG/ML / potassium iodide 15 MG/ML Oral Solution,SCD,R05DA04|R06AB04,R01BA53|R05CA02|R05DA04|R06AB54,,
753543,{21 (desogestrel 0.15 MG / ethinyl estradiol 0.03 MG Oral Tablet) / 7 (inert ingredients 1 MG Oral Tablet) } Pack [Reclipsen 28 Day],BPCK,G03AA09|G03AC09,G03AA09,IMPROVED,G03AA09
800637,"dibasic potassium phosphate 1 MG/ML / glucose 50 MG/ML / magnesium chloride 0.00639 MEQ/ML / potassium chloride 0.0134 MEQ/ML / sodium chloride 0.0308 MEQ/ML / sodium lactate 0.025 MEQ/ML / sodium phosphate, monobasic 0.16 MG/ML Injectable Solution [Ionosol-B]",SBD,A12CA01|A12CC01|B05BA03|B05BB01|B05CB01|B05XA03|G01AD01|S01XA03|V06DC01,B05BB01,,
762332,{6 (ethinyl estradiol 0.03 MG / levonorgestrel 0.05 MG Oral Tablet) / 10 (ethinyl estradiol 0.03 MG / levonorgestrel 0.125 MG Oral Tablet) / 5 (ethinyl estradiol 0.04 MG / levonorgestrel 0.075 MG Oral Tablet) / 7 (inert ingredients 1 MG Oral Tablet) } Pack [Tri-Levlen 28 Day],BPCK,G03AC03|G03CA01,G03AA07,,
899690,24 HR nitroglycerin 0.3 MG/HR Transdermal System [Nitro-Dur],SBD,C01DA02|C05AE01,C01DA02,,
308677,benzoic acid 120 MG/ML / salicylic acid 60 MG/ML Topical Cream,SCD,D01AE12|N02BA04,D01AE12,,
308912,calcium carbonate 104 MG/ML / magnesium carbonate 80 MG/ML Oral Suspension,SCD,A02AA01|A12AA04,A02AD01,,
312350,pheniramine 25 MG / phenylpropanolamine 50 MG / pyrilamine 25 MG Extended Release Oral Tablet,SCD,R01BA01,R01BA51|R06AB05|R06AC01,,
404083,ferrous fumarate 324 MG / folic acid 1 MG Oral Tablet [Ferrocite F],SBD,B03BB01,B03AA02|B03BB01,,
991180,salicylic acid 0.005 MG/MG Medicated Bar Soap,SCD,D01AE12|N02BA04,D01AE12,,
864675,atovaquone 250 MG / proguanil hydrochloride 100 MG Oral Tablet,SCD,P01AX06|P01BB01|P01BB51,P01BB51,,
900105,dextran 70 1 MG/ML / hypromellose 3 MG/ML Ophthalmic Solution [Tears Naturale],SBD,S01KA02|S01XA20,S01KA02,,
313596,vidarabine 0.03 MG/MG Ophthalmic Ointment,SCD,J05AB03|S01AD06,S01AD06,,
206228,erythromycin 20 MG/ML Topical Solution [Theramycin],SBD,J01FA01,D10AF02,,
618333,chlorpheniramine tannate 1.6 MG/ML / phenylephrine tannate 3 MG/ML / pyrilamine tannate 2.5 MG/ML Oral Suspension,SCD,R06AB04,R01BA53|R06AB04|R06AC01,,
707275,carbetapentane citrate 2 MG/ML / carbetapentane tannate 4 MG/ML / phenylephrine hydrochloride 0.5 MG/ML / phenylephrine tannate 1.5 MG/ML Oral Suspension,SCD,R05DB05,R01BA53|R05DB05,,
309451,codeine 15 MG / papaverine 15 MG Oral Capsule,SCD,R05DA04,A03AD01|R05DA04,,
1997446,ethanol 0.67 ML/ML Topical Spray,SCD,D08AX08|V03AB16|V03AZ01,D08AX08,,
745512,penicillin G procaine 500000 UNT/ML Injectable Suspension,SCD,J01CE08|J01CE09,J01CE09,,
309270,choline 25 MG / dexpanthenol 50 MG Oral Tablet,SCD,N02BA03,A11HA30,,
1995471,salicylic acid 22 MG/ML / sulfur 24 MG/ML Medicated Shampoo,SCD,D10AB02,D11AC,,
198557,capsaicin 0.75 MG/ML Topical Lotion,SCD,N01BX04,M02AB01,,
198605,dimethicone 20 MG/ML Topical Lotion,SCD,P03AX05,D02AA,,
1992303,12 HR timolol 5 MG/ML Ophthalmic Solution,SCD,C07AA06,S01ED01,,
206193,aluminum chloride 62.5 MG/ML Topical Solution [Xerac AC],SBD,D10AX01,D11AA,,
206876,Ibuprofen 40 MG/ML Oral Suspension [Pediacare Fever],SBD,M01AE01|M01AE14|M02AA13,M01AE01|M01AE14,,
994539,aspirin 770 MG / caffeine 60 MG / orphenadrine citrate 50 MG Oral Tablet [Orphengesic],SBD,N06BC01,M03BC01,,
998535,miconazole nitrate 20 MG/ML Topical Spray [Desenex],SBD,A01AB09|D01AC02|G01AF04,D01AC02,,
315008,boric acid 0.05 MG/MG Topical Ointment,SCD,S02AA03,D08AD01,,
352257,sodium oxybate 500 MG/ML Oral Solution [Xyrem],SBD,N01AX11|N07XX04,N07XX04,,
801874,calcium chloride 0.00014 MEQ/ML / glucose 1.4 MG/ML / magnesium chloride 0.0000245 MEQ/ML / sodium chloride 0.00368 MEQ/ML / sodium lactate 0.0016 MEQ/ML Intraperitoneal Solution,SCD,A12CA01|A12CC01|B05BA03|B05BB01|B05CB01|B05XA03|B05XA07|G01AD01|S01XA03|V06DC01,B05DA,,
829539,adapalene 0.001 MG/MG / benzoyl peroxide 0.025 MG/MG Topical Gel,SCD,D10AD03|D10AE01,D10AD03,,
831298,cromolyn sodium 40 MG/ML Ophthalmic Solution [Opticrom],SBD,A07EB01|S01GX01,S01GX01,,
312910,scopolamine 2.5 MG/ML Ophthalmic Solution,SCD,A03BB01|A04AD01|N05CM05,S01FA02,,
831260,200 ACTUAT cromolyn sodium 0.8 MG/ACTUAT Metered Dose Inhaler [Intal],SBD,A07EB01|S01GX01,R03BC01,,
856810,amitriptyline hydrochloride 25 MG / perphenazine 2 MG Oral Tablet [Triavil],SBD,N05AB03|N06AA09|N06CA01,N06CA01,,
856903,acetaminophen 500 MG / hydrocodone bitartrate 5 MG Oral Tablet,SCD,N02BE01|R05DA03,N02AJ22,,
208361,dimethyl sulfoxide 500 MG/ML Irrigation Solution [Rimso-50],SBD,G04BX13|M02AX03,G04BX13,,
212735,phenylephrine 1.25 MG/ML Ophthalmic Solution [AK-Nefrin],SBD,R01AA04|S01FB01|S01XA20,S01GA05,,
856717,amitriptyline hydrochloride 10 MG / perphenazine 2 MG Oral Tablet [Triavil],SBD,N05AB03|N06AA09|N06CA01,N06CA01,,
1189260,"alanine 9 MG/ML / arginine 6.9 MG/ML / glycine 9 MG/ML / histidine 2.1 MG/ML / isoleucine 5.1 MG/ML / leucine 6.6 MG/ML / lysine 5.1 MG/ML / magnesium chloride 0.005 MEQ/ML / methionine 2.8 MG/ML / phenylalanine 3.1 MG/ML / potassium chloride 0.065 MEQ/ML / proline 6.1 MG/ML / serine 3 MG/ML / sodium chloride 0.00479 MEQ/ML / sodium phosphate, dibasic 0.0299 MEQ/ML / threonine 3.7 MG/ML / tryptophan 1.2 MG/ML / tyrosine 0.44 MG/ML / valine 5.6 MG/ML Injectable Solution [Aminosyn 7 % with Electrolytes, Sulfite-Free]",SBD,B05CX03|B05XB03|N06AX02|V03AB26,B05BA01,,
485338,aluminum chloride 125 MG/ML Topical Solution,SCD,D10AX01,D11AA,,
577395,capsaicin 0.35 MG/ML Topical Cream,SCD,N01BX04,M02AB01,,
581660,ethanol 0.62 ML/ML Topical Gel,SCD,D08AX08|V03AB16|V03AZ01,D08AX08,IMPROVED,D08AX08
616501,ethanol 1 ML/ML Injectable Solution,SCD,D08AX08|V03AB16|V03AZ01,V03AB16|V03AZ01,,
857875,chlorpheniramine maleate 0.4 MG/ML / hydrocodone bitartrate 0.5 MG/ML / phenylephrine hydrochloride 1 MG/ML Oral Solution [Ditussin-HC],SBD,R05DA03|R06AB04,R01BA53|R05DA03|R06AB54,,
858897,carbinoxamine maleate 0.8 MG/ML / hydrocodone bitartrate 1 MG/ML / phenylephrine hydrochloride 1.6 MG/ML Oral Solution [Max HC],SBD,R05DA03|R06AA08,R01BA53|R05DA03|R06AA08,,
1010759,epinephrine 0.01 MG/ML / lidocaine hydrochloride 20 MG/ML Injectable Solution,SCD,C01CA24|D04AB01|N01BB02|R02AD02|S01EA01,N01BB02,,
1014642,salicylic acid 0.01 MG/MG Paste [Sebobalance],SBD,D01AE12|N02BA04,D02AF,,
1037108,benzethonium chloride 1.4 MG/ML Medicated Pad,SCD,D08AJ08|R02AA09,D08AJ08,,
1039746,{1 (15 ML) (salicylic acid 0.02 MG/MG Topical Gel [Puracne Oxygen]) / 1 (50 ML) (salicylic acid 10 MG/ML Medicated Liquid Soap [Puracne Oxygen Cleansing]) } Pack [GM Collin Acne Kit],BPCK,D01AE12|N02BA04,D01AE12,,
1041851,ethanol 0.85 ML/ML Topical Gel,SCD,D08AX08|V03AB16|V03AZ01,D08AX08,,
1049224,benzocaine 0.18 MG/MG Oral Ointment [Topicale],SBD,C05AD03|D04AB04|D08AJ01|D08AJ08|R02AA16|R02AD01,R02AD01,,
1049723,diphenhydramine hydrochloride 0.01 MG/MG Topical Gel,SCD,D04AA32|R06AA02,D04AA32,,
1050231,hydrocortisone 10 MG/ML Topical Cream [Keratol HC],SBD,A01AC03|A07EA02|D07AA02|D07AB02|D07AB11|H02AB09|S01BA02,D07AA02,,
2197110,100 ML sodium chloride 72 MG/ML Injection,SCD,A12CA01|B05BB01|B05CB01|B05XA03|S01XA03,B05BB01,,
243685,aspirin 421 MG / caffeine 32 MG Oral Tablet,SCD,N06BC01,N02BA51,,
247816,acetaminophen 325 MG / caffeine 65 MG Oral Tablet,SCD,N02BE01|N06BC01,N02BE01,,
251919,lidocaine 5 MG/ML Topical Lotion,SCD,D04AB01|N01BB02|R02AD02,D04AB01,,
260088,carbetapentane tannate 12 MG / chlorpheniramine tannate 1.6 MG/ML / phenylephrine tannate 2 MG/ML Oral Suspension,SCD,R05DB05|R06AB04,R01BA53|R05DB05|R06AB54,,
260192,hydrocortisone 0.01 MG/MG Rectal Ointment,SCD,A01AC03|A07EA02|D07AA02|D07AB02|D07AB11|H02AB09|S01BA02,C05AA01,,
1666758,betamethasone 0.001 MG/MG / clotrimazole 0.01 MG/MG / gentamicin 0.003 MG/MG Otic Ointment [Otomax],SBD,D01AC01|D06AX07|D07AC01|H02AB01|S01BA06|S03AA06|S03BA03,D01AC01|S03AA06|S03BA03,,
1009418,lidocaine hydrochloride 0.025 MG/MG Topical Ointment [Xylocaine],SBD,D04AB01|N01BB02|R02AD02,D04AB01,,
1043307,benzalkonium chloride 1.33 MG/ML Medicated Pad,SCD,D08AJ01|D08AJ08|R02AA16,D09AA11,,
261216,clotrimazole 10 MG/ML Vaginal Cream [Mycelex-7],SBD,D01AC01,G01AF02,,
1053712,nystatin 100 UNT/MG / triamcinolone acetonide 0.001 MG/MG Topical Ointment [Mycogen],SBD,A01AB11|A01AC01|A07AA02|D01AA01|H02AB08|R01AD11,D01AA20,,
1086028,salicylic acid 0.06 MG/MG Topical Gel [Hydrisalic],SBD,D01AE12|N02BA04,D01AE12,,
1718751,sodium chloride 9.5 MG/ML Nasal Spray,SCD,A12CA01|B05BB01|B05CB01|B05XA03|S01XA03,R01AX30,,
1085693,triamcinolone diacetate 40 MG/ML Injectable Suspension [Aristocort],SBD,A01AC01|H02AB08|R01AD11,H02AB08,,
252296,salicylic acid 0.005 MG/MG Topical Gel,SCD,D01AE12|N02BA04,D11AF,,
259195,glycerin 3 MG/ML / propylene glycol 10 MG/ML Ophthalmic Solution,SCD,A06AX01,S01XA20,,
1013050,lidocaine hydrochloride 10 MG/ML Injectable Solution [Truxacaine],SBD,D04AB01|N01BB02|R02AD02,N01BB02,,
1086812,ubidecarenone 15 MG / vitamin E 3 UNT Oral Capsule [Q-Gel],SBD,A11HA03|C01EB09,C01EX,,
2003745,chlorhexidine gluconate 20 MG/ML Medicated Shampoo,SCD,A01AB03|D08AC02|R02AA05,D08AC02,,
827353,magnesium chloride 0.00148 MEQ/ML / potassium chloride 0.005 MEQ/ML / sodium acetate 0.027 MEQ/ML / sodium chloride 0.09 MEQ/ML / sodium gluconate 0.023 MEQ/ML Irrigation Solution [Physiolyte],SBD,B05XA08,V07AB,,
827351,magnesium chloride 0.00148 MEQ/ML / potassium chloride 0.005 MEQ/ML / sodium acetate 0.027 MEQ/ML / sodium chloride 0.09 MEQ/ML / sodium gluconate 0.023 MEQ/ML Irrigation Solution,SCD,B05XA08,V07AB,,
832910,calcium carbonate 1500 MG / cholecalciferol 0.01 MG Oral Capsule,SCD,A11CC05,A12AX,,
846955,tretinoin 0.2 MG/ML Topical Cream [Renova],SBD,D10AD01|L01XX14,D10AD01,,
848987,inositol 152 MG / niacin 500 MG Oral Capsule,SCD,A11HA07,A11JA,,
210180,salicylic acid 20 MG/ML / sulfur 20 MG/ML Medicated Shampoo [Sebulex],SBD,D10AB02,D11AC,,
211161,acetaminophen 325 MG / butalbital 50 MG / caffeine 40 MG Oral Capsule [Esgic],SBD,N02BE01|N06BC01,N02BE01,,
2122905,guaifenesin 20 MG/ML / hydrocodone bitartrate 1 MG/ML / phenylephrine hydrochloride 3 MG/ML Oral Solution,SCD,R05CA03|R05DA03,R01BA53|R05CA03|R05DA03,IMPROVED,R01BA53|R05CA03|R05DA03
213290,acetaminophen 160 MG / aspirin 230 MG / caffeine 33 MG Oral Tablet [Supac],SBD,N02BE01|N06BC01,N02BA51|N02BE51,,
1100391,methylprednisolone acetate 0.01 MG/MG Topical Gel [HybriSil],SBD,H02AB04,D07AB01,,
1101952,carbetapentane citrate 4 MG/ML / guaifenesin 20 MG/ML / phenylephrine hydrochloride 2 MG/ML Oral Solution [Carbatuss Syrup],SBD,R05CA03|R05DB05,R01BA53|R05CA03|R05DB05,,
314182,potassium chloride 2.67 MEQ/ML Oral Solution,SCD,A12BA01|B05XA01,A12BA01,,
1994403,capsaicin 0.00025 MG/MG Medicated Patch [Satogesic Hot],SBD,N01BX04,M02AB01,,
995985,codeine phosphate 2 MG/ML / guaifenesin 20 MG/ML / pseudoephedrine hydrochloride 6 MG/ML Oral Solution [Biotussin],SBD,R01BA02|R05CA03|R05DA04,R05FA02,,
832914,sodium hyaluronate 3 MG/ML / urea 400 MG/ML Topical Lotion,SCD,D02AE01|M09AX01,D02AE01,,
806667,glycerin 10 MG/ML / sodium chloride 3.5 MG/ML Nasal Spray,SCD,A06AX01|A12CA01|B05BB01|B05CB01|B05XA03|S01XA03,R01AX30,,
833741,calcium carbonate 1500 MG / cholecalciferol 200 UNT Oral Tablet [Caltrate Plus D],SBD,A11CC05,A12AX,,
849667,menthol 0.002 MG/MG / zinc oxide 0.2 MG/MG Paste,SCD,C05AX04,D02AB,,
850425,petrolatum 0.49 MG/MG / zinc oxide 0.15 MG/MG Topical Ointment,SCD,C05AX04,D02AB,,
857531,aspirin 500 MG / hydrocodone bitartrate 5 MG Oral Tablet [Damason-P],SBD,R05DA03,N02BA51|R05DA03,,
211310,aspirin 325 MG / butalbital 50 MG / caffeine 40 MG Oral Capsule [Fiorinal],SBD,N06BC01,N02BA71,,
1098140,{1 (0.5 ML chondroitin sulfates 40 MG/ML / sodium hyaluronate 30 MG/ML Prefilled Syringe [Viscoat]) / 1 (0.55 ML sodium hyaluronate 10 MG/ML Prefilled Syringe [Provisc]) } Pack [Duovisc Kit 0.5/0.55],BPCK,M01AX25,S01KA51,,
1190439,"glucose 50 MG/ML / magnesium chloride 0.00148 MEQ/ML / monobasic potassium phosphate 0.0082 MG/ML / potassium chloride 0.00497 MEQ/ML / sodium acetate 0.0272 MEQ/ML / sodium chloride 0.0906 MEQ/ML / sodium gluconate 5 MG/ML / sodium phosphate, dibasic 0.12 MG/ML Injectable Solution [Isolyte S in 5 % Dextrose]",SBD,B05XA08,B05BB02,,
477433,ubidecarenone 60 MG / vitamin E 150 UNT Oral Capsule,SCD,A11HA03|C01EB09,C01EX,,
583304,12 HR guaifenesin 1000 MG / phenylephrine hydrochloride 20 MG Extended Release Oral Tablet,SCD,R05CA03,R01BA53|R05CA03,,
858898,dexbrompheniramine maleate 0.2 MG/ML / hydrocodone bitartrate 0.5 MG/ML / phenylephrine hydrochloride 1 MG/ML Oral Solution,SCD,R05DA03|R06AB06,R01BA53|R05DA03|R06AB56,,
1047755,ethanol 0.75 ML/ML Topical Solution,SCD,D08AX08|V03AB16|V03AZ01,D08AX08,,
1049908,diphenhydramine hydrochloride 2.5 MG/ML Oral Solution [Benadryl],SBD,D04AA32|R06AA02,R06AA02,,
1085756,triamcinolone acetonide 40 MG/ML Injectable Suspension [Kenalog],SBD,A01AC01|H02AB08|R01AD11,H02AB08,,
245001,aluminum hydroxide 50.8 MG/ML / magnesium carbonate 47.5 MG/ML Oral Suspension,SCD,A02AB01,A02AD03,,
283616,bacitracin 400 UNT/ML / neomycin 3.5 MG/ML / polymyxin B 5000 UNT/ML Topical Cream,SCD,A07AA01|D06AX04|S01AA03,D06AX04|D06AX05,,
308080,aluminum hydroxide 6.34 MG/ML / magnesium carbonate 27.5 MG/ML Oral Suspension,SCD,A02AB01,A02AD01,,
1734689,potassium nitrate 0.03 MG/MG / sodium fluoride 0.00254 MG/MG Toothpaste,SCD,A01AA01,A01AA51,,
1737778,lidocaine 0.04 MG/MG Medicated Patch,SCD,D04AB01|N01BB02|R02AD02,D04AB01,,
212833,salicylic acid 18 MG/ML Topical Lotion [Sebucare],SBD,D01AE12|N02BA04,D01AE12,,
1190540,0.7 ML atropine sulfate 1.43 MG/ML Auto-Injector,SCD,A03BA01|S01FA01,A03BA01,IMPROVED,A03BA01
1193037,cholecalciferol 1000 UNT / folic acid 1 MG / omega-3 acid ethyl esters (USP) 500 MG / phytosterols 200 MG / pyridoxine hydrochloride 12.5 MG / vitamin B12 0.5 MG Oral Capsule,SCD,A11CC05|A11HA02|B03BA01|B03BB01,A11JC,,
1011833,lidocaine hydrochloride 40 MG/ML Mucous Membrane Topical Solution [LTA],SBD,D04AB01|N01BB02|R02AD02,N01BB02,,
1737743,lidocaine hydrochloride 4 MG/ML Injection,SCD,D04AB01|N01BB02|R02AD02,N01BB02,,
307747,aluminum hydroxide 200 MG / magnesium hydroxide 200 MG / simethicone 25 MG Chewable Tablet,SCD,A02AB01,A02AD01,,
544946,erythromycin 20 MG/ML Topical Solution [Erycette],SBD,J01FA01,D10AF02,,
562411,bacitracin 5000 UNT/ML Injectable Solution,SCD,D06AX05|J01XX10|R02AB04,J01XX10,,
582615,nitric oxide 0.01 % / nitrogen 99.99 % Gas for Inhalation,SCD,R07AX01|V03AN04,R07AX01,,
1005835,sulfacetamide sodium 100 MG/ML / sulfur 50 MG/ML Topical Cream [Avar],SBD,D10AB02,D10AF06,,
1010836,lidocaine hydrochloride 30 MG/ML Topical Lotion,SCD,D04AB01|N01BB02|R02AD02,D04AB01,,
1037305,pheniramine maleate 0.8 MG/ML / phenylpropanolamine hydrochloride 2.5 MG/ML / phenyltoloxamine citrate 0.8 MG/ML / pyrilamine maleate 0.8 MG/ML Oral Solution,SCD,R01BA01,R01BA51|R06AB05|R06AC01,IMPROVED,R01BA51|R06AB05|R06AC01
1037352,carbetapentane citrate 3 MG/ML / guaifenesin 20 MG/ML / phenylephrine hydrochloride 1 MG/ML Oral Solution,SCD,R05CA03|R05DB05,R01BA53|R05CA03|R05DB05,,
1043623,eucalyptol 0.92 MG/ML / menthol 0.42 MG/ML / methyl salicylate 0.6 MG/ML / thymol 0.64 MG/ML Mouthwash [Listerine Antiseptic],SBD,R05CA13,A01AB11,,
1049386,dexamethasone 2 MG/ML Injectable Solution [Dexium],SBD,H02AB02|S01BA01,H02AB02,,
1050062,aspirin 425 MG / caffeine 32.5 MG Oral Powder,SCD,N06BC01,N02BA51,,
307762,aluminum hydroxide 84 MG/ML / magnesium hydroxide 80 MG/ML / simethicone 8 MG/ML Oral Suspension,SCD,A02AB01,A02AX,IMPROVED,A02AX
1112864,acetaminophen 325 MG / chlorpheniramine maleate 2 MG Oral Tablet,SCD,N02BE01|R06AB04,N02BE01,,
1146709,salicylic acid 18.6 MG/ML Topical Lotion,SCD,D01AE12|N02BA04,D01AE12,,
1658236,20 ML magnesium sulfate 500 MG/ML Injection,SCD,A06AD04|B05XA05,B05XA05,,
311249,lactic acid 100 MG/ML Topical Lotion,SCD,G01AD01,D02AX,,
311446,mannitol 5.4 MG/ML / sorbitol 27 MG/ML Irrigation Solution,SCD,A06AD16,B05CX04,,
1992304,12 HR timolol 5 MG/ML Ophthalmic Solution [Timoptic],SBD,C07AA06,S01ED01,,
206211,erythromycin 0.02 MG/MG Topical Gel [Emgel],SBD,J01FA01,D10AF02,,
996629,codeine phosphate 2 MG/ML / phenylephrine hydrochloride 2 MG/ML Oral Solution [Notuss PE],SBD,R05DA04,R01BA53|R05DA04,,
402250,168 HR estradiol 0.00188 MG/HR / levonorgestrel 0.000625 MG/HR Transdermal System,SCD,G03CA03,G03FA11,,
1095362,{21 (ethinyl estradiol 0.035 MG / norethindrone 0.4 MG Oral Tablet) / 7 (inert ingredients 1 MG Oral Tablet) } Pack [Balziva 28 Day],BPCK,G03CA01|G03DC02,G03AA05,,
1098158,sodium hyaluronate 0.002 MG/MG Topical Gel,SCD,M09AX01,D03AX05,,
1190818,acetaminophen 150 MG / atropine sulfate 0.3 MG / ethaverine 20 MG / salicylamide 100 MG Oral Tablet,SCD,N02BA05|N02BE01,A03BA01|N02BA05|N02BE01,,
403947,guaifenesin 400 MG / phenylephrine hydrochloride 30 MG Extended Release Oral Capsule,SCD,R05CA03,R01BA53|R05CA03,,
1005850,sulfacetamide sodium 100 MG/ML / sulfur 50 MG/ML Topical Cream [Suphera],SBD,D10AB02,D10AB02|D10AF06,,
1657723,20 ML panitumumab 20 MG/ML Injection [Vectibix],SBD,L01XC08,L01FE02,,
1745444,glycerin 200 MG/ML / lidocaine 50 MG/ML / phenylephrine hydrochloride 2.5 MG/ML Medicated Pad [RectiCare Advanced Wipes],SBD,A06AX01|D04AB01|N01BB02|R01AA04|R02AD02|S01FB01|S01XA20,C05AD01|C05AX06,,
1792391,ciprofloxacin 3 MG/ML / fluocinolone acetonide 0.25 MG/ML Otic Solution [Otovel],SBD,J01MA02,S02CA05,,
1795252,500 ML glucose 50 MG/ML / sodium chloride 4.5 MG/ML Injection,SCD,A12CA01|B05BA03|B05BB01|B05CB01|B05XA03|S01XA03|V06DC01,B05BB01,,
1795618,25 ML glucose 50 MG/ML Injection,SCD,B05BA03|V06DC01,B05BA03,,
1806684,{28 (estradiol 1 MG / norethindrone acetate 0.5 MG Oral Tablet) } Pack [Amabelz 1/0.5 28 Day],BPCK,G03CA03|G03CA53,G03FA01,,
1807633,250 ML sodium chloride 9 MG/ML Injection,SCD,A12CA01|B05BB01|B05CB01|B05XA03|S01XA03,B05XA03,,
1807632,100 ML sodium chloride 9 MG/ML Injection,SCD,A12CA01|B05BB01|B05CB01|B05XA03|S01XA03,B05XA03,,
1866218,glycerin 144 MG/ML / lidocaine 50 MG/ML Rectal Cream,SCD,A06AX01|D04AB01|N01BB02|R02AD02,C05AD01,,
1867941,epinephrine 0.005 MG/ML / lidocaine hydrochloride 10 MG/ML Injection,SCD,C01CA24|D04AB01|N01BB02|R02AD02|S01EA01,N01BB02,,
1919489,cholecalciferol 9.52 UNT/ML / glucose 357 MG/ML Oral Gel,SCD,A11CC05,V06DC01,,
1926221,diphenhydramine hydrochloride 25 MG / phenylephrine hydrochloride 10 MG Oral Tablet [Benadryl Allergy Plus Congestion],SBD,D04AA32|R01AA04|R06AA02|S01FB01|S01XA20,R01BA53,,
1944692,miconazole nitrate 20 MG/ML Medicated Shampoo,SCD,A01AB09|D01AC02|G01AF04,D01AC02,IMPROVED,D01AC02
1250672,acyclovir 0.04 MG/MG / lidocaine hydrochloride 0.04 MG/MG Topical Ointment [Lidovir],SBD,D04AB01|D06BB03|J05AB01|N01BB02|R02AD02|S01AD03,D04AB01|D06BB03,,
1299054,10 ML ampicillin 6.25 MG/ML Prefilled Syringe [Hetacin-K],SBD,J01CA01|J01CA18,J01CA18,,
1298443,guaifenesin 400 MG / pseudoephedrine hydrochloride 60 MG Oral Tablet,SCD,R01BA02|R05CA03,R05CA03,,
1312718,aspirin 650 MG / caffeine 60 MG Oral Powder,SCD,N06BC01,N02BA51,,
1369746,alpha tocopherol 30 UNT / ascorbic acid 28 MG / cholecalciferol 800 UNT / docosahexaenoic acid 338 MG / docusate sodium 55 MG / ferrous fumarate 29 MG / folic acid 1.25 MG / pyridoxine hydrochloride 28 MG / tricalcium phosphate 160 MG Oral Capsule [Nexa Select Reformulated Feb 2013],SBD,A11CC05|A11GA01|A11HA02|B03BB01,A06AA02|A11AA01,,
1422563,capsaicin 0.35 MG/ML / lidocaine 20 MG/ML / menthol 50 MG/ML / methyl salicylate 200 MG/ML Topical Cream [Medi-Derm with Lidocaine],SBD,D04AB01|N01BB02|N01BX04|R02AD02,M02AC,,
1424611,salicylic acid 20 MG/ML Topical Cream [PsoCleer],SBD,D01AE12|N02BA04,D02AF,BOTH_WRONG,D02AF
1437690,salicylic acid 0.5 MG/MG Paste,SCD,D01AE12|N02BA04,D02AF,,
1483224,benzalkonium chloride 0.001 MG/MG / benzocaine 0.2 MG/MG Topical Gel,SCD,C05AD03|D04AB04|D08AJ01|D08AJ08|R02AA16|R02AD01,D04AB04|D08AJ01,,
1494599,diphenhydramine hydrochloride 1.67 MG/ML Oral Solution [Z-Sleep],SBD,D04AA32|R06AA02,R06AA02,,
1541707,{1 (30 ML) (salicylic acid 0.02 MG/MG Topical Gel [Let Me Clarify]) / 1 (150 ML) (salicylic acid 20 MG/ML Medicated Liquid Soap [Take Control]) } Pack [Erase It],BPCK,D01AE12|N02BA04,D01AE12,,
1542806,hydrocortisone acetate 5 MG/ML / neomycin 3.5 MG/ML / polymyxin B 10000 UNT/ML Topical Cream [Cortisporin],SBD,A01AC03|A07AA01|A07EA02|D06AX04|D07AA02|D07AB02|D07AB11|H02AB09|S01AA03|S01BA02,D07CA01,,
1543432,benzalkonium chloride 0.001 MG/MG / benzocaine 0.2 MG/MG / menthol 0.005 MG/MG Oral Gel,SCD,C05AD03|D04AB04|D08AJ01|D08AJ08|R02AA16|R02AD01,D04AB04,,
1602597,ethanol 0.6 ML/ML Topical Lotion,SCD,D08AX08|V03AB16|V03AZ01,D08AX08,,
1607217,undecylenic acid 60 MG/ML / zinc undecylenate 60 MG/ML Topical Spray,SCD,D01AE04|D01AE20,D01AE04,,
1608477,glucose 0.45 MG/MG Oral Gel,SCD,B05BA03|V06DC01,V06DC01,,
1305137,alpha tocopherol 30 UNT / ascorbic acid 28 MG / cholecalciferol 800 UNT / docosahexaenoic acid 325 MG / docusate sodium 55 MG / ferrous fumarate 29 MG / folic acid 1.25 MG / pyridoxine hydrochloride 25 MG / tricalcium phosphate 160 MG Oral Capsule,SCD,A11CC05|A11GA01|A11HA02|B03BB01,A06AA02|A11AA01,,
1744011,emtricitabine 167 MG / tenofovir disoproxil fumarate 250 MG Oral Tablet [Truvada],SBD,J05AF07|J05AF09,J05AR03,,
1811631,aspirin 81 MG / omeprazole 40 MG Delayed Release Oral Tablet,SCD,A02BC01,B01AC56,,
1863988,1000 ML glucose 50 MG/ML / potassium chloride 0.02 MEQ/ML / sodium chloride 3 MG/ML Injection,SCD,A12CA01|B05BA03|B05BB01|B05CB01|B05XA03|S01XA03|V06DC01,B05BB01,,
1876516,benzalkonium chloride 2.6 MG/ML Medicated Liquid Soap,SCD,D08AJ01|D08AJ08|R02AA16,D08AJ01,,
1945207,sodium chloride 6.5 MG/ML Nasal Spray [Na-zone],SBD,A12CA01|B05BB01|B05CB01|B05XA03|S01XA03,R01AX30,,
1297390,chlorpheniramine maleate 2 MG / ibuprofen 200 MG / pseudoephedrine hydrochloride 30 MG Oral Tablet,SCD,R01BA02|R06AB04,R01BA02,,
1299667,300 ACTUAT isoproterenol hydrochloride 0.16 MG/ACTUAT / phenylephrine bitartrate 0.24 MG/ACTUAT Metered Dose Inhaler,SCD,R01AA04|S01FB01|S01XA20,R03AB02,,
1308442,chlorpheniramine maleate 0.5 MG/ML / phenylephrine hydrochloride 1 MG/ML / phenyltoloxamine citrate 1.5 MG/ML Oral Solution,SCD,R06AB04,R01BA53,,
1360733,phenylephrine hydrochloride 0.667 MG/ML / thonzylamine hydrochloride 3.33 MG/ML Oral Solution [Nasopen PE],SBD,R01AA04|S01FB01|S01XA20,R01BA53,,
1366646,neomycin 140 MG/ML Oral Solution,SCD,A07AA01|D06AX04|S01AA03,A07AA01,IMPROVED,A07AA01
1375954,doxylamine succinate 10 MG / pyridoxine hydrochloride 10 MG Delayed Release Oral Tablet [Diclegis],SBD,A11HA02|R06AA09,R06AA59,BOTH_WRONG,R06AA59
1442274,lidocaine 5 MG/ML Topical Spray,SCD,D04AB01|N01BB02|R02AD02,D04AB01,,
1545034,{1 (133 ML) (benzoyl peroxide 44 MG/ML Medicated Liquid Soap [Benoxyl]) / 30 (doxycycline monohydrate 100 MG Oral Tablet) } Pack [Benoxyldoxy 30],BPCK,D10AE01,D10AE01|J01AA02,,
1549447,lidocaine hydrochloride 0.02 MG/MG Topical Gel [Glydo],SBD,D04AB01|N01BB02|R02AD02,D04AB01,,
1598826,benzoyl peroxide 0.0375 MG/MG / clindamycin phosphate 0.012 MG/MG Topical Gel [Onexton],SBD,D10AE01,D10AF51,,
1247917,"docusate sodium 50 MG / sennosides, USP 8.6 MG Oral Tablet [Peri-Colace Reformulated Feb 2008]",SBD,A06AB06,A06AA02|A06AB06,,
1249050,carbetapentane tannate 12 MG/ML / chlorpheniramine tannate 1.6 MG/ML / phenylephrine tannate 4 MG/ML Oral Suspension,SCD,R05DB05|R06AB04,R01BA53|R05DB05|R06AB54,,
1294266,chloroxylenol 1 MG/ML / hydrocortisone 10 MG/ML / pramoxine hydrochloride 10 MG/ML Otic Solution [Zotane HC],SBD,D08AE05,D04AB07|D08AE05|S02BA01,,
1299687,300 ACTUAT isoproterenol hydrochloride 0.131 MG/ACTUAT Metered Dose Inhaler [Isuprel],SBD,C01CA02|R03AB02|R03CB01,R03AB02,,
1592891,{1 (30 ML) (salicylic acid 0.02 MG/MG Topical Gel [Kleer Plex]) / 1 (118 ML) (salicylic acid 20 MG/ML Medicated Liquid Soap [Kleer Plex]) } Pack [Kleer Plex Acne Care],BPCK,D01AE12|N02BA04,D01AE12,,
1809056,oxymetazoline hydrochloride 0.1 MG/ACTUAT / tetracaine hydrochloride 6 MG/ACTUAT Metered Dose Nasal Spray [Kovanaze],SBD,R01AA05,N01BA03,,
1868485,2.7 ML sodium bicarbonate 84 MG/ML Cartridge,SCD,B05CB04|B05XA02,B05XA02,IMPROVED,B05XA02
1872091,benzethonium chloride 0.001 MG/MG Medicated Bar Soap,SCD,R02AA09,D08AJ08,,
1247818,docusate sodium 100 MG / phenolphthalein 65 MG Oral Tablet [Correctol laxative],SBD,A06AB04,A06AA02|A06AB04,,
1248168,dehydrocholic acid 20 MG / docusate sodium 200 MG / phenolphthalein 30 MG Oral Capsule,SCD,A06AB04,A06AA02|A06AB04,,
1293877,dimethicone 60 MG/ML / pramoxine hydrochloride 10 MG/ML Topical Cream,SCD,P03AX05,D04AB07,,
1294587,gemtuzumab ozogamicin 1 MG/ML Injectable Solution [Mylotarg],SBD,L01XC05,L01FX02,,
1310934,glycerin 0.2 MG/MG Medicated Bar Soap,SCD,A06AX01,,,
1440185,{21 (ethinyl estradiol 0.02 MG / levonorgestrel 0.1 MG Oral Tablet) / 7 (inert ingredients 1 MG Oral Tablet) } Pack [Aubra 28 Day],BPCK,G03AC03|G03CA01,G03AA07,,
1486880,clindamycin 25 MG/ML Oral Solution [Clindamed],SBD,D10AF01|J01FF01,J01FF01,IMPROVED,J01FF01
1602356,sulfacetamide sodium 100 MG/ML / sulfur 45 MG/ML Medicated Liquid Soap [Rosula],SBD,D10AB02,D10AF06,,
1652634,citric acid 1002 MG / potassium citrate 3300 MG Powder for Oral Solution,SCD,A09AB04|A12BA02,G04BC,,
1495103,salicylic acid 2 MG/ML Otic Suspension,SCD,D01AE12|N02BA04,D01AE12,,
1541094,chloroxylenol 4.5 MG/ML / triclosan 0.6 MG/ML Medicated Liquid Soap,SCD,D08AE05,D08AE04|D08AE05,,
670307,neomycin 3.5 MG/ML / polymyxin B 16250 UNT/ML Ophthalmic Solution [Statrol],SBD,A07AA01|D06AX04|S01AA03,S01AA30,,
685576,50 ML clindamycin 18 MG/ML Injection [Cleocin],SBD,D10AF01|J01FF01,J01FF01,,
688708,bacitracin 0.4 UNT/MG / hydrocortisone 0.01 MG/MG / neomycin 0.0035 MG/MG / polymyxin B 10 UNT/MG Ophthalmic Ointment [Cortomycin Ointment],SBD,A01AC03|A07AA01|A07EA02|D06AX04|D07AA02|D07AB02|D07AB11|H02AB09|S01AA03|S01BA02,S01CA03,,
757665,"thrombin, bovine 2000 UNT/ML Topical Solution",SCD,B02BC06|B02BD30,B02BD30,,
800110,alanine 4.22 MG/ML / arginine 4.32 MG/ML / aspartate 2.98 MG/ML / glucose 200 MG/ML / glutamate 3.14 MG/ML / glycine 2.12 MG/ML / histidine 1.28 MG/ML / isoleucine 2.8 MG/ML / leucine 4.25 MG/ML / lysine 4.46 MG/ML / methionine 0.73 MG/ML / phenylalanine 1.26 MG/ML / proline 3.07 MG/ML / serine 2.25 MG/ML / threonine 1.7 MG/ML / tryptophan 0.85 MG/ML / tyrosine 1.15 MG/ML / valine 2.12 MG/ML Injectable Solution [Aminosyn II 4.25% in 20% Dextrose],SBD,B05CX03|B05XB03|N06AX02|V03AB26,B05BA10,,
1087399,copper sulfate 0.8 MG / ferrous fumarate 324 MG / folic acid 1 MG / magnesium sulfate 6.9 MG / manganese sulfate 1.3 MG / niacinamide 30 MG / pantothenic acid 10 MG / pyridoxine 5 MG / riboflavin 6 MG / sodium ascorbate 200 MG / thiamine 10 MG / vitamin B12 0.015 MG / zinc sulfate 18.2 MG Oral Capsule [Hemocyte Plus],SBD,A11DA01|A11HA01|A11HA02|A11HA04|A12CB01|B03BA01|B03BB01|V03AB20,B03AE04,,
2001994,bacitracin zinc 0.4 UNT/ML / lidocaine hydrochloride 0.02 MG/ML / neomycin 0.0035 MG/ML / polymyxin B 5 UNT/ML Topical Cream,SCD,A07AA01|D04AB01|D06AX04|N01BB02|R02AD02|S01AA03,D04AB01|D06AX04|D06AX05,,
748321,"thrombin, human 1200 UNT/ML Topical Solution",SCD,B02BC06|B02BD30,B02BD30,,
750245,{21 (ethinyl estradiol 0.03 MG / norgestrel 0.3 MG Oral Tablet) } Pack [Low-Ogestrel 21 Day],BPCK,G03CA01,G03AA06,IMPROVED,G03AA06
792577,10 ML sodium bicarbonate 84 MG/ML Prefilled Syringe,SCD,B05CB04|B05XA02,B05XA02,,
884783,ethanol 0.65 ML/ML Topical Solution,SCD,D08AX08|V03AB16|V03AZ01,D08AX08,,
992671,homatropine methylbromide 0.3 MG/ML / hydrocodone bitartrate 1 MG/ML Oral Solution [Hycodan],SBD,R05DA03|S01FA05,A03BB06|R05DA03,,
308959,cantharidin 10 MG/ML / podophyllin 50 MG/ML / salicylic acid 300 MG/ML Topical Solution,SCD,D01AE12|D06BB04|N02BA04,D01AE12|D06BB04,,
310812,hydrochlorothiazide 25 MG / triamterene 37.5 MG Oral Tablet,SCD,C03AA03|C03DB02,C03EA01,,
310865,hydrocortisone 5 MG/ML / neomycin 5 MG/ML Ophthalmic Suspension,SCD,A01AC03|A07AA01|A07EA02|D06AX04|D07AA02|D07AB02|D07AB11|H02AB09|S01AA03|S01BA02,S01CA03,,
802696,copper sulfate 0.8 MG / ferrous fumarate 324 MG / folic acid 1 MG / magnesium sulfate 6.9 MG / manganese sulfate 1.3 MG / niacinamide 30 MG / pantothenic acid 10 MG / pyridoxine 5 MG / riboflavin 6 MG / sodium ascorbate 200 MG / thiamine 10 MG / vitamin B12 0.015 MG / zinc sulfate 18.2 MG Oral Capsule [Ferrocite Plus],SBD,A11DA01|A11HA01|A11HA02|A11HA04|A12CB01|B03BA01|B03BB01|V03AB20,B03AE04,,
825186,hydrocortisone 10 MG/ML / neomycin 3.5 MG/ML / polymyxin B 10000 UNT/ML Otic Suspension [Cortisporin],SBD,A01AC03|A07AA01|A07EA02|D06AX04|D07AA02|D07AB02|D07AB11|H02AB09|S01AA03|S01BA02,S02CA03,,
800064,calcium chloride 0.00014 MEQ/ML / glucose 1 MG/ML / magnesium chloride 0.0000245 MEQ/ML / sodium chloride 0.00368 MEQ/ML / sodium lactate 0.0016 MEQ/ML Intraperitoneal Solution [Dianeal PD-2/2.5],SBD,A12CA01|A12CC01|B05BA03|B05BB01|B05CB01|B05XA03|B05XA07|G01AD01|S01XA03|V06DC01,B05DB,,
800216,alanine 8.44 MG/ML / arginine 8.65 MG/ML / aspartate 5.95 MG/ML / glutamate 6.27 MG/ML / glycine 4.25 MG/ML / histidine 2.55 MG/ML / isoleucine 5.61 MG/ML / leucine 8.5 MG/ML / lysine 8.93 MG/ML / methionine 1.46 MG/ML / phenylalanine 2.53 MG/ML / proline 6.14 MG/ML / serine 4.5 MG/ML / threonine 3.4 MG/ML / tryptophan 1.7 MG/ML / tyrosine 2.3 MG/ML / valine 4.25 MG/ML Injectable Solution,SCD,B05CX03|B05XB03|N06AX02|V03AB26,B05BA01,,
1087218,ascorbic acid 75 MG / ferrous fumarate 333 MG / folic acid 0.5 MG / liver stomach concentrate 240 MG / vitamin B12 0.015 MG Oral Capsule [Ferotrinsic],SBD,A11GA01|B03BA01|B03BB01,B03AE01,,
2045409,0.005 ML dexamethasone 103.4 MG/ML Injection [Dexycu],SBD,H02AB02|S01BA01,H02AB02,,
205895,epinephrine 10 MG/ML / pilocarpine hydrochloride 20 MG/ML Ophthalmic Solution [P2E1],SBD,C01CA24|N07AX01|S01EA01|S01EB01,S01EA51,,
998528,miconazole nitrate 20 MG/ML Topical Solution [Ony-Clear],SBD,A01AB09|D01AC02|G01AF04,D01AC02,,
313962,dextran 70 1 MG/ML / hypromellose 8 MG/ML Ophthalmic Solution,SCD,S01KA02,S01XA20,,
832092,povidone-iodine 5 MG/ML Medicated Pad,SCD,D08AG02|D09AA09|D11AC06|G01AX11|R02AA15,D08AG02,,
995081,chlorpheniramine maleate 0.266 MG/ML / codeine phosphate 1 MG/ML / pseudoephedrine hydrochloride 4 MG/ML Oral Suspension [Zodryl DAC],SBD,R01BA02|R05DA04|R06AB04,R05DA04,,
309874,diethylstilbestrol 0.25 MG / methyltestosterone 5 MG Oral Tablet,SCD,G03BA02|L02AA01|L02AA04,G03EK01,,
2058531,petrolatum 0.785 MG/MG / zinc oxide 0.08 MG/MG Topical Ointment,SCD,C05AX04,D02AB,,
805370,tretinoin 0.0004 MG/MG Topical Gel [Retin-A],SBD,D10AD01|L01XX14,D10AD01,,
631799,isopropyl alcohol 0.95 ML/ML Otic Solution,SCD,D08AX05,S02DC,,
637168,zinc oxide 0.128 MG/MG Topical Ointment,SCD,C05AX04,D02AB,,
664844,guaifenesin 15 MG/ML / phenylephrine hydrochloride 1.5 MG/ML Oral Solution,SCD,R05CA03,R01BA03|R05CA03,,
749786,{21 (ethinyl estradiol 0.03 MG / norgestrel 0.3 MG Oral Tablet) / 7 (inert ingredients 1 MG Oral Tablet) } Pack,GPCK,G03CA01,G03AA06,,
749796,benzocaine 0.1 MG/MG Oral Gel [Anbesol],SBD,R02AD01,N01BA05,IMPROVED,N01BA05
897048,amoxicillin 50 MG/ML / clavulanate 12.5 MG/ML Oral Suspension [Clavamox],SBD,J01CA04,J01CR02,,
904783,hydrocortisone acetate 10 MG/ML / pramoxine hydrochloride 10 MG/ML Topical Foam [Epifoam],SBD,A01AC03|A07EA02|D07AA02|D07AB02|D07AB11|H02AB09|S01BA02,D07XA01,,
877014,salicylic acid 5 MG/ML Topical Foam,SCD,D01AE12|N02BA04,D01AE12,,
310682,hydrocortisone 2.5 MG/ML / salicylic acid 23.5 MG/ML / sulfur 40 MG/ML Topical Lotion,SCD,D10AB02,D01AE12|D07AA02|D10AB02,,
198494,benzocaine 50 MG/ML Topical Cream,SCD,C05AD03|D04AB04|R02AD01,D04AB04,,
2049723,lidocaine hydrochloride 40 MG/ML / menthol 10 MG/ML Topical Cream [Workvie],SBD,D04AB01|N01BB02|R02AD02,D04AB01,,
205901,epinephrine 10 MG/ML / pilocarpine hydrochloride 60 MG/ML Ophthalmic Solution [P6E1],SBD,C01CA24|N07AX01|S01EA01|S01EB01,S01EA51,,
313000,sodium chloride 9 MG/ML Nasal Solution,SCD,A12CA01|B05BB01|B05CB01|B05XA03|S01XA03,R01AX,,
992733,homatropine methylbromide 1.5 MG / hydrocodone bitartrate 5 MG Oral Tablet [Tussigon],SBD,R05DA03|S01FA05,A03BB06|R05DA03,,
797885,salicylic acid 5 MG/ML Medicated Pad,SCD,D01AE12|N02BA04,D01AE12,,
883795,alpha tocopherol 30 UNT / ascorbic acid 30 MG / docosahexaenoic acid 250 MG / eicosapentaenoic acid 0.625 MG / ferrous fumarate 83 MG / folic acid 1 MG / pyridoxine 25 MG / tricalcium phosphate 100 MG Oral Capsule [Natelle],SBD,A11GA01|A11HA02|B03BB01,B03AE02,,
991369,calamine 80 MG/ML / phenol 10 MG/ML / zinc oxide 80 MG/ML Topical Lotion,SCD,C05AX04|D08AE03,D04AX,,
312447,piperacillin 200 MG/ML / tazobactam 25 MG/ML Injectable Solution,SCD,J01CA12|J01CG02,J01CR05,,
1089065,zinc oxide 0.038 MG/MG Topical Ointment,SCD,C05AX04,D02AB,,
207248,oxiconazole 10 MG/ML Topical Cream [Oxistat],SBD,D01AC11|G01AF17,D01AC11,,
998511,miconazole nitrate 20 MG/ML Topical Cream [Micro-Guard],SBD,A01AB09|D01AC02|G01AF04,D01AC02,,
315198,salicylic acid 0.6 MG/MG Topical Ointment,SCD,D01AE12|N02BA04,D01AE12,,
376695,glucose / potassium chloride / sodium chloride Injectable Solution,SCDF,A12CA01|B05BA03|B05BB01|B05CB01|B05XA03|S01XA03|V06DC01,B05BB02,,
998671,168 HR clonidine 0.00417 MG/HR Transdermal System,SCD,C02AC01|N02CX02,C02AC01,,
705877,salicylic acid 60 MG/ML Topical Cream [Akurza],SBD,D01AE12|N02BA04,D01AE12,,
207060,nandrolone 50 MG/ML Injectable Solution [Durabolin 50],SBD,A14AB01|S01XA11,A14AB01,IMPROVED,A14AB01
313408,timolol 0.005 MG/MG Ophthalmic Gel,SCD,C07AA06,S01ED01,,
347742,carbon monoxide 0.1 % / helium 10 % / nitrogen 68.9 % / oxygen 21 % Gas for Inhalation,SCD,V03AN01|V03AN03|V03AN04,V03AN01|V03AN03|V03AN04|V04CX08,,
311254,lactic acid 50 MG/ML Topical Lotion,SCD,G01AD01,D02AX,,
801357,magnesium chloride 0.00148 MEQ/ML / potassium chloride 0.00497 MEQ/ML / sodium acetate 0.027 MEQ/ML / sodium chloride 0.0899 MEQ/ML / sodium gluconate 5.02 MG/ML Injectable Solution [Plasma-lyte 148],SBD,B05XA08,B05BB01,,
1999202,calcium carbonate 400 MG / simethicone 40 MG Chewable Tablet [Mylicon Children's],SBD,A03AX13|A12AA04,A02AF,,
2044962,allantoin 0.005 MG/MG / lidocaine hydrochloride 0.005 MG/MG Topical Gel,SCD,D04AB01|N01BB02|R02AD02,D04AB01,,
801112,magnesium chloride 0.00148 MEQ/ML / potassium chloride 0.00497 MEQ/ML / sodium acetate 0.027 MEQ/ML / sodium chloride 0.0899 MEQ/ML / sodium gluconate 5.02 MG/ML Injectable Solution [Plasmalyte A],SBD,B05XA08,B05BB01,,
801136,alanine 27.6 MG/ML / arginine 19.6 MG/ML / aspartate 6 MG/ML / glutamate 10.2 MG/ML / glycine 20.6 MG/ML / histidine 11.8 MG/ML / isoleucine 10.8 MG/ML / leucine 10.8 MG/ML / lysine 13.5 MG/ML / methionine 7.6 MG/ML / phenylalanine 10 MG/ML / proline 13.4 MG/ML / serine 10.2 MG/ML / threonine 9.8 MG/ML / tryptophan 3.2 MG/ML / tyrosine 0.5 MG/ML / valine 14.4 MG/ML Injectable Solution [Prosol],SBD,B05CX03|B05XB03|N06AX02|V03AB26,B05BA01,,
804919,fibrinogen / thrombin Topical Solution,SCDF,B02BC06|B02BD30,B02BC06,,
810097,{7 (ethinyl estradiol 0.01 MG Oral Tablet) / 84 (ethinyl estradiol 0.02 MG / levonorgestrel 0.1 MG Oral Tablet) } Pack [LoSeasonique],BPCK,G03CA01,G03AA07,,
826807,dimethicone 10 MG/ML Topical Cream [TheraSeal Hand Protection],SBD,P03AX05,D02AA,,
849822,0.85 ML sodium hyaluronate 30 MG/ML Prefilled Syringe [Healon],SBD,M09AX01,S01KA01,,
207797,nitrofurazone 2 MG/ML Topical Cream [Furacin],SBD,B05CA03|D08AF01|D09AA03|P01CC02|S01AX04|S02AA02,D08AF01,,
208303,benzocaine 200 MG/ML Otic Solution [Americaine Otic],SBD,C05AD03|D04AB04|R02AD01,,,
2104187,allantoin 2 MG/ML / hyaluronic acid 20 MG/ML Medicated Liquid Soap,SCD,M09AX01,D03AX05,,
2117608,100 ML calcium gluconate 20 MG/ML Injection,SCD,A12AA03,B05XA19,,
2118551,lidocaine 40 MG/ML Topical Cream [Bio-Kool],SBD,D04AB01|N01BB02|R02AD02,D04AB01,,
1100469,{30 (alpha-tocopherol acetate 30 UNT / ascorbic acid 120 MG / calcium citrate 200 MG / cholecalciferol 400 UNT / cupric oxide 2 MG / docusate sodium 50 MG / folic acid 1 MG / iron carbonyl 90 MG / niacinamide 20 MG / potassium iodide 0.15 MG / pyridoxine hydrochloride 20 MG / riboflavin 3.4 MG / thiamine hydrochloride 3 MG / zinc oxide 25 MG Oral Tablet) / 30 (docosahexaenoic acid 250 MG Oral Capsule) } Pack,GPCK,A11CC05|A11DA01|A11GA01|A11HA01|A11HA02|A11HA04|A12AA13|B03BB01,B03AE04,,
1100746,calcium chloride 0.00232 MEQ/ML / icodextrin 75 MG/ML / magnesium chloride 0.000533 MEQ/ML / sodium chloride 0.0915 MEQ/ML / sodium lactate 0.04 MEQ/ML Injectable Solution [Extraneal],SBD,A12CA01|A12CC01|B05BB01|B05CB01|B05XA03|B05XA07|G01AD01|S01XA03,B05DA,,
807284,50 ML sodium bicarbonate 75 MG/ML Injection,SCD,B05CB04|B05XA02,B05XA02,,
1190894,atropine sulfate 0.21 MG / phenobarbital 16.2 MG Oral Tablet,SCD,N03AA02,A03CB03,,
1234512,hydrocortisone acetate 25 MG/ML / pramoxine hydrochloride 10 MG/ML Topical Lotion,SCD,A01AC03|A07EA02|D07AA02|D07AB02|D07AB11|H02AB09|S01BA02,D07XA01,,
404033,clindamycin 10 MG/ML Topical Lotion [Clindamax],SBD,D10AF01|J01FF01,D10AF01,,
562497,phenol 14 MG/ML Mouthwash,SCD,D08AE03,R02AA19,,
562531,povidone-iodine 0.075 MG/MG Medicated Bar Soap,SCD,D08AG02|D09AA09|D11AC06|G01AX11|R02AA15,D08AG02,,
617302,amoxicillin 25 MG/ML / clavulanate 6.25 MG/ML Oral Suspension,SCD,J01CA04,J01CR02,,
860042,hydrocodone bitartrate 0.34 MG/ML / pheniramine maleate 0.66 MG/ML / phenylephrine hydrochloride 1 MG/ML / phenylpropanolamine hydrochloride 0.66 MG/ML / pyrilamine maleate 0.66 MG/ML Oral Solution [Q-Tuss with Hydrocodone],SBD,R01BA01|R05DA03,R01BA01|R01BA03|R05DA03|R06AB05|R06AC01,,
860044,hydrocodone bitartrate 0.34 MG/ML / pheniramine maleate 0.66 MG/ML / phenylephrine hydrochloride 1 MG/ML / phenylpropanolamine hydrochloride 0.66 MG/ML / pyrilamine maleate 0.66 MG/ML Oral Solution [Rolatuss with Hydrocodone],SBD,R01BA01|R05DA03,R01BA01|R01BA03|R05DA03|R06AB05|R06AC01,,
1012099,benzalkonium chloride 1.3 MG/ML / lidocaine hydrochloride 25 MG/ML Topical Spray,SCD,D04AB01|D08AJ01|D08AJ08|N01BB02|R02AA16|R02AD02,D04AB01|D08AJ01,,
1014314,triamcinolone acetonide 1 MG/ML Topical Cream,SCD,A01AC01|H02AB08|R01AD11,D07AB09,,
1038903,povidone-iodine 75 MG/ML Topical Foam [Alphadine],SBD,D08AG02|D09AA09|D11AC06|G01AX11|R02AA15,D08AG02,,
1039057,starch 0.81 MG/MG / zinc oxide 0.15 MG/MG Topical Powder [Caldesene],SBD,C05AX04,D02AB,,
1042693,chlorpheniramine maleate 0.4 MG/ML / codeine phosphate 2 MG/ML / phenylephrine hydrochloride 1 MG/ML Oral Solution,SCD,R05DA04|R06AB04,R05DA20,BOTH_WRONG,R05DA20
1046353,benzocaine 15 MG / menthol 10 MG Oral Lozenge [Chloraseptic Sore Throat],SBD,C05AD03|D04AB04|R02AD01,R02AD01,,
1046548,pheniramine maleate 0.8 MG/ML / phenylpropanolamine hydrochloride 2.5 MG/ML / phenyltoloxamine citrate 0.8 MG/ML / pyrilamine maleate 0.8 MG/ML Oral Solution [KG-Hist D],SBD,R01BA01,R01BA01|R06AB05|R06AC01,IMPROVED,R01BA01|R06AB05|R06AC01
1046914,atropine sulfate 0.03 MG / benzoic acid 4.5 MG / hyoscyamine sulfate 0.03 MG / methenamine 40.8 MG / methylene blue 5.4 MG / phenyl salicylate 18.1 MG Oral Tablet [Urised],SBD,A03BA03|G04BX12|J01XX05,A03BA01|A03BA03|J01XX05,,
1046910,atropine sulfate 0.03 MG / benzoic acid 4.5 MG / hyoscyamine sulfate 0.03 MG / methenamine 40.8 MG / methylene blue 5.4 MG / phenyl salicylate 18.1 MG Oral Tablet [Uridon],SBD,A03BA03|G04BX12|J01XX05,A03BA01|A03BA03|J01XX05,,
1047765,12 HR atropine sulfate 0.0582 MG / hyoscyamine sulfate 0.0582 MG / phenobarbital 48.6 MG / scopolamine hydrobromide 0.0195 MG Extended Release Oral Tablet [Donnatal],SBD,A03BA03|N03AA02,A03BA01|A03BA03|N03AA02|N05CM05,IMPROVED,A03BA01|A03BA03|N03AA02|N05CM05
1053756,nystatin 100000 UNT/ML / triamcinolone acetonide 1 MG/ML Topical Cream [Myco Biotic],SBD,A01AB11|A01AC01|A07AA02|D01AA01|H02AB08|R01AD11,D01AA20,,
1085100,nystatin 100 UNT/MG / triamcinolone acetonide 0.001 MG/MG Topical Ointment [Myocidin],SBD,A01AB11|A01AC01|A07AA02|D01AA01|H02AB08|R01AD11,D01AA20,,
1085680,triamcinolone diacetate 40 MG/ML Injectable Suspension,SCD,A01AC01|H02AB08|R01AD11,H02AB08,,
1085762,triamcinolone acetonide 1 MG/ML Topical Cream [Aricin],SBD,A01AC01|H02AB08|R01AD11,D07AB09,IMPROVED,D07AB09
1046560,camphor 0.035 MG/MG / capsaicin 0.0025 MG/MG / menthol 0.0305 MG/MG Medicated Patch,SCD,N01BX04,M02AB01,,
248609,salicylic acid 15 MG/ML Topical Cream,SCD,D01AE12|N02BA04,D02AF,,
307685,acetaminophen 500 MG / calcium carbonate 250 MG Oral Tablet,SCD,N02BE01,A12AA04|N02BE01,,
1098644,hypromellose 3.5 MG/ML / tetrahydrozoline hydrochloride 0.5 MG/ML Ophthalmic Solution,SCD,S01KA02,S01GA51,,
1099756,pseudoephedrine hydrochloride 60 MG / triprolidine hydrochloride 2.5 MG Oral Tablet [Triphed],SBD,R01BA02|R01BA52|R06AX07,R01BA02|R06AX07,,
1116499,hydrocortisone acetate 10 MG/ML / pramoxine hydrochloride 10 MG/ML Topical Cream,SCD,A01AC03|A07EA02|D07AA02|D07AB02|D07AB11|H02AB09|S01BA02,D07XA01,,
403890,1000 ML potassium chloride 0.02 MEQ/ML / sodium chloride 4.5 MG/ML Injection,SCD,A12CA01|B05BB01|B05CB01|B05XA03|S01XA03,B05BB01,,
435681,dexamethasone 2 MG/ML Injectable Solution,SCD,H02AB02|S01BA01,H02AB02,,
1011767,lidocaine hydrochloride 5 MG/ML Topical Spray [Solarcaine],SBD,D04AB01|N01BB02|R02AD02,D04AB01,,
1043325,benzethonium chloride 2 MG/ML Topical Lotion,SCD,D08AJ08|R02AA09,D08AJ08,,
1046997,atropine sulfate 0.0582 MG / hyoscyamine sulfate 0.311 MG / phenobarbital 48.6 MG / scopolamine hydrobromide 0.0195 MG Extended Release Oral Tablet,SCD,A03BA03|N03AA02,A03BA01|A03BA03|N03AA02|N05CM05,,
1052620,allantoin 0.01 MG/MG / benzocaine 0.2 MG/MG / camphor 0.03 MG/MG / petrolatum 0.649 MG/MG Topical Ointment [Anbesol Cold Sore Therapy],SBD,C05AD03|D04AB04|R02AD01,D04AB04,,
1086271,triamcinolone acetonide 5 MG/ML Topical Cream [Cinalog],SBD,A01AC01|H02AB08|R01AD11,D07AB09,,
603929,benzocaine 0.2 MG/MG Rectal Ointment [Medicone],SBD,C05AD03|D04AB04|R02AD01,C05AD03,,
1000861,sulfacetamide sodium 100 MG/ML / sulfur 40 MG/ML Medicated Liquid Soap [BP Cleansing Wash],SBD,D10AB02,D10AF06,,
1989491,capsaicin 0.25 MG/ML / menthol 60 MG/ML / methyl salicylate 250 MG/ML Topical Solution,SCD,N01BX04,M02AC,IMPROVED,M02AC
206218,erythromycin 20 MG/ML Topical Solution [A/T/S],SBD,J01FA01,D10AF02,,
360348,benzocaine 200 MG/ML Mucosal Spray,SCD,C05AD03|D04AB04|R02AD01,N01BA05,,
809572,calcium carbonate 1250 MG / cholecalciferol 125 UNT Oral Tablet,SCD,A11CC05,A12AX,,
348719,tobramycin 60 MG/ML Inhalation Solution,SCD,J01GB01|S01AA12,J01GB01,IMPROVED,J01GB01
857750,chlorpheniramine maleate 0.4 MG/ML / hydrocodone bitartrate 0.334 MG/ML / phenylephrine hydrochloride 1 MG/ML Oral Solution [Endal-HD],SBD,R05DA03|R06AB04,R05DA20,BOTH_WRONG,R05DA20
2099528,benoxinate hydrochloride 4 MG/ML / fluorescein sodium 2.5 MG/ML Ophthalmic Solution [Flurox],SBD,S01JA01,S01HA02|S01JA01,,
214040,antipyrine 54 MG/ML / benzocaine 14 MG/ML Otic Solution [Auralgan],SBD,C05AD03|D04AB04|R02AD01,S02DA30,,
1089811,mineral oil 0.03 MG/MG / petrolatum 0.94 MG/MG Ophthalmic Ointment [Tears Naturale PM],SBD,A06AA01,S01XA20,,
1094434,phenylephrine hydrochloride 2 MG/ML / triprolidine hydrochloride 0.5 MG/ML Oral Solution,SCD,R06AX07,R01BA03|R06AX07,,
1098139,0.5 ML chondroitin sulfates 40 MG/ML / sodium hyaluronate 30 MG/ML Prefilled Syringe [Viscoat],SBD,M01AX25,S01KA51,,
1111764,diphenhydramine hydrochloride 20 MG/ML / zinc acetate 1 MG/ML Topical Cream [Benadryl Itch Stopping],SBD,A16AX05,D04AA32,,
1191394,aloe polysaccharide 0.01 MG/MG / hydrocortisone acetate 0.02 MG/MG / iodoquinol 0.01 MG/MG Topical Gel [Alcortin A],SBD,G01AC01,D08AH,,
1991413,24 ML nivolumab 10 MG/ML Injection [Opdivo],SBD,L01XC17,L01FF01,,
2055026,cyclosporine 0.9 MG/ML Ophthalmic Solution [Cequa],SBD,L04AD01,S01XA18,,
205871,epinephrine 1 MG/ML Injectable Solution [Ana-Guard],SBD,C01CA24|S01EA01,C01CA24,,
1989112,0.3 ML epinephrine 1 MG/ML Prefilled Syringe,SCD,C01CA24|S01EA01,C01CA24,,
849742,benzocaine 50 MG/ML / resorcinol 20 MG/ML Vaginal Cream [Vagisil Original Formula],SBD,C05AD03|D04AB04|R02AD01,D04AB04,,
856992,acetaminophen 300 MG / hydrocodone bitartrate 7.5 MG Oral Tablet,SCD,N02BE01|R05DA03,N02AJ22,,
209867,aspirin 325 MG / methocarbamol 400 MG Oral Tablet [Robaxisal],SBD,M03BA03,M03BA03|N02BA01,,
211640,aluminum hydroxide 200 MG / magnesium hydroxide 200 MG / simethicone 20 MG Chewable Tablet [Almacone],SBD,A02AB01,A02AF02,,
211798,acetic acid 20 MG/ML Otic Solution [VoSoL],SBD,G01AD02|S02AA10,S02AA10,,
2174514,benzalkonium chloride 3 MG/ML Medicated Liquid Soap,SCD,D08AJ01|D08AJ08|R02AA16,D08AJ01,,
2177190,capsaicin 0.00002 MG/MG / menthol 0.1 MG/MG / methyl salicylate 0.2 MG/MG Topical Gel,SCD,N01BX04,M02AC,,
1112942,benzocaine 200 MG/ML Topical Cream [Benzodent],SBD,C05AD03|D04AB04|R02AD01,D04AB04,,
1119597,capsaicin 0.02 MG/ML / menthol 100 MG/ML / methyl salicylate 200 MG/ML Topical Lotion,SCD,N01BX04,M02AC,,
562414,bacitracin 0.5 UNT/MG / diperodon 0.01 MG/MG / neomycin 0.0035 MG/MG Topical Ointment,SCD,A07AA01|D06AX04|S01AA03,D06AX04|D06AX05,,
860239,guaifenesin 10 MG/ML / hydrocodone bitartrate 0.5 MG/ML / phenylephrine hydrochloride 1.5 MG/ML Oral Solution [Hydro GP],SBD,R05CA03|R05DA03,R01BA03|R05CA03|R05DA03,,
1010033,lidocaine hydrochloride 10 MG/ML Injectable Solution,SCD,D04AB01|N01BB02|R02AD02,N01BB02,,
1039560,salicylic acid 20 MG/ML Medicated Liquid Soap [Clearasil Acne Control],SBD,D01AE12|N02BA04,D01AE12,,
1039699,ethanol 0.665 ML/ML Medicated Pad,SCD,D08AX08|V03AB16|V03AZ01,D08AX08,,
103439,desonide 0.5 MG/ML Topical Cream [Tridesilon],SBD,D07AB08|S01BA11,D07AB08,,
1046313,benzocaine 60 MG/ML / ethanol 0.6 ML/ML Medicated Pad,SCD,C05AD03|D04AB04|R02AD01,D04AB04,,
1086605,calcium carbonate 600 MG / ergocalciferol 200 UNT Oral Capsule,SCD,A11CC01,A12AX,,
244475,coal tar 50 MG/ML / salicylic acid 30 MG/ML Topical Cream,SCD,D01AE12|N02BA04,D05AA,IMPROVED,D05AA
244537,salicylic acid 20 MG/ML / sulfur 30 MG/ML Topical Cream,SCD,D10AB02,D01AE12|D10AB02,IMPROVED,D01AE12|D10AB02
260495,chromous chloride 0.004 MG/ML / copper sulfate 0.4 MG/ML / manganese sulfate 0.1 MG/ML / selenious acid 0.02 MG/ML / zinc sulfate 1 MG/ML Injectable Solution [M.T.E.-5],SBD,A12CB01|V03AB20,V03AB20,,
1659139,piperacillin 3000 MG / tazobactam 375 MG Injection [Zosyn],SBD,J01CA12|J01CG02,J01CR05,,
1665682,2 ML ketorolac tromethamine 30 MG/ML Cartridge,SCD,M01AB15|S01BC05,M01AB15,,
1673799,salicylic acid 9 MG/ML Medicated Pad,SCD,D01AE12|N02BA04,D01AE12,,
1673788,acetaminophen 200 MG / aspirin 220 MG / caffeine 27 MG Oral Tablet,SCD,N02BE01|N06BC01,N02BA01|N02BE01|N06BC01,,
1011854,lidocaine hydrochloride 0.02 MG/MG Topical Gel [Xylocaine],SBD,D04AB01|N01BB02|R02AD02,D04AB01,,
1012226,hydrocortisone acetate 10 MG/ML / lidocaine hydrochloride 30 MG/ML Medicated Pad,SCD,A01AC03|A07EA02|D04AB01|D07AA02|D07AB02|D07AB11|H02AB09|N01BB02|R02AD02|S01BA02,C05AA01|D04AB01,,
1037082,pheniramine maleate 16 MG / phenylpropanolamine hydrochloride 50 MG / phenyltoloxamine citrate 16 MG / pyrilamine maleate 16 MG Extended Release Oral Capsule [Multihist D],SBD,R01BA01,R01BA01|R06AB05|R06AC01,,
1044265,povidone-iodine 100 MG/ML Topical Solution [Ovadine],SBD,D08AG02|G01AX11,D08AG02,,
252963,benzocaine 20 MG/ML Topical Solution,SCD,C05AD03|D04AB04|R02AD01,D04AB04,,
1658108,Lactobacillus acidophilus 75000000 UNT / pectin 100 MG Oral Capsule,SCD,A07BC01,A07FA51,,
1191692,lidocaine 100 MG/ML Topical Spray,SCD,R02AD02,D04AB01,,
1234533,calamine 80 MG/ML / pramoxine hydrochloride 10 MG/ML Topical Lotion [Caladryl],SBD,C05AD07|D04AB07,D04AB07,,
859236,chlorpheniramine maleate 0.8 MG/ML / hydrocodone bitartrate 0.5 MG/ML / phenylephrine hydrochloride 2 MG/ML Oral Solution [De-Chlor HD],SBD,R05DA03|R06AB04,R01BA03|R05DA03|R06AB04,,
1005829,sulfacetamide sodium 100 MG/ML / sulfur 50 MG/ML Medicated Pad [Prascion],SBD,D10AB02,D10AB02|D10AF06,,
1006127,sulfacetamide sodium 100 MG/ML Ophthalmic Solution [Ocusulf-10],SBD,D10AB02,S01AB04,,
1044465,zinc pyrithione 5 MG/ML Medicated Shampoo [Head & Shoulders],SBD,D11AX12,D11AC,,
1047774,12 HR atropine sulfate 0.0582 MG / hyoscyamine sulfate 0.0582 MG / phenobarbital 48.6 MG / scopolamine hydrobromide 0.0195 MG Extended Release Oral Tablet [Hyosophen],SBD,A03BA03|N03AA02,A03BA01|A03BA03|N03AA02|N05CM05,,
1737343,50 ML lidocaine hydrochloride 5 MG/ML Injection,SCD,D04AB01|N01BB02|R02AD02,C01BB01,,
1010755,epinephrine 0.01 MG/ML / lidocaine hydrochloride 10 MG/ML Injectable Solution [Xylocaine with Epinephrine],SBD,C01CA24|D04AB01|N01BB02|R02AD02|S01EA01,N01BB02,,
198776,phenol 14 MG/ML Mucosal Spray,SCD,D08AE03,N01BX03,,
206219,erythromycin 20 MG/ML Topical Solution [Aknemycin],SBD,J01FA01,D10AF02,,
313572,vancomycin 50 MG/ML Injectable Solution,SCD,A07AA09,J01XA01,,
800683,glucose 50 MG/ML / magnesium chloride 0.00361 MEQ/ML / potassium chloride 0.013 MEQ/ML / sodium acetate 0.0268 MEQ/ML / sodium chloride 0.0239 MEQ/ML Injectable Solution,SCD,B05XA08,B05BB02,,
833746,calcium carbonate 1500 MG / cholecalciferol 0.01 MG Oral Tablet [Caltrate Plus D],SBD,A11CC05,A12AX,,
836358,ipratropium bromide 0.2 MG/ML Inhalation Solution,SCD,R01AX03,R03BB01,,
857005,acetaminophen 325 MG / hydrocodone bitartrate 7.5 MG Oral Tablet,SCD,N02BE01|R05DA03,N02AJ22,,
1091242,calcium carbonate 1500 MG / cholecalciferol 100 UNT Oral Capsule,SCD,A11CC05,A12AX,,
210043,aluminum hydroxide 40 MG/ML / magnesium hydroxide 40 MG/ML / simethicone 4 MG/ML Oral Suspension [Simaal Gel],SBD,A02AB01,A02AF02,,
2104192,{7 (ethinyl estradiol 0.025 MG / norgestimate 0.18 MG Oral Tablet) / 7 (ethinyl estradiol 0.025 MG / norgestimate 0.215 MG Oral Tablet) / 7 (ethinyl estradiol 0.025 MG / norgestimate 0.25 MG Oral Tablet) / 7 (inert ingredients 1 MG Oral Tablet) } Pack [Tri-VyLibra Lo 28 Day],BPCK,G03CA01,G03AA11,,
213197,becaplermin 0.0001 MG/MG Topical Gel [Regranex],SBD,A01AD08|D03AX06,D03AX06,,
857652,chlorpheniramine maleate 8 MG / methscopolamine nitrate 2.5 MG / phenylephrine hydrochloride 20 MG Extended Release Oral Tablet,SCD,R06AB04,A03BB03|R01BA03|R06AB04,,
1048078,atropine sulfate 0.0194 MG / hyoscyamine sulfate 0.1037 MG / scopolamine hydrobromide 0.0065 MG Oral Tablet,SCD,A03BA03,A03BA01|A03BA03,,
1052645,acetaminophen 500 MG / diphenhydramine hydrochloride 12.5 MG Oral Tablet [Tylenol Severe Allergy],SBD,N02BE01,N02BE01|R06AA02,,
245346,aluminum hydroxide 100 MG/ML / magnesium hydroxide 100 MG/ML Oral Suspension,SCD,A02AB01,A02AD01,,
1673566,bacitracin 0.5 UNT/MG / neomycin 0.0035 MG/MG / polymyxin B 10 UNT/MG / pramoxine hydrochloride 0.01 MG/MG Topical Ointment [Cuadriderma],SBD,A07AA01|D06AX04|S01AA03,D04AB07|D06AX04|D06AX05,,
1659592,ampicillin 1000 MG / sulbactam 500 MG Injection,SCD,J01CG01,J01CR04,,
1867995,epinephrine 0.005 MG/ML / lidocaine hydrochloride 15 MG/ML Injection [Xylocaine with Epinephrine],SBD,C01CA24|D04AB01|N01BB02|R02AD02|S01EA01,C01CA24|N01BB02,,
1868461,benzocaine 200 MG/ML / menthol 10 MG/ML Medicated Pad [Sting-Kill],SBD,C05AD03|D04AB04|R02AD01,D04AB04,,
1872075,acetaminophen 500 MG / caffeine 65 MG Oral Tablet [Panadol Extra],SBD,N02BE01|N02BE51|N06BC01,N02BE51,,
1923431,timolol 5 MG/ML Ophthalmic Solution [Timoptic],SBD,C07AA06,S01ED01,,
1925871,salicylic acid 20 MG/ML Medicated Liquid Soap [Clearasil Daily Clear],SBD,D01AE12|N02BA04,D01AE12,,
1927647,benzocaine 50 MG/ML Medicated Pad,SCD,C05AD03|D04AB04|R02AD01,D04AB04,,
1942340,diphenhydramine hydrochloride 10 MG/ML / pramoxine hydrochloride 10 MG/ML Topical Spray,SCD,D04AA32|R06AA02,D04AA32,,
1235467,benzocaine 15 MG / menthol 2.1 MG Oral Lozenge [Cepacol Sore Throat Pain Relief],SBD,C05AD03|D04AB04|R02AD01,R02AD01,,
1245250,gentamicin sulfate 1.5 MG/ML / hydrocortisone aceponate 1.11 MG/ML / miconazole nitrate 15.1 MG/ML Otic Suspension [Easotic],SBD,A01AB09|A01AC03|A07EA02|D01AC02|D06AX07|D07AA02|D07AB02|D07AB11|G01AF04|H02AB09|S01BA02|S03AA06,S02CA03,,
1248362,phenylephrine hydrochloride 1 MG/ML / promethazine hydrochloride 1.25 MG/ML Oral Solution [PHEN-TUSS AD],SBD,R01AA04|R06AD02|S01FB01|S01XA20,R01BA03|R06AD02,,
1250923,undecylenic acid 200 MG/ML Topical Cream [Cruex],SBD,D01AE04|D01AE20,D01AE04,,
1251336,{28 (ethinyl estradiol 0.005 MG / norethindrone acetate 1 MG Oral Tablet) } Pack,GPCK,G03CA01|G03DC02,G03AA05,,
1292877,lidocaine 0.04 MG/MG Topical Gel [Zcaine],SBD,D04AB01|N01BB02|R02AD02,D04AB01,,
1293895,chloroxylenol 1 MG/ML / hydrocortisone 10 MG/ML / pramoxine hydrochloride 10 MG/ML Otic Solution [Zoto-HC],SBD,D08AE05,S02BA01,,
1294036,pramoxine hydrochloride 10 MG/ML Topical Spray,SCD,C05AD07|D04AB07,D04AB07,,
1294383,diphenhydramine hydrochloride 2.5 MG/ML / hydrocodone bitartrate 0.4 MG/ML / phenylephrine hydrochloride 1.5 MG/ML Oral Solution,SCD,R05DA03,R01BA03|R05DA03|R06AA02,,
1298747,cetylpyridinium chloride 0.0007 MG/MG Oral Lozenge,SCD,B05CA01|D08AJ03|D09AA07|R02AA06,R02AA06,,
1303727,bacitracin 0.5 UNT/MG / pramoxine hydrochloride 0.01 MG/MG Topical Ointment,SCD,C05AD07|D04AB07|D06AX05|J01XX10|R02AB04,D04AB07|D06AX05,,
1307225,chlorpheniramine tannate 0.8 MG/ML / phenylephrine tannate 4 MG/ML Extended Release Suspension,SCD,R06AB04,R01BA03|R06AB04,IMPROVED,R01BA03|R06AB04
1438129,10 ML penicillin G procaine 10000 UNT/ML Prefilled Syringe [Go-dry],SBD,J01CE08|J01CE09,J01CE09,,
1488602,salicylic acid 5 MG/ML Topical Solution [Medibac Clearing Complex],SBD,D01AE12|N02BA04,D01AE12,,
1491773,ethanol 0.62 ML/ML Medicated Liquid Soap,SCD,D08AX08|V03AB16|V03AZ01,D08AX08,IMPROVED,D08AX08
1535160,miconazole nitrate 0.02 MG/MG Vaginal Ointment,SCD,A01AB09|D01AC02|G01AF04,G01AF04,,
1536610,{1 (9000 MG) (miconazole nitrate 20 MG/ML Vaginal Cream [Monistat]) / 7 (5000 MG) (miconazole nitrate 20 MG/ML Vaginal Cream [Monistat]) } Pack [Monistat 7 Vaginal Cream Combination Pack with Vaginal Creams],BPCK,A01AB09|D01AC02|G01AF04,G01AF04,IMPROVED,G01AF04
1540505,capsaicin 2 MG/ML / menthol 120 MG/ML Topical Solution [Soothanol X2],SBD,N01BX04,M02AB01,,
1549315,prednisolone acetate 1.25 MG/ML Ophthalmic Suspension,SCD,A07EA01|H02AB06|S01BA04|S03BA02,S01BA04,,
1598027,benzalkonium chloride 1 MG/ML / ethanol 0.62 ML/ML Topical Spray,SCD,D08AJ01|D08AJ08|R02AA16,D08AJ01|D08AX08,,
1598068,ivermectin 10 MG/ML Topical Cream,SCD,D11AX22|P02CF01,D11AX22,,
1293510,caffeine 100 MG / ergotamine tartrate 2 MG Rectal Suppository [Cafergot],SBD,N02CA02|N02CA52|N06BC01,N02CA52,,
1795345,glucose 50 MG/ML / sodium chloride 9 MG/ML Injection,SCD,B05BB01,B05BB02,,
1803546,ethanol 0.698 ML/ML Topical Gel,SCD,D08AX08|V03AB16|V03AZ01,D08AX08,,
1945175,glycerin 990 MG/ML Topical Solution,SCD,A06AX01,,,
1244636,betamethasone valerate 1.2 MG/ML Topical Foam [Luxiq],SBD,D07AC01|H02AB01|S01BA06|S03BA03,D07AC01,,
1245229,benzalkonium chloride 1 MG/ML / benzocaine 50 MG/ML Topical Spray,SCD,C05AD03|D04AB04|D08AJ01|D08AJ08|R02AA16|R02AD01,D04AB04,,
1251928,acetaminophen 500 MG / chlorpheniramine maleate 2 MG / pseudoephedrine hydrochloride 30 MG Oral Tablet,SCD,N02BE01|R01BA02|R06AB04,R01BA02,,
1291672,lidocaine 0.04 MG/MG Topical Gel,SCD,D04AB01|N01BB02|R02AD02,D04AB01,,
1363410,{28 (cabozantinib 20 MG Oral Capsule [Cometriq]) / 28 (cabozantinib 80 MG Oral Capsule [Cometriq]) } Pack [Cometriq 100 MG Daily Dose Carton],BPCK,L01XE26,L01EX07,,
1370963,12 HR dexbrompheniramine maleate 6 MG / pseudoephedrine sulfate 120 MG Extended Release Oral Tablet,SCD,R01BA02|R06AB06,R01BA02,,
1376094,salicylic acid 5 MG/ML Paste [Clearskin Pore Penetrating Black Mineral Mask],SBD,D01AE12|N02BA04,D02AF,,
142002,hypromellose 5 MG/ML Ophthalmic Solution,SCD,S01KA02|S01XA20,S01KA02,,
1490693,bacitracin 500 UNT/ML / neomycin 3.5 MG/ML / polymyxin B 10000 UNT/ML Topical Cream,SCD,A07AA01|D06AX04|S01AA03,D06AX04|D06AX05,,
1493165,salicylic acid 20 MG/ML Medicated Liquid Soap [Clear Proof Acne Medication],SBD,D01AE12|N02BA04,D01AE12,,
1797927,beclomethasone dipropionate 0.084 MG/ACTUAT Metered Dose Nasal Spray [Vancenase],SBD,D07AC15|R01AD01,R01AD01,,
1245379,docusate sodium 100 MG / phenolphthalein 65 MG Oral Tablet,SCD,A06AB04,A06AA02|A06AB04,,
1246075,pramoxine hydrochloride 10 MG/ML Topical Lotion,SCD,C05AD07|D04AB07,D04AB07,,
1249712,dexamethasone sodium phosphate 0.4 MG/ML Injectable Solution,SCD,H02AB02|S01BA01,H02AB02,,
1251617,cetylpyridinium chloride 0.5 MG/ML Mouthwash,SCD,B05CA01|D08AJ03|D09AA07|R02AA06,R02AA06,,
1293639,caffeine 100 MG / ergotamine tartrate 2 MG Rectal Suppository [Migergot],SBD,N02CA02|N02CA52|N06BC01,N02CA52,,
1366571,34 ML raxibacumab 50 MG/ML Injection,SCD,J06BB18,J06BC02,,
1484890,coal tar 20 MG/ML / menthol 10 MG/ML / salicylic acid 30 MG/ML Medicated Shampoo,SCD,D01AE12|N02BA04,D11AC,,
1552201,lidocaine 0.04 MG/MG / menthol 0.05 MG/MG Medicated Patch,SCD,D04AB01|N01BB02|R02AD02,D04AB01,,
1651571,betamethasone 5 MG/ML / hydroquinone 120 MG/ML / tretinoin 1 MG/ML Topical Cream,SCD,D11AX11,D07AC01|D10AD01|D11AX11,,
1542919,sodium bicarbonate 700 MG / sodium chloride 2300 MG Powder for Nasal Solution,SCD,A12CA01|B05BB01|B05CB01|B05XA03|S01XA03,R01AX,,
1539265,ubidecarenone 125 MG / vitamin E 10 UNT Oral Capsule [NeoQ10],SBD,A11HA03|C01EB09,C01EX,,
1546212,povidone-iodine 7.5 MG/ML Topical Solution,SCD,D08AG02|D09AA09|D11AC06|G01AX11|R02AA15,D08AG02,IMPROVED,D08AG02
1547991,magnesium citrate 58.2 MG/ML Oral Solution [Max Lax],SBD,A12CC04,A06AD19,IMPROVED,A06AD19
1535981,chlorpheniramine maleate 0.5 MG/ML / hydrocodone bitartrate 0.65 MG/ML / phenylephrine hydrochloride 1.6 MG/ML Oral Solution [Z-Cof HC],SBD,R05DA03|R06AB04,R01BA03|R05DA03|R06AB04,,
1947261,histamine dihydrochloride 0.5 MG/ML / menthol 100 MG/ML / methyl salicylate 100 MG/ML Topical Cream,SCD,V04CG03,,,
1301848,dimethicone 80 MG/ML Topical Cream,SCD,P03AX05,D02AA,,
1308385,alpha-tocopherol acetate 30 UNT / ascorbic acid 25 MG / cholecalciferol 170 UNT / docosahexaenoic acid 265 MG / docusate sodium 55 MG / ferrous fumarate 30 MG / folic acid 1.24 MG / pyridoxine hydrochloride 25 MG / tricalcium phosphate 160 MG Oral Capsule [PreNexa],SBD,A11CC05|A11GA01|A11HA02|B03BB01,B03AE02,,
1363408,{84 (cabozantinib 20 MG Oral Capsule [Cometriq]) / 28 (cabozantinib 80 MG Oral Capsule [Cometriq]) } Pack [Cometriq 140 MG Daily Dose Carton],BPCK,L01XE26,L01EX07,,
645497,benzocaine 0.2 MG/MG Oral Gel [Gum Numb Gel],SBD,R02AD01,D04AB04,,
631504,sodium chloride 0.154 MEQ/ML Irrigation Solution [Saljet],SBD,A12CA01|B05BB01|B05CB01|B05XA03|S01XA03,B05CB01,IMPROVED,B05CB01
727507,0.5 ML choriogonadotropin alfa 0.5 MG/ML Prefilled Syringe [Ovidrel],SBD,G03GA01|G03GA08,G03GA08,,
744868,menthol 0.0044 MG/MG / zinc oxide 0.2 MG/MG Topical Ointment,SCD,C05AX04,D02AB,,
799999,calcium chloride 0.00014 MEQ/ML / glucose 1.7 MG/ML / magnesium chloride 0.0000245 MEQ/ML / sodium chloride 0.00368 MEQ/ML / sodium lactate 0.0016 MEQ/ML Intraperitoneal Solution,SCD,A12CA01|A12CC01|B05BA03|B05BB01|B05CB01|B05XA03|B05XA07|G01AD01|S01XA03|V06DC01,B05DB,,
903298,levothyroxine sodium 0.15 MG / liothyronine sodium 0.0375 MG Oral Tablet,SCD,H03AA01|H03AA02,H03AA02,,
884787,ethanol 0.65 ML/ML Medicated Pad,SCD,D08AX08|V03AB16|V03AZ01,D08AX08,,
885568,salicylic acid 60 MG/ML Topical Lotion [Salacyn],SBD,D01AE12|N02BA04,D01AE12,,
992778,{1 (miconazole nitrate 1200 MG Vaginal Insert [Monistat]) / 1 (9000 MG) (miconazole nitrate 20 MG/ML Vaginal Cream [Monistat]) } Pack [Monistat 1 Day Ovule Combination Pack],BPCK,A01AB09|D01AC02|G01AF04,G01AF04,,
204899,cysteine 3.5 MG/ML / inositol 8.3 MG/ML / methionine 8.3 MG/ML / sodium propionate 5 MG/ML / urea 83.4 MG/ML Vaginal Cream,SCD,A11HA07|S01AX10|V03AB26,,,
205023,salicylic acid 30 MG/ML Medicated Shampoo,SCD,D01AE12|N02BA04,D11AC,,
205890,epinephrine 10 MG/ML / pilocarpine hydrochloride 10 MG/ML Ophthalmic Solution [E-Pilo-1],SBD,C01CA24|N07AX01|S01EA01|S01EB01,S01EA51,,
996101,dutasteride 0.5 MG / tamsulosin hydrochloride 0.4 MG Oral Capsule [Jalyn],SBD,G04CA02|G04CA52|G04CB02,G04CA52,,
359261,benzocaine 200 MG/ML / triclosan 1.3 MG/ML Topical Spray,SCD,C05AD03|D04AB04|D08AE04|R02AD01,D08AE04,,
1999026,{21 (ethinyl estradiol 0.02 MG / levonorgestrel 0.1 MG Oral Tablet) / 7 (ferrous bisglycinate 36.5 MG Oral Tablet) } Pack [Balcoltra 28 Day],BPCK,G03AC03|G03CA01,G03AA07,,
834176,chlorhexidine gluconate 5 MG/ML Topical Solution,SCD,A01AB03|D08AC02|R02AA05,D08AC02,,
756303,glycerin 121 MG/ML / lysine 6.67 MG/ML Oral Solution,SCD,B05XB03,A06AX01,,
884804,menthol 0.0045 MG/MG / zinc oxide 0.2 MG/MG Topical Ointment,SCD,C05AX04,D02AB,,
898718,pregabalin 20 MG/ML Oral Solution [Lyrica],SBD,N02BF02|N03AX16,N02BF02,,
905300,ivermectin 10 MG/ML Injectable Solution [Ivermax],SBD,D11AX22|P02CF01,P02CF01,,
991488,codeine phosphate 2 MG/ML / promethazine hydrochloride 1.25 MG/ML Oral Solution [Pentazine with Codeine],SBD,R05DA04,R05DA04|R06AD02,,
309783,1000 ML glucose 50 MG/ML / potassium chloride 0.02 MEQ/ML Injection,SCD,B05BA03|V06DC01,B05BB02,,
313091,sorbitol 33 MG/ML Irrigation Solution,SCD,A06AD18|A06AG07|B05CX02|V04CC01,B05CX02,,
865105,salicylic acid 5 MG/ML Medicated Liquid Soap,SCD,D01AE12|N02BA04,D01AE12,,
966542,100 ACTUAT beclomethasone dipropionate 0.08 MG/ACTUAT Metered Dose Inhaler [Qvar],SBD,D07AC15|R01AD01,R03BA01,,
979338,folic acid 1 MG / polysaccharide iron complex 150 MG / vitamin B12 0.025 MG Oral Capsule [Poly Iron 150 Forte],SBD,B03BA01|B03BB01,B03AE01,,
308167,amobarbital 100 MG / secobarbital 100 MG Oral Capsule,SCD,N05CA02|N05CA06,N05CB01,IMPROVED,N05CB01
312562,povidone-iodine 0.1 MG/MG Topical Gel,SCD,D08AG02|D09AA09|D11AC06|G01AX11|R02AA15,D08AG02,,
1088235,lidocaine hydrochloride 0.025 MG/MG Topical Gel [Burn Jel Plus],SBD,D04AB01|N01BB02|R02AD02,D04AB01,,
1995288,cocaine hydrochloride 40 MG/ML Nasal Solution,SCD,N01BC01|S01HA01|S02DA02,N01BC01,,
1996196,salicylic acid 20 MG/ML Medicated Shampoo [Selsun Blue Naturals],SBD,D01AE12|N02BA04,D11AC,,
2045638,1 ML erenumab-aooe 70 MG/ML Auto-Injector [Aimovig],SBD,N02CX07,N02CD01,,
827706,Phenylephrine Hydrochloride 0.5 MG/ML Oral Solution [Sudafed PE Children's Nasal Decongestant],SBD,R01AA04|S01FB01|S01XA20,R01BA03,,
831111,cromolyn sodium 40 MG/ML Ophthalmic Solution [Crolom],SBD,A07EB01|S01GX01,S01GX01,,
204676,chlorpheniramine maleate 6 MG / phenylephrine hydrochloride 5 MG / phenylpropanolamine hydrochloride 40 MG Oral Tablet,SCD,R01BA01|R06AB04,R01BA01|R01BA03|R06AB04,,
692757,desonide 0.0005 MG/MG Topical Gel [Desonate],SBD,D07AB08|S01BA11,D07AB08,,
702008,mineral oil 0.425 MG/MG / petrolatum 0.573 MG/MG Ophthalmic Ointment,SCD,A06AA01,S01XA20,,
708221,benzocaine 150 MG/ML / menthol 50 MG/ML / methyl salicylate 300 MG/ML Topical Lotion,SCD,C05AD03|D04AB04|R02AD01,D04AB04,,
880411,salicylic acid 20 MG/ML / sulfur 20 MG/ML Medicated Shampoo [Ala Seb],SBD,D10AB02,D11AC08,,
903302,levothyroxine sodium 0.15 MG / liothyronine sodium 0.0375 MG Oral Tablet [Thyrolar],SBD,H03AA01|H03AA02,H03AA02,,
312289,naloxone 0.5 MG / pentazocine 50 MG Oral Tablet,SCD,N02AD01,N02AD51,,
199135,salicylic acid 6 MG/ML Topical Lotion,SCD,D01AE12|N02BA04,D01AE12,,
966743,clorsulon 100 MG/ML / ivermectin 10 MG/ML Injectable Solution [Ivermax Plus],SBD,D11AX22|P02CF01,P02CF01,,
205347,chlorpheniramine maleate 5 MG / phenylephrine hydrochloride 10 MG / phenylpropanolamine hydrochloride 40 MG / phenyltoloxamine citrate 15 MG Extended Release Oral Tablet,SCD,R01BA01|R06AB04,R01BA01|R01BA03|R06AB04,,
997515,24 HR fexofenadine hydrochloride 180 MG / pseudoephedrine hydrochloride 240 MG Extended Release Oral Tablet [Allegra-D],SBD,R01BA02|R06AX26,R01BA02,,
309339,50 ML clindamycin 6 MG/ML Injection,SCD,D10AF01|J01FF01,J01FF01,,
311642,methylcellulose 10 MG/ML Ophthalmic Solution,SCD,A06AC06,S01XA20,,
753482,{21 (desogestrel 0.15 MG / ethinyl estradiol 0.03 MG Oral Tablet) / 7 (inert ingredients 1 MG Oral Tablet) } Pack [Apri 28 Day],BPCK,G03AA09|G03AC09,G03AA09,,
865073,zinc oxide 250 MG/ML Topical Spray,SCD,C05AX04,D02AB01,BOTH_WRONG,D02AB01
2000538,lidocaine hydrochloride 0.015 MG/MG Topical Gel,SCD,D04AB01|N01BB02|R02AD02,D04AB01,,
795765,ferrous fumarate 162 MG / polysaccharide iron complex 115 MG Oral Capsule,SCD,B03AA02|B03AB02,B03AA02,,
198334,sulfamethoxazole 400 MG / trimethoprim 80 MG Oral Tablet,SCD,J01EA01|J01EC01,J01EE01,,
800918,ascorbic acid 4700 MG / polyethylene glycol 3350 100000 MG / potassium chloride 1015 MG / sodium ascorbate 5900 MG / sodium chloride 2690 MG / sodium sulfate 7500 MG Powder for Oral Solution [MoviPrep],SBD,A11GA01,A06AD65,,
829762,10 ML magnesium sulfate 500 MG/ML Prefilled Syringe,SCD,A06AD04|B05XA05,B05XA05,,
2003131,benzocaine 0.2 MG/MG / menthol 0.01 MG/MG Topical Gel,SCD,C05AD03|D04AB04|R02AD01,D04AB04,,
2045343,allantoin 6 MG/ML / lidocaine hydrochloride 40 MG/ML / menthol 10 MG/ML Topical Cream,SCD,D04AB01|N01BB02|R02AD02,D04AB01,,
995441,codeine phosphate 1.5 MG/ML / guaifenesin 45 MG/ML Oral Solution,SCD,R05CA03|R05DA04,R05FA02,,
998479,miconazole nitrate 0.02 MG/MG Powder Spray [Desenex],SBD,A01AB09|D01AC02|G01AF04,D01AC02,,
359930,guaifenesin 800 MG / phenylephrine hydrochloride 20 MG Extended Release Oral Tablet,SCD,R05CA03,R01BA03|R05CA03,,
801185,{21 (drospirenone 3 MG / ethinyl estradiol 0.03 MG Oral Tablet) / 7 (inert ingredients 1 MG Oral Tablet) } Pack [Ocella 28 Day],BPCK,G03AA12|G03AC10,G03AA12,,
801533,alanine 5.7 MG/ML / arginine 2.85 MG/ML / glucose 50 MG/ML / glycine 5.7 MG/ML / histidine 1.2 MG/ML / isoleucine 1.32 MG/ML / leucine 1.7 MG/ML / lysine 1.59 MG/ML / methionine 1.59 MG/ML / phenylalanine 1.7 MG/ML / proline 1.15 MG/ML / threonine 1.15 MG/ML / tryptophan 0.5 MG/ML / tyrosine 0.11 MG/ML / valine 1.26 MG/ML Injectable Solution [Travasol 2.75/5],SBD,B05CX03|B05XB03|N06AX02|V03AB26,B05BA01,,
856422,hydrochlorothiazide 25 MG / propranolol hydrochloride 40 MG Oral Tablet,SCD,C03AA03|C07AA05,C07BA05,IMPROVED,C07BA05
856908,acetaminophen 660 MG / hydrocodone bitartrate 10 MG Oral Tablet,SCD,N02BE01|R05DA03,N02AJ22,,
2107058,trastuzumab-pkrb 21 MG/ML Injectable Solution [Herzuma],SBD,L01XC03,L01FD01,,
213545,betamethasone 0.5 MG/ML Topical Lotion [Diprosone],SBD,D07AC01|H02AB01|S01BA06|S03BA03,D07AC01,,
213641,betamethasone 0.5 MG/ML / clotrimazole 10 MG/ML Topical Cream [Lotrisone],SBD,D01AC01|D07AC01|H02AB01|S01BA06|S03BA03,D01AC20,BOTH_WRONG,D01AC20
2181318,chlorpheniramine maleate 4 MG / phenylephrine hydrochloride 10 MG / pyrilamine maleate 25 MG Extended Release Oral Tablet,SCD,R06AB04,R01BA03|R06AB04|R06AC01,,
2106334,"0.5 ML diphtheria toxoid vaccine, inactivated 4 UNT/ML / tetanus toxoid vaccine, inactivated 4 UNT/ML Injection [Tdvax]",SBD,J07AF01|J07AM01,J07AM51,BOTH_WRONG,J07AM51
1095224,{21 (ethinyl estradiol 0.035 MG / norethindrone 0.4 MG Chewable Tablet) / 7 (ferrous fumarate 75 MG Chewable Tablet) } Pack,GPCK,B03AA02|G03CA01|G03DC02,G03AA05,,
1099583,pseudoephedrine hydrochloride 60 MG / triprolidine hydrochloride 2.5 MG Oral Tablet [Aphedrid],SBD,R01BA02|R01BA52|R06AX07,R01BA02|R06AX07,,
1101859,chlorpheniramine maleate 8 MG / methscopolamine nitrate 2.5 MG Extended Release Oral Tablet [Aerohist],SBD,R06AB04,A03BB03|R06AB04,,
2168083,triamcinolone acetonide 80 MG/ML Injectable Suspension [Kenalog],SBD,A01AC01|H02AB08|R01AD11,H02AB08,,
1146883,diphenhydramine hydrochloride 20 MG/ML Topical Cream [Dermamycin],SBD,D04AA32|R06AA02,D04AA32,,
1150121,3 ML epinephrine 0.01 MG/ML / lidocaine hydrochloride 10 MG/ML Prefilled Syringe,SCD,C01CA24|D04AB01|N01BB02|R02AD02|S01EA01,C01CA24|N01BB02,,
1190936,atropine sulfate 10 MG/ML / prednisolone acetate 2.5 MG/ML Ophthalmic Suspension,SCD,A03BA01|A07EA01|H02AB06|S01BA04|S01FA01|S03BA02,S01BA04|S01FA01,IMPROVED,S01BA04|S01FA01
1233208,pramoxine hydrochloride 10 MG/ML Topical Cream [Eczemin],SBD,C05AD07|D04AB07,D04AB07,,
1234509,hydrocortisone acetate 25 MG/ML / pramoxine hydrochloride 10 MG/ML Topical Cream [Pramosone],SBD,A01AC03|A07EA02|D07AA02|D07AB02|D07AB11|H02AB09|S01BA02,D07XA01,,
1099892,salicylic acid 5 MG/ML Medicated Liquid Soap [Nu Skin Clear Action],SBD,D01AE12|N02BA04,D01AE12,,
477451,clindamycin 10 MG/ML Topical Foam,SCD,D10AF01|J01FF01,D10AF01,,
541544,prednisolone 1.1 MG/ML Ophthalmic Solution [AK-Pred],SBD,A07EA01|H02AB06|S01BA04|S03BA02,S01BA04,,
608897,benzocaine 200 MG/ML Mucous Membrane Topical Solution [Anbesol],SBD,C05AD03|D04AB04|R02AD01,N01BA05,,
857866,chlorpheniramine maleate 0.4 MG/ML / hydrocodone bitartrate 0.5 MG/ML / phenylephrine hydrochloride 1 MG/ML Oral Solution [Cytuss HC],SBD,R05DA03|R06AB04,R01BA03|R05DA03|R06AB04,,
1010055,lidocaine hydrochloride 100 MG/ML Mucosal Spray [Xylocaine],SBD,D04AB01|N01BB02|R02AD02,R02AD02,,
1010900,lidocaine hydrochloride 5 MG/ML Injectable Solution,SCD,D04AB01|N01BB02|R02AD02,N01BB02,,
1012611,hydrocortisone acetate 5 MG/ML / lidocaine hydrochloride 30 MG/ML Topical Lotion [Senatec HC],SBD,A01AC03|A07EA02|D04AB01|D07AA02|D07AB02|D07AB11|H02AB09|N01BB02|R02AD02|S01BA02,D04AB01|D07AA02,,
1041873,benzethonium chloride 2 MG/ML Topical Foam [Sani Guard],SBD,D08AJ08|R02AA09,D08AJ08,,
1043199,salicylic acid 5 MG/ML Topical Lotion [Celazome O-Plex],SBD,D01AE12|N02BA04,D01AE12,,
1049759,{1 (60 ML) (benzalkonium chloride 1 MG/ML Topical Solution [Pronto Plus Lice Egg Remover]) / 1 (60 ML) (piperonyl butoxide 40 MG/ML / pyrethrins 3.3 MG/ML Medicated Shampoo [Pronto Plus]) } Pack [Pronto Plus Complete Lice Remover System],BPCK,D08AJ01|D08AJ08|P03AC01|R02AA16,D08AJ01|P03AC01,,
1053133,hypromellose 2 MG/ML / naphazoline hydrochloride 0.25 MG/ML / polysorbate 80 5 MG/ML / zinc sulfate 2.5 MG/ML Ophthalmic Solution,SCD,A12CB01|S01KA02,S01GA51,IMPROVED,S01GA51
108204,povidone-iodine 50 MG/ML Topical Spray [Betadine],SBD,D08AG02|D09AA09|D11AC06|G01AX11|R02AA15,D08AG02,,
1085636,triamcinolone acetonide 0.001 MG/MG Topical Ointment,SCD,A01AC01|H02AB08|R01AD11,D07AB09,,
1085612,nystatin 100000 UNT/ML / triamcinolone acetonide 1 MG/ML Topical Cream [Mytrex],SBD,A01AB11|A01AC01|A07AA02|D01AA01|H02AB08|R01AD11,D01AA20,,
237367,1000 ML potassium chloride 0.04 MEQ/ML / sodium chloride 9 MG/ML Injection,SCD,A12CA01|B05BB01|B05CB01|B05XA03|S01XA03,B05BB01,,
242297,ethinyl estradiol 0.02 MG / levonorgestrel 0.1 MG Oral Tablet,SCD,G03AC03|G03CA01,G03AA07,,
242429,potassium iodide 65 MG/ML Oral Solution,SCD,R05CA02|S01XA04|V03AB21,R05CA02,,
307703,acetic acid 20 MG/ML / benzocaine 14 MG/ML Otic Suspension,SCD,C05AD03|D04AB04|G01AD02|R02AD01|S02AA10,S02AA10,,
1660018,epinephrine 1 MG/ML Injection [Adrenalin],SBD,C01CA24|S01EA01,C01CA24,,
1116111,chlorhexidine gluconate 20 MG/ML / miconazole nitrate 20 MG/ML Medicated Shampoo [Malaseb],SBD,A01AB03|A01AB09|D01AC02|D08AC02|G01AF04|R02AA05,D01AC02|D08AC02,,
545255,loteprednol etabonate 5 MG/ML / tobramycin 3 MG/ML Ophthalmic Suspension,SCD,S01BA14,S01CA12,,
581658,ethanol 0.6 ML/ML Topical Gel,SCD,D08AX08|V03AB16|V03AZ01,D08AX08,,
857725,chlorpheniramine maleate 0.2 MG/ML / hydrocodone bitartrate 0.5 MG/ML / phenylephrine hydrochloride 1 MG/ML Oral Solution [Histussin-HC],SBD,R05DA03|R06AB04,R01BA53|R05DA03|R06AB04,BOTH_WRONG,R01BA53|R05DA03|R06AB04
1012264,hydrocortisone acetate 10 MG/ML / lidocaine hydrochloride 30 MG/ML Medicated Pad [Peranex],SBD,A01AC03|A07EA02|D04AB01|D07AA02|D07AB02|D07AB11|H02AB09|N01BB02|R02AD02|S01BA02,C05AA01|D04AB01,,
1012569,hydrocortisone acetate 10 MG/ML / lidocaine hydrochloride 30 MG/ML Rectal Cream [Anamantle HC],SBD,A01AC03|A07EA02|D04AB01|D07AA02|D07AB02|D07AB11|H02AB09|N01BB02|R02AD02|S01BA02,A07EA02|C05AD01,,
1086115,triamcinolone acetonide 40 MG/ML Injectable Suspension [Triamonide],SBD,A01AC01|H02AB08|R01AD11,H02AB08,,
1047362,salicylic acid 10 MG/ML Topical Solution,SCD,D01AE12|N02BA04,D01AE12,,
578803,betamethasone 3 MG/ML / betamethasone acetate 3 MG/ML Injectable Suspension,SCD,D07AC01|H02AB01|S01BA06|S03BA03,H02AB01,,
204925,coal tar 5 MG/ML / salicylic acid 20 MG/ML / sulfur 20 MG/ML Medicated Shampoo,SCD,D10AB02,D11AC08,,
997160,codeine phosphate 1.8 MG/ML / phenylephrine hydrochloride 1 MG/ML / pyrilamine maleate 1.67 MG/ML Oral Solution,SCD,R05DA04,R01BA03|R05DA04|R06AC01,,
998282,chlorhexidine gluconate 20 MG/ML / isopropyl alcohol 0.7 ML/ML Topical Solution [ChloraPrep],SBD,D08AX05,D08AC02,,
314197,palivizumab 100 MG/ML Injectable Solution,SCD,J06BB16,J06BD01,,
853511,salicylic acid 0.01 MG/MG Medicated Bar Soap [Stri-Dex],SBD,D01AE12|N02BA04,D01AE12,,
208328,tretinoin 0.25 MG/ML Topical Cream [Retin-A],SBD,D10AD01|L01XX14,D10AD01,,
211109,povidone-iodine 100 MG/ML Topical Solution [Clinidine],SBD,D08AG02|G01AX11,D08AG02,,
2181317,chlorpheniramine maleate 4 MG / phenylephrine hydrochloride 10 MG / phenylpropanolamine hydrochloride 50 MG / pyrilamine maleate 25 MG Oral Tablet,SCD,R01BA01|R06AB04,R01BA01|R01BA03|R06AB04|R06AC01,,
1101855,12 HR chlorpheniramine maleate 8 MG / methscopolamine nitrate 2.5 MG Extended Release Oral Tablet,SCD,R06AB04,A03BB03|R06AB04,,
1191400,fluocinolone acetonide 0.1 MG/ML / zinc pyrithione 20 MG/ML Medicated Shampoo,SCD,D11AX12,D07AC04|D11AX12,,
2045245,{1 (ascorbic acid 7540 MG / polyethylene glycol 3350 40000 MG / potassium chloride 1200 MG / sodium ascorbate 48110 MG / sodium chloride 3200 MG Powder for Oral Solution) / 1 (polyethylene glycol 3350 100000 MG / potassium chloride 1000 MG / sodium chloride 2000 MG / sodium sulfate 9000 MG Powder for Oral Solution) } Pack [Plenvu],BPCK,A11GA01,A06AD65,,
998546,miconazole nitrate 40 MG/ML Vaginal Cream [Monistat],SBD,A01AB09|D01AC02|G01AF04,G01AF04,,
318146,fructose 374 MG/ML / glucose 374 MG/ML / phosphoric acid 4.3 MG/ML Oral Solution,SCD,V06DC02,A16AX,,
377234,chromic chloride / copper sulfate / manganese sulfate / zinc sulfate Injectable Solution,SCDF,A12CB01|V03AB20,V03AB20,,
403826,calcium carbonate 500 MG / simethicone 125 MG Chewable Tablet,SCD,A03AX13|A12AA04,A02AF,,
210223,calcium carbonate 520 MG / magnesium carbonate 400 MG Oral Tablet [Marblen],SBD,A02AA01|A12AA04,A02AD01,,
1100650,carboxymethylcellulose sodium 5 MG/ML / glycerin 9 MG/ML Ophthalmic Solution,SCD,A06AX01,S01XA20,,
582608,nitric oxide 0.08 % / nitrogen 99.92 % Gas for Inhalation,SCD,R07AX01|V03AN04,R07AX01,,
602393,abacavir 600 MG / lamivudine 300 MG Oral Tablet,SCD,J05AF05|J05AF06|J05AR02,J05AR02,,
616411,benzocaine 0.063 MG/MG Oral Gel [Anbesol],SBD,C05AD03|D04AB04|R02AD01,D04AB04,,
860678,hydrocodone bitartrate 1 MG/ML / phenylephrine hydrochloride 1 MG/ML / pyrilamine maleate 1 MG/ML Oral Solution [Mintuss MR],SBD,R05DA03,R01BA03|R05DA03|R06AC01,,
1000933,pilocarpine hydrochloride 50 MG/ML Ophthalmic Solution,SCD,N07AX01|S01EB01,S01EB01,IMPROVED,S01EB01
1001714,sulfacetamide sodium 90 MG/ML / sulfur 40 MG/ML Medicated Liquid Soap,SCD,D10AB02,D10AF06,,
1001718,sulfacetamide sodium 90 MG/ML / sulfur 40 MG/ML Medicated Liquid Soap [Zencia Wash],SBD,D10AB02,D10AB02|D10AF06,,
1005808,sulfacetamide sodium 100 MG/ML / sulfur 50 MG/ML Medicated Liquid Soap [Sulfatol],SBD,D10AB02,D10AB02|D10AF06,,
1014305,"fibrinogen, human 171 MG / thrombin, human 62.2 UNT Medicated Patch [TachoSil]",SBD,B02BC06|B02BD30,B02BC06,,
1037146,pheniramine maleate 8 MG / phenylpropanolamine hydrochloride 25 MG / phenyltoloxamine citrate 8 MG / pyrilamine maleate 8 MG Extended Release Oral Capsule [Poly Histine D],SBD,R01BA01,R01BA01|R06AB05|R06AC01,,
1049100,benzethonium chloride 12.5 MG/ML Topical Foam,SCD,D08AJ08|R02AA09,D08AJ08,,
1086033,triamcinolone diacetate 40 MG/ML Injectable Suspension [Clinacort],SBD,A01AC01|H02AB08|R01AD11,H02AB08,,
239209,vancomycin 100 MG/ML Injectable Solution,SCD,A07AA09,J01XA01,,
245244,netilmicin 25 MG/ML Injectable Solution,SCD,J01GB07|S01AA23,J01GB07,,
245723,tretinoin 0.0005 MG/MG Topical Gel,SCD,D10AD01|L01XX14,D10AD01,,
307713,acetic acid 90 MG/ML / salicylic acid 142 MG/ML Topical Solution,SCD,D01AE12|G01AD02|N02BA04|S02AA10,D01AE12,,
1656284,salicylic acid 20 MG/ML Medicated Liquid Soap [Clearasil Ultra Rapid Action],SBD,D01AE12|N02BA04,D01AE12,,
1728768,{7 (ethinyl estradiol 0.025 MG / norgestimate 0.18 MG Oral Tablet) / 7 (ethinyl estradiol 0.025 MG / norgestimate 0.215 MG Oral Tablet) / 7 (ethinyl estradiol 0.025 MG / norgestimate 0.25 MG Oral Tablet) / 7 (inert ingredients 1 MG Oral Tablet) } Pack [Trinessa Lo 28 Day],BPCK,G03CA01,G03AA11,,
858334,folic acid 0.2 MG / vitamin B12 1 MG Sublingual Tablet,SCD,B03BA01|B03BB01,A11JA,IMPROVED,A11JA
858770,hydrocodone bitartrate 2.5 MG / ibuprofen 200 MG Oral Tablet,SCD,R05DA03,N02AJ23,IMPROVED,N02AJ23
1038840,benzalkonium chloride 1 MG/ML Topical Foam [Eco-Clean Elite],SBD,D08AJ01|D08AJ08|R02AA16,D08AJ01,,
1013044,lidocaine hydrochloride 10 MG/ML Injectable Solution [L-Caine],SBD,D04AB01|N01BB02|R02AD02,C01BB01|N01BB02,,
1739871,hydrocortisone 10 MG/ML Topical Cream [Psoriasin Itch],SBD,A01AC03|A07EA02|D07AA02|D07AB02|D07AB11|H02AB09|S01BA02,D07AA02,,
543362,salicylic acid 60 MG/ML Topical Cream [Salex],SBD,D01AE12|N02BA04,D02AF,BOTH_WRONG,D02AF
860234,guaifenesin 10 MG/ML / hydrocodone bitartrate 0.5 MG/ML / phenylephrine hydrochloride 1.5 MG/ML Oral Solution [Donatussin DC],SBD,R05CA03|R05DA03,R01BA03|R05CA03|R05DA03,,
860426,guaifenesin 20 MG/ML / hydrocodone bitartrate 0.4 MG/ML / phenylephrine hydrochloride 2 MG/ML Oral Solution,SCD,R05CA03|R05DA03,R01BA03|R05CA03|R05DA03,,
1012375,sulfabenzamide 37 MG/ML / sulfacetamide sodium 28.6 MG/ML / sulfathiazole 34.2 MG/ML Vaginal Cream [Trysul],SBD,D10AB02,G01AE10,,
1038558,benzalkonium chloride 1.3 MG/ML Medicated Pad,SCD,D08AJ01|D08AJ08|R02AA16,D09AA11,,
1041847,ethanol 0.67 ML/ML Topical Foam,SCD,D08AX08|V03AB16|V03AZ01,D08AX08,,
237512,5 ML zinc sulfate 5 MG/ML Injection,SCD,A12CB01,B05XA18,,
260409,prednisolone 1 MG/ML Oral Solution [Pediapred],SBD,A07EA01|H02AB06|S01BA04|S03BA02,H02AB06,,
307748,aluminum hydroxide 40 MG/ML / magnesium hydroxide 40 MG/ML / simethicone 5 MG/ML Oral Suspension,SCD,A02AB01,A02AA04|G04BX01,,
1099893,salicylic acid 0.005 MG/MG Paste,SCD,D01AE12|N02BA04,D02AF,,
1659219,capsaicin 0.00025 MG/MG / menthol 0.05 MG/MG / methyl salicylate 0.05 MG/MG Medicated Patch,SCD,N01BX04,M02AB01|N01BX04,,
313967,epinephrine 1 MG/ML Nasal Solution,SCD,C01CA24|S01EA01,R03AA01,,
824190,amoxicillin 500 MG / clavulanate 125 MG Oral Tablet [Augmentin],SBD,J01CA04,J01CR02,,
856792,amitriptyline hydrochloride 25 MG / chlordiazepoxide 10 MG Oral Tablet,SCD,N05BA02|N06AA09,N06CA01,,
1117398,dimethicone 0.012 MG/MG Topical Gel [Monistat Soothing Care],SBD,P03AX05,D02AA,,
210760,ascorbic acid 125 MG / ferrous fumarate 66 MG Oral Tablet [Vitron-C],SBD,A11GA01,A11GA01|B03AA02,IMPROVED,A11GA01|B03AA02
211069,dibucaine 5 MG/ML Topical Cream [Nupercainal],SBD,C05AD04,D04AB02,,
1125471,zinc oxide 250 MG/ML Topical Cream,SCD,C05AX04,D02AB,,
860149,hydrocodone bitartrate 0.75 MG/ML / phenylephrine hydrochloride 1.5 MG/ML Oral Solution [Tusdec HC],SBD,R05DA03,R01BA03|R05DA03,,
1000095,doxepin hydrochloride 50 MG/ML Topical Cream [Zonalon],SBD,N06AA12,D04AX01,IMPROVED,D04AX01
1116117,ephedrine sulfate 2.5 MG/ML Nasal Spray [Pretz-D],SBD,R01AA03|R03CA02,R01AA03,,
211223,castor oil 793 MG/ML / Peruvian balsam 88.4 MG/ML / trypsin 0.122 MG/ML Topical Spray [Dermuspray],SBD,A06AB05,D03BA01,IMPROVED,D03BA01
1043249,tetrahydrozoline hydrochloride 0.5 MG/ML / zinc sulfate 2.5 MG/ML Ophthalmic Solution,SCD,A12CB01,S01GA02,,
1807580,40 ML sodium chloride 146 MG/ML Injection,SCD,A12CA01|B05BB01|B05CB01|B05XA03|S01XA03,B05XA03,,
1863606,glucose 50 MG/ML / potassium chloride 0.02 MEQ/ML / sodium chloride 4.5 MG/ML Injection,SCD,A12CA01|B05BA03|B05BB01|B05CB01|B05XA03|S01XA03|V06DC01,B05BB02,,
1869281,5 ML ethanol 0.98 ML/ML Injection,SCD,D08AX08|V03AB16|V03AZ01,V03AZ01,,
1947197,lidocaine hydrochloride 41.2 MG/ML Topical Cream,SCD,D04AB01|N01BB02|R02AD02,D04AB01,,
197407,betamethasone 1 MG/ML Topical Cream,SCD,D07AC01|H02AB01|S01BA06|S03BA03,D07AC01,,
1795470,1000 ML glucose 25 MG/ML / sodium chloride 4.5 MG/ML Injection,SCD,A12CA01|B05BA03|B05BB01|B05CB01|B05XA03|S01XA03|V06DC01,B05BB02,,
1243233,benzalkonium chloride 1.25 MG/ML Topical Solution [Mane 'N Tail Pro-Tect],SBD,D08AJ01|D08AJ08|R02AA16,D08AJ01,,
1243237,benzalkonium chloride 15 MG/ML Medicated Shampoo [Mane 'N Tail Pro-Tect],SBD,D08AJ01|D08AJ08|R02AA16,D08AJ01,IMPROVED,D08AJ01
1244205,"0.5 ML diphtheria toxoid vaccine, inactivated 50 UNT/ML / tetanus toxoid vaccine, inactivated 10 UNT/ML Injection",SCD,J07AF01|J07AM01,J07AM51,,
1245492,benzoic acid 9 MG / hyoscyamine sulfate 0.12 MG / methenamine 81.6 MG / methylene blue 10.8 MG / phenyl salicylate 36.2 MG Oral Tablet [Prosed DS],SBD,A03BA03|G04BX12|J01XX05,J01XX05,,
1246599,sodium hyaluronate 0.002 MG/MG Topical Gel [Bionect],SBD,M09AX01,D03AX05,IMPROVED,D03AX05
1247825,{1 (70000 MG) (salicylic acid 60 MG/ML Topical Foam [Salvax]) / 1 (150000 MG) (urea 350 MG/ML Topical Foam [Hydro 35]) } Pack [Salvax Duo Plus],BPCK,D01AE12|D02AE01|N02BA04,D01AE12|D02AE01,,
1250486,hydrocortisone acetate 10 MG/ML Topical Cream [Carmol HC],SBD,A01AC03|A07EA02|D07AA02|D07AB02|D07AB11|H02AB09|S01BA02,D07AA02,,
1293649,glycerin 144 MG/ML / petrolatum 150 MG/ML / phenylephrine hydrochloride 2.5 MG/ML / pramoxine hydrochloride 10 MG/ML Rectal Cream,SCD,A06AX01|R01AA04|S01FB01|S01XA20,C05AD07,,
1302627,benzalkonium chloride 1 MG/ML Topical Spray [Qore-24],SBD,D08AJ01|D08AJ08|R02AA16,D08AJ01,,
1374372,dexamethasone acetate 8 MG/ML Injectable Suspension,SCD,H02AB02|S01BA01,H02AB02,,
1425493,chlorhexidine gluconate 5 MG/ML Topical Solution [Hexidip],SBD,A01AB03|D08AC02|R02AA05,D08AC02,,
1427298,bacitracin 0.4 UNT/MG / neomycin 0.0035 MG/MG / polymyxin B 5 UNT/MG Topical Ointment [Repara Triple Antibiotic],SBD,A07AA01|D06AX04|S01AA03,D06AX04|D06AX05,,
1432974,chlorhexidine gluconate 0.5 MG/ML Topical Lotion,SCD,A01AB03|D08AC02|R02AA05,D08AC02,,
1442964,benzalkonium chloride 1 MG/ML Topical Foam [Servo Stat Bac],SBD,D08AJ01|D08AJ08|R02AA16,D08AJ01,,
1535597,ethanol 0.76 ML/ML Topical Gel,SCD,D08AX08|V03AB16|V03AZ01,D08AX08,,
1547607,codeine phosphate 2 MG/ML / guaifenesin 20 MG/ML / pseudoephedrine hydrochloride 6 MG/ML Oral Solution [Lortuss EX],SBD,R01BA02|R05CA03|R05DA04,R05FA02,,
1603382,benzocaine 0.02 MG/MG / salicylic acid 0.55 MG/MG Topical Ointment [Salinocaine],SBD,C05AD03|D01AE12|D04AB04|N02BA04|R02AD01,D01AE12,,
1607582,1 ML diclofenac sodium 37.5 MG/ML Injection [Dyloject],SBD,M01AB05|M02AA15|S01BC03,M01AB05,,
1607808,"0.5 ML Bordetella pertussis filamentous hemagglutinin vaccine, inactivated 0.04 MG/ML / Bordetella pertussis fimbriae 2/3 vaccine, inactivated 0.01 MG/ML / Bordetella pertussis pertactin vaccine, inactivated 0.006 MG/ML / Bordetella pertussis toxoid vaccine, inactivated 0.04 MG/ML / diphtheria toxoid vaccine, inactivated 30 UNT/ML / poliovirus vaccine inactivated, type 1 (Mahoney) 80 UNT/ML / poliovirus vaccine inactivated, type 2 (MEF-1) 16 UNT/ML / poliovirus vaccine inactivated, type 3 (Saukett) 64 UNT/ML / tetanus toxoid vaccine, inactivated 10 UNT/ML Injection [Quadracel]",SBD,J07AF01|J07AM01,J07CA02,,
1648155,niacinamide 3 MG/ML / salicylic acid 2 MG/ML Topical Solution,SCD,A11HA01,D02AF,,
1659595,ampicillin 1000 MG / sulbactam 500 MG Injection [Unasyn],SBD,J01CG01,J01CR04,,
1741559,niacinamide 3 MG/ML / salicylic acid 5 MG/ML Topical Spray,SCD,A11HA01,D02AF,,
1807637,10 ML sodium chloride 9 MG/ML Injection,SCD,A12CA01|B05BB01|B05CB01|B05XA03|S01XA03,B05XA03,,
1299244,12 HR loratadine 5 MG / pseudoephedrine sulfate 120 MG Extended Release Oral Tablet [Wal-itin D],SBD,R01BA02|R06AX13,R01BA02,,
1299672,300 ACTUAT isoproterenol sulfate 0.08 MG/ACTUAT Metered Dose Inhaler,SCD,C01CA02|R03AB02|R03CB01,R03AB02|R03CB01,,
1298806,3 ML lidocaine hydrochloride 100 MG/ML Prefilled Syringe [LidoPen],SBD,D04AB01|N01BB02|R02AD02,C01BB01|C05AD01|N01BB02,,
1356529,ivermectin 0.034 MG / praziquantel 28.5 MG / pyrantel 28.5 MG Chewable Tablet [Quadriguard],SBD,P02BA01|P02CC01,P02BA01|P02CC01|P02CF01,,
1371353,clindamycin 25 MG/ML Oral Solution [ANTIROBE],SBD,D10AF01|J01FF01,J01FF01,,
1423123,{7 (ethinyl estradiol 0.01 MG Oral Tablet) / 84 (ethinyl estradiol 0.03 MG / levonorgestrel 0.15 MG Oral Tablet) } Pack [Daysee 91 Day],BPCK,G03AA07|G03CA01,G03AA07,,
1424872,chlophedianol hydrochloride 24 MG / chlorpheniramine maleate 3.5 MG / phenylephrine hydrochloride 10 MG Oral Tablet,SCD,R05DB10|R06AB04,R05DB10,,
1432967,benzethonium chloride 2 MG/ML Topical Spray [Septicare],SBD,R02AA09,D08AJ08,,
1437982,undecylenic acid 30 MG/ML Topical Solution [Fiore],SBD,D01AE04|D01AE20,D01AE04,,
1491830,hydrogen peroxide 5 MG/ML Topical Solution [Perox-50],SBD,A01AB02|D08AX01,D08AX01,,
1739887,atropine sulfate 0.0194 MG / hyoscyamine sulfate 0.1037 MG / phenobarbital 16.2 MG / scopolamine hydrobromide 0.0065 MG Oral Tablet [Phenohytro],SBD,A03BA03|N03AA02,A03CB31,,
1860414,{21 (ethinyl estradiol 0.02 MG / levonorgestrel 0.1 MG Oral Tablet) / 7 (inert ingredients 1 MG Oral Tablet) } Pack [Afirmelle 28 Day],BPCK,G03AC03|G03CA01,G03AA07,,
1242240,chlorpheniramine maleate 2 MG / phenylephrine hydrochloride 5 MG Oral Tablet,SCD,R06AB04,R01BA03|R06AB04,,
1495106,salicylic acid 2 MG/ML Otic Suspension [Epi-Otic Advanced],SBD,D01AE12|N02BA04,D01AE12,IMPROVED,D01AE12
1535144,12 HR chlorpheniramine maleate 4 MG / methscopolamine nitrate 1.25 MG / phenylephrine hydrochloride 10 MG Extended Release Oral Tablet,SCD,R06AB04,A03BB03|R01BA03|R06AB04,,
1540854,bacitracin 0.4 UNT/MG / neomycin 0.0035 MG/MG / polymyxin B 10 UNT/MG Ophthalmic Ointment [Vetropolycin],SBD,A07AA01|D06AX04|S01AA03,S01AA30,,
1542813,tetracycline hydrochloride 0.03 MG/MG Topical Ointment,SCD,D06AA04|J01AA07,D06AA04,,
1548705,prednisolone acetate 10 MG/ML Ophthalmic Suspension [Econopred Plus],SBD,A07EA01|H02AB06|S01BA04|S03BA02,S01BA04,,
1357940,dexchlorpheniramine maleate 0.4 MG/ML / hydrocodone bitartrate 0.8 MG/ML / phenylephrine hydrochloride 1 MG/ML Oral Solution,SCD,R05DA03|R06AB02,R01BA03|R05DA03|R06AB02,,
1648152,dexpanthenol 2 MG/ML / salicylic acid 2.5 MG/ML Topical Solution,SCD,D01AE12|N02BA04,D11AX,,
1541104,salicylic acid 0.005 MG/MG Topical Gel [Dermalquench Clear],SBD,D01AE12|N02BA04,D01AE12,,
1248166,dehydrocholic acid 20 MG / docusate sodium 200 MG / phenolphthalein 15 MG Oral Capsule,SCD,A06AB04,A06AA02|A06AB04,,
1250898,chlorpheniramine maleate 12 MG / methscopolamine nitrate 2.5 MG / phenylephrine hydrochloride 20 MG Extended Release Oral Tablet,SCD,R06AB04,A03BB03|R01BA03|R06AB04,,
1307165,12 HR methscopolamine nitrate 2.5 MG / pseudoephedrine hydrochloride 120 MG Extended Release Oral Tablet [Respivent],SBD,R01BA02,A03BB03|R01BA02,,
1536467,aspirin 325 MG / citric acid 1000 MG / sodium bicarbonate 1700 MG Effervescent Oral Tablet,SCD,A09AB04,N02BA01,,
617432,amoxicillin 80 MG/ML / clavulanate 11.4 MG/ML Oral Suspension [Augmentin],SBD,J01CA04,J01CR02,IMPROVED,J01CR02
756250,ammonium chloride 8 MG/ML / chlorpheniramine maleate 0.8 MG/ML / codeine phosphate 2 MG/ML / phenylephrine hydrochloride 2 MG/ML Oral Solution,SCD,R05DA04|R06AB04,G04BA01|R01BA03|R05DA04|R06AB04,,
801009,glucose 50 MG/ML / magnesium acetate 0.000979 MEQ/ML / potassium acetate 0.013 MEQ/ML / sodium chloride 0.04 MEQ/ML Injectable Solution [Normosol-M],SBD,B05XA17,B05BB02,,
797955,salicylic acid 5 MG/ML Medicated Pad [Stri-Dex],SBD,D01AE12|N02BA04,D01AE12,,
797274,clindamycin 10 MG/ML Medicated Pad,SCD,D10AF01|J01FF01,D10AF01,,
880454,benzocaine 200 MG/ML Mucous Membrane Topical Solution [Dent-O-Kain],SBD,C05AD03|D04AB04|R02AD01,D04AB04,,
93253,hydrochlorothiazide 25 MG / triamterene 37.5 MG Oral Tablet [Maxzide],SBD,C03AA03|C03DB02,C03EA01,,
308486,bacitracin 0.4 UNT/MG / diperodon 0.01 MG/MG / neomycin 0.0035 MG/MG / polymyxin B 5 UNT/MG Topical Ointment,SCD,A07AA01|D06AX04|S01AA03,D06AX04|D06AX05,,
310878,hydrocortisone 1.67 MG/ML Enema,SCD,A01AC03|A07EA02|D07AA02|D07AB02|D07AB11|H02AB09|S01BA02,A07EA02,,
2001439,lidocaine 0.018 MG/MG Medicated Patch [ZTlido],SBD,D04AB01|N01BB02|R02AD02,D04AB01,,
204887,povidone-iodine 75 MG/ML Medicated Shampoo,SCD,D08AG02|D09AA09|D11AC06|G01AX11|R02AA15,D11AC06,,
834167,chlorhexidine gluconate 40 MG/ML Medicated Liquid Soap [Hibiclens],SBD,A01AB03|D08AC02|R02AA05,D08AC02,,
748868,{21 (ethinyl estradiol 0.02 MG / levonorgestrel 0.1 MG Oral Tablet) / 7 (inert ingredients 1 MG Oral Tablet) } Pack,GPCK,G03AC03|G03CA01,G03AA07,,
876858,ascorbic acid 35 MG/ML / cholecalciferol 0.01 MG/ML / niacin 8 MG/ML / riboflavin 0.6 MG/ML / thiamine 0.5 MG/ML / vitamin A 0.45 MG/ML / vitamin B12 0.002 MG/ML / vitamin B6 0.4 MG/ML / vitamin E 2.25 MG/ML Oral Solution,SCD,A11CA01|A11DA01|A11GA01|A11HA03|A11HA04|B03BA01,A11JB,,
308848,calcium gluconate 65 MG / niacinamide 3 MG / phenobarbital 200 MG Oral Tablet,SCD,A11HA01|N03AA02,A11HA01|A12AA03|N03AA02,,
310880,hydrocortisone 0.025 MG/MG / neomycin 0.005 MG/MG Topical Ointment,SCD,A01AC03|A07AA01|A07EA02|D06AX04|D07AA02|D07AB02|D07AB11|H02AB09|S01AA03|S01BA02,D07CA01,,
206513,hydrocortisone 10 MG/ML / neomycin 3.5 MG/ML / polymyxin B 10000 UNT/ML Otic Solution [Drotic],SBD,A01AC03|A07AA01|A07EA02|D06AX04|D07AA02|D07AB02|D07AB11|H02AB09|S01AA03|S01BA02,S02CA03,,
206960,kanamycin 37.5 MG/ML Injectable Solution [Kantrex],SBD,A07AA08|J01GB04|S01AA24,J01GB04,,
309349,clioquinol 30 MG/ML / hydrocortisone 5 MG/ML Topical Cream,SCD,A01AC03|A07EA02|D07AA02|D07AB02|D07AB11|H02AB09|S01BA02,D07AA02|D08AH30,,
728126,lidocaine 70 MG/ML / tetracaine 70 MG/ML Topical Cream [Pliaglis],SBD,D04AB01|N01BB02|R02AD02,D04AB01|D04AB06,,
695930,magnesium hydroxide 700 MG / omeprazole 20 MG / sodium bicarbonate 600 MG Chewable Tablet [Zegerid with Magnesium Hydroxide],SBD,A02BC01,A02AA04|A02BC01|B05CB04|G04BX01,,
790888,salicylic acid 60 MG/ML Topical Foam [Salkera],SBD,D01AE12|N02BA04,D01AE12,,
800066,calcium chloride 0.000996 MEQ/ML / glucose 1.7 MG/ML / magnesium chloride 0.0000245 MEQ/ML / sodium chloride 0.00368 MEQ/ML / sodium lactate 0.0016 MEQ/ML Intraperitoneal Solution,SCD,A12CA01|A12CC01|B05BA03|B05BB01|B05CB01|B05XA03|B05XA07|G01AD01|S01XA03|V06DC01,B05DB,,
884225,10 ML clonidine hydrochloride 0.5 MG/ML Injection,SCD,C02AC01|N02CX02,N02CX02,,
993924,acetaminophen 325 MG / chlorpheniramine maleate 2 MG / codeine phosphate 16 MG / phenylephrine hydrochloride 10 MG Oral Capsule,SCD,N02BE01|R05DA04|R06AB04,N02BE01|R01BA03|R05DA04|R06AB04,,
310470,gentamicin 0.005 MG/MG Ophthalmic Ointment,SCD,D06AX07|S03AA06,S01AA11,,
1992841,chlorhexidine gluconate 30 MG/ML / climbazole 5 MG/ML / salicyloyl phytosphingosine 0.5 MG/ML Medicated Shampoo,SCD,A01AB03|D08AC02|R02AA05,D08AC02,,
2044375,benzocaine 100 MG/ML / isopropyl alcohol 0.59 ML/ML Medicated Pad,SCD,D08AX05,D04AB04|D08AX05,,
998485,miconazole nitrate 20 MG/ML Topical Cream [Aloe Vesta],SBD,A01AB09|D01AC02|G01AF04,D01AC02,,
317146,povidone-iodine 50 MG/ML Topical Cream,SCD,D08AG02|D09AA09|D11AC06|G01AX11|R02AA15,D08AG02,,
801015,alanine 5.7 MG/ML / arginine 3.16 MG/ML / calcium chloride 0.004 MEQ/ML / dibasic potassium phosphate 2.61 MG/ML / glucose 100 MG/ML / glycine 2.83 MG/ML / histidine 1.32 MG/ML / isoleucine 1.65 MG/ML / leucine 2.01 MG/ML / lysine 1.59 MG/ML / magnesium chloride 0.01 MEQ/ML / methionine 1.1 MG/ML / phenylalanine 1.54 MG/ML / proline 1.87 MG/ML / serine 1.38 MG/ML / sodium acetate trihydrate 2.17 MG/ML / sodium chloride 0.02 MEQ/ML / threonine 1.16 MG/ML / tryptophan 0.5 MG/ML / tyrosine 0.11 MG/ML / valine 1.6 MG/ML Injectable Solution [Clinimix E 2.75/10],SBD,B05CX03|B05XB03|N06AX02|V03AB26,B05BA01,,
206511,hydrocortisone 10 MG/ML / neomycin 3.5 MG/ML / polymyxin B 10000 UNT/ML Otic Solution [Cortisporin],SBD,A01AC03|A07AA01|A07EA02|D06AX04|D07AA02|D07AB02|D07AB11|H02AB09|S01AA03|S01BA02,S02CA03,,
206698,isoniazid 50 MG / pyrazinamide 300 MG / rifampin 120 MG Oral Tablet [Rifater],SBD,J04AB02|J04AC01|J04AK01|J04AM05,J04AB02|J04AC01|J04AK01,,
207846,tobramycin 3 MG/ML Ophthalmic Solution [Tobrex],SBD,J01GB01|S01AA12,S01AA12,IMPROVED,S01AA12
992799,homatropine methylbromide 0.03 MG/ML / opium 0.6 MG/ML / pectin 4.8 MG/ML Oral Suspension,SCD,A07BC01|S01FA05,A03BB06|A07DA02,,
618606,docosahexaenoate / eicosapentaenoate / vitamin E Oral Capsule,SCDF,A11HA03,A11JC,,
748857,{21 (drospirenone 3 MG / ethinyl estradiol 0.03 MG Oral Tablet) / 7 (inert ingredients 1 MG Oral Tablet) } Pack [Yasmin 28 Day],BPCK,G03AA12|G03AC10,G03AA12,,
861422,timolol 0.005 MG/MG Ophthalmic Gel [Timoptic],SBD,C07AA06,S01ED01,,
968663,dimethicone 30 MG/ML Medicated Pad,SCD,P03AX05,D02AA,,
310594,gramicidin 0.025 MG/ML / neomycin 1.75 MG/ML / polymyxin B 10000 UNT/ML Ophthalmic Solution,SCD,R02AB30,S01AA30,,
312373,phenol 0.03 MG/MG / resorcinol 0.1 MG/MG Topical Gel,SCD,D08AE03,D08AE03|D10AX02|N01BX03,,
312555,povidone-iodine 2.3 MG/ML Douche,SCD,D08AG02|D09AA09|D11AC06|G01AX11|R02AA15,G01AX11,,
998513,miconazole nitrate 20 MG/ML Topical Cream [Mitrazol],SBD,A01AB09|D01AC02|G01AF04,D01AC02,,
313626,ascorbic acid 100 MG / calcium carbonate 625 MG / ferrous fumarate 122 MG / folic acid 1 MG Oral Tablet,SCD,A11GA01|B03BB01,A11GA01|B03AA02|B03BB01,,
904620,{1 (85 ML) (sulfacetamide sodium 100 MG/ML Topical Lotion [Carmol Scalp]) / 1 (120 ML) (urea 100 MG/ML Medicated Shampoo [Carmol]) } Pack [Carmol Scalp Treatment Kit],BPCK,D10AB02,D02AE01|D10AF06,,
308940,camphor 108 MG/ML / phenol 47 MG/ML Topical Solution,SCD,D08AE03,D04AX,,
1090941,benzocaine 10 MG / cetylpyridinium chloride 0.5 MG Oral Lozenge [Sepasoothe],SBD,C05AD03|D04AB04|R02AD01,R02AA06|R02AD01,,
205643,ammonium lactate 120 MG/ML Topical Lotion [Amlactin],SBD,G01AD01,D02AX,,
637149,petrolatum 0.87 MG/MG / zinc oxide 0.088 MG/MG Topical Ointment,SCD,C05AX04,D02AB,,
860928,benzocaine 0.02 MG/MG / trimethobenzamide hydrochloride 100 MG Rectal Suppository [Tebamide],SBD,R06AA10,C05AD03,,
797452,erythromycin 20 MG/ML Medicated Pad,SCD,J01FA01,D10AF02,,
1996204,cholecalciferol 2000 UNT / folic acid 1 MG Oral Tablet,SCD,A11CC05|B03BB01,B03BB01,,
895749,benzocaine 60 MG/ML / isopropyl alcohol 0.6 ML/ML Medicated Pad,SCD,D08AX05,D04AB04,,
2001424,efavirenz 400 MG / lamivudine 300 MG / tenofovir disoproxil fumarate 300 MG Oral Tablet,SCD,J05AF05|J05AF07|J05AG03,J05AR11,IMPROVED,J05AR11
315219,sulfisoxazole 200 MG/ML Oral Suspension,SCD,J01EB05|S01AB02,J01EB05,,
801031,alanine 10.4 MG/ML / arginine 5.75 MG/ML / calcium chloride 0.004 MEQ/ML / dibasic potassium phosphate 2.61 MG/ML / glucose 200 MG/ML / glycine 5.15 MG/ML / histidine 2.4 MG/ML / isoleucine 3 MG/ML / leucine 3.65 MG/ML / lysine 2.9 MG/ML / magnesium chloride 0.01 MEQ/ML / methionine 2 MG/ML / phenylalanine 2.8 MG/ML / proline 3.4 MG/ML / serine 2.5 MG/ML / sodium acetate trihydrate 3.4 MG/ML / sodium chloride 0.01 MEQ/ML / threonine 2.1 MG/ML / tryptophan 0.9 MG/ML / tyrosine 0.2 MG/ML / valine 2.9 MG/ML Injectable Solution [Clinimix E 5/20],SBD,B05CX03|B05XB03|N06AX02|V03AB26,B05BA01,,
205349,chlorpheniramine maleate 0.5 MG/ML / phenylephrine hydrochloride 1.25 MG/ML / phenylpropanolamine hydrochloride 5 MG/ML / phenyltoloxamine citrate 2 MG/ML Oral Solution,SCD,R01BA01|R06AB04,R01BA01|R01BA03|R06AB04,,
205818,ampicillin 50 MG/ML Oral Suspension [Omnipen],SBD,J01CA01|J01CA18,J01CA01,,
996746,codeine phosphate 1.5 MG/ML / diphenhydramine hydrochloride 2 MG/ML / phenylephrine hydrochloride 1.5 MG/ML Oral Solution [Endal CD],SBD,R05DA04,R01BA03|R05DA04|R06AA02,,
313251,tetracycline hydrochloride 25 MG/ML Oral Suspension,SCD,D06AA04|J01AA07,J01AA07,,
313947,dexamethasone 0.001 MG/MG / neomycin 0.005 MG/MG / polymyxin B 10 UNT/MG Ophthalmic Ointment,SCD,A07AA01|D06AX04|H02AB02|S01AA03|S01BA01,S01CA01,,
314986,aspirin 200 MG / butalbital 50 MG / caffeine 40 MG / codeine 30 MG Oral Tablet,SCD,N06BC01|R05DA04,N02BA71,,
834154,chlorhexidine gluconate 20 MG/ML Topical Solution [Betasept],SBD,A01AB03|D08AC02|R02AA05,D08AC02,,
313805,aspirin 324 MG / phenyltoloxamine citrate 20 MG Oral Tablet,SCD,B01AC06|N02BA01|N02BA51,N02BA01|R06AC01,,
208029,bendroflumethiazide 5 MG / nadolol 80 MG Oral Tablet [Corzide],SBD,C03AA01|C07AA12|C07BA12,C03AA01|C07AA12,,
209704,bacitracin 5000 UNT/ML Injectable Solution [Baci-IM],SBD,D06AX05|J01XX10|R02AB04,J01XX10,,
211609,hypromellose 5 MG/ML Ophthalmic Solution [Isopto Alkaline],SBD,S01KA02|S01XA20,S01KA02,,
212048,aluminum hydroxide 80 MG / magnesium trisilicate 20 MG Chewable Tablet [Genaton Chewable],SBD,A02AB01,A02AB01|A02AB02,,
212739,povidone-iodine 3 MG/ML Douche [Betadine],SBD,D08AG02|D09AA09|D11AC06|G01AX11|R02AA15,G01AX11,,
213541,betamethasone 0.5 MG/ML Topical Cream [Del-Beta],SBD,D07AC01|H02AB01|S01BA06|S03BA03,D07AC01,,
2180661,tetracycline hydrochloride 30 MG/ML Topical Spray [Vitastem],SBD,D06AA04|J01AA07,D06AA04,,
1098198,ethanol 0.75 ML/ML Topical Foam,SCD,D08AX08|V03AB16|V03AZ01,D08AX08,,
1099593,pseudoephedrine hydrochloride 60 MG / triprolidine hydrochloride 2.5 MG Oral Tablet [Genac brand of pseudoephedrine/triprolidine],SBD,R01BA02|R01BA52|R06AX07,R01BA02|R06AX07,,
1100501,chlorpheniramine maleate 0.8 MG/ML / phenylephrine hydrochloride 2.5 MG/ML Oral Solution,SCD,R06AB04,R01BA03|R06AB04,,
1101852,glycerin 330 MG/ML / phenol 15 MG/ML Mucosal Spray,SCD,A06AX01|D08AE03,R02AA19,,
2119467,histamine dihydrochloride 0.0005 MG/MG Topical Gel,SCD,V04CG03,L03AX14,,
1116150,bacitracin zinc 0.4 UNT/MG / hydrocortisone acetate 0.01 MG/MG / neomycin sulfate 0.0035 MG/MG / polymyxin B sulfate 10 UNT/MG Ophthalmic Ointment,SCD,A01AC03|A07AA01|A07EA02|D06AX04|D07AA02|D07AB02|D07AB11|H02AB09|S01AA03|S01BA02,S01AA03|S01AA18|S01AA32|S01BA02,,
1119422,sodium bicarbonate 0.238 MEQ/ML Oral Solution,SCD,B05CB04|B05XA02,B05CB04,,
1191684,ethanol 0.68 ML/ML Topical Foam,SCD,D08AX08|V03AB16|V03AZ01,D08AX08,,
1234576,phenylephrine hydrochloride 2.5 MG/ML Nasal Spray,SCD,R01AA04|S01FB01|S01XA20,R01AA04,,
1233685,fentanyl 0.003 MG/ML / ropivacaine hydrochloride 2.5 MG/ML Injectable Solution,SCD,N01BB09,N01AH01|N01BB09|N02AB03,,
859141,chlorpheniramine maleate 0.4 MG/ML / hydrocodone bitartrate 1 MG/ML / phenylephrine hydrochloride 1 MG/ML Oral Solution [B-Tuss],SBD,R05DA03|R06AB04,R01BA03|R05DA03|R06AB04,,
1011820,1.7 ML epinephrine 0.01 MG/ML / lidocaine hydrochloride 20 MG/ML Cartridge [Octocaine with Epinephrine],SBD,C01CA24|D04AB01|N01BB02|R02AD02|S01EA01,A01AD01|B02BC09|C01BB01|C01CA24|C05AD01|N01BB02|R03AA01,,
1011981,prednisolone acetate 0.0025 MG/MG / sulfacetamide sodium 0.1 MG/MG Ophthalmic Ointment [Cetapred],SBD,A07EA01|D10AB02|H02AB06|S01BA04|S03BA02,S01CA02,,
1012253,bupivacaine hydrochloride 3.75 MG/ML / lidocaine hydrochloride 10 MG/ML Injectable Solution [Duocaine],SBD,N01BB01,C01BB01|C05AD01|N01BB01|N01BB02,,
1014367,{1 (42500 MG) (hydrocortisone 0.01 MG/MG Topical Gel) / 1 (60000 MG) (ketoconazole 20 MG/ML Topical Cream) } Pack [Ketocon Plus],BPCK,A01AC03|A07EA02|D01AC08|D07AA02|D07AB02|D07AB11|H02AB09|J02AB02|S01BA02,D01AC08|D07AA02,,
1039281,hydrocortisone 10 MG/ML Topical Solution [Cortizone],SBD,A01AC03|A07EA02|D07AA02|D07AB02|D07AB11|H02AB09|S01BA02,D07AA02,,
1050385,acetaminophen 32 MG/ML / diphenhydramine hydrochloride 1.25 MG/ML / phenylephrine hydrochloride 0.5 MG/ML Oral Solution,SCD,N02BE01,R01BA03,,
1052416,acetaminophen 250 MG / aspirin 250 MG / caffeine 65 MG Oral Tablet [Pamprin Max Formula],SBD,N02BE01|N06BC01,N02BE01,IMPROVED,N02BE01
1053753,nystatin 100000 UNT/ML / triamcinolone acetonide 1 MG/ML Topical Cream,SCD,A01AB11|A01AC01|A07AA02|D01AA01|H02AB08|R01AD11,D07CB01,,
1086240,triamcinolone acetonide 40 MG/ML Injectable Suspension [Cortinide],SBD,A01AC01|H02AB08|R01AD11,H02AB08,,
248678,salicylic acid 0.05 MG/MG / urea 0.1 MG/MG Topical Ointment,SCD,D01AE12|D02AE01|N02BA04,D02AF,,
251380,salicylic acid 0.01 MG/MG Topical Gel,SCD,D01AE12|N02BA04,D11AF,,
1095693,salicylic acid 275 MG/ML Topical Solution [Virasal],SBD,D01AE12|N02BA04,D11AF,,
1012257,dexamethasone 4 MG/ML / lidocaine hydrochloride 10 MG/ML Injectable Solution [Decadron with Xylocaine],SBD,D04AB01|H02AB02|N01BB02|R02AD02|S01BA01,A01AC02|C01BB01|C05AA09|C05AD01|H02AB02|N01BB02|S03BA01,,
1085769,triamcinolone acetonide 0.001 MG/MG Topical Ointment [Cinolar],SBD,A01AC01|H02AB08|R01AD11,D07AB09,,
1052950,benzalkonium chloride 1.2 MG/ML Topical Spray,SCD,D08AJ01|D08AJ08|R02AA16,D08AJ01,,
1086041,triamcinolone acetonide 40 MG/ML Injectable Suspension [Ken-Jec],SBD,A01AC01|H02AB08|R01AD11,H02AB08,,
199130,ethanol 0.65 ML/ML Topical Foam,SCD,D08AX08|V03AB16|V03AZ01,D08AX08,IMPROVED,D08AX08
204510,dexamethasone 0.4 MG/ML Topical Spray,SCD,H02AB02|S01BA01,D07AB19,,
996736,codeine phosphate 9 MG / guaifenesin 200 MG Oral Capsule,SCD,R05CA03|R05DA04,R05FA02,,
996994,aspirin 325 MG / codeine phosphate 60 MG Oral Tablet,SCD,R05DA04,N02AJ07,,
346806,ethanol 0.05 ML/ML / glucose 50 MG/ML Injectable Solution,SCD,B05BA03|V06DC01,B05CX01,,
802559,benzocaine 6 MG / menthol 10 MG Oral Lozenge [Chloraseptic Sore Throat],SBD,C05AD03|D04AB04|R02AD01,R02AD01,,
824194,amoxicillin 875 MG / clavulanate 125 MG Oral Tablet [Augmentin],SBD,J01CA04,J01CR02,,
857754,chlorpheniramine maleate 0.4 MG/ML / hydrocodone bitartrate 0.334 MG/ML / phenylephrine hydrochloride 1 MG/ML Oral Solution [Endotuss-HD],SBD,R05DA03|R06AB04,R01BA03|R05DA03|R06AB04,,
208332,tretinoin 0.00025 MG/MG Topical Gel [Avita],SBD,D10AD01|L01XX14,D10AD01,,
209469,acetaminophen 250 MG / aspirin 250 MG / caffeine 65 MG Oral Tablet [Genace brand of acetaminophen/aspirin/caffeine],SBD,N02BE01|N06BC01,A01AD05|B01AC06|N02BA01|N02BE01|N06BC01,,
210351,capsaicin 0.2 MG/ML Topical Cream [Menthac Arthritis Cream with Capsaicin],SBD,N01BX04,M02AB01,,
2104586,cetylpyridinium chloride 0.85 MG/ML Mucosal Spray,SCD,B05CA01|D08AJ03|D09AA07|R02AA06,R02AA06,IMPROVED,R02AA06
1098397,bacitracin 0.4 UNT/MG / lidocaine 0.04 MG/MG / neomycin 0.0035 MG/MG / polymyxin B 5 UNT/MG Topical Ointment,SCD,A07AA01|D04AB01|D06AX04|N01BB02|R02AD02|S01AA03,D04AB01|D06AX04|D06AX05,,
1147526,sodium chloride 6.5 MG/ML Nasal Spray [Breathe Free Saline],SBD,A12CA01|B05BB01|B05CB01|B05XA03|S01XA03,R01AX,,
349092,erythromycin 0.85 MG/MG Topical Gel,SCD,J01FA01,D10AF02,,
999832,ferrous fumarate 162 MG / folic acid 1 MG / polysaccharide iron complex 115.2 MG Oral Capsule [Tandem F],SBD,B03BB01,B03AA02|B03BB01,,
807356,aluminum hydroxide 80 MG / magnesium trisilicate 20 MG Chewable Tablet [Alenic Alka Chewable Tablet],SBD,A02AB01,A02AB01|A02AB02,,
212792,phenol 0.01 MG/MG Topical Ointment [Unguentine],SBD,D08AE03,D08AE03|N01BX03,,
237212,1 ML alprostadil 0.5 MG/ML Injection,SCD,C01EA01,G04BE01,,
1114383,hydrogen peroxide 10 MG/ML Topical Solution [Perox-105],SBD,A01AB02|D08AX01,D08AX01,,
1147619,acetaminophen 650 MG / diphenhydramine hydrochloride 25 MG / phenylephrine hydrochloride 10 MG Oral Tablet,SCD,N02BE01,R01BA03,,
486042,citric acid 60 MG/ML / sodium citrate 100 MG/ML Oral Solution,SCD,A09AB04|B05CB02,G04BC,,
1012929,lidocaine hydrochloride 30 MG/ML Topical Lotion [Senatec],SBD,D04AB01|N01BB02|R02AD02,D04AB01,,
1046593,benzalkonium chloride 1.3 MG/ML Medicated Liquid Soap,SCD,D08AJ01|D08AJ08|R02AA16,D08AJ01,,
1052633,benzocaine 0.2 MG/MG Oral Gel [Anbesol],SBD,R02AD01,N01BA05,,
241063,dyphylline 6.67 MG/ML / guaifenesin 6.67 MG/ML Oral Solution,SCD,R03DA01|R05CA03,R03DA01,,
284024,salicylic acid 20 MG/ML Topical Foam,SCD,D01AE12|N02BA04,D01AE12,,
860236,guaifenesin 10 MG/ML / hydrocodone bitartrate 0.5 MG/ML / phenylephrine hydrochloride 1.5 MG/ML Oral Solution [Dynatuss HC],SBD,R05CA03|R05DA03,R01BA03|R05CA03|R05DA03,,
262197,chromic chloride 0.0513 MG/ML / copper sulfate 3.93 MG/ML / manganese sulfate 1.54 MG/ML / selenious acid 0.098 MG/ML / zinc sulfate 22 MG/ML Injectable Solution [Multitrace-5],SBD,A12CB01|V03AB20,B05BB,,
1740250,benzalkonium chloride 1.3 MG/ML / benzocaine 50 MG/ML / camphor 30 MG/ML Topical Solution [Stingeze for Kids],SBD,C05AD03|D04AB04|D08AJ01|D08AJ08|R02AA16|R02AD01,D04AB04|D08AJ01,,
1191691,salicylic acid 0.01 MG/MG Topical Powder,SCD,D01AE12|N02BA04,D11AF,,
476628,folic acid 1 MG / vitamin B12 0.5 MG Oral Tablet,SCD,B03BA01|B03BB01,A11JA,,
485788,12 HR guaifenesin 1000 MG / phenylephrine hydrochloride 40 MG Extended Release Oral Tablet,SCD,R05CA03,R01BA03|R05CA03,,
1046957,atropine sulfate 0.0194 MG / hyoscyamine sulfate 0.1037 MG / phenobarbital 16.2 MG / scopolamine hydrobromide 0.0065 MG Oral Tablet [Haponal],SBD,A03BA03|N03AA02,A03CB31,,
106302,tretinoin 0.25 MG/ML Topical Cream,SCD,D10AD01|L01XX14,D10AD01,,
251294,salicylic acid 30 MG/ML Topical Solution,SCD,D01AE12|N02BA04,D01AE12,,
248684,salicylic acid 5 MG/ML Topical Cream,SCD,D01AE12|N02BA04,D01AE12,,
1737566,5 ML lidocaine hydrochloride 10 MG/ML Injection,SCD,N01BB02,C01BB01,IMPROVED,C01BB01
1739880,sulfacetamide sodium 100 MG/ML / sulfur 50 MG/ML Medicated Liquid Soap [Sulfix Cleanser],SBD,D10AB02,D10AB02|D10AF06,,
205850,epinephrine 5 MG/ML Ophthalmic Solution [Epinal],SBD,C01CA24|S01EA01,S01EA01,,
1192860,0.8 ML sodium hyaluronate 12 MG/ML Prefilled Syringe [Amvisc],SBD,M09AX01,S01KA01,,
2118716,sodium fluoride 0.0003 MG/MG / sodium monofluorophosphate 0.0064 MG/MG Toothpaste,SCD,A01AA01,A01AA01|A01AA02,,
577190,"ascorbic acid 125 MG / collagen, hydrolyzed 740 MG Oral Capsule",SCD,A11GA01,A11GB,,
857861,chlorpheniramine maleate 0.4 MG/ML / hydrocodone bitartrate 0.5 MG/ML / phenylephrine hydrochloride 1 MG/ML Oral Solution [Chemtussin HC],SBD,R05DA03|R06AB04,R01BA03|R05DA03|R06AB04,,
577819,aluminum hydroxide 80 MG / magnesium carbonate 20 MG Chewable Tablet,SCD,A02AB01,A02AA01|A02AB01|A02AB02|A06AD01,,
1658260,magnesium sulfate 40 MG/ML Injection,SCD,A06AD04|B05XA05,A06AD04|A12CC02|B05XA05|V04CC02,,
1795149,500 ML glucose 50 MG/ML / sodium chloride 3 MG/ML Injection,SCD,A12CA01|B05BA03|B05BB01|B05CB01|B05XA03|S01XA03|V06DC01,B05BB02,,
1795254,250 ML glucose 50 MG/ML / sodium chloride 4.5 MG/ML Injection,SCD,A12CA01|B05BA03|B05BB01|B05CB01|B05XA03|S01XA03|V06DC01,B05BB02,,
1797871,azelastine hydrochloride 0.137 MG/ACTUAT Metered Dose Nasal Spray [Astepro],SBD,S01GX07,R01AC03,,
1858984,lidocaine hydrochloride 0.04 MG/MG Topical Ointment,SCD,D04AB01|N01BB02|R02AD02,D04AB01,,
1868839,folic acid 0.2 MG / inositol 2000 MG Powder for Oral Solution [Pregnitude],SBD,A11HA07|B03BB01,A11JA,,
1870207,NDA019430 0.3 ML epinephrine 1 MG/ML Auto-Injector,SCD,C01CA24|S01EA01,C01CA24,,
1923483,benzocaine 15 MG / menthol 20 MG Oral Lozenge [Cepacol Sore Throat Pain Relief],SBD,C05AD03|D04AB04|R02AD01,R02AD01,,
1237129,phenylephrine hydrochloride 2 MG/ML / pyrilamine maleate 6 MG/ML Oral Solution,SCD,R01AA04|S01FB01|S01XA20,R01BA03|R06AC01,,
1246594,1 ML chondroitin sulfates 40 MG/ML / sodium hyaluronate 17 MG/ML Prefilled Syringe [DisCoVisc],SBD,M01AX25,S01KA51,,
1247397,aspirin 1000 MG / caffeine 65 MG Oral Powder [BC Arthritis],SBD,N06BC01,N02BA01,,
1250909,aspirin 500 MG / diphenhydramine citrate 38.3 MG Oral Tablet [Bayer Aspirin PM Reformulated Nov 2011],SBD,B01AC06|D04AA32|N02BA01|N02BA51|R06AA02,N02BA71,BOTH_WRONG,N02BA71
1292443,"0.5 ML measles virus vaccine live, Enders' attenuated Edmonston strain 2000 UNT/ML / mumps virus vaccine live, Jeryl Lynn strain 40000 UNT/ML / rubella virus vaccine live (Wistar RA 27-3 strain) 2000 UNT/ML / varicella-zoster virus vaccine live (Oka-Merck) strain 20000 UNT/ML Injection [ProQuad]",SBD,J07BD01|J07BJ01|J07BK01,J07BD54,,
1294246,chloroxylenol 1 MG/ML / hydrocortisone 10 MG/ML / pramoxine hydrochloride 10 MG/ML Otic Solution [Exotic-HC],SBD,D08AE05,S02BA01,,
1294322,diphenhydramine hydrochloride 5 MG/ML / phenylephrine hydrochloride 1.5 MG/ML Oral Solution,SCD,D04AA32|R01AA04|R06AA02|S01FB01|S01XA20,R01BA03|R06AA02,,
1294366,diphenhydramine tannate 5 MG/ML / phenylephrine tannate 1.5 MG/ML Extended Release Suspension,SCD,D04AA32|R01AA04|R06AA02|S01FB01|S01XA20,R01BA03|R06AA02,,
1297547,carbetapentane tannate 6 MG/ML / diphenhydramine tannate 5 MG/ML / phenylephrine tannate 3 MG/ML Extended Release Suspension [Dytan-CD],SBD,R05DB05,R01BA03|R05DB05|R06AA02,,
1297564,diphenhydramine tannate 5 MG/ML / phenylephrine tannate 1.5 MG/ML Extended Release Suspension [Dytan-D],SBD,D04AA32|R01AA04|R06AA02|S01FB01|S01XA20,R01BA03|R06AA02,,
1314141,lidocaine 50 MG/ML / phenylephrine hydrochloride 2.5 MG/ML Rectal Cream [Hemaway],SBD,D04AB01|N01BB02|R01AA04|R02AD02|S01FB01|S01XA20,C05AD01,,
1356859,brompheniramine tannate 2.4 MG/ML / phenylephrine tannate 2 MG/ML Extended Release Suspension,SCD,R06AB01,R01BA03|R06AB01,,
1362213,{30 (4000 MG) (hydrocortisone acetate 25 MG/ML / pramoxine hydrochloride 10 MG/ML Rectal Cream [Analpram HC]) / 18 (pramoxine hydrochloride 10 MG/ML Medicated Pad [Prax]) } Pack [Analpram E Kit with 18 Prax Medicated Pads],BPCK,A01AC03|A07EA02|D07AA02|D07AB02|D07AB11|H02AB09|S01BA02,C05AA01|C05AD07,,
197736,50 ML gentamicin 2 MG/ML Injection,SCD,D06AX07|S03AA06,J01GB03,,
1431687,benzalkonium chloride 0.0013 MG/MG / lidocaine hydrochloride 0.02 MG/MG Topical Gel [Cicloferon],SBD,D04AB01|D08AJ01|D08AJ08|N01BB02|R02AA16|R02AD02,D04AB01,IMPROVED,D04AB01
1435083,benzocaine 4 MG/ML / docusate sodium 56.6 MG/ML Enema [Docusol Plus],SBD,A06AA02|C05AD03|D04AB04|R02AD01,A06AA02|C05AD03,,
1440184,hydrocortisone acetate 0.01 MG/MG Topical Ointment,SCD,A01AC03|A07EA02|D07AA02|D07AB02|D07AB11|H02AB09|S01BA02,D07AA02,,
1485531,alpha tocopherol 30 UNT / ascorbic acid 25 MG / cholecalciferol 170 UNT / doconexent 265 MG / docusate sodium 55 MG / ferrous fumarate 30 MG / folic acid 1.2 MG / pyridoxine hydrochloride 25 MG / tricalcium phosphate 160 MG Oral Capsule,SCD,A11CC05|A11GA01|A11HA02|B03BB01,A11JC,,
1491795,magnesium hydroxide 80 MG/ML Oral Suspension [Magmex],SBD,A02AA04,A02AA04|G04BX01,,
1494064,benzocaine hydrochloride 3 MG/ML Mouthwash [Neutracaine],SBD,C05AD03|D04AB04|R02AD01,R02AD01,,
1545297,lidocaine hydrochloride 24.6 MG/ML Topical Spray [Hexa-Caine],SBD,D04AB01|N01BB02|R02AD02,D04AB01,,
1246609,2 ML sodium hyaluronate 10 MG/ML Prefilled Syringe [HYALOVET],SBD,M09AX01,S01KA01,,
1250492,hydrocortisone acetate 5 MG/ML Topical Cream [Corticaine],SBD,A01AC03|A07EA02|D07AA02|D07AB02|D07AB11|H02AB09|S01BA02,D07AA02,,
1250657,salicylic acid 20 MG/ML Medicated Pad [Nexiclear Acne Treatment],SBD,D01AE12|N02BA04,D01AE12,,
1293342,chloramphenicol 100 MG/ML Injectable Solution [Chloromycetin],SBD,J01BA01|S01AA01|S02AA01,J01BA01,,
1299702,isoproterenol hydrochloride 5 MG/ML Inhalation Solution [Isuprel],SBD,C01CA02|R03AB02|R03CB01,R03AB02|R03CB01,,
1300206,"0.5 ML Bordetella pertussis filamentous hemagglutinin vaccine, inactivated 0.01 MG/ML / Bordetella pertussis fimbriae 2/3 vaccine, inactivated 0.01 MG/ML / Bordetella pertussis pertactin vaccine, inactivated 0.006 MG/ML / Bordetella pertussis toxoid vaccine, inactivated 0.005 MG/ML / diphtheria toxoid vaccine, inactivated 4 UNT/ML / tetanus toxoid vaccine, inactivated 10 UNT/ML Injection [Adacel]",SBD,J07AF01|J07AM01,J07AJ52,,
1303251,acetaminophen 100 MG / caffeine 2 MG / chlorpheniramine maleate 2 MG Oral Capsule,SCD,N02BE01|N06BC01|R06AB04,N02BE01,,
1356809,brompheniramine maleate 4 MG / codeine phosphate 20 MG Oral Tablet [BroveX CB],SBD,R05DA04|R06AB01,R05DA04,,
1357942,dexchlorpheniramine maleate 0.4 MG/ML / hydrocodone bitartrate 0.8 MG/ML / phenylephrine hydrochloride 1 MG/ML Oral Solution [Zotex HC],SBD,R05DA03|R06AB02,R01BA03|R05DA03|R06AB02,IMPROVED,R01BA03|R05DA03|R06AB02
1363511,brompheniramine maleate 2 MG/ML / phenylephrine hydrochloride 5 MG/ML Oral Solution,SCD,R06AB01,R01BA03|R06AB01,,
1364052,benzalkonium chloride 1 MG/ML Medicated Liquid Soap [Lysol Touch of Foam],SBD,D08AJ01|D08AJ08|R02AA16,D08AJ01,,
1365980,ascorbic acid 35 MG/ML / cholecalciferol 0.01 MG/ML / sodium fluoride 0.55 MG/ML / vitamin A palmitate 1500 UNT/ML Oral Solution,SCD,A11CA01|A11CC05|A11GA01,A11JB,,
1490487,calcium carbonate 36.8 MG/ML Oral Suspension,SCD,A12AA04,A02AC01,,
1741417,cholecalciferol 10000 UNT / menatetrenone 0.1 MG Oral Capsule,SCD,A11CC05,A11JC,,
1795518,500 ML glucose 500 MG/ML Injection,SCD,B05BA03|V06DC01,B05BA03,,
1293040,chlorpheniramine tannate 2 MG / methscopolamine nitrate 1.5 MG Chewable Tablet,SCD,R06AB04,A03BB03|R06AB04,,
1293446,chromic chloride 0.00436 MG/ML / copper sulfate 0.39 MG/ML / manganese sulfate 0.077 MG/ML / zinc sulfate 6.6 MG/ML Injectable Solution [Multitrace-4],SBD,A12CB01|V03AB20,B05BB,,
1293962,diphenhydramine hydrochloride 2.5 MG/ML / guaifenesin 20 MG/ML / menthol 0.2 MG/ML / sodium citrate 10 MG/ML Oral Solution,SCD,B05CB02|R05CA03,R05CA03|R06AA02,,
1299811,calcium carbonate 250 MG/ML / cholecalciferol 80 UNT/ML Oral Solution,SCD,A11CC05,A12AX,,
1361692,dimethicone 10 MG/ML Topical Cream [Neutraphorus Rex Skin Protectant],SBD,P03AX05,D02AA,,
1362059,"10 ML heparin sodium, porcine 100 UNT/ML Prefilled Syringe",SCD,B01AB01,B01AB01|C05BA03,,
1429409,chlophedianol hydrochloride 1.67 MG/ML / pyrilamine maleate 3.33 MG/ML Oral Solution [Vanacof-8],SBD,R05DB10,R05DB10|R06AC01,,
1491797,ethanol 0.76 ML/ML Topical Solution,SCD,D08AX08|V03AB16|V03AZ01,D08AX08,,
1537189,chlorhexidine gluconate 10 MG/ML / ketoconazole 2.5 MG/ML Medicated Shampoo,SCD,A01AB03|D01AC08|D08AC02|J02AB02|R02AA05,D01AC08|D08AC02,,
1543717,lidocaine hydrochloride 10 MG/ML Topical Lotion [RadiaGuard],SBD,D04AB01|N01BB02|R02AD02,D04AB01,,
1547593,benzocaine 0.09 MG/MG Oral Gel [Brace Relief],SBD,C05AD03|D04AB04|R02AD01,N01BA05,,
1550965,{28 (estradiol 1 MG / norethindrone acetate 0.5 MG Oral Tablet) } Pack [Lopreeza 1/0.5 28 Day],BPCK,G03CA03|G03CA53,G03FA01,,
1649526,lidocaine 100 MG/ML Rectal Cream [Lidocream],SBD,D04AB01|N01BB02|R02AD02,C05AD01,,
1250921,undecylenic acid 200 MG/ML Topical Cream,SCD,D01AE04|D01AE20,D01AE04,,
1427959,petrolatum 490 MG/ML / zinc oxide 150 MG/ML Topical Cream [Welmedix Homecare Pro],SBD,C05AX04,D02AB,,
1549435,chlorhexidine gluconate 5 MG/ML Topical Solution [Kenocidin],SBD,A01AB03|D08AC02|R02AA05,D08AC02,,
1245283,chlorpheniramine maleate 8 MG / methscopolamine nitrate 2.5 MG Extended Release Oral Tablet [Ryneze],SBD,R06AB04,A03BB03|R06AB04,,
1543072,acetaminophen 650 MG / caffeine 50 MG Oral Powder,SCD,N02BE01|N06BC01,N02BE01,,
1865206,zinc oxide 38 MG/ML Topical Cream,SCD,C05AX04,D02AB,,
1876392,benzethonium chloride 1.2 MG/ML Topical Spray [NoRisc],SBD,R02AA09,D08AJ08,,
1920976,benzocaine 0.2 MG/MG Oral Gel [Sensicaine],SBD,R02AD01,N01BA05,,
1923343,dimethicone 0.015 MG/MG / petrolatum 0.85 MG/MG Topical Ointment,SCD,P03AX05,D02AA,,
1293268,aluminum sulfate 8.42 MG/ML / calcium acetate 5.95 MG/ML Topical Solution [Domeboro],SBD,V03AE07,D08AB,,
1294248,chloroxylenol 1 MG/ML / hydrocortisone 10 MG/ML / pramoxine hydrochloride 10 MG/ML Otic Solution [Oticin HC Ear Drops],SBD,D08AE05,S02CA03,BOTH_WRONG,S02CA03
667906,salicylic acid 60 MG/ML Medicated Shampoo [Salex],SBD,D01AE12|N02BA04,D01AE12,,
686185,1000 ML glucose 50 MG/ML / potassium chloride 0.03 MEQ/ML / sodium chloride 2.25 MG/ML Injection,SCD,A12CA01|B05BA03|B05BB01|B05CB01|B05XA03|S01XA03|V06DC01,B05BB02,,
707544,sodium chloride 6.5 MG/ML Nasal Spray [Sea Soft],SBD,A12CA01|B05BB01|B05CB01|B05XA03|S01XA03,R01AX,,
758019,{112 (bismuth subsalicylate 262 MG Chewable Tablet) / 56 (metronidazole 250 MG Oral Tablet) / 56 (tetracycline hydrochloride 500 MG Oral Capsule) } Pack,GPCK,A01AB17|A07BC04|D06AA04|D06BX01|J01AA07|P01AB01,J01AA07|P01AB01,,
800003,calcium chloride 0.00014 MEQ/ML / glucose 1.7 MG/ML / magnesium chloride 0.0000245 MEQ/ML / sodium chloride 0.00368 MEQ/ML / sodium lactate 0.0016 MEQ/ML Intraperitoneal Solution [Dianeal PD-2/4.25],SBD,A12CA01|A12CC01|B05BA03|B05BB01|B05CB01|B05XA03|B05XA07|G01AD01|S01XA03|V06DC01,B05DB,,
801012,alanine 5.7 MG/ML / arginine 3.16 MG/ML / calcium chloride 0.004 MEQ/ML / dibasic potassium phosphate 2.61 MG/ML / glucose 50 MG/ML / glycine 2.83 MG/ML / histidine 1.32 MG/ML / isoleucine 1.65 MG/ML / leucine 2.01 MG/ML / lysine 1.59 MG/ML / magnesium chloride 0.01 MEQ/ML / methionine 1.1 MG/ML / phenylalanine 1.54 MG/ML / proline 1.87 MG/ML / serine 1.38 MG/ML / sodium acetate trihydrate 2.17 MG/ML / sodium chloride 0.02 MEQ/ML / threonine 1.16 MG/ML / tryptophan 0.5 MG/ML / tyrosine 0.11 MG/ML / valine 1.6 MG/ML Injectable Solution [Clinimix E 2.75/5],SBD,B05CX03|B05XB03|N06AX02|V03AB26,B05BA01,,
861098,antipyrine 54 MG/ML / benzocaine 14 MG/ML Otic Solution [Treagan],SBD,C05AD03|D04AB04|R02AD01,S02DA03,,
895907,ivermectin 0.068 MG / praziquantel 57 MG / pyrantel 57 MG Chewable Tablet [Iverhart Max],SBD,P02BA01|P02CC01,P02BA01|P02CC01|P02CF01,,
991259,chlorhexidine gluconate 5 MG/ML Topical Solution [CHX Plus],SBD,A01AB03|D08AC02|R02AA05,D08AC02,,
308370,aspirin 650 MG / caffeine 32 MG / salicylamide 195 MG Oral Powder,SCD,N02BA05|N06BC01,N02BA51,,
308714,betamethasone 0.5 MG/ML / clotrimazole 10 MG/ML Topical Cream,SCD,D01AC01|D07AC01|H02AB01|S01BA06|S03BA03,D07XC01,,
310891,hydrocortisone 25 MG/ML Topical Cream,SCD,A01AC03|A07EA02|D07AA02|D07AB02|D07AB11|H02AB09|S01BA02,D07AA02,,
1087285,boron 1.5 MG / calcium carbonate 500 MG / cholecalciferol 300 UNT / folic acid 1.1 MG / magnesium oxide 100 MG / pyridoxine 12.5 MG / vitamin B12 0.25 MG Oral Tablet [Folgard OS],SBD,A11CC05|A11HA02|B03BA01|B03BB01,A11JB,,
1997508,allantoin 0.005 MG/MG / lidocaine 0.005 MG/MG Topical Gel,SCD,D04AB01|N01BB02|R02AD02,D04AB01,,
2003668,"4 ML fibrinogen, human 106 MG/ML / thrombin, human 625 UNT/ML Prefilled Syringe [Tisseel]",SBD,B05XA07,B02BC30,,
998232,glycerin 2 MG/ML Ophthalmic Solution,SCD,A06AX01,S01XA20,,
998543,miconazole nitrate 20 MG/ML Vaginal Cream [Yeast-X Int],SBD,A01AB09|D01AC02|G01AF04,G01AF04,,
866404,capsaicin 0.5 MG/ML / menthol 100 MG/ML / methyl salicylate 200 MG/ML Topical Lotion,SCD,N01BX04,M02AC,,
749848,{21 (desogestrel 0.15 MG / ethinyl estradiol 0.03 MG Oral Tablet) / 7 (inert ingredients 1 MG Oral Tablet) } Pack,GPCK,G03AA09|G03AC09,G03AA09,,
876852,ascorbic acid 35 MG/ML / cholecalciferol 0.01 MG/ML / ferrous sulfate 50 MG/ML / vitamin A 0.45 MG/ML Oral Solution [Tri-Vi-Sol with Iron],SBD,A11CA01|A11GA01,A11JB,,
901818,diphenhydramine citrate 38 MG / ibuprofen 200 MG Oral Tablet [Advil PM],SBD,D04AA32|M01AE01|M01AE14|M02AA13|R06AA02,M01AE01|R06AA02,,
309771,glucose 25 MG/ML / sodium chloride 0.0342 MEQ/ML Injectable Solution,SCD,A12CA01|B05BA03|B05BB01|B05CB01|B05XA03|S01XA03|V06DC01,B05BB02,,
313016,sodium chloride 234 MG/ML Injectable Solution,SCD,A12CA01|B05BB01|B05CB01|B05XA03|S01XA03,B05XA03,,
314029,hydrochlorothiazide 25 MG / triamterene 50 MG Oral Tablet,SCD,C03AA03|C03DB02,C03EA01,,
2059297,chlorhexidine 40 MG/ML Medicated Pad,SCD,A01AB03|D08AC02|R02AA05,D08AC02,,
895905,ivermectin 0.068 MG / praziquantel 57 MG / pyrantel 57 MG Chewable Tablet,SCD,P02BA01|P02CC01,P02BA01|P02CC01|P02CF01,,
309774,glucose 0.417 MG/MG Oral Gel,SCD,B05BA03|V06DC01,V06DC01,,
310207,estrone 2.5 MG / progesterone 2.5 MG Injectable Suspension,SCD,G03DA04,G03CA07|G03CC04|G03DA04,,
2001364,acetaminophen 325 MG / benzhydrocodone 6.12 MG Oral Tablet [Apadaz],SBD,N02BE01,N02AJ22,,
992668,homatropine methylbromide 0.3 MG/ML / hydrocodone bitartrate 1 MG/ML Oral Solution,SCD,R05DA03|S01FA05,R05DA20,BOTH_WRONG,R05DA20
995192,mineral oil 0.466 MG/MG / pramoxine hydrochloride 0.01 MG/MG / zinc oxide 0.125 MG/MG Rectal Ointment,SCD,A06AA01,A06AA01|C05AD07,,
308846,calcium gluconate 130 MG / niacinamide 3 MG / phenobarbital 160 MG Oral Tablet,SCD,A11HA01|N03AA02,A11HA01|A12AA03|N03AA02,,
198555,capsaicin 0.25 MG/ML Topical Cream,SCD,N01BX04,M02AB01,,
206354,hydrocortisone 10 MG/ML Topical Cream [Dermacort],SBD,A01AC03|A07EA02|D07AA02|D07AB02|D07AB11|H02AB09|S01BA02,D07AA02,,
997658,benzalkonium chloride 1.3 MG/ML / benzocaine 50 MG/ML Vaginal Cream,SCD,C05AD03|D04AB04|D08AJ01|D08AJ08|R02AA16|R02AD01,D04AB04,,
313092,sorbitol 700 MG/ML Oral Solution,SCD,A06AD18|A06AG07|B05CX02|V04CC01,A06AD18,,
881376,inositol niacinate 211.5 MG / niacin 750 MG Oral Capsule,SCD,A11HA07,C04AC01|C04AC03|C10AD02,,
1088953,codeine phosphate 1 MG/ML / guaifenesin 20 MG/ML / pseudoephedrine hydrochloride 3 MG/ML Oral Suspension [Zodryl DEC],SBD,R01BA02|R05CA03|R05DA04,R05FA02,,
2055989,273 DAY ethinyl estradiol 0.000542 MG/HR / segesterone acetate 0.00625 MG/HR Vaginal System [Annovera],SBD,G03CA01,G02BB01,,
800269,alanine 6.6 MG/ML / arginine 5.07 MG/ML / glycine 6.6 MG/ML / histidine 1.54 MG/ML / isoleucine 7.89 MG/ML / leucine 15.8 MG/ML / lysine 2.65 MG/ML / methionine 2.06 MG/ML / phenylalanine 2.28 MG/ML / proline 4.48 MG/ML / serine 2.21 MG/ML / threonine 2.72 MG/ML / tryptophan 0.88 MG/ML / tyrosine 0.33 MG/ML / valine 7.89 MG/ML Injectable Solution,SCD,B05CX03|B05XB03|N06AX02|V03AB26,B05BA01,,
978949,{5 (dienogest 2 MG / estradiol valerate 2 MG Oral Tablet) / 17 (dienogest 3 MG / estradiol valerate 2 MG Oral Tablet) / 2 (estradiol valerate 1 MG Oral Tablet) / 2 (estradiol valerate 3 MG Oral Tablet) / 2 (inert ingredients 1 MG Oral Tablet) } Pack,GPCK,G03CA03|G03DB08,G03AB08,,
730866,amlodipine 10 MG / olmesartan medoxomil 40 MG Oral Tablet,SCD,C08CA01|C09DB02,C09DB02,,
749736,{21 (ethinyl estradiol 0.035 MG / norethindrone 0.4 MG Oral Tablet) / 7 (inert ingredients 1 MG Oral Tablet) } Pack,GPCK,G03CA01|G03DC02,G03AA05,,
794239,calcium gluconate 0.025 MG/MG Topical Gel [Calgonate],SBD,A12AA03,D11AX03,,
794979,prednisolone 2 MG/ML Oral Solution,SCD,A07EA01|H02AB06|S01BA04|S03BA02,H02AB06,,
312032,norfloxacin 3 MG/ML Ophthalmic Solution,SCD,J01MA06,S01AE02,,
995455,codeine phosphate 10 MG / guaifenesin 400 MG / phenylephrine hydrochloride 10 MG Oral Tablet [Maxiphen CD],SBD,R05CA03|R05DA04,R05FA02,,
312881,salicylic acid 170 MG/ML Topical Solution,SCD,D01AE12|N02BA04,D01AE12,,
351277,phenylephrine tannate 25 MG / pyrilamine tannate 60 MG Oral Tablet,SCD,R01AA04|S01FB01|S01XA20,R01BA03|R06AC01,,
833472,betamethasone 0.0005 MG/MG / calcipotriene 0.00005 MG/MG Topical Ointment [Taclonex],SBD,D05AX02|D07XC01,D05AX02,,
311948,niacin 0.15 MG / riboflavin 0.02 MG / thiamine 0.06 MG Oral Tablet,SCD,A11DA01|A11HA04,A11JA,,
309454,aspirin 389 MG / caffeine 32 MG / codeine 16 MG Oral Tablet,SCD,N06BC01|R05DA04,N02BA51,,
807790,{21 (ethinyl estradiol 0.05 MG / norethindrone 1 MG Oral Tablet) / 7 (inert ingredients 1 MG Oral Tablet) } Pack [Norethin 1/50 M 28 Day],BPCK,G03CA01|G03DC02,G03AA05,,
310811,hydrochlorothiazide 25 MG / timolol 10 MG Oral Tablet,SCD,C03AA03,C07BA06,,
617995,12 HR amoxicillin 1000 MG / clavulanate 62.5 MG Extended Release Oral Tablet,SCD,J01CA04,J01CR02,,
876980,dimethicone 12 MG/ML Topical Lotion,SCD,P03AX05,D02AA,,
308281,acetaminophen 125 MG / aspirin 240 MG / caffeine 32 MG Oral Tablet,SCD,N02BE01|N06BC01,A01AD05|B01AC06|N02BA01|N02BE01|N06BC01,,
309682,dexamethasone 0.001 MG/MG / tobramycin 0.003 MG/MG Ophthalmic Ointment,SCD,H02AB02|S01BA01,S01CA01,,
310476,50 ML gentamicin 1.4 MG/ML Injection,SCD,D06AX07|S03AA06,J01GB03,,
1087459,12 HR chlorpheniramine polistirex 1.6 MG/ML / hydrocodone polistirex 2 MG/ML Extended Release Suspension,SCD,R05DA03|R06AB04,R05DA03,,
1088965,codeine phosphate 1 MG/ML / guaifenesin 20 MG/ML / pseudoephedrine hydrochloride 3.33 MG/ML Oral Suspension [Zodryl DEC],SBD,R01BA02|R05CA03|R05DA04,R05FA02,,
312356,phenobarbital 15 MG / potassium iodide 160 MG / sodium bicarbonate 130 MG / theobromine 160 MG Oral Tablet,SCD,N03AA02,B05CB04|C03BD01|N03AA02|R03DA07|R05CA02|V03AB21,,
801405,alanine 5.4 MG/ML / arginine 12 MG/ML / aspartate 3.2 MG/ML / cysteine 0.16 MG/ML / glutamate 5 MG/ML / glycine 3.6 MG/ML / histidine 4.8 MG/ML / isoleucine 8.2 MG/ML / leucine 14 MG/ML / lysine 8.2 MG/ML / methionine 3.4 MG/ML / phenylalanine 4.8 MG/ML / proline 6.8 MG/ML / serine 3.8 MG/ML / taurine 0.25 MG/ML / threonine 4.2 MG/ML / tryptophan 2 MG/ML / tyrosine 2.4 MG/ML / valine 7.8 MG/ML Injectable Solution [PremaSol],SBD,B05CX03|B05XB03|N06AX02|V03AB26,B05BA01,,
847630,calcium chloride 0.2 MG/ML / potassium chloride 0.3 MG/ML / sodium chloride 6 MG/ML / sodium lactate 3.1 MG/ML Injectable Solution,SCD,A12CA01|B05BB01|B05CB01|B05XA03|B05XA07|G01AD01|S01XA03,B05BB01,,
848180,Augmented betamethasone 0.0005 MG/MG Topical Ointment,SCD,D07AC01|H02AB01|S01BA06|S03BA03,D07AC01,,
848579,sodium chloride 30 MG/ML Nasal Spray [ENTsol],SBD,A12CA01|B05BB01|B05CB01|B05XA03|S01XA03,R01AX,,
857099,acetaminophen 33.3 MG/ML / hydrocodone bitartrate 0.5 MG/ML Oral Solution,SCD,N02BE01|R05DA03,N02AJ22,,
800790,dibasic potassium phosphate 1.3 MG/ML / glucose 50 MG/ML / sodium acetate 0.0302 MEQ/ML / sodium chloride 0.0155 MEQ/ML Injectable Solution [Isolyte M],SBD,B05XA08,B05BB02,,
209468,acetaminophen 250 MG / aspirin 250 MG / caffeine 65 MG Oral Tablet [Excedrin],SBD,N02BE01|N06BC01,N02BE01,,
210249,calcium carbonate 364 MG / sodium fluoride 8.3 MG Oral Capsule [Florical],SBD,A01AA01|A12AA04,A12CD51,,
2117337,benzocaine 0.2 MG/MG / menthol 0.0026 MG/MG Oral Gel,SCD,C05AD03|D04AB04|R02AD01,R02AD01,,
1094467,phenazopyridine hydrochloride 50 MG / sulfisoxazole 500 MG Oral Tablet [Azo Gantrisin],SBD,G04BX06,G04BX06|J01EB05,,
1095687,diphenhydramine hydrochloride 2.5 MG/ML Oral Solution [Hydramine],SBD,D04AA32|R06AA02,R06AA02,,
1098175,ethanol 0.7 ML/ML Medicated Liquid Soap,SCD,D08AX08|V03AB16|V03AZ01,D08AX08,,
1099033,biotin 0.6 MG/ML / dexpanthenol 5 MG/ML / niacinamide 3 MG/ML / zinc pyrithione 21 MG/ML Topical Solution,SCD,A11HA01|A11HA05|D11AX12,D03AX03|D11AX12,,
1100016,ethanol 0.645 ML/ML Topical Solution,SCD,D08AX08|V03AB16|V03AZ01,D08AX08,,
1110802,sodium bicarbonate 0.25 MEQ/ML Oral Solution,SCD,B05CB04|B05XA02,A02AH,,
857595,brompheniramine maleate 0.4 MG/ML / hydrocodone bitartrate 1 MG/ML / phenylephrine hydrochloride 1.5 MG/ML Oral Solution,SCD,R05DA03|R06AB01,R01BA03|R05DA03|R06AB01,,
1116094,ephedrine hydrochloride 1.6 MG/ML / potassium iodide 30 MG/ML Oral Solution [KIE],SBD,R01AA03|R03CA02,R03CA02|R05CA02,,
1189668,glucose 50 MG/ML / magnesium acetate 0.0015 MEQ/ML / potassium acetate 0.013 MEQ/ML / sodium chloride 0.04 MEQ/ML Injectable Solution [Plasma-Lyte 56 in 5 % Dextrose],SBD,B05XA17,B05BB02,,
1190551,5 ML atropine sulfate 0.05 MG/ML Prefilled Syringe,SCD,A03BA01|S01FA01,A03BA01,,
543492,hydrocortisone 10 MG/ML Topical Cream [Procto-Pak],SBD,A01AC03|A07EA02|D07AA02|D07AB02|D07AB11|H02AB09|S01BA02,D07AA02,,
608926,benzocaine 100 MG/ML Mucous Membrane Topical Solution [Anbesol],SBD,C05AD03|D04AB04|R02AD01,N01BA05,,
597823,tobramycin 40 MG/ML Injectable Solution,SCD,J01GB01|S01AA12,J01GB01,,
860115,2 ML ketorolac tromethamine 30 MG/ML Prefilled Syringe,SCD,M01AB15|S01BC05,M01AB15,,
860430,guaifenesin 20 MG/ML / hydrocodone bitartrate 0.4 MG/ML / phenylephrine hydrochloride 2 MG/ML Oral Solution [Mintuss G],SBD,R05CA03|R05DA03,R01BA03|R05CA03|R05DA03,,
1011746,lidocaine hydrochloride 12 MG/ACTUAT Mucosal Spray [Lidodan],SBD,D04AB01|N01BB02|R02AD02,R02AD02,,
1011852,lidocaine hydrochloride 0.02 MG/MG Topical Gel,SCD,D04AB01|N01BB02|R02AD02,D04AB01,IMPROVED,D04AB01
1012208,prednisolone 3 MG/ML Oral Solution [AsmalPred Plus],SBD,A07EA01|H02AB06|S01BA04|S03BA02,H02AB06,,
1014379,{1 (60000 MG) (clobetasol propionate 0.5 MG/ML Topical Cream) / 1 (100 ML) (coal tar 23 MG/ML Topical Solution [Psorent]) } Pack [Clobeta Plus],BPCK,D07AD01,D07AC01,,
1037074,pheniramine maleate 16 MG / phenylpropanolamine hydrochloride 50 MG / phenyltoloxamine citrate 16 MG / pyrilamine maleate 16 MG Extended Release Oral Capsule [Histine D],SBD,R01BA01,R01BA01|R06AB05|R06AC01,,
1038768,benzalkonium chloride 1 MG/ML / benzethonium chloride 1 MG/ML Medicated Pad [Scrubs],SBD,R02AA09,D08AJ01|D08AJ08,,
2184168,carbetapentane tannate 60 MG / chlorpheniramine tannate 5 MG / phenylephrine tannate 10 MG Extended Release Oral Tablet,SCD,R05DB05|R06AB04,R01BA03|R05DB05|R06AB04,,
244661,methylbenzethonium 1 MG/ML Topical Cream,SCD,D08AJ08|R02AA09,D08AJ08,,
2119719,5 ML hyaluronidase-oysk 2000 UNT/ML / trastuzumab-oysk 120 MG/ML Injection [Herceptin Hylecta],SBD,B06AA03|L01XC03,L01FD01,,
1010740,lidocaine hydrochloride 20 MG/ML Mucous Membrane Topical Solution [Xylocaine],SBD,D04AB01|N01BB02|R02AD02,R02AD02,,
1012223,hydrocortisone acetate 0.025 MG/MG / lidocaine hydrochloride 0.03 MG/MG Rectal Gel,SCD,A01AC03|A07EA02|D04AB01|D07AA02|D07AB02|D07AB11|H02AB09|N01BB02|R02AD02|S01BA02,C05AA01,,
1044196,ampicillin 250 MG/ML Injectable Suspension [Polyflex],SBD,J01CA01|J01CA18,J01CA01,,
1053329,salicylic acid 5 MG/ML Medicated Liquid Soap [Clearskin Blemish],SBD,D01AE12|N02BA04,D01AE12,,
1085640,triamcinolone acetonide 0.005 MG/MG Topical Ointment,SCD,A01AC01|H02AB08|R01AD11,D07AB09,,
1050624,ethanol 0.647 ML/ML Topical Gel,SCD,D08AX08|V03AB16|V03AZ01,D08AX08,,
1052670,acetaminophen 325 MG / phenylephrine hydrochloride 5 MG Oral Capsule,SCD,N02BE01,R01BA03,,
1052684,pramoxine hydrochloride 10 MG/ML Topical Cream,SCD,C05AD07|D04AB07,D04AB07,,
104873,72 HR scopolamine 0.00694 MG/HR Transdermal System,SCD,A03BB01|A04AD01|N05CM05,A04AD01,,
311426,magnesium hydroxide 60 MG/ML / mineral oil 0.25 ML/ML Oral Suspension,SCD,A06AA01|A06AA51,A06AA51,,
2001516,biotin 0.0006 MG/MG / zinc pyrithione 0.021 MG/MG Medicated Bar Soap,SCD,A11HA05|D11AX12,D11AX12,,
830547,acetaminophen 120 MG / aspirin 260 MG / salicylamide 120 MG Oral Tablet,SCD,N02BA05|N02BE01,N02BA01|N02BA05|N02BE01,,
830661,"alanine 4.48 MG/ML / arginine 3.43 MG/ML / glycine 4.48 MG/ML / histidine 1.05 MG/ML / isoleucine 2.52 MG/ML / leucine 3.29 MG/ML / lysine 2.52 MG/ML / methionine 1.4 MG/ML / phenylalanine 1.54 MG/ML / proline 3 MG/ML / serine 1.47 MG/ML / threonine 1.82 MG/ML / tryptophan 0.56 MG/ML / tyrosine 0.31 MG/ML / valine 2.8 MG/ML Injectable Solution [Aminosyn 3.5%, Sulfite-Free]",SBD,B05CX03|B05XB03|N06AX02|V03AB26,B05BA01,,
855492,clorsulon 100 MG/ML / ivermectin 10 MG/ML Injectable Solution [Ivomec Plus],SBD,D11AX22|P02CF01,P02CF01,,
855635,diclofenac sodium 0.01 MG/MG Topical Gel [Voltaren],SBD,M01AB05|M02AA15|S01BC03,M02AA15,,
856940,acetaminophen 21.7 MG/ML / hydrocodone bitartrate 0.5 MG/ML Oral Solution,SCD,N02BE01|R05DA03,N02AJ22,,
207640,diazoxide 15 MG/ML Injectable Solution [Hyperstat],SBD,V03AH01,C02DA01,IMPROVED,C02DA01
212332,salicylic acid 0.06 MG/MG Topical Gel [Keralyt],SBD,D01AE12|N02BA04,D02AF,,
1101854,glycerin 330 MG/ML / phenol 15 MG/ML Mucosal Spray [Chloraseptic Max Spray],SBD,A06AX01|D08AE03,R02AA19,,
1114372,hydrogen peroxide 10 MG/ML Topical Solution [Perox HV-105],SBD,A01AB02|D08AX01,D08AX01,,
1089117,bacitracin 0.5 UNT/ML / dimethicone 200 MG/ML / zinc oxide 250 MG/ML Topical Spray [Rash Relief Antibacterial],SBD,P03AX05,D06AX05,,
829989,"0.5 ML acellular pertussis vaccine, inactivated 0.116 MG/ML / diphtheria toxoid vaccine, inactivated 50 UNT/ML / hepatitis B surface antigen vaccine 0.02 MG/ML / poliovirus vaccine inactivated, type 1 (Mahoney) 80 UNT/ML / poliovirus vaccine inactivated, type 2 (MEF-1) 16 UNT/ML / poliovirus vaccine inactivated, type 3 (Saukett) 64 UNT/ML / tetanus toxoid vaccine, inactivated 20 UNT/ML Prefilled Syringe [PEDIARIX]",SBD,J07AF01|J07AM01,J07CA12,,
847414,selenium sulfide 22.5 MG/ML Medicated Shampoo [Selenos],SBD,D01AE13|D11AC03,D01AE13,,
857404,clemastine fumarate 1.34 MG / phenylpropanolamine hydrochloride 75 MG Extended Release Oral Tablet,SCD,R01BA01,R01BA01|R06AA04,,
208133,tetracycline hydrochloride 25 MG/ML Oral Suspension [Sumycin],SBD,D06AA04|J01AA07,J01AA07,,
1091892,chloroxylenol 20 MG/ML / ketoconazole 10 MG/ML Medicated Shampoo,SCD,D08AE05,D01AC08|D08AE05,,
1099026,{24 (drospirenone 3 MG / ethinyl estradiol 0.02 MG Oral Tablet) / 4 (inert ingredients 1 MG Oral Tablet) } Pack [Loryna 28 Day],BPCK,G03AA12|G03AC10,G03AA12,,
1112948,ethanol 0.53 ML/ML / triclosan 1 MG/ML Topical Solution,SCD,D08AE04,D08AE04|D08AX08,,
1232712,tetrahydrozoline hydrochloride 0.5 MG/ML Nasal Solution,SCD,R01AA06|R01AB03|S01GA02,R01AA06,,
1235267,{7 (ethinyl estradiol 0.01 MG Oral Tablet) / 84 (ethinyl estradiol 0.02 MG / levonorgestrel 0.1 MG Oral Tablet) } Pack [CamreseLo 91 Day],BPCK,G03CA01,G03AA07,,
1235389,ascorbic acid 60 MG / cholecalciferol 0.01 MG / folic acid 0.3 MG / niacin 13.5 MG / riboflavin 1.2 MG / sodium fluoride 0.55 MG / thiamine 1.05 MG / vitamin A 0.75 MG / vitamin B12 0.0045 MG / vitamin B6 1.05 MG / vitamin E 6.75 MG Chewable Tablet,SCD,A11CA01|A11DA01|A11GA01|A11HA03|A11HA04|B03BA01|B03BB01,A01AA01|A11CA01|A11DA01|A11GA01|A11HA03|A11HA04|B03BA01|B03BB01,,
542512,timolol 5 MG/ML Ophthalmic Solution [Istalol],SBD,C07AA06,S01ED01,,
1010902,lidocaine hydrochloride 5 MG/ML Injectable Solution [Xylocaine],SBD,D04AB01|N01BB02|R02AD02,N01BB02,,
1043760,{7 (14 ML) (salicylic acid 0.02 MG/MG Topical Gel) / 1 (29 ML) (salicylic acid 20 MG/ML Medicated Liquid Soap) } Pack,GPCK,D01AE12|N02BA04,D01AE12,,
1046305,gentamicin 1 MG/ML Topical Cream [Garamycin],SBD,D06AX07|S03AA06,D06AX07,,
1046646,glycerin 4 MG/ML / naphazoline hydrochloride 0.12 MG/ML / zinc sulfate 2.5 MG/ML Ophthalmic Solution,SCD,A12CB01,S01GA01,,
1046865,atropine sulfate 0.00388 MG/ML / hyoscyamine sulfate 0.0207 MG/ML / phenobarbital 3.24 MG/ML / scopolamine hydrobromide 0.0013 MG/ML Oral Solution [Donnaphen],SBD,A03BA03|N03AA02,A03BA01|A03BA03|A04AD01|N03AA02,,
1053111,polyethylene glycol 400 10 MG/ML / tetrahydrozoline hydrochloride 0.5 MG/ML Ophthalmic Solution [Ocusan],SBD,R01AA06|R01AB03|S01GA02,S01GA02,,
245220,250 ML glucose 100 MG/ML / sodium chloride 2 MG/ML Injection,SCD,A12CA01|B05BA03|B05BB01|B05CB01|B05XA03|S01XA03|V06DC01,B05BB02,,
1235490,benzocaine 15 MG / menthol 4 MG Oral Lozenge [Cepacol Sore Throat Pain Relief],SBD,C05AD03|D04AB04|R02AD01,R02AD01,,
615111,1000 ML glucose 50 MG/ML / potassium chloride 0.04 MEQ/ML / sodium chloride 9 MG/ML Injection,SCD,A12CA01|B05BA03|B05BB01|B05CB01|B05XA03|S01XA03|V06DC01,B05BB02,,
1046569,camphor 0.04 MG/MG / capsaicin 0.0025 MG/MG / menthol 0.0305 MG/MG Medicated Patch,SCD,N01BX04,M02AB01,,
1734934,20 ML acyclovir 50 MG/ML Injection,SCD,D06BB03|J05AB01|S01AD03,J05AB01,,
242989,phenylephrine 0.005 MG/MG Nasal Gel,SCD,R01AA04|S01FB01|S01XA20,R01AB01,,
1739988,chlorhexidine gluconate 20 MG/ML / ketoconazole 10 MG/ML / salicyloyl phytosphingosine 0.4 MG/ML Medicated Pad,SCD,A01AB03|D01AC08|D08AC02|J02AB02|R02AA05,D01AC08|D08AC02,,
1741529,acetaminophen 650 MG / chlorpheniramine maleate 4 MG / phenylephrine hydrochloride 10 MG Oral Powder,SCD,N02BE01|R06AB04,R01BA03,,
1192505,benzethonium chloride 2 MG/ML / benzocaine 100 MG/ML Topical Spray,SCD,R02AA09,D04AB04|D08AJ08,,
477144,acetylcarnitine 500 MG / thioctic acid 200 MG Oral Capsule,SCD,N06BX12,A16AX01|N06BX12,,
859368,guaifenesin 40 MG/ML / hydrocodone bitartrate 0.5 MG/ML / phenylephrine hydrochloride 1.5 MG/ML Oral Solution [Nariz HC],SBD,R05CA03|R05DA03,R01BA03|R05CA03|R05DA03,,
1043191,salicylic acid 0.02 MG/MG Topical Gel [AcneWorx],SBD,D01AE12|N02BA04,D11AF,,
1049291,1 ML diphenhydramine hydrochloride 50 MG/ML Prefilled Syringe [Benadryl],SBD,D04AA32|R06AA02,R06AA02,,
1660758,benzethonium chloride 1.2 MG/ML Topical Lotion,SCD,R02AA09,D08AJ08,,
1732124,chlorhexidine gluconate 20 MG/ML / ketoconazole 10 MG/ML / salicyloyl phytosphingosine 0.5 MG/ML Topical Foam [Ketoseb PS],SBD,A01AB03|D01AC08|D08AC02|J02AB02|R02AA05,D01AC08|D08AC02,,
211108,povidone-iodine 100 MG/ML Topical Solution [Betadine],SBD,D08AG02|G01AX11,D08AG02,,
860096,ketorolac tromethamine 30 MG/ML Injectable Solution,SCD,M01AB15|S01BC05,M01AB15,,
1010835,lidocaine hydrochloride 30 MG/ML Topical Cream,SCD,D04AB01|N01BB02|R02AD02,D04AB01,,
1039329,ethanol 0.69 ML/ML Topical Foam,SCD,D08AX08|V03AB16|V03AZ01,D08AX08,,
1046501,Salicylic Acid 0.01 MG/MG Medicated Bar Soap [Proactiv Cleansing],SBD,D01AE12|N02BA04,D01AE12,IMPROVED,D01AE12
1053339,benzocaine 100 MG/ML Mucous Membrane Topical Solution [Tanac Liquid],SBD,C05AD03|D04AB04|R02AD01,N01BA05,,
1735533,Salicylic Acid 20 MG/ML Topical Cream [Proactiv Plus Retexturizing],SBD,D01AE12|N02BA04,D01AE12,,
198911,zinc oxide 0.2 MG/MG Topical Ointment,SCD,C05AX04,D02AB,,
349544,guaifenesin 600 MG / phenylephrine hydrochloride 25 MG Extended Release Oral Tablet,SCD,R05CA03,R01BA03|R05CA03,,
800786,dibasic potassium phosphate 1.3 MG/ML / glucose 50 MG/ML / sodium acetate 0.0302 MEQ/ML / sodium chloride 0.0155 MEQ/ML Injectable Solution,SCD,B05XA08,B05BB02,IMPROVED,B05BB02
210076,salicylic acid 170 MG/ML Topical Solution [Occlusal-HP],SBD,D01AE12|N02BA04,D01AE12,,
238015,ethinyl estradiol 0.035 MG / norethindrone 0.4 MG Oral Tablet,SCD,G03CA01|G03DC02,G03AA05,,
581753,castor oil 0.788 MG/MG / Peruvian balsam 0.087 MG/MG / trypsin 0.09 UNT/MG Topical Ointment,SCD,A06AB05,D03BA01,,
860034,hydrocodone bitartrate 0.332 MG/ML / phenylephrine hydrochloride 1 MG/ML / pyrilamine maleate 1.67 MG/ML Oral Solution [Hydrophene DH],SBD,R05DA03,R01BA03|R05DA03|R06AC01,,
1006200,hydrogen peroxide 5 MG/ML Topical Solution [Pre Milk],SBD,A01AB02|D08AX01,D08AX01,,
1795348,250 ML glucose 50 MG/ML / sodium chloride 9 MG/ML Injection,SCD,A12CA01|B05BA03|B05BB01|B05CB01|B05XA03|S01XA03|V06DC01,B05BB02,,
1804375,sodium bicarbonate 515 MG / sodium chloride 1685 MG Powder for Nasal Solution,SCD,A12CA01|B05BB01|B05CB01|B05XA03|S01XA03,R01AX,,
1809754,cholecalciferol 500 UNT / folic acid 1 MG Oral Tablet,SCD,A11CC05|B03BB01,B03BB01,,
1865204,Benzyl Alcohol 2.7 MG/ML / zinc chloride 1.5 MG/ML Mucous Membrane Topical Solution [Orajel Toothache],SBD,B05XA12|P03AX06,P03AX06,,
1866164,sodium bicarbonate 700 MG / sodium chloride 2300 MG Powder for Nasal Solution [Sinucleanse],SBD,A12CA01|B05BB01|B05CB01|B05XA03|S01XA03,R01AX,,
1867940,10 ML epinephrine 0.005 MG/ML / lidocaine hydrochloride 10 MG/ML Injection [Xylocaine with Epinephrine],SBD,C01CA24|D04AB01|N01BB02|R02AD02|S01EA01,N01BB02,,
1867944,30 ML epinephrine 0.005 MG/ML / lidocaine hydrochloride 10 MG/ML Injection [Xylocaine with Epinephrine],SBD,C01CA24|D04AB01|N01BB02|R02AD02|S01EA01,N01BB02,,
1869280,ethanol 0.98 ML/ML Injection,SCD,D08AX08|V03AB16|V03AZ01,V03AB16,,
1940587,ibuprofen 200 MG / phenylephrine hydrochloride 10 MG Oral Tablet [Wal-Profen Congestion Relief and Pain],SBD,M01AE01|M01AE14|M02AA13|R01AA04|S01FB01|S01XA20,M01AE01|R01BA03,,
1244008,ascorbic acid 35 MG/ML / cholecalciferol 0.01 MG/ML / ferrous sulfate 10 MG/ML / sodium fluoride 0.55 MG/ML / vitamin A palmitate 1500 UNT/ML Oral Solution,SCD,A11CA01|A11CC05|A11GA01,A01AA01|A11CA01|A11CC05|A11GA01|B03AA07,,
1244581,{10 (12 HR chlorpheniramine maleate 4 MG / methscopolamine nitrate 2.5 MG Extended Release Oral Tablet [Allerx DF AM]) / 10 (12 HR chlorpheniramine maleate 8 MG / methscopolamine nitrate 2.5 MG Extended Release Oral Tablet [AlleRx PM]) } Pack [AlleRx DF Dose Pack 10],BPCK,R06AB04,A03BB03|R06AB04,,
1245383,calcium carbonate 298 MG / magnesium chloride 596 MG Delayed Release Oral Tablet,SCD,A12AA04|A12CC01,A12CC01,,
1249040,carbetapentane tannate 15 MG/ML / chlorpheniramine tannate 2 MG/ML / phenylephrine tannate 2.5 MG/ML Oral Suspension,SCD,R05DB05|R06AB04,R01BA03|R05DB05|R06AB04,IMPROVED,R01BA03|R05DB05|R06AB04
1250488,hydrocortisone acetate 10 MG/ML Topical Cream [Corticaine],SBD,A01AC03|A07EA02|D07AA02|D07AB02|D07AB11|H02AB09|S01BA02,D07AA02,,
1251327,ethinyl estradiol 0.005 MG / norethindrone acetate 1 MG Oral Tablet [Femhrt],SBD,G03CA01|G03DC02,G03AA05,,
1249717,diphenhydramine hydrochloride 1 MG/ML Injectable Solution,SCD,D04AA32|R06AA02,R06AA02,,
1291718,{1 (acetaminophen 500 MG / chlorpheniramine maleate 2 MG / pseudoephedrine hydrochloride 30 MG Oral Tablet) / 1 (acetaminophen 500 MG / diphenhydramine hydrochloride 25 MG / pseudoephedrine hydrochloride 30 MG Oral Tablet) } Pack,GPCK,N02BE01|R01BA02|R06AB04,N02BE01|R01BA02|R06AA02|R06AB04,,
1293038,chlorpheniramine tannate 0.4 MG/ML / methscopolamine nitrate 0.3 MG/ML Oral Suspension [Dexodryl],SBD,R06AB04,A03BB03|R06AB04,,
1300064,ciclopirox 7.7 MG/ML Topical Cream [Ciclodan],SBD,D01AE14|G01AX12,D01AE14,,
1301152,benzalkonium chloride 1.3 MG/ML / benzocaine 50 MG/ML Medicated Pad,SCD,C05AD03|D04AB04|D08AJ01|D08AJ08|R02AA16|R02AD01,D04AB04|D08AJ01,,
1247254,phenylephrine hydrochloride 0.5 MG/ML Injectable Solution,SCD,R01AA04|S01FB01|S01XA20,C01CA06,,
1364272,chlorhexidine gluconate 40 MG/ML Medicated Liquid Soap [Foam Safe],SBD,A01AB03|D08AC02|R02AA05,D08AC02,,
1368963,chlophedianol hydrochloride 25 MG / chlorpheniramine maleate 4 MG / phenylephrine hydrochloride 15 MG Oral Tablet,SCD,R05DB10|R06AB04,R01BA03|R05DB10|R06AB04,IMPROVED,R01BA03|R05DB10|R06AB04
1425352,miconazole nitrate 20 MG/ML Topical Cream [Tineacide Antifungal Reformulated Jun 2013],SBD,A01AB09|D01AC02|G01AF04,D01AC02,,
1425559,sodium bicarbonate 0.298 MEQ/ML Mouthwash,SCD,B05CB04|B05XA02,A02AH,,
197962,hydrochlorothiazide 30 MG / methyldopa 500 MG Oral Tablet,SCD,C02AB01|C03AA03,C02LB01,,
1425510,capsaicin 0.000325 MG/MG / lidocaine 0.045 MG/MG / menthol 0.1 MG/MG / methyl salicylate 0.275 MG/MG Topical Ointment [LidoPro],SBD,D04AB01|N01BB02|N01BX04|R02AD02,D04AB01|M02AB01,,
1433894,cetylpyridinium chloride 1 MG/ML Mouthwash [Crest Mouthwash],SBD,B05CA01|D08AJ03|D09AA07|R02AA06,R02AA06,IMPROVED,R02AA06
1486452,{21 (ethinyl estradiol 0.035 MG / norethindrone 0.4 MG Chewable Tablet) / 7 (ferrous fumarate 75 MG Chewable Tablet) } Pack [Wymzya Fe 28 Day],BPCK,B03AA02|G03CA01|G03DC02,G03AA05,,
1545673,benzalkonium chloride 1 MG/ML Topical Foam [Veteran Shield 24],SBD,D08AJ01|D08AJ08|R02AA16,D08AJ01,,
1595155,benzalkonium chloride 0.001 MG/MG / benzocaine 0.2 MG/MG Oral Gel,SCD,C05AD03|D04AB04|D08AJ01|D08AJ08|R02AA16|R02AD01,D04AB04,,
1430119,ivermectin 10 MG/ML Injectable Solution [Bimectin],SBD,D11AX22|P02CF01,P02CF01,,
1737568,2 ML lidocaine hydrochloride 10 MG/ML Injection,SCD,N01BB02,C01BB01,,
1741905,dapsone 0.075 MG/MG Topical Gel,SCD,J04BA02,D10AX05,,
1792142,lidocaine 50 MG/ML / menthol 30 MG/ML Topical Cream [Lexifen],SBD,D04AB01|N01BB02|R02AD02,D04AB01,,
1807509,vancomycin 5 MG/ML Injection,SCD,A07AA09,J01XA01,,
1856424,{7 (ethinyl estradiol 0.035 MG / norethindrone 0.5 MG Oral Tablet) / 7 (ethinyl estradiol 0.035 MG / norethindrone 0.75 MG Oral Tablet) / 7 (ethinyl estradiol 0.035 MG / norethindrone 1 MG Oral Tablet) / 7 (inert ingredients 1 MG Oral Tablet) } Pack [Nylia 7/7/7 28 Day],BPCK,G03AA05|G03FA01,G03AA05,,
1865193,capsaicin 0.35 MG/ML / menthol 40 MG/ML Topical Cream,SCD,N01BX04,M02AB01,,
1926055,"calcium chloride 0.54 MG/ML / sodium fluoride 0.2 MG/ML / sodium phosphate, monobasic 0.56 MG/ML Mouthwash",SCD,A01AA01|B05XA07,A01AA01,,
1294005,clioquinol 30 MG/ML / hydrocortisone 5 MG/ML / pramoxine hydrochloride 10 MG/ML Topical Lotion,SCD,A01AC03|A07EA02|D07AA02|D07AB02|D07AB11|H02AB09|S01BA02,D04AB07|D07AA02|D08AH30,,
1300908,{1 (benzoyl peroxide 42.5 MG/ML Topical Foam [Clarifoam Clear]) / 1 (salicylic acid 20 MG/ML Medicated Liquid Soap [Clarifoam Pure]) / 1 (salicylic acid 20 MG/ML Topical Cream [Clarifoam Fast]) } Pack [BeyondClear],BPCK,D10AE01,D01AE12|D10AE01,,
1363513,dexbrompheniramine maleate 2 MG / pseudoephedrine hydrochloride 60 MG Oral Tablet,SCD,R01BA02|R06AB06,R01BA02,,
1376380,benzalkonium chloride 1.4 MG/ML / benzocaine 50 MG/ML Topical Spray,SCD,C05AD03|D04AB04|D08AJ01|D08AJ08|R02AA16|R02AD01,D04AB04|D08AJ01,,
1438497,cocoa butter 0.884 MG/MG / phenylephrine hydrochloride 0.0025 MG/MG Rectal Suppository,SCD,R01AA04|S01FB01|S01XA20,C05AX06,,
1795498,500 ML glucose 700 MG/ML Injection,SCD,B05BA03|V06DC01,B05BA03,,
1798997,sulfacetamide sodium 100 MG/ML / sulfur 20 MG/ML Topical Foam [Avar],SBD,D10AB02,D10AB02|D10AF06,,
197781,hydrocortisone 2.5 MG/ML Topical Lotion,SCD,A01AC03|A07EA02|D07AA02|D07AB02|D07AB11|H02AB09|S01BA02,D07AA02,,
1292897,allantoin 5 MG/ML / benzalkonium chloride 1.3 MG/ML / benzyl alcohol 0.005 ML/ML Topical Spray [Shing-Releev],SBD,P03AX06,D08AJ01,,
1297369,chlorpheniramine maleate 0.2 MG/ML / ibuprofen 20 MG/ML / pseudoephedrine hydrochloride 3 MG/ML Oral Suspension,SCD,R01BA02|R06AB04,M01AE01|R01BA02|R06AB04,,
1297960,ketoconazole 1 MG/ML Topical Solution,SCD,D01AC08|J02AB02,D01AC08,,
1430401,chlorpheniramine maleate 8 MG / methscopolamine nitrate 1.25 MG / pseudoephedrine hydrochloride 60 MG Extended Release Oral Tablet,SCD,R01BA02|R06AB04,A03BB03|R01BA02|R06AB04,,
1537235,ascorbic acid 35 MG/ML / cholecalciferol 0.01 MG/ML / vitamin A 0.225 MG/ML Oral Solution [Tri-Vi-Sol],SBD,A11CA01|A11GA01,A11CA01|A11CC05|A11GA01,,
1546588,salicylic acid 0.02 MG/MG Medicated Patch,SCD,D01AE12|N02BA04,D11AF,,
1928875,aloe polysaccharide 0.01 MG/MG / iodoquinol 0.0125 MG/MG Topical Gel [Quinja],SBD,G01AC01,D08AH,,
1601564,salicylic acid 0.066 MG/MG Topical Gel,SCD,D01AE12|N02BA04,D01AE12,,
1542820,histamine dihydrochloride 0.5 MG/ML Topical Cream,SCD,V04CG03,L03AX14,,
1546705,histamine dihydrochloride 0.6 MG/ML Topical Lotion,SCD,V04CG03,L03AX14,,
1599163,lidocaine 0.04 MG/MG / menthol 0.02 MG/MG / methyl salicylate 0.16 MG/MG Medicated Patch,SCD,D04AB01|N01BB02|R02AD02,D04AB01,,
1652108,lidocaine 0.05 MG/MG Rectal Gel [Topicaine],SBD,D04AB01|N01BB02|R02AD02,C05AD01,,
1494203,zinc oxide 100 MG/ML Topical Spray [Dr. Smith's Diaper Rash],SBD,C05AX04,D02AB,IMPROVED,D02AB
1811918,aspirin 81 MG / omeprazole 40 MG Delayed Release Oral Tablet [Yosprala],SBD,A02BC01,B01AC56,,
1235758,capsaicin 0.0005 MG/MG / menthol 0.07 MG/MG / methyl salicylate 0.2 MG/MG Topical Ointment [Medrox],SBD,N01BX04,M02AB01,,
1244999,coal tar 10 MG/ML / salicylic acid 20 MG/ML / sulfur 20 MG/ML Medicated Shampoo [Pazol XS],SBD,D10AB02,D01AE12|D10AB02,,
1290936,salicylic acid 20 MG/ML Topical Lotion [Clearskin Blemish],SBD,D01AE12|N02BA04,D01AE12,,
1294621,bismuth subcitrate 140 MG / metronidazole 125 MG / tetracycline hydrochloride 125 MG Oral Capsule [Pylera],SBD,A02BX05,A02BD08,,
1302176,petrolatum 0.5 MG/MG / zinc oxide 0.1 MG/MG Paste [Soothe & Cool Skin Paste],SBD,C05AX04,D02AB,,
1366206,dimethyl sulfoxide 600 MG/ML / fluocinolone acetonide 0.1 MG/ML Otic Solution [Synotic],SBD,G04BX13|M02AX03,S02BA08,,
1424257,pramoxine hydrochloride 10 MG/ML Topical Spray [Dermal-Soothe],SBD,C05AD07|D04AB07,D04AB07,,
1433755,salicylic acid 20 MG/ML / sulfur 20 MG/ML Medicated Shampoo [Seba-Moist],SBD,D10AB02,D01AE12|D10AB02,,
664704,1000 ML glucose 50 MG/ML / potassium chloride 0.04 MEQ/ML / sodium chloride 2.25 MG/ML Injection,SCD,A12CA01|B05BA03|B05BB01|B05CB01|B05XA03|S01XA03|V06DC01,B05BB02,,
669031,benzocaine 200 MG/ML Mucous Membrane Topical Solution [Benz-O-Sthetic],SBD,C05AD03|D04AB04|R02AD01,R02AD01,,
708018,Salicylic Acid 30 MG/ML Medicated Shampoo [Dermarest Psoriasis],SBD,D01AE12|N02BA04,D01AE12,,
753536,{21 (ethinyl estradiol 0.035 MG / norethindrone 0.4 MG Oral Tablet) / 7 (inert ingredients 1 MG Oral Tablet) } Pack [Zenchent 28 Day],BPCK,G03CA01|G03DC02,G03AA05,,
731538,2 ML penicillin G benzathine 300000 UNT/ML / penicillin G procaine 300000 UNT/ML Prefilled Syringe,SCD,J01CE08|J01CE09,J01CE08,,
731572,penicillin G benzathine 600000 UNT/ML Injectable Suspension,SCD,J01CE08|J01CE09,J01CE08,,
751884,{21 (ethinyl estradiol 0.02 MG / levonorgestrel 0.1 MG Oral Tablet) / 7 (inert ingredients 1 MG Oral Tablet) } Pack [Lutera 28 Day],BPCK,G03AC03|G03CA01,G03AA07,,
309846,dibucaine 5 MG/ML / hydrocortisone 5 MG/ML Rectal Cream,SCD,A01AC03|A07EA02|C05AD04|D07AA02|D07AB02|D07AB11|H02AB09|S01BA02,C05AA01|C05AD04,,
891437,NDA020800 0.15 ML epinephrine 1 MG/ML Auto-Injector [Adrenaclick],SBD,C01CA24|S01EA01,C01CA24,,
978954,hydrocortisone 2.5 MG/ML Medicated Shampoo [Sentry HC Dermasphere],SBD,A01AC03|A07EA02|D07AA02|D07AB02|D07AB11|H02AB09|S01BA02,D07AA02,,
997406,12 HR fexofenadine hydrochloride 60 MG / pseudoephedrine hydrochloride 120 MG Extended Release Oral Tablet,SCD,R01BA02|R06AX26,R01BA02,,
637518,benzocaine 200 MG/ML / resorcinol 30 MG/ML Vaginal Cream,SCD,C05AD03|D04AB04|R02AD01,D04AB04,,
904465,alendronic acid 70 MG / cholecalciferol 5600 UNT Oral Tablet [Fosamax Plus D],SBD,A11CC05,M05BB03,,
898396,povidone-iodine 3 MG/ML Douche [Summer's Eve Medicated],SBD,D08AG02|D09AA09|D11AC06|G01AX11|R02AA15,G01AX11,,
198367,brompheniramine maleate 12 MG / phenylephrine hydrochloride 15 MG / phenylpropanolamine hydrochloride 15 MG Extended Release Oral Tablet,SCD,R01BA01|R06AB01,R01BA01|R01BA03|R06AB01,,
205255,"diphtheria toxoid vaccine, inactivated 25 UNT/ML / tetanus toxoid vaccine, inactivated 10 UNT/ML Injectable Suspension",SCD,J07AF01|J07AM01|J07AM51|J07CA02,J07AM51,,
207586,procaine 20 MG/ML Injectable Solution [Novocaine],SBD,C05AD05|N01BA02|S01HA05,N01BA02,,
803308,prednisolone 3 MG/ML Oral Suspension [Flo-Pred],SBD,A07EA01|H02AB06|S01BA04|S03BA02,H02AB06,,
198247,tetracaine 0.005 MG/MG Topical Ointment,SCD,C05AD02|D04AB06|N01BA03|S01HA03,D04AB06,,
687659,carbetapentane 4 MG/ML / guaifenesin 20 MG/ML / phenylephrine 2.5 MG/ML Oral Solution,SCD,R05CA03|R05DB05,R01BA03|R05CA03|R05DB05,,
639497,triamcinolone 0.066 MG/ML Topical Spray,SCD,A01AC01|H02AB08|R01AD11,D07AB09,,
880326,acetaminophen 300 MG / phenyltoloxamine citrate 20 MG / salicylamide 200 MG Oral Capsule,SCD,N02BA05|N02BE01,N02BE01,,
901829,chlorhexidine diacetate 0.5 MG/ML Topical Spray,SCD,A01AB03|D08AC02|R02AA05,D08AC02,,
205289,coal tar 20 MG/ML / lactic acid 50 MG/ML / salicylic acid 30 MG/ML Topical Lotion,SCD,D01AE12|G01AD01|N02BA04,D01AE12,,
753526,sodium chloride 4 MG/ML Nasal Spray [Salinex],SBD,A12CA01|B05BB01|B05CB01|B05XA03|S01XA03,R01AX,,
308615,bendroflumethiazide 2.5 MG / potassium chloride 6.7 MEQ Delayed Release Oral Tablet,SCD,C03AA01,A12BA01|C03AA01,,
997520,aspirin 325 MG / codeine phosphate 60 MG Oral Tablet [Empirin with Codeine],SBD,R05DA04,N02AJ07,,
308666,benzocaine 0.063 MG/MG / phenol 0.005 MG/MG Topical Ointment,SCD,C05AD03|D04AB04|D08AE03|R02AD01,D04AB04|D08AE03,,
636528,folic acid 2.2 MG / vitamin B12 1 MG / vitamin B6 25 MG Oral Tablet,SCD,B03BA01|B03BB01,A11HA02|B03BA01|B03BB01,,
205259,"0.5 ML diphtheria toxoid vaccine, inactivated 4 UNT/ML / tetanus toxoid vaccine, inactivated 4 UNT/ML Injection",SCD,J07AF01|J07AM01,J07AM01,,
308398,ascorbic acid 600 MG / ferrous fumarate 330 MG Oral Tablet,SCD,A11GA01,A11GA01|B03AA02,,
995440,codeine phosphate 1.26 MG/ML / guaifenesin 20 MG/ML Oral Solution [M-Clear WC],SBD,R05CA03|R05DA04,R05FA02,,
995906,penicillin G potassium 1000000 UNT/ML Injectable Solution [Pfizerpen],SBD,J01CE08|J01CE09,J01CE01,,
834160,chlorhexidine gluconate 20 MG/ML Medicated Liquid Soap [Dyna-Hex],SBD,A01AB03|D08AC02|R02AA05,D08AC02,,
899705,24 HR nitroglycerin 0.8 MG/HR Transdermal System [Nitro-Dur],SBD,C01DA02|C05AE01,C01DA02,,
311905,nandrolone 200 MG/ML Injectable Solution,SCD,A14AB01|S01XA11,A14AB01,,
756236,ferrous sulfate 44 MG/ML Oral Solution [Iron Sol],SBD,B03AA01|B03AA07,B03AA07,,
647416,glycerin 995 MG/ML Topical Solution,SCD,A06AX01,D02AX,,
797233,zinc oxide 0.0938 MG/MG Topical Ointment,SCD,C05AX04,D02AB,,
754744,chlorpheniramine maleate 0.4 MG/ML / methscopolamine nitrate 0.15 MG/ML / phenylephrine hydrochloride 2 MG/ML Oral Solution,SCD,R06AB04,A03BB03|R01BA03|R06AB04,,
864669,calcium carbonate 1500 MG / cholecalciferol 1000 UNT Oral Tablet [Osteo-Poretical],SBD,A11CC05,A11CC05|A12AA04,,
206512,hydrocortisone 10 MG/ML / neomycin 3.5 MG/ML / polymyxin B 10000 UNT/ML Otic Solution [Cortomycin],SBD,A01AC03|A07AA01|A07EA02|D06AX04|D07AA02|D07AB02|D07AB11|H02AB09|S01AA03|S01BA02,S02CA03,,
359322,capsaicin 0.00075 MG/MG Topical Ointment,SCD,N01BX04,M02AB01,,
359929,guaifenesin 22 MG/ML / phenylephrine hydrochloride 1 MG/ML Oral Solution,SCD,R05CA03,R01BA03|R05CA03,,
309318,citric acid 66.8 MG/ML / potassium citrate 220 MG/ML Oral Solution,SCD,A09AB04|A12BA02,G04BC,,
1089030,codeine phosphate 1 MG/ML / guaifenesin 20 MG/ML / pseudoephedrine hydrochloride 6 MG/ML Oral Suspension [Zodryl DEC],SBD,R01BA02|R05CA03|R05DA04,R01BA02|R05FA02,,
200082,lamivudine 150 MG / zidovudine 300 MG Oral Tablet,SCD,J05AF01|J05AF05|J05AR01,J05AR01,IMPROVED,J05AR01
204602,bacitracin 0.4 UNT/MG / neomycin 0.0035 MG/MG / polymyxin B 5 UNT/MG Topical Ointment,SCD,A07AA01|D06AX04|S01AA03,D06AX04|D06AX05,,
206033,clioquinol 30 MG/ML / hydrocortisone 10 MG/ML Topical Cream [Steroform],SBD,A01AC03|A07EA02|D07AA02|D07AB02|D07AB11|H02AB09|S01BA02,D07AA02|D08AH30,,
997283,codeine phosphate 3 MG/ML / guaifenesin 50 MG/ML / phenylephrine hydrochloride 2.5 MG/ML Oral Solution,SCD,R05CA03|R05DA04,R01BA03|R05CA03|R05DA04,,
998525,miconazole nitrate 20 MG/ML Topical Solution,SCD,A01AB09|D01AC02|G01AF04,D01AC02,,
349212,guaifenesin 600 MG / phenylephrine hydrochloride 10 MG Extended Release Oral Tablet,SCD,R05CA03,R01BA03|R05CA03,,
204423,hydrocortisone 10 MG/ML / neomycin 3.5 MG/ML / polymyxin B 10000 UNT/ML Otic Solution,SCD,A01AC03|A07AA01|A07EA02|D06AX04|D07AA02|D07AB02|D07AB11|H02AB09|S01AA03|S01BA02,S02CA03,,
800928,"magnesium chloride 0.00148 MEQ/ML / monobasic potassium phosphate 0.0082 MG/ML / potassium chloride 0.00497 MEQ/ML / sodium acetate 0.0272 MEQ/ML / sodium chloride 0.0906 MEQ/ML / sodium gluconate 5 MG/ML / sodium phosphate, dibasic 0.12 MG/ML Injectable Solution [Isolyte S]",SBD,B05XA08,B05BB01,,
848216,Augmented betamethasone 0.5 MG/ML Topical Cream [Teladar],SBD,D07AC01|H02AB01|S01BA06|S03BA03,D07AC01,,
849295,acetaminophen 325 MG / propoxyphene napsylate 50 MG Oral Tablet,SCD,N02AC04|N02BE01,N02AC04,,
210133,calcium carbonate 1500 MG / cholecalciferol 125 UNT / ferrous fumarate 54 MG Oral Tablet [Caltrate 600 + Iron & Vitamin D],SBD,A11CC05,A11CC05|A12AA04|B03AA02,,
2104323,salicylic acid 20 MG/ML Medicated Liquid Soap [Asepxia],SBD,D01AE12|N02BA04,D01AE12,,
211315,benzocaine 200 MG/ML Topical Spray [Americaine],SBD,C05AD03|D04AB04|R02AD01,N01BA05,,
2122909,guaifenesin 20 MG/ML / hydrocodone bitartrate 1 MG/ML / phenylephrine hydrochloride 3 MG/ML Oral Solution [Levall 5.0],SBD,R05CA03|R05DA03,R01BA03|R05CA03|R05DA03,,
1116967,capsaicin 0.25 MG/ML / menthol 100 MG/ML / methyl salicylate 300 MG/ML Topical Lotion,SCD,N01BX04,M02AB01,,
1147181,ethanol 0.52 ML/ML Topical Gel,SCD,D08AX08|V03AB16|V03AZ01,D08AX08,,
1189310,"alanine 8.44 MG/ML / arginine 8.65 MG/ML / aspartate 5.95 MG/ML / glutamate 6.27 MG/ML / glycine 4.25 MG/ML / histidine 2.55 MG/ML / isoleucine 5.61 MG/ML / leucine 8.5 MG/ML / lysine 8.93 MG/ML / magnesium chloride 0.005 MEQ/ML / methionine 1.46 MG/ML / phenylalanine 2.53 MG/ML / potassium chloride 0.066 MEQ/ML / proline 6.14 MG/ML / serine 4.5 MG/ML / sodium chloride 0.01 MEQ/ML / sodium phosphate, dibasic 0.0299 MEQ/ML / threonine 3.4 MG/ML / tryptophan 1.7 MG/ML / tyrosine 2.3 MG/ML / valine 4.25 MG/ML Injectable Solution [Aminosyn II 8.5 % with Electrolytes, Sulfite-Free]",SBD,B05CX03|B05XB03|N06AX02|V03AB26,B05BA01,,
1233682,chlorhexidine gluconate 40 MG/ML Medicated Liquid Soap [E-Z Scrub],SBD,A01AB03|D08AC02|R02AA05,D08AC02,IMPROVED,D08AC02
476828,niacinamide 40 MG/ML Topical Cream,SCD,A11HA01,D10AX,,
543666,salicylic acid 60 MG/ML Topical Lotion [Salex],SBD,D01AE12|N02BA04,D01AE12,,
543812,ammonium lactate 120 MG/ML Topical Lotion [Lac-Hydrin],SBD,G01AD01,D02AX,,
608696,aspirin 500 MG / caffeine 32 MG Oral Tablet [Anacin],SBD,N06BC01,N02BA51,,
859327,guaifenesin 30 MG/ML / hydrocodone bitartrate 0.5 MG/ML / phenylephrine hydrochloride 1.2 MG/ML Oral Solution,SCD,R05CA03|R05DA03,R01BA03|R05CA03|R05DA03,,
859329,guaifenesin 30 MG/ML / hydrocodone bitartrate 0.5 MG/ML / phenylephrine hydrochloride 1.2 MG/ML Oral Solution [Hydrofed],SBD,R05CA03|R05DA03,R01BA03|R05CA03|R05DA03,,
1001086,epinephrine 10 MG/ML / pilocarpine hydrochloride 40 MG/ML Ophthalmic Solution,SCD,C01CA24|N07AX01|S01EA01|S01EB01,S01EA01|S01EB01,,
1010846,5 ML lidocaine hydrochloride 40 MG/ML Injection [Xylocaine],SBD,D04AB01|N01BB02|R02AD02,N01BB02,,
1012229,hydrocortisone acetate 10 MG/ML / lidocaine hydrochloride 30 MG/ML Rectal Cream,SCD,A01AC03|A07EA02|D04AB01|D07AA02|D07AB02|D07AB11|H02AB09|N01BB02|R02AD02|S01BA02,C05AA01,,
1012327,hydrocortisone acetate 20 MG/ML / lidocaine hydrochloride 20 MG/ML Rectal Cream [Ana-Lex],SBD,A01AC03|A07EA02|D04AB01|D07AA02|D07AB02|D07AB11|H02AB09|N01BB02|R02AD02|S01BA02,C05AA01,,
1012966,lidocaine hydrochloride 350 MG/ML Topical Spray,SCD,D04AB01|N01BB02|R02AD02,D04AB01,IMPROVED,D04AB01
103403,hydrocortisone 10 MG/ML Topical Lotion,SCD,A01AC03|A07EA02|D07AA02|D07AB02|D07AB11|H02AB09|S01BA02,D07AA02,,
1043723,lidocaine hydrochloride 0.04 MG/MG Topical Gel [LidoWorx],SBD,D04AB01|N01BB02|R02AD02,D04AB01,,
1045430,{1 (236 ML) (benzethonium chloride 1.3 MG/ML Medicated Liquid Soap) / 1 (78000 MG) (zinc oxide 100 MG/ML Topical Cream) } Pack,GPCK,D08AJ08|R02AA09,D08AJ08,,
1050079,diphenhydramine hydrochloride 20 MG/ML Topical Cream [Benadryl],SBD,D04AA32|R06AA02,D04AA32,,
1052530,ethanol 0.72 ML/ML Topical Solution,SCD,D08AX08|V03AB16|V03AZ01,D08AX08,,
1053142,diphenhydramine hydrochloride 20 MG/ML / zinc acetate 1 MG/ML Topical Spray [Wal-Dryl],SBD,A16AX05,D04AA32,,
106371,metronidazole 0.0075 MG/MG Topical Gel [MetroGel],SBD,A01AB17|D06BX01|P01AB01,D06BX01,,
238909,benzocaine 50 MG/ML Topical Spray,SCD,C05AD03|D04AB04|R02AD01,N01BA05,,
259305,glycerin 10 MG/ML Ophthalmic Solution,SCD,A06AX01,S01XA20,,
260302,hydrocortisone 10 MG/ML / neomycin 3.5 MG/ML / polymyxin B 10000 UNT/ML Otic Solution [Lazersporin-C],SBD,A01AC03|A07AA01|A07EA02|D06AX04|D07AA02|D07AB02|D07AB11|H02AB09|S01AA03|S01BA02,S02CA03,,
260406,prednisolone 20 MG/ML Injectable Solution [Key-Pred SP],SBD,A07EA01|H02AB06|S01BA04|S03BA02,H02AB06,,
1659151,piperacillin 4000 MG / tazobactam 500 MG Injection [Zosyn],SBD,J01CA12|J01CG02|J01CR05,J01CR05,,
615968,benzocaine 200 MG/ML Mucosal Spray [Benz-O-Sthetic],SBD,C05AD03|D04AB04|R02AD01,R02AD01,,
857877,chlorpheniramine maleate 0.4 MG/ML / hydrocodone bitartrate 0.5 MG/ML / phenylephrine hydrochloride 1 MG/ML Oral Solution [Duradal HD Plus],SBD,R05DA03|R06AB04,R01BA03|R05DA03|R06AB04,,
1011080,dexamethasone 0.5 MG/ML / tobramycin 3 MG/ML Ophthalmic Suspension [Tobradex],SBD,H02AB02|S01BA01,S01CA01,,
1041498,ethanol 0.8 ML/ML Topical Gel,SCD,D08AX08|V03AB16|V03AZ01,D08AX08,,
1049906,diphenhydramine hydrochloride 2.5 MG/ML Oral Solution,SCD,D04AA32|R06AA02,R06AA02,,
1014318,triamcinolone acetonide 1 MG/ML Topical Cream [Pediaderm TA],SBD,A01AC01|H02AB08|R01AD11,D07AB09,,
1661099,salicylic acid 0.4 MG/MG Medicated Patch [Mosco One Step Corn Remover],SBD,D01AE12|N02BA04,D11AF,,
1046959,atropine sulfate 0.0194 MG / hyoscyamine sulfate 0.1037 MG / phenobarbital 16.2 MG / scopolamine hydrobromide 0.0065 MG Oral Tablet [Malatal],SBD,A03BA03|N03AA02,A03BA01|A03BA03|A04AD01|N03AA02,,
2044805,pramoxine hydrochloride 10 MG/ML / zinc acetate 1 MG/ML Medicated Pad,SCD,A16AX05,D04AB07,,
205233,calcium carbonate 700 MG / magnesium hydroxide 300 MG Chewable Tablet,SCD,A02AA04|A12AA04,A02AD01,,
834173,chlorhexidine gluconate 5 MG/ML Medicated Pad,SCD,A01AB03|D08AC02|R02AA05,D08AC02,,
804544,difluprednate 0.5 MG/ML Ophthalmic Suspension,SCD,D07AC19,S01BA16,,
855162,benzocaine 15 MG / menthol 4 MG Oral Lozenge,SCD,C05AD03|D04AB04|R02AD01,R02AD01,,
2108930,estradiol 1 MG / progesterone 100 MG Oral Capsule [Bijuva],SBD,G03CA03|G03DA04,G03FA04,,
1092412,{24 (acetaminophen 500 MG / diphenhydramine hydrochloride 25 MG Oral Tablet [Tylenol PM]) / 50 (acetaminophen 500 MG Oral Tablet [Tylenol]) } Pack [Tylenol Extra Strength Day and Night Pack],BPCK,N02BE01|N02BE51,N02BE01|R06AA02,,
1098592,salicylic acid 0.02 MG/MG Topical Gel [Epoch Blemish],SBD,D01AE12|N02BA04,D01AE12,,
1111680,benzoyl peroxide 40 MG/ML / salicylic acid 30 MG/ML Medicated Liquid Soap,SCD,D10AE01,D01AE12|D10AE01,,
1115730,hydrocortisone acetate 18.5 MG/ML / pramoxine hydrochloride 11.5 MG/ML Rectal Cream [Procort 1.85/1.15],SBD,A01AC03|A07EA02|D07AA02|D07AB02|D07AB11|H02AB09|S01BA02,A07EA02,,
1087245,calcium ascorbate 60 MG / calcium threonate 0.8 MG / ferrous asparto glycinate 50 MG / folic acid 1 MG / polysaccharide iron complex 100 MG / succinic acid 50 MG / vitamin B12 0.025 MG Oral Capsule,SCD,B03BA01|B03BB01,B03AE01,IMPROVED,B03AE01
2001749,capsaicin 0.000375 MG/MG / menthol 0.05 MG/MG / methyl salicylate 0.2 MG/MG Topical Ointment,SCD,N01BX04,M02AB01,,
2045632,1 ML erenumab-aooe 70 MG/ML Prefilled Syringe [Aimovig],SBD,N02CX07,N02CD01,,
403937,acetaminophen 500 MG / caffeine 65 MG Disintegrating Oral Tablet,SCD,N02BE01|N02BE51|N06BC01,N02BE51,,
999967,amlodipine 5 MG / hydrochlorothiazide 12.5 MG / olmesartan medoxomil 20 MG Oral Tablet,SCD,C03AA03|C08CA01,C09DX03,,
857007,acetaminophen 325 MG / hydrocodone bitartrate 7.5 MG Oral Tablet [Norco],SBD,N02BE01|R05DA03,N02AJ22,,
1094385,Diphenhydramine Hydrochloride 2.5 MG/ML Oral Solution [PediaCare Children's Allergy],SBD,D04AA32|R06AA02,R06AA02,,
1094740,benzocaine 200 MG/ML / menthol 10 MG/ML Medicated Pad [Medicaine Sting],SBD,C05AD03|D04AB04|R02AD01,D04AB04,,
213279,lactic acid 20 MG/ML / urea 100 MG/ML Topical Lotion [U-Lactin],SBD,D02AE01|G01AD01,D02AX,,
1235205,salicylic acid 20 MG/ML Medicated Liquid Soap [Clenziderm],SBD,D01AE12|N02BA04,D01AE12,,
544741,clindamycin 10 MG/ML Topical Foam [Evoclin],SBD,D10AF01|J01FF01,D10AF01,,
1000937,pilocarpine hydrochloride 50 MG/ML Ophthalmic Solution [Ocu-Carpine],SBD,N07AX01|S01EB01,S01EB01,,
1013030,lidocaine hydrochloride 20 MG/ML Injectable Solution [Lidoject],SBD,D04AB01|N01BB02|R02AD02,N01BB02,,
1038856,benzalkonium chloride 1 MG/ML Medicated Pad,SCD,D08AJ01|D08AJ08|R02AA16,D09AA11,,
1038947,dyclonine hydrochloride 3 MG / menthol 6 MG Oral Lozenge [Sucrets Complete],SBD,N01BX02|R02AD04,R02AD04,,
1053761,nystatin 100000 UNT/ML / triamcinolone acetonide 1 MG/ML Topical Cream [Myco-Triacet],SBD,A01AB11|A01AC01|A07AA02|D01AA01|H02AB08|R01AD11,D01AA20,,
1658044,50 ML ofatumumab 20 MG/ML Injection [Arzerra],SBD,L01FA02|L04AG12,L04AG12,,
1737641,10 ML lidocaine hydrochloride 15 MG/ML Injection [Xylocaine],SBD,D04AB01|N01BB02|R02AD02,C01BB01,,
2174809,trastuzumab-anns 21 MG/ML Injectable Solution [Kanjinti],SBD,L01XC03,L01FD01,,
1233698,calamine 30 MG/ML / pramoxine hydrochloride 10 MG/ML Topical Lotion,SCD,C05AD07|D04AB07,D04AB07,IMPROVED,D04AB07
1000005,amlodipine 5 MG / hydrochlorothiazide 25 MG / olmesartan medoxomil 40 MG Oral Tablet [Tribenzor],SBD,C03AA03|C08CA01,C09DX03,,
240812,ketoconazole 10 MG/ML Medicated Shampoo,SCD,D01AC08|J02AB02,D01AC08,,
242736,metronidazole 7.5 MG/ML Topical Lotion,SCD,A01AB17|D06BX01|P01AB01,D06BX01,,
249713,guaifenesin 45 MG/ML / phenylephrine hydrochloride 2 MG/ML Oral Solution,SCD,R05CA03,R01BA03|R05CA03,,
1739992,chlorhexidine gluconate 20 MG/ML / ketoconazole 10 MG/ML / salicyloyl phytosphingosine 0.4 MG/ML Medicated Pad [Ketoseb PS],SBD,A01AB03|D01AC08|D08AC02|J02AB02|R02AA05,D01AC08|D08AC02,,
1791365,ibuprofen 100 MG/ML Injection [Caldolor],SBD,M01AE01|M01AE14|M02AA13,M01AE01,,
1795168,250 ML glucose 50 MG/ML / sodium chloride 3.3 MG/ML Injection,SCD,A12CA01|B05BA03|B05BB01|B05CB01|B05XA03|S01XA03|V06DC01,B05BB02,,
1193103,chlorcyclizine hydrochloride 2.5 MG/ML / phenylephrine hydrochloride 1 MG/ML Oral Solution [Dallergy Reformulated Nov 2011],SBD,R06AE04,R01BA03|R06AE04,,
1232141,dimethicone 80 MG / magnesium citrate 17000 MG Powder for Oral Solution,SCD,P03AX05,A06AD19|P03AX05,,
859143,chlorpheniramine maleate 0.4 MG/ML / hydrocodone bitartrate 1 MG/ML / phenylephrine hydrochloride 1 MG/ML Oral Solution [Drotuss CP],SBD,R05DA03|R06AB04,R01BA03|R05DA03|R06AB04,,
1052729,isopropyl alcohol 0.725 ML/ML / povidone-iodine 83 MG/ML Topical Solution [Prevail-FX],SBD,D08AX05,D08AG02|D08AX05,,
247835,ethanol 0.62 ML/ML Topical Solution,SCD,D08AX08|V03AB16|V03AZ01,D08AX08,,
1659218,capsaicin 0.001 MG/MG / menthol 0.003 MG/MG / methyl salicylate 0.01 MG/MG Medicated Patch,SCD,N01BX04,M02AB01,IMPROVED,M02AB01
1728766,atropine sulfate 0.0194 MG / hyoscyamine sulfate 0.1037 MG / phenobarbital 16.2 MG / scopolamine hydrobromide 0.0065 MG Oral Tablet [B-Donna],SBD,A03BA03|N03AA02,A03BA01|A03BA03|A04AD01|N03AA02,,
1190331,12 HR fexofenadine hydrochloride 60 MG / pseudoephedrine hydrochloride 120 MG Extended Release Oral Tablet [Wal-Fex D],SBD,R01BA02|R06AX26,R01BA02,,
1000983,oxymetazoline hydrochloride 0.25 MG/ML Ophthalmic Solution [Ocuclear],SBD,R01AA05,S01GA04,,
1053188,benzalkonium chloride 1.2 MG/ML Medicated Liquid Soap,SCD,D08AJ01|D08AJ08|R02AA16,D08AJ01,,
1085745,triamcinolone acetonide 1 MG/ML Topical Lotion,SCD,A01AC01|H02AB08|R01AD11,D07AB09,,
1234242,1 ML alprostadil 0.04 MG/ML Cartridge [Edex],SBD,C01EA01|G04BE01,G04BE01,,
1737753,benzalkonium chloride 1.3 MG/ML / lidocaine hydrochloride 50 MG/ML Topical Foam,SCD,D04AB01|D08AJ01|D08AJ08|N01BB02|R02AA16|R02AD02,D04AB01|D08AJ01,,
800812,dibasic potassium phosphate 0.26 MG/ML / glucose 50 MG/ML / magnesium chloride 0.00373 MEQ/ML / potassium chloride 0.00174 MEQ/ML / sodium acetate 0.039 MEQ/ML Injectable Solution [Isolyte P],SBD,B05XA08,B05BB02,,
205976,gramicidin 0.025 MG/ML / neomycin 1.75 MG/ML / polymyxin B 10000 UNT/ML Ophthalmic Solution [Neoptic],SBD,R02AB30,S01AA03|S01AA18,,
833456,calcium carbonate 1500 MG / cholecalciferol 0.01 MG Oral Tablet [Calcarb with D],SBD,A11CC05,A11CC05|A12AA04,,
849608,Fe heme polypeptide 6 MG / polysaccharide iron complex 22 MG Oral Tablet,SCD,B03AB02,B03AE10,,
1235380,diphenhydramine hydrochloride 0.02 MG/MG Topical Gel [Sebrx],SBD,D04AA32|R06AA02,D04AA32,,
212599,salicylic acid 0.03 MG/MG / sulfur 0.1 MG/MG Medicated Bar Soap [Sastid Soap],SBD,D10AB02,D01AE12|D10AB02,,
417547,dimethicone 25 MG/ML Topical Cream,SCD,P03AX05,D02AA,IMPROVED,D02AA
577043,calcium carbonate 500 MG / cholecalciferol 200 UNT Oral Tablet,SCD,A11CC05,A11CC05|A12AA04,,
242946,nitroglycerin 0.02 MG/MG Topical Ointment,SCD,C05AE01,C01DA02,,
244539,salicylic acid 20 MG/ML / sulfur 30 MG/ML Topical Lotion,SCD,D10AB02,D01AE12|D10AB02,,
284069,magnesium aspartate 250 MG / potassium aspartate 250 MG Oral Capsule,SCD,A12CC05,A12CX,,
562387,12 HR guaifenesin 300 MG / phenylephrine hydrochloride 20 MG Extended Release Oral Tablet,SCD,R05CA03,R01BA03|R05CA03,,
307745,aluminum hydroxide 30 MG/ML / magnesium hydroxide 16 MG/ML / magnesium trisilicate 80 MG/ML Oral Suspension,SCD,A02AB01,A02AA04|A02AB01,,
1797913,triamcinolone acetonide 0.055 MG/ACTUAT Metered Dose Nasal Spray,SCD,A01AC01|H02AB08|R01AD11,R01AD11,,
1809903,ethanol 0.7 ML/ML Topical Lotion,SCD,D08AX08|V03AB16|V03AZ01,D08AX08,,
1866190,250 ML glucose 50 MG/ML / potassium chloride 0.02 MEQ/ML / sodium chloride 2.25 MG/ML Injection,SCD,A12CA01|B05BA03|B05BB01|B05CB01|B05XA03|S01XA03|V06DC01,B05BB02,,
1868562,250 ML nitroglycerin 0.1 MG/ML Injection,SCD,C01DA02|C05AE01,C01DA02,,
1926456,3 ML sodium chloride 9 MG/ML Injection,SCD,A12CA01|B05BB01|B05CB01|B05XA03|S01XA03,B05XA03,,
1235561,resorcinol 20 MG/ML / sulfur 80 MG/ML Topical Lotion [Acnotex],SBD,D10AB02,D10AB02|D10AX02,,
1235874,{21 (ethinyl estradiol 0.035 MG / norethindrone 0.4 MG Oral Tablet) / 7 (inert ingredients 1 MG Oral Tablet) } Pack [Philith 28 Day],BPCK,G03CA01|G03DC02,G03AA05,,
1236458,magnesium sulfate 0.488 MEQ/ML Injectable Solution,SCD,A06AD04|B05XA05,B05XA05,,
1236716,chlorcyclizine hydrochloride 25 MG / pseudoephedrine hydrochloride 60 MG Oral Tablet [Stahist AD],SBD,R01BA02|R06AE04,R01BA02,,
1246891,povidone-iodine 0.1 MG/MG Topical Gel [Biozide],SBD,D08AG02|D09AA09|D11AC06|G01AX11|R02AA15,D08AG02,,
1250917,undecylenic acid 0.02 MG/MG / zinc undecylenate 0.2 MG/MG Powder Spray [Cruex Powder Spray],SBD,D01AE04|D01AE20,D01AE54,,
1297575,diphenhydramine tannate 25 MG / phenylephrine tannate 10 MG Chewable Tablet [Dytan-D Chewable],SBD,D04AA32|R01AA04|R06AA02|S01FB01|S01XA20,R01BA03|R06AA02,,
1303777,benzocaine 4 MG / menthol 9 MG Oral Lozenge [Cepacol Sensations Cooling],SBD,C05AD03|D04AB04|R02AD01,R02AD01,,
1291979,ammonium chloride 26.3 MG/ML / diphenhydramine hydrochloride 2.5 MG/ML Oral Solution,SCD,D04AA32|G04BA01|R06AA02,G04BA01|R06AA02,,
1313061,24 HR phentermine 11.25 MG / topiramate 69 MG Extended Release Oral Capsule [Qsymia],SBD,A08AA01|N03AX11,A08AA51,,
1356302,{160 (calcium carbonate 1000 MG Chewable Tablet [Tums]) / 25 (calcium carbonate 500 MG Chewable Tablet [Tums]) } Pack [Tums Freshers and Ultra Strength],BPCK,A12AA04,A02AC01,,
1359128,{28 (estradiol 1 MG / norethindrone acetate 0.5 MG Oral Tablet) } Pack [Activella 1/0.5 28 Day],BPCK,G03CA03|G03CA53,G03FA01,,
1360330,phenylephrine hydrochloride 0.04 MG/ML Prefilled Syringe,SCD,R01AA04|S01FB01|S01XA20,C01CA06,,
1370950,benzalkonium chloride 2.4 MG/ML Medicated Pad,SCD,D08AJ01|D08AJ08|R02AA16,D08AJ01,,
1424457,tretinoin 0.75 MG/ML Topical Cream [Tretin X],SBD,D10AD01|L01XX14,D10AD01,,
1427379,benzalkonium chloride 1.3 MG/ML / camphor 30 MG/ML Topical Cream [Abridge Maximum Strength Cold Sore],SBD,D08AJ01|D08AJ08|R02AA16,D08AJ01,,
1428933,{21 (ethinyl estradiol 0.02 MG / levonorgestrel 0.1 MG Oral Tablet) / 7 (inert ingredients 1 MG Oral Tablet) } Pack [Orsythia 28 Day],BPCK,G03AC03|G03CA01,G03AA07,,
197952,deserpidine 0.5 MG / methyclothiazide 5 MG Oral Tablet,SCD,C02AA05|C03AA08,C02LA03,IMPROVED,C02LA03
1435502,ivermectin 5 MG/ML Topical Solution [Iver-On],SBD,D11AX22|P02CF01,D11AX22,,
1442871,hydrocortisone 20 MG/ML Topical Lotion [Dermasorb HC],SBD,A01AC03|A07EA02|D07AA02|D07AB02|D07AB11|H02AB09|S01BA02,D07AA02,,
1491717,cocoa butter 0.884 MG/MG / phenylephrine hydrochloride 0.0025 MG/MG Rectal Suppository [Hemorrodil],SBD,R01AA04|S01FB01|S01XA20,C05AX06,,
1544639,lidocaine 40 MG/ML Topical Foam [Anestafoam],SBD,D04AB01|N01BB02|R02AD02,D04AB01,,
1596455,betamethasone 0.001 MG/MG / clotrimazole 0.01 MG/MG / gentamicin 0.003 MG/MG Otic Ointment,SCD,D01AC01|D06AX07|D07AC01|H02AB01|S01BA06|S03AA06|S03BA03,D01AC01|S02AA14|S02BA07,,
1796137,capsaicin 0.25 MG/ML / menthol 20 MG/ML Topical Cream [Zostrix Joint & Arthritis Pain Relief],SBD,N01BX04,M02AB01,,
1868028,10 ML epinephrine 0.005 MG/ML / lidocaine hydrochloride 20 MG/ML Injection,SCD,C01CA24|D04AB01|N01BB02|R02AD02|S01EA01,N01BB02,,
1918056,{7 (ethinyl estradiol 0.01 MG Oral Tablet) / 84 (ethinyl estradiol 0.03 MG / levonorgestrel 0.15 MG Oral Tablet) } Pack [Simpesse 91 Day],BPCK,G03AA07|G03CA01,G03AB03|G03CA01,,
1241796,cupric oxide 1.5 MG / folic acid 0.5 MG / niacinamide 750 MG / zinc oxide 25 MG Oral Tablet,SCD,A11HA01|B03BB01,A11JB,IMPROVED,A11JB
1293644,glycerin 120 MG/ML / pramoxine hydrochloride 10 MG/ML Medicated Pad,SCD,A06AX01,C05AD07|D04AB07,,
1293660,hydrocortisone acetate 0.02 MG/MG / pramoxine hydrochloride 0.01 MG/MG Rectal Gel [Hydropramox],SBD,A01AC03|A07EA02|D07AA02|D07AB02|D07AB11|H02AB09|S01BA02,C05AA01,BOTH_WRONG,C05AA01
1294562,diphenhydramine hydrochloride 12.5 MG / pseudoephedrine hydrochloride 30 MG Disintegrating Oral Tablet [Benadryl Allergy Sinus],SBD,R01BA02,R01BA02|R06AA02,,
1300368,"0.5 ML Bordetella pertussis filamentous hemagglutinin vaccine, inactivated 0.016 MG/ML / Bordetella pertussis pertactin vaccine, inactivated 0.005 MG/ML / Bordetella pertussis toxoid vaccine, inactivated 0.016 MG/ML / diphtheria toxoid vaccine, inactivated 5 UNT/ML / tetanus toxoid vaccine, inactivated 10 UNT/ML Prefilled Syringe",SCD,J07AF01|J07AM01,J07AJ52,,
1432948,ethanol 0.547 ML/ML Topical Gel,SCD,D08AX08|V03AB16|V03AZ01,D08AX08,,
1483212,chloroxylenol 5 MG/ML / ethanol 0.4 ML/ML Medicated Pad,SCD,D08AE05,D08AE05|D08AX08,,
1737763,10 ML lidocaine hydrochloride 20 MG/ML Injection,SCD,N01BB02,C01BB01,,
1870225,NDA020800 0.15 ML epinephrine 1 MG/ML Auto-Injector,SCD,C01CA24|S01EA01,C01CA24,,
1241833,acetaminophen 65 MG/ML / phenylephrine hydrochloride 1 MG/ML / pyrilamine maleate 5 MG/ML Oral Solution,SCD,N02BE01,N02BE01|R01BA03|R06AC01,,
1244579,{1 (12 HR chlorpheniramine maleate 4 MG / methscopolamine nitrate 2.5 MG Extended Release Oral Tablet [Allerx DF AM]) / 1 (12 HR chlorpheniramine maleate 8 MG / methscopolamine nitrate 2.5 MG Extended Release Oral Tablet [AlleRx PM]) } Pack [AlleRx DF Sample],BPCK,R06AB04,A03BB03|R06AB04,IMPROVED,A03BB03|R06AB04
1247988,salicylic acid 10 MG/ML Topical Lotion [Thatzit],SBD,D01AE12|N02BA04,D01AE12,,
1250903,undecylenic acid 100 MG/ML Topical Cream [Diabetiderm Antifungal],SBD,D01AE04|D01AE20,D01AE04,,
1251557,calcium carbonate 356 MG / magnesium oxide 158 MG Chewable Tablet,SCD,A02AA02|A02AA04|A12AA04,A02AA02|A02AC01|A06AD02|A12AA04|A12CC10,,
1291677,lidocaine 0.04 MG/MG Topical Gel [Sonacaine],SBD,D04AB01|N01BB02|R02AD02,D04AB01,,
1294371,carbetapentane tannate 30 MG / diphenhydramine tannate 25 MG / phenylephrine tannate 10 MG Extended Release Oral Tablet,SCD,R05DB05,R01BA03|R05DB05|R06AA02,,
1297584,diphenhydramine tannate 5 MG/ML / hydrocodone tannate 0.7 MG/ML / phenylephrine tannate 1.5 MG/ML Extended Release Suspension [Dytan-HC],SBD,R05DA03,R01BA03|R05DA03|R06AA02,,
1300092,phenylephrine hydrochloride 25 MG/ML Ophthalmic Solution [Mydfrin],SBD,R01AA04|S01FB01|S01XA20,S01FB01,,
1303358,salicylic acid 30 MG/ML Medicated Shampoo [Denorex Extra Strength Reformulated Aug 2012],SBD,D01AE12|N02BA04,D01AE12,,
1370002,12 HR methscopolamine nitrate 2.5 MG / phenylephrine hydrochloride 40 MG Extended Release Oral Tablet,SCD,R01AA04|S01FB01|S01XA20,A03BB03|R01BA03,,
141868,capsaicin 0.75 MG/ML Topical Cream,SCD,N01BX04,M02AB01,,
1490785,salicylic acid 20 MG/ML Medicated Shampoo [T/Gel Therapeutic],SBD,D01AE12|N02BA04,D01AE12,,
1495476,acetaminophen 325 MG / hydrocodone bitartrate 7.5 MG Oral Tablet [Lortab],SBD,N02BE01|R05DA03,N02AJ22,,
1540278,salicylic acid 20 MG/ML Topical Lotion [Olay Fresh Effects Clear Skin Spot Zinger],SBD,D01AE12|N02BA04,D01AE12,,
1593771,acetaminophen 32 MG/ML / chlophedianol hydrochloride 2.5 MG/ML / pyrilamine maleate 2.5 MG/ML Oral Solution [Ninjacof A],SBD,N02BE01|R05DB10,N02BE01,,
1608258,capsaicin 0.000375 MG/MG / lidocaine 0.01 MG/MG / menthol 0.05 MG/MG Medicated Patch,SCD,D04AB01|N01BB02|N01BX04|R02AD02,D04AB01|M02AB01,,
1544065,lidocaine 50 MG/ML Topical Cream [Lidocream],SBD,D04AB01|N01BB02|R02AD02,D04AB01,BOTH_WRONG,D04AB01
1542385,phenylephrine hydrochloride 10 MG/ML Injectable Solution [Vazculep],SBD,R01AA04|S01FB01|S01XA20,C01CA06,,
1653326,lidocaine 0.045 MG/MG / menthol 0.05 MG/MG Medicated Patch,SCD,D04AB01|N01BB02|R02AD02,D04AB01,,
1359129,{28 (estradiol 1 MG / norethindrone acetate 0.5 MG Oral Tablet) } Pack [Mimvey],BPCK,G03CA03|G03CA53,G03FA01,,
1603861,{7 (ethinyl estradiol 0.01 MG Oral Tablet) / 84 (ethinyl estradiol 0.03 MG / levonorgestrel 0.15 MG Oral Tablet) } Pack [Ashlyna 91 Day],BPCK,G03AA07|G03CA01,G03AB03|G03CA01,,
1376395,povidone-iodine 100 MG/ML Topical Solution [Loris],SBD,D08AG02|G01AX11,D08AG02|D09AA09|D11AC06,,
1244565,methscopolamine nitrate 2.5 MG / pseudoephedrine hydrochloride 120 MG Extended Release Oral Tablet,SCD,R01BA02,A03BB03|R01BA02,,
1367227,chlorpheniramine maleate 3.5 MG / phenylephrine hydrochloride 10 MG Oral Tablet,SCD,R06AB04,R01BA03|R06AB04,,
1545174,hydrocortisone acetate 100 MG/ML Rectal Foam [Cortifoam],SBD,A07EA02,A07EA02|C05AA01|D07AA02|D07XA01,,
643066,efavirenz 600 MG / emtricitabine 200 MG / tenofovir disoproxil fumarate 300 MG Oral Tablet,SCD,J05AF07|J05AF09|J05AG03,J05AR06,IMPROVED,J05AR06
657568,ketotifen 0.3 MG/ML Ophthalmic Solution,SCD,R06AX17|S01GX08,S01GX08,,
687196,glucose 33 MG/ML / sodium chloride 0.0513 MEQ/ML Injectable Solution,SCD,A12CA01|B05BA03|B05BB01|B05CB01|B05XA03|S01XA03|V06DC01,A12CA01|B05CB01|B05CX01|B05XA03|V04CA02|V06DC01,,
707339,sodium chloride 6.5 MG/ML Nasal Solution [Nasal Moist],SBD,A12CA01|B05BB01|B05CB01|B05XA03|S01XA03,R01AX,,
723530,acetaminophen 250 MG / aspirin 250 MG Oral Tablet [Excedrin Back & Body],SBD,N02BE01,A01AD05|B01AC06|N02BA01|N02BE01,,
707333,sodium chloride 6.5 MG/ML Nasal Solution [Ayr Saline Nasal],SBD,A12CA01|B05BB01|B05CB01|B05XA03|S01XA03,R01AX,,
795770,ferrous fumarate 162 MG / polysaccharide iron complex 115 MG Oral Capsule [TANDEM],SBD,B03AA02|B03AB02,B03AA02,,
800588,alanine 21.7 MG/ML / arginine 14.7 MG/ML / aspartate 4.34 MG/ML / glutamate 7.49 MG/ML / glycine 10.4 MG/ML / histidine 8.94 MG/ML / isoleucine 7.49 MG/ML / leucine 10.4 MG/ML / lysine 11.8 MG/ML / methionine 7.49 MG/ML / phenylalanine 10.4 MG/ML / proline 8.94 MG/ML / serine 5.92 MG/ML / threonine 7.49 MG/ML / tryptophan 2.5 MG/ML / tyrosine 0.39 MG/ML / valine 9.6 MG/ML Injectable Solution [Clinisol 15],SBD,B05CX03|B05XB03|N06AX02|V03AB26,B05BA01,,
800074,calcium chloride 0.000996 MEQ/ML / glucose 1.7 MG/ML / magnesium chloride 0.0000245 MEQ/ML / sodium chloride 0.00368 MEQ/ML / sodium lactate 0.0016 MEQ/ML Intraperitoneal Solution [Dianeal Low Calcium 4.25],SBD,A12CA01|A12CC01|B05BA03|B05BB01|B05CB01|B05XA03|B05XA07|G01AD01|S01XA03|V06DC01,B05DB,,
798176,povidone-iodine 100 MG/ML Medicated Pad [Betadine],SBD,D08AG02|D09AA09|D11AC06|G01AX11|R02AA15,D08AG02,,
895666,diphenhydramine citrate 38 MG / ibuprofen 200 MG Oral Tablet [Motrin PM],SBD,D04AA32|M01AE01|M01AE14|M02AA13|R06AA02,M01AE01|R06AA02,,
1087249,calcium ascorbate 60 MG / calcium threonate 0.8 MG / ferrous asparto glycinate 50 MG / folic acid 1 MG / polysaccharide iron complex 100 MG / succinic acid 50 MG / vitamin B12 0.025 MG Oral Capsule [Ferrex 150 Forte Plus],SBD,B03BA01|B03BB01,A11GA01|B03BA01|B03BB01|V04CX02,,
206510,hydrocortisone 10 MG/ML / neomycin 3.5 MG/ML / polymyxin B 10000 UNT/ML Otic Solution [Cortratigen],SBD,A01AC03|A07AA01|A07EA02|D06AX04|D07AA02|D07AB02|D07AB11|H02AB09|S01AA03|S01BA02,S02CA03,,
763095,hydrocortisone 10 MG/ML / neomycin 3.5 MG/ML / polymyxin B 10000 UNT/ML Otic Suspension [Oticin HC],SBD,A01AC03|A07AA01|A07EA02|D06AX04|D07AA02|D07AB02|D07AB11|H02AB09|S01AA03|S01BA02,S02CA03,,
308941,camphor 160 MG/ML / menthol 80 MG/ML / phenol 688 MG/ML Oral Solution,SCD,D08AE03,R02AA19,BOTH_WRONG,R02AA19
310313,ferrous fumarate 324 MG / folic acid 1 MG Oral Tablet,SCD,B03BB01,B03AA02|B03BB01|V04CX02,,
311423,magnesium chloride 200 MG/ML / sodium chloride 0.154 MEQ/ML Injectable Solution,SCD,A12CA01|A12CC01|B05BB01|B05CB01|B05XA03|S01XA03,A12CA01|A12CC01|B05CB01|B05XA03|B05XA11,,
310228,ethinyl estradiol 0.035 MG / ethynodiol diacetate 1 MG Oral Tablet,SCD,G03DC06,G03CA01|G03DC06|L02AA03,,
763577,12 HR methscopolamine nitrate 1.25 MG / phenylephrine hydrochloride 30 MG Extended Release Oral Tablet,SCD,R01AA04|S01FB01|S01XA20,A03BB03|R01BA03,,
748641,ibuprofen 20 MG/ML Oral Solution,SCD,M01AE01|M01AE14|M02AA13,M01AE01,,
755799,chlorpheniramine 0.5 MG/ML / phenylephrine 1 MG/ML / phenylpropanolamine 4 MG/ML / phenyltoloxamine 1.5 MG/ML Oral Solution,SCD,R01BA01|R06AB04,R01BA01|R01BA03|R06AB04,,
755838,codeine 2 MG/ML / ephedrine 1.25 MG/ML / guaifenesin 20 MG/ML Oral Solution,SCD,R05CA03|R05DA04,C01CA26|R03CA02|R05CA03|R05DA04,,
995084,chlorpheniramine maleate 0.267 MG/ML / codeine phosphate 1 MG/ML Oral Suspension [Zodryl AC],SBD,R05DA04|R06AB04,R05DA04,,
991251,chlorhexidine gluconate 5 MG/ML Topical Solution [Monarch Protek],SBD,A01AB03|D08AC02|R02AA05,D08AC02|D09AA12,,
885131,benzoyl peroxide 0.025 MG/MG / clindamycin phosphate 0.012 MG/MG Topical Gel,SCD,D10AE01,D10AE01|D10AF01,,
308278,acetaminophen 115 MG / aspirin 210 MG / caffeine 16 MG / salicylamide 65 MG Oral Tablet,SCD,N02BA05|N02BE01|N06BC01,N02BE01,,
308841,calcium carbonate 280 MG / magnesium hydroxide 128 MG / simethicone 20 MG Chewable Tablet,SCD,A02AA04|A03AX13|A12AA04,A02AF02,,
309315,citric acid 32.4 MG/ML / magnesium oxide 3.8 MG/ML / sodium carbonate 4.3 MG/ML Irrigation Solution,SCD,A09AB04,A02AA02|A06AD02|A09AB04|A12CC10,,
311997,nitrofurazone 2 MG/ML Topical Lotion,SCD,B05CA03|D08AF01|D09AA03|P01CC02|S01AX04|S02AA02,D08AF01|D09AA03,,
198300,tretinoin 1 MG/ML Topical Cream,SCD,D10AD01|L01XX14,D10AD01,,
998526,miconazole nitrate 20 MG/ML Topical Solution [Fungoid],SBD,A01AB09|D01AC02|G01AF04,D01AC02,,
317282,orphenadrine 15 MG/ML Injectable Solution,SCD,M03BC01,M03BC01|N04AB02,,
808534,folic acid 2.2 MG / pyridoxine 25 MG / vitamin B12 1.3 MG Oral Tablet [Vita-Respa],SBD,A11HA02|B03BA01|B03BB01,A11JA,,
889520,acetaminophen 300 MG / butalbital 50 MG / caffeine 40 MG Oral Capsule,SCD,N02BE01|N06BC01,N02BE01,,
308667,benzocaine 63 MG/ML / phenol 5 MG/ML Mouthwash,SCD,C05AD03|D04AB04|D08AE03|R02AD01,C05AD03|C05BB05|D04AB04|D08AE03|R02AA19|R02AD01,,
749157,{7 (ethinyl estradiol 0.025 MG / norgestimate 0.18 MG Oral Tablet) / 7 (ethinyl estradiol 0.025 MG / norgestimate 0.215 MG Oral Tablet) / 7 (ethinyl estradiol 0.025 MG / norgestimate 0.25 MG Oral Tablet) / 7 (inert ingredients 1 MG Oral Tablet) } Pack,GPCK,G03CA01,G03AA11,,
992582,castor oil 0.788 MG/MG / Peruvian balsam 0.087 MG/MG Topical Ointment [Venelex],SBD,A06AB05,D02AX,,
308524,castor oil 650 MG/ML / Peruvian balsam 72.5 MG/ML / trypsin 0.1 MG/ML Topical Spray,SCD,A06AB05,D03BA01,,
1087457,"hyoscyamine sulfate 0.12 MG / methenamine 81.6 MG / methylene blue 10.8 MG / phenyl salicylate 36.2 MG / sodium phosphate, monobasic 40.8 MG Oral Tablet [Uretron DS]",SBD,A03BA03|G04BX12|J01XX05,G04BX12,,
2047879,benzalkonium chloride 1.3 MG/ML / lidocaine hydrochloride 40 MG/ML Topical Spray [Bactine],SBD,D04AB01|D08AJ01|D08AJ08|N01BB02|R02AA16|R02AD02,D04AB01|D08AJ01,BOTH_WRONG,D04AB01|D08AJ01
998501,miconazole nitrate 20 MG/ML Topical Cream [Micaderm],SBD,A01AB09|D01AC02|G01AF04,D01AC02,,
801579,alanine 8.8 MG/ML / arginine 4.4 MG/ML / dibasic potassium phosphate 2.61 MG/ML / glucose 250 MG/ML / glycine 8.8 MG/ML / histidine 1.86 MG/ML / isoleucine 2.03 MG/ML / leucine 2.63 MG/ML / lysine 2.46 MG/ML / magnesium chloride 0.01 MEQ/ML / methionine 2.46 MG/ML / phenylalanine 2.63 MG/ML / proline 1.78 MG/ML / sodium acetate 0.036 MEQ/ML / sodium chloride 0.013 MEQ/ML / threonine 1.78 MG/ML / tryptophan 0.76 MG/ML / tyrosine 0.17 MG/ML / valine 1.95 MG/ML Injectable Solution,SCD,B05CX03|B05XA08|B05XB03|N06AX02|V03AB26,A12CA01|A12CC01|B05CB01|B05CX01|B05CX03|B05XA03|B05XA08|B05XA11|B05XB03|N06AX02|V03AB26|V04CA02|V06DC01,,
310911,hydrogen peroxide 0.03 MG/MG / sodium bicarbonate 0.59 MG/MG Oral Gel,SCD,A01AB02|D08AX01,A01AB02|B05CB04,,
630475,sodium fluoride 5.56 MG/ML Oral Solution [Fluor a Day],SBD,A01AA01,A12CD01,,
692730,capsaicin 0.35 MG/ML Topical Lotion [Castiva Warming],SBD,N01BX04,M02AB01,,
866813,{1 (30000 MG) (sodium hyaluronate 0.002 MG/MG Topical Gel) / 1 (18 ML) (urea 400 MG/ML Topical Cream) } Pack,GPCK,D02AE01|M09AX01,D02AE01,,
308903,calcium carbonate 420 MG / glycine 180 MG Chewable Tablet,SCD,B05CX03,A02AC01|A12AA04|B05CX03,,
206344,magnesium chloride 200 MG/ML Injectable Solution [Chloromag],SBD,A12CC01,B05XA11,,
999990,amlodipine 10 MG / hydrochlorothiazide 12.5 MG / olmesartan medoxomil 40 MG Oral Tablet [Tribenzor],SBD,C03AA03|C08CA01,C09DX03,,
313134,sulfamethoxazole 40 MG/ML / trimethoprim 8 MG/ML Oral Suspension,SCD,J01EA01|J01EC01,J01EE01,,
309289,ciclopirox 7.7 MG/ML Topical Cream,SCD,D01AE14|G01AX12,D01AE14,IMPROVED,D01AE14
2046149,4 ML bevacizumab-awwb 25 MG/ML Injection [Mvasi],SBD,L01XC07|S01LA08,L01FG01,,
198717,clioquinol 30 MG/ML Topical Cream,SCD,D08AH30|D09AA10|G01AC02|P01AA02|S02AA05,D08AH30|D09AA10,,
206336,hydrocortisone 25 MG/ML Topical Solution [Texacort],SBD,A01AC03|A07EA02|D07AA02|D07AB02|D07AB11|H02AB09|S01BA02,D07AA02,,
994435,aspirin 845 MG / caffeine 65 MG Oral Powder,SCD,N06BC01,A01AD05|B01AC06|N02BA01|N06BC01,,
807206,mometasone furoate 0.01 MG/MG Topical Ointment,SCD,D07AC13|R03BA07,D07AC13,,
846953,tretinoin 0.5 MG/ML Topical Cream [Renova],SBD,D10AD01|L01XX14,D10AD01,,
848960,ciprofloxacin 2 MG/ML Otic Solution [Cetraxal],SBD,J01MA02,S02AA15,IMPROVED,S02AA15
853367,benzocaine 0.02 MG/MG / pyrilamine 0.02 MG/MG / zinc oxide 0.41 MG/MG Topical Gel [Z-Xtra],SBD,C05AD03|C05AX04|D04AB04|R02AD01,C05AD03|D04AA02|D04AB04|N01BA05,,
855644,diclofenac sodium 0.03 MG/MG Topical Gel [Solaraze],SBD,M01AB05|M02AA15|S01BC03,D11AX18,BOTH_WRONG,D11AX18
208957,potassium chloride 1.33 MEQ/ML Oral Solution [Kaochlor],SBD,A12BA01|B05XA01,A12BA01,,
209251,"estrogens, esterified (USP) 0.625 MG / methyltestosterone 1.25 MG Oral Tablet [Estratest]",SBD,G03BA02,G03BA02|G03EK01,,
210078,salicylic acid 170 MG/ML Topical Solution [Salactic Film],SBD,D01AE12|N02BA04,D01AE12,,
2106997,{24 (drospirenone 3 MG / ethinyl estradiol 0.02 MG Oral Tablet) / 4 (inert ingredients 1 MG Oral Tablet) } Pack [Jasmiel 28 Day],BPCK,G03AA12|G03AC10,G03AA12,,
2174390,{28 (ivacaftor 75 MG / tezacaftor 50 MG Oral Tablet) / 28 (ivacaftor 75 MG Oral Tablet) } Pack [Symdeko (50 MG / 75 MG; 75 MG)],BPCK,R07AX02,R07AX31,,
2184133,12 HR chlorpheniramine maleate 12 MG / methscopolamine nitrate 1.25 MG / phenylephrine hydrochloride 40 MG Extended Release Oral Tablet,SCD,R06AB04,A03BB03|R01BA03|R06AB04,,
1099308,pseudoephedrine hydrochloride 6 MG/ML / triprolidine hydrochloride 0.25 MG/ML Oral Solution,SCD,R01BA02|R01BA52|R06AX07,R01BA02|R06AX07,,
1101377,tetrahydrozoline hydrochloride 0.5 MG/ML Ophthalmic Solution [Altazine],SBD,R01AA06|R01AB03|S01GA02,S01GA02,,
1112244,acrivastine 8 MG / pseudoephedrine hydrochloride 60 MG Oral Capsule,SCD,R01BA02|R01BA52|R06AX18,R01BA02|R06AX18,,
1094418,diphenhydramine hydrochloride 2.5 MG/ML Oral Solution [Diphenylin],SBD,D04AA32|R06AA02,R06AA02,,
1191262,fluocinolone acetonide 0.1 MG/ML / hydroquinone 40 MG/ML / tretinoin 0.5 MG/ML Topical Cream,SCD,D11AX11,D10AD51,,
452688,benzocaine 0.2 MG/MG Topical Gel,SCD,C05AD03|D04AB04|R02AD01,C05AD03|D04AB04|N01BA05,,
859164,chlorpheniramine maleate 0.4 MG/ML / hydrocodone bitartrate 1.2 MG/ML / phenylephrine hydrochloride 1 MG/ML Oral Solution [Poly-Tussin],SBD,R05DA03|R06AB04,R01BA03|R05DA03|R06AB04,,
860600,dexchlorpheniramine tannate 0.4 MG/ML / hydrocodone bitartrate 1.2 MG/ML / phenylephrine hydrochloride 2 MG/ML Oral Suspension,SCD,R05DA03|R06AB02,R01BA03|R05DA03|R06AB02,,
1020053,salicylic acid 0.01 MG/MG Topical Gel [Sebobalance],SBD,D01AE12|N02BA04,D01AE12,,
1038746,benzalkonium chloride 1.2 MG/ML Medicated Pad [ReadyBath],SBD,D08AJ01|D08AJ08|R02AA16,D09AA11,,
1046504,Salicylic Acid 20 MG/ML Medicated Liquid Soap [Proactiv Cleansing],SBD,D01AE12|N02BA04,D01AE12,,
1085741,triamcinolone acetonide 0.25 MG/ML Topical Lotion,SCD,A01AC01|H02AB08|R01AD11,D07AB09,,
2184177,24 HR chlorpheniramine maleate 6 MG / methscopolamine nitrate 2.5 MG / pseudoephedrine hydrochloride 120 MG Extended Release Oral Tablet,SCD,R01BA02|R06AB04,A03BB03|R01BA02|R06AB04,,
245038,coal tar 20 MG/ML / salicylic acid 25 MG/ML Topical Lotion,SCD,D01AE12|N02BA04,D01AE12,,
251406,salicylic acid 0.25 MG/MG Topical Ointment,SCD,D01AE12|N02BA04,D01AE12,,
283274,acetaminophen 250 MG / caffeine 50 MG / magnesium salicylate 290 MG Oral Tablet,SCD,N02BE01|N06BC01,N02BE01,,
283602,salicylic acid 0.03 MG/MG Topical Gel,SCD,D01AE12|N02BA04,D01AE12,,
1655934,ivacaftor 125 MG / lumacaftor 200 MG Oral Tablet [ORKAMBI],SBD,R07AX02|R07AX30,R07AX30,,
1658313,capsaicin 0.0000018 MG/MG / menthol 0.025 MG/MG Medicated Patch,SCD,N01BX04,M02AB01,,
1094447,hydrocortisone acetate 23.5 MG/ML / pramoxine hydrochloride 10 MG/ML Rectal Cream [Z-Pram],SBD,A01AC03|A07EA02|D07AA02|D07AB02|D07AB11|H02AB09|S01BA02,A07EA02|C05AA01|C05AD07|D07AA02|D07XA01,,
1148394,dimethicone 17.5 MG/ML Topical Cream,SCD,P03AX05,D02AA,,
1001079,epinephrine 10 MG/ML / pilocarpine hydrochloride 10 MG/ML Ophthalmic Solution,SCD,C01CA24|N07AX01|S01EA01|S01EB01,S01EA01|S01EB01,,
1046900,atropine sulfate 0.03 MG / benzoic acid 4.5 MG / hyoscyamine sulfate 0.03 MG / methenamine 40.8 MG / methylene blue 5.4 MG / phenyl salicylate 18.1 MG Oral Tablet [Uretron],SBD,A03BA03|G04BX12|J01XX05,A03BA01|A03BA03|G04BX12|J01XX05|V03AB17|V04CG05,,
1657910,"hyoscyamine sulfate 0.12 MG / methenamine 81 MG / methylene blue 10.8 MG / phenyl salicylate 32.4 MG / sodium phosphate, monobasic 40.8 MG Oral Tablet [Hyolev]",SBD,A03BA03|G04BX12|J01XX05,A03BA03|G04BX12|J01XX05|V03AB17|V04CG05,IMPROVED,A03BA03|G04BX12|J01XX05|V03AB17|V04CG05
995447,codeine phosphate 1.8 MG/ML / pyrilamine maleate 1.67 MG/ML Oral Solution,SCD,R05DA04,R05DA04|R06AC01,,
998673,168 HR clonidine 0.00417 MG/HR Transdermal System [Catapres],SBD,C02AC01|N02CX02,C02AC01,,
999995,amlodipine 10 MG / hydrochlorothiazide 25 MG / olmesartan medoxomil 40 MG Oral Tablet [Tribenzor],SBD,C03AA03|C08CA01,C09DX03,,
317862,calcium carbonate 5 MG / magnesium hydroxide 5 MG / phenobarbital 8 MG Oral Tablet,SCD,N03AA02,A02AA04|A02AC01|A12AA04|G04BX01|N03AA02,,
807835,phenylephrine hydrochloride 1.5 MG/ML / potassium guaiacolsulfonate 20 MG/ML Oral Solution,SCD,R05CA09,R01BA03|R05CA09,,
2049391,salicylic acid 20 MG/ML Topical Spray [Acnefree SA],SBD,D01AE12|N02BA04,D01AE12,,
856824,chloramphenicol 0.01 MG/MG Ophthalmic Ointment [Chloroptic],SBD,S01AA01,S01AA01|S03AA08,,
208592,dexamethasone 1 MG/ML / neomycin 3.5 MG/ML / polymyxin B 10000 UNT/ML Ophthalmic Suspension [Methadex],SBD,A07AA01|D06AX04|H02AB02|S01AA03|S01BA01,S01CA01,,
2123159,lidocaine 8 MG/ML Topical Oil [Omeza],SBD,D04AB01|N01BB02|R02AD02,C05AD01|D04AB01,,
2184131,12 HR acetaminophen 325 MG / chlorpheniramine maleate 8 MG / phenylephrine hydrochloride 40 MG / phenyltoloxamine citrate 50 MG Extended Release Oral Tablet,SCD,N02BE01|R06AB04,N02BE01|R01BA03|R06AB04,,
1091339,clindamycin 10 MG/ML Medicated Pad [Clindacin],SBD,D10AF01|J01FF01,D10AF01,IMPROVED,D10AF01
210864,acetaminophen 115 MG / aspirin 210 MG / caffeine 16 MG / salicylamide 65 MG Oral Tablet [Saleto],SBD,N02BA05|N02BE01|N06BC01,N02BE01,,
2170987,salicylic acid 15 MG/ML Topical Oil,SCD,D01AE12|N02BA04,D01AE12,,
2178283,capsaicin 0.0003 MG/MG / menthol 0.04 MG/MG Medicated Patch,SCD,N01BX04,M02AB01,,
237406,calcium carbonate 500 MG / ergocalciferol 375 MG Oral Tablet,SCD,A11CC01,A02AC01|A11CC01|A12AA04,,
1094481,chlorpheniramine maleate 4 MG / methscopolamine nitrate 1.25 MG / phenylephrine hydrochloride 10 MG Extended Release Oral Tablet,SCD,R06AB04,A03BB03|R01BA03|R06AB04,,
1233692,calamine 140 MG/ML / diphenhydramine hydrochloride 20 MG/ML Topical Cream [Ivarest],SBD,D04AA32|R06AA02,D04AA32,,
543786,benzocaine 140 MG/ML / butamben 20 MG/ML / tetracaine 20 MG/ML Mucous Membrane Topical Solution,SCD,C05AD03|D04AB04|R02AD01,N01BA03,,
579816,phenylephrine tannate 25 MG / pyrilamine tannate 60 MG Extended Release Oral Tablet,SCD,R01AA04|S01FB01|S01XA20,R01BA03|R06AC01,,
1000497,"{28 (estrogens, conjugated (USP) 0.45 MG / medroxyprogesterone acetate 1.5 MG Oral Tablet) } Pack [Prempro 0.45/1.5 28 Day]",BPCK,G03CA57,G03FA12,,
1005853,sulfacetamide sodium 100 MG/ML / sulfur 50 MG/ML Topical Foam,SCD,D10AB02,D10AF06,,
1006709,sulfacetamide sodium 100 MG/ML Ophthalmic Solution [Sulfacet Sodium],SBD,D10AB02,S01AB04,,
1012004,prednisolone acetate 0.005 MG/MG / sulfacetamide sodium 0.1 MG/MG Ophthalmic Ointment [Metimyd],SBD,A07EA01|D10AB02|H02AB06|S01BA04|S03BA02,S01CA02,,
105467,1 ML alprostadil 0.5 MG/ML Injection [Prostin VR],SBD,C01EA01,G04BE01,,
238405,zinc oxide 0.25 MG/MG Topical Ointment,SCD,C05AX04,D02AB,,
251404,salicylic acid 0.15 MG/MG Topical Ointment,SCD,D01AE12|N02BA04,D01AE12,,
260127,prednisolone 50 MG/ML Injectable Suspension,SCD,A07EA01|H02AB06|S01BA04|S03BA02,A01AC04|A07EA01|C05AA04|H02AB06|S03BA02,,
1733859,lidocaine 0.05 MG/MG / petrolatum 0.6 MG/MG Topical Ointment,SCD,D04AB01|N01BB02|R02AD02,D04AB01,,
1010053,lidocaine hydrochloride 100 MG/ML Mucosal Spray,SCD,D04AB01|N01BB02|R02AD02,N01BB02,,
1046442,benzalkonium chloride 1.3 MG/ML Topical Lotion,SCD,D08AJ01|D08AJ08|R02AA16,D08AJ01,,
1046867,sodium fluoride 0.001 MG/MG / sodium monofluorophosphate 0.0016 MG/MG Toothpaste,SCD,A01AA01,A01AA02,,
1047862,12 HR atropine sulfate 0.0582 MG / hyoscyamine sulfate 0.0582 MG / phenobarbital 48.6 MG / scopolamine hydrobromide 0.0195 MG Extended Release Oral Tablet [Phenobel],SBD,A03BA03|N03AA02,A03BA01|A03BA03|A04AD01|N03AA02|N05CM05,,
1085977,triamcinolone acetonide 0.5 MG/ML Topical Cream,SCD,A01AC01|H02AB08|R01AD11,C05AA12|D07AB09|D07XB02,,
1664359,hydrocortisone 10 MG/ML Topical Cream [Blue-Emu Anti-Itch],SBD,A01AC03|A07EA02|D07AA02|D07AB02|D07AB11|H02AB09|S01BA02,D07AA02,,
245020,salicylic acid 250 MG/ML Topical Cream,SCD,D01AE12|N02BA04,D01AE12,,
1737638,lidocaine hydrochloride 15 MG/ML Injection,SCD,D04AB01|N01BB02|R02AD02,C01BB01|C05AD01|N01BB02,,
616810,ethanol 0.95 ML/ML Topical Solution,SCD,D08AX08|V03AB16|V03AZ01,D08AX08,,
859941,guaifenesin 45 MG/ML / hydrocodone bitartrate 0.5 MG/ML / phenylephrine hydrochloride 2 MG/ML Oral Solution [Exetuss HC],SBD,R05CA03|R05DA03,R01BA03|R05CA03|R05DA03,,
1009433,lidocaine hydrochloride 0.025 MG/MG Topical Gel,SCD,D04AB01|N01BB02|R02AD02,D04AB01,,
307828,allantoin 15 MG/ML / aminacrine 2 MG/ML / sulfanilamide 150 MG/ML Vaginal Cream,SCD,D08AA02,D06BA05|D08AA02|J01EB06,,
1668154,atropine sulfate 0.14 MG/ML / edrophonium chloride 10 MG/ML Injection,SCD,A03BA01|S01FA01,A03BA01|V04CX07,,
860143,hydrocodone bitartrate 0.7 MG/ML / phenylephrine hydrochloride 1.5 MG/ML / pyrilamine maleate 2.5 MG/ML Oral Solution [Poly Hist HC],SBD,R05DA03,R01BA03|R05DA03|R06AC01,,
1086767,diphenhydramine hydrochloride 2.5 MG/ML Oral Solution [Wal-Dryl Childrens],SBD,D04AA32|R06AA02,R06AA02,,
1737565,lidocaine hydrochloride 10 MG/ML Injection [Xylocaine],SBD,D04AB01|N01BB02|R02AD02,C01BB01|C05AD01|N01BB02,,
1744041,salicylic acid 30 MG/ML Medicated Shampoo [MG217 Psoriasis Salicylic Acid],SBD,D01AE12|N02BA04,D01AE12,,
349404,zinc oxide 130 MG/ML Topical Cream,SCD,C05AX04,D02AB,,
849450,naproxen sodium 500 MG / sumatriptan 85 MG Oral Tablet,SCD,N02CC01,N02CC51,,
1090849,calcium phosphate 0.132 MEQ / magnesium carbonate 0.107 MEQ / potassium chloride 0.537 MEQ Oral Tablet [Medi-Lyte],SBD,A12AA01,A12CX,,
1100896,calcium carbonate 1500 MG / ergocalciferol 125 UNT Oral Tablet,SCD,A11CC01,A02AC01|A11CC01|A12AA04,,
1191376,aloe polysaccharide 0.01 MG/MG / hydrocortisone acetate 0.02 MG/MG / iodoquinol 0.01 MG/MG Topical Gel,SCD,G01AC01,C05AA01|D07AA02|D07XA01,,
208323,fluocinonide 0.0005 MG/MG Topical Ointment [Lidex],SBD,D07AC08,C05AA11|D07AC08,,
208942,potassium chloride 2.67 MEQ/ML Oral Solution [Cena K],SBD,A12BA01|B05XA01,A12BA01,,
210540,chloramphenicol 5 MG/ML Ophthalmic Solution [AK-Chlor],SBD,S01AA01,S01AA01|S03AA08,,
416684,zinc oxide 0.2 MG/MG Paste,SCD,C05AX04,D02AB,,
545118,levofloxacin 15 MG/ML Ophthalmic Solution,SCD,J01MA12,S01AE05,,
562251,amoxicillin 250 MG / clavulanate 125 MG Oral Tablet,SCD,J01CA04,J01CR02,,
617309,amoxicillin 200 MG / clavulanate 28.5 MG Chewable Tablet,SCD,J01CA04,J01CR02,,
857413,12 HR clemastine fumarate 1.34 MG / phenylpropanolamine hydrochloride 75 MG Extended Release Oral Tablet [Tavist-D],SBD,R01BA01,R01BA01|R06AA04,,
857764,chlorpheniramine maleate 0.4 MG/ML / hydrocodone bitartrate 0.334 MG/ML / phenylephrine hydrochloride 1 MG/ML Oral Solution [Iodal HD],SBD,R05DA03|R06AB04,R01BA03|R05DA03|R06AB04,,
1020059,sulfacetamide sodium 0.1 MG/MG / sulfur 0.05 MG/MG Topical Gel [Rosula],SBD,D10AB02,D10AB02|D10AF06,IMPROVED,D10AB02|D10AF06
1037147,pheniramine maleate 16 MG / phenyltoloxamine citrate 16 MG / pseudoephedrine hydrochloride 80 MG / pyrilamine maleate 16 MG Extended Release Oral Capsule,SCD,R01BA02,R01BA02|R06AB05|R06AC01,,
245043,ascorbic acid 250 MG / ferrous fumarate 150 MG Chewable Tablet,SCD,A11GA01,A11GA01|B03AA02,IMPROVED,A11GA01|B03AA02
261359,palivizumab 100 MG/ML Injectable Solution [Synagis],SBD,J06BB16,J06BD01,,
1797906,triamcinolone acetonide 0.05 MG/ACTUAT Metered Dose Nasal Spray [AllerNaze],SBD,A01AC01|H02AB08|R01AD11,R01AD11,,
1798541,salicylic acid 0.001 MG/MG Medicated Patch,SCD,D01AE12|N02BA04,D01AE12,,
1867997,30 ML epinephrine 0.005 MG/ML / lidocaine hydrochloride 15 MG/ML Injection [Xylocaine with Epinephrine],SBD,C01CA24|D04AB01|N01BB02|R02AD02|S01EA01,N01BB02,,
1873704,{24 (ethinyl estradiol 0.02 MG / norethindrone acetate 1 MG Chewable Tablet) / 4 (ferrous fumarate 75 MG Oral Tablet) } Pack [Mibelas 24 Fe Chewable 28 Day],BPCK,B03AA02|G03CA01|G03DC02,B03AA02|G03AA05,,
1946727,benzocaine 0.1 MG/MG Topical Ointment [Chiggerex],SBD,C05AD03|D04AB04|R02AD01,C05AD03|D04AB04|N01BA05,,
1863967,glucose 50 MG/ML / potassium chloride 0.02 MEQ/ML / sodium chloride 2 MG/ML Injection,SCD,A12CA01|B05BA03|B05BB01|B05CB01|B05XA03|S01XA03|V06DC01,A12BA01|A12CA01|B05CB01|B05CX01|B05XA01|B05XA03|V04CA02|V06DC01,,
1241824,guaifenesin 40 MG/ML / phenylephrine hydrochloride 2 MG/ML Oral Solution,SCD,R05CA03,R01BA03|R05CA03,,
1246628,benzalkonium chloride 1 MG/ML / lidocaine hydrochloride 10 MG/ML Topical Spray [Keepan],SBD,D04AB01|D08AJ01|D08AJ08|N01BB02|R02AA16|R02AD02,C05AD01|D04AB01|D08AJ01|D09AA11,,
1292314,diphenhydramine hydrochloride 20 MG/ML / zinc oxide 20 MG/ML Topical Lotion,SCD,C05AX04|D04AA32|R06AA02,D04AA32,,
1304511,alpha-tocopherol acetate 30 UNT / ascorbic acid 120 MG / calcium carbonate 200 MG / cholecalciferol 400 UNT / cupric oxide 2 MG / docusate sodium 50 MG / folic acid 1 MG / iron carbonyl 90 MG / magnesium oxide 30 MG / niacinamide 20 MG / pyridoxine hydrochloride 20 MG / riboflavin 3.4 MG / thiamine mononitrate 3 MG / vitamin B12 0.012 MG / zinc oxide 25 MG Oral Tablet,SCD,A11CC05|A11DA01|A11GA01|A11HA01|A11HA02|A11HA04|B03BA01|B03BB01,A02AA02|A02AC01|A06AA02|A06AD02|A11CC05|A11DA01|A11GA01|A11HA01|A11HA02|A11HA04|A12AA04|A12CC10|B03BA01|B03BB01|V04CX02,,
1372891,lidocaine hydrochloride 0.03 MG/MG Topical Gel,SCD,D04AB01|N01BB02|R02AD02,D04AB01,,
1374408,dexamethasone sodium phosphate 4 MG/ML Injectable Solution [Dalalone],SBD,H02AB02|S01BA01,A01AC02|C05AA09|H02AB02|S03BA01,,
1422103,lidocaine 40 MG/ML Topical Cream [LMX],SBD,D04AB01|N01BB02|R02AD02,D04AB01,,
197953,deserpidine 0.25 MG / methyclothiazide 5 MG Oral Tablet,SCD,C02AA05|C03AA08,C02LA03,,
1442585,econazole nitrate 10 MG/ML Topical Foam,SCD,D01AC03|G01AF05,D01AC03,,
1545290,lidocaine hydrochloride 50 MG/ML Topical Spray,SCD,D04AB01|N01BB02|R02AD02,D04AB01,,
1547672,30 ACTUAT fluticasone furoate 0.2 MG/ACTUAT Dry Powder Inhaler [Arnuity],SBD,R03BA05|R03BA09,R03BA09,,
1604352,{60 (lenvatinib 10 MG Oral Capsule [Lenvima]) / 30 (lenvatinib 4 MG Oral Capsule [Lenvima]) } Pack [Lenvima 24],BPCK,L01XE29,L01EX08,,
1546894,abacavir 600 MG / dolutegravir 50 MG / lamivudine 300 MG Oral Tablet [Triumeq],SBD,J05AF05|J05AF06|J05AX12,J05AR13,,
1432119,benzalkonium chloride 1 MG/ML / benzocaine 50 MG/ML Medicated Pad,SCD,C05AD03|D04AB04|D08AJ01|D08AJ08|R02AA16|R02AD01,C05AD03|D04AB04|D08AJ01|D09AA11|N01BA05,,
244309,antipyrine 54 MG/ML / benzocaine 14 MG/ML Otic Solution,SCD,C05AD03|D04AB04|R02AD01,S02DA03,,
1793135,"fibrinogen, human 444 MG / thrombin, human 1935 UNT Medicated Patch [EVARREST]",SBD,B02BC06|B02BD30,B02BC06,,
1798385,ethanol 0.63 ML/ML Topical Spray,SCD,D08AX08|V03AB16|V03AZ01,D08AX08,,
1919512,2.4 ML durvalumab 50 MG/ML Injection [Imfinzi],SBD,L01XC28,L01FF03,,
1943497,chlophedianol hydrochloride 2.5 MG/ML / pseudoephedrine hydrochloride 6 MG/ML / pyrilamine maleate 2.5 MG/ML Oral Solution,SCD,R01BA02|R05DB10,R05DB10,,
1242787,{7 (ethinyl estradiol 0.035 MG / norethindrone 0.5 MG Oral Tablet) / 7 (ethinyl estradiol 0.035 MG / norethindrone 0.75 MG Oral Tablet) / 7 (ethinyl estradiol 0.035 MG / norethindrone 1 MG Oral Tablet) / 7 (inert ingredients 1 MG Oral Tablet) } Pack [Alyacen 7/7/7],BPCK,G03AA05|G03FA01,G03AA05,,
1251562,salicylic acid 5 MG/ML Medicated Pad [clear days ahead],SBD,D01AE12|N02BA04,D01AE12,,
1293975,diphenhydramine hydrochloride 25 MG / pseudoephedrine hydrochloride 60 MG Oral Capsule,SCD,R01BA02,R01BA02|R06AA02,,
1297551,carbetapentane tannate 30 MG / diphenhydramine tannate 25 MG / phenylephrine tannate 10 MG Extended Release Oral Tablet [Dytan-CS],SBD,R05DB05,R01BA03|R05DB05|R06AA02,IMPROVED,R01BA03|R05DB05|R06AA02
1310954,calcium carbonate 1500 MG / cholecalciferol 800 UNT Oral Tablet [Caltrate Plus D],SBD,A11CC05,A12AX,,
1363034,12 HR chlorpheniramine maleate 8 MG / methscopolamine nitrate 2.5 MG / pseudoephedrine hydrochloride 120 MG Extended Release Oral Tablet,SCD,R01BA02|R06AB04,A03BB03|R01BA02|R06AB04,,
1376066,dexamethasone sodium phosphate 1 MG/ML Topical Cream [Decadron],SBD,H02AB02|S01BA01,C05AA09|D07AB19|D07XB05|D10AA03,,
1422081,{21 (desogestrel 0.15 MG / ethinyl estradiol 0.03 MG Oral Tablet) / 7 (inert ingredients 1 MG Oral Tablet) } Pack [Enskyce 28 Day],BPCK,G03AA09|G03AC09,G03AA09,,
1436155,salicylic acid 0.4 MG/MG Medicated Patch [Visco-Gel],SBD,D01AE12|N02BA04,D01AE12,,
1442590,econazole nitrate 10 MG/ML Topical Foam [Ecoza],SBD,D01AC03|G01AF05,D01AC03,,
1486665,glycerin 2 MG/ML Medicated Shampoo,SCD,A06AX01,A06AG04|A06AX01,,
1534833,dimethicone 36 MG/ML Medicated Pad,SCD,P03AX05,D02AA,IMPROVED,D02AA
1807510,150 ML vancomycin 5 MG/ML Injection,SCD,A07AA09,J01XA01,,
1244921,brompheniramine maleate 0.266 MG/ML / codeine phosphate 1.27 MG/ML / phenylephrine hydrochloride 0.666 MG/ML Oral Solution [M-End PE],SBD,R05DA04|R06AB01,R05DA04,,
1293876,chloroxylenol 1 MG/ML / hydrocortisone 10 MG/ML / pramoxine hydrochloride 10 MG/ML Otic Solution [Cortane-B],SBD,D08AE05,S02CA03,,
1310820,benzalkonium chloride 0.001 MG/MG Topical Gel [RevitaDERM Wound Care],SBD,D08AJ01|D08AJ08|R02AA16,D08AJ01,,
1310944,chlorpheniramine maleate 8 MG / methscopolamine nitrate 2.5 MG Oral Tablet,SCD,R06AB04,A03BB03|R06AB04,,
1359347,bacitracin 0.4 UNT/MG / neomycin 0.0035 MG/MG / polymyxin B 10 UNT/MG / pramoxine hydrochloride 0.01 MG/MG Topical Ointment [Mycitracin Plus Pain Reliever],SBD,A07AA01|D06AX04|S01AA03,D06AX04|D06AX05,,
1363499,xylometazoline hydrochloride 1 MG/ML Nasal Spray [Aqua Maris Decongestant],SBD,R01AA07,R01AA07|R01AB06,,
1436931,hydrogen peroxide 6 MG/ML Topical Solution,SCD,A01AB02|D08AX01,D08AX01|D11AX25,,
198208,scopolamine 1 MG/ML Injectable Solution,SCD,A03BB01|A04AD01|N05CM05,A04AD01|N05CM05,,
1483558,{21 (ethinyl estradiol 0.035 MG / norethindrone 0.4 MG Chewable Tablet) / 7 (ferrous fumarate 75 MG Chewable Tablet) } Pack [Zenchent Fe 28 Day],BPCK,B03AA02|G03CA01|G03DC02,B03AA02|G03AA05,,
1536882,acetaminophen 250 MG / phenylephrine hydrochloride 5 MG Effervescent Oral Tablet,SCD,N02BE01,R01BA03,,
1545669,phenylephrine hydrochloride 0.0025 MG/MG / shark liver oil 0.03 MG/MG Rectal Ointment,SCD,R01AA04|S01FB01|S01XA20,C05AX06,,
1547952,"hyoscyamine sulfate 0.12 MG / methenamine 81.6 MG / methylene blue 10.8 MG / phenyl salicylate 36.2 MG / sodium phosphate, monobasic 40.8 MG Oral Tablet [Urin DS]",SBD,A03BA03|G04BX12|J01XX05,G04BX12,,
1923433,dorzolamide 20 MG/ML / timolol 5 MG/ML Ophthalmic Solution [Cosopt],SBD,S01EC03,S01ED51,,
1601098,lidocaine 0.05 MG/MG / menthol 0.01 MG/MG Medicated Patch,SCD,D04AB01|N01BB02|R02AD02,C05AD01|D04AB01,,
1539190,{28 (estradiol 0.5 MG / norethindrone acetate 0.1 MG Oral Tablet) } Pack [Mimvey Lo 28 Day],BPCK,G03CA03,G03FA01,,
1544971,phenylephrine hydrochloride 2.5 MG/ML / shark liver oil 30 MG/ML Rectal Cream,SCD,R01AA04|S01FB01|S01XA20,C05AX06,,
1806683,{28 (estradiol 0.5 MG / norethindrone acetate 0.1 MG Oral Tablet) } Pack [Amabelz 0.5/0.1 28 Day],BPCK,G03CA03,G03FA01,,
1923428,timolol 2.5 MG/ML Ophthalmic Solution,SCD,C07AA06,S01ED01,,
1245286,chlorpheniramine maleate 0.8 MG/ML / methscopolamine nitrate 0.25 MG/ML Oral Solution [Ryneze],SBD,R06AB04,A03BB03|R06AB04,,
1302633,benzyl alcohol 0.1 ML/ML / camphor 5 MG/ML / menthol 2.5 MG/ML Topical Spray [Ivy Dry Super Continuous Spray],SBD,P03AX06,D04AX,,
1440065,camphor 36 MG/ML / capsaicin 0.25 MG/ML / methyl salicylate 180 MG/ML Topical Solution,SCD,N01BX04,M02AC,,
1597620,ceftolozane 1000 MG / tazobactam 500 MG Injection [Zerbaxa],SBD,J01CG02,J01DI54,,
1598471,aluminum hydroxide 80 MG/ML / magnesium hydroxide 80 MG/ML / simethicone 8 MG/ML Oral Suspension [Gelusil],SBD,A02AB01,A02AF02,,
1601091,olopatadine 7 MG/ML Ophthalmic Solution [Pazeo],SBD,R01AC08,S01GX09,,
702434,resorcinol 20 MG/ML / sulfur 20 MG/ML Topical Lotion,SCD,D10AB02,D10AB02|D10AX02,,
308366,aspirin 454 MG / caffeine 32.4 MG / cinnamedrine 14.9 MG Oral Tablet,SCD,N06BC01,A01AD05|B01AC06|N02BA01|N06BC01,,
312193,phenylephrine 1.2 MG/ML / prednisolone 5 MG/ML / sulfacetamide 100 MG/ML Ophthalmic Suspension,SCD,A07EA01|D10AB02|H02AB06|R01AA04|S01BA04|S01FB01|S01XA20|S03BA02,S01AB04|S01BA04|S01CB02|S01FB01|S01GA05|S03BA02,,
800220,"alanine 8.44 MG/ML / arginine 8.65 MG/ML / aspartate 5.95 MG/ML / glutamate 6.27 MG/ML / glycine 4.25 MG/ML / histidine 2.55 MG/ML / isoleucine 5.61 MG/ML / leucine 8.5 MG/ML / lysine 8.93 MG/ML / methionine 1.46 MG/ML / phenylalanine 2.53 MG/ML / proline 6.14 MG/ML / serine 4.5 MG/ML / threonine 3.4 MG/ML / tryptophan 1.7 MG/ML / tyrosine 2.3 MG/ML / valine 4.25 MG/ML Injectable Solution [Aminosyn II 8.5 %, Sulfite-Free]",SBD,B05CX03|B05XB03|N06AX02|V03AB26,B05BA01,,
884770,acetaminophen 250 MG / caffeine 50 MG / magnesium salicylate 290 MG Oral Tablet [Backprin],SBD,N02BE01|N06BC01,N02BE01,,
91349,hydrogen peroxide 30 MG/ML Topical Solution,SCD,A01AB02,D08AX01,,
995077,chlorpheniramine maleate 0.25 MG/ML / codeine phosphate 1 MG/ML / pseudoephedrine hydrochloride 0.375 MG/ML Oral Suspension [Zodryl DAC],SBD,R01BA02|R05DA04|R06AB04,R05DA04,,
308579,becaplermin 0.0001 MG/MG Topical Gel,SCD,A01AD08|D03AX06,D03AX06,,
312614,prednisolone 1 MG/ML Oral Solution,SCD,A07EA01|H02AB06|S01BA04|S03BA02,H02AB06,,
2044886,hydrocortisone acetate 10 MG/ML / lidocaine hydrochloride 10 MG/ML Topical Cream,SCD,A01AC03|A07EA02|D04AB01|D07AA02|D07AB02|D07AB11|H02AB09|N01BB02|R02AD02|S01BA02,D07XA01,,
205899,epinephrine 10 MG/ML / pilocarpine hydrochloride 40 MG/ML Ophthalmic Solution [P4E1],SBD,C01CA24|N07AX01|S01EA01|S01EB01,S01EA01|S01EB01,,
995615,ferrous sulfate 90 MG/ML Oral Solution,SCD,B03AA01|B03AA07,B03AA07,,
998514,miconazole nitrate 20 MG/ML Topical Cream [Monistat],SBD,A01AB09|D01AC02|G01AF04,D01AC02,IMPROVED,D01AC02
351358,hydrocortisone 10 MG/ML / neomycin 3.5 MG/ML / polymyxin B 10000 UNT/ML Otic Suspension [Cort-Biotic],SBD,A01AC03|A07AA01|A07EA02|D06AX04|D07AA02|D07AB02|D07AB11|H02AB09|S01AA03|S01BA02,S02CA03,,
802059,hydrocortisone 1.67 MG/ML Enema [Colocort],SBD,A01AC03|A07EA02|D07AA02|D07AB02|D07AB11|H02AB09|S01BA02,A07EA02,,
308898,calcium carbonate 300 MG / phenobarbital 9 MG Oral Tablet,SCD,N03AA02,A02AC01|A12AA04|N03AA02,,
198818,povidone-iodine 0.01 MG/MG Topical Ointment,SCD,D08AG02|D09AA09|D11AC06|G01AX11|R02AA15,D08AG02,,
901814,diphenhydramine hydrochloride 25 MG / ibuprofen 200 MG Oral Capsule,SCD,D04AA32|M01AE01|M01AE14|M02AA13|R06AA02,M01AE01|R06AA02,,
1988786,{23 (brigatinib 180 MG Oral Tablet [Alunbrig]) / 7 (brigatinib 90 MG Oral Tablet [Alunbrig]) } Pack [Alunbrig Initiation Pack],BPCK,L01XE43,L01ED04,IMPROVED,L01ED04
315243,urea 600 MG/ML Injectable Solution,SCD,D02AE01,B05BC02,,
829759,calcium carbonate 1250 MG / cholecalciferol 500 UNT / vitamin K1 0.04 MG Chewable Tablet,SCD,A11CC05|B02BA01,A11JB,,
876679,ascorbic acid 35 MG/ML / cholecalciferol 0.01 MG/ML / vitamin A 0.45 MG/ML Oral Solution [Tri-Vi-Sol],SBD,A11CA01|A11GA01,A11JA,,
1090529,gentamicin 100 MG/ML Irrigation Solution [Legacy],SBD,D06AX07|S03AA06,J01GB03|S03AA06,,
903438,levothyroxine sodium 0.05 MG / liothyronine sodium 0.0125 MG Oral Tablet,SCD,H03AA01|H03AA02,H03AA02,,
617333,amoxicillin 25 MG/ML / clavulanate 6.25 MG/ML Oral Suspension [Augmentin],SBD,J01CA04,J01CR02,,
730869,amlodipine 5 MG / olmesartan medoxomil 20 MG Oral Tablet,SCD,C08CA01|C09DB02,C09DB02,,
746030,atenolol 50 MG / chlorthalidone 25 MG Oral Tablet [Tenoretic],SBD,C03BA04|C07AB03,C07CB03,,
891815,ascorbic acid 113 MG / beta carotene 7160 MG / cuprous oxide 0.4 MG / dl-alpha tocopheryl acetate 100 UNT / zinc oxide 17.4 MG Oral Tablet [PreserVision],SBD,A11GA01|A11HA03,A11JB,,
199105,lidocaine 0.02 MG/MG / menthol 0.01 MG/MG Topical Gel,SCD,D04AB01|N01BB02|R02AD02,D04AB01,,
998483,miconazole nitrate 20 MG/ML Topical Cream,SCD,A01AB09|D01AC02|G01AF04,D01AC02,,
313452,tretinoin 0.5 MG/ML Topical Solution,SCD,D10AD01|L01XX14,D10AD01,,
315158,nitrofurazone 0.002 MG/MG Topical Powder,SCD,B05CA03|D08AF01|D09AA03|P01CC02|S01AX04|S02AA02,D08AF01|D09AA03,,
404176,aluminum hydroxide 80 MG/ML / magnesium hydroxide 80 MG/ML / simethicone 8 MG/ML Oral Suspension [Maalox Max],SBD,A02AB01,A02AF02,,
404284,hydrocortisone 0.01 MG/MG Topical Gel [Instacort],SBD,A01AC03|A07EA02|D07AA02|D07AB02|D07AB11|H02AB09|S01BA02,D07AA02,,
198404,ferrous fumarate 106 MG / folic acid 1 MG Oral Tablet,SCD,B03BB01,B03AA02|B03BB01|V04CX02,,
388054,latanoprost 0.05 MG/ML / timolol 5 MG/ML Ophthalmic Solution,SCD,S01ED51|S01EE01,S01ED51,IMPROVED,S01ED51
801486,alanine 5.7 MG/ML / arginine 2.85 MG/ML / dibasic potassium phosphate 2.61 MG/ML / glucose 100 MG/ML / glycine 5.7 MG/ML / histidine 1.2 MG/ML / isoleucine 1.32 MG/ML / leucine 1.7 MG/ML / lysine 1.59 MG/ML / magnesium chloride 0.01 MEQ/ML / methionine 1.59 MG/ML / phenylalanine 1.7 MG/ML / proline 1.15 MG/ML / sodium acetate 0.03 MEQ/ML / sodium chloride 0.02 MEQ/ML / threonine 1.15 MG/ML / tryptophan 0.5 MG/ML / tyrosine 0.11 MG/ML / valine 1.26 MG/ML Injectable Solution [Travasol 2.75],SBD,B05CX03|B05XA08|B05XB03|N06AX02|V03AB26,A12CA01|A12CC01|B05CB01|B05CX01|B05CX03|B05XA03|B05XA08|B05XA11|B05XB03|N06AX02|V03AB26|V04CA02|V06DC01,,
749158,{7 (ethinyl estradiol 0.025 MG / norgestimate 0.18 MG Oral Tablet) / 7 (ethinyl estradiol 0.025 MG / norgestimate 0.215 MG Oral Tablet) / 7 (ethinyl estradiol 0.025 MG / norgestimate 0.25 MG Oral Tablet) / 7 (inert ingredients 1 MG Oral Tablet) } Pack [Ortho Tri-Cyclen Lo 28 Day],BPCK,G03CA01,G03AA11,,
758486,{7 (lansoprazole 15 MG Delayed Release Oral Capsule) / 14 (naproxen 375 MG Oral Tablet) } Pack,GPCK,A02BC03,A02BC03|M01AE02,,
884014,ivermectin 0.0187 MG/MG Oral Paste [Zimecterin],SBD,D11AX22|P02CF01,P02CF01,,
748800,{21 (drospirenone 3 MG / ethinyl estradiol 0.03 MG Oral Tablet) / 7 (inert ingredients 1 MG Oral Tablet) } Pack,GPCK,G03AA12|G03AC10,G03AA12,,
310326,ferrous sulfate 500 MG / folic acid 0.9 MG Oral Tablet,SCD,B03BB01,B03AA07|B03BB01|V04CX02,,
311214,kanamycin 333 MG/ML Injectable Solution,SCD,A07AA08|J01GB04|S01AA24,A07AA08|J01GB04,,
757667,"thrombin, bovine 2000 UNT/ML Topical Solution [Thrombin-JMI]",SBD,B02BC06|B02BD30,B02BD30,,
310541,glycerin 2.5 MG/ML Ophthalmic Solution,SCD,A06AX01,S01XA20,,
1087258,24 HR calcium carbonate 200 MG / folic acid 1 MG / pyridoxine 75 MG / vitamin B12 0.012 MG Extended Release Oral Tablet,SCD,A11HA02|B03BA01|B03BB01,A11JB,IMPROVED,A11JB
801005,glucose 50 MG/ML / magnesium acetate 0.000979 MEQ/ML / potassium acetate 0.013 MEQ/ML / sodium chloride 0.04 MEQ/ML Injectable Solution,SCD,B05XA17,A12CA01|B05CB01|B05CX01|B05XA03|B05XA17|V04CA02|V06DC01,,
979334,100 ACTUAT metaproterenol sulfate 0.65 MG/ACTUAT Metered Dose Inhaler [Alupent],SBD,R03CB03,R03AB03|R03CB03,,
204969,benzocaine 150 MG/ML Topical Solution,SCD,C05AD03|D04AB04|R02AD01,D04AB04,,
312106,belladonna alkaloids 15 MG / opium 60 MG Rectal Suppository,SCD,A03BA04|A07DA02,A07DA02|N02AA02,,
1087026,diphenhydramine hydrochloride 20 MG/ML / zinc acetate 1 MG/ML Topical Cream,SCD,A16AX05,D04AA32,,
1087682,dimethicone 20 MG/ML Medicated Pad [Baza Cleanse and Protect],SBD,P03AX05,D02AA,,
2046145,16 ML bevacizumab-awwb 25 MG/ML Injection [Mvasi],SBD,L01XC07|S01LA08,L01FG01,,
2055008,tretinoin 0.5 MG/ML Topical Lotion [Altreno],SBD,D10AD01|L01XX14,D10AD01,,
998369,codeine phosphate 2 MG/ML / dexchlorpheniramine maleate 0.2 MG/ML / phenylephrine hydrochloride 1 MG/ML Oral Solution,SCD,R05DA04|R06AB02,R01BA03|R05DA04|R06AB02,,
999613,sulfacetamide sodium 100 MG/ML / sulfur 50 MG/ML Medicated Liquid Soap,SCD,D10AB02,D10AF06,IMPROVED,D10AF06
313788,aluminum hydroxide 400 MG / magnesium hydroxide 400 MG / simethicone 40 MG Chewable Tablet,SCD,A02AB01,A02AF02,,
349607,guaifenesin 1200 MG / phenylephrine hydrochloride 40 MG Extended Release Oral Tablet,SCD,R05CA03,R01BA03|R05CA03,,
360422,calcium carbonate 600 MG / cholecalciferol 200 UNT Oral Tablet,SCD,A11CC05,A12AX,,
805017,erythromycin 20 MG/ML Topical Solution [T-Stat],SBD,J01FA01,D10AF02,,
834158,chlorhexidine gluconate 20 MG/ML Topical Solution [Chlorostat],SBD,A01AB03|D08AC02|R02AA05,D08AC02|D09AA12,,
313090,sorbitol 30 MG/ML Irrigation Solution,SCD,A06AD18|A06AG07|B05CX02|V04CC01,B05CX02,,
827693,nitric oxide 0.08 % / nitrogen 99.92 % Gas for Inhalation [INOmax],SBD,R07AX01|V03AN04,R07AX01,,
848197,Augmented betamethasone 0.5 MG/ML Topical Lotion [Diprolene],SBD,D07AC01|H02AB01|S01BA06|S03BA03,C05AA05|D07AC01|D07XC01,,
855626,Twice-Daily diclofenac epolamine 0.013 MG/MG Medicated Patch,SCD,M01AB05|M02AA15|S01BC03,M01AB05,,
208123,scopolamine 2.5 MG/ML Ophthalmic Solution [Isopto Hyoscine],SBD,A03BB01|A04AD01|N05CM05,S01FA02,,
208590,dexamethasone 1 MG/ML / neomycin 3.5 MG/ML / polymyxin B 10000 UNT/ML Ophthalmic Suspension [Dexasporin],SBD,A07AA01|D06AX04|H02AB02|S01AA03|S01BA01,S01CA01,,
213561,betamethasone 1 MG/ML Topical Cream [Betatrex],SBD,D07AC01|H02AB01|S01BA06|S03BA03,C05AA05|D07AC01|D07XC01,,
1094168,diphenhydramine hydrochloride 2.5 MG/ML Oral Solution [Beldin],SBD,D04AA32|R06AA02,R06AA02,,
1101389,tetrahydrozoline hydrochloride 0.5 MG/ML Ophthalmic Solution [Optigene],SBD,R01AA06|R01AB03|S01GA02,S01GA02,,
351913,ciclopirox 0.0077 MG/MG Topical Gel [Loprox],SBD,D01AE14|G01AX12,D01AE14,,
1116629,epinephrine 0.001 MG/MG / lidocaine hydrochloride 0.1 MG/MG Medicated Patch [Lidosite],SBD,C01CA24|D04AB01|N01BB02|R02AD02|S01EA01,C05AD01|D04AB01,,
1190804,atropine sulfate 2 MG/ML Injectable Solution,SCD,A03BA01|S01FA01,A03BA01,,
1233623,capsaicin 0.25 MG/ML / menthol 20 MG/ML Topical Cream,SCD,N01BX04,M02AB01,,
1234594,salicylic acid 5 MG/ML Topical Lotion [Clearskin Professional Daily Correcting],SBD,D01AE12|N02BA04,D01AE12,,
404044,hydrocortisone 10 MG/ML Topical Cream [Dermtex HC],SBD,A01AC03|A07EA02|D07AA02|D07AB02|D07AB11|H02AB09|S01BA02,D07AA02,IMPROVED,D07AA02
562300,hydrocortisone 0.005 MG/MG Oral Paste,SCD,A01AC03|A07EA02|D07AA02|D07AB02|D07AB11|H02AB09|S01BA02,A01AC03,,
1000046,chlorhexidine diacetate 0.5 MG/ML Topical Spray [Septi-Soothe],SBD,A01AB03|D08AC02|R02AA05,D08AC02|D09AA12,,
1011987,prednisolone acetate 0.002 MG/MG / sulfacetamide sodium 0.1 MG/MG Ophthalmic Ointment [Blephamide],SBD,A07EA01|D10AB02|H02AB06|S01BA04|S03BA02,S01CA02,,
1013011,epinephrine 0.01 MG/ML / lidocaine hydrochloride 20 MG/ML Topical Solution [Iontocaine],SBD,C01CA24|D04AB01|N01BB02|R02AD02|S01EA01,C05AD01|D04AB01,,
1037153,12 HR carbetapentane citrate 60 MG / guaifenesin 600 MG / phenylephrine hydrochloride 15 MG Extended Release Oral Tablet,SCD,R05CA03|R05DB05,R01BA03|R05CA03|R05DB05,,
1037205,povidone-iodine 10 MG/ML Medicated Pad,SCD,D08AG02|D09AA09|D11AC06|G01AX11|R02AA15,D08AG02,IMPROVED,D08AG02
1014571,12 HR cetirizine hydrochloride 5 MG / pseudoephedrine hydrochloride 120 MG Extended Release Oral Tablet,SCD,R01BA02|R06AE07,R01BA02,,
1044218,povidone-iodine 150 MG/ML Medicated Pad,SCD,D08AG02|D09AA09|D11AC06|G01AX11|R02AA15,D08AG02|D08AG03|D09AA09|D11AC06,,
1047939,triclosan 1.5 MG/ML Topical Lotion,SCD,D08AE04,D08AE04|D09AA06,,
1053282,salicylic acid 10 MG/ML Medicated Pad [Clearskin Blemish],SBD,D01AE12|N02BA04,D01AE12,,
1053364,benzocaine 200 MG/ML / petrolatum 744 MG/ML Topical Cream,SCD,C05AD03|D04AB04|R02AD01,C05AD03|D04AB04|N01BA05,,
108329,ketoconazole 20 MG/ML Topical Cream [Nizoral],SBD,D01AC08|J02AB02,D01AC08,IMPROVED,D01AC08
1085773,triamcinolone acetonide 1 MG/ML Topical Cream [Triderm],SBD,A01AC01|H02AB08|R01AD11,D07AB09,,
2184158,12 HR chlorpheniramine maleate 4 MG / phenylephrine hydrochloride 20 MG Extended Release Oral Tablet,SCD,R06AB04,R01BA03|R06AB04,,
283279,lactic acid 140 MG/ML / resorcinol 140 MG/ML / salicylic acid 140 MG/ML Topical Solution,SCD,D01AE12|G01AD01|N02BA04,D02AF,,
284453,sodium chloride 30 MG/ML Nasal Solution [ENTsol],SBD,A12CA01|B05BB01|B05CB01|B05XA03|S01XA03,R01AX,,
1658262,100 ML magnesium sulfate 40 MG/ML Injection,SCD,A06AD04|B05XA05,B05XA05,,
1659174,sodium bicarbonate 1800 MG / tartaric acid 1630 MG Granules for Oral Solution [Brioschi],SBD,B05CB04|B05XA02,B05CB04,,
543685,hydrocortisone 10 MG/ML Topical Lotion [Rederm],SBD,A01AC03|A07EA02|D07AA02|D07AB02|D07AB11|H02AB09|S01BA02,D07AA02,,
616906,carbetapentane tannate 6 MG/ML / chlorpheniramine tannate 0.8 MG/ML / phenylephrine tannate 2.5 MG/ML Oral Suspension,SCD,R05DB05|R06AB04,R01BA03|R05DB05|R06AB04,IMPROVED,R01BA03|R05DB05|R06AB04
1011705,lidocaine 0.05 MG/MG Medicated Patch [Lidoderm],SBD,D04AB01|N01BB02|R02AD02,D04AB01,,
1044982,biotin 0.6 MG/ML / nicotinamide adenine dinucleotide (NAD) 3 MG/ML / panthenol 6 MG/ML / zinc pyrithione 21 MG/ML Medicated Shampoo,SCD,A11HA05|D11AX12,D11AX12,,
543806,benzocaine 200 MG/ML Oral Solution,SCD,C05AD03|D04AB04|R02AD01,R02AD01,,
283420,hydrogen peroxide 30 MG/ML Topical Spray,SCD,A01AB02|D08AX01,D08AX01,,
1999389,{28 (ivacaftor 150 MG / tezacaftor 100 MG Oral Tablet) / 28 (ivacaftor 150 MG Oral Tablet) } Pack [Symdeko (100 MG / 150 MG; 150 MG)],BPCK,R07AX02,R07AX31,,
207638,neomycin 3.5 MG/ML / polymyxin B 10000 UNT/ML / prednisolone 5 MG/ML Ophthalmic Suspension [Poly Pred],SBD,A07AA01|A07EA01|D06AX04|H02AB06|S01AA03|S01BA04|S03BA02,S01CA02,,
392275,clindamycin 75 MG/ML Oral Suspension,SCD,D10AF01|J01FF01,J01FF01,,
805378,"0.5 ML acellular pertussis vaccine, inactivated 96 UNT/ML / diphtheria toxoid vaccine, inactivated 30 UNT/ML / Haemophilus influenzae type b, capsular polysaccharide inactivated tetanus toxoid conjugate vaccine 68 UNT/ML / poliovirus vaccine inactivated, type 1 (Mahoney) 80 UNT/ML / poliovirus vaccine inactivated, type 2 (MEF-1) 16 UNT/ML / poliovirus vaccine inactivated, type 3 (Saukett) 64 UNT/ML / tetanus toxoid vaccine, inactivated 20 UNT/ML Injection [Pentacel]",SBD,J07AF01|J07AM01,J07CA02,,
833104,alanine 4.22 MG/ML / arginine 4.32 MG/ML / aspartate 2.98 MG/ML / glucose 100 MG/ML / glutamate 3.14 MG/ML / glycine 2.12 MG/ML / histidine 1.28 MG/ML / isoleucine 2.8 MG/ML / leucine 4.25 MG/ML / lysine 4.46 MG/ML / magnesium chloride 0.00148 MEQ/ML / methionine 0.73 MG/ML / phenylalanine 1.26 MG/ML / potassium chloride 0.013 MEQ/ML / proline 3.07 MG/ML / serine 2.25 MG/ML / sodium chloride 0.0205 MEQ/ML / sodium phosphate 0.00347 MEQ/ML / threonine 1.7 MG/ML / tryptophan 0.85 MG/ML / tyrosine 1.15 MG/ML / valine 2.12 MG/ML Injectable Solution [Aminosyn II 4.5 % M in 10 % Dextrose],SBD,B05CX03|B05XB03|N06AX02|V03AB26,A06AD17|A06AG01|A12BA01|A12CA01|A12CC01|B05CB01|B05CX01|B05CX03|B05XA01|B05XA03|B05XA09|B05XA11|B05XB03|N06AX02|V03AB26|V03AG05|V04CA02|V06DC01,,
210177,salicylic acid 20 MG/ML / sulfur 20 MG/ML Medicated Shampoo [Sebex],SBD,D10AB02,D01AE12|D10AB02,,
1091245,calcium carbonate 500 MG / cholecalciferol 250 UNT / magnesium oxide 40 MG Chewable Tablet,SCD,A11CC05,A02AA02|A02AC01|A06AD02|A11CC05|A12AA04|A12CC10,,
1101534,acetaminophen 500 MG / phenylephrine hydrochloride 5 MG Oral Tablet,SCD,N02BE01,R01BA03,,
1111055,salicylic acid 0.005 MG/MG Topical Gel [Nu Skin Clear Action],SBD,D01AE12|N02BA04,D01AE12,,
310639,guaifenesin 400 MG / phenylephrine hydrochloride 75 MG Extended Release Oral Tablet,SCD,R05CA03,R01BA03|R05CA03,,
311454,mannitol 30 MG / phenobarbital 15 MG Oral Tablet,SCD,N03AA02,A06AD16|N03AA02,,
312107,belladonna alkaloids 16.2 MG / opium 60 MG Rectal Suppository,SCD,A03BA04|A07DA02,A03DB|A07DA02,,
313250,tetracycline hydrochloride 100 MG/ML Injectable Solution,SCD,D06AA04|J01AA07,J01AA07,,
313963,epinephrine 20 MG/ML Ophthalmic Solution,SCD,C01CA24|S01EA01,S01EA01,,
346805,ethanol 0.1 ML/ML / glucose 50 MG/ML Injectable Solution,SCD,B05BA03|V06DC01,B05BA03|V03AB16,,
847042,hydrochlorothiazide 25 MG / olmesartan medoxomil 40 MG Oral Tablet [Benicar HCT],SBD,C03AA03,C09DA08,,
211508,ephedrine sulfate 25 MG/ML Injectable Solution,SCD,R01AA03|R03CA02,C01CA26,,
2118730,acetaminophen 325 MG / benzhydrocodone 4.08 MG Oral Tablet [Apadaz],SBD,N02BE01,N02AJ22,,
2181311,chlorpheniramine tannate 1.6 MG/ML / phenylephrine tannate 3 MG/ML / pyrilamine tannate 2.5 MG/ML Extended Release Suspension,SCD,R06AB04,R01BA53,,
237205,10 ML nitroglycerin 5 MG/ML Injection,SCD,C01DA02|C05AE01,C01DA02,,
1234532,calamine 80 MG/ML / pramoxine hydrochloride 10 MG/ML Topical Lotion,SCD,C05AD07|D04AB07,D04AB07,,
616765,ethanol 0.95 ML/ML Injectable Solution,SCD,D08AX08|V03AB16|V03AZ01,V03AB16|V03AZ01,,
857762,chlorpheniramine maleate 0.4 MG/ML / hydrocodone bitartrate 0.334 MG/ML / phenylephrine hydrochloride 1 MG/ML Oral Solution [Hyphen-HD],SBD,R05DA03|R06AB04,R01BA03|R05DA03|R06AB04,,
857836,chlorpheniramine maleate 0.4 MG/ML / hydrocodone bitartrate 0.4 MG/ML / phenylephrine hydrochloride 1 MG/ML Oral Solution,SCD,R05DA03|R06AB04,R01BA03|R05DA03|R06AB04,,
860272,guaifenesin 16 MG/ML / hydrocodone bitartrate 1 MG/ML / pheniramine maleate 2.67 MG/ML / phenylephrine hydrochloride 1 MG/ML / phenylpropanolamine hydrochloride 1 MG/ML Oral Solution [S-T Forte],SBD,R01BA01|R05CA03|R05DA03,R01BA01|R01BA03|R05CA03|R05DA03|R06AB05,,
1013038,lidocaine hydrochloride 10 MG/ML Injectable Solution [Anestacaine],SBD,D04AB01|N01BB02|R02AD02,N01BB02,,
1038799,benzalkonium chloride 1 MG/ML Topical Foam,SCD,D08AJ01|D08AJ08|R02AA16,D08AJ01,,
1046965,atropine sulfate 0.0194 MG / hyoscyamine sulfate 0.1037 MG / phenobarbital 16.2 MG / scopolamine hydrobromide 0.0065 MG Oral Tablet [Barbidonna],SBD,A03BA03|N03AA02,A03BA01|A03BA03|A04AD01|N03AA02|N05CM05,,
1047125,salicylic acid 20 MG/ML Topical Lotion [Olay Total Effects Cleanser Plus Blemish Control],SBD,D01AE12|N02BA04,D01AE12,,
1049245,benzalkonium chloride 0.2 MG/ML Topical Solution [Benza],SBD,D08AJ01|D08AJ08|R02AA16,D08AJ01,,
1053206,allantoin 5 MG/ML / benzalkonium chloride 1.3 MG/ML Topical Foam [Hands First 4 in 1],SBD,D08AJ01|D08AJ08|R02AA16,D08AJ01,,
240422,sodium chloride 0.154 MEQ/ML Topical Spray,SCD,A12CA01|B05BB01|B05CB01|B05XA03|S01XA03,V07AB,,
242623,calcium carbonate 550 MG / magnesium hydroxide 110 MG Chewable Tablet,SCD,A02AA04|A12AA04,A02AA04|A02AC01,,
245640,salicylic acid 2.5 MG/ML Topical Solution,SCD,D01AE12|N02BA04,D01AE12,,
260401,prednisolone 50 MG/ML Injectable Suspension [Predcor],SBD,A07EA01|H02AB06|S01BA04|S03BA02,H02AB06,,
283523,gabapentin 50 MG/ML Oral Solution,SCD,N02BF01|N03AX12,N02BF01,,
307829,allantoin 120 MG / aminacrine 12 MG / sulfisoxazole 600 MG Vaginal Insert,SCD,D08AA02,D08AA02|J01EB05|S01AB02,,
1737735,500 ML lidocaine hydrochloride 8 MG/ML Injection,SCD,D04AB01|N01BB02|R02AD02,C01BB01,,
1000654,phenylephrine 1.25 MG/ML / sulfacetamide sodium 150 MG/ML Ophthalmic Solution [Vasosulf],SBD,D10AB02|R01AA04|S01FB01|S01XA20,S01AB04|S01FB01|S01GA05,,
1010763,epinephrine 0.01 MG/ML / lidocaine hydrochloride 20 MG/ML Injectable Solution [Xylocaine with Epinephrine],SBD,C01CA24|D04AB01|N01BB02|R02AD02|S01EA01,N01BB02,,
1039716,salicylic acid 20 MG/ML Medicated Liquid Soap [St. Ives Blemish & Blackhead Control],SBD,D01AE12|N02BA04,D01AE12,IMPROVED,D01AE12
1049888,diphenhydramine hydrochloride 10 MG/ML Topical Cream,SCD,D04AA32|R06AA02,D04AA32,,
1086386,glucose 50 MG/ML Oral Solution [Enfamil Glucose],SBD,B05BA03|V06DC01,V06DC01,IMPROVED,V06DC01
307760,aluminum hydroxide 80 MG/ML / magnesium hydroxide 80 MG/ML / simethicone 6 MG/ML Oral Suspension,SCD,A02AB01,A02AA04|A02AB01,,
1656287,salicylic acid 20 MG/ML Medicated Pad [Clearasil Ultra Rapid Action],SBD,D01AE12|N02BA04,D01AE12,,
1736656,ethinyl estradiol 0.005 MG / norethindrone acetate 1 MG Oral Tablet [Fyavolv],SBD,G03CA01|G03DC02,G03AA05,,
1789199,salicylic acid 10 MG/ML Topical Lotion [Natural Acne Solutions Daily Moisturizing],SBD,D01AE12|N02BA04,D01AE12,,
1789746,diphenhydramine hydrochloride 6.25 MG/ML Oral Solution [Vanamine],SBD,D04AA32|R06AA02,R06AA02,,
1794886,500 ML glucose 50 MG/ML / sodium chloride 2 MG/ML Injection,SCD,A12CA01|B05BA03|B05BB01|B05CB01|B05XA03|S01XA03|V06DC01,B05BB01,,
1000948,sulfacetamide sodium 100 MG/ML / sulfur 40 MG/ML Medicated Pad [Sulfatol],SBD,D10AB02,D10AB02|D10AF06,,
860090,hydrocodone bitartrate 0.34 MG/ML / pheniramine maleate 0.66 MG/ML / phenylephrine hydrochloride 1 MG/ML / phenylpropanolamine hydrochloride 0.66 MG/ML / pyrilamine maleate 0.66 MG/ML Oral Solution [Vetuss HC Syrup],SBD,R01BA01|R05DA03,R01BA01|R01BA03|R05DA03|R06AB05|R06AC01,,
1005806,sulfacetamide sodium 100 MG/ML / sulfur 50 MG/ML Medicated Liquid Soap [Rosaderm],SBD,D10AB02,D10AB02|D10AF06,,
1005819,sulfacetamide sodium 100 MG/ML / sulfur 50 MG/ML Medicated Pad,SCD,D10AB02,D10AF06,,
1006122,sulfacetamide sodium 100 MG/ML Ophthalmic Solution [Bleph-10],SBD,D10AB02,S01AB04,,
1006691,sulfacetamide sodium 100 MG/ML Topical Lotion [Cetaderm],SBD,D10AB02,D10AF06,,
1039991,benzalkonium chloride 1 MG/ML Topical Foam [WhiskCare 377],SBD,D08AJ01|D08AJ08|R02AA16,D08AJ01,,
1048075,chlophedianol hydrochloride 2.5 MG/ML / guaifenesin 20 MG/ML / phenylephrine hydrochloride 1 MG/ML Oral Solution,SCD,R05CA03|R05DB10,R05FB02,,
238936,erythromycin 0.02 MG/MG Topical Ointment,SCD,J01FA01,D10AF02,,
243508,scopolamine 0.3 MG/ML Injectable Solution,SCD,A03BB01|A04AD01|N05CM05,A04AD01|N05CM05,,
261177,nystatin 100 UNT/MG Topical Powder [Mycostatin Topical],SBD,A01AB11|A07AA02|D01AA01,D01AA01,,
285028,abacavir 300 MG / lamivudine 150 MG / zidovudine 300 MG Oral Tablet [Trizivir],SBD,J05AF01|J05AF05|J05AF06|J05AR04,J05AR04,,
602598,drospirenone 0.5 MG / ethinyl estradiol 1 MG Oral Tablet,SCD,G03AC10,G03AA12,,
308074,aluminum hydroxide 180 MG / magnesium hydroxide 160 MG Oral Tablet,SCD,A02AB01,A02AA04|A02AB01,,
1094560,zinc oxide 0.4 MG/MG Paste,SCD,C05AX04,D02AB,,
434102,12 HR guaifenesin 800 MG / phenylephrine hydrochloride 25 MG Extended Release Oral Tablet,SCD,R05CA03,R01BA03|R05CA03,,
2118728,acetaminophen 325 MG / benzhydrocodone 4.08 MG Oral Tablet,SCD,N02BE01,N02AJ22,,
857529,aspirin 500 MG / hydrocodone bitartrate 5 MG Oral Tablet [Azdone],SBD,R05DA03,N02BA01|R05DA03,,
1049086,benzethonium chloride 0.001 MG/MG / benzocaine 0.2 MG/MG Topical Ointment,SCD,R02AA09,D04AB04|D08AJ08,IMPROVED,D04AB04|D08AJ08
1657705,5 ML panitumumab 20 MG/ML Injection [Vectibix],SBD,L01XC08,L01FE02,,
1794882,glucose 50 MG/ML / sodium chloride 2 MG/ML Injection,SCD,A12CA01|B05BA03|B05BB01|B05CB01|B05XA03|S01XA03|V06DC01,B05BB02,,
1807550,250 ML sodium chloride 4.5 MG/ML Injection,SCD,A12CA01|B05BB01|B05CB01|B05XA03|S01XA03,B05XA03,,
1810869,benzalkonium chloride 1.3 MG/ML Topical Spray [Mertodol],SBD,D08AJ01|D08AJ08|R02AA16,D08AJ01,,
1812194,1 ML dexamethasone phosphate 4 MG/ML Injection,SCD,H02AB02|S01BA01,H02AB02,,
1860080,ethanol 0.625 ML/ML Topical Gel,SCD,D08AX08|V03AB16|V03AZ01,D08AX08,,
1861581,{3 (15000 MG) (nystatin 100 UNT/MG Topical Powder) } Pack [Nyata],BPCK,A01AB11|A07AA02|D01AA01,A07AA02|D01AA01|G01AA01,,
1863554,lidocaine 0.04 MG/MG Medicated Patch [Absorbine Lidocaine],SBD,D04AB01|N01BB02|R02AD02,D04AB01,,
1865144,hydrocortisone 10 MG/ML Topical Cream [Proctocort],SBD,A01AC03|A07EA02|D07AA02|D07AB02|D07AB11|H02AB09|S01BA02,D07AA02,,
1867942,epinephrine 0.005 MG/ML / lidocaine hydrochloride 10 MG/ML Injection [Xylocaine with Epinephrine],SBD,C01CA24|D04AB01|N01BB02|R02AD02|S01EA01,N01BB02,,
1242769,sodium chloride 0.192 MEQ/ML Otic Solution [Aqua Maris],SBD,A12CA01|B05BB01|B05CB01|B05XA03|S01XA03,V07AB,,
1243780,acetaminophen 500 MG / codeine phosphate 20 MG / guaifenesin 400 MG / phenylephrine hydrochloride 10 MG Oral Tablet,SCD,N02BE01|R05CA03|R05DA04,N02AJ06|R01BA03|R05CA03,,
1244908,{21 (ethinyl estradiol 0.035 MG / norethindrone 0.4 MG Chewable Tablet) / 7 (ferrous fumarate 75 MG Chewable Tablet) } Pack [Femcon Fe 28 Day],BPCK,B03AA02|G03CA01|G03DC02,B03AA02|G03AA05,,
1293729,hydrocortisone acetate 0.02 MG/MG / pramoxine hydrochloride 0.01 MG/MG Topical Gel [Novacort],SBD,A01AC03|A07EA02|D07AA02|D07AB02|D07AB11|H02AB09|S01BA02,D07XA01,,
1294035,hydrocortisone acetate 5 MG/ML / pramoxine hydrochloride 10 MG/ML Topical Cream,SCD,A01AC03|A07EA02|D07AA02|D07AB02|D07AB11|H02AB09|S01BA02,D04AB07|D07AA02,,
1294192,diphenhydramine hydrochloride 1.25 MG/ML / phenylephrine hydrochloride 0.5 MG/ML Oral Solution [Robitussin Night Time Cough and Cold],SBD,D04AA32|R01AA04|R06AA02|S01FB01|S01XA20,R01BA03|R06AA02,IMPROVED,R06AA02|R01BA03
1297952,diphenhydramine hydrochloride 5 MG/ML / hydrocortisone 5 MG/ML Topical Spray [HC Derma-Pax],SBD,A01AC03|A07EA02|D04AA32|D07AA02|D07AB02|D07AB11|H02AB09|R06AA02|S01BA02,D04AA32|D07AA02,,
1312747,capsaicin 0.3 MG/ML Topical Cream,SCD,N01BX04,M02AB01,,
1313925,alpha-tocopherol acetate 30 UNT / ascorbic acid 100 MG / beta carotene 1000 UNT / calcium carbonate 200 MG / calcium pantothenate 7 MG / cholecalciferol 400 UNT / docusate sodium 25 MG / ferrous fumarate 29 MG / folic acid 1 MG / niacinamide 15 MG / pyridoxine hydrochloride 20 MG / riboflavin 3 MG / thiamine 3 MG / vitamin B12 0.012 MG / zinc oxide 20 MG Oral Tablet,SCD,A11CC05|A11DA01|A11GA01|A11HA01|A11HA02|A11HA04|B03BA01|B03BB01,A11JC,,
1314629,2 ML phenylephrine hydrochloride 0.04 MG/ML Prefilled Syringe,SCD,R01AA04|S01FB01|S01XA20,C01CA06,,
1359359,bacitracin 0.5 UNT/MG / polymyxin B 10 UNT/MG / pramoxine hydrochloride 0.01 MG/MG Topical Ointment [Betadine Plus Antibiotic and Pain Reliever],SBD,A07AA05|C05AD07|D04AB07|D06AX05|J01XB02|J01XX10|R02AB04|S01AA18|S02AA11|S03AA03,D04AB07|D06AX05,,
1359608,atropine sulfate 0.4 MG/ML Prefilled Syringe,SCD,A03BA01|S01FA01,A03BA01,IMPROVED,A03BA01
1359743,lidocaine hydrochloride 10 MG/ML Prefilled Syringe,SCD,D04AB01|N01BB02|R02AD02,N01BB02,,
1362223,{1 (28400 MG) (hydrocortisone acetate 25 MG/ML / pramoxine hydrochloride 10 MG/ML Rectal Cream [Analpram HC]) / 6 (pramoxine hydrochloride 10 MG/ML Medicated Pad [Prax]) } Pack [Analpram E Kit with 6 Prax Medicated Pad],BPCK,A01AC03|A07EA02|D07AA02|D07AB02|D07AB11|H02AB09|S01BA02,C05AA01|C05AD07,,
1374842,neomycin sulfate 25 MG/ML Oral Solution,SCD,A07AA01|D06AX04|S01AA03,A07AA01,,
1424050,hydrocortisone acetate 5 MG/ML / lidocaine hydrochloride 30 MG/ML Rectal Cream [Rectacreme],SBD,A01AC03|A07EA02|D04AB01|D07AA02|D07AB02|D07AB11|H02AB09|N01BB02|R02AD02|S01BA02,C05AA01|C05AD01,,
1426565,benzalkonium chloride 1.3 MG/ML Medicated Pad [Sani-Hands Basics],SBD,D08AJ01|D08AJ08|R02AA16,D08AJ01,,
1435897,chlorhexidine gluconate 5 MG/ML Topical Spray,SCD,A01AB03|D08AC02|R02AA05,D08AC02,,
1483772,salicylic acid 20 MG/ML Topical Lotion [PROcure Psoriapalm],SBD,D01AE12|N02BA04,D01AE12,,
1487251,acetaminophen 325 MG / butalbital 50 MG / caffeine 40 MG Oral Capsule [Zebutal],SBD,N02BE01|N06BC01,N02BE01,,
1494041,benzalkonium chloride 12.5 MG/ML / N-alkyl ethylbenzyl dimethyl ammonium chloride (C12-C14) 12.5 MG/ML Medicated Liquid Soap,SCD,D08AJ01|D08AJ08|R02AA16,D08AJ01,,
1552231,benzocaine hydrochloride 0.0127 MG/MG Topical Ointment [Mend19],SBD,C05AD03|D04AB04|R02AD01,D04AB04,,
1086356,salicylic acid 0.4 MG/MG Medicated Patch [Compound W brand of salicylic acid],SBD,D01AE12|N02BA04,D11AF,,
2184108,dexchlorpheniramine maleate 2 MG / phenylephrine hydrochloride 10 MG Oral Tablet,SCD,R06AB02,R01BA53,,
247139,resorcinol 20 MG/ML / sulfur 80 MG/ML Topical Lotion,SCD,D10AB02,D10AB02|D10AX02,IMPROVED,D10AB02|D10AX02
284430,eflornithine 139 MG/ML Topical Cream [Vaniqa],SBD,D11AX16|P01CX03,D11AX16,,
1860083,petrolatum 0.75 MG/MG / zinc oxide 0.2 MG/MG Paste,SCD,C05AX04,D02AB,,
1865292,lidocaine 0.005 MG/MG Topical Gel,SCD,D04AB01|N01BB02|R02AD02,D04AB01,,
1251771,diphenhydramine hydrochloride 25 MG / pseudoephedrine hydrochloride 30 MG Oral Tablet,SCD,R01BA02,R01BA02|R06AA02,,
1293466,chromic chloride 0.00512 MG/ML / copper sulfate 0.4 MG/ML / manganese sulfate 0.077 MG/ML / zinc sulfate 4.39 MG/ML Injectable Solution [Multitrace-4],SBD,A12CB01|V03AB20,B05BB,,
1294019,acetaminophen 325 MG / guaifenesin 200 MG / pseudoephedrine hydrochloride 30 MG Oral Tablet,SCD,N02BE01|R01BA02|R05CA03,R05CA03,,
1305135,alpha-tocopherol acetate 30 UNT / ascorbic acid 25 MG / cholecalciferol 170 UNT / docosahexaenoic acid 265 MG / docusate sodium 55 MG / ferrous fumarate 30 MG / folic acid 1.24 MG / pyridoxine hydrochloride 25 MG / tricalcium phosphate 160 MG Oral Capsule,SCD,A11CC05|A11GA01|A11HA02|B03BB01,A06AA02|A11CC05|A11GA01|A11HA02|B03AA02|B03BB01,,
1307073,chlorpheniramine maleate 8 MG / methscopolamine nitrate 2.5 MG / pseudoephedrine hydrochloride 120 MG Oral Tablet,SCD,R01BA02|R06AB04,A03BB03|R01BA02|R06AB04,,
1359083,acetaminophen 250 MG / aspirin 250 MG / caffeine 65 MG Oral Tablet [Painaid ESF],SBD,N02BE01|N06BC01,N02BA51,,
1485332,{21 (ethinyl estradiol 0.035 MG / norethindrone 0.4 MG Oral Tablet) / 7 (inert ingredients 1 MG Oral Tablet) } Pack [Vyfemla 28 Day],BPCK,G03CA01|G03DC02,G03AA05,,
1488333,benzyl alcohol 0.19 ML/ML / lidocaine hydrochloride 40 MG/ML Topical Spray [Biochemistry Heel No Pain],SBD,P03AX06,D04AB01,,
1489299,calamine 20 MG/ML / zinc oxide 120 MG/ML Topical Cream [Baby Anti Monkey Butt Diaper Rash Cream],SBD,C05AX04,D04AX,,
1432482,lidocaine hydrochloride 20 MG/ML Topical Cream,SCD,D04AB01|N01BB02|R02AD02,D04AB01,,
1921723,{7 (ethinyl estradiol 0.01 MG Oral Tablet) / 84 (ethinyl estradiol 0.02 MG / levonorgestrel 0.1 MG Oral Tablet) } Pack [Lo Simpesse 91 Day],BPCK,G03CA01,G03AB03|G03CA01,,
1922727,diphenhydramine hydrochloride 25 MG / pseudoephedrine hydrochloride 60 MG Oral Tablet [Wal-Dryl-D Allergy],SBD,R01BA02,R01BA02|R06AA02,,
1243393,calcium carbonate 1250 MG / cholecalciferol 600 UNT Oral Tablet [Os-Cal 500 with D],SBD,A11CC05,A12AX,IMPROVED,A12AX
1363648,brompheniramine maleate 6 MG / phenylephrine hydrochloride 15 MG Chewable Tablet,SCD,R06AB01,R01BA03|R06AB01,,
1482656,chlorhexidine gluconate 23 MG/ML / ketoconazole 10 MG/ML Topical Lotion [Resi Ketochlor],SBD,A01AB03|D01AC08|D08AC02|J02AB02|R02AA05,D01AC08|D08AC02,,
1489070,benzocaine 0.2 MG/MG Oral Ointment [Red Cross Canker Sore],SBD,C05AD03|D04AB04|R02AD01,R02AD01,,
1491882,lidocaine hydrochloride 50 MG/ML Topical Cream,SCD,D04AB01|N01BB02|R02AD02,D04AB01,,
1541115,bacitracin 0.4 UNT/MG / hydrocortisone 0.01 MG/MG / neomycin 0.0035 MG/MG / polymyxin B 10 UNT/MG Ophthalmic Ointment [Vetropolycin HC],SBD,A01AC03|A07AA01|A07EA02|D06AX04|D07AA02|D07AB02|D07AB11|H02AB09|S01AA03|S01BA02,S01CB03,,
1547664,14 ACTUAT fluticasone furoate 0.1 MG/ACTUAT Dry Powder Inhaler [Arnuity],SBD,R03BA05|R03BA09,R03BA09,,
1550957,diphenhydramine hydrochloride 25 MG / naproxen sodium 220 MG Oral Tablet,SCD,D04AA32|M01AE02|R06AA02,M01AE57,,
1551498,betamethasone 1 MG/ML / gentamicin 3 MG/ML Otic Solution [Gentaotic],SBD,D06AX07|D07AC01|H02AB01|S01BA06|S03AA06|S03BA03,S02AA14|S02BA07,,
1427410,zinc oxide 18 MG/ML Topical Cream,SCD,C05AX04,D02AB,,
1600927,caffeine 1.63 MG/ML / choline salicylate 21.8 MG/ML Oral Solution,SCD,N06BC01,N02BA03|N06BC01,,
1606208,pyridoxine hydrochloride 5 MG/ML / salicylic acid 8.6 MG/ML / zinc gluconate 5 MG/ML Medicated Shampoo [Keratolux],SBD,A11HA02|A12CB02,A11HA02|A12CB02|D11AC,,
1362791,dexchlorpheniramine maleate 0.2 MG/ML / hydrocodone bitartrate 0.4 MG/ML / phenylephrine hydrochloride 1 MG/ML Oral Solution [Codimal DH Reformulated Oct 2007],SBD,R05DA03|R06AB02,R01BA03|R05DA03|R06AB02,,
1372560,capsaicin 0.25 MG/ML / menthol 100 MG/ML / methyl salicylate 280 MG/ML Topical Lotion,SCD,N01BX04,M02AC,,
1600974,benzocaine 150 MG/ML Medicated Pad,SCD,C05AD03|D04AB04|R02AD01,N01BA05,BOTH_WRONG,N01BA05
1536470,citric acid 1000 MG / sodium bicarbonate 1940 MG Effervescent Oral Tablet,SCD,A09AB04,A02AH,,
1549308,triclosan 0.001 MG/MG / zinc oxide 0.108 MG/MG Topical Powder,SCD,C05AX04|D08AE04,D02AB|D08AE04,,
1804844,salicylic acid 0.005 MG/MG Topical Ointment,SCD,D01AE12|N02BA04,D01AE12,,
1244632,{7 (ethinyl estradiol 0.01 MG Oral Tablet) / 84 (ethinyl estradiol 0.02 MG / levonorgestrel 0.1 MG Oral Tablet) } Pack [Amethia Lo 91 Day],BPCK,G03CA01,G03AB03|G03CA01,,
1248032,docusate sodium 230 MG / phenolphthalein 130 MG Oral Capsule [Unilax],SBD,A06AB04,A06AA02|A06AB04,,
1291099,benzocaine 20 MG/ML / cetylpyridinium chloride 1 MG/ML / zinc chloride 1.33 MG/ML Mucosal Spray [Bucalcide],SBD,B05XA12,R02AA06|R02AD01,,
197665,"estrogens, conjugated (USP) 1.25 MG / methyltestosterone 10 MG Oral Tablet",SCD,G03CA57,G03EK01,IMPROVED,G03EK01
1542988,hydrocodone bitartrate 10 MG / ibuprofen 200 MG Oral Tablet [Xylon],SBD,R05DA03,N02AJ23,,
1551512,magnesium citrate 70.8 MG/ML Oral Solution,SCD,A12CC04,A06AD19,,
1594962,"mineral oil 45 MG/ML / mineral oil, light 10 MG/ML Ophthalmic Solution [Soothe Mineral Oil]",SBD,A06AA01,S01XA20,,
1604564,folic acid 1.25 MG / Lacticaseibacillus casei KE-99 60 MG Oral Capsule,SCD,B03BB01,A07FA51,,
637551,1000 ML potassium chloride 0.02 MEQ/ML / sodium chloride 9 MG/ML Injection,SCD,A12CA01|B05BB01|B05CB01|B05XA03|S01XA03,B05BB01,,
688701,bacitracin 0.4 UNT/MG / hydrocortisone 0.01 MG/MG / neomycin 0.0035 MG/MG / polymyxin B 10 UNT/MG Ophthalmic Ointment [Cortisporin Ointment],SBD,A01AC03|A07AA01|A07EA02|D06AX04|D07AA02|D07AB02|D07AB11|H02AB09|S01AA03|S01BA02,S01CB03,,
758020,{112 (bismuth subsalicylate 262 MG Chewable Tablet) / 56 (metronidazole 250 MG Oral Tablet) / 56 (tetracycline hydrochloride 500 MG Oral Capsule) } Pack [Helidac Therapy],BPCK,A01AB17|A07BC04|D06AA04|D06BX01|J01AA07|P01AB01,J01AA07|P01AB01,,
761977,{6 (ethinyl estradiol 0.03 MG / levonorgestrel 0.05 MG Oral Tablet) / 10 (ethinyl estradiol 0.03 MG / levonorgestrel 0.125 MG Oral Tablet) / 5 (ethinyl estradiol 0.04 MG / levonorgestrel 0.075 MG Oral Tablet) / 7 (inert ingredients 1 MG Oral Tablet) } Pack [Enpresse 28 Day],BPCK,G03AC03|G03CA01,G03AB03,,
876861,ascorbic acid 35 MG/ML / cholecalciferol 0.01 MG/ML / niacin 8 MG/ML / riboflavin 0.6 MG/ML / thiamine 0.5 MG/ML / vitamin A 0.45 MG/ML / vitamin B12 0.002 MG/ML / vitamin B6 0.4 MG/ML / vitamin E 2.25 MG/ML Oral Solution [Poly-Vi-Sol],SBD,A11CA01|A11DA01|A11GA01|A11HA03|A11HA04|B03BA01,A11JA,,
890953,erythromycin 0.0053 MG/ML Topical Solution,SCD,J01FA01,D10AF02,,
311933,neomycin 3.5 MG/ML / polymyxin B 10000 UNT/ML Topical Cream,SCD,A07AA01|D06AX04|S01AA03,D06AX04,,
2043455,benzalkonium chloride 1 MG/ML / benzocaine 200 MG/ML Topical Spray,SCD,C05AD03|D04AB04|D08AJ01|D08AJ08|R02AA16|R02AD01,D04AB04|D08AJ01,,
645669,tretinoin 0.25 MG/ML Topical Cream [Tretin X],SBD,D10AD01|L01XX14,D10AD01,,
753522,sodium chloride 4 MG/ML Nasal Solution,SCD,A12CA01|B05BB01|B05CB01|B05XA03|S01XA03,V07AB,,
308849,calcium gluconate 65 MG / niacinamide 3 MG / phenobarbital 65 MG Oral Tablet,SCD,A11HA01|N03AA02,A11HA01|A12AA03|N03AA02,,
310687,hydrocortisone 10 MG/ML / neomycin 3.5 MG/ML / polymyxin B 10000 UNT/ML Otic Suspension,SCD,A01AC03|A07AA01|A07EA02|D06AX04|D07AA02|D07AB02|D07AB11|H02AB09|S01AA03|S01BA02,S02CA03,,
310877,hydrocortisone 1 MG/MG Topical Powder,SCD,A01AC03|A07EA02|D07AA02|D07AB02|D07AB11|H02AB09|S01BA02,D07AA02,,
310872,hydrocortisone 0.01 MG/MG / iodoquinol 0.03 MG/MG Topical Ointment,SCD,G01AC01,D07BA,,
312255,penciclovir 10 MG/ML Topical Cream,SCD,D06BB06|J05AB13,D06BB06,,
1994337,chlorhexidine 0.02 MG/MG / ketoconazole 0.01 MG/MG Medicated Pad [Keto-C],SBD,A01AB03|D01AC08|D08AC02|J02AB02|R02AA05,D01AC08|D08AC02,,
206368,hydrocortisone 10 MG/ML Topical Lotion [Ala-Cort],SBD,A01AC03|A07EA02|D07AA02|D07AB02|D07AB11|H02AB09|S01BA02,D07AA02,,
998675,168 HR clonidine 0.00833 MG/HR Transdermal System,SCD,C02AC01|N02CX02,C02AC01,,
804752,capsaicin 1 MG/ML Topical Cream [Zostrix],SBD,N01BX04,M02AB01,,
992528,terbinafine hydrochloride 10 MG/ML Topical Cream,SCD,D01AE15|D01BA02,D01AE15,,
308274,antipyrine 50 MG/ML / hydrocortisone 1 MG/ML / neomycin 5 MG/ML / polymyxin B 2000 UNT/ML Otic Solution,SCD,A01AC03|A07AA01|A07EA02|D06AX04|D07AA02|D07AB02|D07AB11|H02AB09|S01AA03|S01BA02,S02CA03|S02DA03,,
685574,50 ML clindamycin 6 MG/ML Injection [Cleocin],SBD,D10AF01|J01FF01,J01FF01,,
995073,chlorpheniramine maleate 0.25 MG/ML / codeine phosphate 1 MG/ML Oral Suspension [Zodryl AC],SBD,R05DA04|R06AB04,R05DA04,,
686403,dimethicone 10 MG/ML / zinc oxide 100 MG/ML Topical Cream,SCD,P03AX05,D02AA,,
884192,chlorthalidone 15 MG / clonidine hydrochloride 0.1 MG Oral Tablet,SCD,C03BA04,C02AC01|C03BA04,,
204913,iodine 50 MG/ML / potassium iodide 100 MG/ML Oral Solution,SCD,D08AG03,H03CA,,
748596,capsaicin 0.015 MG/MG Topical Gel,SCD,N01BX04,M02AB01,,
763390,{21 (ethinyl estradiol 0.05 MG / norethindrone 1 MG Oral Tablet) } Pack [Norethin 1/50 21 Day],BPCK,G03CA01|G03DC02,G03AA05,,
994535,aspirin 770 MG / caffeine 60 MG / orphenadrine citrate 50 MG Oral Tablet,SCD,N06BC01,M03BC01,,
994237,aspirin 325 MG / butalbital 50 MG / caffeine 40 MG / codeine phosphate 30 MG Oral Capsule,SCD,N06BC01|R05DA04,N02AJ07,,
206032,clioquinol 30 MG/ML / hydrocortisone 10 MG/ML Topical Cream [Pedi-Cort V],SBD,A01AC03|A07EA02|D07AA02|D07AB02|D07AB11|H02AB09|S01BA02,D07AA02|D08AH30,,
880878,dimethicone 10 MG/ML Topical Lotion [Dermasil],SBD,P03AX05,D02AA,,
309431,codeine 2 MG/ML / menthol 0.2 MG/ML / pheniramine 2.5 MG/ML / phenylephrine 1 MG/ML Oral Solution,SCD,R05DA04,R01BA03|R05DA04|R06AB05,,
723801,potassium iodide 65 MG/ML Oral Solution [ThyroShield],SBD,R05CA02|S01XA04|V03AB21,R05CA02,,
744628,amlodipine 10 MG / olmesartan medoxomil 40 MG Oral Tablet [Azor],SBD,C08CA01|C09DB02,C09DB02,,
748869,{21 (ethinyl estradiol 0.02 MG / levonorgestrel 0.1 MG Oral Tablet) / 7 (inert ingredients 1 MG Oral Tablet) } Pack [Alesse 28 Day],BPCK,G03AC03|G03CA01,G03AB03,,
755702,prednisolone 3 MG/ML Oral Solution [Prelone],SBD,A07EA01|H02AB06|S01BA04|S03BA02,H02AB06,,
729935,zinc oxide 0.128 MG/MG Topical Ointment [Triple Paste],SBD,C05AX04,D02AB,,
864735,benzocaine 0.2 MG/MG Oral Gel [Topicale],SBD,R02AD01,N01BA05,,
312604,prednisolone 2.5 MG/ML Ophthalmic Suspension,SCD,A07EA01|H02AB06|S01BA04|S03BA02,S01BA04,,
2003190,resorcinol 0.02 MG/MG / sulfur 0.04 MG/MG Topical Gel,SCD,D10AB02,D10AB02|D10AX02,,
206520,hydrocortisone 10 MG/ML / neomycin 3.5 MG/ML / polymyxin B 10000 UNT/ML Otic Suspension [Cortatrigen],SBD,A01AC03|A07AA01|A07EA02|D06AX04|D07AA02|D07AB02|D07AB11|H02AB09|S01AA03|S01BA02,S02CA03,,
999927,clindamycin phosphate 0.012 MG/MG / tretinoin 0.00025 MG/MG Topical Gel [Veltin],SBD,D10AD01|D10AF01|J01FF01|L01XX14,D10AD01,,
807012,lactic acid 25 MG/ML / urea 50 MG/ML Topical Lotion [Atrac-Tain],SBD,D02AE01|G01AD01,D02AE01,,
828576,acetaminophen 650 MG / propoxyphene napsylate 100 MG Oral Tablet,SCD,N02AC04|N02BE01,N02AC04,,
744793,benzocaine 15 MG / pectin 5 MG Oral Lozenge,SCD,A07BC01,R02AD01,,
883501,{1 (60000 MG) (salicylic acid 0.06 MG/MG Topical Gel [Keralyt]) / 1 (160 ML) (salicylic acid 60 MG/ML Medicated Shampoo [Keralyt]) } Pack [Keralyt Scalp],BPCK,D01AE12|N02BA04,D02AF|D11AC|D11AF,,
891806,zinc oxide 0.1 MG/MG Topical Powder,SCD,C05AX04,D02AB,,
669025,benzocaine 0.2 MG/MG Oral Gel [Benz-O-Sthetic],SBD,R02AD01,N01BA05,,
199190,hydrocortisone 2.5 MG/ML Topical Cream,SCD,A01AC03|A07EA02|D07AA02|D07AB02|D07AB11|H02AB09|S01BA02,D07AA02,,
199680,dimethicone 10 MG/ML Topical Lotion,SCD,P03AX05,D02AA,,
998474,miconazole nitrate 10 MG/ML Injectable Solution,SCD,A01AB09|D01AC02|G01AF04,J02AB01,,
998539,Miconazole Nitrate 20 MG/ML Topical Spray [Neosporin AF],SBD,A01AB09|D01AC02|G01AF04,D01AC02,,
802503,calcium ascorbate 60 MG / calcium threonate 0.8 MG / ferrous asparto glycinate 50 MG / ferrous fumarate 101 MG / folic acid 1 MG / succinic acid 50 MG / vitamin B12 0.01 MG Oral Tablet,SCD,B03BA01|B03BB01,B03AE,,
205862,epinephrine 5 MG/ML Ophthalmic Solution [Epifrin],SBD,C01CA24|S01EA01,S01EA01,,
198706,hydrocortisone 0.01 MG/MG Topical Gel,SCD,A01AC03|A07EA02|D07AA02|D07AB02|D07AB11|H02AB09|S01BA02,D07AA02,,
204442,ibuprofen 40 MG/ML Oral Suspension,SCD,M01AE01|M01AE14|M02AA13,M01AE01,,
205281,aspirin 262.5 MG / caffeine 32.5 MG / salicylamide 30 MG Oral Tablet,SCD,N02BA05|N06BC01,N02BA51,,
995019,nitroglycerin 0.4 MG/ACTUAT Mucosal Spray [Nitrolingual],SBD,C01DA02|C05AE01,C01DA02,,
349563,chlorpheniramine maleate 0.8 MG/ML / methscopolamine nitrate 0.25 MG/ML / phenylephrine hydrochloride 2 MG/ML Oral Solution,SCD,R06AB04,A03BB03|R01BA03|R06AB04,,
359329,carbetapentane citrate 4 MG/ML / guaifenesin 20 MG/ML Oral Solution,SCD,R05CA03|R05DB05,R05FB02,,
825190,hydrocortisone 10 MG/ML / neomycin 3.5 MG/ML / polymyxin B 10000 UNT/ML Ophthalmic Suspension [Cortisporin],SBD,A01AC03|A07AA01|A07EA02|D06AX04|D07AA02|D07AB02|D07AB11|H02AB09|S01AA03|S01BA02,S01CB03,,
833096,alanine 3.48 MG/ML / arginine 3.56 MG/ML / aspartate 2.45 MG/ML / glucose 50 MG/ML / glutamate 2.58 MG/ML / glycine 1.75 MG/ML / histidine 1.05 MG/ML / isoleucine 2.31 MG/ML / leucine 3.5 MG/ML / lysine 3.68 MG/ML / magnesium chloride 0.00148 MEQ/ML / methionine 0.6 MG/ML / phenylalanine 1.04 MG/ML / potassium chloride 0.013 MEQ/ML / proline 2.52 MG/ML / serine 1.86 MG/ML / sodium chloride 0.0205 MEQ/ML / sodium phosphate 0.00347 MEQ/ML / threonine 1.4 MG/ML / tryptophan 0.7 MG/ML / tyrosine 0.94 MG/ML / valine 1.75 MG/ML Injectable Solution [Aminosyn II 3.5 % M in 5 % Dextrose],SBD,B05CX03|B05XB03|N06AX02|V03AB26,A06AD17|A06AG01|A09AB01|A12BA01|A12CA01|A12CC01|B05CB01|B05CX01|B05CX03|B05XA01|B05XA03|B05XA09|B05XA11|B05XB01|B05XB03|V03AG05|V04CA02|V06DC01,,
313847,alitretinoin 0.001 MG/MG Topical Gel,SCD,D11AH04|L01XX22,L01XF02,IMPROVED,L01XF02
847217,ciclopirox 80 MG/ML Topical Solution [CNL8],SBD,D01AE14|G01AX12,D01AE14,,
857523,aspirin 224 MG / caffeine 32 MG / hydrocodone bitartrate 5 MG Oral Tablet,SCD,N06BC01|R05DA03,N02BA01|R05DA03,,
208305,benzocaine 200 MG/ML Otic Solution [Otocain],SBD,C05AD03|D04AB04|R02AD01,D04AB04,,
208406,sulfamethoxazole 40 MG/ML / trimethoprim 8 MG/ML Oral Suspension [Sulfatrim],SBD,J01EA01|J01EC01,J01EE01,,
211154,pheniramine 2 MG/ML / phenylephrine 5 MG/ML Nasal Spray [Dristan],SBD,R01AA04|S01FB01|S01XA20,R01AA04|R01AB01,,
211194,acetaminophen 325 MG / butalbital 50 MG / caffeine 40 MG Oral Tablet [Repan],SBD,N02BE01|N06BC01,N02BE01,,
1094019,oxytetracycline 250 MG / phenazopyridine hydrochloride 50 MG / sulfamethizole 250 MG Oral Capsule [Urobiotic],SBD,G04BX06,G04BX06|J01AA06|J01EB02,,
1095227,{6 (ethinyl estradiol 0.03 MG / levonorgestrel 0.05 MG Oral Tablet) / 10 (ethinyl estradiol 0.03 MG / levonorgestrel 0.125 MG Oral Tablet) / 5 (ethinyl estradiol 0.04 MG / levonorgestrel 0.075 MG Oral Tablet) / 7 (inert ingredients 1 MG Oral Tablet) } Pack [Levonest 28 Day],BPCK,G03AC03|G03CA01,G03AB03,,
1100057,ciclopirox 80 MG/ML Topical Solution [Ciclodan],SBD,D01AE14|G01AX12,D01AE14,,
212978,aluminum hydroxide 160 MG / magnesium carbonate 105 MG Chewable Tablet [Gaviscon],SBD,A02AB01,A02AD03,,
1094087,"arginine 6 MG/ML / histidine 4.29 MG/ML / isoleucine 4.62 MG/ML / leucine 7.26 MG/ML / lysine 5.35 MG/ML / methionine 7.26 MG/ML / phenylalanine 7.26 MG/ML / threonine 3.3 MG/ML / tryptophan 1.65 MG/ML / valine 5.28 MG/ML Injectable Solution [Aminosyn-RF 5.2 %, Sulfite-Free]",SBD,B05XB03|N06AX02|V03AB26,B05XB01|B05XB03,,
1145610,ethanol 0.645 ML/ML Topical Gel,SCD,D08AX08|V03AB16|V03AZ01,D08AX08,,
1150120,1 ML epinephrine 0.01 MG/ML / lidocaine hydrochloride 10 MG/ML Prefilled Syringe,SCD,C01CA24|D04AB01|N01BB02|R02AD02|S01EA01,N01BB02,,
404084,ferrous fumarate 324 MG / folic acid 1 MG Oral Tablet [Hemocyte-F],SBD,B03BB01,B03AD02,,
562662,prednisolone 80 MG/ML Injectable Suspension,SCD,A07EA01|H02AB06|S01BA04|S03BA02,H02AB06,,
858364,ketorolac tromethamine 4.5 MG/ML Ophthalmic Solution,SCD,M01AB15|S01BC05,S01BC05,IMPROVED,S01BC05
859029,chlorpheniramine maleate 0.4 MG/ML / hydrocodone bitartrate 0.7 MG/ML / phenylephrine hydrochloride 1.5 MG/ML Oral Solution [Hydro-PC II],SBD,R05DA03|R06AB04,R01BA03|R05DA03|R06AB04,,
860030,hydrocodone bitartrate 0.332 MG/ML / phenylephrine hydrochloride 1 MG/ML / pyrilamine maleate 1.67 MG/ML Oral Solution [Hyco-DH],SBD,R05DA03,R01BA03|R05DA03|R06AC01,,
1011839,benzalkonium chloride 1.3 MG/ML / lidocaine hydrochloride 25 MG/ML Topical Solution,SCD,D04AB01|D08AJ01|D08AJ08|N01BB02|R02AA16|R02AD02,D04AB01|D08AJ01,,
1012021,prednisolone sodium phosphate 2.5 MG/ML / sulfacetamide sodium 100 MG/ML Ophthalmic Solution,SCD,A07EA01|D10AB02|H02AB06|S01BA04|S03BA02,S01CA02,,
1039227,benzocaine 200 MG/ML / menthol 5 MG/ML Topical Spray [Little Ouchies],SBD,C05AD03|D04AB04|R02AD01,D04AB04,,
1043353,benzocaine 60 MG/ML Medicated Pad,SCD,C05AD03|D04AB04|R02AD01,N01BA05,,
1046760,12 HR atropine sulfate 0.058 MG / hyoscyamine sulfate 0.31 MG / phenobarbital 48.6 MG / scopolamine hydrobromide 0.02 MG Extended Release Oral Tablet [Servira],SBD,A03BA03|N03AA02,A03BA01|A03BA03|A04AD01|N03AA02|N05CM05,,
1048969,petrolatum 780 MG/ML / zinc oxide 100 MG/ML Topical Cream,SCD,C05AX04,D02AB,,
1053239,benzocaine 0.2 MG/MG Oral Paste [Orajel],SBD,C05AD03|D04AB04|R02AD01,N01BA05,,
1053200,dimethicone 20 MG/ML Topical Lotion [Baza Cleanse and Protect],SBD,P03AX05,D02AA,,
1053716,nystatin 100 UNT/MG / triamcinolone acetonide 0.001 MG/MG Topical Ointment [Mycolog],SBD,A01AB11|A01AC01|A07AA02|D01AA01|H02AB08|R01AD11,D01AA01|D07XB02,,
1085750,triamcinolone acetonide 10 MG/ML Injectable Suspension,SCD,A01AC01|H02AB08|R01AD11,H02AB08,,
1086263,triamcinolone acetonide 40 MG/ML Injectable Suspension [Trilone],SBD,A01AC01|H02AB08|R01AD11,H02AB08,,
244267,dexamethasone 1 MG/ML / neomycin 5 MG/ML Ophthalmic Solution,SCD,A07AA01|D06AX04|H02AB02|S01AA03|S01BA01,S01CB01,,
245650,benzocaine 80 MG/ML Topical Lotion,SCD,C05AD03|D04AB04|R02AD01,D04AB04,,
307707,acetic acid 2.5 MG/ML Irrigation Solution,SCD,G01AD02|S02AA10,V07AB,,
1659131,piperacillin 2000 MG / tazobactam 250 MG Injection,SCD,J01CA12|J01CG02|J01CR05,J01CR05,,
1659993,ethanol 0.01 ML/ML Medicated Liquid Soap,SCD,D08AX08|V03AB16|V03AZ01,D08AX08,IMPROVED,D08AX08
1664543,12 HR chlorpheniramine maleate 8 MG / codeine phosphate 54.3 MG Extended Release Oral Tablet,SCD,R05DA04|R06AB04,R05DA04,,
209717,bacitracin 0.5 UNT/MG / diperodon 0.01 MG/MG / neomycin 0.0035 MG/MG Topical Ointment [Campho-Phenique Maximum Strength],SBD,A07AA01|D06AX04|S01AA03,D06AX04|D06AX05,IMPROVED,D06AX04|D06AX05
1116912,atropine sulfate 15 MG/ML Injectable Solution,SCD,A03BA01|S01FA01,A03BA01,IMPROVED,A03BA01
1012068,5 ML lidocaine hydrochloride 20 MG/ML Prefilled Syringe,SCD,D04AB01|N01BB02|R02AD02,N01BB02,,
1045341,Benzocaine 200 MG/ML / Menthol 2.5 MG/ML Topical Cream [Orajel Ultra],SBD,C05AD03|D04AB04|R02AD01,D04AB04,,
1046643,glycerin 2 MG/ML / naphazoline hydrochloride 0.12 MG/ML Ophthalmic Solution,SCD,A06AX01|S01GA01,S01GA01,,
1114865,cocoa butter 0.855 MG/MG / phenylephrine hydrochloride 0.0025 MG/MG Rectal Suppository,SCD,R01AA04|S01FB01|S01XA20,C05AX06,,
545871,acetaminophen 250 MG / aspirin 500 MG / caffeine 32.5 MG / salicylamide 150 MG Oral Tablet,SCD,N02BA05|N02BE01|N06BC01,N02BA51,,
1999724,{21 (drospirenone 3 MG / ethinyl estradiol 0.03 MG / levomefolate calcium 0.451 MG Oral Tablet) / 7 (levomefolate calcium 0.451 MG Oral Tablet) } Pack [Tydemy 28 Day],BPCK,G03AC10,G03AA12,,
315014,calcium carbonate 261 MG / pectin 65 MG Oral Tablet,SCD,A07BC01,A02AC01|A07BC01,,
802759,calcium ascorbate 150 MG / calcium threonate 2 MG / ferrous asparto glycinate 70 MG / liver stomach concentrate 50 MG / succinic acid 75 MG / vitamin B12 0.01 MG Oral Tablet,SCD,B03BA01,B03AE,,
804547,difluprednate 0.5 MG/ML Ophthalmic Suspension [Durezol],SBD,D07AC19,S01BA16,,
800122,alanine 4.22 MG/ML / arginine 4.32 MG/ML / aspartate 2.98 MG/ML / glucose 250 MG/ML / glutamate 3.14 MG/ML / glycine 2.12 MG/ML / histidine 1.28 MG/ML / isoleucine 2.8 MG/ML / leucine 4.25 MG/ML / lysine 4.46 MG/ML / methionine 0.73 MG/ML / N-acetyltyrosine 1.15 MG/ML / phenylalanine 1.26 MG/ML / proline 3.07 MG/ML / serine 2.25 MG/ML / threonine 1.7 MG/ML / tryptophan 0.85 MG/ML / valine 2.12 MG/ML Injectable Solution [Aminosyn II 4.25/25],SBD,B05CX03|B05XB03|N06AX02|V03AB26,A09AB01|B05CX01|B05CX03|B05XB01|B05XB03|V04CA02|V06DC01,,
847121,calcium citrate 1500 MG / cholecalciferol 250 UNT Oral Tablet,SCD,A11CC05|A12AA13,A12AX,,
857744,chlorpheniramine maleate 0.4 MG/ML / hydrocodone bitartrate 0.334 MG/ML / phenylephrine hydrochloride 1 MG/ML Oral Solution [Ed-TLC],SBD,R05DA03|R06AB04,R01BA03|R05DA03|R06AB04,,
857742,chlorpheniramine maleate 0.4 MG/ML / hydrocodone bitartrate 0.334 MG/ML / phenylephrine hydrochloride 1 MG/ML Oral Solution [Duradal HD],SBD,R05DA03|R06AB04,R01BA03|R05DA03|R06AB04,,
212584,salicylic acid 20 MG/ML Medicated Shampoo [Ionil Plus],SBD,D01AE12|N02BA04,D11AC,,
212586,salicylic acid 20 MG/ML Medicated Shampoo [P & S],SBD,D01AE12|N02BA04,D11AC,,
2102938,levomenthol 10 MG/ML / lidocaine 40 MG/ML Topical Cream [Satohap Pain Relieving],SBD,D04AB01|N01BB02|R02AD02,D04AB01,,
1099631,chlorpheniramine maleate 0.4 MG/ML / codeine phosphate 1.5 MG/ML / phenylephrine hydrochloride 1 MG/ML Oral Solution [Endal Cough],SBD,R05DA04|R06AB04,R01BA03|R05DA04|R06AB04,,
1100070,famotidine 26.6 MG / ibuprofen 800 MG Oral Tablet [Duexis],SBD,A02BA03,M01AE51,,
1102185,benzalkonium chloride 1 MG/ML Topical Lotion,SCD,D08AJ01|D08AJ08|R02AA16,D08AJ01,,
1115833,ephedrine hydrochloride 1.25 MG/ML / guaifenesin 20 MG/ML Oral Solution [Broncholate],SBD,R05CA03,R03CA02|R05CA03,,
310876,hydrocortisone 15 MG/ML / oxytetracycline 5 MG/ML Ophthalmic Suspension,SCD,A01AC03|A07EA02|D07AA02|D07AB02|D07AB11|H02AB09|J01AA06|S01BA02,S01CB03,,
200215,bromelains 500 MG / papain 25 MG Oral Capsule,SCD,B06AA11|D03BA03|M09AB03,M09AB03,,
996991,aspirin 325 MG / codeine phosphate 30 MG Oral Tablet,SCD,R05DA04,N02AJ07,,
312893,salicylic acid 0.06 MG/MG Topical Gel,SCD,D01AE12|N02BA04,D02AF,,
313249,tetracycline hydrochloride 10 MG/ML Ophthalmic Suspension,SCD,D06AA04|J01AA07,S01AA09,IMPROVED,S01AA09
313802,aspirin 385 MG / caffeine 60 MG / orphenadrine 50 MG Oral Tablet,SCD,N06BC01,M03BC01|N02BA51,,
313996,gentamicin 40 MG/ML Injectable Solution,SCD,D06AX07|S03AA06,J01GB03,,
849304,acetaminophen 500 MG / propoxyphene napsylate 100 MG Oral Tablet,SCD,N02AC04|N02BE01,N02AC04,,
856769,amitriptyline hydrochloride 12.5 MG / chlordiazepoxide 5 MG Oral Tablet,SCD,N05BA02|N06AA09,N06CA01,,
210040,aluminum hydroxide 40 MG/ML / magnesium hydroxide 40 MG/ML / simethicone 4 MG/ML Oral Suspension [Mylagen],SBD,A02AB01,A02AA04|A02AB01,,
2123034,lamivudine 300 MG / tenofovir disoproxil fumarate 300 MG Oral Tablet [Temixys],SBD,J05AF05|J05AF07,J05AR12,,
1098498,brompheniramine maleate 0.2 MG/ML / pseudoephedrine hydrochloride 3 MG/ML Oral Solution,SCD,R01BA02|R06AB01,R01BA02,,
1115708,dyclonine hydrochloride 1 MG/ML / glycerin 330 MG/ML Mucosal Spray [Cepacol Sore Throat Spray],SBD,A06AX01,R02AD04,,
1117525,colistin 75 MG/ML Injectable Solution [Coly Mycin M],SBD,A07AA10,J01XB01,,
211336,aspirin 325 MG / butalbital 50 MG / caffeine 40 MG Oral Tablet [Fortabs],SBD,N06BC01,N02BA71,,
1193111,chlorcyclizine hydrochloride 12.5 MG / phenylephrine hydrochloride 5 MG Chewable Tablet [Dallergy Reformulated Nov 2011],SBD,R06AE04,R01BA53,,
1234569,phenylephrine hydrochloride 10 MG/ML Nasal Spray [Neo-Synephrine],SBD,R01AA04|S01FB01|S01XA20,R01AA04,,
1235472,benzocaine 15 MG / menthol 2.6 MG Oral Lozenge [Cepacol Sore Throat Pain Relief],SBD,C05AD03|D04AB04|R02AD01,R02AD01,,
579996,mineral oil 0.15 MG/MG / petrolatum 0.85 MG/MG Ophthalmic Ointment,SCD,A06AA01,S01XA20,,
1044427,acetaminophen 20 MG/ML / hydrocodone bitartrate 0.667 MG/ML Oral Solution,SCD,N02BE01|R05DA03,N02AJ22,,
1053401,capsaicin 0.375 MG/ML / menthol 100 MG/ML / methyl salicylate 300 MG/ML Topical Lotion [Overtime],SBD,N01BX04,M02AC,,
1721434,methenamine 162 MG / sodium salicylate 162.5 MG Oral Tablet [Azo Urinary Tract Defense],SBD,J01XX05,N02BA04,,
1722676,{7 (ethinyl estradiol 0.025 MG / norgestimate 0.18 MG Oral Tablet) / 7 (ethinyl estradiol 0.025 MG / norgestimate 0.215 MG Oral Tablet) / 7 (ethinyl estradiol 0.025 MG / norgestimate 0.25 MG Oral Tablet) / 7 (inert ingredients 1 MG Oral Tablet) } Pack [Tri-Lo- Estarylla 28 Day],BPCK,G03CA01,G03AA11,,
1737761,5 ML lidocaine hydrochloride 20 MG/ML Injection,SCD,N01BB02,C01BB01,,
1233297,dextran 70 1 MG/ML / hypromellose 3 MG/ML Ophthalmic Solution [Tears Renewed],SBD,S01KA02|S01XA20,S01KA02,,
543725,benzocaine 0.2 MG/MG Oral Ointment [Comfort Caine],SBD,C05AD03|D04AB04|R02AD01,R02AD01,,
1000638,pilocarpine hydrochloride 0.04 MG/MG Ophthalmic Gel,SCD,N07AX01|S01EB01,S01EB01,,
1047041,{7 (ethinyl estradiol 0.035 MG / norethindrone 0.5 MG Oral Tablet) / 7 (ethinyl estradiol 0.035 MG / norethindrone 0.75 MG Oral Tablet) / 7 (ethinyl estradiol 0.035 MG / norethindrone 1 MG Oral Tablet) / 7 (inert ingredients 1 MG Oral Tablet) } Pack [Cyclafem 7/7/7 28 Day],BPCK,G03AA05|G03FA01,G03AA05,,
1739207,triamcinolone acetonide 2 MG/ML Injectable Suspension [Vetalog],SBD,A01AC01|H02AB08|R01AD11,H02AB08,,
1191414,hydrocortisone 0.02 MG/MG / iodoquinol 0.01 MG/MG Topical Gel [Alcortin],SBD,G01AC01,D07BA,,
422098,chlorpheniramine tannate 0.6 MG/ML / phenylephrine tannate 1.5 MG/ML Oral Suspension,SCD,R06AB04,R01BA53,,
1000491,"{28 (estrogens, conjugated (USP) 0.3 MG / medroxyprogesterone acetate 1.5 MG Oral Tablet) } Pack [Prempro 0.3/1.5 28 Day]",BPCK,G03CA57|G03FA12,G03FA12,,
1049278,benzalkonium chloride 170 MG/ML Topical Solution,SCD,D08AJ01|D08AJ08|R02AA16,D08AJ01,,
1658256,1000 ML magnesium sulfate 20 MG/ML Injection,SCD,A06AD04|B05XA05,B05XA05,,
1673947,lidocaine 0.04 MG/MG Topical Gel [Mericaine Reformulated Oct 2015],SBD,D04AB01|N01BB02|R02AD02,D04AB01,,
239201,kanamycin 250 MG/ML Injectable Solution,SCD,A07AA08|J01GB04|S01AA24,J01GB04,,
1654919,sulfacetamide sodium 95 MG/ML / sulfur 50 MG/ML Medicated Liquid Soap [Avar],SBD,D10AB02,D10AB02|D10AF06,,
1741907,dapsone 0.075 MG/MG Topical Gel [Aczone],SBD,J04BA02,D10AX05,,
996588,codeine phosphate 2 MG/ML / phenylephrine hydrochloride 1 MG/ML / pyrilamine maleate 1.67 MG/ML Oral Solution,SCD,R05DA04,R01BA03|R05DA04|R06AC01,IMPROVED,R01BA03|R05DA04|R06AC01
848195,Augmented betamethasone 0.5 MG/ML Topical Cream [Diprolene],SBD,D07AC01|H02AB01|S01BA06|S03BA03,D07AC01,,
1092428,diphenhydramine hydrochloride 20 MG/ML / zinc acetate 1 MG/ML Topical Cream [Banophen Cream],SBD,A16AX05,D04AA32,,
1094180,phenazopyridine hydrochloride 50 MG / sulfisoxazole 500 MG Oral Tablet,SCD,G04BX06,G04BX06|J01EB05,,
1094473,diphenhydramine hydrochloride 10 MG/ML Injectable Solution,SCD,D04AA32|R06AA02,R06AA02,,
214104,choline 25 MG / dexpanthenol 50 MG Oral Tablet [Ilopan Choline],SBD,N02BA03,A11HA30,,
604651,ketoconazole 20 MG/ML Topical Cream [Kuric],SBD,D01AC08|J02AB02,D01AC08,,
1658259,50 ML magnesium sulfate 40 MG/ML Injection,SCD,A06AD04|B05XA05,B05XA05,,
1798546,chlorhexidine gluconate 20 MG/ML / ketoconazole 10 MG/ML Medicated Shampoo [Keto-C],SBD,A01AB03|D01AC08|D08AC02|J02AB02|R02AA05,D01AC08|D08AC02,,
1866143,acetaminophen 500 MG / caffeine 65 MG Oral Tablet [Sed-Max],SBD,N02BE01|N02BE51|N06BC01,N02BE51,,
1872891,lidocaine hydrochloride 40 MG/ML Medicated Pad [Alocane],SBD,D04AB01|N01BB02|R02AD02,D04AB01,,
1940494,chlorhexidine gluconate 20 MG/ML / miconazole nitrate 20 MG/ML / salicyloyl phytosphingosine 0.5 MG/ML Medicated Shampoo [VetraSeb],SBD,A01AB03|A01AB09|D01AC02|D08AC02|G01AF04|R02AA05,D01AC02|D08AC02,,
1243239,benzalkonium chloride 7.5 MG/ML Topical Solution [Mane 'N Tail Pro-Tect],SBD,D08AJ01|D08AJ08|R02AA16,D08AJ01,,
1245530,benzocaine 200 MG/ML / menthol 5 MG/ML Topical Spray [Clinistat],SBD,C05AD03|D04AB04|R02AD01,D04AB04,,
1246066,cupric oxide 1.5 MG / folic acid 0.5 MG / niacinamide 750 MG / zinc oxide 25 MG Oral Tablet [Nicomide],SBD,A11HA01|B03BB01,A11JB,,
1247875,docusate calcium 60 MG / phenolphthalein 65 MG Oral Capsule [Doxidan Softgel Laxative Plus Stool Softener],SBD,A06AB04,A06AA02|A06AB04,,
1293640,clioquinol 30 MG/ML / hydrocortisone 10 MG/ML / pramoxine hydrochloride 10 MG/ML Topical Cream,SCD,A01AC03|A07EA02|D07AA02|D07AB02|D07AB11|H02AB09|S01BA02,D04AB07|D07BA,,
1299143,dexbrompheniramine maleate 0.2 MG/ML / pseudoephedrine hydrochloride 6 MG/ML Oral Solution,SCD,R01BA02|R06AB06,R01BA02,,
1300272,ketoconazole 20 MG/ML Topical Foam [Ketodan],SBD,D01AC08|J02AB02,D01AC08,IMPROVED,D01AC08
1313294,guaifenesin 10 MG/ML / hydrocodone bitartrate 0.5 MG/ML / phenylephrine hydrochloride 1.5 MG/ML Oral Solution,SCD,R05CA03|R05DA03,R01BA03|R05CA03|R05DA03,,
1370969,ivermectin 5 MG/ML Topical Solution [Privermectin],SBD,D11AX22|P02CF01,D11AX22,,
1373239,hydrocortisone acetate 0.01 MG/MG Topical Gel [Cortisil MDX],SBD,A01AC03|A07EA02|D07AA02|D07AB02|D07AB11|H02AB09|S01BA02,D07AA02,,
1374387,dexamethasone acetate 8 MG/ML Injectable Suspension [Dexasone],SBD,H02AB02|S01BA01,H02AB02,,
198000,bendroflumethiazide 5 MG / nadolol 40 MG Oral Tablet,SCD,C03AA01|C07AA12|C07BA12,C07BA12,,
198043,mestranol 0.05 MG / norethindrone 1 MG Oral Tablet,SCD,G03FA01,G03AA,,
1495169,chlorhexidine gluconate 2 MG/ML / ketoconazole 2 MG/ML / salicyloyl phytosphingosine 0.2 MG/ML Topical Solution [Ketoseb PS],SBD,A01AB03|D01AC08|D08AC02|J02AB02|R02AA05,D01AC08|D08AC02,,
1495199,chlorhexidine gluconate 20 MG/ML / ketoconazole 10 MG/ML / salicyloyl phytosphingosine 0.2 MG/ML Topical Spray,SCD,A01AB03|D01AC08|D08AC02|J02AB02|R02AA05,D01AC08|D08AC02,,
1495472,acetaminophen 325 MG / hydrocodone bitartrate 10 MG Oral Tablet [Lortab],SBD,N02BE01|R05DA03,N02AJ22,,
1547981,phenylephrine hydrochloride 100 MG/ML / scopolamine hydrobromide 3 MG/ML Ophthalmic Solution,SCD,A03BB01|A04AD01|N05CM05|R01AA04|S01FB01|S01XA20,S01FA02|S01FB01|S01GA05,,
1592004,nitrofurazone 0.002 MG/MG Topical Ointment [NFZ],SBD,B05CA03|D08AF01|D09AA03|P01CC02|S01AX04|S02AA02,D08AF01,,
1608499,1.7 ML epinephrine 0.01 MG/ML / lidocaine hydrochloride 20 MG/ML Cartridge [Xylocaine with Epinephrine],SBD,C01CA24|D04AB01|N01BB02|R02AD02|S01EA01,N01BB02,,
581757,castor oil 0.788 MG/MG / Peruvian balsam 0.087 MG/MG / trypsin 0.09 UNT/MG Topical Ointment [Xenaderm],SBD,A06AB05,D03BA01,,
1743118,salicylic acid 4 MG/ML Topical Cream,SCD,D01AE12|N02BA04,D01AE12,,
1788989,10 ML methylene blue 5 MG/ML Injection [Provayblue],SBD,V03AB17|V04CG05,V03AB17,,
1792394,undecylenic acid 150 MG/ML Topical Cream,SCD,D01AE20,D01AE04,,
1796730,1 ML ephedrine sulfate 50 MG/ML Injection [Akovaz],SBD,R01AA03|R03CA02,C01CA26,,
1870230,NDA020800 0.3 ML epinephrine 1 MG/ML Auto-Injector,SCD,C01CA24|S01EA01,C01CA24,,
1924604,hydrocortisone 10 MG/ML Topical Cream [Hydroskin],SBD,A01AC03|A07EA02|D07AA02|D07AB02|D07AB11|H02AB09|S01BA02,D07AA02,,
1246896,povidone-iodine 5 MG/ML Topical Solution [Poviderm],SBD,D08AG02|D09AA09|D11AC06|G01AX11|R02AA15,D08AG02,,
1246918,povidone-iodine 0.0075 MG/MG Topical Powder [Biozide],SBD,D08AG02|D09AA09|D11AC06|G01AX11|R02AA15,D08AG02,,
1249758,lidocaine 0.04 MG/MG / menthol 0.01 MG/MG Medicated Patch,SCD,D04AB01|N01BB02|R02AD02,D04AB01,,
1250470,Salicylic Acid 20 MG/ML Topical Lotion [Dermarest Psoriasis],SBD,D01AE12|N02BA04,D01AE12,,
1297412,diphenhydramine hydrochloride 5 MG/ML Topical Spray [Derma-Pax],SBD,D04AA32|R06AA02,D04AA32,,
1306298,cobicistat 150 MG / elvitegravir 150 MG / emtricitabine 200 MG / tenofovir disoproxil fumarate 300 MG Oral Tablet [Stribild],SBD,J05AF07|J05AF09|J05AX11|V03AX03,J05AR09,,
1366789,lidocaine 50 MG/ML Rectal Cream,SCD,D04AB01|N01BB02|R02AD02,C05AD01,,
1376068,dexamethasone sodium phosphate 24 MG/ML Injectable Solution,SCD,H02AB02|S01BA01,H02AB02,,
1422078,lidocaine 50 MG/ML Rectal Cream [AneCream],SBD,D04AB01|N01BB02|R02AD02,C05AD01,,
1442975,salicylic acid 20 MG/ML Medicated Liquid Soap [Salic-2],SBD,D01AE12|N02BA04,D01AE12,,
1486031,zinc oxide 0.2 MG/MG Paste [Critic-Aid Skin],SBD,C05AX04,D02AB,IMPROVED,D02AB
1236684,ciclopirox 80 MG/ML Topical Solution [Pedipirox-4],SBD,D01AE14|G01AX12,D01AE14,IMPROVED,D01AE14
1359867,sodium chloride 9 MG/ML Prefilled Syringe,SCD,B05BB01|B05CB01|B05XA03,B05CB01|B05XA03,,
1375125,carbetapentane citrate 4 MG/ML / pseudoephedrine hydrochloride 6 MG/ML / pyrilamine maleate 1.5 MG/ML Oral Solution [Corzall Plus],SBD,R01BA02|R05DB05,R01BA02|R05DB05|R06AC01,,
1540340,neomycin 5 MG/ML Topical Cream [Baclezene],SBD,A07AA01|D06AX04|S01AA03,D06AX04,,
1549717,menthol 0.0044 MG/MG / zinc oxide 0.2 MG/MG Topical Ointment [Calmodrox],SBD,C05AX04,D02AB,,
1550534,tioconazole 0.065 MG/MG Vaginal Ointment [Vagistat-1],SBD,D01AC07|G01AF08,G01AF08,,
1595784,benzocaine 20 MG/ML / capsaicin 0.35 MG/ML / lidocaine 20 MG/ML / methyl salicylate 100 MG/ML Topical Cream,SCD,C05AD03|D04AB01|D04AB04|N01BB02|N01BX04|R02AD01|R02AD02,D04AB01|D04AB04|M02AB01,,
1651391,miconazole nitrate 10 MG/ML Topical Spray,SCD,A01AB09|D01AC02|G01AF04,D01AC02,IMPROVED,D01AC02
1375948,doxylamine succinate 10 MG / pyridoxine hydrochloride 10 MG Delayed Release Oral Tablet,SCD,A11HA02|R06AA09,R06AA09,,
1943339,zinc oxide 0.4 MG/MG Paste [Aquaphor Diaper Rash],SBD,C05AX04,D02AB,,
1536680,aspirin 325 MG / citric acid 1000 MG / sodium bicarbonate 1916 MG Effervescent Oral Tablet [Alka-Seltzer],SBD,A09AB04|N02BA51,N02BA51,,
1537337,salicylic acid 2.5 MG/ML Medicated Shampoo,SCD,D01AE12|N02BA04,D11AC30,BOTH_WRONG,D11AC30
1599660,magnesium oxide 600 MG / pyridoxine hydrochloride 25 MG Oral Tablet [Beelith],SBD,A11HA02,A11JB,IMPROVED,A11JB
1298226,dexchlorpheniramine maleate 0.2 MG/ML / pseudoephedrine hydrochloride 6 MG/ML Oral Solution,SCD,R01BA02|R06AB02,R01BA02,,
1858562,histamine dihydrochloride 0.5 MG/ML / menthol 30 MG/ML Topical Cream,SCD,V04CG03,L03AX14,,
1251756,diphenhydramine hydrochloride 10 MG/ML Topical Lotion,SCD,D04AA32|R06AA02,D04AA32,,
1294306,12 HR brompheniramine maleate 6 MG / diphenhydramine hydrochloride 25 MG Extended Release Oral Tablet,SCD,R06AB01,R06AA02|R06AB01,,
1489934,methenamine 162 MG / sodium salicylate 162.5 MG Oral Tablet [Cystex],SBD,J01XX05,N02BA04,,
1607016,camphor 40 MG/ML / histamine dihydrochloride 0.25 MG/ML / menthol 100 MG/ML Topical Spray,SCD,V04CG03,L03AX14,,
617973,povidone-iodine 100 MG/ML Topical Spray,SCD,D08AG02|D09AA09|D11AC06|G01AX11|R02AA15,D08AG02,,
656680,ibuprofen 200 MG / pseudoisocytidine 30 MG Oral Tablet,SCD,M01AE01|M01AE14|M02AA13,M01AE01,,
705919,"estrogens, esterified (USP) 1.25 MG / methyltestosterone 2.5 MG Oral Tablet [Covaryx]",SBD,G03BA02,G03EA01,,
759761,300 ACTUAT epinephrine 0.16 MG/ACTUAT Metered Dose Inhaler [Medihaler-Epi],SBD,C01CA24|S01EA01,R03AA01,,
892833,benzocaine 50 MG/ML Topical Cream [Orabase],SBD,C05AD03|D04AB04|R02AD01,D04AB04,,
748867,{6 (ethinyl estradiol 0.03 MG / levonorgestrel 0.05 MG Oral Tablet) / 10 (ethinyl estradiol 0.03 MG / levonorgestrel 0.125 MG Oral Tablet) / 5 (ethinyl estradiol 0.04 MG / levonorgestrel 0.075 MG Oral Tablet) } Pack [Triphasil 21 Day],BPCK,G03AC03|G03CA01,G03AB03,,
311679,metronidazole 0.0075 MG/MG Topical Gel,SCD,A01AB17|D06BX01|P01AB01,D06BX01,,
1088854,Diphenhydramine Hydrochloride 25 MG / Phenylephrine Hydrochloride 10 MG Oral Tablet [Sudafed PE Nighttime Decongestant],SBD,D04AA32|R01AA04|R06AA02|S01FB01|S01XA20,R01BA03|R06AA02,,
1987647,lidocaine hydrochloride 40 MG/ML Topical Solution,SCD,D04AB01|N01BB02|R02AD02,D04AB01,,
2049223,acetaminophen 325 MG / guaifenesin 200 MG / phenylephrine hydrochloride 5 MG Oral Capsule,SCD,N02BE01|R05CA03,R05CA03,,
205173,salicylic acid 18 MG/ML Medicated Shampoo,SCD,D01AE12|N02BA04,D11AC30,,
899127,hydrocodone bitartrate 1.2 MG/ML / phenylephrine hydrochloride 1 MG/ML / pyrilamine maleate 2.4 MG/ML Oral Solution [Tussplex],SBD,R05DA03,R01BA03|R05DA03|R06AC01,,
966550,200 ACTUAT beclomethasone dipropionate 0.042 MG/ACTUAT Metered Dose Inhaler [Beclovent],SBD,D07AC15|R01AD01,R03BA01,,
993755,acetaminophen 24 MG/ML / codeine phosphate 2.4 MG/ML Oral Solution,SCD,N02BE01|R05DA04,N02AJ06,,
1088805,24 HR calcium carbonate 200 MG / folic acid 1 MG / pyridoxine 75 MG / vitamin B12 0.012 MG Extended Release Oral Tablet [FoliNatal Plus B],SBD,A11HA02|B03BA01|B03BB01,A11JB,,
2055291,salicylic acid 29 MG/ML Medicated Shampoo,SCD,D01AE12|N02BA04,D02AF,,
993804,{24 (drospirenone 3 MG / ethinyl estradiol 0.02 MG Oral Tablet) / 4 (inert ingredients 1 MG Oral Tablet) } Pack [Gianvi 28-Day],BPCK,G03AA12|G03AC10,G03AA12,,
311683,100 ML metronidazole 5 MG/ML Injection,SCD,A01AB17|D06BX01|P01AB01,P01AB01,,
317152,salicylic acid 20 MG/ML Topical Cream,SCD,D01AE12|N02BA04,D02AF,,
756337,potassium chloride 4 MEQ/ML Oral Solution,SCD,A12BA01|B05XA01,A12BA01,,
750184,bacitracin 0.4 UNT/MG / neomycin 0.0035 MG/MG / polymyxin B 10 UNT/MG Ophthalmic Ointment [Neocidin Ointment],SBD,A07AA01|D06AX04|S01AA03,S01AA03|S01AA18|S01AA32,,
864681,atovaquone 62.5 MG / proguanil hydrochloride 25 MG Oral Tablet,SCD,P01AX06|P01BB01|P01BB51,P01BB51,,
900470,aspirin 1 MG/MG Oral Powder,SCD,B01AC06|N02BA01|N02BA51,B01AC06|N02BA01,,
756260,belladonna alkaloids 0.026 MG/ML / phenobarbital 3.24 MG/ML Oral Solution,SCD,N03AA02,A03CB02,IMPROVED,A03CB02
753477,{21 (ethinyl estradiol 0.05 MG / norethindrone 1 MG Oral Tablet) / 7 (inert ingredients 1 MG Oral Tablet) } Pack [Ovcon 50 28 Day],BPCK,G03CA01|G03DC02,G03AA05,,
763597,folic acid 0.8 MG / vitamin B12 1 MG Disintegrating Oral Tablet,SCD,B03BA01|B03BB01,A11JA,,
763103,"poliovirus vaccine inactivated, type 1 (Mahoney) 80 UNT/ML / poliovirus vaccine inactivated, type 2 (MEF-1) 16 UNT/ML / poliovirus vaccine inactivated, type 3 (Saukett) 64 UNT/ML Injectable Suspension",SCD,J07CA01,J07BF03,,
308487,bacitracin 0.4 UNT/MG / hydrocortisone 0.01 MG/MG / neomycin 0.0035 MG/MG / polymyxin B 10 UNT/MG Ophthalmic Ointment,SCD,A01AC03|A07AA01|A07EA02|D06AX04|D07AA02|D07AB02|D07AB11|H02AB09|S01AA03|S01BA02,S01AA03|S01AA18|S01AA32|S01CB03,,
308491,bacitracin 0.4 UNT/MG / hydrocortisone 0.01 MG/MG / neomycin 0.005 MG/MG / polymyxin B 5 UNT/MG Ophthalmic Ointment,SCD,A01AC03|A07AA01|A07EA02|D06AX04|D07AA02|D07AB02|D07AB11|H02AB09|S01AA03|S01BA02,S01AA03|S01AA18|S01AA32|S01CB03,,
207053,nandrolone 100 MG/ML Injectable Solution [Anabolin LA],SBD,A14AB01|S01XA11,A14AB01,,
998499,miconazole nitrate 20 MG/ML Topical Cream [Fungoid],SBD,A01AB09|D01AC02|G01AF04,D01AC02,,
978030,ivermectin 5 MG/ML Topical Solution,SCD,D11AX22|P02CF01,D11AX22,,
994537,aspirin 770 MG / caffeine 60 MG / orphenadrine citrate 50 MG Oral Tablet [Norgesic],SBD,N06BC01,M03BC01,,
700387,30 ML eculizumab 10 MG/ML Injection [Soliris],SBD,L04AA25,L04AJ01,,
310905,hydrofluoric acid 2.8 MG/ML / sodium fluoride 10.9 MG/ML / stannous fluoride 4 MG/ML Oral Solution,SCD,A01AA04,A01AA01|A01AA04,,
1997444,ethanol 0.67 ML/ML Topical Solution,SCD,D08AX08|V03AB16|V03AZ01,D08AX08,,
644794,folic acid 2.5 MG / vitamin B12 2 MG / vitamin B6 25 MG Oral Tablet [Folbic],SBD,B03BA01|B03BB01,A11JA,,
656862,castor oil 0.706 MG/MG / Peruvian balsam 0.0963 MG/MG / trypsin 0.00018 MG/MG Topical Ointment,SCD,A06AB05,D03BA01,,
669214,benzocaine 0.2 MG/MG Topical Ointment [BOIL-EASE],SBD,C05AD03|D04AB04|R02AD01,D04AB04,,
748798,{24 (drospirenone 3 MG / ethinyl estradiol 0.02 MG Oral Tablet) / 4 (inert ingredients 1 MG Oral Tablet) } Pack,GPCK,G03AA12|G03AC10,G03AA12,,
686389,erythromycin ethylsuccinate 40 MG/ML / sulfisoxazole 120 MG/ML Oral Suspension [Eryzole],SBD,J01FA01,J01EB05|J01FA01,,
723778,salicylic acid 30 MG/ML Topical Solution [Scalpicin Scalp Relief],SBD,D01AE12|N02BA04,D01AE12,,
797892,salicylic acid 20 MG/ML Medicated Pad,SCD,D01AE12|N02BA04,D02AF,BOTH_WRONG,D02AF
903312,levothyroxine sodium 0.025 MG / liothyronine sodium 0.00625 MG Oral Tablet,SCD,H03AA01|H03AA02,H03AA02,,
308589,belladonna alkaloids 0.13 MG / phenobarbital 16.2 MG Oral Tablet,SCD,N03AA02,A03CB02,,
310116,epinephrine 0.1 MG/ML Injectable Solution,SCD,C01CA24|S01EA01,C01CA24,,
310862,hydrocortisone 5 MG/ML / iodoquinol 10 MG/ML Topical Cream,SCD,G01AC01,D07AA02|G01AC01,BOTH_WRONG,D07AA02|G01AC01
310971,idoxuridine 1 MG/ML Ophthalmic Solution,SCD,D06BB01,S01AD01,IMPROVED,S01AD01
311962,niacin 50 MG / pheniramine 12.5 MG Oral Tablet,SCD,C10AD02,C10AD02|R06AB05,,
1086720,diphenhydramine hydrochloride 2.5 MG/ML / phenylephrine hydrochloride 1 MG/ML Oral Solution,SCD,D04AA32|R01AA04|R06AA02|S01FB01|S01XA20,R01BA03|R06AA02,,
2003557,chlorhexidine gluconate 20 MG/ML / miconazole nitrate 20 MG/ML Topical Spray [MiconaHex+Triz],SBD,A01AB03|A01AB09|D01AC02|D08AC02|G01AF04|R02AA05,D01AC02|D08AC02,,
205596,dexamethasone acetate 8 MG/ML Injectable Suspension [Decadron-LA],SBD,H02AB02|S01BA01,H02AB02,,
318218,sulfadiazine 33.4 MG/ML / sulfamerazine 33.4 MG/ML / sulfamethazine 33.4 MG/ML Oral Suspension,SCD,J01EB03|J01EC02,J01EB03|J01EC02|J01ED07,,
800954,alanine 1.54 MG/ML / arginine 1.2 MG/ML / cysteine 0.04 MG/ML / histidine 0.48 MG/ML / isoleucine 1.8 MG/ML / leucine 2.2 MG/ML / lysine 1.22 MG/ML / methionine 0.2 MG/ML / phenylalanine 0.2 MG/ML / phosphoric acid 0.23 MG/ML / proline 1.6 MG/ML / serine 1 MG/ML / threonine 0.9 MG/ML / tryptophan 0.13 MG/ML / valine 1.68 MG/ML Injectable Solution [Hepatasol 8],SBD,B05XB03|N06AX02|V03AB26,B05BA01,,
310118,epinephrine 5 MG/ML Injectable Solution,SCD,C01CA24|S01EA01,C01CA24,,
750265,{21 (ethinyl estradiol 0.03 MG / norgestrel 0.3 MG Oral Tablet) / 7 (inert ingredients 1 MG Oral Tablet) } Pack [Cryselle 28],BPCK,G03CA01,G03AA06,,
198845,salicylic acid 50 MG/ML Topical Solution,SCD,D01AE12|N02BA04,D01AE12,,
1989506,dolutegravir 50 MG / rilpivirine 25 MG Oral Tablet [Juluca],SBD,J05AG05|J05AX12,J05AR21,,
2045339,lidocaine 50 MG/ML Topical Spray,SCD,D04AB01|N01BB02|R02AD02,D04AB01,,
994498,ivermectin 5 MG/ML Topical Solution [Ivermax],SBD,D11AX22|P02CF01,D11AX22,,
313819,ampicillin 250 MG/ML Injectable Solution,SCD,J01CA01|J01CA18,J01CA01,IMPROVED,J01CA01
349148,erythromycin 0.005 MG/MG Topical Ointment,SCD,J01FA01,D10AF02,,
360349,benzocaine 200 MG/ML Topical Spray,SCD,C05AD03|D04AB04|R02AD01,N01BA05,,
824889,prednisolone 4 MG/ML Oral Solution [Veripred],SBD,A07EA01|H02AB06|S01BA04|S03BA02,H02AB06,,
831430,alanine 4.9 MG/ML / arginine 8.61 MG/ML / aspartate 3.7 MG/ML / glutamate 5.76 MG/ML / glycine 2.7 MG/ML / histidine 2.2 MG/ML / isoleucine 5.34 MG/ML / leucine 8.31 MG/ML / lysine 4.75 MG/ML / methionine 1.25 MG/ML / phenylalanine 3 MG/ML / proline 5.7 MG/ML / serine 3.47 MG/ML / taurine 0.5 MG/ML / threonine 3.6 MG/ML / tryptophan 1.25 MG/ML / tyrosine 0.44 MG/ML / valine 4.52 MG/ML Injectable Solution [Aminosyn-PF 7%],SBD,B05CX03|B05XB03|N06AX02|V03AB26,B05BA01,,
847785,"alanine 4.48 MG/ML / arginine 3.43 MG/ML / glycine 4.48 MG/ML / histidine 1.05 MG/ML / isoleucine 2.52 MG/ML / leucine 3.29 MG/ML / lysine 2.52 MG/ML / magnesium acetate 0.003 MEQ/ML / methionine 1.4 MG/ML / phenylalanine 1.54 MG/ML / phosphoric acid 0.4 MG/ML / potassium acetate 0.01 MEQ/ML / proline 3 MG/ML / serine 1.47 MG/ML / sodium chloride 0.04 MEQ/ML / threonine 1.82 MG/ML / tryptophan 0.56 MG/ML / tyrosine 0.31 MG/ML / valine 2.8 MG/ML Injectable Solution [Aminosyn 3.5 % M, Sulfite Free]",SBD,B05CX03|B05XA17|B05XB03|N06AX02|V03AB26,B05BA01,,
848214,Augmented betamethasone 0.0005 MG/MG Topical Gel [Diprolene],SBD,D07AC01|H02AB01|S01BA06|S03BA03,D07AC01,,
856999,acetaminophen 325 MG / hydrocodone bitartrate 10 MG Oral Tablet,SCD,N02BE01|R05DA03,N02AJ22,,
857121,aspirin 500 MG / hydrocodone bitartrate 5 MG Oral Tablet,SCD,R05DA03,N02AJ,,
2099700,1 ML dexamethasone phosphate 10 MG/ML Prefilled Syringe,SCD,H02AB02|S01BA01,H02AB02,,
2121948,miconazole nitrate 20 MG/ML Topical Cream [Conazol Miconazole],SBD,A01AB09|D01AC02|G01AF04,D01AC02,,
213970,"belladonna extract, USP 16.2 MG / opium 30 MG Rectal Suppository [B & O Supprettes 15-A]",SBD,A07DA02,A07DA02|N02AA02,,
1099310,pseudoephedrine hydrochloride 6 MG/ML / triprolidine hydrochloride 0.25 MG/ML Oral Solution [A-Phedrin],SBD,R01BA02|R01BA52|R06AX07,R01BA02|R06AX07,,
1099606,pseudoephedrine hydrochloride 60 MG / triprolidine hydrochloride 2.5 MG Oral Tablet [Sudafed Sinus Nighttime],SBD,R01BA02|R01BA52|R06AX07,R01BA02|R06AX07,,
1101738,carbetapentane citrate 6 MG/ML / guaifenesin 40 MG/ML / phenylephrine hydrochloride 1.6 MG/ML Oral Solution,SCD,R05CA03|R05DB05,R01BA03|R05CA03|R05DB05,,
1111013,benzalkonium chloride 0.001 MG/MG Vaginal Gel,SCD,D08AJ01|D08AJ08|R02AA16,D08AJ01,,
1111841,povidone-iodine 5 MG/ML Topical Solution,SCD,D08AG02|D09AA09|D11AC06|G01AX11|R02AA15,D08AG02,,
1145114,azelaic acid 5 MG / cupric oxide 1.5 MG / folic acid 0.5 MG / niacinamide 600 MG / pyridoxine 5 MG / zinc oxide 10 MG Oral Tablet [NicAzel],SBD,A11HA01|A11HA02|B03BB01,A11JC,,
213320,ciprofloxacin 2 MG/ML / hydrocortisone 10 MG/ML Otic Suspension [Cipro HC],SBD,A01AC03|A07EA02|D07AA02|D07AB02|D07AB11|H02AB09|J01MA02|S01BA02,S02CA03,,
1149629,1000 ML sodium chloride 72 MG/ML Injection,SCD,A12CA01|B05BB01|B05CB01|B05XA03|S01XA03,B05BB01,,
1189678,alanine 11.4 MG/ML / arginine 5.7 MG/ML / dibasic potassium phosphate 5.22 MG/ML / glucose 100 MG/ML / glycine 11.4 MG/ML / histidine 2.41 MG/ML / isoleucine 2.63 MG/ML / leucine 3.4 MG/ML / lysine 3.18 MG/ML / magnesium chloride 0.02 MEQ/ML / sodium chloride 0.04 MEQ/ML / threonine 2.3 MG/ML / tryptophan 0.99 MG/ML / tyrosine 0.22 MG/ML / valine 2.52 MG/ML Injectable Solution [Travasol 5.5 % in Dextrose],SBD,B05CX03|B05XB03|N06AX02,B05BA01,,
1189611,"alanine 11 MG/ML / arginine 8.5 MG/ML / glycine 11 MG/ML / histidine 2.6 MG/ML / isoleucine 6.2 MG/ML / leucine 8.1 MG/ML / lysine 6.24 MG/ML / magnesium chloride 0.00502 MEQ/ML / methionine 3.4 MG/ML / phenylalanine 3.8 MG/ML / potassium chloride 0.0654 MEQ/ML / proline 7.5 MG/ML / serine 3.7 MG/ML / sodium chloride 0.00479 MEQ/ML / sodium phosphate 0.0299 MEQ/ML / threonine 4.6 MG/ML / tryptophan 1.5 MG/ML / tyrosine 0.44 MG/ML / valine 6.8 MG/ML Injectable Solution [Aminosyn 8.5 % with Electrolytes, Sulfite-Free]",SBD,B05CX03|B05XB03|N06AX02|V03AB26,B05BA01,,
616805,ethanol 0.7 ML/ML Topical Foam,SCD,D08AX08|V03AB16|V03AZ01,D08AX08,,
858788,chlorpheniramine maleate 0.4 MG/ML / hydrocodone bitartrate 0.5 MG/ML / phenylephrine hydrochloride 1 MG/ML Oral Solution [Hi-Tuss HC],SBD,R05DA03|R06AB04,R01BA03|R05DA03|R06AB04,,
859376,guaifenesin 40 MG/ML / hydrocodone bitartrate 0.5 MG/ML / phenylephrine hydrochloride 1.5 MG/ML Oral Solution [Nazarin HC],SBD,R05CA03|R05DA03,R01BA03|R05CA03|R05DA03,,
860592,guaifenesin 60 MG/ML / hydrocodone bitartrate 1 MG/ML / phenylephrine hydrochloride 2 MG/ML Oral Solution,SCD,R05CA03|R05DA03,R01BA03|R05CA03|R05DA03,,
1000664,pilocarpine hydrochloride 100 MG/ML Ophthalmic Solution,SCD,N07AX01|S01EB01,S01EB01,,
1010774,lidocaine hydrochloride 20 MG/ML Topical Solution,SCD,D04AB01|N01BB02|R02AD02,D04AB01,,
1012304,chlorhexidine gluconate 4.5 MG/ML Topical Solution [Dairyland Brand Sprayable CHG Teat Dip],SBD,A01AB03|D08AC02|R02AA05,D08AC02,,
1012594,lidocaine hydrochloride 20 MG/ML Topical Spray [Regenecare],SBD,D04AB01|N01BB02|R02AD02,D04AB01,,
1012908,prednisolone acetate 0.005 MG/MG / sulfacetamide sodium 0.1 MG/MG Ophthalmic Ointment [Medasulf],SBD,A07EA01|D10AB02|H02AB06|S01BA04|S03BA02,S01AB04|S01CB02,,
1020365,benzalkonium chloride 1.3 MG/ML Topical Foam,SCD,D08AJ01|D08AJ08|R02AA16,D08AJ01,,
1037234,benzoic acid 9 MG / hyoscyamine sulfate 0.12 MG / methenamine 81.6 MG / methylene blue 10.8 MG / phenyl salicylate 36.2 MG Oral Tablet,SCD,A03BA03|G04BX12|J01XX05,J01XX05,,
1053269,salicylic acid 0.02 MG/MG Topical Gel [Clearskin Blemish],SBD,D01AE12|N02BA04,D02AF,,
1085985,triamcinolone acetonide 3 MG/ML Injectable Suspension,SCD,A01AC01|H02AB08|R01AD11,H02AB08,IMPROVED,H02AB08
1086000,triamcinolone acetonide 40 MG/ML Injectable Suspension [Acetocot],SBD,A01AC01|H02AB08|R01AD11,H02AB08,,
239207,netilmicin 100 MG/ML Injectable Solution,SCD,J01GB07|S01AA23,J01GB07,,
245663,zinc oxide 0.15 MG/MG Topical Ointment,SCD,C05AX04,D02AB,,
250511,sertaconazole 20 MG/ML Topical Cream,SCD,D01AC14|G01AF19,D01AC14,,
1664658,choline salicylate 15.3 MG/ML / diphenhydramine hydrochloride 0.877 MG/ML Oral Solution,SCD,D04AA32|N02BA03|R06AA02,N02BA03|R06AA02,,
207843,tobramycin 3 MG/ML Ophthalmic Solution [AK-Tob],SBD,J01GB01|S01AA12,S01AA12,,
1234456,salicylic acid 15 MG/ML Medicated Liquid Soap,SCD,D01AE12|N02BA04,D01AE12,,
578355,betaine 300 MG / iodine 60 MG / papain 7.5 MG / pepsin A 10 MG Oral Tablet,SCD,A09AA03|A16AA06|D08AG03,A09AA03|A09AB02,,
858782,chlorpheniramine maleate 0.4 MG/ML / hydrocodone bitartrate 0.5 MG/ML / phenylephrine hydrochloride 1 MG/ML Oral Solution [HIST-PLUS],SBD,R05DA03|R06AB04,R01BA03|R05DA03|R06AB04,,
1012233,hydrocortisone acetate 20 MG/ML / lidocaine hydrochloride 20 MG/ML Rectal Cream,SCD,A01AC03|A07EA02|D04AB01|D07AA02|D07AB02|D07AB11|H02AB09|N01BB02|R02AD02|S01BA02,C05AA01,,
1012312,hydrocortisone acetate 0.0055 MG/MG / lidocaine hydrochloride 0.028 MG/MG Rectal Gel [RectaGel],SBD,A01AC03|A07EA02|D04AB01|D07AA02|D07AB02|D07AB11|H02AB09|N01BB02|R02AD02|S01BA02,A07EA02|C05AA01|C05AD01,,
1037338,hydrocortisone sodium phosphate 50 MG/ML Injectable Solution,SCD,A01AC03|A07EA02|D07AA02|D07AB02|D07AB11|H02AB09|S01BA02,H02AB09,,
1049890,diphenhydramine hydrochloride 10 MG/ML Topical Cream [Benadryl],SBD,D04AA32|R06AA02,D04AA32,,
1052943,tetrahydrozoline hydrochloride 0.5 MG/ML Ophthalmic Solution,SCD,R01AA06|R01AB03|S01GA02,S01GA02,,
1657343,1 ML palivizumab 100 MG/ML Injection [Synagis],SBD,J06BB16,J06BD01,,
282751,capsaicin 0.25 MG/ML / menthol 100 MG/ML / methyl salicylate 250 MG/ML Topical Cream,SCD,N01BX04,M02AB01,,
284520,tacrolimus 0.001 MG/MG Topical Ointment [Protopic],SBD,D11AH01|L04AD02,D11AH01,,
1720616,{21 (ethinyl estradiol 0.02 MG / levonorgestrel 0.1 MG Oral Tablet) / 7 (inert ingredients 1 MG Oral Tablet) } Pack [Vienva 28 Day],BPCK,G03AC03|G03CA01,G03AA07,,
2184150,chlorpheniramine maleate 12 MG / methscopolamine nitrate 2 MG / phenylephrine hydrochloride 40 MG Extended Release Oral Tablet,SCD,R06AB04,A03BB03|R01BA03|R06AB04,,
198316,hydrochlorothiazide 25 MG / triamterene 37.5 MG Oral Capsule,SCD,C03AA03|C03DB02,C03EA01,,
205531,desonide 0.0005 MG/MG Topical Ointment [Tridesilon],SBD,D07AB08|S01BA11,D07AB08,,
995868,codeine phosphate 2 MG/ML / guaifenesin 20 MG/ML Oral Solution,SCD,R05CA03|R05DA04,R05FA02,,
351543,"estrogens, esterified (USP) 1.25 MG / methyltestosterone 2.5 MG Oral Tablet [Syntest]",SBD,G03BA02,G03EA01,,
855687,Emollient tretinoin 0.5 MG/ML Topical Cream [Refissa],SBD,D10AD01|L01XX14,D10AD01,,
208955,potassium chloride 1.33 MEQ/ML Oral Solution [Cena K],SBD,A12BA01|B05XA01,A12BA01,,
2109053,salicylic acid 2 MG/ML Medicated Shampoo,SCD,D01AE12|N02BA04,D11AC30,,
211233,calcium carbonate 280 MG / magnesium hydroxide 128 MG / simethicone 20 MG Chewable Tablet [Advanced Formula Di-Gel],SBD,A02AA04|A03AX13|A12AA04,A02AA04|A02AC01|A03AX13,,
211848,cysteine 3.5 MG/ML / inositol 8.3 MG/ML / methionine 8.3 MG/ML / sodium propionate 5 MG/ML / urea 83.4 MG/ML Vaginal Cream [Amino-Cerv],SBD,A11HA07|S01AX10|V03AB26,S01AX10,,
213500,hydrogen peroxide 0.015 MG/MG Oral Gel [Peroxyl],SBD,A01AB02|D08AX01,A01AB02,,
1090975,ascorbic acid 60 MG / beta carotene 5000 UNT / copper sulfate 2 MG / dl-alpha tocopheryl acetate 30 UNT / lutein 2 MG / sodium selenite 0.04 MG / zinc oxide 40 MG Oral Tablet [Macuvite with Lutein],SBD,A11GA01|A11HA03|V03AB20,A11JB,,
1098426,niacinamide 1 MG/ML / panthenol 2 MG/ML / zinc pyrithione 10 MG/ML Medicated Shampoo,SCD,A11HA01|D11AX12,D11AX12,,
1189645,alanine 3.2 MG/ML / arginine 7.3 MG/ML / aspartate 1.9 MG/ML / cysteine 0.2 MG/ML / glutamate 3 MG/ML / glycine 2.2 MG/ML / histidine 2.9 MG/ML / isoleucine 4.9 MG/ML / leucine 8.4 MG/ML / lysine 6.9 MG/ML / methionine 2 MG/ML / phenylalanine 2.9 MG/ML / proline 4.1 MG/ML / serine 2.3 MG/ML / sodium acetate 0.0544 MEQ/ML / sodium chloride 0.003 MEQ/ML / sodium metabisulfite 0.5 MG/ML / taurine 0.15 MG/ML / threonine 2.5 MG/ML / tryptophan 1.2 MG/ML / tyrosine 1.64 MG/ML / valine 4.7 MG/ML Injectable Solution [Trophamine 6 %],SBD,B05CX03|B05XA08|B05XB03|N06AX02|V03AB26,B05BA01,,
1190917,atropine sulfate 0.4 MG/ML / meperidine hydrochloride 50 MG/ML Injectable Solution,SCD,N02AB02,A03BA01|N02AB02,,
1094177,diphenhydramine hydrochloride 2.5 MG/ML Oral Solution [Bromanate AF],SBD,D04AA32|R06AA02,R06AA02,,
1087463,12 HR chlorpheniramine polistirex 1.6 MG/ML / hydrocodone polistirex 2 MG/ML Extended Release Suspension [Tussionex],SBD,R05DA03|R06AB04,R05DA03,,
2001750,capsaicin 0.000375 MG/MG / menthol 0.05 MG/MG / methyl salicylate 0.2 MG/MG Topical Ointment [Medrox],SBD,N01BX04,M02AC,,
2001748,capsaicin 0.000375 MG/MG / menthol 0.05 MG/MG / methyl salicylate 0.05 MG/MG Medicated Patch [Medrox],SBD,N01BX04,M02AB01,,
827318,acetaminophen 250 MG / aspirin 250 MG / caffeine 65 MG Oral Capsule,SCD,N02BE01|N06BC01,N02BE01,,
998533,miconazole nitrate 20 MG/ML Topical Spray,SCD,A01AB09|D01AC02|G01AF04,D01AC02,,
208192,benzocaine 0.2 MG/MG Topical Gel [Americaine],SBD,C05AD03|D04AB04|R02AD01,D04AB04,,
210037,aluminum hydroxide 40 MG/ML / magnesium hydroxide 40 MG/ML / simethicone 4 MG/ML Oral Suspension [Mintox Plus],SBD,A02AB01,A02AD01,,
2170427,benzocaine 65 MG/ML / menthol 1 MG/ML / zinc chloride 1.2 MG/ML Mucosal Spray,SCD,B05XA12,N01BA,,
1090992,ethinyl estradiol 0.005 MG / norethindrone acetate 1 MG Oral Tablet,SCD,G03CA01|G03DC02,G03AA05,,
1094427,Diphenhydramine Hydrochloride 2.5 MG/ML Oral Solution [Pediacare Nighttime Cough],SBD,D04AA32|R06AA02,R06AA02,IMPROVED,R06AA02
1101350,dimethicone 200 MG/ML / zinc oxide 250 MG/ML Topical Spray [Rash Relief with Zinc Oxide],SBD,P03AX05,D02AA,,
485560,benzocaine 50 MG/ML / zinc chloride 1 MG/ML Mucous Membrane Topical Solution,SCD,B05XA12,A01AD,,
543791,benzocaine 0.18 MG/MG / tetracaine 0.02 MG/MG Oral Gel,SCD,C05AD03|D04AB04|R02AD01,N01BA03|N01BA05,,
543801,benzocaine 0.2 MG/MG Oral Gel [Gingicaine],SBD,R02AD01,N01BA05,,
581662,ethanol 0.7 ML/ML Topical Gel,SCD,D08AX08|V03AB16|V03AZ01,D08AX08,,
603879,brompheniramine tannate 0.8 MG/ML / carbetapentane tannate 6 MG/ML / phenylephrine tannate 1.5 MG/ML Oral Suspension,SCD,R05DB05|R06AB01,R01BA03|R05DB05|R06AB01,,
858905,dexbrompheniramine maleate 0.2 MG/ML / hydrocodone bitartrate 0.5 MG/ML / phenylephrine hydrochloride 1 MG/ML Oral Solution [H C Tussive-NR],SBD,R05DA03|R06AB06,R01BA03|R05DA03|R06AB06,IMPROVED,R01BA03|R05DA03|R06AB06
1000355,"estrogens, conjugated (USP) 0.625 MG / medroxyprogesterone acetate 2.5 MG Oral Tablet",SCD,G03CA57,G03FA12,,
1005834,sulfacetamide sodium 100 MG/ML / sulfur 50 MG/ML Topical Cream,SCD,D10AB02,D10AF06,,
1013042,lidocaine hydrochloride 10 MG/ML Injectable Solution [Dilocaine],SBD,D04AB01|N01BB02|R02AD02,N01BB02,IMPROVED,N01BB02
242825,50 ML tobramycin 1.2 MG/ML Injection,SCD,J01GB01|S01AA12,J01GB01,,
1657068,4 ML bevacizumab 25 MG/ML Injection [Avastin],SBD,L01XC07|S01LA08,L01FG01,,
1726645,benzocaine 50 MG/ML Mucosal Spray [Broncovac Sore Throat],SBD,C05AD03|D04AB04|R02AD01,R02AD01,,
210137,salicylic acid 176 MG/ML Topical Solution [Mosco Corn & Callus Remover],SBD,D01AE12|N02BA04,D11AF,IMPROVED,D11AF
1039628,salicylic acid 10 MG/ML Medicated Liquid Soap [Noxzema Clean],SBD,D01AE12|N02BA04,D02AF,,
244127,fructose 100 MG/ML Injectable Solution,SCD,B05BA03|V06DC02,V06DC02,,
249066,prednisolone 5 MG/ML Oral Solution,SCD,A07EA01|H02AB06|S01BA04|S03BA02,H02AB06,,
1150492,salicylic acid 18 MG/ML Medicated Liquid Soap,SCD,D01AE12|N02BA04,D02AF,,
1191136,zinc oxide 50 MG/ML Rectal Cream,SCD,C05AX04,D02AB,,
859310,guaifenesin 24 MG/ML / hydrocodone bitartrate 0.5 MG/ML / phenylephrine hydrochloride 1.2 MG/ML Oral Solution,SCD,R05CA03|R05DA03,R01BA03|R05CA03|R05DA03,,
1000479,{1 (bisacodyl 5 MG Delayed Release Oral Tablet) / 1 (2000 ML) (polyethylene glycol 3350 210000 MG / potassium chloride 740 MG / sodium bicarbonate 2860 MG / sodium chloride 5600 MG Powder for Oral Solution) } Pack,GPCK,A06AB02,A06AB02|A06AD65,,
1012956,carbinoxamine maleate 1 MG/ML / pseudoephedrine hydrochloride 15 MG/ML Oral Solution,SCD,R01BA02|R06AA08,R01BA02,,
1039558,salicylic acid 0.02 MG/MG Topical Gel [Clearasil Acne Control],SBD,D01AE12|N02BA04,D02AF,,
1052946,Salicylic Acid 5 MG/ML Topical Solution [Proactiv Cleansing],SBD,D01AE12|N02BA04,D02AF,,
211634,aluminum hydroxide 200 MG / magnesium hydroxide 200 MG / simethicone 25 MG Chewable Tablet [Maalox Plus],SBD,A02AB01|A02AF01,A02AD01,,
1233687,fentanyl 0.004 MG/ML / ropivacaine hydrochloride 2 MG/ML Injectable Solution,SCD,N01BB09,N01AH01|N01BB09,,
1043205,capsaicin 0.0006 MG/MG Topical Gel [Hot Spot],SBD,N01BX04,M02AB01,,
1046378,acetaminophen 325 MG / phenylephrine hydrochloride 5 MG Oral Tablet,SCD,N02BE01,R01BA53,BOTH_WRONG,R01BA53
238006,"estrogens, esterified (USP) 0.625 MG / methyltestosterone 1.25 MG Oral Tablet",SCD,G03BA02,G03EA01,,
995958,castor oil 0.788 MG/MG / Peruvian balsam 0.087 MG/MG / trypsin 0.09 UNT/MG Topical Ointment [Revina],SBD,A06AB05,D03BA01,,
804617,cholecalciferol 1000 UNT / vitamin K2 0.09 MG Disintegrating Oral Tablet,SCD,A11CC05,A11JA,,
824983,salicylic acid 60 MG/ML Topical Foam [Salvax],SBD,D01AE12|N02BA04,D01AE12,,
847749,lopinavir 80 MG/ML / ritonavir 20 MG/ML Oral Solution [Kaletra],SBD,J05AE03,J05AR10,,
849756,benzyl alcohol 100 MG/ML Topical Solution [Zilactin-L Cold Sore Liquid],SBD,P03AX06,A01AD,,
1101858,chlorpheniramine maleate 8 MG / methscopolamine nitrate 2.5 MG Extended Release Oral Tablet,SCD,R06AB04,A03BB03|R06AB04,,
1117522,colistin 75 MG/ML Injectable Solution,SCD,A07AA10,J01XB01,,
1148636,histamine dihydrochloride 0.28 MG/ML / menthol 45.7 MG/ML Topical Cream [ActivOn Arthritis],SBD,V04CG03,L03AX14,,
1190542,0.7 ML atropine sulfate 2.86 MG/ML Auto-Injector,SCD,A03BA01|S01FA01,A03BA01,IMPROVED,A03BA01
209253,"estrogens, esterified (USP) 1.25 MG / methyltestosterone 2.5 MG Oral Tablet [Estratest]",SBD,G03BA02,G03EA01,,
210031,aluminum hydroxide 40 MG/ML / magnesium hydroxide 40 MG/ML / simethicone 4 MG/ML Oral Suspension [Maalox Plus],SBD,A02AB01,A02AD01,,
2117335,benzocaine 0.2 MG/MG / menthol 0.005 MG/MG / zinc chloride 0.0015 MG/MG Oral Gel,SCD,B05XA12,R02AD01,,
542772,guaifenesin 835 MG / phenylephrine hydrochloride 25 MG Extended Release Oral Tablet,SCD,R05CA03,R01BA03|R05CA03,,
617296,amoxicillin 500 MG / clavulanate 125 MG Oral Tablet,SCD,J01CA04,J01CR02,,
857631,terbutaline 0.2 MG/ACTUAT Metered Dose Inhaler [Brethaire],SBD,R03CC03,R03AC03,,
1005845,sulfacetamide sodium 100 MG/ML / sulfur 50 MG/ML Topical Cream [Prascion],SBD,D10AB02,D10AB02|D10AF06,,
1049400,dexamethasone sodium phosphate 4 MG/ML Injectable Solution,SCD,H02AB02|S01BA01,H02AB02,,
1235569,polyvinyl alcohol 0.005 ML/ML / povidone 6 MG/ML / tetrahydrozoline hydrochloride 0.5 MG/ML Ophthalmic Solution,SCD,R01AA06|R01AB03|S01GA02,S01GA02,,
2118732,acetaminophen 325 MG / benzhydrocodone 8.16 MG Oral Tablet,SCD,N02BE01,N02AJ22,,
1006110,sulfacetamide sodium 100 MG/ML Medicated Liquid Soap [Ovace],SBD,D10AB02,D10AF06,IMPROVED,D10AF06
1794902,250 ML glucose 50 MG/ML / sodium chloride 2.25 MG/ML Injection,SCD,A12CA01|B05BA03|B05BB01|B05CB01|B05XA03|S01XA03|V06DC01,B05BB01,,
1797853,cromolyn sodium 5.2 MG/ACTUAT Metered Dose Nasal Spray [Nasalcrom],SBD,A07EB01|S01GX01,R01AC01,,
1863607,500 ML glucose 50 MG/ML / potassium chloride 0.02 MEQ/ML / sodium chloride 4.5 MG/ML Injection,SCD,A12CA01|B05BA03|B05BB01|B05CB01|B05XA03|S01XA03|V06DC01,B05BB01,,
1863975,500 ML glucose 50 MG/ML / potassium chloride 0.02 MEQ/ML / sodium chloride 2.25 MG/ML Injection,SCD,A12CA01|B05BA03|B05BB01|B05CB01|B05XA03|S01XA03|V06DC01,B05BB01,,
1866223,glycerin 144 MG/ML / lidocaine 50 MG/ML Rectal Cream [Preparation H Rapid Relief],SBD,A06AX01|D04AB01|N01BB02|R02AD02,A06AX01,,
1867943,30 ML epinephrine 0.005 MG/ML / lidocaine hydrochloride 10 MG/ML Injection,SCD,C01CA24|D04AB01|N01BB02|R02AD02|S01EA01,N01BB02,,
1235779,salicylic acid 20 MG/ML Topical Cream [Psoracare],SBD,D01AE12|N02BA04,D02AF,,
1243802,acetaminophen 650 MG / guaifenesin 400 MG / phenylephrine hydrochloride 10 MG Oral Tablet,SCD,N02BE01|R05CA03,N02BE01|R01BA03|R05CA03,,
1250170,0.2 ML lidocaine hydrochloride 10 MG/ML Prefilled Syringe,SCD,D04AB01|N01BB02|R02AD02,N01BB02,,
1291158,benzocaine 5 MG / cetylpyridinium chloride 1 MG Oral Lozenge,SCD,C05AD03|D04AB04|R02AD01,R02AA06|R02AD01,,
1294356,bromodiphenhydramine hydrochloride 2.5 MG/ML / codeine phosphate 2 MG/ML Oral Solution,SCD,R05DA04|R06AA01,R05DA04,,
1305281,alpha tocopherol 30 UNT / ascorbic acid 28 MG / cholecalciferol 800 UNT / docosahexaenoic acid 310 MG / docusate sodium 55 MG / ferrous fumarate 27 MG / folic acid 1.25 MG / pyridoxine hydrochloride 25 MG / tricalcium phosphate 160 MG Oral Capsule [Prenexa Premier],SBD,A11CC05|A11GA01|A11HA02|B03BB01,A06AA02|A11CC05|A11GA01|A11HA02|B03AA02|B03BB01,,
1358746,methylprednisolone acetate 10 MG/ML / neomycin 3.5 MG/ML Topical Cream,SCD,A07AA01|D06AX04|H02AB04|S01AA03,D07CA02,IMPROVED,D07CA02
1363794,phenylephrine tannate 2.5 MG/ML / pyrilamine tannate 6 MG/ML Oral Suspension [V-Tann Suspension],SBD,R01AA04|S01FB01|S01XA20,R01BA03|R06AC01,,
1366652,neomycin 140 MG/ML Oral Solution [Neovet],SBD,A07AA01|D06AX04|S01AA03,A07AA01,,
1367380,miconazole nitrate 20 MG/ML Topical Solution [Nail MD],SBD,A01AB09|D01AC02|G01AF04,D01AC02,,
1370756,hydrocortisone valerate 2 MG/ML Topical Cream [Westcort],SBD,A01AC03|A07EA02|D07AA02|D07AB02|D07AB11|H02AB09|S01BA02,D07AA02,,
1421168,salicylic acid 20 MG/ML Medicated Liquid Soap [Skinmedica Purifying Foaming Wash],SBD,D01AE12|N02BA04,D01AE12,,
1422076,benzalkonium chloride 4 MG/ML / chlorhexidine gluconate 5 MG/ML / N-alkyl ethylbenzyl dimethyl ammonium chloride (C12-C14) 4 MG/ML Topical Solution [Hex-O-Prep],SBD,A01AB03|D08AC02|D08AJ01|D08AJ08|R02AA05|R02AA16,D08AC02|D08AJ01,,
197786,hydrocortisone 25 MG/ML Topical Solution,SCD,A01AC03|A07EA02|D07AA02|D07AB02|D07AB11|H02AB09|S01BA02,D07AA02,IMPROVED,D07AA02
1430522,12 HR brompheniramine maleate 6 MG / pseudoephedrine hydrochloride 45 MG Extended Release Oral Tablet,SCD,R01BA02|R06AB01,R01BA02,,
1432125,clindamycin 25 MG/ML Oral Solution [Zydaclin],SBD,D10AF01|J01FF01,J01FF01,,
1435262,benzocaine 50 MG/ML / camphor 30 MG/ML / phenol 13.5 MG/ML Topical Solution [StingEze w/ Camphor],SBD,C05AD03|D04AB04|D08AE03|R02AD01,C05AD03|D04AB04|D08AE03,,
1438760,diphenhydramine hydrochloride 1.67 MG/ML Oral Solution [ZZZTime],SBD,D04AA32|R06AA02,R06AA02,,
1441553,aluminum hydroxide 0.00275 MG/MG Topical Ointment [Derma Gran],SBD,A02AB01,D02AX,,
1483218,hydrocortisone 10 MG/ML Topical Spray [Dermacool HC],SBD,A01AC03|A07EA02|D07AA02|D07AB02|D07AB11|H02AB09|S01BA02,D07AA02,,
1485182,chlorhexidine gluconate 3 MG/ML / ketoconazole 3 MG/ML Topical Solution,SCD,A01AB03|D01AC08|D08AC02|J02AB02|R02AA05,D01AC08|D08AC02,,
1534809,168 HR ethinyl estradiol 0.00146 MG/HR / norelgestromin 0.00625 MG/HR Transdermal System,SCD,G03CA01,G03AA13,,
1538130,{21 (ethinyl estradiol 0.02 MG / levonorgestrel 0.1 MG Oral Tablet) / 7 (inert ingredients 1 MG Oral Tablet) } Pack [Delyla 28 Day],BPCK,G03AC03|G03CA01,G03AA07,,
1540241,benzoyl peroxide 0.05 MG/MG / clindamycin phosphate 0.012 MG/MG Topical Gel,SCD,D10AE01,D10AF51,,
1547773,tetracaine hydrochloride 5 MG/ML Ophthalmic Solution [Altacaine],SBD,C05AD02|D04AB06|N01BA03|S01HA03,S01HA03,,
1549223,lidocaine 10 MG/ML Topical Spray,SCD,D04AB01|N01BB02|R02AD02,D04AB01,,
1608065,diphenhydramine hydrochloride 25 MG / phenylephrine hydrochloride 10 MG Oral Tablet [Wal-Dryl PE],SBD,D04AA32|R01AA04|R06AA02|S01FB01|S01XA20,R01BA03|R06AA02,,
1649002,salicylic acid 170 MG/ML Topical Cream,SCD,D01AE12|N02BA04,D02AF,,
1797910,beclomethasone dipropionate 0.042 MG/ACTUAT Metered Dose Nasal Spray,SCD,D07AC15|R01AD01,R01AD01,IMPROVED,R01AD01
1797912,beclomethasone dipropionate 0.042 MG/ACTUAT Metered Dose Nasal Spray [Vancenase],SBD,D07AC15|R01AD01,R01AD01,,
1811632,aspirin 325 MG / omeprazole 40 MG Delayed Release Oral Tablet,SCD,A02BC01,A02BC01|B01AC06,,
1872886,lidocaine hydrochloride 40 MG/ML Medicated Pad,SCD,D04AB01|N01BB02|R02AD02,D04AB01,IMPROVED,D04AB01
1244233,methohexital sodium 50 MG/ML Injectable Solution,SCD,N01AF01|N05CA15,N01AF01,,
1249715,diphenhydramine hydrochloride 0.5 MG/ML Injectable Solution,SCD,D04AA32|R06AA02,R06AA02,,
1294199,Diphenhydramine Hydrochloride 12.5 MG / Phenylephrine Hydrochloride 5 MG Oral Strip [Triaminic Night Time Cold & Cough],SBD,D04AA32|R01AA04|R06AA02|S01FB01|S01XA20,R01BA03|R06AA02,,
1294367,diphenhydramine tannate 5 MG/ML Extended Release Suspension,SCD,D04AA32|R06AA02,R06AA02,IMPROVED,R06AA02
1299669,300 ACTUAT isoproterenol hydrochloride 0.16 MG/ACTUAT / phenylephrine bitartrate 0.24 MG/ACTUAT Metered Dose Inhaler [Duo-Medihaler],SBD,R01AA04|S01FB01|S01XA20,R03AB02,,
1300719,salicylic acid 20 MG/ML Topical Cream [Clarifoam Pure],SBD,D01AE12|N02BA04,D02AF,,
1363776,phenylephrine tannate 2 MG/ML Extended Release Suspension [Ah-Chew D Suspension],SBD,R01AA04|S01FB01|S01XA20,R01BA03,,
1376075,benzethonium chloride 1.3 MG/ML Topical Spray [Simply Saline Wound Wash],SBD,D08AJ08|R02AA09,D08AJ08,,
1423292,allantoin 0.45 MG/ML / benzalkonium chloride 1.3 MG/ML Topical Spray [Fungisan],SBD,D08AJ01|D08AJ08|R02AA16,D08AJ01,,
1426841,benzalkonium chloride 1.3 MG/ML Topical Foam [Handclens],SBD,D08AJ01|D08AJ08|R02AA16,D08AJ01,,
198097,guaifenesin 20 MG/ML / phenylephrine hydrochloride 1 MG/ML / phenylpropanolamine hydrochloride 4 MG/ML Oral Solution,SCD,R01BA01|R05CA03,R01BA01|R01BA03|R05CA03,,
1489307,ethanol 0.7 ML/ML Medicated Pad,SCD,D08AX08|V03AB16|V03AZ01,D08AX08,,
1537437,ethanol 0.601 ML/ML Topical Lotion,SCD,D08AX08|V03AB16|V03AZ01,D08AX08,,
1547450,calcium acetate 22 MG/ML / magnesium acetate 43 MG/ML / potassium acetate 34.5 MG/ML / potassium chloride 125 MG/ML / sodium acetate 135 MG/ML / sodium gluconate 55 MG/ML Injectable Solution [Nutrilyte],SBD,B05XA08|B05XA17|V03AE07,B05BB01,,
1592802,ivermectin 0.0187 MG/MG Oral Paste [Vetrimec],SBD,D11AX22|P02CF01,P02CF01,,
1595453,{24 (ethinyl estradiol 0.02 MG / norethindrone acetate 1 MG Oral Tablet) / 4 (ferrous fumarate 75 MG Oral Tablet) } Pack [Gildess 24 Fe 28 Day],BPCK,G03AA05,B03AA02|G03AA05,,
1737571,10 ML lidocaine hydrochloride 10 MG/ML Injection [Xylocaine],SBD,N01BB02,C01BB01,IMPROVED,C01BB01
1741538,dextran 70 1 MG/ML / polyethylene glycol 400 10 MG/ML / povidone 10 MG/ML / tetrahydrozoline hydrochloride 0.5 MG/ML Ophthalmic Solution [Optimis7],SBD,B05AA05,S01GA02|S01XA20,,
1944656,{24 (ethinyl estradiol 0.02 MG / norethindrone acetate 1 MG Chewable Tablet) / 4 (ferrous fumarate 75 MG Oral Tablet) } Pack [Melodetta 24 Fe Chewable 28 Day],BPCK,B03AA02|G03CA01|G03DC02,B03AA02|G03AA05,,
1242520,allantoin 0.005 MG/MG / benzethonium chloride 0.005 MG/MG Topical Ointment,SCD,R02AA09,D08AJ08,,
1244630,12 HR chlorpheniramine maleate 8 MG / methscopolamine nitrate 2.5 MG / pseudoephedrine hydrochloride 90 MG Extended Release Oral Tablet,SCD,R01BA02|R06AB04,A03BB03|R01BA02|R06AB04,,
1247883,docusate sodium 75 MG / phenolphthalein 65 MG Oral Tablet,SCD,A06AB04,A06AA02|A06AB04,,
1293943,chloroxylenol 1 MG/ML / hydrocortisone 10 MG/ML / pramoxine hydrochloride 10 MG/ML Topical Lotion [Cortane-B],SBD,D08AE05,S02CA03,,
1294559,diphenhydramine hydrochloride 25 MG / pseudoephedrine hydrochloride 60 MG Oral Tablet [Benadryl Allergy Sinus],SBD,R01BA02,R01BA02|R06AA02,,
1313818,mineral oil 0.14 MG/MG / petrolatum 0.719 MG/MG / phenylephrine hydrochloride 0.0025 MG/MG Rectal Ointment,SCD,A06AA01,C05AX06,,
141998,ibuprofen 50 MG/ML Topical Cream,SCD,M01AE01|M01AE14|M02AA13,M02AA13,,
1424281,vitamin E 400 UNT/ML Topical Oil,SCD,A11HA03,D02AX,,
1544968,mineral oil 0.14 MG/MG / petrolatum 0.719 MG/MG / phenylephrine hydrochloride 0.0025 MG/MG / shark liver oil 0.03 MG/MG Rectal Ointment,SCD,A06AA01,C05AX06,,
1547234,sodium bicarbonate 50 MG/ML Topical Solution,SCD,B05CB04|B05XA02,A02AH,,
1791403,250 ML mannitol 200 MG/ML Injection,SCD,A06AD16,B05BC01,,
1797876,azelastine hydrochloride 0.137 MG/ACTUAT Metered Dose Nasal Spray [Astelin],SBD,S01GX07,R01AC03,,
1244562,12 HR methscopolamine nitrate 2.5 MG / pseudoephedrine hydrochloride 120 MG Extended Release Oral Tablet,SCD,R01BA02,A03BB03|R01BA02,,
1292020,benzethonium chloride 0.002 MG/MG / lidocaine hydrochloride 0.025 MG/MG Topical Gel [Tecnu First Aid],SBD,R02AA09,D04AB01|D08AJ08,,
1294380,diphenhydramine tannate 5 MG/ML / hydrocodone tannate 0.7 MG/ML / phenylephrine tannate 1.5 MG/ML Extended Release Suspension,SCD,R05DA03,R01BA03|R05DA03|R06AA02,,
1539752,chlorhexidine gluconate 30 MG/ML Topical Spray [Douxo Chlorhexidine],SBD,A01AB03|D08AC02|R02AA05,D08AC02,,
1369420,chlophedianol hydrochloride 2.5 MG/ML / pseudoephedrine hydrochloride 6 MG/ML Oral Solution,SCD,R01BA02|R05DB10,R05DB10,,
1541816,benzocaine 0.2 MG/MG Oral Gel [Bencocaine],SBD,R02AD01,N01BA05,,
1922518,trastuzumab 21 MG/ML Injectable Solution [Herceptin],SBD,L01XC03,L01FD01,,
686893,glucose 100 MG/ML / sodium chloride 0.0513 MEQ/ML Injectable Solution,SCD,A12CA01|B05BA03|B05BB01|B05CB01|B05XA03|S01XA03|V06DC01,B05BB02,,
707793,hydrocortisone 10 MG/ML Topical Cream [Gynecort],SBD,A01AC03|A07EA02|D07AA02|D07AB02|D07AB11|H02AB09|S01BA02,D07AA02,,
701882,carboxymethylcellulose sodium 0.0025 MG/MG / hypromellose 0.003 MG/MG Ophthalmic Gel,SCD,S01KA02,S01XA20,,
763531,{1 (15 ML) (ketoconazole 0.02 MG/MG Topical Gel [Xolegel]) / 1 (120 ML) (zinc pyrithione 10 MG/ML Medicated Shampoo [Xolex]) } Pack [Xolegel Duo],BPCK,D11AX12,D01AC08|D11AX12,,
686890,glucose 100 MG/ML / sodium chloride 0.0188 MEQ/ML Injectable Solution,SCD,A12CA01|B05BA03|B05BB01|B05CB01|B05XA03|S01XA03|V06DC01,B05BB02,,
797730,povidone-iodine 100 MG/ML Medicated Pad,SCD,D08AG02|D09AA09|D11AC06|G01AX11|R02AA15,D08AG02,,
884207,chlorthalidone 15 MG / clonidine hydrochloride 0.3 MG Oral Tablet [Clorpres],SBD,C03BA04,C02AC01|C03BA04,,
748594,chlorpheniramine maleate 0.4 MG/ML / methscopolamine nitrate 0.15 MG/ML / phenylephrine hydrochloride 1.6 MG/ML Oral Solution,SCD,R06AB04,A03BB03|R01BA03|R06AB04,,
800106,alanine 4.22 MG/ML / arginine 4.32 MG/ML / aspartate 2.98 MG/ML / glucose 200 MG/ML / glutamate 3.14 MG/ML / glycine 2.12 MG/ML / histidine 1.28 MG/ML / isoleucine 2.8 MG/ML / leucine 4.25 MG/ML / lysine 4.46 MG/ML / methionine 0.73 MG/ML / phenylalanine 1.26 MG/ML / proline 3.07 MG/ML / serine 2.25 MG/ML / threonine 1.7 MG/ML / tryptophan 0.85 MG/ML / tyrosine 1.15 MG/ML / valine 2.12 MG/ML Injectable Solution,SCD,B05CX03|B05XB03|N06AX02|V03AB26,B05BA01,,
863995,tetrahydrozoline hydrochloride 0.5 MG/ML Ophthalmic Solution [Clarine],SBD,R01AA06|R01AB03|S01GA02,S01GA02,,
978070,acetic acid 0.00921 MG/MG / glycerin 0.05 MG/MG / oxyquinoline 0.00025 MG/MG / ricinoleic acid 0.007 MG/MG Vaginal Gel,SCD,A06AX01|G01AD02|S02AA10,G01AD02,,
309290,ciclopirox 7.7 MG/ML Topical Lotion,SCD,D01AE14|G01AX12,D01AE14,IMPROVED,D01AE14
1090482,guaifenesin 200 MG / pseudoephedrine hydrochloride 30 MG Oral Capsule,SCD,R01BA02|R05CA03,R05CA03,,
198412,500 ML tromethamine 36 MG/ML Injection,SCD,B05BB03|B05XX02,B05BB03,,
1986870,capsaicin 0.25 MG/ML / histamine dihydrochloride 0.75 MG/ML Topical Cream,SCD,N01BX04|V04CG03,M02AB01,,
359221,acetaminophen 110 MG / aspirin 162 MG / caffeine 32.4 MG / salicylamide 152 MG Oral Tablet,SCD,N02BA05|N02BE01|N06BC01,N02BE01,,
802748,calcium ascorbate 60 MG / calcium threonate 0.8 MG / ferrous asparto glycinate 50 MG / ferrous fumarate 101 MG / folic acid 1 MG / succinic acid 50 MG / vitamin B12 0.01 MG Oral Tablet [Multigen Plus],SBD,B03BA01|B03BB01,B03AE,,
829546,benzocaine 60 MG/ML Topical Spray,SCD,C05AD03|D04AB04|R02AD01,D04AB04,,
877425,ubidecarenone 200 MG / vitamin E 20 UNT Oral Capsule,SCD,A11HA03,A11HA03|C01EB09,,
800474,calcium chloride 0.000996 MEQ/ML / glucose 0.6 MG/ML / magnesium chloride 0.0000245 MEQ/ML / sodium chloride 0.00368 MEQ/ML / sodium lactate 0.0016 MEQ/ML Intraperitoneal Solution [Dianeal Low Calcium 1.5],SBD,A12CA01|A12CC01|B05BA03|B05BB01|B05CB01|B05XA03|B05XA07|G01AD01|S01XA03|V06DC01,B05DB,,
900409,hydrocortisone 5 MG/ML Topical Spray [Propet],SBD,A01AC03|A07EA02|D07AA02|D07AB02|D07AB11|H02AB09|S01BA02,D07AA02,,
617993,amoxicillin 120 MG/ML / clavulanate 8.58 MG/ML Oral Suspension,SCD,J01CA04,J01CR02,,
706548,selenium sulfide 22.5 MG/ML Medicated Shampoo,SCD,D01AE13|D11AC03,D11AC03,,
798072,benzocaine 200 MG/ML Medicated Pad,SCD,C05AD03|D04AB04|R02AD01,N01BA05,,
891793,ascorbic acid 226 MG / beta carotene 14320 UNT / cuprous oxide 0.8 MG / dl-alpha tocopheryl acetate 200 UNT / zinc oxide 34.8 MG Oral Capsule [PreserVision],SBD,A11GA01|A11HA03,A11JB,,
994239,aspirin 325 MG / butalbital 50 MG / caffeine 40 MG / codeine phosphate 30 MG Oral Capsule [Ascomp],SBD,N06BC01|R05DA04,N02AJ,,
692479,phenylephrine hydrochloride 0.5 MG/ML Oral Solution,SCD,R01AA04|S01FB01|S01XA20,R01BA03,,
727505,0.5 ML choriogonadotropin alfa 0.5 MG/ML Prefilled Syringe,SCD,G03GA01|G03GA08,G03GA08,IMPROVED,G03GA08
752814,magnesium oxide 200 MG / vitamin B6 25 MG Oral Capsule,SCD,A02AA02|A02AA04|A11HA02,A02AA02|A11HA02,IMPROVED,A02AA02|A11HA02
1088707,benzocaine 0.2 MG/MG Oral Gel [Dentapaine],SBD,R02AD01,N01BA05,,
198480,aspirin 500 MG / caffeine 32 MG Oral Tablet,SCD,N06BC01,N02BA01|N06BC01,,
309575,chlorpheniramine maleate 4 MG / methscopolamine nitrate 1.25 MG / phenylephrine hydrochloride 10 MG Extended Release Oral Capsule,SCD,R06AB04,A03BB03|R01BA03|R06AB04,,
723562,benzocaine 200 MG/ML Topical Cream,SCD,C05AD03|D04AB04|R02AD01,D04AB04,,
310134,epinephryl borate 5 MG/ML Ophthalmic Solution,SCD,C01CA24|S01EA01,S01EA01,,
2043457,salicylic acid 7 MG/ML Medicated Liquid Soap,SCD,D01AE12|N02BA04,D02AF,,
999638,oxyquinoline sulfate 0.00025 MG/MG / sodium dodecyl sulfate 0.0001 MG/MG Vaginal Gel,SCD,A01AB07|D08AH03|G01AC30|R02AA14,G01AC30,,
805375,"0.5 ML acellular pertussis vaccine, inactivated 96 UNT/ML / diphtheria toxoid vaccine, inactivated 30 UNT/ML / Haemophilus influenzae type b, capsular polysaccharide inactivated tetanus toxoid conjugate vaccine 68 UNT/ML / poliovirus vaccine inactivated, type 1 (Mahoney) 80 UNT/ML / poliovirus vaccine inactivated, type 2 (MEF-1) 16 UNT/ML / poliovirus vaccine inactivated, type 3 (Saukett) 64 UNT/ML / tetanus toxoid vaccine, inactivated 20 UNT/ML Injection",SCD,J07AF01|J07AM01,J07CA,,
809536,calcium carbonate 1250 MG / cholecalciferol 200 UNT Oral Tablet,SCD,A11CC05,A12AX,,
617316,amoxicillin 400 MG / clavulanate 57 MG Chewable Tablet,SCD,J01CA04,J01CR02,,
702648,vitamin E 50 UNT/ML Topical Cream,SCD,A11HA03,D02AX,,
863538,penicillin G potassium 1000000 UNT/ML Injectable Solution,SCD,J01CE08|J01CE09,J01CE01,,
884231,chlorthalidone 15 MG / clonidine hydrochloride 0.3 MG Oral Tablet [Combipres],SBD,C03BA04,C02LC01,BOTH_WRONG,C02LC01
312100,aspirin 324 MG / caffeine 32 MG / ipecac 2.43 MG / opium 2.43 MG Oral Capsule,SCD,N06BC01,A07DA02|N02BA01|N06BC01|R05CA04,,
1087030,diphenhydramine hydrochloride 20 MG/ML / zinc acetate 1 MG/ML Topical Cream [Wal-Dryl],SBD,A16AX05,D04AA32,,
198751,methylene blue 20 MG/ML Topical Solution,SCD,V03AB17|V04CG05,D08AX,,
205529,desonide 0.5 MG/ML Topical Cream [Desowen],SBD,D07AB08|S01BA11,D07AB08,,
314021,hydrocortisone 5 MG/ML Topical Solution,SCD,A01AC03|A07EA02|D07AA02|D07AB02|D07AB11|H02AB09|S01BA02,D07AA02,,
315061,dexamethasone 20 MG/ML Injectable Solution,SCD,H02AB02|S01BA01,H02AB02,,
801559,alanine 7.28 MG/ML / arginine 3.64 MG/ML / dibasic potassium phosphate 1.31 MG/ML / glycine 7.28 MG/ML / histidine 1.54 MG/ML / isoleucine 1.68 MG/ML / leucine 2.17 MG/ML / lysine 2.03 MG/ML / magnesium chloride 0.01 MEQ/ML / methionine 2.03 MG/ML / phenylalanine 2.17 MG/ML / proline 1.47 MG/ML / sodium acetate 0.03 MEQ/ML / sodium chloride 0.006 MEQ/ML / threonine 1.47 MG/ML / tryptophan 0.63 MG/ML / tyrosine 0.14 MG/ML / valine 1.61 MG/ML Injectable Solution [Travasol 3.5],SBD,B05CX03|B05XA08|B05XB03|N06AX02|V03AB26,B05BA01,,
801142,magnesium acetate 0.0015 MEQ/ML / potassium acetate 0.013 MEQ/ML / sodium chloride 0.04 MEQ/ML Injectable Solution,SCD,B05XA17,B05XA30,BOTH_WRONG,B05XA30
310472,gentamicin 0.6 MG/ML Injectable Solution,SCD,D06AX07|S03AA06,J01GB03,,
1090754,miconazole nitrate 20 MG/ML Topical Cream [Inzo],SBD,A01AB09|D01AC02|G01AF04,D01AC02,IMPROVED,D01AC02
199864,benzocaine 200 MG/ML / menthol 5 MG/ML Topical Spray,SCD,C05AD03|D04AB04|R02AD01,D04AB04,,
200090,dimethicone 15 MG/ML Topical Lotion,SCD,P03AX05,D02AA,,
314988,aspirin 380 MG / caffeine 30 MG / codeine 30 MG Oral Tablet,SCD,N06BC01|R05DA04,N02BA01|N06BC01|R05DA04,,
856441,benzoyl peroxide 80 MG/ML / salicylic acid 20 MG/ML Medicated Pad [Inova 8-2],SBD,D10AE01,D02AF|D10AE01,,
857118,acetaminophen 500 MG / hydrocodone bitartrate 7.5 MG Oral Tablet,SCD,N02BE01|R05DA03,N02AJ22,,
209301,chloramphenicol 0.01 MG/MG / hydrocortisone 0.005 MG/MG / polymyxin B 10 UNT/MG Ophthalmic Ointment [Ophthocort],SBD,A01AC03|A07EA02|D07AA02|D07AB02|D07AB11|H02AB09|J01BA01|S01AA01|S01BA02|S02AA01,S01AA01|S01AA18|S01CB03,,
211228,castor oil 793 MG/ML / Peruvian balsam 88.4 MG/ML / trypsin 0.122 MG/ML Topical Spray [TBC brand of balsam Peru/castor oil/trypsin],SBD,A06AB05,D03BA01,,
2117381,salicylic acid 0.1 MG/ML Medicated Liquid Soap,SCD,D01AE12|N02BA04,D01AE12,,
214105,prednisolone 20 MG/ML Injectable Suspension [Hydeltra-T.B.A.],SBD,A07EA01|H02AB06|S01BA04|S03BA02,H02AB06,,
2178281,pyrilamine maleate 0.833 MG/ML Oral Solution [Pediaclear],SBD,D04AA02|R06AC01,R06AC01,,
1100578,{30 (alpha-tocopherol acetate 3 MG / ascorbic acid 120 MG / beta carotene 3000 UNT / calcium carbonate 200 MG / cholecalciferol 400 UNT / cupric oxide 2 MG / ferrous bisglycinate 28.9 MG / folic acid 1 MG / iron protein succinylate 0.1 MG / magnesium oxide 25 MG / niacinamide 20 MG / pyridoxine hydrochloride 25 MG / riboflavin 4 MG / thiamine mononitrate 1.8 MG / vitamin B12 0.012 MG / zinc oxide 25 MG Oral Tablet) / 30 (docosahexaenoic acid 295 MG / omega-3 acid ethyl esters (USP) 430 MG Delayed Release Oral Capsule) } Pack,GPCK,A11CC05|A11DA01|A11GA01|A11HA01|A11HA02|A11HA04|B03BA01|B03BB01,A02AA02|A02AC01|A06AD02|A11CA02|A11CC05|A11DA01|A11GA01|A11HA01|A11HA02|A11HA04|A12AA04|A12CC10|B03BA01|B03BB01|D02BB01|S01XA26,,
1100924,cetylpyridinium chloride 0.7 MG/ML Mouthwash,SCD,B05CA01|D08AJ03|D09AA07|R02AA06,R02AA06,,
1114342,ascorbic acid 60 MG / biotin 0.3 MG / folic acid 0.8 MG / mecobalamin 0.006 MG / niacinamide 20 MG / pantothenate 10 MG / pyridoxine 10 MG / riboflavin 1.7 MG / thiamine 1.5 MG / zinc citrate 50 MG Oral Tablet [Dialyvite 800 with Zinc],SBD,A11DA01|A11GA01|A11HA01|A11HA02|A11HA04|A11HA05|B03BA05|B03BB01,A11EX,,
857076,acetaminophen 33.3 MG/ML / hydrocodone bitartrate 0.333 MG/ML Oral Solution,SCD,N02BE01|R05DA03,N02AJ22,,
2103317,lidocaine hydrochloride 40 MG/ML Topical Lotion [Satohap Lidocaine],SBD,D04AB01|N01BB02|R02AD02,D04AB01,,
213526,acetic acid 20 MG/ML / hydrocortisone 10 MG/ML Otic Solution [Earsol-HC],SBD,A01AC03|A07EA02|D07AA02|D07AB02|D07AB11|G01AD02|H02AB09|S01BA02|S02AA10,S02AA10|S02BA01,,
1098219,ethanol 0.62 ML/ML / povidone-iodine 0.05 MG/MG Topical Gel [Prevail],SBD,D08AG02|D09AA09|D11AC06|G01AX11|R02AA15,D08AG02|D08AX08,,
615100,1000 ML glucose 50 MG/ML / potassium chloride 0.04 MEQ/ML / sodium chloride 4.5 MG/ML Injection,SCD,A12CA01|B05BA03|B05BB01|B05CB01|B05XA03|S01XA03|V06DC01,B05BB02,BOTH_WRONG,B05BB02
857847,chlorpheniramine maleate 0.4 MG/ML / hydrocodone bitartrate 0.4 MG/ML / phenylephrine hydrochloride 1.5 MG/ML Oral Solution [Quindal HD],SBD,R05DA03|R06AB04,R01BA03|R05DA03|R06AB04,,
1005712,pentaerythritol tetranitrate 10 MG / phenobarbital 15 MG Oral Tablet,SCD,N03AA02,C01DA05|N03AA02,,
1010769,lidocaine hydrochloride 20 MG/ML Topical Spray,SCD,D04AB01|N01BB02|R02AD02,D04AB01,,
1010878,lidocaine hydrochloride 40 MG/ML Mucous Membrane Topical Solution,SCD,D04AB01|N01BB02|R02AD02,N01BB02,,
1010931,lidocaine hydrochloride 5 MG/ML Topical Spray,SCD,D04AB01|N01BB02|R02AD02,D04AB01,,
1011703,lidocaine hydrochloride 0.035 MG/MG Ophthalmic Gel [Akten],SBD,D04AB01|N01BB02|R02AD02,S01HA07,,
1012249,hydrocortisone acetate 20 MG/ML / lidocaine hydrochloride 20 MG/ML Medicated Pad [Lidamantle HC],SBD,A01AC03|A07EA02|D04AB01|D07AA02|D07AB02|D07AB11|H02AB09|N01BB02|R02AD02|S01BA02,D04AB01|D07AA02,,
1037185,{24 (ethinyl estradiol 0.01 MG / norethindrone acetate 1 MG Oral Tablet) / 2 (ethinyl estradiol 0.01 MG Oral Tablet) / 2 (ferrous fumarate 75 MG Oral Tablet) } Pack [Lo Loestrin Fe 28 Day],BPCK,G03CA01,B03AA02|G03AA05,,
1042673,salicylic acid 5 MG/ML Topical Solution [Nu Skin Clear Action],SBD,D01AE12|N02BA04,D02AF,,
1049230,benzalkonium chloride 0.001 MG/MG Topical Gel [Sentry HC HOTspot],SBD,D08AJ01|D08AJ08|R02AA16,D08AJ01,,
1050077,diphenhydramine hydrochloride 20 MG/ML Topical Cream,SCD,D04AA32|R06AA02,D04AA32,,
2184172,dexchlorpheniramine maleate 3.5 MG / methscopolamine nitrate 1 MG / pseudoephedrine hydrochloride 45 MG Extended Release Oral Tablet,SCD,R01BA02|R06AB02,A03BB03|R01BA02|R06AB02,,
1657026,1.7 ML epinephrine 0.02 MG/ML / lidocaine hydrochloride 20 MG/ML Cartridge,SCD,C01CA24|D04AB01|N01BB02|R02AD02|S01EA01,N01BB02,,
1658178,125 ACTUAT epinephrine 0.22 MG/ACTUAT Metered Dose Inhaler,SCD,C01CA24|S01EA01,R03AA01,,
1190890,atropine sulfate 0.13 MG / phenobarbital 15 MG Oral Tablet,SCD,N03AA02,A03CB03,,
857839,chlorpheniramine maleate 0.4 MG/ML / hydrocodone bitartrate 0.4 MG/ML / phenylephrine hydrochloride 1.5 MG/ML Oral Solution,SCD,R05DA03|R06AB04,R01BA03|R05DA03|R06AB04,,
1000154,1 ML medroxyprogesterone acetate 150 MG/ML Prefilled Syringe [Depo-Provera],SBD,G03DA02|L02AB02,L02AB02,,
1011728,lidocaine hydrochloride 20 MG/ML Topical Spray [Pro Pet Skin Relief],SBD,D04AB01|N01BB02|R02AD02,D04AB01,,
260392,prednisolone 25 MG/ML Injectable Suspension [Predcor],SBD,A07EA01|H02AB06|S01BA04|S03BA02,H02AB06,,
1049276,benzalkonium chloride 1.3 MG/ML Topical Solution [Zephiran],SBD,D08AJ01|D08AJ08|R02AA16,D08AJ01,,
240209,betamethasone 0.5 MG/ML Topical Lotion,SCD,D07AC01|H02AB01|S01BA06|S03BA03,D07AC01,,
2053519,ivacaftor 188 MG / lumacaftor 150 MG Oral Granules [ORKAMBI],SBD,R07AX02,R07AX30,,
997643,tretinoin 0.375 MG/ML Topical Cream [Tretin X],SBD,D10AD01|L01XX14,D10AD01,,
998185,codeine phosphate 1.5 MG/ML / diphenhydramine hydrochloride 2.5 MG/ML / phenylephrine hydrochloride 1.5 MG/ML Oral Solution [Endal CD],SBD,R05DA04,R01BA03|R05DA04|R06AA02,,
313865,boric acid 0.1 MG/MG Ophthalmic Ointment,SCD,S02AA03,S01AX07,,
351291,cyclosporine 0.5 MG/ML Ophthalmic Suspension,SCD,L04AD01,S01XA18,,
359931,12 HR guaifenesin 600 MG / phenylephrine hydrochloride 10 MG Extended Release Oral Tablet,SCD,R05CA03,R01BA03|R05CA03,,
857107,acetaminophen 500 MG / hydrocodone bitartrate 10 MG Oral Tablet,SCD,N02BE01|R05DA03,N02AJ22,,
2173645,Ibuprofen 200 MG / Phenylephrine Hydrochloride 10 MG Oral Tablet [Sudafed PE Head Congestion Plus Pain],SBD,M01AE01|M01AE14|M02AA13|R01AA04|S01FB01|S01XA20,M01AE01|R01BA03,,
2196992,chlorhexidine gluconate 20 MG/ML Medicated Liquid Soap [Bactoshield],SBD,A01AB03|D08AC02|R02AA05,D08AC02,,
1092193,acetaminophen 500 MG / diphenhydramine hydrochloride 25 MG Oral Tablet [Anacin PM Aspirin Free],SBD,N02BE01|N02BE51,N02BE01|R06AA02,,
1190614,0.7 ML atropine sulfate 1.43 MG/ML Auto-Injector [Atropen],SBD,A03BA01|S01FA01,A03BA01,,
1116090,chlorpheniramine maleate 0.8 MG/ML / ephedrine hydrochloride 1.64 MG/ML / guaifenesin 20 MG/ML Oral Solution,SCD,R05CA03|R06AB04,R03CA02|R05CA03|R06AB04,,
994809,acetaminophen 500 MG / orphenadrine citrate 50 MG Oral Tablet,SCD,N02BE01,M03BC01|N02BE01,,
204807,cascara sagrada 0.333 ML/ML / magnesium hydroxide 156 MG/ML Oral Suspension,SCD,A06AB07,A02AA04|A06AB07,,
995122,chlorpheniramine maleate 0.4 MG/ML / codeine phosphate 1 MG/ML / pseudoephedrine hydrochloride 6 MG/ML Oral Suspension [Zodryl DAC],SBD,R01BA02|R05DA04|R06AB04,R05DA04,,
857610,brompheniramine maleate 0.8 MG/ML / hydrocodone bitartrate 0.5 MG/ML / phenylephrine hydrochloride 1.5 MG/ML Oral Solution [Canges HC],SBD,R05DA03|R06AB01,R01BA03|R05DA03|R06AB01,,
2118448,300 ML vancomycin 5 MG/ML Injection,SCD,A07AA09,J01XA01,,
2120199,1 ML erenumab-aooe 140 MG/ML Prefilled Syringe [Aimovig],SBD,N02CX07,N02CD01,,
1234563,phenylephrine hydrochloride 10 MG/ML Nasal Solution,SCD,R01AA04|S01FB01|S01XA20,R01AA04,,
562260,epinephrine 5 MG/ML Injectable Suspension,SCD,C01CA24|S01EA01,A01AD01|B02BC09|C01CA24|R03AA01,,
860433,guaifenesin 20 MG/ML / hydrocodone bitartrate 0.5 MG/ML / phenylephrine hydrochloride 1.5 MG/ML Oral Solution,SCD,R05CA03|R05DA03,R01BA03|R05CA03|R05DA03,,
1011715,aliskiren 150 MG / hydrochlorothiazide 25 MG Oral Tablet [Tekturna HCT],SBD,C03AA03|C09XA02,C09XA52,,
1012715,benzalkonium chloride 1.5 MG/ML Topical Solution [Horseman's Dream Fung-A-Way],SBD,D08AJ01|D08AJ08|R02AA16,D08AJ01,,
1041516,dimethicone 30 MG/ML Topical Lotion [Aloe Vesta Skin Conditioner],SBD,P03AX05,D02AA,,
1049376,benzalkonium chloride 0.2 MG/ML / chloroxylenol 1 MG/ML / pramoxine hydrochloride 10 MG/ML Otic Solution,SCD,D08AE05,D04AB07|D08AE05|D08AJ01|D09AA11|R02AA16,,
1053386,dimethicone 50 MG/ML / menthol 5 MG/ML Topical Lotion,SCD,P03AX05,D02AA,,
1658311,salicylic acid 20 MG/ML Medicated Liquid Soap [Nuvileo],SBD,D01AE12|N02BA04,D01AE12,,
1663747,adapalene 0.003 MG/MG / benzoyl peroxide 0.025 MG/MG Topical Gel [Epiduo],SBD,D10AD03|D10AE01,D10AD03,,
1737723,250 ML lidocaine hydrochloride 8 MG/ML Injection,SCD,D04AB01|N01BB02|R02AD02,C01BB01,,
562618,capsaicin 0.2 MG/ML / menthol 100 MG/ML / methyl salicylate 250 MG/ML Topical Cream,SCD,N01BX04,M02AB01,,
602395,abacavir 600 MG / lamivudine 300 MG Oral Tablet [Epzicom],SBD,J05AF05|J05AF06|J05AR02,J05AR02,,
1013096,lidocaine hydrochloride 20 MG/ML Injectable Solution [D-Caine],SBD,D04AB01|N01BB02|R02AD02,C01BB01|C05AD01|N01BB02,,
1039474,ethanol 0.625 ML/ML Topical Solution,SCD,D08AX08|V03AB16|V03AZ01,D08AX08,,
1085714,triamcinolone acetonide 0.00025 MG/MG Topical Ointment [Kenalog],SBD,A01AC01|H02AB08|R01AD11,C05AA12|D07AB09|D07XB02,,
245199,salicylic acid 10 MG/ML Topical Lotion,SCD,D01AE12|N02BA04,D01AE12,,
1721619,cobicistat 150 MG / elvitegravir 150 MG / emtricitabine 200 MG / tenofovir alafenamide 10 MG Oral Tablet [Genvoya],SBD,J05AF09|J05AF13|J05AX11|V03AX03,J05AR18,,
1745001,salicylic acid 6 MG/ML Medicated Pad,SCD,D01AE12|N02BA04,D01AE12,,
1189657,glucose 50 MG/ML / magnesium chloride 0.00148 MEQ/ML / potassium chloride 0.00497 MEQ/ML / sodium acetate 0.027 MEQ/ML / sodium chloride 0.0899 MEQ/ML / sodium gluconate 5.02 MG/ML Injectable Solution [Plasma-Lyte 148 in 5 % Dextrose],SBD,B05XA08,A12BA01|A12CA01|A12CC01|B05CB01|B05CX01|B05XA01|B05XA03|B05XA08|B05XA11|V04CA02|V06DC01,,
1232298,benzalkonium chloride 1.3 MG/ML Medicated Liquid Soap [Nobac],SBD,D08AJ01|D08AJ08|R02AA16,D08AJ01|D09AA11,,
543014,citric acid 66.8 MG/ML / sodium citrate 100 MG/ML Oral Solution,SCD,A09AB04|B05CB02,G04BC,,
562508,amoxicillin 875 MG / clavulanate 125 MG Oral Tablet,SCD,J01CA04,J01CR02,,
1014123,sulfacetamide sodium 100 MG/ML / sulfur 40 MG/ML Topical Foam,SCD,D10AB02,D10AF06,,
1039279,hydrocortisone 10 MG/ML Topical Lotion [Cortizone],SBD,A01AC03|A07EA02|D07AA02|D07AB02|D07AB11|H02AB09|S01BA02,D07AA02,,
238030,procaine 10 MG/ML Injectable Solution,SCD,C05AD05|N01BA02|S01HA05,N01BA02,,
284303,capsaicin 0.7 MG/ML Topical Cream [Zostrix Sports],SBD,N01BX04,M02AB01,,
307683,acetaminophen 400 MG / pamabrom 25 MG / pyrilamine 15 MG Oral Tablet,SCD,N02BE01,N02BE01|R06AC01,,
616640,biotin 2 MG / chromium picolinate 0.6 MG Oral Capsule,SCD,A11HA05,A11JB,,
801391,calcium chloride 0.005 MEQ/ML / magnesium chloride 0.0015 MEQ/ML / potassium chloride 0.01 MEQ/ML / sodium acetate 0.0471 MEQ/ML / sodium chloride 0.0848 MEQ/ML / sodium lactate 0.008 MEQ/ML Injectable Solution [Plasma-Lyte R],SBD,B05XA08,A12AA07|A12BA01|A12CA01|A12CC01|B05CB01|B05XA01|B05XA03|B05XA07|B05XA08|B05XA11|G04BA03,,
2101530,capsaicin 0.0025 MG/MG / menthol 0.0125 MG/MG Medicated Patch,SCD,N01BX04,M02AB01,,
1039149,dimethicone 32 MG/ML Medicated Pad,SCD,P03AX05,D02AA,,
1049081,benzethonium chloride 0.001 MG/MG / benzocaine 0.2 MG/MG Topical Gel,SCD,R02AA09,D04AB04|D08AJ08|N01BA05,,
603642,carbetapentane tannate 6 MG/ML / phenylephrine tannate 1 MG/ML / pyrilamine tannate 6 MG/ML Oral Suspension,SCD,R05DB05,R05DB20,BOTH_WRONG,R05DB20
860028,hydrocodone bitartrate 0.332 MG/ML / phenylephrine hydrochloride 1 MG/ML / pyrilamine maleate 1.67 MG/ML Oral Solution [Dicomal-DH],SBD,R05DA03,R01BA03|R05DA03|R06AC01,,
1792289,hydrocortisone 7.5 MG/ML Topical Lotion,SCD,A01AC03|A07EA02|D07AA02|D07AB02|D07AB11|H02AB09|S01BA02,D07AA02,,
1235157,azilsartan medoxomil 40 MG / chlorthalidone 25 MG Oral Tablet [Edarbyclor],SBD,C03BA04,C09DA09,,
1244695,12 HR guaifenesin 600 MG / pseudoephedrine hydrochloride 120 MG Extended Release Oral Tablet,SCD,R01BA02|R05CA03,R05CA10,BOTH_WRONG,R05CA10
1251325,ethinyl estradiol 0.0025 MG / norethindrone acetate 0.5 MG Oral Tablet [Femhrt],SBD,G03CA01|G03DC02,G03AA05,,
1251486,benzalkonium chloride 1.3 MG/ML Mucosal Spray [Throat-Releev],SBD,D08AJ01|D08AJ08|R02AA16,R02AA16,,
1251619,cetylpyridinium chloride 0.5 MG/ML Mouthwash [Cepacol Antibacterial Mouthwash],SBD,B05CA01|D08AJ03|D09AA07|R02AA06,R02AA06,,
1291869,calamine 10 MG/ML / diphenhydramine hydrochloride 20 MG/ML Topical Solution,SCD,D04AA32|R06AA02,D04AA32,,
1292836,sodium bicarbonate 0.179 MEQ/ML / tartaric acid 13.5 MG/ML Oral Solution [Gingera],SBD,B05CB04|B05XA02,B05CB04,,
1301158,Benzalkonium Chloride 1.3 MG/ML / Benzocaine 50 MG/ML Medicated Pad [Orajel Single Dose Cold Sore],SBD,C05AD03|D04AB04|D08AJ01|D08AJ08|R02AA16|R02AD01,D04AB04|D08AJ01|D08AJ08,,
1305099,sodium bicarbonate 0.417 MEQ/ML Oral Solution [Desempacho],SBD,B05CB04|B05XA02,A02AH,,
1309978,salicylic acid 10 MG/ML Medicated Liquid Soap [Reversion Acne Control Clarifying Cleanser],SBD,D01AE12|N02BA04,D01AE12,,
1311820,{10 (12 HR chlorpheniramine maleate 4 MG / methscopolamine nitrate 2.5 MG Extended Release Oral Tablet) / 10 (12 HR chlorpheniramine maleate 8 MG / methscopolamine nitrate 2.5 MG Extended Release Oral Tablet) } Pack [RespiVent DF Dosepack 10],BPCK,R06AB04,A03BB03|R06AB04,,
1366804,miconazole nitrate 20 MG/ML / triclosan 3 MG/ML Topical Cream [Dermasana],SBD,A01AB09|D01AC02|D08AE04|G01AF04,D01AC02|D08AE04|D09AA06,,
1440936,hydrocortisone 25 MG/ML Topical Cream [Proctozone HC],SBD,A01AC03|A07EA02|D07AA02|D07AB02|D07AB11|H02AB09|S01BA02,D07AA02,,
1441376,chlophedianol hydrochloride 2.5 MG/ML / dexbrompheniramine maleate 0.2 MG/ML / pseudoephedrine hydrochloride 6 MG/ML Oral Solution,SCD,R01BA02|R05DB10|R06AB06,R05DB10,,
1485099,phenylephrine hydrochloride 10 MG / pyrilamine maleate 25 MG Oral Tablet [Vazotab Reformulated Dec 2013],SBD,R01AA04|S01FB01|S01XA20,R01BA03|R06AC01,,
1489372,hydrocortisone acetate 5 MG/ML Topical Lotion,SCD,A01AC03|A07EA02|D07AA02|D07AB02|D07AB11|H02AB09|S01BA02,D07AA02,,
1598099,bacitracin 0.5 MG/ML Topical Spray,SCD,D06AX05|J01XX10|R02AB04,D06AX05,,
1599133,acetaminophen 60 MG / chlorpheniramine maleate 0.667 MG Oral Tablet,SCD,N02BE01|R06AB04,N02BE01,,
1608012,capsaicin 0.0005 MG/MG / lidocaine 0.025 MG/MG / menthol 0.05 MG/MG Medicated Patch,SCD,D04AB01|N01BB02|N01BX04|R02AD02,D04AB01|M02AB01,,
1649008,lidocaine 0.04 MG/MG / menthol 0.03 MG/MG Medicated Patch,SCD,D04AB01|N01BB02|R02AD02,D04AB01,IMPROVED,D04AB01
1362041,undecylenic acid 0.25 MG/MG Topical Gel [FungiCure Maximum Strength],SBD,D01AE04|D01AE20,D01AE04,,
1364539,dimethicone 45 MG/ML Topical Cream [Normlshield],SBD,P03AX05,D02AA,,
1860136,10 ML potassium chloride 2 MEQ/ML Injection,SCD,A12BA01|B05XA01,A12BA01,,
1866401,benzocaine 200 MG/ML / menthol 10 MG/ML Topical Solution [Fire Out],SBD,C05AD03|D04AB04|R02AD01,D04AB04,,
1870205,NDA201739 0.3 ML epinephrine 1 MG/ML Auto-Injector,SCD,C01CA24|S01EA01,C01CA24,,
1923579,salicylic acid 20 MG/ML / sulfur 10 MG/ML Topical Cream,SCD,D10AB02,D01AE12|D10AB02,,
1252021,dodecylbenzenesulfonic acid 5 MG/ML / hydrogen peroxide 5 MG/ML / lactic acid 17 MG/ML Topical Solution,SCD,A01AB02|D08AX01|G01AD01,D08AX01,,
1362054,"3 ML heparin sodium, porcine 10 UNT/ML Prefilled Syringe",SCD,B01AB01,B01AB01|C05BA03,,
1367208,acetaminophen 325 MG / guaifenesin 200 MG / phenylephrine hydrochloride 15 MG Oral Tablet,SCD,N02BE01|R05CA03,N02BE01|R01BA03|R05CA03,,
1371355,hydrocortisone 5 MG/ML / pramoxine hydrochloride 2.5 MG/ML Topical Spray,SCD,A01AC03|A07EA02|D07AA02|D07AB02|D07AB11|H02AB09|S01BA02,D04AB07|D07AA02,IMPROVED,D07AA02|D04AB07
1424016,chlorhexidine gluconate 20 MG/ML / ketoconazole 10 MG/ML Medicated Shampoo,SCD,A01AB03|D01AC08|D08AC02|J02AB02|R02AA05,D01AC08|D08AC02,,
1425431,hydrogen peroxide 10 MG/ML Topical Solution [IR DIP 10],SBD,A01AB02|D08AX01,D08AX01|D11AX25,,
197961,hydrochlorothiazide 50 MG / methyldopa 500 MG Oral Tablet,SCD,C02AB01|C03AA03,C02LB01,,
1535250,12 HR chlorpheniramine maleate 4 MG / phenylephrine hydrochloride 20 MG Extended Release Oral Capsule,SCD,R06AB04,R01BA03|R06AB04,,
1546204,hydrogen peroxide 5 MG/ML / lactic acid 17 MG/ML Topical Spray [Astri-UC],SBD,A01AB02|D08AX01|G01AD01,D08AX01,IMPROVED,D08AX01
1795598,{21 (ethinyl estradiol 0.02 MG / levonorgestrel 0.1 MG Oral Tablet) / 7 (inert ingredients 1 MG Oral Tablet) } Pack [Larissia 28 Day Pack],BPCK,G03AC03|G03CA01,G03AC03|G03AD01|G03CA01|L02AA03,,
1876614,benzocaine 200 MG/ML / menthol 2.5 MG/ML / zinc chloride 1.5 MG/ML Topical Cream,SCD,B05XA12,D04AB04,,
1941599,salicylic acid 18.5 MG/ML Medicated Shampoo [Hairsanity],SBD,D01AE12|N02BA04,D11AC30,,
1946651,meropenem 1000 MG / vaborbactam 1000 MG Injection [Vabomere],SBD,J01DH02,J01DH52,,
1245706,chlophedianol hydrochloride 4.8 MG/ML / chlorpheniramine maleate 0.8 MG/ML / phenylephrine hydrochloride 2 MG/ML Oral Suspension,SCD,R05DB10|R06AB04,R01BA03|R05DB10|R06AB04,,
1251034,chloroxylenol 5 MG/ML / undecylenic acid 100 MG/ML Topical Solution,SCD,D08AE05,D01AE04,,
1361708,calcium carbonate 497 MG / sodium bicarbonate 600 MG Oral Powder,SCD,A12AA04,A02AH,,
1362069,"1 ML heparin sodium, porcine 1000 UNT/ML Prefilled Syringe",SCD,B01AB01,B01AB01|C05BA03,,
1370097,resorcinol 0.2 MG/MG / sulfur 0.3 MG/MG Paste,SCD,D10AB02,D10AB02|D10AX02,,
1491511,sodium hyaluronate 0.025 MG/MG Topical Gel [IPM Wound],SBD,M09AX01,D03AX05,,
1542859,salicylic acid 20 MG/ML Medicated Liquid Soap [No Zit Sherlock],SBD,D01AE12|N02BA04,D01AE12,,
1542835,tetracycline hydrochloride 0.03 MG/MG Topical Ointment [Achromycin],SBD,D06AA04|J01AA07,D06AA04,,
1595249,3 ML hyaluronic acid 20 MG/ML / lidocaine hydrochloride 20 MG/ML Prefilled Syringe,SCD,D04AB01|M09AX01|N01BB02|R02AD02,C01BB01|C05AD01|M09AX01|N01BB02,,
1736057,{1 (177 ML) (salicylic acid 5 MG/ML Medicated Liquid Soap) / 1 (118 ML) (salicylic acid 5 MG/ML Topical Lotion) } Pack,GPCK,D01AE12|N02BA04,D01AE12,,
1294560,diphenhydramine hydrochloride 12.5 MG / pseudoephedrine hydrochloride 30 MG Disintegrating Oral Tablet,SCD,R01BA02,R01BA02|R06AA02,,
1357931,guaifenesin 550 MG / phenylephrine hydrochloride 8.5 MG Extended Release Oral Tablet,SCD,R05CA03,R01BA03|R05CA03,,
1362952,"heparin sodium, porcine 6000 UNT/ML Injectable Solution",SCD,B01AB01,B01AB01|C05BA03,,
1486787,tolnaftate 10 MG/ML / triclosan 2 MG/ML Topical Spray [Nail MD Spray],SBD,D01AE18,D01AE18|D08AE04|D09AA06,,
1491506,aluminum hydroxide 200 MG / magnesium hydroxide 200 MG / simethicone 25 MG Chewable Tablet [Almacone],SBD,A02AB01,A02AA04|A02AB01|A02AB02|G04BX01,,
1536586,168 HR ethinyl estradiol 0.00146 MG/HR / norelgestromin 0.00625 MG/HR Transdermal System [Xulane],SBD,G03CA01,G03AA13,,
1650604,oxymetazoline hydrochloride 0.5 MG/ML Nasal Spray [Cleartime nasal decongestant],SBD,R01AA05,R01AA05|R01AB07,,
1424677,aspirin 600 MG / promethazine hydrochloride 6.2 MG / pseudoephedrine hydrochloride 60 MG Oral Tablet,SCD,R01BA02,A01AD05|B01AC06|N02BA01|R01BA02|R06AD02,,
1247614,triclosan 2 MG/ML Medicated Pad,SCD,D08AE04,D08AE04|D09AA06,,
1250976,undecylenic acid 100 MG/ML Topical Cream [Tineacide Antifungal],SBD,D01AE04|D01AE20,D01AE04,,
670086,betamethasone 0.12 MG/ML Oral Solution [Celestone],SBD,D07AC01|H02AB01|S01BA06|S03BA03,A07EA04|C05AA05|H02AB01|R03BA04|S03BA03,,
902219,hydrocortisone 5 MG/ML Medicated Shampoo,SCD,A01AC03|A07EA02|D07AA02|D07AB02|D07AB11|H02AB09|S01BA02,D07AA02,,
968100,salicylic acid 10 MG/ML Medicated Pad [Stridex],SBD,D01AE12|N02BA04,D01AE12,,
991326,hydrogen peroxide 5 MG/ML / lactic acid 17 MG/ML Topical Solution [Pur-Oxy],SBD,A01AB02|D08AX01|G01AD01,D08AX01,,
309170,chloramphenicol 2.5 MG/ML / hydrocortisone 5 MG/ML Ophthalmic Suspension,SCD,A01AC03|A07EA02|D07AA02|D07AB02|D07AB11|H02AB09|J01BA01|S01AA01|S01BA02|S02AA01,S01AA01|S01BA02|S01CB03|S03AA08,,
756325,pheniramine maleate 0.8 MG/ML / phenyltoloxamine citrate 0.8 MG/ML / pyrilamine maleate 0.8 MG/ML Oral Solution,SCD,D04AA02|D04AA16|R06AB05|R06AC01,R06AB05|R06AC01,,
884223,10 ML clonidine hydrochloride 0.1 MG/ML Injection [Duraclon],SBD,C02AC01|N02CX02,N02CX02,,
891709,ascorbic acid 60 MG / cuprous oxide 2 MG / dl-alpha tocopheryl acetate 30 MG / lutein 6 MG / zinc oxide 15 MG Oral Capsule [Ocuvite Lutein],SBD,A11GA01|A11HA03,A11JB,IMPROVED,A11JB
994835,brompheniramine maleate 0.8 MG/ML / codeine phosphate 2 MG/ML / phenylephrine hydrochloride 1.5 MG/ML Oral Solution [Poly-Tussin AC],SBD,R05DA04|R06AB01,R01BA03|R05DA04|R06AB01,,
308273,antipyrine 50 MG/ML / benzocaine 50 MG/ML / phenylephrine 2.5 MG/ML Otic Solution,SCD,C05AD03|D04AB04|R01AA04|R02AD01|S01FB01|S01XA20,S02DA03,,
310791,hydrochloric acid 2 MG/ML Oral Solution,SCD,A09AB03|B05XA13,A09AB03,,
312372,phenol 5 MG/ML Oral Solution,SCD,D08AE03,C05BB05|N01BX03,,
1087406,24 HR ascorbic acid 500 MG / biotin 0.15 MG / copper sulfate 3 MG / dl-alpha tocopheryl acetate 30 UNT / docusate sodium 50 MG / folic acid 1 MG / iron carbonyl 150 MG / vitamin B12 0.06 MG Extended Release Oral Tablet,SCD,A11GA01|A11HA03|A11HA05|B03BA01|B03BB01|V03AB20,B03AE04,,
1999989,lidocaine 50 MG/ML Medicated Liquid Soap,SCD,D04AB01|N01BB02|R02AD02,D04AB01,,
310119,epinephrine 7 MG/ML Oral Solution,SCD,C01CA24|S01EA01,A01AD01|B02BC09|C01CA24|R03AA01,,
724592,sodium chloride 100 MG/ML Inhalation Solution,SCD,A12CA01|B05BB01|B05CB01|B05XA03|S01XA03,R01AX,,
762002,{21 (desogestrel 0.15 MG / ethinyl estradiol 0.02 MG Oral Tablet) / 5 (ethinyl estradiol 0.01 MG Oral Tablet) / 2 (inert ingredients 1 MG Oral Tablet) } Pack [Mircette 28 Day],BPCK,G03AA09|G03AC09|G03CA01,G03AA09,,
992766,{1 (9000 MG) (miconazole nitrate 20 MG/ML Vaginal Cream) / 3 (miconazole nitrate 200 MG Vaginal Insert) } Pack,GPCK,A01AB09|D01AC02|G01AF04,G01AF04,,
308624,benzalkonium 0.001 MG/MG / benzocaine 0.18 MG/MG Oral Ointment,SCD,C05AD03|D04AB04|D08AJ01|D08AJ08|R02AA16|R02AD01,R02AA16|R02AD01,,
309227,chlorpheniramine maleate 4 MG / phenylephrine hydrochloride 10 MG Oral Capsule,SCD,R06AB04,R01BA03|R06AB04,,
1087037,diphenhydramine hydrochloride 25 MG / phenylephrine hydrochloride 10 MG Oral Tablet [Wal-Dryl-D],SBD,D04AA32|R01AA04|R06AA02|S01FB01|S01XA20,R01BA03|R06AA02,,
1989117,0.3 ML epinephrine 1 MG/ML Prefilled Syringe [Symjepi],SBD,C01CA24|S01EA01,C01CA24,,
204501,hydrochlorothiazide 25 MG / reserpine 0.125 MG Oral Tablet,SCD,C02AA02|C03AA03,C02LA01,,
834144,chlorhexidine gluconate 100 MG/ML Mouthwash [Periosep],SBD,A01AB03|D08AC02|R02AA05,A01AB03|R02AA05,,
800209,alanine 6.95 MG/ML / arginine 7.13 MG/ML / aspartate 4.9 MG/ML / glutamate 5.17 MG/ML / glycine 3.5 MG/ML / histidine 2.1 MG/ML / isoleucine 4.62 MG/ML / leucine 7 MG/ML / lysine 7.35 MG/ML / methionine 1.2 MG/ML / phenylalanine 2.09 MG/ML / proline 5.05 MG/ML / serine 3.71 MG/ML / threonine 2.8 MG/ML / tryptophan 1.4 MG/ML / tyrosine 1.89 MG/ML / valine 3.5 MG/ML Injectable Solution,SCD,B05CX03|B05XB03|N06AX02|V03AB26,A09AB01|B05CX03|B05XB01|B05XB03|N06AX02|V03AB26,,
312482,polythiazide 0.5 MG / prazosin 2 MG Oral Capsule,SCD,C02CA01|C03AA05,C02LE01,,
310636,guaifenesin 300 MG / phenylephrine hydrochloride 20 MG Extended Release Oral Tablet,SCD,R05CA03,R01BA03|R05CA03,,
999640,oxyquinoline sulfate 0.00025 MG/MG / sodium dodecyl sulfate 0.0001 MG/MG Vaginal Gel [Trimo San],SBD,A01AB07|D08AH03|G01AC30|R02AA14,G01AC30,,
644787,folic acid 2.5 MG / vitamin B12 1 MG / vitamin B6 25 MG Oral Tablet,SCD,B03BA01|B03BB01,A11JA,,
896868,chorionic gonadotropin 10000 UNT/ML Injectable Solution [Choron],SBD,G03GA01,G03GA01|G03GA08,,
895893,ivermectin 0.272 MG / praziquantel 228 MG / pyrantel 228 MG Chewable Tablet,SCD,P02BA01|P02CC01,P02BA01|P02CC01|P02CF01,,
902220,hydrocortisone 5 MG/ML Medicated Shampoo [Excel Pet],SBD,A01AC03|A07EA02|D07AA02|D07AB02|D07AB11|H02AB09|S01BA02,D07AA02,,
756008,ubidecarenone 10 MG/ML / vitamin E 3 UNT/ML Oral Solution,SCD,A11HA03|C01EB09,C01EX,,
979452,metaproterenol sulfate 2 MG/ML Oral Solution [Metaprel],SBD,R03CB03,R03AB03|R03CB03,,
992775,{1 (miconazole nitrate 1200 MG Vaginal Insert) / 1 (9000 MG) (miconazole nitrate 20 MG/ML Vaginal Cream) } Pack,GPCK,A01AB09|D01AC02|G01AF04,G01AF04,,
308502,bacitracin 0.5 UNT/MG / neomycin 0.005 MG/MG / polymyxin B 10 UNT/MG Ophthalmic Ointment,SCD,A07AA01|D06AX04|S01AA03,S01AA03|S01AA18|S01AA32|S03AA01|S03AA03,,
308512,bacitracin 0.5 UNT/MG / polymyxin B 10 UNT/MG Topical Ointment,SCD,A07AA05|D06AX05|J01XB02|J01XX10|R02AB04|S01AA18|S02AA11|S03AA03,D06AX05,,
310477,50 ML gentamicin 1.6 MG/ML Injection,SCD,D06AX07|S03AA06,J01GB03,,
312140,oxiconazole 10 MG/ML Topical Lotion,SCD,D01AC11|G01AF17,D01AC11,,
996778,acetaminophen 150 MG / aspirin 180 MG / codeine phosphate 15 MG Oral Capsule,SCD,N02BE01|R05DA04,A01AD05|B01AC06|N02BA01|N02BE01|R05DA04,,
991456,ergocalciferol 400 UNT / vitamin A 10000 UNT Oral Tablet,SCD,A11CA01|A11CC01,A11CB,IMPROVED,A11CB
995088,chlorpheniramine maleate 0.286 MG/ML / codeine phosphate 1 MG/ML / pseudoephedrine hydrochloride 4.29 MG/ML Oral Suspension [Zodryl DAC],SBD,R01BA02|R05DA04|R06AB04,R05DA04,,
310863,hydrocortisone 5 MG/ML / iodoquinol 30 MG/ML Topical Cream,SCD,G01AC01,D07AA02|G01AC01,,
1087302,ascorbic acid 40 MG / ferrous fumarate 62.5 MG / folic acid 1 MG / niacin 3 MG / polysaccharide iron complex 62.5 MG Oral Capsule [Folivane-F],SBD,A11GA01|B03BB01,B03AE,,
995038,chlorpheniramine maleate 0.15 MG/ML / codeine phosphate 1 MG/ML / phenylephrine hydrochloride 0.5 MG/ML / potassium iodide 15 MG/ML Oral Solution [Pediacof],SBD,R05DA04|R06AB04,R01BA03|R05CA02|R05DA04|R06AB04|V03AB21,,
1992554,salicylic acid 0.17 MG/MG Topical Gel [Veraciti],SBD,D01AE12|N02BA04,D01AE12,,
995591,hydroxyzine hydrochloride 10 MG / pentaerythritol tetranitrate 10 MG Oral Tablet,SCD,N05BB01,A06AD14|C01DA05|N05BB01,,
998476,miconazole nitrate 10 MG/ML Injectable Solution [Monistat],SBD,A01AB09|D01AC02|G01AF04,J02AB01,BOTH_WRONG,J02AB01
644120,12 HR guaifenesin 800 MG / phenylephrine hydrochloride 30 MG Extended Release Oral Tablet,SCD,R05CA03,R01BA03|R05CA03,,
896315,chloroxylenol 0.00001 MG/MG / copper sulfate 0.000515 MG/MG Topical Powder,SCD,D08AE05|V03AB20,D08AE05,,
744624,amlodipine 10 MG / olmesartan medoxomil 20 MG Oral Tablet [Azor],SBD,C08CA01,C09DB02,,
885585,benzocaine 0.14 MG/MG / butamben 0.02 MG/MG / tetracaine 0.02 MG/MG Topical Gel [One Touch Reformulated Apr 2009],SBD,C05AD03|D04AB04|R02AD01,D04AB04|D04AB06,,
895887,ivermectin 0.136 MG / praziquantel 114 MG / pyrantel 114 MG Chewable Tablet [Iverhart Max],SBD,P02BA01|P02CC01,P02BA01|P02CC01|P02CF01,,
990988,physostigmine sulfate 0.0025 MG/MG Ophthalmic Ointment [Eserine Sulfate Ophthalmic],SBD,S01EB05|V03AB19,S01EB05,,
308616,potassium chloride 5.4 MEQ / Rauwolfia serpentina (USP) 50 MG Oral Tablet,SCD,C02AA04,A12BA01|C02AA04,,
311212,4-aminobenzoic acid 300 MG / salicylic acid 300 MG Delayed Release Oral Tablet,SCD,D02BA01,N02BA04|N02BA12,,
198592,dexpanthenol 20 MG/ML Topical Cream,SCD,A11HA30|D03AX03|S01XA12,D03AX03,,
1996189,0.5 ML buprenorphine 200 MG/ML Prefilled Syringe [Sublocade],SBD,N02AE01|N07BC01,N02AE01,,
1999330,vitamin E 0.03 MG/MG Medicated Patch,SCD,A11HA03,D02AX,,
995118,chlorpheniramine maleate 0.333 MG/ML / codeine phosphate 1 MG/ML Oral Suspension [Zodryl AC],SBD,R05DA04|R06AB04,R05DA04,,
351383,ciclopirox 7.7 MG/ML Topical Lotion [Loprox],SBD,D01AE14|G01AX12,D01AE14,,
2055289,salicylic acid 0.003 MG/MG Medicated Bar Soap,SCD,D01AE12|N02BA04,D01AE12,,
748806,{21 (ethinyl estradiol 0.05 MG / ethynodiol diacetate 1 MG Oral Tablet) / 7 (inert ingredients 1 MG Oral Tablet) } Pack,GPCK,G03DC06,G03AA01,,
708127,aluminum hydroxide 80 MG/ML / magnesium hydroxide 80 MG/ML / simethicone 8 MG/ML Oral Suspension [Mintox Plus],SBD,A02AB01,A02AD01,,
745464,penicillin G potassium 10000 UNT/ML Injectable Solution,SCD,J01CE08|J01CE09,J01CE01|J01CE08|J01CE09,,
979446,metaproterenol sulfate 2 MG/ML Oral Solution [Alupent],SBD,R03CB03,R03AB03|R03CB03,,
308268,recombinant antihemophilic factor VIII 100 UNT/ML Injectable Solution,SCD,B02BD02,B02BD02|B02BD14,,
994277,aspirin 325 MG / butalbital 50 MG / caffeine 40 MG / codeine phosphate 30 MG Oral Capsule [Fiorinal with Codeine],SBD,N06BC01|R05DA04,A01AD05|B01AC06|N02BA01|N06BC01|R05DA04,,
999618,salicylic acid 60 MG/ML Medicated Shampoo [Keralyt],SBD,D01AE12|N02BA04,D11AC30,,
315208,tobramycin 0.6 MG/ML Injectable Solution,SCD,J01GB01|S01AA12,J01GB01,,
1090041,penicillin G procaine 300000 UNT/ML Injectable Suspension [Agri-Cillin],SBD,J01CE09,J01CE01|J01CE09,,
2049388,betamethasone 0.284 MG/ML / gentamicin 0.57 MG/ML Topical Spray [Vetaderm],SBD,D06AX07|D07AC01|H02AB01|S01BA06|S03AA06|S03BA03,C05AA05|D06AX07|D07AC01|D07XC01,,
2047180,salicylic acid 0.006 MG/MG Medicated Bar Soap,SCD,D01AE12|N02BA04,D01AE12,,
207359,minocycline 10 MG/ML Oral Suspension [Minocin],SBD,A01AB23|J01AA08,J01AA08,,
315003,benzocaine 25 MG/ML / clove oil 25 MG/ML Mucous Membrane Topical Solution,SCD,C05AD03|D04AB04|R02AD01,D04AB04,,
800979,acetate 0.044 MEQ/ML / cysteine 0.2 MG/ML / histidine 2.5 MG/ML / isoleucine 5.6 MG/ML / leucine 8.8 MG/ML / lysine 9 MG/ML / methionine 8.8 MG/ML / phenylalanine 8.8 MG/ML / sodium bisulfite 0.5 MG/ML / sodium chloride 0.005 MEQ/ML / threonine 4 MG/ML / tryptophan 2 MG/ML / valine 6.4 MG/ML Injectable Solution [Nephramine],SBD,B05XB03|N06AX02|V03AB26,A12CA01|B05CB01|B05XA03|B05XB03|N06AX02|V03AB26,,
995493,ivermectin 0.8 MG/ML Oral Solution [Ivomec],SBD,D11AX22|P02CF01,P02CF01,,
849452,naproxen sodium 500 MG / sumatriptan 85 MG Oral Tablet [Treximet],SBD,N02CC01,N02CC51,,
208959,potassium chloride 1.33 MEQ/ML Oral Solution [Klorvess],SBD,A12BA01|B05XA01,A12BA01,,
211106,povidone-iodine 0.1 MG/MG Topical Ointment [Povidine],SBD,D08AG02,D08AG02|D09AA09|D11AC06,,
211138,povidone-iodine 10 MG/ML Topical Solution [Povidine],SBD,D08AG02|D09AA09|D11AC06|G01AX11|R02AA15,D08AG02|D09AA09|D11AC06,,
211611,hypromellose 10 MG/ML Ophthalmic Solution [Isopto Alkaline],SBD,S01KA02|S01XA20,S01KA02,,
212843,salicylic acid 20 MG/ML Topical Lotion [Sebasorb],SBD,D01AE12|N02BA04,D01AE12,,
213562,betamethasone 1 MG/ML Topical Cream [Valisone],SBD,D07AC01|H02AB01|S01BA06|S03BA03,C05AA05|D07AC01|D07XC01,,
214042,antipyrine 54 MG/ML / benzocaine 14 MG/ML Otic Solution [Auroto],SBD,C05AD03|D04AB04|R02AD01,S02DA03,,
856710,amitriptyline hydrochloride 10 MG / perphenazine 2 MG Oral Tablet [Etrafon],SBD,N05AB03|N06AA09|N06CA01,N05AB03|N06AA09,,
1234322,hydrocortisone acetate 0.01 MG/MG / pramoxine hydrochloride 0.01 MG/MG Topical Ointment [Pramosone],SBD,A01AC03|A07EA02|D07AA02|D07AB02|D07AB11|H02AB09|S01BA02,D07XA01,,
1190120,antipyrine 54 MG/ML / benzocaine 10 MG/ML / zinc acetate 10 MG/ML Otic Solution [Otozin],SBD,A16AX05,S02DA03,,
416750,zinc oxide 210 MG/ML Topical Cream,SCD,C05AX04,D02AB,,
543989,cromolyn 40 MG/ACTUAT Nasal Spray,SCD,A07EB01|S01GX01,R01AC01,,
579315,guaifenesin 900 MG / phenylephrine hydrochloride 30 MG Extended Release Oral Tablet,SCD,R05CA03,R01BA03|R05CA03,,
616763,ethanol 0.62 ML/ML Topical Foam,SCD,D08AX08|V03AB16|V03AZ01,D08AX08,,
602696,guaifenesin 1200 MG / phenylephrine hydrochloride 30 MG Extended Release Oral Tablet,SCD,R05CA03,R01BA03|R05CA03,,
857756,chlorpheniramine maleate 0.4 MG/ML / hydrocodone bitartrate 0.334 MG/ML / phenylephrine hydrochloride 1 MG/ML Oral Solution [Guiaphen HD],SBD,R05DA03|R06AB04,R01BA03|R05DA03|R06AB04,,
1006698,sulfacetamide sodium 100 MG/ML Ophthalmic Solution [S.O.S.S.],SBD,D10AB02,S01AB04,,
1014130,sodium chloride 2 MG/ML Nasal Spray [Rhinaris],SBD,A12CA01|B05BB01|B05CB01|B05XA03|S01XA03,R01AX,,
1046351,benzocaine 15 MG / menthol 10 MG Oral Lozenge,SCD,C05AD03|D04AB04|R02AD01,R02AD01,,
1046954,atropine sulfate 0.00388 MG/ML / hyoscyamine sulfate 0.0207 MG/ML / phenobarbital 3.24 MG/ML / scopolamine hydrobromide 0.0013 MG/ML Oral Solution [Spasquid],SBD,A03BA03|N03AA02,A03CB02,BOTH_WRONG,A03CB02
1046926,atropine sulfate 0.00388 MG/ML / hyoscyamine sulfate 0.0207 MG/ML / phenobarbital 3.24 MG/ML / scopolamine hydrobromide 0.0013 MG/ML Oral Solution [Elixiral],SBD,A03BA03|N03AA02,A03BA01|A03BA03|A04AD01|N03AA02|N05CM05,,
1049094,benzethonium chloride 1 MG/ML Topical Solution,SCD,D08AJ08|R02AA09,D08AJ08,,
1049293,benzalkonium chloride 1.3 MG/ML Topical Solution [Hy5],SBD,D08AJ01|D08AJ08|R02AA16,D08AJ01|D09AA11,,
1050665,salicylic acid 0.017 MG/MG Topical Gel,SCD,D01AE12|N02BA04,D01AE12,,
1085688,triamcinolone acetonide 5 MG/ML Topical Cream [Aristocort],SBD,A01AC01|H02AB08|R01AD11,C05AA12|D07AB09|D07XB02,,
1085635,triamcinolone acetonide 0.00025 MG/MG Topical Ointment [Aristocort],SBD,A01AC01|H02AB08|R01AD11,C05AA12|D07AB09|D07XB02,,
1043483,diclofenac sodium 10 MG/ML Topical Cream [Surpass Anti-Inflammatory],SBD,M01AB05|M02AA15|S01BC03,D11AX18|M02AA15,,
237703,ascorbic acid / hesperidin Oral Tablet,SCDF,A11GA01,A11GB,,
247990,salicylic acid 200 MG/ML Topical Solution,SCD,D01AE12|N02BA04,D01AE12,,
260125,prednisolone 25 MG/ML Injectable Suspension,SCD,A07EA01|H02AB06|S01BA04|S03BA02,H02AB06,,
260239,castor oil 793 MG/ML / Peruvian balsam 88.4 MG/ML Topical Spray,SCD,A06AB05,D02AX,,
307743,aluminum hydroxide 100 MG / magnesium trisilicate 150 MG / phenylbutazone 100 MG Oral Capsule,SCD,A02AB01,A02AB01|A02AB02|M01AA01,,
308087,aluminum hydroxide 80 MG / magnesium trisilicate 20 MG Chewable Tablet,SCD,A02AB01,A02AB01|A02AB02,,
1655179,chlorhexidine gluconate 40 MG/ML Medicated Liquid Soap [Scrub-Stat],SBD,A01AB03|D08AC02|R02AA05,D08AC02,,
1658245,50 ML magnesium sulfate 500 MG/ML Injection,SCD,A06AD04|B05XA05,B05XA05,,
1661076,chlorhexidine gluconate 40 MG/ML Medicated Liquid Soap [Exidine],SBD,A01AB03|D08AC02|R02AA05,D08AC02,,
1190334,24 HR fexofenadine hydrochloride 180 MG / pseudoephedrine hydrochloride 240 MG Extended Release Oral Tablet [Wal-Fex D],SBD,R01BA02|R06AX26,R01BA02,,
858863,chlorpheniramine maleate 0.4 MG/ML / hydrocodone bitartrate 0.5 MG/ML / phenylephrine hydrochloride 1 MG/ML Oral Solution [Tussive HC],SBD,R05DA03|R06AB04,R01BA03|R05DA03|R06AB04,,
860747,benzocaine 0.02 MG/MG / trimethobenzamide hydrochloride 200 MG Rectal Suppository [Tigan Adult],SBD,R06AA10,C05AD03|R06AA10,,
1010692,20 ML epinephrine 0.005 MG/ML / lidocaine hydrochloride 20 MG/ML Injection [Xylocaine with Epinephrine],SBD,C01CA24|D04AB01|N01BB02|R02AD02|S01EA01,N01BB02,,
1012081,benzalkonium chloride 1.3 MG/ML / lidocaine hydrochloride 20 MG/ML Topical Solution,SCD,D04AB01|D08AJ01|D08AJ08|N01BB02|R02AA16|R02AD02,D08AJ01|D08AJ08,,
284515,betamethasone 0.5 MG/ML / clotrimazole 10 MG/ML Topical Lotion [Lotrisone],SBD,D01AC01|D07AC01|H02AB01|S01BA06|S03BA03,C05AA05|D01AC01|D07AC01|D07XC01,,
1723868,chlorhexidine gluconate 20 MG/ML Medicated Liquid Soap [Exidine],SBD,A01AB03|D08AC02|R02AA05,D08AC02,,
1724486,diphenhydramine hydrochloride 20 MG/ML Topical Spray [The Itch Eraser],SBD,D04AA32|R06AA02,D04AA32,,
260688,povidone-iodine 100 MG/ML Douche [Betadine],SBD,D08AG02|D09AA09|D11AC06|G01AX11|R02AA15,G01AX11,IMPROVED,G01AX11
199189,capsaicin 0.25 MG/ML / menthol 40 MG/ML Topical Cream,SCD,N01BX04,M02AB01,,
313792,aluminum hydroxide 45 MG/ML / magnesium hydroxide 40 MG/ML Oral Suspension,SCD,A02AB01,A02AA04|A02AB01|A02AB02|G04BX01,,
404473,moxifloxacin 5 MG/ML Ophthalmic Solution [Vigamox],SBD,J01MA14,S01AE07,,
836344,200 ACTUAT ipratropium bromide 0.018 MG/ACTUAT Metered Dose Inhaler,SCD,R01AX03,R03BB01,IMPROVED,R03BB01
346298,salicylic acid 0.02 MG/MG Topical Gel,SCD,D01AE12|N02BA04,D01AE12,,
856806,amitriptyline hydrochloride 25 MG / perphenazine 2 MG Oral Tablet [Etrafon],SBD,N05AB03|N06AA09|N06CA01,N05AB03|N06AA09,,
857083,acetaminophen 650 MG / hydrocodone bitartrate 7.5 MG Oral Tablet,SCD,N02BE01|R05DA03,N02AJ22,,
210058,salicylic acid 0.03 MG/MG Topical Ointment [Panscol],SBD,D01AE12|N02BA04,D01AE12,,
1094214,diphenhydramine hydrochloride 2.5 MG/ML Oral Solution [Dytuss],SBD,D04AA32|R06AA02,R06AA02,,
1101637,"hyoscyamine sulfate 0.12 MG / methenamine 120 MG / methylene blue 10 MG / phenyl salicylate 36 MG / sodium phosphate, monobasic 40.8 MG Oral Capsule [Ustell]",SBD,A03BA03|G04BX12|J01XX05,G04BX12,,
1190034,benzethonium chloride 1.5 MG/ML / benzocaine 50 MG/ML Topical Spray,SCD,R02AA09,D04AB04|D08AJ08,,
998721,chlorpheniramine maleate 4 MG / phenylephrine hydrochloride 20 MG / phenyltoloxamine citrate 50 MG Extended Release Oral Capsule,SCD,R06AB04,R01BA03|R06AB04,,
2044644,benzethonium chloride 0.001 MG/MG / thymol 0.001 MG/MG Topical Gel,SCD,R02AA09,D08AJ08,,
205257,"diphtheria toxoid vaccine, inactivated 4 UNT/ML / tetanus toxoid vaccine, inactivated 20 UNT/ML Injectable Suspension",SCD,J07AF01|J07AM01|J07AM51|J07CA02,J07AM51,,
205903,griseofulvin 125 MG Oral Tablet [Fulvicin P/G],SBD,D01BA01,D01AA08|D01BA01,,
995872,codeine phosphate 2 MG/ML / guaifenesin 20 MG/ML Oral Solution [Cheratussin],SBD,R05CA03|R05DA04,R05FA02,,
351380,ciclopirox 7.7 MG/ML Topical Cream [Loprox],SBD,D01AE14|G01AX12,D01AE14,,
830557,"0.5 ML acellular pertussis vaccine, inactivated 0.116 MG/ML / diphtheria toxoid vaccine, inactivated 50 UNT/ML / poliovirus vaccine inactivated, type 1 (Mahoney) 80 UNT/ML / poliovirus vaccine inactivated, type 2 (MEF-1) 16 UNT/ML / poliovirus vaccine inactivated, type 3 (Saukett) 64 UNT/ML / tetanus toxoid vaccine, inactivated 20 UNT/ML Prefilled Syringe [Kinrix]",SBD,J07AF01|J07AM01,J07CA,,
832917,sodium hyaluronate 3 MG/ML / urea 400 MG/ML Topical Lotion [Umecta PD],SBD,D02AE01|M09AX01,D02AE01,,
207249,oxiconazole 10 MG/ML Topical Lotion [Oxistat],SBD,D01AC11|G01AF17,D01AC11,,
847734,artemether 20 MG / lumefantrine 120 MG Oral Tablet [Coartem],SBD,P01BE02,P01BF01,,
849314,aspirin 227 MG / caffeine 32.4 MG / propoxyphene hydrochloride 65 MG Oral Capsule,SCD,N02AC04|N06BC01,A01AD05|B01AC06|N02AC04|N02BA01|N06BC01,,
857845,chlorpheniramine maleate 0.4 MG/ML / hydrocodone bitartrate 0.4 MG/ML / phenylephrine hydrochloride 1.5 MG/ML Oral Solution [Hydro-PC II],SBD,R05DA03|R06AB04,R01BA03|R05DA03|R06AB04,,
2182355,chlorpheniramine maleate 0.5 MG/ML / hydrocodone bitartrate 0.65 MG/ML / phenylephrine hydrochloride 1.6 MG/ML Oral Solution [Relasin HC],SBD,R05DA03|R06AB04,R01BA03|R05DA03|R06AB04,,
1112715,{28 (ethinyl estradiol 0.02 MG / levonorgestrel 0.09 MG Oral Tablet) } Pack [Amethyst 28 Day],BPCK,G03AC03|G03CA01,G03AA07,,
1234327,capsaicin 0.000625 MG/MG Topical Gel,SCD,N01BX04,M02AB01,,
1000946,sulfacetamide sodium 100 MG/ML / sulfur 40 MG/ML Medicated Pad,SCD,D10AB02,D10AF06,,
1005847,sulfacetamide sodium 100 MG/ML / sulfur 50 MG/ML Topical Cream [Rosac],SBD,D10AB02,D10AB02|D10AF06,,
1006733,sulfacetamide sodium 300 MG/ML Ophthalmic Solution [Sodium Sulamyd],SBD,D10AB02,S01AB04,,
1012008,prednisolone acetate 0.005 MG/MG / sulfacetamide sodium 0.1 MG/MG Ophthalmic Ointment [Vasocidin],SBD,A07EA01|D10AB02|H02AB06|S01BA04|S03BA02,S01AB04|S01BA04|S01CB02|S03BA02,,
1042821,salicylic acid 18 MG/ML Topical Spray,SCD,D01AE12|N02BA04,D01AE12,,
1085742,triamcinolone acetonide 0.25 MG/ML Topical Lotion [Kenalog],SBD,A01AC01|H02AB08|R01AD11,C05AA12|D07AB09|D07XB02,,
1085908,ethanol 0.72 ML/ML Topical Foam,SCD,D08AX08|V03AB16|V03AZ01,D08AX08,,
1654662,capsaicin 0.5 MG/ML / lidocaine 50 MG/ML Topical Cream,SCD,D04AB01|N01BB02|N01BX04|R02AD02,M02AX,,
1734942,zinc oxide 220 MG/ML Topical Cream [Z-Bum],SBD,C05AX04,D02AB,,
436525,zinc oxide 50 MG/ML Topical Cream,SCD,C05AX04,D02AB,,
562648,"belladonna extract, USP 16.2 MG / opium 60 MG Rectal Suppository",SCD,A07DA02,A07DA02|N02AA02,,
581736,allantoin 0.01 MG/MG / camphor 0.005 MG/MG / menthol 0.006 MG/MG / phenol 0.005 MG/MG Topical Ointment,SCD,D08AE03,D04AX,,
1010238,sulfacetamide sodium 80 MG/ML / sulfur 40 MG/ML Medicated Liquid Soap [Sumaxin],SBD,D10AB02,D10AF06,,
1048118,atropine sulfate 0.04 MG / chlorpheniramine maleate 8 MG / hyoscyamine sulfate 0.19 MG / phenylephrine hydrochloride 20 MG / scopolamine hydrobromide 0.01 MG Extended Release Oral Tablet,SCD,A03BA03|R06AB04,A03BA01|A03BA03|A04AD01|N05CM05|R01BA03|R06AB04,,
1049228,benzalkonium chloride 0.001 MG/MG Topical Gel,SCD,D08AJ01|D08AJ08|R02AA16,D08AJ01,,
283156,calcium carbonate 18 MG / potassium chloride 15 MG / sodium chloride 220 MG Oral Tablet,SCD,A12AA04|A12CA01|B05BB01|B05CB01|B05XA03|S01XA03,A02AC01|A12AA04|A12BA01|A12CA01|B05CB01,,
1738541,betamethasone 0.5 MG/ML Topical Spray [Sernivo],SBD,D07AC01|H02AB01|S01BA06|S03BA03,D07AC01,,
859312,guaifenesin 24 MG/ML / hydrocodone bitartrate 0.5 MG/ML / phenylephrine hydrochloride 1.2 MG/ML Oral Solution [Donatussin DC],SBD,R05CA03|R05DA03,R01BA03|R05CA03|R05DA03,,
1001012,oxymetazoline hydrochloride 0.5 MG/ML Nasal Spray [Four-Way],SBD,R01AA05,R01AA05|R01AB07,,
1114982,benzalkonium chloride 3.25 MG/ML Topical Cream [Mane 'N Tail Pro-Tect],SBD,D08AJ01|D08AJ08|R02AA16,D08AJ01,BOTH_WRONG,D08AJ01
1115594,"thioctic acid 50 MG / tocopherol,DL-alpha 100 UNT / ubidecarenone 30 MG Oral Capsule [Q-Gel with Lipoic Acid]",SBD,A11HA03|C01EB09,A11JC,,
581285,ampicillin 30 MG/ML / sulbactam 15 MG/ML Injectable Solution [Unasyn],SBD,J01CG01,J01CA01|J01CG01,,
1000151,estradiol cypionate 10 MG/ML / medroxyprogesterone acetate 50 MG/ML Injectable Suspension [Lunelle],SBD,G03CA03,G03AC06|G03CA03|G03DA02|L02AB02,,
1006057,sulfacetamide sodium 100 MG/ML / sulfur 50 MG/ML Medicated Liquid Soap [Rosanil],SBD,D10AB02,D10AF06,,
1044932,dimethicone 10 MG/ML Topical Cream [NeutrapHor],SBD,P03AX05,D02AA,,
1053146,mineral oil 0.319 MG/MG / petrolatum 0.577 MG/MG Ophthalmic Ointment [Stye],SBD,A06AA01,S01XA20,,
307749,aluminum hydroxide 45 MG/ML / calcium carbonate 50 MG/ML / magnesium hydroxide 40 MG/ML Oral Suspension,SCD,A02AB01,A02AA04|A02AB01|A02AB02|A02AC01|A12AA04|G04BX01,,
404081,ferrous fumarate 324 MG / folic acid 1 MG Oral Tablet [Ed Cyte F],SBD,B03BB01,B03AA02|B03BB01,,
1088744,miconazole nitrate 20 MG/ML Topical Spray [Hongo Killer Ultra],SBD,A01AB09|D01AC02|G01AF04,D01AC02,,
313246,tetracaine 10 MG/ML Topical Cream,SCD,C05AD02|D04AB06|N01BA03|S01HA03,D04AB06,,
359934,12 HR guaifenesin 600 MG / phenylephrine hydrochloride 25 MG Extended Release Oral Tablet,SCD,R05CA03,R01BA03|R05CA03,,
856935,fluorometholone 0.001 MG/MG Ophthalmic Ointment [FML],SBD,S01BA07,S01BA07|S01CB05,,
1113390,codeine phosphate 2 MG/ML / phenylephrine hydrochloride 1 MG/ML / promethazine hydrochloride 1.25 MG/ML Oral Solution [Pentazine VC],SBD,R05DA04,R01BA03|R05DA04|R06AD02,,
208411,fluorometholone 1 MG/ML Ophthalmic Suspension [Fluor-Op],SBD,S01BA07,S01BA07|S01CB05,,
562445,capsaicin 0.7 MG/ML Topical Cream,SCD,N01BX04,M02AB01,,
858778,hydrocodone bitartrate 5 MG / ibuprofen 200 MG Oral Tablet,SCD,R05DA03,N02AJ23,,
1049108,benzethonium chloride 2 MG/ML / benzocaine 200 MG/ML Topical Spray,SCD,R02AA09,D04AB04|D08AJ08,,
307758,aluminum hydroxide 400 MG / magnesium hydroxide 400 MG / simethicone 30 MG Chewable Tablet,SCD,A02AB01,A02AA04|A02AB01|A02AB02|G04BX01,,
307764,aluminum hydroxide 100 MG/ML / magnesium hydroxide 90 MG/ML / simethicone 8 MG/ML Oral Suspension,SCD,A02AB01,A02AA04|A02AB01|A02AB02|G04BX01,,
1720617,{1 (118 ML) (dimethicone 20 MG/ML Topical Cream) / 1 (80000 MG) (triamcinolone acetonide 1 MG/ML Topical Cream) } Pack,GPCK,P03AX05,D07AB09,,
1101332,dimethicone 200 MG/ML / petrolatum 250 MG/ML Topical Spray [Rash Relief Clear],SBD,P03AX05,D02AA,,
1234583,phenylephrine hydrochloride 5 MG/ML Nasal Solution [Neo-Synephrine],SBD,R01AA04,R01AA04|R01AB01|R01BA03,,
1012278,epinephrine 0.005 MG/ML / etidocaine hydrochloride 15 MG/ML Injectable Solution [Duranest with epinephrine],SBD,N01BB07,A01AD01|B02BC09|C01CA24|N01BB07|R03AA01,,
1747301,hydrogen peroxide 100 MG/ML / lactic acid 50 MG/ML Topical Solution,SCD,A01AB02|D08AX01|G01AD01,D08AX01,,
1804836,ethanol 0.76 ML/ML Topical Foam,SCD,D08AX08|V03AB16|V03AZ01,D08AX08,,
1807546,25 ML sodium chloride 4.5 MG/ML Injection,SCD,A12CA01|B05BB01|B05CB01|B05XA03|S01XA03,A12CA01|B05CB01|B05XA03,,
1808600,chloroxylenol 0.0026 MG/MG / triclosan 0.002 MG/MG Topical Ointment [Fungasol],SBD,D08AE05,D08AE04|D08AE05|D09AA06,,
1862084,lidocaine hydrochloride 0.025 MG/MG Topical Gel [BurnX],SBD,D04AB01|N01BB02|R02AD02,D04AB01,,
1862150,benzethonium chloride 2.5 MG/ML Topical Foam,SCD,R02AA09,D08AJ08,,
1874537,{7 (ethinyl estradiol 0.01 MG Oral Tablet) / 42 (ethinyl estradiol 0.02 MG / levonorgestrel 0.15 MG Oral Tablet) / 21 (ethinyl estradiol 0.025 MG / levonorgestrel 0.15 MG Oral Tablet) / 21 (ethinyl estradiol 0.03 MG / levonorgestrel 0.15 MG Oral Tablet) } Pack [Fayosim 91 Day],BPCK,G03AA07|G03CA01,G03AA07,,
1244592,{10 (12 HR chlorpheniramine maleate 8 MG / methscopolamine nitrate 2.5 MG Extended Release Oral Tablet [AlleRx PM]) / 10 (12 HR methscopolamine nitrate 2.5 MG / pseudoephedrine hydrochloride 120 MG Extended Release Oral Tablet [AlleRx AM]) } Pack [AlleRx Dose Pack 10],BPCK,R01BA02|R06AB04,A03BB03|R01BA02|R06AB04,,
1244936,calcium carbonate 1250 MG / cholecalciferol 100 UNT / vitamin K 0.04 MG Chewable Tablet,SCD,A11CC05,A12AX,,
1249710,dexamethasone sodium phosphate 0.2 MG/ML Injectable Solution,SCD,H02AB02|S01BA01,A01AC02|C05AA09|H02AB02|S03BA01,,
1292313,diphenhydramine hydrochloride 10 MG/ML / zinc acetate 1 MG/ML Topical Cream,SCD,A16AX05,D04AA32,,
1293508,caffeine 100 MG / ergotamine tartrate 2 MG Rectal Suppository,SCD,N02CA02|N02CA52|N06BC01,N02CA02|N02CA52,,
1303746,levocarnitine 20 MG / ubidecarenone 100 MG Oral Capsule,SCD,A16AA01|C01EB09,C01EX,IMPROVED,C01EX
1314932,hydrocortisone 10 MG/ML Topical Cream [Kera-HC],SBD,A01AC03|A07EA02|D07AA02|D07AB02|D07AB11|H02AB09|S01BA02,D07AA02,,
1359125,{28 (estradiol 0.5 MG / norethindrone acetate 0.1 MG Oral Tablet) } Pack [Activella 0.5/0.1 28 Day],BPCK,G03CA03,G03FA01,,
1360159,cromolyn sodium 0.8 MG/ACTUAT Metered Dose Inhaler [Intal],SBD,A07EB01|S01GX01,R03BC01,,
1360956,hydrocortisone acetate 25 MG/ML / pramoxine hydrochloride 10 MG/ML Topical Lotion [Analpram HC],SBD,A01AC03|A07EA02|D07AA02|D07AB02|D07AB11|H02AB09|S01BA02,D07XA01,,
1360949,hydrocortisone acetate 10 MG/ML Topical Cream [U-Cort],SBD,A01AC03|A07EA02|D07AA02|D07AB02|D07AB11|H02AB09|S01BA02,D07AA02,,
1363507,acetaminophen 650 MG / dexbrompheniramine maleate 2 MG / phenylephrine hydrochloride 10 MG Oral Tablet,SCD,N02BE01|R06AB06,N02BE01|R01BA03|R06AB06,,
1422560,salicylic acid 20 MG/ML Medicated Liquid Soap [Phisoderm Clear Confidence Body Wash],SBD,D01AE12|N02BA04,D01AE12,,
1428948,lidocaine 0.04 MG/MG / menthol 0.04 MG/MG Medicated Patch,SCD,D04AB01|N01BB02|R02AD02,D04AB01,,
197784,hydrocortisone 20 MG/ML Topical Lotion,SCD,A01AC03|A07EA02|D07AA02|D07AB02|D07AB11|H02AB09|S01BA02,D07AA02,,
1437709,brimonidine 0.0033 MG/MG Topical Gel [Mirvaso],SBD,S01EA05,D11AX21,,
1483194,benzalkonium chloride 1 MG/ML / benzocaine 200 MG/ML / menthol 2.5 MG/ML Topical Cream,SCD,C05AD03|D04AB04|D08AJ01|D08AJ08|R02AA16|R02AD01,D04AB04|D08AJ01|D09AA11,,
1485227,benzocaine 20 MG/ML / cetylpyridinium chloride 1 MG/ML / menthol 5 MG/ML Mucosal Spray [Orasep Reformulated Dec 2013],SBD,C05AD03|D04AB04|R02AD01,R02AA06,,
1536474,citric acid 1000 MG / potassium bicarbonate 344 MG / sodium bicarbonate 1050 MG Effervescent Oral Tablet,SCD,A09AB04,A02AH,,
1537198,hydrocortisone 0.5 MG/ML / lidocaine hydrochloride 0.5 MG/ML / pramoxine hydrochloride 2.5 MG/ML Medicated Shampoo,SCD,A01AC03|A07EA02|D04AB01|D07AA02|D07AB02|D07AB11|H02AB09|N01BB02|R02AD02|S01BA02,D04AB01|D04AB07|D07AA02,,
1543074,tripelennamine hydrochloride 20 MG/ML Topical Cream,SCD,D04AA04|R06AC04,D04AA04,,
1599173,salicylic acid 0.02 MG/MG Topical Gel [Benzac Acne Solutions],SBD,D01AE12|N02BA04,D01AE12,,
1605086,{21 (desogestrel 0.15 MG / ethinyl estradiol 0.03 MG Oral Tablet) / 7 (inert ingredients 1 MG Oral Tablet) } Pack [Juleber 28 Day],BPCK,G03AA09|G03AC09,G03AA09,,
1798358,Camphor 0.02 MG/MG / Lidocaine Hydrochloride 0.025 MG/MG / methyl salicylate 0.04 MG/MG Medicated Patch,SCD,D04AB01|N01BB02|R02AD02,D04AB01,,
1867996,30 ML epinephrine 0.005 MG/ML / lidocaine hydrochloride 15 MG/ML Injection,SCD,C01CA24|D04AB01|N01BB02|R02AD02|S01EA01,N01BB02,,
1944113,acetaminophen 250 MG / aspirin 250 MG / caffeine 65 MG Oral Tablet [Arthriten Max],SBD,N02BE01|N06BC01,A01AD05|B01AC06|N02BA01|N02BE01|N06BC01,,
1244571,chlorpheniramine maleate 8 MG / methscopolamine nitrate 2.5 MG / phenylephrine hydrochloride 10 MG Extended Release Oral Tablet,SCD,R06AB04,A03BB03|R01BA03|R06AB04,,
1293494,chlorpheniramine tannate 8 MG / phenylephrine tannate 25 MG / pyrilamine tannate 25 MG Oral Tablet,SCD,R06AB04,R01BA03|R06AB04|R06AC01,,
1294253,chlorhexidine gluconate 10 MG/ML Topical Solution [Tru-Blu C-Hex 110],SBD,D08AC02,D08AC02|D09AA12,,
1298273,diphenhydramine hydrochloride 25 MG / pseudoephedrine hydrochloride 60 MG Oral Tablet [Tavist NightTime Allergy],SBD,R01BA02,R01BA02|R06AA02,,
1300310,"0.5 ML Bordetella pertussis filamentous hemagglutinin vaccine, inactivated 0.01 MG/ML / Bordetella pertussis fimbriae 2/3 vaccine, inactivated 0.01 MG/ML / Bordetella pertussis pertactin vaccine, inactivated 0.006 MG/ML / Bordetella pertussis toxoid vaccine, inactivated 0.02 MG/ML / diphtheria toxoid vaccine, inactivated 30 UNT/ML / tetanus toxoid vaccine, inactivated 10 UNT/ML Injection [Daptacel]",SBD,J07AF01|J07AM01,J07AJ52,,
1302342,ethanol 0.734 ML/ML Topical Gel,SCD,D08AX08|V03AB16|V03AZ01,D08AX08,,
1367692,ethanol 0.6 ML/ML Topical Spray,SCD,D08AX08|V03AB16|V03AZ01,D08AX08,,
1428828,ascorbic acid 60 MG / cholecalciferol 0.01 MG / folic acid 0.3 MG / niacin 13.5 MG / riboflavin 1.2 MG / sodium fluoride 2.2 MG / thiamine 1.05 MG / vitamin A 0.75 MG / vitamin B12 0.0045 MG / vitamin B6 1.05 MG / vitamin E 15 UNT Chewable Tablet [MVC-Fluoride],SBD,A11CA01|A11DA01|A11GA01|A11HA03|A11HA04|B03BA01|B03BB01,A11AA,,
1438528,betamethasone 0.284 MG/ML / gentamicin 0.57 MG/ML Topical Spray [Gentaspray],SBD,D06AX07|D07AC01|H02AB01|S01BA06|S03AA06|S03BA03,C05AA05|D06AX07|D07AC01|D07XC01,,
1441831,doxylamine succinate 7.5 MG / phenylephrine hydrochloride 10 MG Oral Tablet,SCD,R06AA09,R01BA03|R06AA09,,
1442970,salicylic acid 20 MG/ML Topical Lotion [Clearasil Ultra Rapid Action],SBD,D01AE12|N02BA04,D01AE12,,
1539267,inositol 125 MG / niacin 500 MG Oral Tablet,SCD,A11HA07,A11JA,,
1548714,prednisolone acetate 10 MG/ML Ophthalmic Suspension [Omnipred],SBD,A07EA01|H02AB06|S01BA04|S03BA02,S01BA04|S01CB02|S03BA02,,
1599302,lidocaine 0.04 MG/MG / menthol 0.05 MG/MG / methyl salicylate 0.04 MG/MG Medicated Patch [LidoPro Patch],SBD,D04AB01|N01BB02|R02AD02,M02AC,,
1742037,chlorhexidine gluconate 30 MG/ML / salicyloyl phytosphingosine 0.5 MG/ML Topical Spray,SCD,A01AB03|D08AC02|R02AA05,D08AC02,,
1870631,100 ML gentamicin 1.2 MG/ML Injection,SCD,D06AX07|S03AA06,J01GB03,,
1247402,aspirin 845 MG / caffeine 65 MG Oral Powder [BC Original Formula],SBD,N06BC01,N02BA51,,
1249763,lidocaine 0.04 MG/MG / menthol 0.01 MG/MG Medicated Patch [Lidopatch],SBD,D04AB01|N01BB02|R02AD02,D04AB01,,
1250234,aluminum sulfate 8.42 MG/ML / calcium acetate 5.95 MG/ML Topical Solution,SCD,V03AE07,D08AB,,
1294342,pramoxine hydrochloride 0.01 MG/MG Topical Gel [Summers Eve Anti-Itch],SBD,C05AD07|D04AB07,D04AB07,,
1368300,salicylic acid 5 MG/ML Medicated Liquid Soap [Santalia Daily Cleanser],SBD,D01AE12|N02BA04,D01AE12,IMPROVED,D01AE12
1424386,pseudoephedrine hydrochloride 60 MG / tripelennamine hydrochloride 2.5 MG Oral Tablet,SCD,R01BA02,R01BA02|R06AC04,,
1433750,salicylic acid 20 MG/ML / sulfur 20 MG/ML Medicated Shampoo [Nova Pearls],SBD,D10AB02,D11AC08|D11AC30,,
1601660,atazanavir 300 MG / cobicistat 150 MG Oral Tablet [Evotaz],SBD,J05AE08|V03AX03,J05AR15,,
1655062,sulfacetamide sodium 98 MG/ML Topical Foam [Ovace],SBD,D10AB02,D10AF06,,
1657196,10 ML nivolumab 10 MG/ML Injection [Opdivo],SBD,L01XC17,L01FF01,,
1243786,"thrombin, bovine 2000 UNT/ML Nasal Spray [Thrombin-JMI]",SBD,B02BC06|B02BD30,B02BD30,,
1293834,hydrocortisone acetate 23.5 MG/ML / pramoxine hydrochloride 10 MG/ML Rectal Cream [ZyPram],SBD,A01AC03|A07EA02|D07AA02|D07AB02|D07AB11|H02AB09|S01BA02,C05AA01|C05AD07,,
1300155,benzethonium chloride 2 MG/ML / benzocaine 200 MG/ML Topical Spray [Lanacane],SBD,R02AA09,D04AB04|D08AJ08,,
1305089,{21 (ethinyl estradiol 0.03 MG / norgestrel 0.3 MG Oral Tablet) / 7 (inert ingredients 1 MG Oral Tablet) } Pack [Elinest 28 Day],BPCK,G03CA01,G03AA06,,
1495160,benzalkonium chloride 0.5 MG/ML / benzyl alcohol 0.02 ML/ML Topical Spray [Vetscription Anti-Itch],SBD,P03AX06,D08AJ01|D09AA11,,
1539435,hyaluronic acid 0.002 MG/MG Ophthalmic Gel [Optimend Corneal Repair],SBD,M09AX01,S01KA01,,
1599652,capsaicin 0.0003 MG/MG / menthol 0.05 MG/MG Medicated Patch,SCD,N01BX04,M02AB01,,
1542815,tetracycline hydrochloride 0.03 MG/MG Topical Ointment [Diabecline],SBD,D06AA04|J01AA07,D06AA04,,
1494206,zinc oxide 0.1 MG/MG Topical Ointment [Dr. Smith's Diaper Rash],SBD,C05AX04,D02AB,,
1549533,benzethonium chloride 2 MG/ML / dimethicone 20 MG/ML Topical Lotion,SCD,P03AX05|R02AA09,D08AJ08,,
702306,prednisolone 4 MG/ML Oral Solution,SCD,A07EA01|H02AB06|S01BA04|S03BA02,H02AB06,,
751877,{21 (ethinyl estradiol 0.035 MG / norethindrone 0.5 MG Oral Tablet) } Pack [Necon 0.5/35 21 Day],BPCK,G03AA05,G03AC01|G03CA01|G03DC02|L02AA03,,
706544,hydrocortisone 25 MG/ML Rectal Cream [Proctocream],SBD,A01AC03|A07EA02|D07AA02|D07AB02|D07AB11|H02AB09|S01BA02,C05AA01,,
724590,sodium chloride 30 MG/ML Inhalation Solution,SCD,A12CA01|B05BB01|B05CB01|B05XA03|S01XA03,R01AX,,
727822,5 ML sodium chloride 9 MG/ML Prefilled Syringe,SCD,B05BB01|B05CB01,B05XA03,,
876863,ascorbic acid 35 MG/ML / cholecalciferol 0.01 MG/ML / ferrous sulfate 50 MG/ML / niacin 8 MG/ML / riboflavin 0.6 MG/ML / thiamine 0.5 MG/ML / vitamin A 0.45 MG/ML / vitamin B6 0.4 MG/ML / vitamin E 2.25 MG/ML Oral Solution,SCD,A11CA01|A11DA01|A11GA01|A11HA03|A11HA04,A11CA01|A11CC05|A11DA01|A11GA01|A11HA03|A11HA04|B03AA07|C04AC01|C10AD02,,
205868,epinephrine 20 MG/ML Ophthalmic Solution [Glaucon],SBD,C01CA24|S01EA01,S01EA01,,
992797,dehydrocholic acid 250 MG / homatropine hydrobromide 2.5 MG / phenobarbital 8 MG Oral Tablet,SCD,N03AA02|S01FA05,N03AA02,BOTH_WRONG,N03AA02
993257,benzenesulfonic acid 5 MG/ML / hydrogen peroxide 5 MG/ML / lactic acid 17 MG/ML Topical Solution [Monarch Sentinel],SBD,A01AB02|D08AX01|G01AD01,D08AX01|D11AX25,,
310933,hypromellose 3 MG/ML Ophthalmic Solution,SCD,S01KA02|S01XA20,S01KA02,IMPROVED,S01KA02
1089194,phenylephrine hydrochloride 1.2 MG/ML / polyvinyl alcohol 0.014 ML/ML Ophthalmic Solution,SCD,R01AA04|S01FB01|S01XA20,S01GA05,,
1090623,guaifenesin 400 MG / pseudoephedrine hydrochloride 40 MG Oral Tablet,SCD,R01BA02|R05CA03,R05CA03,,
204525,"diphtheria toxoid vaccine, inactivated 30 UNT/ML / tetanus toxoid vaccine, inactivated 20 UNT/ML Injectable Suspension",SCD,J07AF01|J07AM01|J07AM51|J07CA02,J07AM51,,
966548,200 ACTUAT beclomethasone dipropionate 0.042 MG/ACTUAT Metered Dose Inhaler,SCD,D07AC15|R01AD01,R03BA01,,
310467,gentamicin 3 MG/ML Ophthalmic Solution,SCD,D06AX07|S03AA06,S01AA11,IMPROVED,S01AA11
1088546,acetaminophen 32 MG/ML / phenylephrine hydrochloride 0.5 MG/ML Oral Suspension,SCD,N02BE01,N02BE01|R01BA03,,
204638,salicylic acid 20 MG/ML / sulfur 20 MG/ML Medicated Shampoo,SCD,D10AB02,D01AE12|D11AC08,,
206522,hydrocortisone 10 MG/ML / neomycin 3.5 MG/ML / polymyxin B 10000 UNT/ML Otic Suspension [Cortomycin],SBD,A01AC03|A07AA01|A07EA02|D06AX04|D07AA02|D07AB02|D07AB11|H02AB09|S01AA03|S01BA02,S02CA03,,
1996206,cholecalciferol 0.094 MG / folic acid 1 MG Oral Tablet,SCD,A11CC05|B03BB01,B03BB01,,
313550,undecylenic acid 30 MG/ML / zinc undecylenate 200 MG/ML Topical Cream,SCD,D01AE04|D01AE20,D01AE04,,
315004,benzocaine 0.325 MG/MG / licorice 0.812 MG/MG / menthol 0.000325 MG/MG Oral Lozenge,SCD,C05AD03|D04AB04|R02AD01,R02AD01,,
882550,clindamycin phosphate 0.012 MG/MG / tretinoin 0.00025 MG/MG Topical Gel [Ziana],SBD,D10AD01|D10AF01|J01FF01|L01XX14,D10AD01,,
904255,potassium chloride 0.4 MEQ / sodium chloride 7.69 MEQ Oral Tablet,SCD,A12CA01|B05BB01|B05CB01|B05XA03|S01XA03,A12CX,,
701858,dapsone 0.05 MG/MG Topical Gel [Aczone],SBD,J04BA02,D10AX05,,
763116,acetaminophen 260 MG / aspirin 520 MG / caffeine 32.5 MG Oral Powder,SCD,N02BE01|N06BC01,N02BE01,,
866214,lanolin 0.18 MG/MG / petrolatum 0.48 MG/MG / zinc oxide 0.1 MG/MG Topical Ointment [Dr. Smith's Rash-n-All],SBD,C05AX04,D02AB|D02AC,,
308668,benzocaine 6 MG / menthol 10 MG Oral Lozenge,SCD,C05AD03|D04AB04|R02AD01,R02AD01,,
308909,calcium carbonate 100 MG/ML / simethicone 4 MG/ML Oral Suspension,SCD,A03AX13|A12AA04,A02AF02,,
309696,dexamethasone phosphate 10 MG/ML Injectable Solution,SCD,H02AB02|S01BA01,H02AB02,,
198384,isoniazid 50 MG / pyrazinamide 300 MG / rifampin 120 MG Oral Tablet,SCD,J04AB02|J04AC01|J04AK01,J04AM05,,
753457,Bacitracin 0.4 UNT/MG / Neomycin 0.0035 MG/MG / Polymyxin B 5 UNT/MG Topical Ointment [Neosporin Ointment],SBD,A07AA01|D06AX04|S01AA03,D06AX04|D06AX05,,
308894,calcium carbonate 200 MG/ML / simethicone 6 MG/ML Oral Solution,SCD,A03AX13|A12AA04,A02AF02,,
310688,hydrocortisone 0.01 MG/MG / neomycin 0.005 MG/MG / polymyxin B 10 UNT/MG Ophthalmic Ointment,SCD,A01AC03|A07AA01|A07EA02|D06AX04|D07AA02|D07AB02|D07AB11|H02AB09|S01AA03|S01BA02,S01CA03,,
631803,dimethicone 10 MG/ML / petrolatum 300 MG/ML Topical Cream,SCD,P03AX05,D02AA|D02AC,,
647328,guaifenesin 40 MG/ML / phenylephrine hydrochloride 1.5 MG/ML Oral Solution,SCD,R05CA03,R01BA53|R05CA03,,
644148,sodium chloride 26.5 MG/ML Nasal Spray,SCD,A12CA01|B05BB01|B05CB01|B05XA03|S01XA03,R01AX,,
749787,{21 (ethinyl estradiol 0.03 MG / norgestrel 0.3 MG Oral Tablet) / 7 (inert ingredients 1 MG Oral Tablet) } Pack [Lo/Ovral 28 Day],BPCK,G03CA01,G03AA06,,
701128,hydrocortisone 20 MG/ML / iodoquinol 10 MG/ML Rectal Cream [Lodocortisone],SBD,G01AC01,C05AA01,,
2001430,efavirenz 400 MG / lamivudine 300 MG / tenofovir disoproxil fumarate 300 MG Oral Tablet [Symfi],SBD,J05AF05|J05AF07|J05AG03,J05AR11,,
371774,glucose / sodium chloride Injectable Solution,SCDF,A12CA01|B05BA03|B05BB01|B05CB01|B05XA03|S01XA03|V06DC01,B05BB01,,
800420,alanine 8.8 MG/ML / arginine 4.89 MG/ML / glucose 50 MG/ML / glycine 4.38 MG/ML / histidine 2.04 MG/ML / isoleucine 2.55 MG/ML / leucine 3.11 MG/ML / lysine 2.47 MG/ML / methionine 1.7 MG/ML / phenylalanine 2.38 MG/ML / proline 2.89 MG/ML / serine 2.13 MG/ML / threonine 1.79 MG/ML / tryptophan 0.77 MG/ML / tyrosine 0.17 MG/ML / valine 2.47 MG/ML Injectable Solution [Clinimix 4.25/5],SBD,B05CX03|B05XB03|N06AX02|V03AB26,B05BA01,,
896821,opium 20 MG/ML Injectable Solution,SCD,A07DA02,N02AA02,,
998538,miconazole nitrate 20 MG/ML Topical Spray [Micatin],SBD,A01AB09|D01AC02|G01AF04,D01AC02,,
645649,tretinoin 0.0001 MG/MG Topical Gel [Tretin X],SBD,D10AD01|L01XX14,D10AD01,,
309368,clotrimazole 10 MG/ML Vaginal Cream,SCD,D01AC01,G01AF02,,
311447,1000 ML mannitol 100 MG/ML Injection,SCD,A06AD16,B05BC01,,
198335,sulfamethoxazole 800 MG / trimethoprim 160 MG Oral Tablet,SCD,J01EA01|J01EC01,J01EE01,,
198380,tioconazole 0.065 MG/MG Vaginal Ointment,SCD,D01AC07|G01AF08,G01AF08,,
1995466,neomycin sulfate 200 MG/ML Oral Solution,SCD,A07AA01|D06AX04|S01AA03,A07AA01,IMPROVED,A07AA01
997512,12 HR fexofenadine hydrochloride 60 MG / pseudoephedrine hydrochloride 120 MG Extended Release Oral Tablet [Allegra-D],SBD,R01BA02|R06AX26,R01BA02,,
800662,"glucose 50 MG/ML / potassium chloride 0.0149 MEQ/ML / potassium lactate 0.02 MEQ/ML / sodium chloride 0.025 MEQ/ML / sodium phosphate, monobasic 2.07 MG/ML Injectable Solution",SCD,B05XA15,A12BA01|A12CA01|B05CB01|B05CX01|B05XA01|B05XA03|B05XA15|V04CA02|V06DC01,,
898715,pregabalin 20 MG/ML Oral Solution,SCD,N02BF02|N03AX16,N02BF02,,
809346,benzoic acid 0.06 MG/MG / salicylic acid 0.12 MG/MG Topical Ointment,SCD,D01AE12|N02BA04,D01AE20,,
198315,hydrochlorothiazide 50 MG / triamterene 50 MG Oral Tablet,SCD,C03AA03|C03DB02,C03EA01,,
1986365,salicylic acid 280 MG/ML Topical Solution [Xalix],SBD,D01AE12|N02BA04,D01AE12,,
205534,desonide 0.5 MG/ML Topical Lotion [Desowen],SBD,D07AB08|S01BA11,D07AB08,,
995095,chlorpheniramine maleate 0.286 MG/ML / codeine phosphate 1 MG/ML Oral Suspension [Zodryl AC],SBD,R05DA04|R06AB04,R05DA04,,
834164,chlorhexidine gluconate 40 MG/ML Medicated Liquid Soap [Chlorostat 4],SBD,A01AB03|D08AC02|R02AA05,D08AC02,,
834175,chlorhexidine gluconate 5 MG/ML Medicated Pad [Hibistat],SBD,A01AB03|D08AC02|R02AA05,D08AC02,,
2105785,neomycin 0.025 MG/MG / nystatin 100 UNT/MG / thiostrepton 2.5 UNT/MG / triamcinolone 0.001 MG/MG Topical Ointment [Dermalone],SBD,A01AB11|A01AC01|A07AA01|A07AA02|D01AA01|D06AX04|H02AB08|R01AD11|S01AA03,D01AA01|D06AX04|D07AB09,,
2119805,lidocaine 0.02 MG/MG / menthol 0.03 MG/MG Topical Gel,SCD,D04AB01|N01BB02|R02AD02,D04AB01,,
2183684,chlorpheniramine tannate 1.6 MG/ML / phenylephrine tannate 2 MG/ML Extended Release Suspension,SCD,R06AB04,R01BA53,,
1095682,capsaicin 0.35 MG/ML / menthol 50 MG/ML / methyl salicylate 200 MG/ML Topical Cream,SCD,N01BX04,M02AB01|M02AC,,
1099897,{24 (ethinyl estradiol 0.025 MG / norethindrone 0.8 MG Chewable Tablet) / 4 (ferrous fumarate 75 MG Chewable Tablet) } Pack [Generess Fe 28],BPCK,B03AA02|G03CA01|G03DC02,B03AA02|G03AA05,,
1101849,phenol 14 MG/ML Mucosal Spray [Chloraseptic Spray],SBD,D08AE03,N01BX03,,
857608,brompheniramine maleate 0.8 MG/ML / hydrocodone bitartrate 0.5 MG/ML / phenylephrine hydrochloride 1.5 MG/ML Oral Solution,SCD,R05DA03|R06AB01,R01BA53|R05DA03|R06AB51,,
1189206,Hydrocortisone 10 MG/ML Topical Cream [Neosporin Eczema],SBD,A01AC03|A07EA02|D07AA02|D07AB02|D07AB11|H02AB09|S01BA02,D07AA02,,
485348,hydrocortisone 10 MG/ML / neomycin 5 MG/ML / polymyxin B 10000 UNT/ML Ophthalmic Solution,SCD,A01AC03|A07AA01|A07EA02|D06AX04|D07AA02|D07AB02|D07AB11|H02AB09|S01AA03|S01BA02,S01CA03,,
584503,antipyrine 54 MG/ML / benzocaine 14 MG/ML Otic Solution [Auroguard],SBD,C05AD03|D04AB04|R02AD01,S02DA03,,
603589,carbetapentane tannate 6 MG/ML / chlorpheniramine tannate 0.8 MG/ML / phenylephrine tannate 2.5 MG/ML Extended Release Suspension,SCD,R05DB05|R06AB04,R01BA53|R06AB54,,
1000373,medroxyprogesterone acetate 100 MG/ML Injectable Suspension,SCD,G03DA02|L02AB02,G03AC06|G03DA02|L02AB02,,
1001082,epinephrine 10 MG/ML / pilocarpine hydrochloride 20 MG/ML Ophthalmic Solution,SCD,C01CA24|N07AX01|S01EA01|S01EB01,S01EA01|S01EB01,,
1012025,prednisolone sodium phosphate 2.5 MG/ML / sulfacetamide sodium 100 MG/ML Ophthalmic Solution [Vasocidin],SBD,A07EA01|D10AB02|H02AB06|S01BA04|S03BA02,S01CA02,,
1012354,hydrocortisone acetate 5 MG/ML / lidocaine hydrochloride 30 MG/ML Rectal Cream [Lidazone],SBD,A01AC03|A07EA02|D04AB01|D07AA02|D07AB02|D07AB11|H02AB09|N01BB02|R02AD02|S01BA02,C05AA01|C05AD01,,
1014573,12 HR cetirizine hydrochloride 5 MG / pseudoephedrine hydrochloride 120 MG Extended Release Oral Tablet [Aller-Tec D],SBD,R01BA02|R06AE07,R01BA02,,
1041807,ethanol 0.63 ML/ML Topical Solution,SCD,D08AX08|V03AB16|V03AZ01,D08AX08,IMPROVED,D08AX08
1046307,gentamicin 3 MG/ML Ophthalmic Solution [Garamycin],SBD,D06AX07|S03AA06,S01AA11,,
1049178,benzethonium chloride 12.5 MG/ML Topical Foam [WhiskCare 357],SBD,D08AJ08|R02AA09,D08AJ08,,
1053304,salicylic acid 10 MG/ML Topical Solution [Natural Acne Solutions],SBD,D01AE12|N02BA04,D01AE12,,
1053736,nystatin 100 UNT/MG / triamcinolone acetonide 0.001 MG/MG Topical Ointment [Nyst-Olone],SBD,A01AB11|A01AC01|A07AA02|D01AA01|H02AB08|R01AD11,D01AA01|D07AB09,,
1053705,nystatin 100 UNT/MG / triamcinolone acetonide 0.001 MG/MG Topical Ointment [Myco-Triacet],SBD,A01AB11|A01AC01|A07AA02|D01AA01|H02AB08|R01AD11,D01AA01|D07AB09,,
1657016,1.8 ML epinephrine 0.02 MG/ML / lidocaine hydrochloride 20 MG/ML Cartridge,SCD,C01CA24|D04AB01|N01BB02|R02AD02|S01EA01,N01BB52,,
1012235,hydrocortisone acetate 5 MG/ML / lidocaine hydrochloride 30 MG/ML Rectal Cream,SCD,A01AC03|A07EA02|D04AB01|D07AA02|D07AB02|D07AB11|H02AB09|N01BB02|R02AD02|S01BA02,C05AA01,,
1013053,lidocaine hydrochloride 20 MG/ML Injectable Solution [Truxacaine],SBD,D04AB01|N01BB02|R02AD02,N01BB02,,
1039685,salicylic acid 5 MG/ML Medicated Liquid Soap [Ambi Even & Clear],SBD,D01AE12|N02BA04,D01AE12,,
284275,prednisolone 1 MG/ML Oral Solution [Prelone],SBD,A07EA01|H02AB06|S01BA04|S03BA02,H02AB06,,
307650,abacavir 300 MG / lamivudine 150 MG / zidovudine 300 MG Oral Tablet,SCD,J05AF01|J05AF05|J05AF06,J05AR04,,
1658180,Salicylic Acid 15 MG/ML Topical Cream [Proactiv Cleansing],SBD,D01AE12|N02BA04,D01AE12,,
1012002,prednisolone acetate 0.005 MG/MG / sulfacetamide sodium 0.1 MG/MG Ophthalmic Ointment [AK-Cide],SBD,A07EA01|D10AB02|H02AB06|S01BA04|S03BA02,S01CA02,,
1668250,10 ML calcium gluconate 100 MG/ML Injection,SCD,A12AA03,B05XA19,,
1010673,lidocaine hydrochloride 20 MG/ML Injectable Solution [Xylocaine],SBD,D04AB01|N01BB02|R02AD02,N01BB02,,
199213,salicylic acid 120 MG/ML Topical Solution,SCD,D01AE12|N02BA04,D01AE12,,
1994404,salicylic acid 0.005 MG/MG Medicated Patch,SCD,D01AE12|N02BA04,D01AE12,,
312997,sodium chloride 9 MG/ML Inhalation Solution,SCD,A12CA01|B05BB01|B05CB01|B05XA03|S01XA03,R01AX,,
824590,biotin 0.8 MG / calcium carbonate 488 MG Oral Tablet,SCD,A11HA05,A11JB,,
310664,guanethidine 10 MG / hydrochlorothiazide 25 MG Oral Tablet,SCD,C03AA03,C02LF01,,
801644,alanine 20.7 MG/ML / arginine 11.5 MG/ML / glycine 10.3 MG/ML / histidine 4.8 MG/ML / isoleucine 6 MG/ML / leucine 7.3 MG/ML / lysine 5.8 MG/ML / methionine 4 MG/ML / phenylalanine 5.6 MG/ML / proline 6.8 MG/ML / serine 5 MG/ML / threonine 4.2 MG/ML / tryptophan 1.8 MG/ML / tyrosine 0.4 MG/ML / valine 5.8 MG/ML Injectable Solution,SCD,B05CX03|B05XB03|N06AX02|V03AB26,B05BA01,,
208221,benzocaine 0.1 MG/MG Topical Ointment [Anacaine],SBD,C05AD03|D04AB04|R02AD01,D04AB04,,
2109606,benzalkonium chloride 0.8 MG/ML / ethanol 0.659 MG/ML Medicated Liquid Soap,SCD,D08AJ01|D08AJ08|R02AA16,D08AJ01|D08AX08,,
212841,salicylic acid 5 MG/ML Topical Solution [Propa P.H. Skin Cleanser Normal/Sensitive],SBD,D01AE12|N02BA04,D01AE12,,
1099602,pseudoephedrine hydrochloride 60 MG / triprolidine hydrochloride 2.5 MG Oral Tablet [Histafed],SBD,R01BA02|R01BA52|R06AX07,R01BA52|R06AX07,,
1145348,folic acid 2.2 MG / vitamin B12 1 MG / vitamin B6 25 MG Oral Tablet [Folgard],SBD,B03BA01|B03BB01,A11JA,,
206225,erythromycin 20 MG/ML Topical Solution [Erythra-Derm],SBD,J01FA01,D10AF02,,
312973,5 ML sodium bicarbonate 40 MG/ML Injection,SCD,B05CB04|B05XA02,B05XA02,,
856797,amitriptyline hydrochloride 25 MG / perphenazine 2 MG Oral Tablet,SCD,N05AB03|N06AA09|N06CA01,N06CA01,,
210780,ascorbic acid 500 MG / ferrous sulfate 105 MG Extended Release Oral Tablet [Fero-Grad],SBD,A11GA01,A11GA01|B03AA07,,
1099869,calcium carbonate 1200 MG / cholecalciferol 1000 UNT Chewable Tablet,SCD,A11CC05,A12AX,,
422998,salicylic acid 60 MG/ML Topical Lotion,SCD,D01AE12|N02BA04,D01AE12,,
859153,chlorpheniramine maleate 0.4 MG/ML / hydrocodone bitartrate 1 MG/ML / phenylephrine hydrochloride 2 MG/ML Oral Solution [Mintuss MS],SBD,R05DA03|R06AB04,R01BA53|R05DA03|R06AB54,,
1000153,1 ML medroxyprogesterone acetate 150 MG/ML Prefilled Syringe,SCD,G03DA02|L02AB02,L02AB02,,
1000976,sulfacetamide sodium 100 MG/ML / sulfur 40 MG/ML Medicated Pad [Sumaxin],SBD,D10AB02,D10AF06,,
1006683,sulfacetamide sodium 100 MG/ML Topical Cream,SCD,D10AB02,D10AF06,,
1012272,epinephrine 0.005 MG/ML / etidocaine hydrochloride 10 MG/ML Injectable Solution [Duranest with epinephrine],SBD,N01BB07,N01BB57,,
1013731,phenylephrine hydrochloride 10 MG / pyrilamine maleate 25 MG Oral Tablet,SCD,R01AA04|S01FB01|S01XA20,R01BA53|R06AC01,,
1046596,naphazoline hydrochloride 0.2 MG/ML / zinc sulfate 2.5 MG/ML Ophthalmic Solution,SCD,A12CB01,S01GA01,,
1046704,benzalkonium chloride 0.0013 MG/MG / menthol 0.01 MG/MG / petrolatum 0.97 MG/MG Topical Ointment [Herpetrol],SBD,D08AJ01|D08AJ08|R02AA16,D08AJ01,,
1049176,benzethonium chloride 0.0015 MG/MG / diphenhydramine hydrochloride 0.02 MG/MG / zinc acetate 0.00215 MG/MG Topical Gel [Calagel],SBD,A16AX05|R02AA09,D04AA32|D08AJ08,IMPROVED,D04AA32|D08AJ08
1053859,ammonium lactate 100 MG/ML / urea 200 MG/ML Topical Cream [Carb-O-Lac],SBD,D02AE01|G01AD01,D02AE01,,
1085987,triamcinolone acetonide 3 MG/ML Injectable Suspension [TAC],SBD,A01AC01|H02AB08|R01AD11,H02AB08,,
244399,flurandrenolide 0.5 MG/ML / neomycin 5 MG/ML Topical Cream,SCD,D07AC07,D07CC03,,
283224,capsaicin 0.25 MG/ML / menthol 10 MG/ML / methyl salicylate 120 MG/ML Topical Cream,SCD,N01BX04,M02AB01|M02AC,,
1658308,salicylic acid 20 MG/ML Topical Cream [Nuvileo],SBD,D01AE12|N02BA04,D01AE12,,
860103,ketorolac tromethamine 4 MG/ML Ophthalmic Solution,SCD,M01AB15|S01BC05,S01BC05,,
1000682,sulfacetamide sodium 0.1 MG/MG Ophthalmic Ointment [Cetamide],SBD,D10AB02,S01AB04,,
1739875,lidocaine 0.036 MG/MG / menthol 0.0125 MG/MG Medicated Patch [Lidopatch],SBD,D04AB01|N01BB02|R02AD02,D04AB01,,
1115980,ephedrine hydrochloride 1.6 MG/ML / potassium iodide 30 MG/ML Oral Solution,SCD,R01AA03|R03CA02,R03CA02|R05CA02,,
1116971,capsaicin 0.25 MG/ML / menthol 100 MG/ML / methyl salicylate 300 MG/ML Topical Lotion [Dendracin Neurodendraxcin],SBD,N01BX04,M02AB01|M02AC,,
603646,carbetapentane tannate 6 MG/ML / phenylephrine tannate 1 MG/ML / pyrilamine tannate 6 MG/ML Oral Suspension [C-Tanna 12D],SBD,R05DB05,R01BA53|R05DB05|R06AC01,BOTH_WRONG,R01BA53|R05DB05|R06AC01
860164,guaifenesin 20 MG/ML / hydrocodone bitartrate 0.8 MG/ML / phenylephrine hydrochloride 2 MG/ML Oral Solution [MonteFlu HC],SBD,R05CA03|R05DA03,R01BA53|R05CA03|R05DA03,,
1042818,salicylic acid 0.02 MG/MG Topical Gel [GM Collin Puracne],SBD,D01AE12|N02BA04,D01AE12,,
1043539,capsaicin 0.00025 MG/MG / menthol 0.1 MG/MG Topical Gel [Capzasin Quick Relief],SBD,N01BX04,M02AB01,,
1039339,ethanol 0.8 ML/ML Topical Solution,SCD,D08AX08|V03AB16|V03AZ01,D08AX08,,
244642,dimethicone 20 MG/ML Topical Cream,SCD,P03AX05,D02AA,,
311368,lopinavir 133 MG / ritonavir 33.3 MG Oral Capsule,SCD,J05AE03,J05AR10,,
2003662,"fibrinogen, human 106 MG/ML / thrombin, human 625 UNT/ML Topical Solution [Tisseel]",SBD,B05XA07,B02BC30,,
204919,zinc oxide 0.25 MG/MG Paste,SCD,C05AX04,D02AB,,
402092,cyclosporine 0.5 MG/ML Ophthalmic Suspension [Restasis],SBD,L04AD01,S01XA18,,
884202,chlorthalidone 15 MG / clonidine hydrochloride 0.2 MG Oral Tablet [Clorpres],SBD,C03BA04,C02AC01|C03BA04,,
1098161,sodium hyaluronate 1 MG/ML Topical Lotion,SCD,M09AX01,D03AX05,,
1101845,phenol 14 MG/ML Mucosal Spray [Mycinette Sore Throat Spray],SBD,D08AE03,N01BX03,,
2106103,zinc oxide 99 MG/ML Topical Cream,SCD,C05AX04,D02AB,,
404032,Twice-Daily clindamycin 0.01 MG/MG Topical Gel [Clindamax],SBD,D10AF01|J01FF01,D10AF01,,
1012757,carbinoxamine maleate 1 MG/ML / phenylephrine hydrochloride 2 MG/ML Oral Solution,SCD,R06AA08,R01BA53|R06AA08,IMPROVED,R01BA53|R06AA08
282739,chlorpheniramine maleate 0.4 MG/ML / phenylephrine hydrochloride 2 MG/ML / pyrilamine maleate 2 MG/ML Oral Solution,SCD,R06AB04,R01BA53|R06AB54|R06AC01,IMPROVED,R01BA53|R06AB54|R06AC01
308077,aluminum hydroxide 61.4 MG/ML / magnesium hydroxide 20.6 MG/ML Oral Suspension,SCD,A02AB01,A02AD01,,
1673147,3 ML bupivacaine hydrochloride 5 MG/ML / epinephrine 0.005 MG/ML Injection [Marcaine with Epinephrine],SBD,N01BB01,N01BB51,,
1049110,benzethonium chloride 2 MG/ML / benzocaine 32 MG/ML Topical Spray,SCD,R02AA09,D04AB04|D08AJ08,,
1740883,lidocaine 40 MG/ML / menthol 10 MG/ML Topical Cream [Doans Pain Relieving],SBD,D04AB01|N01BB02|R02AD02,D04AB01,,
1792775,aluminum phosphate 123.8 MG/ML / dimethicone 2 MG/ML / magnesium hydroxide 20 MG/ML Oral Suspension,SCD,A02AB03|P03AX05,A02AF02,,
1860241,50 ML potassium chloride 0.2 MEQ/ML Injection,SCD,A12BA01|B05XA01,A12BA01,,
1867999,5 ML epinephrine 0.005 MG/ML / lidocaine hydrochloride 15 MG/ML Injection [Xylocaine with Epinephrine],SBD,C01CA24|D04AB01|N01BB02|R02AD02|S01EA01,N01BB02,,
197383,atenolol 50 MG / chlorthalidone 25 MG Oral Tablet,SCD,C03BA04|C07AB03,C07CB03,,
197572,desonide 0.5 MG/ML Topical Lotion,SCD,D07AB08|S01BA11,D07AB08,,
1251335,{28 (ethinyl estradiol 0.0025 MG / norethindrone acetate 0.5 MG Oral Tablet) } Pack [Femhrt 0.5/2.5 28 Day],BPCK,G03CA01|G03DC02,G03FA01,,
1252016,{21 (desogestrel 0.15 MG / ethinyl estradiol 0.02 MG Oral Tablet) / 5 (ethinyl estradiol 0.01 MG Oral Tablet) / 2 (inert ingredients 1 MG Oral Tablet) } Pack [Viorele 28 Day],BPCK,G03AA09|G03AC09|G03CA01,G03AA09,,
1293472,chlorpheniramine tannate 0.9 MG/ML / phenylephrine tannate 1 MG/ML Oral Suspension,SCD,R06AB04,R01BA53|R06AB54,,
1293512,caffeine 100 MG / ergotamine tartrate 1 MG Oral Tablet [Wigraine],SBD,N02CA02|N02CA52|N06BC01,N02CA52|N06BC01,,
1293731,hydrocortisone acetate 10 MG/ML / pramoxine hydrochloride 10 MG/ML Rectal Cream [ProctoCream-HC],SBD,A01AC03|A07EA02|D07AA02|D07AB02|D07AB11|H02AB09|S01BA02,C05AA01|C05AD07,,
1294350,diphenhydramine hydrochloride 12.5 MG / phenylephrine hydrochloride 5 MG Chewable Tablet [Aldex CT],SBD,D04AA32|R01AA04|R06AA02|S01FB01|S01XA20,R01BA53|R06AA52,,
1294368,carbetapentane tannate 6 MG/ML / diphenhydramine tannate 5 MG/ML Extended Release Suspension,SCD,R05DB05,R06AA52,,
1294567,acetaminophen 500 MG / diphenhydramine hydrochloride 12.5 MG / pseudoephedrine hydrochloride 30 MG Oral Tablet,SCD,N02BE01|R01BA02,N02BE01|R01BA52|R06AA52,,
1299764,isoproterenol hydrochloride 0.31 MG/ML Inhalation Solution,SCD,C01CA02|R03AB02|R03CB01,R03AB02,,
1300363,salicylic acid 0.02 MG/MG Topical Gel [No Zit Sherlock],SBD,D01AE12|N02BA04,D01AE12,,
1313785,cysteamine 4.4 MG/ML Ophthalmic Solution [Cystaran],SBD,A16AA04,S01XA21,,
1356330,camphor 14.8 MG/ML / capsaicin 0.056 MG/ML / menthol 39.5 MG/ML / methyl salicylate 39.5 MG/ML / peppermint oil 19.5 MG/ML / zinc oxide 188 MG/ML Medicated Pad,SCD,C05AX04|N01BX04,M02AB01|M02AC,,
1356527,ivermectin 0.272 MG / praziquantel 228 MG / pyrantel 228 MG Chewable Tablet [Quadriguard],SBD,P02BA01|P02CC01,P02BA01|P02CC01|P02CF01,,
1359352,bacitracin 0.5 UNT/MG / neomycin 0.0035 MG/MG / polymyxin B 10 UNT/MG / pramoxine hydrochloride 0.01 MG/MG Topical Ointment [Atopalm First Aid Moisturizing and Pain Relief],SBD,A07AA01|D06AX04|S01AA03,D04AB07|D06AX04|D06AX05,,
1363770,phenylephrine tannate 2 MG/ML Extended Release Suspension,SCD,R01AA04|S01FB01|S01XA20,R01BA03,,
1364392,salicylic acid 20 MG/ML Medicated Liquid Soap [Stridex],SBD,D01AE12|N02BA04,D01AE12,,
1367212,acetaminophen 500 MG / phenylephrine hydrochloride 15 MG Oral Tablet,SCD,N02BE01,N02BE01|R01BA53,,
198001,bendroflumethiazide 5 MG / nadolol 80 MG Oral Tablet,SCD,C03AA01|C07AA12|C07BA12,C07BA12,,
1442280,salicylic acid 20 MG/ML Medicated Pad [Cebatrol],SBD,D01AE12|N02BA04,D01AE12,,
1442714,salicylic acid 20 MG/ML Topical Cream [Zit Stick],SBD,D01AE12|N02BA04,D01AE12,,
1537095,{1 (acetaminophen 32.5 MG/ML / diphenhydramine hydrochloride 1.25 MG/ML / phenylephrine hydrochloride 0.5 MG/ML Oral Solution) / 1 (acetaminophen 32.5 MG/ML / guaifenesin 20 MG/ML / phenylephrine hydrochloride 0.5 MG/ML Oral Solution) } Pack,GPCK,N02BE01|R05CA03,N02BE01|R01BA53|R05CA03|R06AA52,,
1537071,benzalkonium chloride 1.3 MG/ML / lidocaine 40 MG/ML Medicated Liquid Soap,SCD,D04AB01|D08AJ01|D08AJ08|N01BB02|R02AA16|R02AD02,D04AB01|D08AJ01,,
1546164,ivermectin 5 MG/ML Topical Solution [Bimectin],SBD,D11AX22|P02CF01,D11AX22,,
1371365,chlorhexidine gluconate 20 MG/ML / ketoconazole 10 MG/ML Topical Spray,SCD,A01AB03|D01AC08|D08AC02|J02AB02|R02AA05,D01AC08|D08AC02,,
1918252,sodium fluoride 0.0008 MG/MG / sodium monofluorophosphate 0.004 MG/MG Toothpaste,SCD,A01AA01,A01AA30,,
1245259,povidone-iodine 65 MG/ML Medicated Liquid Soap [E-Z Scrub Povidone Iodine],SBD,D08AG02|D09AA09|D11AC06|G01AX11|R02AA15,D08AG02,IMPROVED,D08AG02
1247574,miconazole nitrate 20 MG/ML Topical Cream [Miranel],SBD,A01AB09|D01AC02|G01AF04,D01AC02,,
1292988,chlorpheniramine maleate 0.4 MG/ML / methscopolamine nitrate 0.3 MG/ML / phenylephrine hydrochloride 2 MG/ML Extended Release Suspension,SCD,R06AB04,A03BB03|R01BA53|R06AB54,IMPROVED,A03BB03|R01BA53|R06AB54
1302845,24 HR phentermine 3.75 MG / topiramate 23 MG Extended Release Oral Capsule [Qsymia],SBD,A08AA01|N03AX11,A08AA51,,
1357871,phenylephrine hydrochloride 1.56 MG/ML Oral Solution,SCD,R01AA04|S01FB01|S01XA20,R01BA03,,
1367214,acetaminophen 81 MG / phenylephrine hydrochloride 1.25 MG Chewable Tablet,SCD,N02BE01,N02BE01|R01BA53,,
1373130,lidocaine hydrochloride 0.04 MG/MG / menthol 0.01 MG/MG Medicated Patch,SCD,D04AB01|N01BB02|R02AD02,D04AB01,,
1430400,12 HR chlorpheniramine maleate 8 MG / methscopolamine nitrate 1.25 MG / pseudoephedrine hydrochloride 60 MG Extended Release Oral Tablet,SCD,R01BA02|R06AB04,A03BB03|R01BA52|R06AB54,,
1435267,betamethasone 0.284 MG/ML / gentamicin 0.57 MG/ML Topical Spray [Betagen brand of Betamethasone and Gentamicin],SBD,D06AX07|D07AC01|H02AB01|S01BA06|S03AA06|S03BA03,D07CC01,,
1435634,dyclonine hydrochloride 5 MG/ML / phenol 5 MG/ML Topical Cream,SCD,D08AE03,D08AE03|N01BX02,,
1435889,capsaicin 0.25 MG/ML / menthol 100 MG/ML / methyl salicylate 300 MG/ML Topical Lotion [Transanosil],SBD,N01BX04,M02AB01|M02AC,,
1486983,docusate sodium 20 MG/ML Enema,SCD,A06AA02,A06AG10,,
1534818,capsaicin 0.00025 MG/MG / menthol 0.1 MG/MG Topical Gel [Corisin],SBD,N01BX04,M02AB01,,
1542929,miconazole nitrate 0.02 MG/MG Vaginal Ointment [Femmesil],SBD,A01AB09|D01AC02|G01AF04,G01AF04,,
1591995,salicylic acid 20 MG/ML Medicated Liquid Soap [Kleer Plex],SBD,D01AE12|N02BA04,D01AE12,,
1594682,salicylic acid 1.9 MG/ML Medicated Pad,SCD,D01AE12|N02BA04,D01AE12,,
1737758,2 ML lidocaine hydrochloride 20 MG/ML Injection [Xylocaine],SBD,N01BB02,C01BB01,,
1799178,ascorbic acid 125 MG / iron carbonyl 65 MG Delayed Release Oral Tablet [Vitron-C Reformulated Jul 2016],SBD,A11GA01,A11GA01|B03AA,,
1870676,2 ML gentamicin 10 MG/ML Injection,SCD,D06AX07|S03AA06,J01GB03,,
1942757,coal tar 10 MG/ML / salicylic acid 20 MG/ML / sulfur 20 MG/ML Medicated Shampoo [Ala Seb T],SBD,D10AB02,D01AE12|D05AA|D11AC06,,
1291386,cetylpyridinium chloride 10 MG/ML / chloroxylenol 5 MG/ML / triacetin 120 MG/ML Topical Spray,SCD,D08AE05,D08AE05|D08AJ03,,
1297641,capsaicin 0.5 MG/ML / menthol 100 MG/ML / methyl salicylate 200 MG/ML Topical Lotion [Rock Sauce],SBD,N01BX04,M02AB01|M02AC,,
1304971,benzocaine 20 MG/ML / cetylpyridinium chloride 1 MG/ML / menthol 1.5 MG/ML / zinc chloride 1 MG/ML Mucous Membrane Topical Solution [Bucalsep],SBD,B05XA12,R02AA06,,
1366149,cholecalciferol 14000 UNT / vitamin E 34 UNT Oral Wafer [Replesta NX],SBD,A11CC05|A11HA03,A11JA,,
1424374,12 HR chlorpheniramine maleate 12 MG / methscopolamine nitrate 2.5 MG / phenylephrine hydrochloride 20 MG Extended Release Oral Tablet,SCD,R06AB04,A03BB03|R01BA53|R06AB54,,
1428025,ammonium lactate 120 MG/ML Topical Cream [Geri-Hydrolac],SBD,G01AD01,D02AE01,,
197771,hydrochlorothiazide 50 MG / reserpine 0.125 MG Oral Tablet,SCD,C02AA02|C03AA03,C02LA01,,
1546074,lidocaine hydrochloride 45 MG/ML Rectal Cream,SCD,D04AB01|N01BB02|R02AD02,C05AD01,,
1591982,dimethicone 0.018 MG/MG / zinc oxide 0.02 MG/MG Topical Ointment,SCD,P03AX05,D02AA|D02AB,IMPROVED,D02AA|D02AB
1592912,sulfadiazine 333 MG/ML / trimethoprim 67 MG/ML Oral Suspension [Equisul SDT],SBD,J01EA01|J01EC02,J01EE02,,
1737757,2 ML lidocaine hydrochloride 20 MG/ML Injection,SCD,N01BB02,C01BB01,,
1805278,lidocaine hydrochloride 10 MG/ML / pramoxine hydrochloride 10 MG/ML Medicated Shampoo,SCD,D04AB01|N01BB02|R02AD02,D04AB01|D04AB07,,
1876355,benzethonium chloride 1.2 MG/ML Topical Spray,SCD,R02AA09,D08AJ08,,
1246373,salicylic acid 20 MG/ML / zinc pyrithione 10 MG/ML Medicated Shampoo [X-Seb Plus],SBD,D11AX12,D01AE12|D11AX12,,
1300294,benzethonium chloride 2 MG/ML / benzocaine 200 MG/ML Topical Cream,SCD,R02AA09,D04AB04|D08AJ08,IMPROVED,D04AB04|D08AJ08
792052,hydrocortisone 20 MG/ML Topical Lotion [Coraz],SBD,A01AC03|A07EA02|D07AA02|D07AB02|D07AB11|H02AB09|S01BA02,D07AA02,,
639888,emtricitabine 200 MG / tenofovir disoproxil fumarate 300 MG Oral Tablet [Truvada],SBD,J05AF07|J05AF09,J05AR03,,
731541,2 ML penicillin G benzathine 300000 UNT/ML / penicillin G procaine 300000 UNT/ML Prefilled Syringe [Bicillin],SBD,J01CE08|J01CE09,J01CE08,,
798179,povidone-iodine 100 MG/ML Medicated Pad [Pharmadine],SBD,D08AG02|D09AA09|D11AC06|G01AX11|R02AA15,D08AG02,,
800241,alanine 9.93 MG/ML / arginine 10.2 MG/ML / aspartate 7 MG/ML / glutamate 7.38 MG/ML / glycine 5 MG/ML / histidine 3 MG/ML / isoleucine 6.6 MG/ML / leucine 10 MG/ML / lysine 10.5 MG/ML / methionine 1.72 MG/ML / phenylalanine 2.98 MG/ML / proline 7.22 MG/ML / serine 5.3 MG/ML / threonine 4 MG/ML / tryptophan 2 MG/ML / tyrosine 2.7 MG/ML / valine 5 MG/ML Injectable Solution [Aminosyn II 10 %],SBD,B05CX03|B05XB03|N06AX02|V03AB26,B05BA01,,
994528,aspirin 385 MG / caffeine 30 MG / orphenadrine citrate 25 MG Oral Tablet,SCD,N06BC01,M03BC01,,
311996,nitrofurazone 2 MG/ML Topical Cream,SCD,B05CA03|D08AF01|D09AA03|P01CC02|S01AX04|S02AA02,D08AF01,,
900580,sodium chloride 30 MG/ML Nasal Spray [Simply Saline],SBD,A12CA01|B05BB01|B05CB01|B05XA03|S01XA03,R01AX,,
308293,acetaminophen 180 MG / caffeine 30 MG / chlorpheniramine maleate 2 MG / phenylephrine hydrochloride 5 MG / pyrilamine maleate 10 MG Oral Tablet,SCD,N02BE01|N06BC01|R06AB04,N02BE01|N06BC01|R01BA53|R06AB54|R06AC01,,
1087410,24 HR ascorbic acid 500 MG / biotin 0.15 MG / copper sulfate 3 MG / dl-alpha tocopheryl acetate 30 UNT / docusate sodium 50 MG / folic acid 1 MG / iron carbonyl 150 MG / vitamin B12 0.06 MG Extended Release Oral Tablet [Hemax],SBD,A11GA01|A11HA03|A11HA05|B03BA01|B03BB01|V03AB20,B03AE04,,
311369,lopinavir 80 MG/ML / ritonavir 20 MG/ML Oral Solution,SCD,J05AE03,J05AR10,,
2003378,camphor 40 MG/ML / capsaicin 2.5 MG/ML / menthol 70 MG/ML / methyl salicylate 450 MG/ML Topical Oil,SCD,N01BX04,M02AB01|M02AC,,
207850,tobramycin 0.003 MG/MG Ophthalmic Ointment [Tobrex],SBD,J01GB01|S01AA12,S01AA12,,
790879,dexamethasone 1 MG/ML / neomycin 3.5 MG/ML Ophthalmic Solution [Neo-Decadron],SBD,A07AA01|D06AX04|H02AB02|S01AA03|S01BA01,S01CA01,,
308712,betamethasone 0.00025 MG/MG Topical Gel,SCD,D07AC01|H02AB01|S01BA06|S03BA03,D07AC01,,
308495,bacitracin 0.4 UNT/MG / neomycin 0.005 MG/MG / polymyxin B 10 UNT/MG Ophthalmic Ointment,SCD,A07AA01|D06AX04|S01AA03,S01AA30,,
2048979,1 ML ethanol 0.99 ML/ML Injection,SCD,D08AX08|V03AB16|V03AZ01,V03AZ01,,
996288,benzocaine 0.2 MG/MG Oral Gel [Hurricaine],SBD,R02AD01,N01BA05,,
312398,phenylephrine 0.0025 MG/MG Rectal Suppository,SCD,R01AA04|S01FB01|S01XA20,C05AX06,,
1089027,codeine phosphate 1 MG/ML / guaifenesin 20 MG/ML / pseudoephedrine hydrochloride 5 MG/ML Oral Suspension [Zodryl DEC],SBD,R01BA02|R05CA03|R05DA04,R01BA52|R05FA02,,
895664,diphenhydramine citrate 38 MG / ibuprofen 200 MG Oral Tablet,SCD,D04AA32|M01AE01|M01AE14|M02AA13|R06AA02,M01AE01|R06AA52,,
309340,clindamycin 9 MG/ML Injectable Solution,SCD,D10AF01|J01FF01,J01FF01,,
1992526,diphenhydramine hydrochloride 2.5 MG/ML / phenylephrine hydrochloride 1 MG/ML Oral Solution [Wal-Dryl PE],SBD,D04AA32|R01AA04|R06AA02|S01FB01|S01XA20,R01BA53|R06AA52,,
199161,salicylic acid 176 MG/ML Topical Solution,SCD,D01AE12|N02BA04,D01AE12,,
656866,castor oil 0.706 MG/MG / Peruvian balsam 0.0963 MG/MG / trypsin 0.00018 MG/MG Topical Ointment [Allanderm],SBD,A06AB05,D03BA01,,
637197,2 ML ibuprofen 10 MG/ML Injection [Neoprofen],SBD,M01AE01|M01AE14|M02AA13,C01EB16,BOTH_WRONG,C01EB16
979316,metaproterenol sulfate 50 MG/ML Inhalation Solution,SCD,R03CB03,R03AB03,,
895384,erythromycin ethylsuccinate 40 MG/ML / sulfisoxazole 120 MG/ML Oral Suspension [E.S.P.],SBD,J01FA01,J01EB05|J01FA01,,
899228,calcium lactate 0.0065 MEQ/ML / glucose 95.6 MG/ML / magnesium citrate 0.002 MEQ/ML / potassium chloride 0.0204 MEQ/ML / sodium chloride 0.198 MEQ/ML Oral Solution,SCD,A12AA05,A06AD19|A12AA05|A12BA01|A12CA01|A12CC04|B05CB01|B05CB03|B05CX01|V04CA02|V06DC01,,
308793,boric acid 0.05 MG/MG Ophthalmic Ointment,SCD,S02AA03,S01AX07,,
310595,gramicidin 0.025 MG/ML / neomycin 2.5 MG/ML / polymyxin B 10000 UNT/ML Ophthalmic Solution,SCD,R02AB30,S01AA30,,
1090641,triamcinolone acetonide 0.0005 MG/MG Topical Ointment,SCD,A01AC01|H02AB08|R01AD11,D07AB09,,
205795,gentamicin 3 MG/ML Ophthalmic Solution [Genoptic],SBD,D06AX07|S03AA06,S01AA11,,
347741,carbon monoxide 0.3 % / helium 10 % / nitrogen 68.7 % / oxygen 21 % Gas for Inhalation,SCD,V03AN01|V03AN03|V03AN04,V03AN01|V03AN03|V03AN04|V04CX08,,
2050977,ethanol 0.74 ML/ML Topical Spray,SCD,D08AX08|V03AB16|V03AZ01,D08AX08,,
996738,codeine phosphate 9 MG / guaifenesin 200 MG Oral Capsule [M-Clear WC],SBD,R05CA03|R05DA04,R05FA02,,
308496,bacitracin 0.4 UNT/MG / neomycin 0.005 MG/MG / polymyxin B 5 UNT/MG Ophthalmic Ointment,SCD,A07AA01|D06AX04|S01AA03,S01AA30,,
636106,castor oil 0.788 MG/MG / Peruvian balsam 0.087 MG/MG / trypsin 0.00012 MG/MG Topical Gel,SCD,A06AB05,D03BA01,,
708076,benzocaine 0.2 MG/MG Oral Gel [Orajel],SBD,R02AD01,N01BA05,,
864685,atovaquone 62.5 MG / proguanil hydrochloride 25 MG Oral Tablet [Malarone],SBD,P01AX06|P01BB01|P01BB51,P01BB51,,
993074,codeine phosphate 2 MG/ML / guaiacolsulfonic acid 8.8 MG/ML / phenylephrine hydrochloride 1 MG/ML / promethazine hydrochloride 1 MG/ML Oral Solution,SCD,R05DA04,R01BA53|R05DA04|R06AD52,,
308390,ascorbic acid 30 MG / niacin 50 MG Oral Tablet,SCD,A11GA01,A11GA01|C10AD02,,
308705,beta carotene 1000 UNT / vitamin A 10000 UNT Oral Tablet,SCD,A11CA01,A11CA01|A11CA02,,
205188,ferrous sulfate 160 MG / folic acid 0.4 MG Extended Release Oral Tablet,SCD,B03AD03|B03BB01,B03AD03,,
803310,prednisolone 1 MG/ML Oral Suspension [Flo-Pred],SBD,A07EA01|H02AB06|S01BA04|S03BA02,H02AB06,,
2000686,calcium carbonate 750 MG / simethicone 80 MG Chewable Tablet [Tums with Gas Relief],SBD,A03AX13|A12AA04,A02AF02,,
312399,phenylephrine hydrochloride 2.5 MG/ML / pyrilamine maleate 1.5 MG/ML Nasal Solution,SCD,R01AA04|S01FB01|S01XA20,R01AB01,,
2053512,ivacaftor 125 MG / lumacaftor 100 MG Oral Granules [ORKAMBI],SBD,R07AX02,R07AX30,,
313416,tobramycin 10 MG/ML Injectable Solution,SCD,J01GB01|S01AA12,J01GB01,,
314973,ascorbic acid 150 MG / ferrous fumarate 200 MG Oral Tablet,SCD,A11GA01,A11GA01|B03AA02,,
801432,alanine 5.6 MG/ML / arginine 6.3 MG/ML / glycine 3 MG/ML / histidine 4.2 MG/ML / isoleucine 5 MG/ML / leucine 6 MG/ML / lysine 4.5 MG/ML / methionine 5 MG/ML / phenylalanine 4.9 MG/ML / proline 3.5 MG/ML / serine 3 MG/ML / threonine 3.8 MG/ML / tryptophan 1.6 MG/ML / tyrosine 0.4 MG/ML / valine 8.2 MG/ML Injectable Solution,SCD,B05CX03|B05XB03|N06AX02|V03AB26,B05BA01,,
806392,calcium chloride 0.004 MEQ/ML / magnesium chloride 0.003 MEQ/ML / potassium chloride 0.01 MEQ/ML / sodium acetate 0.0475 MEQ/ML / sodium chloride 0.109 MEQ/ML / sodium citrate 0.012 MEQ/ML Ophthalmic Solution,SCD,B05CB02|B05XA08,S01KX,,
828585,aspirin 389 MG / caffeine 32.4 MG / propoxyphene hydrochloride 32 MG Oral Capsule,SCD,N02AC04|N06BC01,N02AC04,,
2055815,doravirine 100 MG / lamivudine 300 MG / tenofovir disoproxil fumarate 300 MG Oral Tablet [Delstrigo],SBD,J05AF05|J05AF07,J05AR24,,
352083,methoxsalen 0.02 MG/ML Injectable Solution [Uvadex],SBD,D05AD02|D05BA02,D05BA02,,
800884,alanine 2.1 MG/ML / arginine 2.9 MG/ML / cysteine 0.14 MG/ML / glycine 4.2 MG/ML / histidine 0.85 MG/ML / isoleucine 2.1 MG/ML / leucine 2.7 MG/ML / lysine 2.2 MG/ML / magnesium acetate 0.008 MEQ/ML / methionine 1.6 MG/ML / phenylalanine 1.7 MG/ML / phosphoric acid 0.4 MG/ML / potassium chloride 0.02 MEQ/ML / proline 3.4 MG/ML / serine 1.8 MG/ML / sodium acetate 0.02 MEQ/ML / sodium chloride 0.02 MEQ/ML / threonine 1.2 MG/ML / tyrosine 0.46 MG/ML / valine 2 MG/ML Injectable Solution [Freamine III 3],SBD,B05CX03|B05XA08|B05XB03|V03AB26,B05BA01,,
848208,Augmented betamethasone 0.0005 MG/MG Topical Gel,SCD,D07AC01|H02AB01|S01BA06|S03BA03,D07AC01,,
849547,hydrocortisone 2.5 MG/ML Topical Lotion [Balneol Cleanser],SBD,A01AC03|A07EA02|D07AA02|D07AB02|D07AB11|H02AB09|S01BA02,D07AA02,,
853610,povidone-iodine 0.075 MG/MG Medicated Bar Soap [Antisept],SBD,D08AG02|D09AA09|D11AC06|G01AX11|R02AA15,D08AG02,,
854762,ibuprofen 40 MG/ML Oral Suspension [Motrin],SBD,M01AE01|M01AE14|M02AA13,M01AE01,,
857389,acetaminophen 150 MG / aspirin 230 MG / caffeine 30 MG / hydrocodone bitartrate 5 MG Oral Tablet,SCD,N02BE01|N06BC01|R05DA03,N02AJ22|N06BC01,,
857432,clemastine fumarate 0.134 MG/ML Oral Solution [Tavist],SBD,D04AA14|R06AA04,R06AA04,,
856942,acetaminophen 21.7 MG/ML / hydrocodone bitartrate 0.5 MG/ML Oral Solution [Hycet],SBD,N02BE01|R05DA03,N02AJ22,IMPROVED,N02AJ22
208416,sulfamethoxazole 400 MG / trimethoprim 80 MG Oral Tablet [Bactrim],SBD,J01EA01|J01EC01,J01EE01,,
210072,salicylic acid 170 MG/ML Topical Solution [Compound W brand of salicylic acid],SBD,D01AE12|N02BA04,D01AE12,IMPROVED,D01AE12
2123045,menthol 0.0044 MG/MG / zinc oxide 0.206 MG/MG Topical Ointment,SCD,C05AX04,D02AB,,
213538,betamethasone 0.2 MG/ML Topical Cream [Uticort],SBD,D07AC01|H02AB01|S01BA06|S03BA03,D07AC01,,
214041,antipyrine 54 MG/ML / benzocaine 14 MG/ML Otic Solution [Aurodex],SBD,C05AD03|D04AB04|R02AD01,S02DA03,,
1098616,lidocaine 0.008 MG/MG Topical Gel,SCD,D04AB01|N01BB02|R02AD02,D04AB01,,
1101857,12 HR chlorpheniramine maleate 8 MG / methscopolamine nitrate 2.5 MG Extended Release Oral Tablet [Aerohist],SBD,R06AB04,A03BB03|R06AB54,,
1101914,benzethonium chloride 2 MG/ML / benzocaine 200 MG/ML Topical Spray [Dermoplast Antibacterial],SBD,R02AA09,D04AB04|D08AJ08,,
1117562,24 HR loratadine 10 MG / pseudoephedrine sulfate 240 MG Extended Release Oral Tablet,SCD,R01BA02|R06AX13,R01BA02,,
1147496,acetaminophen 97.2 MG / aspirin 227 MG / caffeine 32.4 MG / codeine phosphate 1 MG / salicylamide 32.4 MG Oral Tablet [Rid-A-Pain],SBD,N02BA05|N02BE01|N06BC01|R05DA04,N02AJ06|N02BA05|N06BC01,,
1091387,histamine dihydrochloride 0.25 MG/ML Topical Cream,SCD,V04CG03,M02AX10,,
1101947,carbetapentane citrate 4 MG/ML / guaifenesin 20 MG/ML / phenylephrine hydrochloride 2 MG/ML Oral Solution,SCD,R05CA03|R05DB05,R01BA53|R05CA03,,
1190608,0.3 ML atropine sulfate 0.833 MG/ML Auto-Injector [Atropen],SBD,A03BA01|S01FA01,A03BA01,,
1190888,atropine sulfate 0.065 MG / kaolin 200 MG / phenobarbital 8 MG Oral Tablet,SCD,A07BC02|N03AA02,A03BA01|A07BC02|N03AA02,,
1192857,sodium chloride 26 MG/ML Nasal Spray [Nasal Asalt],SBD,A12CA01|B05BB01|B05CB01|B05XA03|S01XA03,R01AX,,
403828,calcium carbonate 1000 MG / simethicone 60 MG Chewable Tablet,SCD,A03AX13|A12AA04,A02AF02,,
477585,12 HR guaifenesin 780 MG / pseudoephedrine hydrochloride 80 MG Extended Release Oral Tablet,SCD,R01BA02|R05CA03,R05CA03,,
484925,folic acid 2.5 MG / vitamin B12 2 MG / vitamin B6 25 MG Oral Tablet,SCD,B03BA01|B03BB01,A11JA,,
857738,chlorpheniramine maleate 0.4 MG/ML / hydrocodone bitartrate 0.334 MG/ML / phenylephrine hydrochloride 1 MG/ML Oral Solution [Chlorphen HD],SBD,R05DA03|R06AB04,R01BA53|R05DA03|R06AB54,,
857859,chlorpheniramine maleate 0.4 MG/ML / hydrocodone bitartrate 0.5 MG/ML / phenylephrine hydrochloride 1 MG/ML Oral Solution [Chemdal HD],SBD,R05DA03|R06AB04,R01BA53|R05DA03|R06AB54,,
1005820,sulfacetamide sodium 100 MG/ML / sulfur 50 MG/ML Medicated Pad [Plexion],SBD,D10AB02,D10AB02|D10AF06,,
1010077,lidocaine hydrochloride 0.04 MG/MG Topical Gel,SCD,D04AB01|N01BB02|R02AD02,D04AB01,,
1011755,aliskiren 300 MG / hydrochlorothiazide 25 MG Oral Tablet [Tekturna HCT],SBD,C03AA03|C09XA02,C09XA52,,
1039550,pramoxine hydrochloride 10 MG/ML Medicated Pad [Vagisil Wipes],SBD,C05AD07|D04AB07,D04AB07,,
1044345,chlorhexidine diacetate 0.5 MG/ML Topical Spray [Excel],SBD,A01AB03|D08AC02|R02AA05,D08AC02,,
1085732,triamcinolone acetonide 0.001 MG/MG Topical Ointment [Kenalog],SBD,A01AC01|H02AB08|R01AD11,D07AB09,,
259090,dimethicone 50 MG/ML Topical Cream,SCD,P03AX05,D02AA,,
1660690,{21 (desogestrel 0.15 MG / ethinyl estradiol 0.03 MG Oral Tablet) / 7 (inert ingredients 1 MG Oral Tablet) } Pack [Cyred 28 Day],BPCK,G03AA09|G03AC09,G03AA09,,
1663735,ethanol 0.8 ML/ML Topical Foam,SCD,D08AX08|V03AB16|V03AZ01,D08AX08,,
1665675,1 ML ketorolac tromethamine 15 MG/ML Cartridge,SCD,M01AB15|S01BC05,M01AB15,,
1112788,desonide 0.0005 MG/MG Topical Ointment [Desonil],SBD,D07AB08|S01BA11,D07AB08,,
1000736,sulfacetamide sodium 100 MG/ML / sulfur 20 MG/ML Topical Cream [Avar],SBD,D10AB02,D10AF06,,
1010768,1.7 ML epinephrine 0.02 MG/ML / lidocaine hydrochloride 20 MG/ML Cartridge [Xylocaine with Epinephrine],SBD,C01CA24|D04AB01|N01BB02|R02AD02|S01EA01,N01BB02,,
1012621,hydrocortisone acetate 5 MG/ML / lidocaine hydrochloride 30 MG/ML Topical Cream [Lidamantle HC],SBD,A01AC03|A07EA02|D04AB01|D07AA02|D07AB02|D07AB11|H02AB09|N01BB02|R02AD02|S01BA02,D04AB01|D07AA02,,
1013034,sulfacetamide sodium 100 MG/ML / sulfur 50 MG/ML Medicated Liquid Soap [Rosula],SBD,D10AB02,D10AB02|D10AF06,,
1037115,pheniramine maleate 8 MG / phenylpropanolamine hydrochloride 25 MG / phenyltoloxamine citrate 8 MG / pyrilamine maleate 8 MG Extended Release Oral Capsule [Multihistamine-D],SBD,R01BA01,R01BA51|R06AB05|R06AC01,,
1049091,benzethonium chloride 0.0015 MG/MG / diphenhydramine hydrochloride 0.02 MG/MG / zinc acetate 0.00215 MG/MG Topical Gel,SCD,A16AX05|R02AA09,D04AA32|D08AJ08,,
1085638,triamcinolone acetonide 0.001 MG/MG Topical Ointment [Aristocort],SBD,A01AC01|H02AB08|R01AD11,D07AB09,,
239200,chloramphenicol 100 MG/ML Injectable Solution,SCD,J01BA01|S01AA01|S02AA01,J01BA01,,
1723740,1 ML diphenhydramine hydrochloride 50 MG/ML Injection,SCD,D04AA32|R06AA02,R06AA02,,
1005855,sulfacetamide sodium 100 MG/ML / sulfur 50 MG/ML Topical Foam [Clarifoam],SBD,D10AB02,D10AB02|D10AF06,,
1085783,triamcinolone acetonide 1 MG/ML Topical Cream [Triacet],SBD,A01AC01|H02AB08|R01AD11,D07AB09,,
245667,hydrogen peroxide 350 MG/ML Topical Solution,SCD,D08AX01,D08AX01|D11AX25,,
199134,salicylic acid 5 MG/ML Topical Lotion,SCD,D01AE12|N02BA04,D01AE12,,
996590,codeine phosphate 2 MG/ML / phenylephrine hydrochloride 1 MG/ML / pyrilamine maleate 1.67 MG/ML Oral Solution [Codimal PH],SBD,R05DA04,R01BA53|R05DA04|R06AC01,,
315155,nandrolone 25 MG/ML Injectable Solution,SCD,A14AB01|S01XA11,A14AB01,,
846101,{150 (doxycycline monohydrate 100 MG Oral Tablet [Avidoxy]) / 1 (118 ML) (salicylic acid 20 MG/ML Medicated Liquid Soap) } Pack [Avidoxy Pack],BPCK,D01AE12|J01AA02|N02BA04,D01AE12|J01AA02,,
856980,acetaminophen 300 MG / hydrocodone bitartrate 10 MG Oral Tablet,SCD,N02BE01|R05DA03,N02AJ22,,
208124,hydrochlorothiazide 25 MG / triamterene 37.5 MG Oral Capsule [Dyazide],SBD,C03AA03|C03DB02,C03EA01,,
1092351,acetaminophen 500 MG / diphenhydramine hydrochloride 25 MG Oral Tablet [Mapap PM],SBD,N02BE01|N02BE51,N02BE01|R06AA52,,
1094022,calcium carbonate 1500 MG / cholecalciferol 500 UNT Oral Capsule,SCD,A11CC05,A12AX,,
1094355,doxylamine succinate 1.25 MG/ML / pseudoephedrine hydrochloride 6 MG/ML Oral Solution,SCD,R01BA02|R06AA09,R01BA02,,
1117233,benzethonium chloride 1.8 MG/ML Medicated Pad,SCD,D08AJ08|R02AA09,D08AJ08,,
1190620,0.7 ML atropine sulfate 2.86 MG/ML Auto-Injector [Atropen],SBD,A03BA01|S01FA01,A03BA01,,
832919,calcium carbonate 1500 MG / cholecalciferol 200 UNT Oral Capsule,SCD,A11CC05,A12AX,,
204779,phenylephrine 2.5 MG/ML / pyrilamine 1.5 MG/ML Nasal Spray,SCD,R01AA04|S01FB01|S01XA20,R01AB01,,
205891,epinephrine 10 MG/ML / pilocarpine hydrochloride 10 MG/ML Ophthalmic Solution [P1E1],SBD,C01CA24|N07AX01|S01EA01|S01EB01,S01EA01|S01EB01,,
206221,erythromycin 20 MG/ML Topical Solution [E-Solve 2],SBD,J01FA01,D10AF02,,
312971,sodium bicarbonate 460 MG / tartaric acid 420 MG Oral Granules,SCD,B05CB04|B05XA02,B05CB04,,
314002,gramicidin 0.025 MG/ML / neomycin 2.5 MG/ML / polymyxin B 5000 UNT/ML Ophthalmic Solution,SCD,R02AB30,S01AA30,,
208813,dexamethasone 1 MG/ML / tobramycin 3 MG/ML Ophthalmic Suspension [Tobradex],SBD,S01BA01,S01CA01,,
1235563,chlorpheniramine maleate 4 MG / methscopolamine nitrate 1.25 MG / phenylephrine hydrochloride 10 MG Oral Tablet,SCD,R06AB04,A03BB03|R01BA53|R06AB54,,
545074,lactic acid 167 MG/ML / salicylic acid 167 MG/ML Topical Solution [Viranol],SBD,D01AE12|G01AD01|N02BA04,D01AE12,,
859317,hydrocodone bitartrate 10 MG / ibuprofen 200 MG Oral Tablet [Ibudone],SBD,R05DA03,N02AJ23,,
860571,chlorpheniramine maleate 0.4 MG/ML / hydrocodone bitartrate 0.7 MG/ML / phenylephrine hydrochloride 1 MG/ML Oral Solution,SCD,R05DA03|R06AB04,R01BA53|R05DA03|R06AB54,,
1000588,malachite green 0.0001 MG/ML / metronidazole 0.005 MG/ML / microcrystalline cellulose 0.00763 MG/ML / trichlorfon 0.00025 MG/ML Topical Solution [Sentry AQ Mardel Clout],SBD,P02BB01,D06BX01,,
1011712,aliskiren 150 MG / hydrochlorothiazide 12.5 MG Oral Tablet [Tekturna HCT],SBD,C03AA03|C09XA02,C09XA52,,
1043636,glycerin 500 MG/ML Medicated Pad,SCD,A06AX01,D02AX,,
1046781,acetaminophen 325 MG / chlorpheniramine maleate 2 MG / phenylephrine hydrochloride 5 MG Oral Tablet,SCD,N02BE01|R06AB04,R01BA03,,
1085736,triamcinolone acetonide 0.147 MG/ML Topical Spray,SCD,A01AC01|H02AB08|R01AD11,D07AB09,,
240738,2 ML caffeine 125 MG/ML / sodium benzoate 125 MG/ML Injection,SCD,N06BC01,V04CG30,,
244451,anthralin 0.004 MG/MG Topical Ointment,SCD,D05AC01|D05AC51,D05AC01,,
259870,ergocalciferol 135 UNT / vitamin A 1250 UNT Oral Capsule,SCD,A11CA01|A11CC01,A11CB,,
1654914,benzethonium chloride 0.002 MG/MG Topical Gel,SCD,R02AA09,D08AJ08,,
1656634,alemtuzumab 30 MG/ML Injection,SCD,L04AA34,L04AG06,,
1658264,500 ML magnesium sulfate 40 MG/ML Injection,SCD,A06AD04|B05XA05,B05XA05,,
209280,sulfabenzamide 37 MG/ML / sulfacetamide sodium 28.6 MG/ML / sulfathiazole 34.2 MG/ML Vaginal Cream [V.V.S.],SBD,D10AB02,G01AE10,,
1085121,nystatin 100 UNT/MG / triamcinolone acetonide 0.001 MG/MG Topical Ointment [Mytrex],SBD,A01AB11|A01AC01|A07AA02|D01AA01|H02AB08|R01AD11,D01AA01|D07AB09,,
242993,pheniramine 2 MG/ML / phenylephrine 5 MG/ML Nasal Solution,SCD,R01AA04|S01FB01|S01XA20,R01AB01,,
307746,aluminum hydroxide 40 MG/ML / magnesium hydroxide 40 MG/ML / simethicone 4 MG/ML Oral Suspension,SCD,A02AB01,A02AF02,,
1722245,ethinyl estradiol 0.0025 MG / norethindrone acetate 0.5 MG Oral Tablet [Jevantique],SBD,G03CA01|G03DC02,G03AA05,,
1232646,Diphenhydramine Hydrochloride 20 MG/ML Topical Cream [Dermarest Anti-Itch],SBD,D04AA32|R06AA02,D04AA32,,
406396,ethinyl estradiol 0.035 MG / norgestimate 0.18 MG Oral Tablet,SCD,G03CA01,G03AA11,,
616968,carbetapentane tannate 60 MG / phenylephrine tannate 10 MG / pyrilamine tannate 40 MG Oral Tablet [Tussi-12D],SBD,R05DB05,R01BA03|R05DB05|R06AC01,,
1014195,chloroxylenol 1 MG/ML / pramoxine hydrochloride 10 MG/ML Otic Solution,SCD,D08AE05,D04AB07|D08AE05,,
1039016,benzalkonium chloride 1 MG/ML / benzethonium chloride 1 MG/ML Topical Foam [Scrubs],SBD,R02AA09,D08AJ01|D08AJ08,,
1043056,salicylic acid 5 MG/ML Topical Lotion [Clearly It!],SBD,D01AE12|N02BA04,D01AE12,,
1045382,capsaicin 0.00025 MG/MG Medicated Patch [WellPatch],SBD,N01BX04,M02AB01,,
1052679,acetaminophen 500 MG / chlorpheniramine maleate 2 MG / phenylephrine hydrochloride 5 MG Oral Tablet,SCD,N02BE01|R06AB04,R01BA03,,
1085752,triamcinolone acetonide 10 MG/ML Injectable Suspension [Kenalog],SBD,A01AC01|H02AB08|R01AD11,H02AB08,,
1086267,triamcinolone acetonide 40 MG/ML Injectable Suspension [U-Tri-Lone],SBD,A01AC01|H02AB08|R01AD11,H02AB08,,
1086634,brompheniramine maleate 0.8 MG/ML / codeine phosphate 2 MG/ML / phenylephrine hydrochloride 1.5 MG/ML Oral Solution [Pluratuss],SBD,R05DA04|R06AB01,R01BA03|R05DA04|R06AB01,,
244400,flurandrenolide 0.0005 MG/MG / neomycin 0.005 MG/MG Topical Ointment,SCD,D07AC07,D06AX04|D07AC07,,
259184,12 HR guaifenesin 600 MG / phenylephrine hydrochloride 20 MG Extended Release Oral Tablet,SCD,R05CA03,R01BA03|R05CA03,,
1657751,4 ML pembrolizumab 25 MG/ML Injection [Keytruda],SBD,L01XC18,L01FF02,,
1735057,2 ML fentanyl 0.05 MG/ML Injection [Sublimaze],SBD,N01AH01,N01AH01|N02AB03,,
1005848,sulfacetamide sodium 100 MG/ML / sulfur 50 MG/ML Topical Cream [Sulfatol],SBD,D10AB02,D10AB02|D10AF06,,
1659149,piperacillin 4000 MG / tazobactam 500 MG Injection,SCD,J01CA12|J01CG02|J01CR05,J01CR05,,
310043,dyphylline 200 MG / guaifenesin 100 MG Oral Capsule,SCD,R03DA01|R05CA03,R03DA01,,
310552,glycerin 960 MG/ML Oral Solution,SCD,A06AX01,A06AG04|A06AX01,,
1992043,benzocaine 0.2 MG/MG Oral Gel [Candee Caine],SBD,R02AD01,N01BA05,,
2047112,histamine dihydrochloride 0.00025 MG/MG Topical Gel,SCD,V04CG03,L03AX14,,
562395,sulfabenzamide 37 MG/ML / sulfacetamide sodium 28.6 MG/ML / sulfathiazole 34.2 MG/ML Vaginal Cream,SCD,D10AB02,G01AE10,,
1000717,sulfacetamide sodium 0.1 MG/MG Topical Gel [Seb-Prev],SBD,D10AB02,D10AF06,IMPROVED,D10AF06
1663612,brompheniramine maleate 0.2 MG/ML / phenylephrine hydrochloride 0.5 MG/ML Oral Suspension,SCD,R06AB01,R01BA53,,
1006689,sulfacetamide sodium 100 MG/ML Topical Lotion [Carmol Scalp],SBD,D10AB02,D10AF06,,
1747492,lidocaine hydrochloride 0.04 MG/MG Topical Gel [Derma Numb],SBD,D04AB01|N01BB02|R02AD02,D04AB01,,
1802849,capsaicin 0.3 MG/ML / methyl salicylate 100 MG/ML Topical Cream,SCD,N01BX04,M02AB01,,
1804185,calamine 4 MG/ML / pramoxine hydrochloride 10 MG/ML / zinc oxide 4 MG/ML Topical Lotion,SCD,C05AX04,D04AB07,,
1807571,30 ML sodium chloride 234 MG/ML Injection,SCD,A12CA01|B05BB01|B05CB01|B05XA03|S01XA03,B05XA03,IMPROVED,B05XA03
1858385,tetracaine 0.02 MG/MG Topical Ointment,SCD,C05AD02|D04AB06|N01BA03|S01HA03,D04AB06,IMPROVED,D04AB06
1870686,10 ML gentamicin 10 MG/ML Injection,SCD,D06AX07|S03AA06,J01GB03,IMPROVED,J01GB03
1874539,calcium carbonate 800 MG / magnesium hydroxide 270 MG / simethicone 80 MG Chewable Tablet,SCD,A02AA04|A03AX13|A12AA04,A02AD01,,
1866047,{21 (desogestrel 0.15 MG / ethinyl estradiol 0.03 MG Oral Tablet) / 7 (inert ingredients 1 MG Oral Tablet) } Pack [Isibloom 28 Day],BPCK,G03AA09|G03AC09,G03AA09,,
1245232,chlorhexidine gluconate 20 MG/ML Medicated Liquid Soap [E-Z Scrub],SBD,A01AB03|D08AC02|R02AA05,D08AC02,,
1245392,chlorhexidine gluconate 10 MG/ML Medicated Shampoo,SCD,A01AB03|D08AC02|R02AA05,D08AC02,,
1248750,chlophedianol hydrochloride 8 MG/ML / chlorpheniramine maleate 1.25 MG/ML / phenylephrine hydrochloride 2.5 MG/ML Oral Suspension,SCD,R05DB10|R06AB04,R01BA03|R05DB10|R06AB04,,
1250490,hydrocortisone acetate 5 MG/ML Topical Cream,SCD,A01AC03|A07EA02|D07AA02|D07AB02|D07AB11|H02AB09|S01BA02,D07AA02,,
1251284,menthol 0.005 MG/MG / pramoxine hydrochloride 0.01 MG/MG Topical Gel [PrameGel Reformulated Apr 2012],SBD,C05AD07|D04AB07,D04AB07,,
1291363,cetylpyridinium chloride 0.6 MG/ML Mouthwash,SCD,B05CA01|D08AJ03|D09AA07|R02AA06,R02AA06,,
1299141,phenylephrine hydrochloride 2.5 MG/ML Nasal Spray [Rhinall],SBD,R01AA04|S01FB01|S01XA20,R01AA04,,
1302643,salicylic acid 20 MG/ML Medicated Pad [Propa P.H.],SBD,D01AE12|N02BA04,D01AE12,,
1305143,alpha tocopherol 30 UNT / ascorbic acid 28 MG / cholecalciferol 800 UNT / docosahexaenoic acid 325 MG / docusate sodium 55 MG / ferrous fumarate 29 MG / folic acid 1.25 MG / pyridoxine hydrochloride 25 MG / tricalcium phosphate 160 MG Oral Capsule [Nexa Select],SBD,A11CC05|A11GA01|A11HA02|B03BB01,A06AA02|A11CC05|A11GA01|A11HA02|B03AA02|B03BB01,,
1359126,estradiol 1 MG / norethindrone acetate 0.5 MG Oral Tablet,SCD,G03CA03|G03CA53,G03FA01,,
1360059,lidocaine hydrochloride 20 MG/ML Prefilled Syringe,SCD,D04AB01|N01BB02|R02AD02,N01BB02,,
1363751,phenylephrine tannate 10 MG / pyrilamine tannate 16 MG Chewable Tablet [Deconsal CT],SBD,R01AA04|S01FB01|S01XA20,R01BA03|R06AC01,,
1369753,12 HR loratadine 5 MG / pseudoephedrine sulfate 120 MG Extended Release Oral Tablet [Allerclear],SBD,R01BA02|R06AX13,R01BA02,,
1425498,hydrogen peroxide 10 MG/ML Topical Solution [IO-SANS 110],SBD,A01AB02|D08AX01,D08AX01|D11AX25,,
1549539,betamethasone 1 MG/ML / gentamicin 3 MG/ML Otic Solution [GentaVed],SBD,D06AX07|D07AC01|H02AB01|S01BA06|S03AA06|S03BA03,S03CA06,,
1603470,benzalkonium chloride 8.9 MG/ML Medicated Liquid Soap,SCD,D08AJ01|D08AJ08|R02AA16,D08AJ01,,
1653139,choline salicylate 29 MG/ML / diphenhydramine hydrochloride 1.67 MG/ML / phenylephrine hydrochloride 0.33 MG/ML Oral Solution,SCD,D04AA32|N02BA03|R01AA04|R06AA02|S01FB01|S01XA20,N02BA03|R01BA03|R06AA02,,
1248120,docusate sodium 100 MG / phenolphthalein 65 MG Oral Capsule,SCD,A06AB04,A06AA02|A06AB04,,
1797883,azelastine hydrochloride 0.206 MG/ACTUAT Metered Dose Nasal Spray,SCD,S01GX07,R01AC03,,
1807630,25 ML sodium chloride 9 MG/ML Injection,SCD,A12CA01|B05BB01|B05CB01|B05XA03|S01XA03,B05XA03,,
1242618,acetaminophen 250 MG / doxylamine succinate 25 MG / salicylamide 150 MG Oral Tablet,SCD,N02BA05|N02BE01|R06AA09,N02BE01,,
1242785,sodium chloride 0.642 MEQ/ML Oral Spray [Aqua Maris],SBD,A12CA01|B05BB01|B05CB01|B05XA03|S01XA03,A12CA01,,
1291711,acetaminophen 500 MG / diphenhydramine hydrochloride 25 MG / pseudoephedrine hydrochloride 30 MG Oral Tablet,SCD,N02BE01|R01BA02,N02BE01|R01BA02|R06AA02,,
1300370,"0.5 ML Bordetella pertussis filamentous hemagglutinin vaccine, inactivated 0.016 MG/ML / Bordetella pertussis pertactin vaccine, inactivated 0.005 MG/ML / Bordetella pertussis toxoid vaccine, inactivated 0.016 MG/ML / diphtheria toxoid vaccine, inactivated 5 UNT/ML / tetanus toxoid vaccine, inactivated 10 UNT/ML Prefilled Syringe [Boostrix]",SBD,J07AF01|J07AM01,J07AJ52,,
1356806,brompheniramine maleate 4 MG / codeine phosphate 20 MG / phenylephrine hydrochloride 10 MG Oral Tablet [Brovex PBC],SBD,R05DA04|R06AB01,R05DA04,,
1357873,phenylephrine hydrochloride 1.56 MG/ML Oral Solution [Dimetapp Cold Drops],SBD,R01AA04|S01FB01|S01XA20,R01BA03,,
1361205,lidocaine hydrochloride 0.007 MG/MG / menthol 0.002 MG/MG Topical Gel,SCD,D04AB01|N01BB02|R02AD02,D04AB01,,
1363749,phenylephrine tannate 10 MG / pyrilamine tannate 16 MG Chewable Tablet,SCD,R01AA04|S01FB01|S01XA20,R01BA03|R06AC01,,
1373136,lidocaine hydrochloride 0.04 MG/MG / menthol 0.01 MG/MG Medicated Patch [Lenzapatch],SBD,D04AB01|N01BB02|R02AD02,D04AB01,,
1374851,benzalkonium chloride 1.3 MG/ML / camphor 30 MG/ML Topical Cream,SCD,D08AJ01|D08AJ08|R02AA16,D08AJ01,,
1375978,capsaicin 0.0025 MG/MG / menthol 0.01 MG/MG / methyl salicylate 0.28 MG/MG Topical Gel,SCD,N01BX04,M02AB01,,
1426606,salicylic acid 0.01 MG/MG Topical Gel [Pore Rescue],SBD,D01AE12|N02BA04,D01AE12,,
1432525,penicillin G benzathine 150000 UNT/ML / penicillin G procaine 150000 UNT/ML Injectable Suspension [Bactracillin G Benzathine],SBD,J01CE08|J01CE09,J01CE01|J01CE08|J01CE09,,
1438136,10 ML penicillin G procaine 10000 UNT/ML Prefilled Syringe [Masti-clear],SBD,J01CE08|J01CE09,J01CE09,,
197639,dyphylline 200 MG / guaifenesin 200 MG Oral Tablet,SCD,R03DA01|R05CA03,R03DA01,,
198203,isoniazid 150 MG / rifampin 300 MG Oral Capsule,SCD,J04AB02|J04AC01,J04AM02,,
1442155,benzocaine 50 MG/ML / camphor 30 MG/ML / phenol 13.5 MG/ML Topical Solution [Off! Explore],SBD,C05AD03|D04AB04|D08AE03|R02AD01,D04AB04|D08AE03,,
1488045,tretinoin 0.0008 MG/MG Topical Gel,SCD,D10AD01|L01XX14,D10AD01,,
1491722,hydrocortisone 0.01 MG/MG Rectal Ointment [Hemorrodil Plus],SBD,A01AC03|A07EA02|D07AA02|D07AB02|D07AB11|H02AB09|S01BA02,C05AA01,,
1540663,allantoin 0.02 MG/MG / lidocaine 0.04 MG/MG / petrolatum 0.3 MG/MG Medicated Patch,SCD,D04AB01|N01BB02|R02AD02,D04AB01,IMPROVED,D04AB01
1602019,glycerin 200 MG/ML / lidocaine 43 MG/ML Medicated Pad [Recticare Wipes],SBD,A06AX01|D04AB01|N01BB02|R02AD02,C05AD01,,
1373322,benzocaine 50 MG/ML Topical Lotion,SCD,C05AD03|D04AB04|R02AD01,D04AB04,,
1426579,guaifenesin 380 MG / pseudoephedrine hydrochloride 60 MG Oral Tablet,SCD,R01BA02|R05CA03,R05CA03,,
1791404,250 ML mannitol 200 MG/ML Injection [Osmitrol],SBD,A06AD16,B05BC01,,
1796087,lidocaine hydrochloride 40 MG/ML Topical Lotion,SCD,D04AB01|N01BB02|R02AD02,D04AB01,,
1923484,10 ML sodium bicarbonate 84 MG/ML Injection,SCD,B05CB04|B05XA02,B05XA02,,
1291956,acetaminophen 33.4 MG/ML / diphenhydramine hydrochloride 1.67 MG/ML / pseudoephedrine hydrochloride 2 MG/ML Oral Solution,SCD,N02BE01|R01BA02,N02BE01|R01BA02|R06AA02,,
1294602,acetaminophen 32 MG/ML / diphenhydramine hydrochloride 2.5 MG/ML / phenylephrine hydrochloride 0.5 MG/ML Oral Suspension,SCD,N02BE01,N02BE01|R06AA02,,
1359256,ivermectin 0.272 MG / pyrantel 227 MG Chewable Tablet [PetTrust Plus],SBD,P02CC01,P02CC01|P02CF01,,
1432118,bacitracin 0.5 UNT/ML Topical Cream [Bacitraycin Plus],SBD,D06AX05|J01XX10|R02AB04,D06AX05,,
1436947,hydrocortisone acetate 19 MG/ML / iodoquinol 10 MG/ML Topical Cream,SCD,G01AC01,D07AA02|G01AC01,IMPROVED,D07AA02|G01AC01
1442405,salicylic acid 0.05 MG/MG Topical Gel [Keralyt 5],SBD,D01AE12|N02BA04,D01AE12,,
1544645,benzalkonium chloride 0.0013 MG/MG Topical Gel [Omnicide],SBD,D08AJ01|D08AJ08|R02AA16,D08AJ01,,
1244514,chlorpheniramine maleate 8 MG / methscopolamine nitrate 2.5 MG / pseudoephedrine hydrochloride 90 MG Extended Release Oral Tablet,SCD,R01BA02|R06AB04,A03BB03|R01BA02|R06AB04,,
1244634,betamethasone valerate 1.2 MG/ML Topical Foam,SCD,D07AC01|H02AB01|S01BA06|S03BA03,D07AC01,,
1293634,benzyl alcohol 0.1 ML/ML / pramoxine hydrochloride 0.01 MG/MG Topical Gel [Itch-X],SBD,P03AX06,D04AB07,,
1293865,chloroxylenol 1 MG/ML / hydrocortisone 10 MG/ML / pramoxine hydrochloride 10 MG/ML Topical Lotion,SCD,D08AE05,S02CA03,,
1298073,cyclopentolate hydrochloride 10 MG/ML / phenylephrine hydrochloride 100 MG/ML Ophthalmic Solution,SCD,S01FA04,S01FA04|S01FB01|S01GA05,,
1595023,lidocaine 10 MG/ML Topical Solution [Derma Ice],SBD,D04AB01|N01BB02|R02AD02,D04AB01,,
1549099,{1 (59 ML) (benzoyl peroxide 30 MG/ML Topical Lotion [Acnefree BP]) / 1 (118 ML) (salicylic acid 15 MG/ML Medicated Liquid Soap [Acnefree SA]) } Pack [Acnefree Sensitive Kit],BPCK,D10AE01,D01AE12|D10AE01,,
1489405,capsaicin 0.00025 MG/MG Topical Gel [Equi-Block Original],SBD,N01BX04,M02AB01,,
702167,aluminum hydroxide 40 MG/ML / magnesium hydroxide 40 MG/ML / simethicone 4 MG/ML Oral Suspension [Aldroxicon],SBD,A02AB01,A02AD01,,
644789,folic acid / vitamin B12 / vitamin B6 Oral Tablet [Folbee],SBDF,B03BA01|B03BB01,A11JA,,
707329,sodium chloride 6.5 MG/ML Nasal Solution,SCD,A12CA01|B05BB01|B05CB01|B05XA03|S01XA03,R01AX,,
645508,benzocaine 0.25 MG/MG Oral Gel,SCD,C05AD03|D04AB04|R02AD01,R02AD01,,
727759,2 ML fentanyl 0.05 MG/ML Cartridge,SCD,N01AH01|N02AB03,N01AH01,,
800957,alanine 7.7 MG/ML / arginine 6 MG/ML / cysteine 0.2 MG/ML / glycine 9 MG/ML / histidine 2.4 MG/ML / isoleucine 9 MG/ML / leucine 11 MG/ML / lysine 6.1 MG/ML / methionine 1 MG/ML / phenylalanine 1 MG/ML / phosphoric acid 1.15 MG/ML / proline 8 MG/ML / serine 5 MG/ML / threonine 4.5 MG/ML / tryptophan 0.66 MG/ML / valine 8.4 MG/ML Injectable Solution [Hepatasol],SBD,B05CX03|B05XB03|N06AX02|V03AB26,B05BA01,,
995043,chlorpheniramine maleate 0.2 MG/ML / codeine phosphate 1 MG/ML / pseudoephedrine hydrochloride 3 MG/ML Oral Suspension [Zodryl DAC],SBD,R01BA02|R05DA04|R06AB04,R05DA04,,
796480,salicylic acid 30 MG/ML Medicated Shampoo [Thera-Sal],SBD,D01AE12|N02BA04,D01AE12,,
800666,"glucose 50 MG/ML / potassium chloride 0.0149 MEQ/ML / potassium lactate 0.02 MEQ/ML / sodium chloride 0.025 MEQ/ML / sodium phosphate, monobasic 2.07 MG/ML Injectable Solution [Ionosol-T]",SBD,B05XA15,B05BB01,,
891077,calcium chloride 0.000996 MEQ/ML / glucose 1.4 MG/ML / magnesium chloride 0.0000245 MEQ/ML / sodium chloride 0.00368 MEQ/ML / sodium lactate 0.0016 MEQ/ML Intraperitoneal Solution [Dianeal Low Calcium 3.5],SBD,A12CA01|A12CC01|B05BA03|B05BB01|B05CB01|B05XA03|B05XA07|G01AD01|S01XA03|V06DC01,B05DB,,
992792,{1 (9000 MG) (miconazole nitrate 20 MG/ML Vaginal Cream [Vagistat]) / 3 (miconazole nitrate 200 MG Vaginal Insert [Vagistat]) } Pack [Vagistat 3 Day Combination Pack],BPCK,A01AB09|D01AC02|G01AF04,G01AF04,,
308290,acetaminophen 163 MG / aspirin 228 MG / caffeine 32.5 MG Oral Tablet,SCD,N02BE01|N06BC01,N02BA01|N02BE01|N06BC01,,
310129,epinephrine 0.25 MG/ACTUAT Metered Dose Inhaler,SCD,C01CA24|S01EA01,R03AA01,,
312196,phenylephrine hydrochloride 5 MG / phenylpropanolamine hydrochloride 40 MG / pseudoephedrine hydrochloride 40 MG Oral Capsule,SCD,R01BA01|R01BA02,R01BA01|R01BA02|R01BA03,,
746340,112 ACTUAT cromolyn sodium 0.8 MG/ACTUAT Metered Dose Inhaler,SCD,A07EB01|S01GX01,R03BC01,,
310626,guaifenesin 200 MG / phenylephrine hydrochloride 40 MG Extended Release Oral Capsule,SCD,R05CA03,R01BA03|R05CA03,,
310858,hydrocortisone 5 MG/ML Topical Spray,SCD,A01AC03|A07EA02|D07AA02|D07AB02|D07AB11|H02AB09|S01BA02,D07AA02,,
311536,meprobamate 200 MG / pentaerythritol tetranitrate 20 MG Oral Tablet,SCD,N05BC01,A06AD14|C01DA05|N05BC01,,
1087365,"hyoscyamine sulfate 0.12 MG / methenamine 118 MG / methylene blue 10 MG / phenyl salicylate 36 MG / sodium phosphate, monobasic 40.8 MG Oral Capsule",SCD,A03BA03|G04BX12|J01XX05,G04BX12,,
1088126,tetrahydrozoline hydrochloride 0.5 MG/ML Ophthalmic Solution [Visine],SBD,R01AA06|R01AB03|S01GA02,S01GA02,,
1090522,iodine povacrylex 7 MG/ML / isopropyl alcohol 0.74 ML/ML Topical Solution [DuraPrep],SBD,D08AX05,D08AG,,
198841,coal tar 0.08 MG/MG / salicylic acid 0.02 MG/MG Topical Gel,SCD,D01AE12|N02BA04,D01AE12|D05AA,,
314124,neomycin 40 MG/ML / polymyxin B 200000 UNT/ML Irrigation Solution,SCD,A07AA01|D06AX04|S01AA03,B05CA09,,
807371,alanine 21.7 MG/ML / arginine 14.7 MG/ML / aspartate 4.34 MG/ML / glutamate 7.49 MG/ML / glycine 10.4 MG/ML / histidine 8.94 MG/ML / isoleucine 7.49 MG/ML / leucine 10.4 MG/ML / lysine 11.8 MG/ML / methionine 7.49 MG/ML / phenylalanine 10.4 MG/ML / proline 8.94 MG/ML / serine 5.92 MG/ML / sodium metabisulfite 0.3 MG/ML / threonine 7.49 MG/ML / tryptophan 2.5 MG/ML / tyrosine 0.39 MG/ML / valine 9.6 MG/ML Injectable Solution [Novamine 15%],SBD,B05CX03|B05XB03|N06AX02|V03AB26,B05BA01,,
800933,alanine 7.7 MG/ML / arginine 6 MG/ML / cysteine 0.2 MG/ML / glycine 9 MG/ML / histidine 2.4 MG/ML / isoleucine 9 MG/ML / leucine 11 MG/ML / lysine 6.1 MG/ML / methionine 1 MG/ML / phenylalanine 1 MG/ML / phosphoric acid 1.15 MG/ML / proline 8 MG/ML / serine 5 MG/ML / threonine 4.5 MG/ML / tryptophan 0.66 MG/ML / valine 8.4 MG/ML Injectable Solution [Hepatamine 8],SBD,B05CX03|B05XB03|N06AX02|V03AB26,B05BA01,,
992910,guaiacolsulfonic acid 8.8 MG/ML / phenylephrine hydrochloride 1 MG/ML / promethazine hydrochloride 1 MG/ML Oral Solution,SCD,R01AA04|R06AD02|S01FB01|S01XA20,R01BA03|R06AD02,,
311930,neomycin 5 MG/ML Topical Cream,SCD,A07AA01|D06AX04|S01AA03,D06AX04,IMPROVED,D06AX04
358922,capsaicin 0.75 MG/ML Topical Solution,SCD,N01BX04,M02AB01,,
617954,calamine 80 MG/ML / zinc oxide 80 MG/ML Topical Lotion,SCD,C05AX04,D04AX,,
637129,menthol 0.004 MG/MG / zinc oxide 0.205 MG/MG Paste,SCD,C05AX04,D02AB,,
636109,castor oil 0.788 MG/MG / Peruvian balsam 0.087 MG/MG / trypsin 0.00012 MG/MG Topical Gel [Optase],SBD,A06AB05,D03BA01,,
688067,salicylic acid 0.03 MG/MG Topical Gel [Keralyt],SBD,D01AE12|N02BA04,D01AE12,,
700669,dexbrompheniramine tannate 0.8 MG/ML / pyrilamine maleate 0.7 MG/ML Extended Release Suspension,SCD,R06AB06,R06AB06|R06AC01,,
708020,Salicylic Acid 30 MG/ML Topical Solution [Dermarest Psoriasis],SBD,D01AE12|N02BA04,D01AE12,,
749671,ofloxacin 30 MG/ML Otic Solution,SCD,J01MA01,S02AA16,,
308900,calcium carbonate 311 MG / magnesium carbonate 232 MG Oral Tablet,SCD,A02AA01|A12AA04,A02AD01,,
309577,chlorpheniramine maleate 4 MG / phenylpropanolamine hydrochloride 50 MG / pseudoephedrine hydrochloride 10 MG / pyrilamine maleate 25 MG Oral Tablet,SCD,R01BA01|R01BA02|R06AB04,R01BA01|R01BA02|R06AB04|R06AC01,,
206282,hydrocortisone 25 MG/ML Topical Cream [Hytone],SBD,A01AC03|A07EA02|D07AA02|D07AB02|D07AB11|H02AB09|S01BA02,D07AA02,,
998437,miconazole nitrate 0.02 MG/MG Topical Gel,SCD,A01AB09|D01AC02|G01AF04,D01AC02,,
348622,ascorbic acid 250 MG / ferrous fumarate 200 MG / folic acid 1 MG / vitamin B12 0.01 MG Oral Capsule,SCD,A11GA01|B03BA01|B03BB01,B03AE01,,
358917,benzoyl peroxide 0.05 MG/MG / clindamycin 0.01 MG/MG Topical Gel,SCD,D10AE01,D10AF51,,
310478,gentamicin 2.4 MG/ML Injectable Solution,SCD,D06AX07|S03AA06,J01GB03,,
95267,glucose 500 MG/ML Oral Solution,SCD,B05BA03|V06DC01,B05CX01|V04CA02|V06DC01,,
1992300,24 HR timolol 5 MG/ML Ophthalmic Solution [Istalol],SBD,C07AA06,S01ED01,,
359938,guaifenesin 22 MG/ML / phenylephrine hydrochloride 1 MG/ML / potassium citrate 16 MG/ML Oral Solution,SCD,A12BA02|R05CA03,A12BA02|R01BA03|R05CA03,,
745309,2 ML penicillin G benzathine 600000 UNT/ML Prefilled Syringe [Permapen],SBD,J01CE08,J01CE01|J01CE08,,
1089775,guaifenesin 20 MG/ML / pseudoephedrine hydrochloride 6 MG/ML Oral Solution,SCD,R01BA02|R05CA03,R05CA03,,
827346,hydrocortisone 20 MG/ML Topical Lotion [Nucort],SBD,A01AC03|A07EA02|D07AA02|D07AB02|D07AB11|H02AB09|S01BA02,D07AA02,,
645671,tretinoin 1 MG/ML Topical Cream [Tretin X],SBD,D10AD01|L01XX14,D10AD01,,
745300,penicillin G potassium 100000 UNT/ML Injectable Solution,SCD,J01CE08|J01CE09,J01CE01|J01CE08|J01CE09,,
790302,chloramphenicol 5 MG/ML Otic Solution [Chloromycetin],SBD,J01BA01|S01AA01|S02AA01,S02AA01,,
762008,{21 (ethinyl estradiol 0.05 MG / norgestrel 0.5 MG Oral Tablet) / 7 (inert ingredients 1 MG Oral Tablet) } Pack [Ovral 28 Day],BPCK,G03CA01,G03AA06,,
860914,capsaicin 0.375 MG/ML / menthol 100 MG/ML / methyl salicylate 300 MG/ML Topical Lotion,SCD,N01BX04,M02AC,,
312124,ethinyl estradiol 0.05 MG / norethindrone 1 MG Oral Tablet,SCD,G03CA01|G03DC02,G03AA05,,
1087798,salicylic acid 20 MG/ML Topical Lotion [Dermoneen],SBD,D01AE12|N02BA04,D01AE12,,
1991329,NDA201739 0.1 ML epinephrine 1 MG/ML Auto-Injector [Auvi-Q],SBD,C01CA24|S01EA01,C01CA24,,
991633,200 ACTUAT metaproterenol sulfate 0.65 MG/ACTUAT Metered Dose Inhaler [Alupent],SBD,R03CB03,R03AB03|R03CB03,,
311877,mupirocin 20 MG/ML Topical Cream,SCD,D06AX09|R01AX06,D06AX09,,
998236,glycerin 2 MG/ML Ophthalmic Solution [Oasis Tears],SBD,A06AX01,S01XA20,,
828293,calcium carbonate 600 MG / cholecalciferol 400 UNT / folic acid 1.6 MG / hydroxocobalamin 0.425 MG Oral Tablet,SCD,A11CC05|B03BB01,A11AA,,
1089057,codeine phosphate 10 MG / guaifenesin 400 MG / pseudoephedrine hydrochloride 20 MG Oral Tablet [Ambifed-G CD],SBD,R01BA02|R05CA03|R05DA04,R05FA02,,
2048002,histamine dihydrochloride 1 MG/ML / menthol 20 MG/ML Topical Spray,SCD,V04CG03,L03AX14,,
995026,caffeine 5 MG/ML / codeine phosphate 2 MG/ML / pheniramine maleate 2.6 MG/ML / phenylephrine hydrochloride 0.8 MG/ML / sodium salicylate 16.6 MG/ML Oral Solution [Tussirex],SBD,N06BC01|R05DA04,N02BA04|N06BC01|R01BA03|R05DA04|R06AB05,IMPROVED,N02BA04|N06BC01|R01BA03|R05DA04|R06AB05
313793,aluminum hydroxide 131 MG/ML / magnesium hydroxide 120 MG/ML Oral Suspension,SCD,A02AB01,A02AD01,,
810096,{7 (ethinyl estradiol 0.01 MG Oral Tablet) / 84 (ethinyl estradiol 0.02 MG / levonorgestrel 0.1 MG Oral Tablet) } Pack,GPCK,G03CA01,G03AB03,,
830166,2 ML tetracaine hydrochloride 10 MG/ML Injection [Pontocaine],SBD,C05AD02|D04AB06|N01BA03|S01HA03,N01BA03,,
313599,ascorbic acid 35 MG/ML / cholecalciferol 0.01 MG/ML / vitamin A 0.45 MG/ML Oral Solution,SCD,A11CA01|A11GA01,A11JA,,
856840,amitriptyline hydrochloride 50 MG / perphenazine 4 MG Oral Tablet,SCD,N05AB03|N06AA09,N06CA01,,
856987,acetaminophen 300 MG / hydrocodone bitartrate 5 MG Oral Tablet,SCD,N02BE01|R05DA03,N02AJ22,,
208591,dexamethasone 1 MG/ML / neomycin 3.5 MG/ML / polymyxin B 10000 UNT/ML Ophthalmic Suspension [Maxitrol],SBD,A07AA01|D06AX04|H02AB02|S01AA03|S01BA01,S01CA01,,
2109253,{1 (60 ML) (salicylic acid 5 MG/ML Medicated Liquid Soap) / 1 (30 ML) (salicylic acid 5 MG/ML Topical Cream) } Pack,GPCK,D01AE12|N02BA04,D01AE12,,
211319,benzocaine 200 MG/ML Topical Spray [Solarcaine Plus Aloe],SBD,C05AD03|D04AB04|R02AD01,N01BA05,,
211637,aluminum hydroxide 200 MG / magnesium hydroxide 200 MG / simethicone 25 MG Chewable Tablet [Mintox Plus],SBD,A02AB01,A02AD01,,
212318,salicylic acid 30 MG/ML Medicated Shampoo [DHS Salicylic Acid 3%],SBD,D01AE12|N02BA04,D01AE12,,
1094393,diphenhydramine hydrochloride 2.5 MG/ML Oral Solution [Siladryl],SBD,D04AA32|R06AA02,R06AA02,,
1100471,{30 (ascorbic acid 120 MG / calcium citrate 125 MG / cholecalciferol 400 UNT / folic acid 1 MG / iron carbonyl 20 MG / pyridoxine hydrochloride 25 MG Oral Tablet) / 10 (pyridoxine hydrochloride 25 MG Oral Tablet) } Pack [CitraNatal B-Calm Kit],BPCK,A11CC05|A11GA01|A11HA02|A12AA13|B03BB01,A11HA02,,
1116454,benzalkonium chloride 2 MG/ML / benzocaine 2 MG/ML Medicated Pad,SCD,C05AD03|D04AB04|D08AJ01|D08AJ08|R02AA16|R02AD01,D04AB04|D08AJ01,,
1117106,bacitracin zinc 0.5 MG/MG / polymyxin B sulfate 10 UNT/MG Topical Powder,SCD,A07AA05|D06AX05|J01XB02|J01XX10|R02AB04|S01AA18|S02AA11|S03AA03,D06AX05,,
1095364,benzocaine 200 MG/ML Medicated Pad [Hurricaine],SBD,C05AD03|D04AB04|R02AD01,N01BA05,,
1190113,0.75 ML chondroitin sulfates 40 MG/ML / sodium hyaluronate 30 MG/ML Prefilled Syringe [Viscoat],SBD,M01AX25,S01KA51,,
1190444,diphenhydramine hydrochloride 50 MG / pseudoephedrine hydrochloride 60 MG Oral Tablet [Tekral],SBD,R01BA02,R01BA02|R06AA02,,
1234482,ascorbic acid 35 MG/ML / cholecalciferol 400 UNT/ML / niacin 8 MG/ML / riboflavin 0.6 MG/ML / sodium fluoride 0.55 MG/ML / thiamine 0.5 MG/ML / vitamin A 1500 UNT/ML / vitamin B12 0.002 MG/ML / vitamin B6 0.4 MG/ML / vitamin E 5 UNT/ML Oral Solution,SCD,A11CA01|A11CC05|A11DA01|A11GA01|A11HA03|A11HA04|B03BA01,A11AA,,
417994,zinc oxide 120 MG/ML Topical Cream,SCD,C05AX04,D02AB,,
545875,acetaminophen 250 MG / aspirin 500 MG / caffeine 32.5 MG / salicylamide 150 MG Oral Tablet [Levacet],SBD,N02BA05|N02BE01|N06BC01,N02BA01|N02BA05|N02BE01|N06BC01,,
603086,tobramycin 40 MG/ML Injectable Solution [Nebcin],SBD,J01GB01|S01AA12,J01GB01,,
1000636,dimethicone 12.5 MG/ML Topical Lotion,SCD,P03AX05,D02AA,,
1009241,sodium bicarbonate 0.595 MEQ/ML Injectable Solution,SCD,B05CB04|B05XA02,B05XA02,,
1010844,5 ML lidocaine hydrochloride 40 MG/ML Injection,SCD,D04AB01|N01BB02|R02AD02,C01BB01,,
1012238,hydrocortisone acetate 5 MG/ML / lidocaine hydrochloride 30 MG/ML Topical Lotion,SCD,A01AC03|A07EA02|D04AB01|D07AA02|D07AB02|D07AB11|H02AB09|N01BB02|R02AD02|S01BA02,D07XA01,,
102250,hydrocortisone 1.67 MG/ML Enema [Cortenema],SBD,A01AC03|A07EA02|D07AA02|D07AB02|D07AB11|H02AB09|S01BA02,A07EA02,,
1046534,dexpanthenol 2 MG/ML / levomenthol 3 MG/ML / salicylic acid 2.5 MG/ML Topical Solution,SCD,D01AE12|N02BA04,D01AE12|D03AX03,,
1046815,atropine sulfate 0.0194 MG / hyoscyamine sulfate 0.1037 MG / phenobarbital 16.2 MG / scopolamine hydrobromide 0.0065 MG Oral Tablet,SCD,A03BA03|N03AA02,A03CB,,
239009,benzocaine 200 MG/ML Otic Solution,SCD,C05AD03|D04AB04|R02AD01,S02DA03,,
245224,phenylephrine 0.0025 MG/MG / zinc oxide 0.11 MG/MG Rectal Suppository,SCD,C05AX04|R01AA04|S01FB01|S01XA20,C05AX06,,
248280,benzocaine 200 MG/ML Oral Cream,SCD,C05AD03|D04AB04|R02AD01,N01BA05,,
307710,acetic acid 20 MG/ML / desonide 0.5 MG/ML Otic Solution,SCD,G01AD02|S02AA10,D07AB08|S02AA10,,
1045335,benzocaine 200 MG/ML Mucous Membrane Topical Solution [Orajel],SBD,C05AD03|D04AB04|R02AD01,N01BA05,,
238154,acetaminophen 325 MG / butalbital 50 MG / caffeine 40 MG Oral Tablet,SCD,N02BE01|N06BC01,N02BE71,BOTH_WRONG,N02BE71
307686,acetaminophen 500 MG / caffeine 65 MG Oral Tablet,SCD,N02BE01|N02BE51|N06BC01,N02BE01|N02BE51,,
1663812,ethanol 0.31 ML/ML Medicated Pad,SCD,D08AX08|V03AB16|V03AZ01,D08AX08,,
1043063,hydrocortisone 10 MG/ML Topical Lotion [Aquanil HC],SBD,A01AC03|A07EA02|D07AA02|D07AB02|D07AB11|H02AB09|S01BA02,D07AA02,,
1722107,benzocaine 140 MG/ML / butamben 20 MG/ML / tetracaine 20 MG/ML Mucosal Spray [Cetacaine],SBD,C05AD03|D04AB04|R02AD01,N01BA53,BOTH_WRONG,N01BA53
1723750,50 ML necitumumab 16 MG/ML Injection [Portrazza],SBD,L01XC22,L01FE03,,
1726416,carboxymethylcellulose sodium 0.01 MG/MG / glycerin 0.009 MG/MG Ophthalmic Gel,SCD,A06AX01,S01XA20,,
1727521,{24 (ethinyl estradiol 0.025 MG / norethindrone 0.8 MG Chewable Tablet) / 4 (ferrous fumarate 75 MG Chewable Tablet) } Pack [Kaitlib Fe 28 Day],BPCK,B03AA02|G03CA01|G03DC02,G03AA05,,
1053423,Salicylic Acid 20 MG/ML Topical Lotion [Proactiv Cleansing],SBD,D01AE12|N02BA04,D01AE12,,
106248,hydrocortisone 1 MG/ML Topical Cream,SCD,A01AC03|A07EA02|D07AA02|D07AB02|D07AB11|H02AB09|S01BA02,D07AA02,,
311422,magnesium chloride 200 MG/ML Injectable Solution,SCD,A12CC01,B05XA11,,
999434,chlorpheniramine maleate 2 MG / methscopolamine nitrate 1.25 MG / phenylephrine hydrochloride 10 MG Chewable Tablet,SCD,R06AB04,A03BB03|R01BA03|R06AB04,,
346966,brompheniramine maleate 0.8 MG/ML / pseudoephedrine hydrochloride 6 MG/ML Oral Solution,SCD,R01BA02|R01BA52|R06AB01,R01BA02|R06AB01,,
800444,alanine 10.4 MG/ML / arginine 5.75 MG/ML / glucose 200 MG/ML / glycine 5.15 MG/ML / histidine 2.4 MG/ML / isoleucine 3 MG/ML / leucine 3.65 MG/ML / lysine 2.9 MG/ML / methionine 2 MG/ML / phenylalanine 2.8 MG/ML / proline 3.4 MG/ML / serine 2.5 MG/ML / threonine 2.1 MG/ML / tryptophan 0.9 MG/ML / tyrosine 0.2 MG/ML / valine 2.9 MG/ML Injectable Solution [Clinimix 5/20],SBD,B05CX03|B05XB03|N06AX02|V03AB26,B05BA01,,
804973,clindamycin 10 MG/ML Topical Lotion [Cleocin-T],SBD,D10AF01|J01FF01,D10AF01,,
313633,ascorbic acid 300 MG / ferrous fumarate 60 MG / folic acid 1 MG Oral Capsule,SCD,A11GA01|B03BB01,B03AE01,,
857368,econazole nitrate 10 MG/ML Topical Cream [Spectazole],SBD,D01AC03|G01AF05,D01AC03,,
857716,brompheniramine maleate 1.2 MG/ML / hydrocodone bitartrate 1 MG/ML / phenylephrine hydrochloride 2 MG/ML Extended Release Suspension,SCD,R05DA03|R06AB01,R01BA03|R05DA03|R06AB01,,
208312,5 ML sodium bicarbonate 40 MG/ML Injection [Neut brand of sodium bicarbonate],SBD,B05CB04|B05XA02,B05XA02,,
209304,citric acid 66.8 MG/ML / potassium citrate 220 MG/ML Oral Solution [Cytra-K],SBD,A09AB04|A12BA02,G04BC,IMPROVED,G04BC
238135,aspirin 325 MG / butalbital 50 MG / caffeine 40 MG Oral Tablet,SCD,N06BC01,N02BA51,,
1095225,{21 (ethinyl estradiol 0.035 MG / norethindrone 0.4 MG Chewable Tablet) / 7 (ferrous fumarate 75 MG Chewable Tablet) } Pack [Zeosa 28 Day],BPCK,B03AA02|G03CA01|G03DC02,G03AA05,,
1098170,ethanol 0.61 ML/ML Topical Solution,SCD,D08AX08|V03AB16|V03AZ01,D08AX08,,
1101741,12 HR chlorpheniramine maleate 8 MG / methscopolamine nitrate 2.5 MG / phenylephrine hydrochloride 20 MG Extended Release Oral Tablet,SCD,R06AB04,A03BB03|R01BA03|R06AB04,,
1192741,dimethicone 15 MG/ML Medicated Liquid Soap,SCD,P03AX05,D02AA,,
312004,250 ML nitroglycerin 0.2 MG/ML Injection,SCD,C01DA02|C05AE01,C01DA02,,
1088930,ubidecarenone 20 MG/ML / vitamin E 0.2 UNT/ML Oral Solution [Liq-10],SBD,A11HA03|C01EB09,C01EX,,
997951,folic acid 0.8 MG / vitamin B12 0.115 MG / vitamin B6 10 MG Oral Tablet [Foltabs],SBD,B03BA01|B03BB01,A11JA,,
312891,salicylic acid 0.05 MG/MG Topical Gel,SCD,D01AE12|N02BA04,D01AE12,,
313456,triamcinolone 0.0025 MG/MG Topical Ointment,SCD,A01AC01|H02AB08|R01AD11,D07AB09,,
857410,12 HR clemastine fumarate 1.34 MG / phenylpropanolamine hydrochloride 75 MG Extended Release Oral Tablet [Dayhist-D],SBD,R01BA01,R01BA01|R06AA04,,
2107062,salicylic acid 0.0055 MG/MG Topical Gel,SCD,D01AE12|N02BA04,D01AE12,,
2117659,Emollient tretinoin 0.5 MG/ML Topical Cream,SCD,D10AD01|L01XX14,D10AD01,,
213543,betamethasone 0.5 MG/ML Topical Cream [Maxivate],SBD,D07AC01|H02AB01|S01BA06|S03BA03,D07AC01,,
859225,chlorpheniramine maleate 0.8 MG/ML / hydrocodone bitartrate 0.5 MG/ML / phenylephrine hydrochloride 2 MG/ML Oral Solution,SCD,R05DA03|R06AB04,R01BA03|R05DA03|R06AB04,,
1006725,sulfacetamide sodium 150 MG/ML Ophthalmic Solution [Sulf-15],SBD,D10AB02,S01AB04,,
244541,salicylic acid 23.5 MG/ML / sulfur 40 MG/ML Topical Lotion,SCD,D10AB02,D01AE12|D10AB02,,
248244,guaifenesin 600 MG / phenylephrine hydrochloride 40 MG Extended Release Oral Tablet,SCD,R05CA03,R01BA03|R05CA03,,
260394,prednisolone 50 MG/ML Injectable Suspension [Key-Pred],SBD,A07EA01|H02AB06|S01BA04|S03BA02,A01AC04|A07EA01|H02AB06|S03BA02,,
1667692,gentamicin 100 MG/ML Injectable Solution [Garasol],SBD,D06AX07|S03AA06,J01GB03,,
1730425,salicylic acid 0.02 MG/MG Topical Gel [Stridex],SBD,D01AE12|N02BA04,D01AE12,,
577927,"mineral oil 45 MG/ML / mineral oil, light 10 MG/ML Ophthalmic Solution",SCD,A06AA01,S01XA20,,
860117,hydrocodone bitartrate 0.5 MG/ML / phenylephrine hydrochloride 1 MG/ML Oral Solution [Rhinacon DH],SBD,R05DA03,R01BA03|R05DA03,,
1000666,pilocarpine hydrochloride 100 MG/ML Ophthalmic Solution [Isoptocarpine],SBD,N07AX01|S01EB01,S01EB01,,
1049648,chlorhexidine gluconate 10 MG/ML / ethanol 0.7 ML/ML Topical Solution,SCD,A01AB03|D08AC02|R02AA05,D08AC02|D08AX08,,
243783,niacin 100 MG/ML Injectable Solution,SCD,C10AD02,C04AC01|C10AD02,,
244323,benzocaine 0.2 MG/MG Oral Ointment,SCD,C05AD03|D04AB04|R02AD01,R02AD01,,
544351,phenylephrine tannate 2.5 MG/ML / pyrilamine tannate 6 MG/ML Oral Suspension [Viravan S],SBD,R01AA04|S01FB01|S01XA20,R01BA03|R06AC01,,
1000000,amlodipine 5 MG / hydrochlorothiazide 12.5 MG / olmesartan medoxomil 40 MG Oral Tablet [Tribenzor],SBD,C03AA03|C08CA01,C09DX03,,
1001679,calcium carbonate 400 MG / cholecalciferol 133 UNT / magnesium oxide 167 MG Oral Tablet,SCD,A11CC05,A11JB,,
1042829,chlorpheniramine maleate 4 MG / phenylephrine hydrochloride 10 MG / pyrilamine maleate 25 MG Oral Tablet,SCD,R06AB04,R01BA03|R06AB04|R06AC01,,
1053444,benzocaine 0.2 MG/MG Oral Gel [Benzo-Jel],SBD,R02AD01,N01BA05,,
1089060,codeine phosphate 10 MG / guaifenesin 400 MG / pseudoephedrine hydrochloride 30 MG Oral Tablet [Ambifed CD],SBD,R01BA02|R05CA03|R05DA04,R05FA02,,
205073,chromous chloride 0.002 MG/ML / copper sulfate 0.2 MG/ML / manganese chloride 0.16 MG/ML / zinc chloride 0.8 MG/ML Injectable Solution,SCD,B05XA12|V03AB20,B05XA31,,
998428,miconazole nitrate 0.02 MG/MG Powder Spray,SCD,A01AB09|D01AC02|G01AF04,D01AC02,,
317055,aluminum hydroxide 200 MG / magnesium hydroxide 200 MG / simethicone 20 MG Chewable Tablet,SCD,A02AB01,A02AD01,,
994005,esomeprazole 20 MG / naproxen 375 MG Delayed Release Oral Tablet,SCD,A02BC05,M01AE52,,
1091712,diphenhydramine citrate 19 MG / pseudoephedrine hydrochloride 30 MG Disintegrating Oral Tablet [Benadryl-D Fastmelt Allergy and Sinus],SBD,R01BA02,R01BA02|R06AA02,,
1112894,Lactobacillus acidophilus / pectin Oral Capsule,SCDF,A07BC01,A07FA51,,
1235747,hydrocortisone acetate 0.01 MG/MG Topical Gel [Biocorneum],SBD,A01AC03|A07EA02|D07AA02|D07AB02|D07AB11|H02AB09|S01BA02,D07AA02,,
1006063,sulfacetamide sodium 100 MG/ML / sulfur 50 MG/ML Topical Lotion [Zetacet],SBD,D10AB02,D10AB02|D10AF06,,
1049898,diphenhydramine hydrochloride 10 MG/ML Topical Spray,SCD,D04AA32|R06AA02,D04AA32,,
1052610,benzethonium chloride 1 MG/ML Topical Foam [Bedside-Care],SBD,D08AJ08|R02AA09,D08AJ08,,
239984,muromonab-CD3 1 MG/ML Injectable Solution,SCD,L04AA02,L04AG01,,
261345,ciclopirox 80 MG/ML Topical Solution [Penlac Nail Lacquer],SBD,D01AE14|G01AX12,D01AE14,IMPROVED,D01AE14
1794905,1000 ML glucose 50 MG/ML / sodium chloride 2.25 MG/ML Injection,SCD,A12CA01|B05BA03|B05BB01|B05CB01|B05XA03|S01XA03|V06DC01,B05BB01,,
1805281,lidocaine hydrochloride 10 MG/ML / pramoxine hydrochloride 10 MG/ML Topical Spray,SCD,D04AB01|N01BB02|R02AD02,D04AB01|D04AB07,,
1807549,100 ML sodium chloride 4.5 MG/ML Injection,SCD,A12CA01|B05BB01|B05CB01|B05XA03|S01XA03,B05XA03,,
1812079,1 ML dexamethasone phosphate 10 MG/ML Injection,SCD,H02AB02|S01BA01,H02AB02,,
1860132,5 ML potassium chloride 2 MEQ/ML Injection,SCD,A12BA01|B05XA01,A12BA01,,
1923430,timolol 5 MG/ML Ophthalmic Solution,SCD,C07AA06,S01ED01,,
1923421,{21 (desogestrel 0.15 MG / ethinyl estradiol 0.03 MG Oral Tablet) / 7 (inert ingredients 1 MG Oral Tablet) } Pack [Kalliga 28 Day],BPCK,G03AA09|G03AC09,G03AA09,,
1241639,salicylic acid 0.005 MG/MG Topical Powder,SCD,D01AE12|N02BA04,D01AE12,,
1241720,ascorbic acid 125 MG / ferrous fumarate 65 MG Oral Tablet,SCD,A11GA01,B03AA02,,
1244146,pyridoxine hydrochloride 100 MG / thiamine hydrochloride 100 MG / vitamin B12 0.2 MG Oral Tablet,SCD,A11DA01|A11HA02|B03BA01,A11DB,,
1244638,methohexital sodium 50 MG/ML Injectable Solution [Brevital],SBD,N01AF01|N05CA15,N01AF01,,
1246336,pramoxine hydrochloride 10 MG/ML Rectal Spray [Tucks Fast Relief],SBD,C05AD07|D04AB07,C05AD07,,
1248347,salicylic acid 28 MG/ML Medicated Shampoo,SCD,D01AE12|N02BA04,D01AE12,IMPROVED,D01AE12
1248486,carbetapentane citrate 7.5 MG/ML / chlorpheniramine maleate 1.25 MG/ML / phenylephrine hydrochloride 2.5 MG/ML Oral Suspension,SCD,R05DB05|R06AB04,R01BA03|R05DB05|R06AB04,,
1250980,undecylenic acid 130 MG/ML Topical Cream [Tineacide Antifungal],SBD,D01AE04|D01AE20,D01AE04,,
1251334,{28 (ethinyl estradiol 0.0025 MG / norethindrone acetate 0.5 MG Oral Tablet) } Pack,GPCK,G03CA01|G03DC02,G03AA05,,
1293648,1.7 ML epinephrine 0.01 MG/ML / lidocaine hydrochloride 20 MG/ML Cartridge,SCD,C01CA24|D04AB01|N01BB02|R02AD02|S01EA01,N01BB02,,
1293874,chloroxylenol 1 MG/ML / hydrocortisone 10 MG/ML / pramoxine hydrochloride 10 MG/ML Otic Solution,SCD,D08AE05,S02CA03,,
1293983,dimethicone 50 MG/ML / menthol 5 MG/ML / pramoxine hydrochloride 10 MG/ML Topical Lotion,SCD,P03AX05,D04AX,,
1294313,12 HR brompheniramine maleate 6 MG / diphenhydramine hydrochloride 25 MG / phenylephrine hydrochloride 20 MG Extended Release Oral Tablet,SCD,R06AB01,R01BA03|R06AA02|R06AB01,,
1294348,diphenhydramine hydrochloride 12.5 MG / phenylephrine hydrochloride 5 MG Chewable Tablet,SCD,D04AA32|R01AA04|R06AA02|S01FB01|S01XA20,R01BA03|R06AA02,,
1314399,dexpanthenol 5 MG/ML / niacinamide 12.5 MG/ML / pyridoxine hydrochloride 5 MG/ML / riboflavin 2 MG/ML / thiamine hydrochloride 12.5 MG/ML / vitamin B12 0.005 MG/ML Injectable Solution,SCD,A11DA01|A11HA01|A11HA02|A11HA04|B03BA01,A11DA01|A11HA01|A11HA02|A11HA04|A11HA30|B03BA01,IMPROVED,A11DA01|A11HA01|A11HA02|A11HA04|A11HA30|B03BA01
1358395,phenylephrine hydrochloride 1 MG/ML / potassium guaiacolsulfonate 15 MG/ML Oral Solution,SCD,R05CA09,R01BA03|R05CA09,,
1368312,{1 (15000 MG) (salicylic acid 0.02 MG/MG Topical Gel [Santalia Spot Treatment]) / 1 (30000 MG) (salicylic acid 0.05 MG/MG Topical Gel [Santalia Daily Serum]) / 1 (120000 MG) (salicylic acid 5 MG/ML Medicated Liquid Soap [Santalia Daily Cleanser]) } Pack [Santalia Clinical Acne Kit],BPCK,D01AE12|N02BA04,D01AE12,,
1370760,hydrocortisone butyrate 0.001 MG/MG Topical Ointment [Locoid],SBD,D07AA02|D07AB02,D07AB02,,
1423416,guaifenesin 1000 MG / phenylephrine hydrochloride 30 MG Oral Tablet,SCD,R05CA03,R01BA03|R05CA03,IMPROVED,R01BA03|R05CA03
197948,methoxsalen 10 MG/ML Topical Lotion,SCD,D05AD02|D05BA02,D05AD02,,
198021,dexamethasone 0.0005 MG/MG / neomycin 0.0035 MG/MG Ophthalmic Ointment,SCD,A07AA01|D06AX04|H02AB02|S01AA03|S01BA01,S01CB01,,
198207,scopolamine 0.4 MG/ML Injectable Solution,SCD,A03BB01|A04AD01|N05CM05,N05CM05,,
1431682,benzalkonium chloride 0.0013 MG/MG / lidocaine hydrochloride 0.02 MG/MG Topical Gel,SCD,D04AB01|D08AJ01|D08AJ08|N01BB02|R02AA16|R02AD02,D04AB01,,
1441185,hydrocortisone acetate 10 MG/ML Topical Lotion,SCD,A01AC03|A07EA02|D07AA02|D07AB02|D07AB11|H02AB09|S01BA02,D07AA02,,
1494174,sulfacetamide sodium 98 MG/ML / sulfur 48 MG/ML Topical Lotion,SCD,D10AB02,D10AF06,,
1537434,benzalkonium chloride 1.4 MG/ML / lidocaine 25 MG/ML Topical Spray,SCD,D04AB01|D08AJ01|D08AJ08|N01BB02|R02AA16|R02AD02,D04AB01|D08AJ01,,
1598339,ethanol 0.523 ML/ML Topical Gel,SCD,D08AX08|V03AB16|V03AZ01,D08AX08,,
1241621,acetaminophen 500 MG / diphenhydramine hydrochloride 25 MG Oral Tablet [Counteract PM],SBD,N02BE01|N02BE51,N02BE01|R06AA02,,
1247453,fluorescein sodium 2.5 MG/ML / proparacaine hydrochloride 5 MG/ML Ophthalmic Solution [Fluoracaine],SBD,S01HA04|S01JA01,S01JA01,,
1250631,allantoin 0.01 MG/MG / benzalkonium chloride 0.0013 MG/MG Topical Ointment,SCD,D08AJ01|D08AJ08|R02AA16,D08AJ01,,
1292982,ethanol 0.03 ML/ML Medicated Liquid Soap,SCD,D08AX08|V03AB16|V03AZ01,D08AX08,,
1426293,benzocaine 0.2 MG/MG Topical Ointment [Americaine Hemorrhoidal],SBD,C05AD03|D04AB04|R02AD01,D04AB04,,
1545716,benzethonium chloride 2 MG/ML / lidocaine 40 MG/ML Topical Spray,SCD,R02AA09,D04AB01|D08AJ08,,
1597269,salicylic acid 5 MG/ML Medicated Pad [Acnefree SA],SBD,D01AE12|N02BA04,D01AE12,,
1251566,salicylic acid 0.02 MG/MG Topical Gel [clear days ahead],SBD,D01AE12|N02BA04,D01AE12,,
1293036,chlorpheniramine tannate 0.4 MG/ML / methscopolamine nitrate 0.3 MG/ML Oral Suspension,SCD,R06AB04,A03BB03|R06AB04,,
1372490,benzethonium chloride 2 MG/ML Topical Cream,SCD,R02AA09,D08AJ08,,
1540246,benzoyl peroxide 0.05 MG/MG / clindamycin phosphate 0.012 MG/MG Topical Gel [Neuac],SBD,D10AE01,D10AF51,,
1926461,capsaicin 8.3 MG / menthol 30 MG Medicated Patch,SCD,N01BX04,M02AB01,,
1294033,pramoxine hydrochloride 10 MG/ML / zinc acetate 1 MG/ML Topical Spray,SCD,A16AX05,D04AB07,,
1297932,diphenhydramine hydrochloride 2.5 MG/ML / hydrocodone bitartrate 0.4 MG/ML / phenylephrine hydrochloride 1.5 MG/ML Oral Solution [Endal-HD Reformulated Nov 2007],SBD,R05DA03,R01BA03|R05DA03|R06AA02,,
1297983,diphenhydramine hydrochloride 37.5 MG / pseudoephedrine hydrochloride 58 MG Oral Tablet,SCD,R01BA02,R01BA02|R06AA02,,
1311810,{1 (28300 MG) (capsaicin 0.33 MG/ML Topical Cream [Zostrix]) / 1 (28300 MG) (menthol 40 MG/ML Topical Cream [Zostrix Cold Therapy]) } Pack [Zostrix Hot and Cold Therapy System],BPCK,N01BX04,M02AB01|N01BX04,,
197959,chlorothiazide 250 MG / methyldopa 250 MG Oral Tablet,SCD,C02AB01|C03AA04,C02LB01,,
1545703,capsaicin 1.5 MG/ML Topical Solution [Capzasin-P],SBD,N01BX04,M02AB01,,
1534829,sodium hyaluronate 10 MG/ML Injectable Solution [Nexha],SBD,M09AX01,S01KA01,,
1653155,choline salicylate 29 MG/ML / guaifenesin 6.67 MG/ML / phenylephrine hydrochloride 0.33 MG/ML Oral Solution,SCD,R05CA03,N02BA03|R01BA03|R05CA03,,
1484873,10 ML novobiocin 40 MG/ML / penicillin G procaine 20000 UNT/ML Prefilled Syringe [Albadry],SBD,J01CE08|J01CE09,J01CE09,,
730872,amlodipine 5 MG / olmesartan medoxomil 40 MG Oral Tablet,SCD,C08CA01|C09DB02,C09DB02,,
800033,alanine 3.48 MG/ML / arginine 3.56 MG/ML / aspartate 2.45 MG/ML / glucose 50 MG/ML / glutamate 2.58 MG/ML / glycine 1.75 MG/ML / histidine 1.05 MG/ML / isoleucine 2.31 MG/ML / leucine 3.5 MG/ML / lysine 3.68 MG/ML / methionine 0.6 MG/ML / phenylalanine 1.04 MG/ML / proline 2.52 MG/ML / serine 1.86 MG/ML / threonine 1.4 MG/ML / tryptophan 0.7 MG/ML / tyrosine 0.94 MG/ML / valine 1.75 MG/ML Injectable Solution,SCD,B05CX03|B05XB03|N06AX02|V03AB26,B05BA01,,
756219,pheniramine maleate 0.8 MG/ML / phenyltoloxamine citrate 0.8 MG/ML / pyrilamine maleate 0.8 MG/ML Oral Solution [Poly-Histine],SBD,D04AA02|D04AA16|R06AB05|R06AC01,R06AB05|R06AC01,,
800061,calcium chloride 0.00014 MEQ/ML / glucose 0.6 MG/ML / magnesium chloride 0.0000245 MEQ/ML / sodium chloride 0.00368 MEQ/ML / sodium lactate 0.0016 MEQ/ML Intraperitoneal Solution [Dianeal PD-2/1.5],SBD,A12CA01|A12CC01|B05BA03|B05BB01|B05CB01|B05XA03|B05XA07|G01AD01|S01XA03|V06DC01,B05DB,,
205121,mineral oil 1000 MG/ML Enema,SCD,A06AA01,A06AG06,,
801192,phenylephrine tannate 1 MG/ML / pyrilamine tannate 6 MG/ML Oral Suspension [Rynesa],SBD,R01AA04|S01FB01|S01XA20,R01BA03|R06AC01,,
884077,hydrocortisone 20 MG/ML Topical Lotion [Ala-Scalp],SBD,A01AC03|A07EA02|D07AA02|D07AB02|D07AB11|H02AB09|S01BA02,D07AA02,,
758864,hydrocortisone acetate 20 MG/ML Topical Cream [MiCort-HC],SBD,A01AC03|A07EA02|D07AA02|D07AB02|D07AB11|H02AB09|S01BA02,D07AA02,,
311904,nandrolone 100 MG/ML Injectable Solution,SCD,A14AB01|S01XA11,A14AB01,,
1088846,diphenhydramine hydrochloride 25 MG / phenylephrine hydrochloride 10 MG Oral Tablet [Benadryl-D Allergy and Sinus],SBD,D04AA32|R01AA04|R06AA02|S01FB01|S01XA20,R01BA03|R06AA02,IMPROVED,R01BA03|R06AA02
351524,antipyrine 50 MG/ML / benzocaine 50 MG/ML / phenylephrine 2.5 MG/ML Otic Solution [Ear-gesic],SBD,C05AD03|D04AB04|R01AA04|R02AD01|S01FB01|S01XA20,S02DA03,,
903305,levothyroxine sodium 0.1 MG / liothyronine sodium 0.025 MG Oral Tablet,SCD,H03AA01|H03AA02,H03AA02,,
205022,aluminum hydroxide 40 MG/ML / magnesium hydroxide 45 MG/ML / simethicone 4 MG/ML Oral Suspension,SCD,A02AB01,A02AD01,,
310892,hydrocortisone 25 MG/ML Ophthalmic Suspension,SCD,A01AC03|A07EA02|D07AA02|D07AB02|D07AB11|H02AB09|S01BA02,S01BA02,,
753476,{21 (ethinyl estradiol 0.05 MG / norethindrone 1 MG Oral Tablet) / 7 (inert ingredients 1 MG Oral Tablet) } Pack,GPCK,G03CA01|G03DC02,G03AA05,,
892798,benzocaine 0.2 MG/MG Oral Paste [Orabase],SBD,C05AD03|D04AB04|R02AD01,N01BA05,,
748865,{6 (ethinyl estradiol 0.03 MG / levonorgestrel 0.05 MG Oral Tablet) / 10 (ethinyl estradiol 0.03 MG / levonorgestrel 0.125 MG Oral Tablet) / 5 (ethinyl estradiol 0.04 MG / levonorgestrel 0.075 MG Oral Tablet) / 7 (inert ingredients 1 MG Oral Tablet) } Pack [Trivora 28 Day],BPCK,G03AC03|G03CA01,G03AB03,BOTH_WRONG,G03AB03
899863,zinc oxide 0.13 MG/MG Topical Ointment,SCD,C05AX04,D02AB,,
308206,amphotericin B 50 MG / tetracycline 250 MG Oral Capsule,SCD,A01AB04|A07AA07|D06AA04|J01AA07|J02AA01,A07AA07|J01AA07,,
308310,acetaminophen 325 MG / caffeine 100 MG / isometheptene 65 MG Oral Capsule,SCD,A03AX10|N02BE01|N06BC01,N02BE01,,
309421,codeine 2 MG/ML / guaifenesin 20 MG/ML / pheniramine 1.5 MG/ML Oral Solution,SCD,R05CA03|R05DA04,R05CA03|R05DA04|R06AB05,,
347690,hydrocortisone 10 MG/ML / neomycin 5 MG/ML / polymyxin B 10000 UNT/ML Otic Solution,SCD,A01AC03|A07AA01|A07EA02|D06AX04|D07AA02|D07AB02|D07AB11|H02AB09|S01AA03|S01BA02,S02CA03,,
668350,desonide 0.5 MG/ML Topical Foam,SCD,D07AB08|S01BA11,D07AB08,,
763474,0.5 ML alprostadil 0.04 MG/ML Prefilled Syringe [Caverject],SBD,C01EA01|G04BE01,G04BE01,,
894875,ivermectin 0.00025 MG/ML Topical Solution [Ivermax],SBD,D11AX22|P02CF01,D11AX22,,
308291,acetaminophen 162 MG / aspirin 162 MG / caffeine 16.2 MG / salicylamide 162 MG Oral Tablet,SCD,N02BA05|N02BE01|N06BC01,N02BA01|N02BA05|N02BE01|N06BC01,,
310910,hydrogen peroxide 15 MG/ML / povidone-iodine 50 MG/ML Mouthwash,SCD,A01AB02|D08AG02|D08AX01|D09AA09|D11AC06|G01AX11|R02AA15,A01AB02|R02AA15,,
755546,chlorpheniramine maleate 0.3 MG/ML / codeine phosphate 1.6 MG/ML / phenylephrine hydrochloride 0.9 MG/ML Oral Solution,SCD,R05DA04|R06AB04,R01BA03|R05DA04|R06AB04,,
728481,capsaicin 0.35 MG/ML Topical Cream [Capzasin-P],SBD,N01BX04,M02AB01,,
800105,alanine 4.22 MG/ML / arginine 4.32 MG/ML / aspartate 2.98 MG/ML / glucose 100 MG/ML / glutamate 3.14 MG/ML / glycine 2.12 MG/ML / histidine 1.28 MG/ML / isoleucine 2.8 MG/ML / leucine 4.25 MG/ML / lysine 4.46 MG/ML / methionine 0.73 MG/ML / phenylalanine 1.26 MG/ML / proline 3.07 MG/ML / serine 2.25 MG/ML / threonine 1.7 MG/ML / tryptophan 0.85 MG/ML / tyrosine 1.15 MG/ML / valine 2.12 MG/ML Injectable Solution [Aminosyn II 4.25% in 10% Dextrose],SBD,B05CX03|B05XB03|N06AX02|V03AB26,B05BA01,,
993770,acetaminophen 300 MG / codeine phosphate 15 MG Oral Tablet,SCD,N02BE01|R05DA04,N02AJ06,,
310871,hydrocortisone 10 MG/ML / iodoquinol 30 MG/ML Topical Cream,SCD,G01AC01,D07AA02|G01AC01,,
1088869,ascorbic acid 250 MG / iron carbonyl 100 MG Oral Tablet [Icar C],SBD,A11GA01,B03AA07,,
352131,0.6 ML sodium hyaluronate 23 MG/ML Prefilled Syringe [Healon5],SBD,M09AX01,S01KA01,,
829764,5 ML magnesium sulfate 4 MEQ/ML Prefilled Syringe,SCD,A06AD04|B05XA05,B05XA05,,
902515,ethanol 0.65 ML/ML Topical Spray,SCD,D08AX08|V03AB16|V03AZ01,D08AX08,,
762334,{7 (desogestrel 0.1 MG / ethinyl estradiol 0.025 MG Oral Tablet) / 7 (desogestrel 0.125 MG / ethinyl estradiol 0.025 MG Oral Tablet) / 7 (desogestrel 0.15 MG / ethinyl estradiol 0.025 MG Oral Tablet) / 7 (inert ingredients 1 MG Oral Tablet) } Pack [Velivet 28 Day],BPCK,G03AC09,G03AA09,,
993075,codeine phosphate 2 MG/ML / guaiacolsulfonic acid 8.8 MG/ML / promethazine hydrochloride 1 MG/ML Oral Solution,SCD,R05DA04,R05DA04|R06AD02,,
1087757,dexamethasone 2 MG/ML Injectable Solution [Dexasone],SBD,H02AB02|S01BA01,H02AB02,,
311971,niacinamide 25 MG / potassium iodide 135 MG Extended Release Oral Tablet,SCD,A11HA01,A11HA01|R05CA02,,
204474,diazoxide 15 MG/ML Injectable Solution,SCD,V03AH01,C02DA01,,
206286,hydrocortisone 25 MG/ML Topical Lotion [Nutracort],SBD,A01AC03|A07EA02|D07AA02|D07AB02|D07AB11|H02AB09|S01BA02,D07AA02,,
999731,cyclobenzaprine hydrochloride 10 MG / magnesium oxide 200 MG Oral Capsule,SCD,M03BX08,A02AA02|A06AD02|A12CC10|M03BX08,,
314933,benzocaine 63 MG/ML / phenol 5 MG/ML Oral Solution,SCD,C05AD03|D04AB04|D08AE03|R02AD01,C05AD03|C05BB05|N01BA05|N01BX03,,
801035,alanine 10.4 MG/ML / arginine 5.75 MG/ML / calcium chloride 0.004 MEQ/ML / dibasic potassium phosphate 2.61 MG/ML / glucose 350 MG/ML / glycine 5.15 MG/ML / histidine 2.4 MG/ML / isoleucine 3 MG/ML / leucine 3.65 MG/ML / magnesium chloride 0.01 MEQ/ML / methionine 2 MG/ML / phenylalanine 2.8 MG/ML / proline 3.4 MG/ML / serine 2.5 MG/ML / sodium acetate trihydrate 3.4 MG/ML / sodium chloride 0.01 MEQ/ML / threonine 2.1 MG/ML / tryptophan 0.9 MG/ML / tyrosine 0.2 MG/ML / valine 2.9 MG/ML Injectable Solution,SCD,B05CX03|N06AX02|V03AB26,B05BA01,,
830655,"alanine 12.8 MG/ML / arginine 9.8 MG/ML / glycine 12.8 MG/ML / histidine 3 MG/ML / isoleucine 7.2 MG/ML / leucine 9.4 MG/ML / lysine 7.2 MG/ML / methionine 4 MG/ML / phenylalanine 4.4 MG/ML / proline 8.6 MG/ML / serine 4.2 MG/ML / threonine 5.2 MG/ML / tryptophan 1.6 MG/ML / tyrosine 0.44 MG/ML / valine 8 MG/ML Injectable Solution [Aminosyn 10%, Sulfite-Free]",SBD,B05CX03|B05XB03|N06AX02|V03AB26,B05BA01,,
198490,benzocaine 20 MG/ML Mucous Membrane Topical Solution,SCD,C05AD03|D04AB04|R02AD01,R02AD01,,
204801,epinephrine 10 MG/ML Topical Solution,SCD,C01CA24|S01EA01,B02BC09,,
205336,hydrogen peroxide 15 MG/ML Mucous Membrane Topical Solution,SCD,A01AB02|D08AX01,A01AB02,IMPROVED,A01AB02
807391,glucose 100 MG/ML / magnesium chloride 0.003 MEQ/ML / monobasic potassium phosphate 0.00147 MEQ/ML / potassium chloride 0.0189 MEQ/ML / sodium chloride 0.002 MEQ/ML / sodium lactate 0.0232 MEQ/ML Injectable Solution,SCD,A12CA01|A12CC01|B05BA03|B05BB01|B05CB01|B05XA03|G01AD01|S01XA03|V06DC01,B05BB02,,
827689,nitric oxide 0.01 % / nitrogen 99.99 % Gas for Inhalation [INOmax],SBD,R07AX01|V03AN04,R07AX01,,
831267,cromolyn sodium 10 MG/ML Inhalation Solution [Intal],SBD,A07EB01|S01GX01,R03BC01,,
832739,potassium chloride 2.67 MEQ/ML Oral Solution [Kaon-Cl],SBD,A12BA01|B05XA01,A12BA01,IMPROVED,A12BA01
834156,chlorhexidine gluconate 20 MG/ML Topical Solution [Calgon Vesta],SBD,A01AB03|D08AC02|R02AA05,D08AC02,,
805379,"diphtheria toxoid vaccine, inactivated 13.4 UNT/ML / tetanus toxoid vaccine, inactivated 10 UNT/ML Injectable Suspension",SCD,J07AF01|J07AM01|J07AM51|J07CA02,J07AM51,,
830684,"alanine 11 MG/ML / arginine 8.5 MG/ML / glycine 11 MG/ML / histidine 2.6 MG/ML / isoleucine 6.2 MG/ML / leucine 8.1 MG/ML / lysine 6.24 MG/ML / methionine 3.4 MG/ML / phenylalanine 3.8 MG/ML / proline 7.5 MG/ML / serine 3.7 MG/ML / threonine 4.6 MG/ML / tryptophan 1.5 MG/ML / tyrosine 0.44 MG/ML / valine 6.8 MG/ML Injectable Solution [Aminosyn 8.5%, Sulfite-Free]",SBD,B05CX03|B05XB03|N06AX02|V03AB26,B05BA01,,
210141,salicylic acid 0.17 MG/MG Topical Gel [Duoplant],SBD,D01AE12|N02BA04,D01AE12,,
210828,aluminum hydroxide 45 MG/ML / magnesium hydroxide 40 MG/ML Oral Suspension [Alamag],SBD,A02AB01,A02AD01,,
2108920,lidocaine 39 MG/ML Topical Cream [Kool-Down],SBD,D04AB01|N01BB02|R02AD02,D04AB01,,
2121105,clorsulon 100 MG/ML / ivermectin 10 MG/ML Injectable Solution [Bimectin Plus],SBD,D11AX22|P02CF01,P02CF01,,
2121931,camphor 0.012 MG/MG / lidocaine 0.04 MG/MG / menthol 0.03 MG/MG / methyl salicylate 0.09 MG/MG Medicated Patch,SCD,D04AB01|N01BB02|R02AD02,M02AC,,
212240,bacitracin 0.5 UNT/MG / polymyxin B 10 UNT/MG Topical Powder [Polysporin],SBD,A07AA05|D06AX05|J01XB02|J01XX10|R02AB04|S01AA18|S02AA11|S03AA03,D06AX05,,
212246,benzocaine 200 MG/ML Topical Solution [Outgro Pain Relief],SBD,C05AD03|D04AB04|R02AD01,D04AB04,,
213528,acetic acid 20 MG/ML / hydrocortisone 10 MG/ML Otic Solution [Vosol HC],SBD,A01AC03|A07EA02|D07AA02|D07AB02|D07AB11|G01AD02|H02AB09|S01BA02|S02AA10,S02CA03,,
213635,bacitracin 0.4 UNT/MG / hydrocortisone 0.01 MG/MG / neomycin 0.0035 MG/MG / polymyxin B 10 UNT/MG Ophthalmic Ointment [Neotricin HC],SBD,A01AC03|A07AA01|A07EA02|D06AX04|D07AA02|D07AB02|D07AB11|H02AB09|S01AA03|S01BA02,S01CA03,,
2178934,acetaminophen 15 MG/ML / chlorpheniramine maleate 0.125 MG/ML / ephedrine hydrochloride 0.9 MG/ML / guaifenesin 2.1 MG/ML Oral Solution,SCD,N02BE01|R05CA03|R06AB04,N02BE01|R03CA02|R05CA03|R06AB04,,
1114385,hydrogen peroxide 40 MG/ML Topical Solution,SCD,A01AB02|D08AX01,D08AX01|D11AX25,,
1116731,dimethicone 40 MG/ML Topical Cream,SCD,P03AX05,D02AA,,
1147235,lidocaine hydrochloride 20 MG/ML Medicated Pad,SCD,D04AB01|N01BB02|R02AD02,D04AB01,,
351706,hydrocortisone 10 MG/ML / iodoquinol 10 MG/ML Topical Cream [Dermazene],SBD,G01AC01,D07BA,,
852869,{60 (doxycycline monohydrate 150 MG Oral Capsule [Adoxa]) } Pack [Adoxa Pak 2/150],BPCK,J01AA02,A01AB22|J01AA02,,
1148253,glycerin 2 MG/ML / hypromellose 3.6 MG/ML / polyethylene glycol 400 10 MG/ML / tetrahydrozoline hydrochloride 0.5 MG/ML / zinc sulfate 2.5 MG/ML Ophthalmic Solution [Visine Totality],SBD,A12CB01|S01KA02,S01KA02,,
1149658,povidone-iodine 75 MG/ML Medicated Liquid Soap [Betadine],SBD,D08AG02|D09AA09|D11AC06|G01AX11|R02AA15,D08AG02,,
1190639,atropine sulfate 0.025 MG / diphenoxylate hydrochloride 2.5 MG Oral Tablet [Lomocot],SBD,A07DA01,A03BA01|A07DA01,,
1234393,hydrocortisone acetate 10 MG/ML / pramoxine hydrochloride 10 MG/ML Topical Lotion,SCD,A01AC03|A07EA02|D07AA02|D07AB02|D07AB11|H02AB09|S01BA02,D07XA01,,
1234586,phenylephrine hydrochloride 2.5 MG/ML Nasal Solution,SCD,R01AA04|S01FB01|S01XA20,R01AA04,,
562781,prednisolone 1.2 MG/ML Ophthalmic Solution,SCD,A07EA01|H02AB06|S01BA04|S03BA02,S01BA04|S01CB02|S03BA02,,
857734,chlorpheniramine maleate 0.4 MG/ML / hydrocodone bitartrate 0.334 MG/ML / phenylephrine hydrochloride 1 MG/ML Oral Solution,SCD,R05DA03|R06AB04,R01BA03|R05DA03|R06AB04,,
859137,chlorpheniramine maleate 0.4 MG/ML / hydrocodone bitartrate 1 MG/ML / phenylephrine hydrochloride 1 MG/ML Oral Solution,SCD,R05DA03|R06AB04,R01BA03|R05DA03|R06AB04,,
860441,vancomycin 100 MG/ML Oral Solution,SCD,A07AA09,A07AA09|J01XA01,,
1005789,sulfacetamide sodium 100 MG/ML / sulfur 50 MG/ML Medicated Liquid Soap [Plexion],SBD,D10AB02,D10AB02|D10AF06,,
1037274,acetaminophen 300 MG / phenyltoloxamine citrate 20 MG / salicylamide 200 MG Oral Tablet [Anabar],SBD,N02BA05|N02BE01,N02BE01,,
1039923,hydrocortisone 10 MG/ML Topical Cream [Maximum-H],SBD,A01AC03|A07EA02|D07AA02|D07AB02|D07AB11|H02AB09|S01BA02,D07AA02|D07XA01,,
1044910,chlorhexidine diacetate 0.01 MG/MG Topical Ointment [Septi-Soothe],SBD,A01AB03|D08AC02|R02AA05,D08AC02|D09AA12,,
1050493,{21 (drospirenone 3 MG / ethinyl estradiol 0.03 MG / levomefolate calcium 0.451 MG Oral Tablet) / 7 (levomefolate calcium 0.451 MG Oral Tablet) } Pack,GPCK,G03AC10,G03AA12,,
1053618,chlorpheniramine maleate 0.4 MG/ML / pseudoephedrine hydrochloride 6 MG/ML Oral Solution,SCD,R01BA02|R01BA52|R06AB04,R01BA52,,
1085633,triamcinolone acetonide 0.00025 MG/MG Topical Ointment,SCD,A01AC01|H02AB08|R01AD11,D07AB09,,
1085779,triamcinolone acetonide 5 MG/ML Topical Cream [Flutex],SBD,A01AC01|H02AB08|R01AD11,D07AB09|D07XB02,,
1654645,ethanol 0.695 ML/ML Medicated Pad,SCD,D08AX08|V03AB16|V03AZ01,D08AX08,,
1661424,2 ML sodium chloride 9 MG/ML Cartridge,SCD,A12CA01|B05BB01|B05CB01|B05XA03|S01XA03,B05XA03,,
1117090,bacitracin 0.4 UNT/MG / neomycin 0.0035 MG/MG / polymyxin B 10 UNT/MG Ophthalmic Ointment [Neo-Polycin],SBD,A07AA01|D06AX04|S01AA03,S01AA03|S01AA32,,
1086453,triamcinolone acetonide 40 MG/ML Injectable Suspension [Trilocort],SBD,A01AC01|H02AB08|R01AD11,H02AB08,,
1722333,ibuprofen 200 MG / phenylephrine hydrochloride 10 MG Oral Tablet [Advil Sinus Congestion and Pain],SBD,M01AE01|M01AE14|M02AA13|R01AA04|S01FB01|S01XA20,M01AE01|M01AE14,,
1732122,chlorhexidine gluconate 20 MG/ML / ketoconazole 10 MG/ML / salicyloyl phytosphingosine 0.5 MG/ML Topical Foam,SCD,A01AB03|D01AC08|D08AC02|J02AB02|R02AA05,D01AC08|D08AC02|D09AA12,,
1011766,lidocaine hydrochloride 5 MG/ML Topical Cream [Solarcaine],SBD,D04AB01|N01BB02|R02AD02,D04AB01|N01BB02,,
1039811,ethanol 0.66 ML/ML Topical Gel,SCD,D08AX08|V03AB16|V03AZ01,D08AX08,,
834768,{7 (desogestrel 0.1 MG / ethinyl estradiol 0.025 MG Oral Tablet) / 7 (desogestrel 0.125 MG / ethinyl estradiol 0.025 MG Oral Tablet) / 7 (desogestrel 0.15 MG / ethinyl estradiol 0.025 MG Oral Tablet) / 7 (inert ingredients 1 MG Oral Tablet) } Pack [Caziant 28 Day],BPCK,G03AC09,G03AA09,,
252592,tetracaine 3 MG/ML Injectable Solution,SCD,C05AD02|D04AB06|N01BA03|S01HA03,N01BA03,,
2003464,zinc oxide 0.14 MG/MG Topical Ointment,SCD,C05AX04,D02AB,,
847627,calcium chloride 0.2 MG/ML / glucose 50 MG/ML / potassium chloride 0.3 MG/ML / sodium chloride 6 MG/ML / sodium lactate 3.1 MG/ML Injectable Solution,SCD,A12CA01|B05BA03|B05BB01|B05CB01|B05XA03|B05XA07|G01AD01|S01XA03|V06DC01,B05BB01,,
211394,choline salicylate 174 MG/ML Oral Solution [Arthropan],SBD,N02BA03,N02BA03|N07AX02,,
2117976,clioquinol 0.01 MG/MG / zinc oxide 0.15 MG/MG Topical Ointment,SCD,C05AX04,D08AH30|D09AA10,,
1115759,bacitracin 0.5 UNT/MG / lidocaine 0.004 MG/MG Topical Ointment,SCD,D04AB01|N01BB02|R02AD02,D04AB01|D06AX05|N01BB02,,
310818,hydrochlorothiazide 50 MG / triamterene 75 MG Oral Tablet,SCD,C03AA03|C03DB02,C03EA01,,
1090048,Salicylic Acid 20 MG/ML Topical Spray [Glytone Acne],SBD,D01AE12|N02BA04,D01AE12,,
801451,calcium chloride 0.23 MEQ/ML / magnesium chloride 0.53 MEQ/ML / potassium chloride 0.1 MEQ/ML / sodium acetate 1.48 MEQ/ML / sodium chloride 0.27 MEQ/ML Injectable Solution,SCD,B05XA08,B05BB02,,
856429,hydrochlorothiazide 25 MG / propranolol hydrochloride 80 MG Oral Tablet,SCD,C03AA03|C07AA05,C07BA05,,
856962,acetaminophen 500 MG / hydrocodone bitartrate 5 MG Oral Capsule,SCD,N02BE01|R05DA03,N02AJ22,,
858726,chlorhexidine gluconate 20 MG/ML / isopropyl alcohol 0.7 ML/ML Topical Solution,SCD,D08AX05,D08AC02,,
210779,ascorbic acid 150 MG / ferrous sulfate 60 MG Extended Release Oral Capsule [Irospan],SBD,A11GA01,A11GA01|B03AA07,,
1099659,phenylephrine hydrochloride 10 MG / triprolidine hydrochloride 2.5 MG Oral Tablet,SCD,R06AX07,R01BA53,,
1101729,zinc pyrithione 20 MG/ML Medicated Shampoo [DHS Zinc],SBD,D11AX12,D11AC|D11AX12,,
1112895,Lactobacillus acidophilus 100000000 UNT / pectin 10 MG Oral Capsule,SCD,A07BC01,A07BC01|A07FA51,,
476137,benzethonium chloride 1.3 MG/ML Topical Foam,SCD,D08AJ08|R02AA09,D08AJ08,,
476556,emtricitabine 200 MG / tenofovir disoproxil fumarate 300 MG Oral Tablet,SCD,J05AF07|J05AF09,J05AR03,,
604669,chlorpheniramine maleate 0.4 MG/ML / phenylephrine hydrochloride 1.5 MG/ML / pyrilamine maleate 2.5 MG/ML Oral Solution [Poly Hist PD],SBD,R06AB04,R01BA53,,
858763,chlorpheniramine maleate 0.4 MG/ML / hydrocodone bitartrate 0.5 MG/ML / phenylephrine hydrochloride 1 MG/ML Oral Solution [Efasin-HD],SBD,R05DA03|R06AB04,R01BA03|R05DA03|R06AB04,,
858784,hydrocodone bitartrate 5 MG / ibuprofen 200 MG Oral Tablet [Reprexain],SBD,R05DA03,C01EB16|M01AE01|R05DA03,,
858795,chlorpheniramine maleate 0.4 MG/ML / hydrocodone bitartrate 0.5 MG/ML / phenylephrine hydrochloride 1 MG/ML Oral Solution [Histinex HC],SBD,R05DA03|R06AB04,R01BA03|R05DA03|R06AB04,,
858854,chlorpheniramine maleate 0.4 MG/ML / hydrocodone bitartrate 0.5 MG/ML / phenylephrine hydrochloride 1 MG/ML Oral Solution [Quindal HD],SBD,R05DA03|R06AB04,R01BA03|R05DA03|R06AB04,,
1011814,1.7 ML epinephrine 0.02 MG/ML / lidocaine hydrochloride 20 MG/ML Cartridge [Lignospan],SBD,C01CA24|D04AB01|N01BB02|R02AD02|S01EA01,N01BB02,,
1042815,salicylic acid 10 MG/ML Medicated Liquid Soap [GM Collin Puracne],SBD,D01AE12|N02BA04,D01AE12,,
1043322,benzalkonium chloride 1.55 MG/ML Medicated Pad,SCD,D08AJ01|D08AJ08|R02AA16,D09AA11,,
1044290,naphazoline hydrochloride 0.5 MG/ML / phenylephrine hydrochloride 5 MG/ML / pyrilamine maleate 2 MG/ML Nasal Spray [4-Way Fast Acting],SBD,R01AA04|S01FB01|S01GA01|S01XA20,R01AA04,,
261179,nystatin 100 UNT/MG Topical Powder [Pedi-Dri],SBD,A01AB11|A07AA02|D01AA01,D01AA01,,
616798,benzocaine 10 MG/ML / ethanol 0.6 ML/ML / tannic acid 45 MG/ML Topical Spray,SCD,C05AD03|D04AB04|R02AD01,D04AB04|D08AX08,IMPROVED,D04AB04|D08AX08
1006710,sulfacetamide sodium 150 MG/ML Ophthalmic Solution,SCD,D10AB02,S01AB04,,
1049425,salicylic acid 20 MG/ML Topical Lotion [Clearasil Acne Control],SBD,D01AE12|N02BA04,D01AE12,,
243459,aluminum hydroxide 400 MG / magnesium hydroxide 400 MG Oral Tablet,SCD,A02AB01,A02AD01,BOTH_WRONG,A02AD01
1737764,10 ML lidocaine hydrochloride 20 MG/ML Injection [Xylocaine],SBD,N01BB02,C01BB01,,
1114098,glycerin 75 MG/ML Medicated Pad,SCD,A06AX01,D02AX,,
1114019,salicylic acid 5 MG/ML Topical Foam [Maxclarity 0.5 %],SBD,D01AE12|N02BA04,D01AE12,,
1114376,hydrogen peroxide 10 MG/ML Topical Solution [Perox-102],SBD,A01AB02|D08AX01,D08AX01,,
413248,triclosan 4 MG/ML Medicated Liquid Soap,SCD,D08AE04,D08AE04|D09AA06,,
1013619,chlorpheniramine maleate 3 MG / phenylephrine hydrochloride 10 MG Oral Tablet,SCD,R06AB04,R01BA03|R06AB04,,
1049093,benzethonium chloride 1 MG/ML Topical Foam,SCD,D08AJ08|R02AA09,D08AJ08,,
1050123,salicylic acid 5 MG/ML Medicated Pad [Asepxia],SBD,D01AE12|N02BA04,D01AE12,,
242668,ascorbic acid 250 MG / iron carbonyl 100 MG Oral Tablet,SCD,A11GA01,A11GA01|B03AE,,
244557,benzocaine 0.2 MG/MG Topical Ointment,SCD,C05AD03|D04AB04|R02AD01,D04AB04,,
251407,salicylic acid 0.4 MG/MG Topical Ointment,SCD,D01AE12|N02BA04,D01AE12|D11AF,,
1665679,1 ML ketorolac tromethamine 30 MG/ML Cartridge,SCD,M01AB15|S01BC05,M01AB15,,
616913,carbetapentane tannate 6 MG/ML / chlorpheniramine tannate 0.8 MG/ML / phenylephrine tannate 1 MG/ML Oral Suspension,SCD,R05DB05|R06AB04,R01BA03|R05DB05|R06AB04,,
1043619,eucalyptol 0.92 MG/ML / menthol 0.42 MG/ML / methyl salicylate 0.6 MG/ML / thymol 0.64 MG/ML Mouthwash,SCD,R05CA13,A01AB,IMPROVED,A01AB
1086253,triamcinolone acetonide 40 MG/ML Injectable Suspension [Tri-Kort],SBD,A01AC01|H02AB08|R01AD11,H02AB08,,
242814,amphotericin B 5 MG/ML / tetracycline 25 MG/ML Oral Solution,SCD,A01AB04|A07AA07|D06AA04|J01AA07|J02AA01,A01AB04|A01AB13|A07AA07|J01AA07|J02AA01,,
260375,sulfisoxazole 100 MG/ML Oral Suspension [Gantrisin],SBD,J01EB05|S01AB02,J01EB05,,
284465,chorionic gonadotropin 0.25 MG/ML Injectable Solution [Ovidrel],SBD,G03GA01,G03GA01|G03GA08,,
204735,ascorbic acid 150 MG / ferrous fumarate 67 MG Extended Release Oral Tablet,SCD,A11GA01,A11GA01|B03AA02,,
312885,salicylic acid 20 MG/ML / zinc pyrithione 10 MG/ML Medicated Shampoo,SCD,D11AX12,D11AC|D11AX12,,
1092454,diphenhydramine hydrochloride 20 MG/ML / zinc acetate 1 MG/ML Topical Cream [Diphenhist with Zinc],SBD,A16AX05,D04AA32,,
1095689,salicylic acid 275 MG/ML Topical Solution,SCD,D01AE12|N02BA04,D01AE12|D11AF,,
1111457,phenol 14 MG/ML Mucosal Spray [Cheracol Sore Throat],SBD,D08AE03,R02AA19,,
1116271,ephedrine sulfate 25 MG / phenobarbital 15 MG Oral Tablet,SCD,N03AA02,N03AA02|R03CA02,,
210025,aluminum hydroxide 40 MG/ML / magnesium hydroxide 40 MG/ML / simethicone 4 MG/ML Oral Suspension [Di-Gel],SBD,A02AB01,A02AA04|A02AB01|G04BX01,,
616918,carbetapentane tannate 6 MG/ML / phenylephrine tannate 6 MG/ML Oral Suspension,SCD,R05DB05,R01BA03|R05DB05,,
859139,chlorpheniramine maleate 0.4 MG/ML / hydrocodone bitartrate 1 MG/ML / phenylephrine hydrochloride 1 MG/ML Oral Solution [Atuss MS],SBD,R05DA03|R06AB04,R01BA03|R05DA03|R06AB04,,
860743,benzocaine 0.02 MG/MG / trimethobenzamide hydrochloride 100 MG Rectal Suppository [Tigan Pediatric],SBD,R06AA10,C05AD03|R06AA10,,
1006729,sulfacetamide sodium 300 MG/ML Ophthalmic Solution,SCD,D10AB02,S01AB04,,
1037240,acetaminophen 300 MG / phenyltoloxamine citrate 20 MG / salicylamide 200 MG Oral Capsule [By Ache],SBD,N02BA05|N02BE01,N02BE01,,
1045553,pheniramine maleate 0.8 MG/ML / phenylpropanolamine hydrochloride 2.5 MG/ML / phenyltoloxamine citrate 0.8 MG/ML / pyrilamine maleate 0.8 MG/ML Oral Solution [Poly D],SBD,R01BA01,R01BA01|R06AB05|R06AC01,,
1189629,glucose 50 MG/ML / magnesium chloride 0.00148 MEQ/ML / potassium chloride 0.00497 MEQ/ML / sodium acetate 0.027 MEQ/ML / sodium chloride 0.0899 MEQ/ML / sodium gluconate 5.02 MG/ML Injectable Solution [Normosol-R in 5 % Dextrose],SBD,B05XA08,B05BB02,,
2186001,camphor 0.03 MG/MG / dimethicone 0.03 MG/MG / lidocaine 0.04 MG/MG / menthol 0.01 MG/MG Topical Gel,SCD,P03AX05,D04AX|P03AX05,,
1000895,sulfacetamide sodium 100 MG/ML / sulfur 20 MG/ML Medicated Liquid Soap,SCD,D10AB02,D10AF06,,
1005858,sulfacetamide sodium 100 MG/ML / sulfur 50 MG/ML Topical Lotion [Nicosyn],SBD,D10AB02,D10AB02|D10AF06,,
1659600,ampicillin 2000 MG / sulbactam 1000 MG Injection [Unasyn],SBD,J01CG01,J01CR04,,
1737562,30 ML lidocaine hydrochloride 10 MG/ML Injection,SCD,D04AB01|N01BB02|R02AD02,C01BB01,,
1793145,"fibrinogen, human 888 MG / thrombin, human 3870 UNT Medicated Patch [EVARREST]",SBD,B02BC06|B02BD30,B02BC06,,
1809083,5 ML sulfamethoxazole 80 MG/ML / trimethoprim 16 MG/ML Injection,SCD,J01EA01|J01EC01,J01EE01,,
1809636,diphenhydramine hydrochloride 0.833 MG/ML / phenylephrine hydrochloride 0.167 MG/ML Oral Solution,SCD,D04AA32|R01AA04|R06AA02|S01FB01|S01XA20,R01BA03|R06AA02,,
1864958,benzalkonium chloride 0.001 MG/MG / benzocaine 0.2 MG/MG / menthol 0.0025 MG/MG Oral Gel,SCD,C05AD03|D04AB04|D08AJ01|D08AJ08|R02AA16|R02AD01,C05AD03,,
1235200,glycerin 5 MG/ML / naphazoline hydrochloride 0.3 MG/ML Ophthalmic Solution,SCD,A06AX01|S01GA01,S01GA01,,
1242779,sodium chloride 37.5 MG/ML Nasal Spray [Aqua Maris],SBD,A12CA01|B05BB01|B05CB01|B05XA03|S01XA03,R01AX,,
1243585,flurbiprofen sodium 0.3 MG/ML Ophthalmic Solution,SCD,M01AE09|R02AX01,S01BC04,,
1250569,Benzocaine 200 MG/ML Mucous Membrane Topical Solution [Blistex Kanka],SBD,C05AD03|D04AB04|R02AD01,R02AD01,,
1311206,salicylic acid 0.02 MG/MG Topical Gel [Super Spot Remover],SBD,D01AE12|N02BA04,D01AE12,IMPROVED,D01AE12
197963,hydrochlorothiazide 15 MG / methyldopa 250 MG Oral Tablet,SCD,C02AB01|C03AA03,C02LB01,,
1483199,Benzalkonium Chloride 1 MG/ML / Benzocaine 200 MG/ML / Menthol 2.5 MG/ML Topical Cream [Orajel Instant Pain Relief],SBD,C05AD03|D04AB04|D08AJ01|D08AJ08|R02AA16|R02AD01,D04AB04|D08AJ01,,
1487770,lidocaine hydrochloride 25 MG/ML Topical Spray [Unburn],SBD,D04AB01|N01BB02|R02AD02,D04AB01,,
1489373,hydrocortisone acetate 5 MG/ML Medicated Shampoo,SCD,A01AC03|A07EA02|D07AA02|D07AB02|D07AB11|H02AB09|S01BA02,D07AA02|D07XA01,,
1495202,chlorhexidine gluconate 20 MG/ML / ketoconazole 10 MG/ML / salicyloyl phytosphingosine 0.2 MG/ML Topical Spray [Ketoseb PS],SBD,A01AB03|D01AC08|D08AC02|J02AB02|R02AA05,D01AC08|D08AC02|D09AA12,,
1537340,diphenhydramine hydrochloride 0.5 MG/ML / hydrocortisone 0.5 MG/ML Medicated Shampoo,SCD,A01AC03|A07EA02|D04AA32|D07AA02|D07AB02|D07AB11|H02AB09|R06AA02|S01BA02,D04AA32|D07AA02|D07XA01,,
1543754,capsaicin 0.375 MG/ML / histamine dihydrochloride 0.35 MG/ML Topical Cream [PainMD Max],SBD,N01BX04|V04CG03,M02AB01|N01BX04,,
1547775,tetracaine hydrochloride 5 MG/ML Ophthalmic Solution [Tetcaine],SBD,C05AD02|D04AB06|N01BA03|S01HA03,S01HA03,,
1598322,glucose 0.774 MG/MG Oral Gel [Insta-Glucose],SBD,B05BA03|V06DC01,V06DC01,,
1648997,triamcinolone acetonide 0.25 MG/ML Topical Cream [Triderm],SBD,A01AC01|H02AB08|R01AD11,D07AB09,,
1242891,glycerin 800 MG/ML Enema [Minica],SBD,A06AX01,A06AG04|A06AX01,,
1247251,pramoxine hydrochloride 10 MG/ML Medicated Liquid Soap,SCD,C05AD07|D04AB07,D04AB07,,
1297354,aspirin 325 MG / pseudoephedrine hydrochloride 30 MG Oral Tablet,SCD,R01BA02,A01AD05|B01AC06|N02BA01|R01BA02,,
1299021,ibuprofen 200 MG / pseudoephedrine hydrochloride 30 MG Oral Tablet,SCD,M01AE51|R01BA02,R01BA02,,
1299675,300 ACTUAT isoproterenol sulfate 0.08 MG/ACTUAT Metered Dose Inhaler [Medihaler-Iso],SBD,C01CA02|R03AB02|R03CB01,R03AB02,,
1300293,histamine dihydrochloride 1 MG/ML / menthol 30 MG/ML Topical Cream [Alo],SBD,V04CG03,L03AX14,,
1305268,NDA201739 0.15 ML epinephrine 1 MG/ML Auto-Injector [Auvi-Q],SBD,C01CA24|S01EA01,C01CA24,,
1305603,12 HR guaifenesin 600 MG / pseudoephedrine hydrochloride 60 MG Extended Release Oral Tablet,SCD,R01BA02|R05CA03,R05CA03,,
1366736,chlorhexidine gluconate 31.5 MG/ML / isopropyl alcohol 0.7 ML/ML Medicated Pad [Prevantics],SBD,D08AX05,D08AC02,,
1370758,hydrocortisone butyrate 0.001 MG/MG Topical Ointment,SCD,D07AA02|D07AB02,D07AB02,,
1375960,cholecalciferol 6.67 UNT/ML / glucose 250 MG/ML Oral Solution,SCD,A11CC05,V06DC01,,
1430059,capsaicin 0.25 MG/ML Topical Solution [Frankie Avalon's Zero Pain],SBD,N01BX04,M02AB01|N01BX04,,
1442145,sulfacetamide sodium 100 MG/ML / sulfur 20 MG/ML Medicated Pad [Avar],SBD,D10AB02,D10AB02|D10AF06,,
1487080,zinc pyrithione 10 MG/ML Medicated Shampoo [Nioxin],SBD,D11AX12,D11AC|D11AX12,,
1493160,benzalkonium chloride 1 MG/ML Topical Foam [Lite 'N Foamy],SBD,D08AJ01|D08AJ08|R02AA16,D08AJ01,,
1537012,aspirin 325 MG / citric acid 1000 MG / sodium bicarbonate 1916 MG Effervescent Oral Tablet [Bromo Seltzer Antacid Pain Reliever],SBD,A09AB04,N02BA01,IMPROVED,N02BA01
1549085,ivermectin 5 MG/ML Topical Solution [Promectin],SBD,D11AX22|P02CF01,D11AX22,,
1595997,betamethasone 0.284 MG/ML / gentamicin 0.57 MG/ML Topical Spray [Relifor],SBD,D06AX07|D07AC01|H02AB01|S01BA06|S03AA06|S03BA03,D06AX07|D07AC01|D07XC01,,
1600378,Benzocaine 200 MG/ML / compound benzoin tincture (USP) 5 MG/ML Mucous Membrane Topical Solution [Blistex Kanka Solution],SBD,C05AD03|D04AB04|R02AD01,R02AD01,,
1605695,Capsicum extract 0.0003 MG/MG / lidocaine 0.04 MG/MG Medicated Patch,SCD,D04AB01|N01BB02|R02AD02,D04AB01|N01BB02,,
1251290,"hyoscyamine sulfate 0.12 MG / methenamine 81.6 MG / methylene blue 10.8 MG / sodium phosphate, monobasic 40.8 MG Oral Tablet [Urogesic Blue Reformulated Apr 2012]",SBD,A03BA03|J01XX05,A03BA03|G04BX|J01XX05,,
1294001,carbetapentane tannate 30 MG / diphenhydramine tannate 25 MG / phenylephrine tannate 10 MG Chewable Tablet,SCD,R05DB05,R01BA03|R05DB05|R06AA02,,
1546194,betamethasone 1 MG/ML / gentamicin 3 MG/ML Otic Solution,SCD,D06AX07|D07AC01|H02AB01|S01BA06|S03AA06|S03BA03,S02AA14|S02BA07|S03AA06|S03BA03,,
1942710,hydrogen peroxide 30 MG/ML Mouthwash,SCD,A01AB02|D08AX01,A01AB02,,
1297389,calcium carbonate 1250 MG / cholecalciferol 200 UNT Oral Tablet [Oysco 500 with D],SBD,A11CC05,A12AX,,
1297965,ketoconazole 1 MG/ML Topical Solution [T8 Keto Flush],SBD,D01AC08|J02AB02,D01AC08,,
1363651,chlorpheniramine maleate 2 MG / methscopolamine nitrate 1.25 MG / phenylephrine hydrochloride 15 MG Chewable Tablet,SCD,R06AB04,A03BB03|R01BA03|R06AB04,,
1424612,salicylic acid 0.4 MG/MG Paste,SCD,D01AE12|N02BA04,D01AE12|D02AF,,
1483184,salicylic acid 20 MG/ML Medicated Pad [Clearasil Daily Clear],SBD,D01AE12|N02BA04,D01AE12,,
1535503,{1 (75000 MG) (miconazole nitrate 0.02 MG/MG Medicated Bar Soap) / 1 (25000 MG) (miconazole nitrate 0.02 MG/MG Vaginal Ointment) } Pack,GPCK,A01AB09|D01AC02|G01AF04,D01AC02|G01AF04,BOTH_WRONG,D01AC02|G01AF04
1535618,allantoin 0.005 MG/MG / lidocaine hydrochloride 0.005 MG/MG Topical Ointment,SCD,C05AX03,N01BB02|N01BB52,,
1539441,benzalkonium chloride 0.0013 MG/MG / lidocaine hydrochloride 0.04 MG/MG Topical Ointment [Alocane Plus],SBD,D04AB01|D08AJ01|D08AJ08|N01BB02|R02AA16|R02AD02,D04AB01|D08AJ01|N01BB02,,
1542941,vancomycin 25 MG/ML Oral Suspension,SCD,A07AA09,A07AA09|J01XA01,,
1547777,tetracaine hydrochloride 5 MG/ML Ophthalmic Solution [Tetravisc],SBD,C05AD02|D04AB06|N01BA03|S01HA03,S01HA03,,
1549551,10 ML dihydrostreptomycin 100 MG/ML / penicillin G procaine 100000 UNT/ML Prefilled Syringe [Quartermaster],SBD,S01AA15,J01CE09,,
1657192,4 ML nivolumab 10 MG/ML Injection [Opdivo],SBD,L01XC17,L01FF01,,
1860466,50 ML potassium chloride 0.4 MEQ/ML Injection,SCD,A12BA01|B05XA01,A12BA01,,
1872088,aspirin 500 MG / citric acid 1000 MG / sodium bicarbonate 1985 MG Granules for Oral Solution [Alka-Seltzer],SBD,A09AB04,N02BA01,,
1298427,ivermectin 5 MG/ML Topical Lotion [Sklice],SBD,D11AX22|P02CF01,D11AX22,,
1300889,capsaicin 0.000375 MG/MG / menthol 0.05 MG/MG Medicated Patch,SCD,N01BX04,M02AB01,,
1313070,ivermectin 0.136 MG / pyrantel 114 MG Chewable Tablet [Heartshield Plus],SBD,P02CC01,P02CC01|P02CF01,,
1359293,ethinyl estradiol 0.05 MG / norethindrone acetate 2.5 MG Oral Tablet,SCD,G03CA01|G03DC02,G03AC01|G03CA01|G03DC02|L02AA03,,
1441321,glycerin 613 MG/ML Enema,SCD,A06AX01,A06AG04|A06AX01,,
1487627,allantoin 5 MG/ML / benzethonium chloride 1 MG/ML Topical Solution [Berberex Wound Cleanser],SBD,R02AA09,D08AJ08,,
1490659,50 ACTUAT beclomethasone dipropionate 0.08 MG/ACTUAT Metered Dose Inhaler [Qvar],SBD,D07AC15|R01AD01,R03BA01,,
1601095,capsaicin 0.000325 MG/MG / lidocaine hydrochloride 0.04 MG/MG / menthol 0.1 MG/MG / methyl salicylate 0.275 MG/MG Topical Ointment,SCD,D04AB01|N01BB02|N01BX04|R02AD02,D04AB01|M02AC|N01BB02|N01BX04,,
1923329,capsaicin 0.00025 MG/MG / methyl salicylate 0.125 MG/MG Topical Ointment,SCD,N01BX04,M02AC|N01BX04,,
707916,phenylephrine tannate 1.8 MG/ML / pyrilamine tannate 2.4 MG/ML Extended Release Suspension,SCD,R01AA04|S01FB01|S01XA20,R01BA03|R06AC01,,
657440,benzocaine 160 MG/ML Topical Solution,SCD,C05AD03|D04AB04|R02AD01,D04AB04,,
702428,Hydrocortisone 10 MG/ML Topical Lotion [Dermarest Eczema],SBD,A01AC03|A07EA02|D07AA02|D07AB02|D07AB11|H02AB09|S01BA02,D07AA02,,
761361,salicylic acid 20 MG/ML Topical Lotion [DermalZone],SBD,D01AE12|N02BA04,D01AE12,,
801000,alanine 8.8 MG/ML / arginine 4.89 MG/ML / calcium chloride 0.004 MEQ/ML / dibasic potassium phosphate 2.61 MG/ML / glucose 50 MG/ML / glycine 4.38 MG/ML / histidine 2.04 MG/ML / isoleucine 2.55 MG/ML / leucine 3.11 MG/ML / lysine 2.47 MG/ML / magnesium chloride 0.01 MEQ/ML / methionine 1.7 MG/ML / phenylalanine 2.38 MG/ML / proline 2.89 MG/ML / serine 2.13 MG/ML / sodium acetate trihydrate 2.97 MG/ML / sodium chloride 0.013 MEQ/ML / threonine 1.79 MG/ML / tryptophan 0.77 MG/ML / tyrosine 0.17 MG/ML / valine 2.47 MG/ML Injectable Solution [Clinimix E 4.25/5],SBD,B05CX03|B05XB03|N06AX02|V03AB26,B05BA01,,
861185,chloral hydrate 0.02 MG/MG / salicylic acid 0.5 MG/MG Topical Ointment,SCD,D01AE12|N02BA04|N05CC01,D01AE12,,
884995,acetic acid 20 MG/ML Otic Solution [Domeboro Otic],SBD,G01AD02|S02AA10,S02AA10,,
895899,ivermectin 0.034 MG / praziquantel 28.5 MG / pyrantel 28.5 MG Chewable Tablet,SCD,P02BA01|P02CC01,P02BA01|P02CC01|P02CF01,,
96058,nitrofurazone 2 MG/ML Topical Solution,SCD,B05CA03|D08AF01|D09AA03|P01CC02|S01AX04|S02AA02,D08AF01,,
312556,povidone-iodine 3 MG/ML Douche,SCD,D08AG02|D09AA09|D11AC06|G01AX11|R02AA15,G01AX11,,
309332,Once-Daily clindamycin 0.01 MG/MG Topical Gel,SCD,D10AF01|J01FF01,D10AF01,,
206352,hydrocortisone 10 MG/ML Topical Cream [Cortizone],SBD,A01AC03|A07EA02|D07AA02|D07AB02|D07AB11|H02AB09|S01BA02,D07AA02,,
998493,miconazole nitrate 20 MG/ML Topical Cream [Baza],SBD,A01AB09|D01AC02|G01AF04,D01AC02,,
313450,tretinoin 0.0001 MG/MG Topical Gel,SCD,D10AD01|L01XX14,D10AD01,,
308664,benzocaine 0.05 MG/MG / ichthammol 0.02 MG/MG Topical Ointment,SCD,C05AD03|D04AB04|R02AD01,D04AB04,,
759719,hydrocortisone 10 MG/ML Rectal Cream [Procto-Kit],SBD,A01AC03|A07EA02|D07AA02|D07AB02|D07AB11|H02AB09|S01BA02,A07EA02|C05AA01|D07AA02|D07XA01,,
994507,ivermectin 5 MG/ML Topical Solution [Vetrimec],SBD,D11AX22|P02CF01,D11AX22,,
994008,esomeprazole 20 MG / naproxen 500 MG Delayed Release Oral Tablet,SCD,A02BC05,M01AE52,,
308716,betamethasone 1 MG/ML Topical Spray,SCD,D07AC01|H02AB01|S01BA06|S03BA03,D07AC01|D07XC01,,
309335,50 ML clindamycin 12 MG/ML Injection,SCD,D10AF01|J01FF01,J01FF01,IMPROVED,J01FF01
312609,prednisolone 100 MG/ML Injectable Suspension,SCD,A07EA01|H02AB06|S01BA04|S03BA02,H02AB06,,
205826,gentamicin 3 MG/ML / prednisolone acetate 10 MG/ML Ophthalmic Suspension [Pred-G],SBD,A07EA01|D06AX07|H02AB06|S01BA04|S03AA06|S03BA02,S01CA02,,
828587,aspirin 389 MG / caffeine 32.4 MG / propoxyphene hydrochloride 32 MG Oral Capsule [Darvon Compound],SBD,N02AC04|N06BC01,A01AD05|B01AC06|N02AC04|N02BA01|N06BC01,,
900424,clindamycin 25 MG/ML Oral Solution,SCD,D10AF01|J01FF01,J01FF01,,
881350,hydrocortisone 20 MG/ML Topical Lotion [Pediaderm HC],SBD,A01AC03|A07EA02|D07AA02|D07AB02|D07AB11|H02AB09|S01BA02,D07AA02|D07XA01,,
617423,amoxicillin 40 MG/ML / clavulanate 5.7 MG/ML Oral Suspension,SCD,J01CA04,J01CR02,,
744632,amlodipine 5 MG / olmesartan medoxomil 20 MG Oral Tablet [Azor],SBD,C08CA01|C09DB02,C09DB02,IMPROVED,C09DB02
705726,cholecalciferol 0.01 MG / vitamin A 5000 UNT Oral Capsule,SCD,A11CA01|A11CC05,A11CB,,
991233,bexarotene 0.01 MG/MG Topical Gel [Targretin],SBD,L01XX25,L01XF03,,
730063,hypromellose 3 MG/ML Ophthalmic Solution [GenTeal],SBD,S01KA02|S01XA20,S01KA02,,
756237,ferrous sulfate 44 MG/ML Oral Solution [Yieronia],SBD,B03AA01|B03AA07,B03AA07,,
685855,glucose 350 MG/ML Injectable Solution,SCD,B05BA03,B05CX01|V06DC01,,
800111,calcium chloride 0.000996 MEQ/ML / glucose 1 MG/ML / magnesium chloride 0.0000245 MEQ/ML / sodium chloride 0.00368 MEQ/ML / sodium lactate 0.0016 MEQ/ML Intraperitoneal Solution,SCD,A12CA01|A12CC01|B05BA03|B05BB01|B05CB01|B05XA03|B05XA07|G01AD01|S01XA03|V06DC01,B05DB,,
308209,ampicillin 100 MG/ML Oral Suspension,SCD,J01CA01|J01CA18,J01CA01,,
800988,magnesium chloride 0.00148 MEQ/ML / potassium chloride 0.0497 MEQ/ML / sodium acetate 0.0163 MEQ/ML / sodium chloride 0.0899 MEQ/ML / sodium gluconate 5.02 MG/ML Injectable Solution [Normosol-R],SBD,B05XA08,B05BB02,,
806573,trastuzumab 22 MG/ML Injectable Solution,SCD,L01XC03,L01FD01,,
308363,aspirin 325 MG / caffeine 16 MG / salicylamide 95 MG Oral Tablet,SCD,N02BA05|N06BC01,N02BA01|N02BA05|N06BC01,,
883806,270 ACTUAT epinephrine 0.22 MG/ACTUAT Metered Dose Inhaler,SCD,C01CA24|S01EA01,R03AA01,,
312507,100 ML potassium chloride 0.1 MEQ/ML Injection,SCD,A12BA01|B05XA01,A12BA01,,
800192,alanine 14.9 MG/ML / arginine 15.3 MG/ML / aspartate 10.5 MG/ML / glutamate 11.1 MG/ML / glycine 7.5 MG/ML / histidine 4.5 MG/ML / isoleucine 9.9 MG/ML / leucine 15 MG/ML / lysine 15.8 MG/ML / methionine 2.58 MG/ML / phenylalanine 4.47 MG/ML / proline 10.8 MG/ML / serine 7.95 MG/ML / threonine 6 MG/ML / tryptophan 3 MG/ML / tyrosine 4.05 MG/ML / valine 7.5 MG/ML Injectable Solution [Aminosyn II 15%],SBD,B05CX03|B05XB03|N06AX02|V03AB26,B05BA01,,
990993,physostigmine salicylate 1.25 MG/ML / pilocarpine hydrochloride 20 MG/ML Ophthalmic Solution,SCD,N07AX01|S01EB01,S01EB01|S01EB05,IMPROVED,S01EB01|S01EB05
312491,lysine 913 MG / potassium bicarbonate 5 MEQ / potassium chloride 15 MEQ Oral Tablet,SCD,B05XB03,A12BA01|A12BA04,,
755593,caffeine 5 MG/ML / pheniramine maleate 2.66 MG/ML / phenylephrine hydrochloride 0.84 MG/ML / sodium salicylate 16.7 MG/ML Oral Solution,SCD,N06BC01,N02BA04|N02BA12|N06BC01|R01BA03|R06AB05,,
901857,chlorhexidine gluconate 1 MG/ML Medicated Pad [Pro Pet Dental Wipes],SBD,A01AB03|D08AC02|R02AA05,D08AC02|D09AA12,IMPROVED,D08AC02|D09AA12
308508,bacitracin 0.5 UNT/MG Ophthalmic Ointment,SCD,D06AX05|J01XX10|R02AB04,S01AA32,,
308891,calcium carbonate 250 MG/ML Oral Suspension,SCD,A12AA04,A02AC01,,
1991327,salicylic acid 20 MG/ML Medicated Liquid Soap [Clearasil Stubborn Acne],SBD,D01AE12|N02BA04,D01AE12,,
1992305,timolol hemihydrate 5 MG/ML Ophthalmic Solution [Betimol],SBD,C07AA06,S01ED01,IMPROVED,S01ED01
1996193,1.5 ML buprenorphine 200 MG/ML Prefilled Syringe [Sublocade],SBD,N02AE01|N07BC01,N02AE01,,
343037,guaifenesin 600 MG / phenylephrine hydrochloride 20 MG Extended Release Oral Tablet,SCD,R05CA03,R01BA03|R05CA03,,
308356,aspirin 200 MG / butalbital 50 MG / caffeine 40 MG Oral Capsule,SCD,N06BC01,A01AD05|B01AC06|N02BA01|N06BC01,,
309477,aspirin 325 MG / butalbital 50 MG / caffeine 40 MG / codeine 7.5 MG Oral Capsule,SCD,N06BC01|R05DA04,A01AD05|B01AC06|N02BA01|N06BC01|R05DA04,,
798451,0.5 ML Haemophilus influenzae b (Ross strain) capsular polysaccharide meningococcal protein conjugate vaccine 0.265 MG/ML Injection [PedvaxHIB],SBD,J07BB01|J07BB02,J07AG01,,
866357,benzyl alcohol 0.1 ML/ML Oral Gel [Zilactin Cold Sore],SBD,P03AX06,A01AD,IMPROVED,A01AD
885133,benzoyl peroxide 0.025 MG/MG / clindamycin phosphate 0.012 MG/MG Topical Gel [Acanya],SBD,D10AE01,D10AF51,,
992816,{1 (9000 MG) (miconazole nitrate 20 MG/ML Vaginal Cream) / 3 (5000 MG) (miconazole nitrate 40 MG/ML Vaginal Cream) } Pack,GPCK,A01AB09|D01AC02|G01AF04,G01AF04,,
2001686,capsaicin 0.000375 MG/MG / lidocaine 0.04 MG/MG / menthol 0.05 MG/MG / methyl salicylate 0.2 MG/MG Medicated Patch,SCD,D04AB01|N01BB02|N01BX04|R02AD02,D04AB01|M02AC|N01BB02|N01BX04,,
2047185,panthenol 5 MG/ML / salicylic acid 2 MG/ML / zinc pyrithione 2.8 MG/ML Medicated Shampoo,SCD,D11AX12,D01AE12|D11AX12,,
351071,bacitracin 0.4 UNT/MG / lidocaine 0.05 MG/MG / neomycin 0.0035 MG/MG / polymyxin B 5 UNT/MG Topical Ointment,SCD,A07AA01|D04AB01|D06AX04|N01BB02|R02AD02|S01AA03,D04AB01|D06AX04|D06AX05|N01BB02,,
359906,phenylephrine hydrochloride 1.5 MG/ML Oral Suspension,SCD,R01AA04|S01FB01|S01XA20,R01BA03,,
809125,acetaminophen 130 MG / chlorpheniramine 2 MG / phenylephrine 10 MG / salicylamide 100 MG Oral Capsule,SCD,N02BA05|N02BE01|R06AB04,N02BA05|N02BE01|R01BA03|R06AB04,,
1998442,menthol 0.001 MG/MG / zinc oxide 0.2 MG/MG Topical Ointment,SCD,C05AX04,D02AB,,
206349,hydrocortisone 10 MG/ML Topical Cream [Cortaid],SBD,A01AC03|A07EA02|D07AA02|D07AB02|D07AB11|H02AB09|S01BA02,D07AA02,,
809835,betaxolol 2.5 MG/ML / pilocarpine hydrochloride 17.5 MG/ML Ophthalmic Suspension [Betoptic Pilo],SBD,C07AB05|N07AX01|S01EB01|S01ED02,S01EB01|S01ED02,,
830677,"alanine 6.4 MG/ML / arginine 4.9 MG/ML / glycine 6.4 MG/ML / histidine 1.5 MG/ML / isoleucine 3.6 MG/ML / leucine 4.7 MG/ML / lysine 3.6 MG/ML / methionine 2 MG/ML / phenylalanine 2.2 MG/ML / proline 4.3 MG/ML / serine 2.1 MG/ML / threonine 2.6 MG/ML / tryptophan 0.8 MG/ML / tyrosine 0.44 MG/ML / valine 4 MG/ML Injectable Solution [Aminosyn 5%, Sulfite-Free]",SBD,B05CX03|B05XB03|N06AX02|V03AB26,B05CX03|B05XB01|B05XB03|N06AX02|V03AB26,,
836268,ascorbic acid 120 MG / docusate sodium 50 MG / folic acid 1 MG / iron carbonyl 90 MG / vitamin B12 0.012 MG Oral Tablet,SCD,A11GA01|B03BA01|B03BB01,A11GA01|B03AE|B03BA01|B03BB01,,
847745,lopinavir 100 MG / ritonavir 25 MG Oral Tablet [Kaletra],SBD,J05AE03,J05AR10,,
848210,Augmented betamethasone 0.0005 MG/MG Topical Gel [Alphatrex],SBD,D07AC01|H02AB01|S01BA06|S03BA03,D07AC01|D07XC01,,
857002,acetaminophen 325 MG / hydrocodone bitartrate 5 MG Oral Tablet,SCD,N02BE01|R05DA03,N02AJ22,,
857612,brompheniramine maleate 0.8 MG/ML / hydrocodone bitartrate 0.5 MG/ML / phenylephrine hydrochloride 1.5 MG/ML Oral Solution [FluTuss HC],SBD,R05DA03|R06AB01,R01BA03|R05DA03|R06AB01,,
2105780,neomycin 0.025 MG/MG / nystatin 100 UNT/MG / thiostrepton 2.5 UNT/MG / triamcinolone 0.001 MG/MG Topical Ointment,SCD,A01AB11|A01AC01|A07AA01|A07AA02|D01AA01|D06AX04|H02AB08|R01AD11|S01AA03,D01AA01|D06AX04,,
2106107,zinc oxide 240 MG/ML Topical Cream,SCD,C05AX04,D02AB,,
211796,acetic acid 20 MG/ML Otic Solution [Acetasol],SBD,G01AD02|S02AA10,S02AA10,,
1094734,benzalkonium chloride 1.3 MG/ML Topical Foam [Steiro Lotion],SBD,D08AJ01|D08AJ08|R02AA16,D08AJ01,,
1100467,alpha-tocopherol acetate 3 MG / ascorbic acid 120 MG / beta carotene 3000 UNT / calcium carbonate 200 MG / cholecalciferol 400 UNT / cupric oxide 2 MG / ferrous bisglycinate 28.9 MG / folic acid 1 MG / iron protein succinylate 0.1 MG / magnesium oxide 25 MG / niacinamide 20 MG / pyridoxine hydrochloride 25 MG / riboflavin 4 MG / thiamine mononitrate 1.8 MG / vitamin B12 0.012 MG / zinc oxide 25 MG Oral Tablet,SCD,A11CC05|A11DA01|A11GA01|A11HA01|A11HA02|A11HA04|B03BA01|B03BB01,A02AA02|A02AC01|A06AD02|A11CA02|A11CC05|A11DA01|A11GA01|A11HA01|A11HA02|A11HA04|A12AA04|A12CC10|B03BA01|B03BB01,,
1116374,sodium chloride 0.011 MG/MG Nasal Gel [ENTsol],SBD,A12CA01|B05BB01|B05CB01|B05XA03|S01XA03,R01AX,,
826091,calcium carbonate 200 MG / folic acid 1 MG / pyridoxine 75 MG / vitamin B12 0.012 MG Oral Tablet [Premesis Rx],SBD,A11HA02|B03BA01|B03BB01,A02AC01|A11HA02|A12AA04|B03BA01|B03BB01,,
856799,amitriptyline hydrochloride 25 MG / perphenazine 2 MG Oral Tablet [Duo-Vil],SBD,N05AB03|N06AA09|N06CA01,N06CA01,,
1189269,alanine 3.48 MG/ML / arginine 3.56 MG/ML / aspartate 2.45 MG/ML / calcium chloride 0.0025 MEQ/ML / dibasic potassium phosphate 0.015 MEQ/ML / glucose 250 MG/ML / glutamate 2.58 MG/ML / glycine 1.75 MG/ML / histidine 1.05 MG/ML / isoleucine 2.31 MG/ML / leucine 3.5 MG/ML / lysine 3.68 MG/ML / magnesium chloride 0.0025 MEQ/ML / methionine 0.6 MG/ML / phenylalanine 1.04 MG/ML / potassium chloride 0.003 MEQ/ML / proline 2.52 MG/ML / serine 1.86 MG/ML / sodium chloride 0.035 MEQ/ML / threonine 1.4 MG/ML / tryptophan 0.7 MG/ML / tyrosine 0.94 MG/ML / valine 1.75 MG/ML Injectable Solution [Aminosyn II 3.5 % with Electrolytes in 25 % Dextrose with Calcium],SBD,B05CX03|B05XB03|N06AX02|V03AB26,A12AA07|A12BA01|A12CA01|A12CC01|B05CB01|B05CX01|B05CX03|B05XA01|B05XA03|B05XA07|B05XA11|B05XB01|B05XB03|N06AX02|V03AB26|V04CA02|V06DC01,,
1189281,alanine 4.22 MG/ML / arginine 4.32 MG/ML / aspartate 2.98 MG/ML / calcium chloride 0.0025 MEQ/ML / dibasic potassium phosphate 0.015 MEQ/ML / glucose 250 MG/ML / glutamate 3.14 MG/ML / glycine 2.12 MG/ML / histidine 1.28 MG/ML / isoleucine 2.8 MG/ML / leucine 4.25 MG/ML / lysine 4.46 MG/ML / magnesium chloride 0.0025 MEQ/ML / methionine 0.73 MG/ML / phenylalanine 1.26 MG/ML / potassium chloride 0.003 MEQ/ML / proline 3.07 MG/ML / serine 2.25 MG/ML / sodium chloride 0.035 MEQ/ML / threonine 1.7 MG/ML / tryptophan 0.85 MG/ML / tyrosine 1.15 MG/ML / valine 2.12 MG/ML Injectable Solution [Aminosyn II 4.25 % with Electrolytes in 25 % Dextrose with Calcium],SBD,B05CX03|B05XB03|N06AX02|V03AB26,A12AA07|A12BA01|A12CA01|A12CC01|B05CB01|B05CX01|B05CX03|B05XA01|B05XA03|B05XA07|B05XA11|B05XB01|B05XB03|N06AX02|V03AB26|V04CA02|V06DC01,,
1190233,chlorcyclizine hydrochloride 9.38 MG / phenylephrine hydrochloride 5 MG Chewable Tablet [Nasopen-CH],SBD,R06AE04,R01BA03|R06AE04,,
1190919,"0.5 ML diphtheria toxoid vaccine, inactivated 4 UNT/ML / tetanus toxoid vaccine, inactivated 10 UNT/ML Prefilled Syringe [Tenivac]",SBD,J07AF01|J07AM01,J07AM01,,
410226,acetaminophen 500 MG / caffeine 65 MG Oral Capsule,SCD,N02BE01|N06BC01,N02BE01,,
476553,calcium carbonate 675 MG / magnesium hydroxide 135 MG / simethicone 60 MG Chewable Tablet,SCD,A02AA04|A03AX13|A12AA04,A02AF02,,
543549,nystatin 100000 UNT/ML Topical Cream [Mycostatin],SBD,A01AB11|A07AA02|D01AA01,D01AA01,,
545229,erythromycin 0.005 MG/MG Ophthalmic Ointment [Romycin],SBD,J01FA01,S01AA17,,
546651,lidocaine 0.025 MG/MG / prilocaine 0.025 MG/MG Medicated Patch [EMLA],SBD,N01BB04,D04AB01|N01BB04,,
584513,desonide 0.5 MG/ML Topical Lotion [Lokara],SBD,D07AB08|S01BA11,D07AB08,,
616480,phenol 5 MG/ML Mucosal Spray,SCD,D08AE03,N01BX03,IMPROVED,N01BX03
616880,carbetapentane tannate 60 MG / chlorpheniramine tannate 5 MG / phenylephrine tannate 10 MG Oral Tablet,SCD,R05DB05|R06AB04,R01BA03|R05DB05|R06AB04,,
858856,chlorpheniramine maleate 0.4 MG/ML / hydrocodone bitartrate 0.5 MG/ML / phenylephrine hydrochloride 1 MG/ML Oral Solution [TUSS HC],SBD,R05DA03|R06AB04,R01BA03|R05DA03|R06AB04,,
1000133,medroxyprogesterone acetate 400 MG/ML Injectable Suspension [Depo-Provera],SBD,G03DA02|L02AB02,L02AB02,,
1009392,dexamethasone 1 MG/ML / neomycin 3.2 MG/ML / thiabendazole 40 MG/ML Topical Solution [Tresaderm],SBD,A07AA01|D06AX04|H02AB02|S01AA03|S01BA01,D06AX04,,
1010057,lidocaine hydrochloride 0.05 MG/MG Topical Gel,SCD,D04AB01|N01BB02|R02AD02,D04AB01,,
1011841,benzalkonium chloride 1.3 MG/ML / lidocaine hydrochloride 25 MG/ML Topical Solution [Mercuroclear],SBD,D04AB01|D08AJ01|D08AJ08|N01BB02|R02AA16|R02AD02,D04AB01|D08AJ01|D08AJ08|D09AA11|N01BB02,,
1011983,benzalkonium chloride 1.3 MG/ML / lidocaine hydrochloride 25 MG/ML Topical Solution [Bactine],SBD,D04AB01|D08AJ01|D08AJ08|N01BB02|R02AA16|R02AD02,D04AB01|D08AJ01|N01BB02,,
1012996,lidocaine hydrochloride 40 MG/ML / neomycin 3.5 MG/ML / polymyxin B 10000 UNT/ML Topical Cream,SCD,A07AA01|D04AB01|D06AX04|N01BB02|R02AD02|S01AA03,D04AB01|D06AX04|N01BB02,,
1043719,mineral oil 1000 MG/ML Topical Oil,SCD,A06AA01,D02AX,,
1046602,naphazoline hydrochloride 0.5 MG/ML Nasal Solution,SCD,S01GA01,R01AA08,,
1085666,triamcinolone diacetate 25 MG/ML Injectable Suspension,SCD,A01AC01|H02AB08|R01AD11,H02AB08,,
2184171,12 HR dexchlorpheniramine maleate 3.5 MG / methscopolamine nitrate 1 MG / pseudoephedrine hydrochloride 45 MG Extended Release Oral Tablet,SCD,R01BA02|R06AB02,A03BB03|R01BA02|R06AB02,,
1110806,triamcinolone acetonide 0.0005 MG/MG Topical Ointment [Trianex],SBD,A01AC01|H02AB08|R01AD11,D07AB09,,
1115990,ephedrine hydrochloride 12.5 MG / guaifenesin 200 MG Oral Capsule,SCD,R05CA03,R03CA02|R05CA03,,
404172,acetaminophen 500 MG / caffeine 65 MG Oral Tablet [Excedrin Tension Headache],SBD,N02BE01|N02BE51|N06BC01,N02BE51,,
859150,chlorpheniramine maleate 0.4 MG/ML / hydrocodone bitartrate 1 MG/ML / phenylephrine hydrochloride 2 MG/ML Oral Solution [Hydron CP],SBD,R05DA03|R06AB04,R01BA03|R05DA03|R06AB04,,
860098,ketorolac tromethamine 30 MG/ML Injectable Solution [Toradol],SBD,M01AB15|S01BC05,M01AB15,,
1012221,hydrocortisone acetate 0.0055 MG/MG / lidocaine hydrochloride 0.028 MG/MG Rectal Gel,SCD,A01AC03|A07EA02|D04AB01|D07AA02|D07AB02|D07AB11|H02AB09|N01BB02|R02AD02|S01BA02,C05AA01,,
1037117,benzocaine 200 MG/ML / menthol 10 MG/ML Medicated Pad,SCD,C05AD03|D04AB04|R02AD01,D04AB04,,
1053741,chlophedianol hydrochloride 25 MG / guaifenesin 400 MG / pseudoephedrine hydrochloride 60 MG Oral Tablet,SCD,R01BA02|R05CA03|R05DB10,R05FB02,,
1670324,tipiracil 8.19 MG / trifluridine 20 MG Oral Tablet [Lonsurf],SBD,S01AD02,L01BC59,,
1726322,irinotecan hydrochloride 20 MG/ML Injection,SCD,L01XX19,L01CE02|L01XX19,,
1020420,capsaicin 0.25 MG/ML / lidocaine hydrochloride 25 MG/ML / menthol 100 MG/ML / methyl salicylate 250 MG/ML Topical Lotion,SCD,D04AB01|N01BB02|N01BX04|R02AD02,D04AB01|M02AC|N01BB02|N01BX04,,
240559,salicylic acid 0.4 MG/MG Medicated Patch,SCD,D01AE12|N02BA04,D01AE12|D11AF,,
259093,cocoa butter 0.855 MG/MG / phenylephrine 0.0025 MG/MG / shark liver oil 0.03 MG/MG Rectal Suppository,SCD,R01AA04|S01FB01|S01XA20,C05AX03|C05AX06,,
2003375,{24 (drospirenone 3 MG / ethinyl estradiol 0.02 MG Oral Tablet) / 4 (inert ingredients 1 MG Oral Tablet) } Pack [Lo-Zumandimine 28 Day],BPCK,G03AA12|G03AC10,G03AA12,,
403853,hydrochlorothiazide 12.5 MG / olmesartan medoxomil 20 MG Oral Tablet,SCD,C03AA03|C09DA08,C09DA08,,
809559,calcium carbonate 625 MG / cholecalciferol 125 UNT Oral Tablet [Oysco D],SBD,A11CC05,A12AX,,
847540,povidone-iodine 75 MG/ML Medicated Liquid Soap [Betagen brand of povidone-iodine],SBD,D08AG02|D09AA09|D11AC06|G01AX11|R02AA15,D08AG02|D09AA09|D11AC06,,
213554,betamethasone 0.0005 MG/MG Topical Ointment [Alphatrex],SBD,D07AC01,D07AC01|D07XC01,,
213626,bacitracin 0.5 UNT/MG / polymyxin B 10 UNT/MG Topical Ointment [Polysporin],SBD,A07AA05|D06AX05|J01XB02|J01XX10|R02AB04|S01AA18|S02AA11|S03AA03,D06AX05,,
2184157,Ibuprofen 200 MG / Phenylephrine Hydrochloride 5 MG Oral Tablet [Sudafed PE Head Congestion Plus Pain],SBD,M01AE01|M01AE14|M02AA13|R01AA04|S01FB01|S01XA20,M01AE01|M01AE14,,
1147337,emtricitabine 200 MG / rilpivirine 25 MG / tenofovir disoproxil fumarate 300 MG Oral Tablet [Complera],SBD,J05AF07|J05AF09|J05AG05,J05AR08,,
847617,calcium chloride 0.33 MG/ML / potassium chloride 0.3 MG/ML / sodium chloride 8.6 MG/ML Injectable Solution,SCD,A12CA01|B05BB01|B05CB01|B05XA03|B05XA07|S01XA03,B05BB01,,
1090577,zinc oxide 130 MG/ML Topical Cream [Desitin],SBD,C05AX04,D02AB,,
308650,benzocaine 15 MG / calcium carbonate 180 MG / magnesium carbonate 120 MG / phenobarbital 15 MG Oral Tablet,SCD,N03AA02,A02AA01|A02AC01|A06AD01|A12AA04|N03AA02,,
1088604,dimethicone 30 MG/ML Medicated Pad [Comfort Shield],SBD,P03AX05,D02AA|P03AX05,,
2000695,{21 (ethinyl estradiol 0.05 MG / ethynodiol diacetate 1 MG Oral Tablet) / 7 (inert ingredients 1 MG Oral Tablet) } Pack [Kelnor 1/50 28 Day],BPCK,G03DC06,G03AA01,,
834171,chlorhexidine gluconate 40 MG/ML Medicated Liquid Soap [Spectrum-4],SBD,A01AB03|D08AC02|R02AA05,D08AC02|D09AA12,,
857834,chlorpheniramine maleate 0.4 MG/ML / hydrocodone bitartrate 0.334 MG/ML / phenylephrine hydrochloride 1 MG/ML Oral Solution [Vanex-HD],SBD,R05DA03|R06AB04,R01BA03|R05DA03|R06AB04,,
2109512,pramoxine hydrochloride 10 MG/ML Topical Solution [Curasore],SBD,C05AD07|D04AB07,D04AB07,IMPROVED,D04AB07
211312,aspirin 325 MG / butalbital 50 MG / caffeine 40 MG Oral Capsule [Fiortal],SBD,N06BC01,A01AD05|B01AC06|N02BA01|N06BC01,,
2122902,guaifenesin 20 MG/ML / hydrocodone bitartrate 1 MG/ML / phenylephrine hydrochloride 1.5 MG/ML Oral Solution [Crantex HC],SBD,R05CA03|R05DA03,R01BA03|R05CA03|R05DA03,,
212839,salicylic acid 40 MG/ML Medicated Shampoo [X-Seb],SBD,D01AE12|N02BA04,D01AE12,,
213372,resorcinol 30 MG/ML Topical Lotion [R A Acne],SBD,D10AX02|S01AX06,D10AX02,,
477180,zinc oxide 306 MG/ML Topical Cream,SCD,C05AX04,D02AB,,
562592,phenylephrine 1.25 MG/ML Ophthalmic Solution,SCD,R01AA04|S01FB01|S01XA20,S01FB01,,
1001690,{2 (480 ML) (magnesium sulfate 0.0277 MEQ/ML / potassium sulfate 0.0374 MEQ/ML / sodium sulfate 0.257 MEQ/ML Oral Solution) } Pack [Suprep Bowel Prep Kit],BPCK,A06AD04|B05XA05,A06AD04|A06AD13,,
1012100,benzalkonium chloride 1.3 MG/ML / lidocaine hydrochloride 5 MG/ML Topical Cream,SCD,D04AB01|D08AJ01|D08AJ08|N01BB02|R02AA16|R02AD02,D04AB01,,
1046812,triclosan 0.25 MG/MG Medicated Bar Soap,SCD,D08AE04,D08AE04|D09AA06,,
1047873,atropine sulfate 0.06 MG / benzoic acid 9 MG / hyoscyamine sulfate 0.06 MG / methenamine 81.6 MG / methylene blue 10.8 MG / phenyl salicylate 36.2 MG Oral Tablet,SCD,A03BA03|G04BX12|J01XX05,A03BA01|A03BA03|G04BX12|J01XX05,,
1049880,diphenhydramine hydrochloride 0.02 MG/MG Topical Gel,SCD,D04AA32|R06AA02,D04AA32,,
106303,tretinoin 0.5 MG/ML Topical Cream,SCD,D10AD01|L01XX14,D10AD01,,
1085686,triamcinolone acetonide 5 MG/ML Topical Cream,SCD,A01AC01|H02AB08|R01AD11,D07AB09,,
260395,prednisolone 50 MG/ML Injectable Suspension [Medicort],SBD,A07EA01|H02AB06|S01BA04|S03BA02,H02AB06,,
252203,aluminum hydroxide 6.33 MG/ML / magnesium carbonate 23.9 MG/ML Oral Suspension,SCD,A02AB01,A02AD03,,
308071,aluminum chloride 200 MG/ML Topical Solution,SCD,D10AX01,D10AX01|D11AA,,
1733870,tetracaine 20 MG/ML Topical Cream [Numfast],SBD,C05AD02|D04AB06|N01BA03|S01HA03,D04AB06,,
1742420,benzocaine 200 MG/ML Mucosal Spray [Benzo-Jel],SBD,C05AD03|D04AB04|R02AD01,N01BA05,,
1747294,2 ML ibuprofen 10 MG/ML Injection,SCD,M01AE01|M01AE14|M02AA13,M01AE01,,
417424,salicylic acid 10 MG/ML Topical Cream,SCD,D01AE12|N02BA04,D01AE12,,
1190629,atropine sulfate 0.005 MG/ML / diphenoxylate hydrochloride 0.5 MG/ML Oral Solution [Lomotil],SBD,A07DA01,A03BA01|A07DA01,,
1001089,epinephrine 10 MG/ML / pilocarpine hydrochloride 60 MG/ML Ophthalmic Solution,SCD,C01CA24|N07AX01|S01EA01|S01EB01,S01EA01|S01EB01,,
1658048,5 ML ofatumumab 20 MG/ML Injection [Arzerra],SBD,L01FA02|L04AG12,L04AG12,,
1718991,{1 (bisacodyl 5 MG Delayed Release Oral Tablet) / 1 (2000 ML) (polyethylene glycol 3350 210000 MG / potassium chloride 740 MG / sodium bicarbonate 2860 MG / sodium chloride 5600 MG Powder for Oral Solution [Gavilyte-H]) } Pack [Gavilyte-H and Bisacodyl],BPCK,A06AB02,A06AB02|A06AD65,,
1098199,benzalkonium chloride 0.0013 MG/MG Topical Gel,SCD,D08AJ01|D08AJ08|R02AA16,D08AJ01,,
860437,guaifenesin 20 MG/ML / hydrocodone bitartrate 0.5 MG/ML / phenylephrine hydrochloride 1.5 MG/ML Oral Solution [Tussafed-HC],SBD,R05CA03|R05DA03,R01BA03|R05CA03|R05DA03,,
1085744,triamcinolone acetonide 1 MG/ML Topical Cream [Kenalog],SBD,A01AC01|H02AB08|R01AD11,D07AB09|D07XB02,,
1654725,glycerin 250 MG/ML Topical Cream,SCD,A06AX01,D02AX,,
308618,bendroflumethiazide 5 MG / potassium chloride 6.7 MEQ Delayed Release Oral Tablet,SCD,C03AA01,A12BA01|C03AA01,,
198879,triclosan 0.01 MG/MG Medicated Bar Soap,SCD,D08AE04,D08AE04|D09AA06,,
1994320,caffeine 2.17 MG/ML / choline salicylate 29 MG/ML Oral Solution,SCD,N06BC01,N02BA03,,
1098490,sodium fluoride 2.2 MG / xylitol 237 MG Chewable Tablet [Fluor a Day Chewable],SBD,A01AA01,A01AA01|A12CD01,,
1111339,olopatadine 1 MG/ML Ophthalmic Solution,SCD,R01AC08,S01GX09,,
1146128,dimethicone 30 MG/ML Topical Lotion [Moisturel Therapeutic],SBD,P03AX05,D02AA|P03AX05,,
1190764,atropine sulfate 0.3 MG/ML Injectable Solution,SCD,A03BA01|S01FA01,A03BA01,,
209264,vancomycin 83.3 MG/ML Oral Solution [Vancocin],SBD,A07AA09,A07AA09|J01XA01,,
2181301,12 HR chlorpheniramine maleate 8 MG / methscopolamine nitrate 1.25 MG / phenylephrine hydrochloride 20 MG Extended Release Oral Tablet,SCD,R06AB04,A03BB03|R01BA03|R06AB04,,
2184166,chlorpheniramine maleate 8 MG / phenylephrine hydrochloride 40 MG / scopolamine 2.5 MG Extended Release Oral Tablet,SCD,R06AB04,A04AD01|N05CM05|R01BA03|R06AB04,,
237511,10 ML zinc sulfate 1 MG/ML Injection,SCD,A12CB01,B05XA18,,
857766,chlorpheniramine maleate 0.4 MG/ML / hydrocodone bitartrate 0.334 MG/ML / phenylephrine hydrochloride 1 MG/ML Oral Solution [KG-Dal HD],SBD,R05DA03|R06AB04,R01BA03|R05DA03|R06AB04,,
1000720,sulfacetamide sodium 100 MG/ML / sulfur 10 MG/ML Medicated Liquid Soap [BP 10-Wash],SBD,D10AB02,D10AF06,,
1045385,capsaicin 0.0015 MG/MG / menthol 0.135 MG/MG / methyl salicylate 0.3 MG/MG Topical Ointment,SCD,N01BX04,M02AC|N01BX04,,
1045328,allantoin 0.005 MG/MG / glycerin 0.05 MG/MG Topical Gel [Neutracett],SBD,A06AX01,D02AX,,
1086328,triamcinolone diacetate 0.8 MG/ML Oral Solution,SCD,A01AC01|H02AB08|R01AD11,A01AC01|H02AB08,,
308081,aluminum hydroxide 0.09 MG/MG Topical Gel,SCD,A02AB01,A02AB01|A02AB02,,
210761,ascorbic acid 150 MG / ferrous fumarate 67 MG Extended Release Oral Tablet [Hemaspan],SBD,A11GA01,A11GA01|B03AA02,,
238910,benzocaine 0.2 MG/MG Oral Gel,SCD,R02AD01,N01BA05,,
1798453,acetaminophen 500 MG / dexbrompheniramine maleate 1 MG Oral Tablet,SCD,N02BE01|R06AB06,N02BE01,,
1807579,sodium chloride 146 MG/ML Injection,SCD,A12CA01|B05BB01|B05CB01|B05XA03|S01XA03,A12CA01|B05BB01|B05CB01|B05XA03,,
1807646,5 ML sodium chloride 9 MG/ML Injection,SCD,A12CA01|B05BB01|B05CB01|B05XA03|S01XA03,B05XA03,,
1809905,{24 (ethinyl estradiol 0.02 MG / norethindrone acetate 1 MG Oral Capsule) / 4 (ferrous fumarate 75 MG Oral Capsule) } Pack [Taytulla 28 Day],BPCK,B03AA02|G03CA01|G03DC02,B03AA02|G03AA05|G03CA01|G03DC02,,
1871453,lidocaine hydrochloride 50 MG/ML Topical Cream [Uber Numb],SBD,D04AB01|N01BB02|R02AD02,D04AB01,,
1246227,lidocaine hydrochloride 50 MG/ML Mucous Membrane Topical Solution [Xylocaine],SBD,D04AB01|N01BB02|R02AD02,N01BB02|R02AD02,,
1294201,acetaminophen 325 MG / chlorpheniramine maleate 2 MG / pseudoephedrine hydrochloride 30 MG Oral Capsule,SCD,N02BE01|R01BA02|R06AB04,R01BA02,,
1299137,phenylephrine hydrochloride 5 MG/ML Nasal Spray [Afrin Nasal],SBD,R01AA04,R01AA04|R01AB01,,
1300438,12 HR carbetapentane citrate 60 MG / guaifenesin 1000 MG Extended Release Oral Tablet [Allfen CX],SBD,R05CA03|R05DB05,R05FB02,,
1357883,12 HR brompheniramine maleate 6 MG / phenylephrine hydrochloride 30 MG Extended Release Oral Tablet,SCD,R06AB01,R01BA53,,
1359113,mineral oil 0.14 MG/MG / petrolatum 0.719 MG/MG / phenylephrine hydrochloride 0.0025 MG/MG Rectal Ointment [Atopalm Hemorrhoidal],SBD,A06AA01,A06AA01|C05AX06,,
1360954,hydrocortisone acetate 10 MG/ML / pramoxine hydrochloride 10 MG/ML Rectal Cream [Analpram HC],SBD,A01AC03|A07EA02|D07AA02|D07AB02|D07AB11|H02AB09|S01BA02,C05AA01|C05AD07,BOTH_WRONG,C05AA01|C05AD07
1363387,aluminum magnesium silicate 83.3 MG / calcium carbonate 133.3 MG / sodium bicarbonate 133.3 MG Oral Tablet,SCD,A02AD05,A02AC01|A02AD05|A12AA04|B05CB04,,
1369775,ibuprofen 200 MG / phenylephrine hydrochloride 10 MG Oral Tablet,SCD,M01AE01|M01AE14|M02AA13|R01AA04|S01FB01|S01XA20,R01BA03,,
1436161,salicylic acid 0.4 MG/MG Medicated Patch [Pedi-Quick],SBD,D01AE12|N02BA04,D01AE12,,
1438297,acetaminophen 250 MG / aspirin 250 MG / caffeine 65 MG Oral Tablet [Uricalm Intensive],SBD,N02BE01|N06BC01,A01AD05|B01AC06|N02BA01|N02BE01|N06BC01,,
1494824,sulfacetamide sodium 98 MG/ML / sulfur 48 MG/ML Topical Lotion [Plexion],SBD,D10AB02,D10AF06,,
1495050,sodium chloride 30 MG/ML Inhalation Solution [Nebusal],SBD,A12CA01|B05BB01|B05CB01|B05XA03|S01XA03,R01AX10,BOTH_WRONG,R01AX10
1534658,capsaicin 0.5 MG/ML / menthol 100 MG/ML / methyl salicylate 150 MG/ML Topical Cream,SCD,N01BX04,M02AB01|N01BX04,,
1543553,{24 (drospirenone 3 MG / ethinyl estradiol 0.02 MG Oral Tablet) / 4 (inert ingredients 1 MG Oral Tablet) } Pack [Nikki 28 Day],BPCK,G03AA12|G03AC10,G03AA12,,
1549474,hydrocortisone acetate 15 MG/ML / neomycin 5 MG/ML Ophthalmic Solution,SCD,A01AC03|A07AA01|A07EA02|D06AX04|D07AA02|D07AB02|D07AB11|H02AB09|S01AA03|S01BA02,S01AA03|S01BA02,,
1607990,{24 (ethinyl estradiol 0.025 MG / norethindrone 0.8 MG Chewable Tablet) / 4 (ferrous fumarate 75 MG Chewable Tablet) } Pack,GPCK,B03AA02|G03CA01|G03DC02,B03AA02|G03AA05|G03CA01|G03DC02,,
1489158,benzalkonium chloride 0.5 MG/ML / benzyl alcohol 0.02 ML/ML Topical Spray,SCD,P03AX06,D08AJ01|D09AA11|P03AX06,,
1789192,salicylic acid 10 MG/ML Medicated Liquid Soap [Natural Acne Solutions Pore Refining Scrub],SBD,D01AE12|N02BA04,D01AE12,,
1789947,2 ML papaverine hydrochloride 30 MG/ML Injection,SCD,G04BE02,A03AD01,,
1797867,azelastine hydrochloride 0.137 MG/ACTUAT Metered Dose Nasal Spray,SCD,S01GX07,R01AC03,,
1803724,salicylic acid 10 MG/ML Medicated Liquid Soap [Biore],SBD,D01AE12|N02BA04,D01AE12,,
1876397,{7 (ethinyl estradiol 0.01 MG Oral Tablet) / 42 (ethinyl estradiol 0.02 MG / levonorgestrel 0.15 MG Oral Tablet) / 21 (ethinyl estradiol 0.025 MG / levonorgestrel 0.15 MG Oral Tablet) / 21 (ethinyl estradiol 0.03 MG / levonorgestrel 0.15 MG Oral Tablet) } Pack [Rivelsa 91 Day],BPCK,G03AA07|G03CA01,G03AA07|G03AA08|G03AB03|G03CA01,,
1919516,10 ML durvalumab 50 MG/ML Injection [Imfinzi],SBD,L01XC28,L01FF03,,
1926470,tetracycline hydrochloride 0.03 MG/MG Topical Ointment [Viabecline],SBD,D06AA04|J01AA07,D06AA04,,
1299083,phenylephrine hydrochloride 1.6 MG/ML Nasal Solution [Alconefrin],SBD,R01AA04|S01FB01|S01XA20,R01AA04|R01AB01,,
1360744,chlophedianol hydrochloride 1.67 MG/ML / phenylephrine hydrochloride 0.667 MG/ML / thonzylamine hydrochloride 3.33 MG/ML Oral Solution [Vanacof APE],SBD,R05DB10,R01BA03|R05DB10|R06AC06,,
1363631,brompheniramine tannate 6 MG / phenylephrine tannate 15 MG Chewable Tablet,SCD,R06AB01,R01BA03|R06AB01,,
1376210,{1 (7 ML) (salicylic acid 0.02 MG/MG Topical Gel) / 1 (90 ML) (salicylic acid 10 MG/ML Medicated Liquid Soap) / 1 (15 ML) (salicylic acid 10 MG/ML Topical Cream) / 30 (salicylic acid 5 MG/ML Medicated Pad) } Pack,GPCK,D01AE12|N02BA04,D01AE12,,
1426594,lidocaine hydrochloride 5 MG/ML / phenol 5 MG/ML Topical Cream,SCD,D04AB01|D08AE03|N01BB02|R02AD02,D04AB01|D08AE03|N01BB02,,
1432541,capsaicin 0.35 MG/ML / lidocaine 20 MG/ML / menthol 50 MG/ML / methyl salicylate 200 MG/ML Topical Cream [Doloracin with Lidocaine],SBD,D04AB01|N01BB02|N01BX04|R02AD02,D04AB01|M02AC|N01BB02|N01BX04,,
1537091,salicylic acid 30 MG/ML Topical Cream [Dermazor],SBD,D01AE12|N02BA04,D01AE12,,
1541268,salicylic acid 20 MG/ML Medicated Pad [Acnefree SA],SBD,D01AE12|N02BA04,D01AE12,,
1599273,lidocaine hydrochloride 15 MG/ML Topical Spray [Dermacool],SBD,D04AB01|N01BB02|R02AD02,D04AB01|N01BB02,,
1648148,niacinamide 2 MG/ML / salicylic acid 1 MG/ML Medicated Shampoo,SCD,A11HA01,D11AC,,
1650201,{24 (ethinyl estradiol 0.025 MG / norethindrone 0.8 MG Chewable Tablet) / 4 (ferrous fumarate 75 MG Chewable Tablet) } Pack [Layolis Fe 28],BPCK,B03AA02|G03CA01|G03DC02,G03AA05,,
1544187,povidone-iodine 100 MG/ML Topical Solution [Pro-Tec Gold],SBD,D08AG02|G01AX11,D08AG02,,
1427301,{7 (ethinyl estradiol 0.035 MG / norethindrone 0.5 MG Oral Tablet) / 7 (ethinyl estradiol 0.035 MG / norethindrone 0.75 MG Oral Tablet) / 7 (ethinyl estradiol 0.035 MG / norethindrone 1 MG Oral Tablet) / 7 (inert ingredients 1 MG Oral Tablet) } Pack [Pirmella 7/7/7 28 Day],BPCK,G03AA05|G03FA01,G03AA05,,
1740002,ciprofloxacin 60 MG/ML Otic Suspension [Otiprio],SBD,J01MA02,S02AA15,,
1867921,bupivacaine hydrochloride 7.5 MG/ML / epinephrine 0.005 MG/ML Injection,SCD,N01BB01,N01BB51,,
1918214,chlorhexidine gluconate 20 MG/ML / isopropyl alcohol 0.7 ML/ML Medicated Pad,SCD,D08AX05,D08AC02,,
1251365,aluminum hydroxide 6.33 MG/ML / magnesium carbonate 23.9 MG/ML Oral Suspension [Gaviscon],SBD,A02AB01,A02AD03,,
1251608,benzocaine 10 MG / cetylpyridinium chloride 2.5 MG Oral Lozenge,SCD,C05AD03|D04AB04|R02AD01,R02AA06|R02AD01,,
1292872,lidocaine 0.04 MG/MG Topical Gel [Hush Anesthetic],SBD,D04AB01|N01BB02|R02AD02,C05AD01|D04AB01,,
1294394,belladonna alkaloids 0.2 MG / ergotamine tartrate 0.6 MG / phenobarbital 40 MG Oral Tablet,SCD,N02CA02|N03AA02,N02CA02,,
1314499,calcium carbonate 1180 MG / simethicone 80 MG Chewable Tablet,SCD,A03AX13|A12AA04,A02AF02,,
1356799,brompheniramine maleate 4 MG / codeine phosphate 10 MG / phenylephrine hydrochloride 10 MG Oral Tablet [Brovex PBC],SBD,R05DA04|R06AB01,R05DA04,,
1367420,thrombin alfa 1000 UNT/ML Topical Solution [Recothrom],SBD,B02BC06|B02BD30,B02BD30,,
1534792,lidocaine 50 MG/ML Topical Cream,SCD,D04AB01|N01BB02|R02AD02,D04AB01,,
1545801,castor oil 788 MG/ML / Peruvian balsam 87 MG/ML / trypsin 0.12 MG/ML Topical Spray [Granulex],SBD,A06AB05,D03BA01,,
1605123,capsaicin 0.000285 MG/MG / chondroitin sulfates 0.03 MG/MG / glucosamine 0.05 MG/MG / lidocaine 0.04 MG/MG Medicated Patch,SCD,M01AX05|M01AX25,C05AD01|D04AB01|M02AB01,,
1792386,ciprofloxacin 3 MG/ML / fluocinolone acetonide 0.25 MG/ML Otic Solution,SCD,J01MA02,S02AA15|S02BA08,,
1923327,capsaicin 0.0005 MG/MG Topical Ointment,SCD,N01BX04,M02AB01,,
1293637,benzyl alcohol 0.1 ML/ML / pramoxine hydrochloride 10 MG/ML Topical Spray [Itch-X],SBD,P03AX06,D04AB07,,
1368022,aluminum hydroxide 0.012 MG/MG Topical Ointment,SCD,A02AB01,,,
1442443,calcium carbonate 1500 MG / cholecalciferol 800 UNT Chewable Tablet [Caltrate Plus D],SBD,A11CC05,A11CC55,,
1357013,brompheniramine maleate 0.4 MG/ML / phenylephrine hydrochloride 1 MG/ML Oral Solution,SCD,R06AB01,R01BA53,,
1597902,chlorhexidine gluconate 2.5 MG/ML Topical Solution [Hexadine],SBD,A01AB03|D08AC02|R02AA05,D08AC02,,
729783,benzocaine 0.15 MG/MG / menthol 0.02 MG/MG Oral Gel,SCD,C05AD03|D04AB04|R02AD01,R02AD01,,
706943,sodium chloride 70 MG/ML Inhalation Solution,SCD,A12CA01|B05BB01|B05CB01|B05XA03|S01XA03,,,
731097,Salicylic Acid 176 MG/ML Topical Solution [Freezone Corn Remover],SBD,D01AE12|N02BA04,D01AE12,,
748864,{21 (ethinyl estradiol 0.05 MG / ethynodiol diacetate 1 MG Oral Tablet) / 7 (inert ingredients 1 MG Oral Tablet) } Pack [Zovia 1/50E 28 Day],BPCK,G03DC06,G03AA01,,
792119,hydrocortisone 10 MG/ML / neomycin 3.5 MG/ML / polymyxin B 10000 UNT/ML Otic Solution [Otocidin],SBD,A01AC03|A07AA01|A07EA02|D06AX04|D07AA02|D07AB02|D07AB11|H02AB09|S01AA03|S01BA02,S02CA03,,
800213,"alanine 6.95 MG/ML / arginine 7.13 MG/ML / aspartate 4.9 MG/ML / glutamate 5.17 MG/ML / glycine 3.5 MG/ML / histidine 2.1 MG/ML / isoleucine 4.62 MG/ML / leucine 7 MG/ML / lysine 7.35 MG/ML / methionine 1.2 MG/ML / phenylalanine 2.09 MG/ML / proline 5.05 MG/ML / serine 3.71 MG/ML / threonine 2.8 MG/ML / tryptophan 1.4 MG/ML / tyrosine 1.89 MG/ML / valine 3.5 MG/ML Injectable Solution [Aminosyn II 7 %, Sulfite-Free]",SBD,B05CX03|B05XB03|N06AX02|V03AB26,A09AB01|B05CX03|B05XB01|B05XB03|N06AX02|V03AB26,,
800449,alanine 10.4 MG/ML / arginine 5.75 MG/ML / glucose 250 MG/ML / glycine 5.15 MG/ML / histidine 2.4 MG/ML / isoleucine 3 MG/ML / leucine 3.65 MG/ML / lysine 2.9 MG/ML / methionine 2 MG/ML / phenylalanine 2.8 MG/ML / proline 3.4 MG/ML / serine 2.5 MG/ML / threonine 2.1 MG/ML / tryptophan 0.9 MG/ML / tyrosine 0.2 MG/ML / valine 2.9 MG/ML Injectable Solution [Clinimix 5/25],SBD,B05CX03|B05XB03|N06AX02|V03AB26,B05BA01,,
883808,salicylic acid 10 MG/ML Medicated Pad,SCD,D01AE12|N02BA04,D01AE12,,
902574,ethanol 0.65 ML/ML Topical Gel,SCD,D08AX08|V03AB16|V03AZ01,D08AX08,,
753483,{21 (ethinyl estradiol 0.035 MG / ethynodiol diacetate 1 MG Oral Tablet) / 7 (inert ingredients 1 MG Oral Tablet) } Pack [Kelnor 1/35 28 Day],BPCK,G03DC06,G03AA01,,
993926,acetaminophen 325 MG / chlorpheniramine maleate 2 MG / codeine phosphate 16 MG / phenylephrine hydrochloride 10 MG Oral Capsule [Colrex],SBD,N02BE01|R05DA04|R06AB04,N02BE01|R01BA03|R05DA04|R06AB04,IMPROVED,N02BE01|R01BA03|R05DA04|R06AB04
995067,chlorpheniramine maleate 0.222 MG/ML / codeine phosphate 1 MG/ML / pseudoephedrine hydrochloride 3.33 MG/ML Oral Suspension [Zodryl DAC],SBD,R01BA02|R05DA04|R06AB04,R05DA04,,
309337,clindamycin 20 MG/ML Vaginal Cream,SCD,D10AF01|J01FF01,G01AA10,,
310468,gentamicin 0.003 MG/MG / prednisolone acetate 0.006 MG/MG Ophthalmic Ointment,SCD,A07EA01|D06AX07|H02AB06|S01BA04|S03AA06|S03BA02,S01CA02,,
1089023,codeine phosphate 1 MG/ML / guaifenesin 20 MG/ML / pseudoephedrine hydrochloride 4.29 MG/ML Oral Suspension [Zodryl DEC],SBD,R01BA02|R05CA03|R05DA04,R01BA02|R05CA03|R05DA04|R05FA02,,
2049513,betamethasone valerate 0.001 MG/MG / clotrimazole 0.01 MG/MG / gentamicin sulfate 0.003 MG/MG Otic Ointment [Vetaderm Plus],SBD,D01AC01|D06AX07|D07AC01|H02AB01|S01BA06|S03AA06|S03BA03,S03CA06,,
993837,acetaminophen 300 MG / codeine phosphate 30 MG Oral Tablet [Tylenol with Codeine],SBD,N02BE01|R05DA04,N02AJ06,,
751553,{28 (ethinyl estradiol 0.02 MG / levonorgestrel 0.09 MG Oral Tablet) } Pack,GPCK,G03AC03|G03CA01,G03AA07,IMPROVED,G03AA07
895045,fructose 278 MG/ML / glucose 290 MG/ML / sodium citrate 61.4 MG/ML Oral Solution,SCD,B05CB02|V06DC02,B05CB02|B05CX01|V04CA02|V06DC01|V06DC02,,
994289,brompheniramine maleate 0.27 MG/ML / codeine phosphate 1.27 MG/ML / pseudoephedrine hydrochloride 2 MG/ML Oral Solution,SCD,R01BA02|R05DA04|R06AB01,R05DA04,,
308498,bacitracin 0.5 UNT/MG / lidocaine 0.04 MG/MG / neomycin 0.0035 MG/MG / polymyxin B 10 UNT/MG Topical Ointment,SCD,A07AA01|D04AB01|D06AX04|N01BB02|R02AD02|S01AA03,D04AB01|D06AX04|D06AX05,,
311906,nandrolone 50 MG/ML Injectable Solution,SCD,A14AB01|S01XA11,A14AB01,,
1087367,"hyoscyamine sulfate 0.12 MG / methenamine 118 MG / methylene blue 10 MG / phenyl salicylate 36 MG / sodium phosphate, monobasic 40.8 MG Oral Capsule [Uribel]",SBD,A03BA03|G04BX12|J01XX05,G04BX12,,
865087,calcium carbonate 250 MG / cholecalciferol 100 UNT / inulin 2000 MG Chewable Tablet,SCD,A11CC05,A11CC55,,
313902,chloroxylenol 5 MG/ML / resorcinol 20 MG/ML / sulfur 50 MG/ML Topical Lotion,SCD,D08AE05|D10AB02,D08AE05|D10AB02|D10AX02,,
351973,gabapentin 50 MG/ML Oral Solution [Neurontin],SBD,N02BF01|N03AX12,N02BF01,,
670299,neomycin 0.0035 MG/MG / polymyxin B 10 UNT/MG Ophthalmic Ointment [Statrol],SBD,A07AA01|D06AX04|S01AA03,S01AA30,,
701919,metronidazole 0.0075 MG/MG Topical Gel [Nydamax],SBD,A01AB17|D06BX01|P01AB01,D06BX01,,
637077,ethanol 0.62 ML/ML Topical Lotion,SCD,D08AX08|V03AB16|V03AZ01,D08AX08,,
707677,sodium chloride 0.0256 MEQ/ML Irrigation Solution,SCD,A12CA01|B05BB01|B05CB01|B05XA03|S01XA03,B05CB01,IMPROVED,B05CB01
722152,ethinyl estradiol 0.02 MG / levonorgestrel 0.09 MG Oral Tablet,SCD,G03AC03|G03CA01,G03AA07,,
707251,sodium chloride 6.5 MG/ML Nasal Spray,SCD,A12CA01|B05BB01|B05CB01|B05XA03|S01XA03,,,
727415,2.7 ML atropine 0.778 MG/ML / pralidoxime chloride 222 MG/ML Auto-Injector,SCD,V03AB04,V03AB54,,
308358,aspirin 250 MG / ethoheptazine 75 MG / meprobamate 150 MG Oral Tablet,SCD,N05BC01,A01AD05|B01AC06|N02BA01|N05BC01,,
206517,hydrocortisone 10 MG/ML / neomycin 3.5 MG/ML / polymyxin B 10000 UNT/ML Otic Solution [Otocort],SBD,A01AC03|A07AA01|A07EA02|D06AX04|D07AA02|D07AB02|D07AB11|H02AB09|S01AA03|S01BA02,S02CA03,,
206372,hydrocortisone 10 MG/ML Topical Lotion [Hytone],SBD,A01AC03|A07EA02|D07AA02|D07AB02|D07AB11|H02AB09|S01BA02,C05AA01|D07AA02|D07AB02|D07AB11|D07AC16|D07XA01,,
348804,ethinyl estradiol 0.03 MG / levonorgestrel 0.125 MG Oral Tablet,SCD,G03AC03|G03CA01,G03AA07,,
749762,{7 (ethinyl estradiol 0.01 MG Oral Tablet) / 84 (ethinyl estradiol 0.03 MG / levonorgestrel 0.15 MG Oral Tablet) } Pack [Seasonique],BPCK,G03AA07|G03CA01,G03AB03,,
891172,guaifenesin 20 MG/ML / hydrocodone bitartrate 0.4 MG/ML / phenylephrine hydrochloride 2 MG/ML Oral Solution [De-Chlor G],SBD,R05CA03|R05DA03,R01BA03|R05CA03|R05DA03,,
894887,sulfadiazine 0.333 MG/MG / trimethoprim 0.067 MG/MG Oral Powder [Uniprim],SBD,J01EA01|J01EC02,J01EE02,,
2003712,ethanol 0.635 ML/ML Topical Gel,SCD,D08AX08|V03AB16|V03AZ01,D08AX08,,
790300,chloramphenicol 5 MG/ML Ophthalmic Solution [Chloromycetin],SBD,S01AA01,S01AA01|S03AA08,,
966747,clorsulon 100 MG/ML / ivermectin 10 MG/ML Injectable Solution [Vetrimec Plus],SBD,D11AX22|P02CF01,P02CF01,,
994228,aspirin 325 MG / carisoprodol 200 MG / codeine phosphate 16 MG Oral Tablet [Soma Compound with Codeine],SBD,M03BA02|R05DA04,A01AD05|B01AC06|M03BA02|N02BA01|R05DA04,,
308728,bismuth subnitrate 30 MG / calcium carbonate 225 MG / magnesium carbonate 160 MG Oral Tablet,SCD,A02BX12,A02AA01|A02AC01|A02BX12|A06AD01|A12AA04,,
1090743,acetaminophen 500 MG / pseudoephedrine hydrochloride 30 MG Oral Tablet,SCD,N02BE01|N02BE51|R01BA02,R01BA02,,
198996,ascorbic acid 150 MG / ferrous sulfate 60 MG Extended Release Oral Capsule,SCD,A11GA01,A11GA01|B03AA07,,
2043464,efavirenz 600 MG / lamivudine 300 MG / tenofovir disoproxil fumarate 300 MG Oral Tablet [Symfi],SBD,J05AF05|J05AF07|J05AG03,J05AR11,,
207051,nandrolone 50 MG/ML Injectable Solution [Hybolin Decanoate],SBD,A14AB01|S01XA11,A14AB01,,
205833,ampicillin 250 MG/ML Injectable Solution [Omnipen-N],SBD,J01CA01|J01CA18,J01CA01,,
389031,prednisolone 20 MG/ML Injectable Solution,SCD,A07EA01|H02AB06|S01BA04|S03BA02,A01AC04|A07EA01|C05AA04|H02AB06|S03BA02,,
359278,12 HR brompheniramine maleate 6 MG / phenylephrine hydrochloride 7.5 MG Extended Release Oral Capsule,SCD,R06AB01,R01BA53,,
749184,guaifenesin 600 MG / phenylephrine hydrochloride 15 MG Oral Tablet,SCD,R05CA03,R01BA03|R05CA03,,
753486,{21 (ethinyl estradiol 0.02 MG / levonorgestrel 0.1 MG Oral Tablet) } Pack [Levlite 21 Day],BPCK,G03AC03|G03CA01,G03AA07,,
665096,carbetapentane tannate 4.5 MG/ML / phenylephrine tannate 1.8 MG/ML Oral Suspension,SCD,R05DB05,R01BA03|R05DB05,,
895895,ivermectin 0.272 MG / praziquantel 228 MG / pyrantel 228 MG Chewable Tablet [Iverhart Max],SBD,P02BA01|P02CC01,P02BA01|P02CC01|P02CF01,,
1088146,mineral oil 0.15 MG/MG / petrolatum 0.85 MG/MG Ophthalmic Ointment [Altalube],SBD,A06AA01,S01XA20,,
1088217,dextran 70 1 MG/ML / hypromellose 3 MG/ML Ophthalmic Solution [Bion Tears],SBD,S01KA02|S01XA20,S01XA20,,
199308,salicylic acid 5 MG/ML Topical Solution,SCD,D01AE12|N02BA04,D01AE12,,
313137,sulfamethoxazole 80 MG/ML / trimethoprim 16 MG/ML Injectable Solution,SCD,J01EA01|J01EC01,J01EE01,,
313941,ciclopirox 0.0077 MG/MG Topical Gel,SCD,D01AE14|G01AX12,D01AE14,,
996712,codeine phosphate 20 MG / guaifenesin 400 MG / pseudoephedrine hydrochloride 20 MG Oral Tablet [Ambifed-G CD],SBD,R01BA02|R05CA03|R05DA04,R01BA02|R05CA03|R05DA04|R05FA02,,
806656,"sodium bicarbonate 0.025 MEQ/ML / sodium chloride 0.122 MEQ/ML / sodium phosphate, dibasic 0.42 MG/ML Ophthalmic Solution [Endosol Extra]",SBD,A12CA01|B05BB01|B05CB01|B05XA03|S01XA03,S01XA03,,
996989,aspirin 325 MG / codeine phosphate 15 MG Oral Tablet,SCD,R05DA04,N02AJ07,,
997518,ammonium chloride 6.66 MG/ML / chlorpheniramine maleate 0.4 MG/ML / codeine phosphate 1.97 MG/ML / phenylephrine hydrochloride 1 MG/ML Oral Solution [Rolatuss],SBD,R05DA04|R06AB04,G04BA01|R01BA03|R05DA04|R06AB04,IMPROVED,G04BA01|R01BA03|R05DA04|R06AB04
801878,calcium chloride 0.00014 MEQ/ML / glucose 1.4 MG/ML / magnesium chloride 0.0000245 MEQ/ML / sodium chloride 0.00368 MEQ/ML / sodium lactate 0.0016 MEQ/ML Intraperitoneal Solution [Dianeal PD-2/3.5],SBD,A12CA01|A12CC01|B05BA03|B05BB01|B05CB01|B05XA03|B05XA07|G01AD01|S01XA03|V06DC01,A12AA07|A12CA01|A12CC01|B05CB01|B05CX01|B05XA03|B05XA07|B05XA11|V04CA02|V06DC01,,
806859,benzocaine 50 MG/ML Mucosal Spray,SCD,C05AD03|D04AB04|R02AD01,R02AD01,,
809132,chlorpheniramine 1 MG / guaifenesin 100 MG / phenylephrine 3.5 MG / phenylpropanolamine 6 MG / pyrilamine 6 MG Oral Tablet,SCD,R01BA01|R05CA03|R06AB04,R01BA01|R01BA03|R05CA03|R06AB04|R06AC01,,
824574,benzocaine 15 MG / menthol 3.6 MG Oral Lozenge,SCD,C05AD03|D04AB04|R02AD01,R02AD01,,
830456,activated charcoal 175 MG / calcium carbonate 325 MG Oral Tablet,SCD,A07BA01,A02AC01|A07BA01,,
313407,timolol 0.0025 MG/MG Ophthalmic Gel,SCD,C07AA06,S01ED01,,
834786,aspirin 389 MG / caffeine 32.4 MG / propoxyphene hydrochloride 65 MG Oral Capsule [Darvon Compound],SBD,N02AC04|N06BC01,A01AD05|B01AC06|N02AC04|N02BA01|N06BC01,,
836397,acetaminophen 325 MG / tramadol hydrochloride 37.5 MG Oral Tablet [Ultracet],SBD,N02AX02|N02BE01,N02AJ13,,
847626,calcium chloride 0.2 MG/ML / glucose 50 MG/ML / potassium chloride 1.79 MG/ML / sodium chloride 6 MG/ML / sodium lactate 3.1 MG/ML Injectable Solution,SCD,A12CA01|B05BA03|B05BB01|B05CB01|B05XA03|B05XA07|G01AD01|S01XA03|V06DC01,B05BB01,,
857718,brompheniramine maleate 1.2 MG/ML / hydrocodone bitartrate 1 MG/ML / phenylephrine hydrochloride 2 MG/ML Extended Release Suspension [Vazotuss HC],SBD,R05DA03|R06AB01,R01BA03|R05DA03|R06AB01,,
2109438,chlorhexidine gluconate 20 MG/ML Topical Cream,SCD,A01AB03|D08AC02|R02AA05,D08AC02,,
211292,aspirin 400 MG / caffeine 32 MG Oral Tablet [Anacin],SBD,N06BC01,N02BA51,,
1098244,pramoxine hydrochloride 10 MG/ML Rectal Cream [Tronolane],SBD,C05AD07|D04AB07,C05AD07,,
1099490,pseudoephedrine hydrochloride 6 MG/ML / triprolidine hydrochloride 0.25 MG/ML Oral Solution [Altafed],SBD,R01BA02|R01BA52|R06AX07,R01BA52,,
212345,epinephrine 0.3 MG/ACTUAT Metered Dose Inhaler [Bronitin],SBD,C01CA24|S01EA01,R03AA01,,
1233850,{24 (drospirenone 3 MG / ethinyl estradiol 0.02 MG Oral Tablet) / 4 (inert ingredients 1 MG Oral Tablet) } Pack [Vestura],BPCK,G03AA12|G03AC10,G03AA12,,
1234549,pramoxine hydrochloride 10 MG/ML / zinc acetate 1 MG/ML Topical Lotion [Callergy Clear],SBD,A16AX05,D04AB07,,
562654,prednisolone 20 MG/ML Injectable Suspension,SCD,A07EA01|H02AB06|S01BA04|S03BA02,A01AC04|A07EA01|C05AA04|H02AB06|S03BA02,,
579304,guaifenesin 650 MG / phenylephrine hydrochloride 25 MG Extended Release Oral Tablet,SCD,R05CA03,R01BA03|R05CA03,,
597730,lopinavir 200 MG / ritonavir 50 MG Oral Tablet,SCD,J05AE03,J05AR10,,
608844,ketoconazole 10 MG/ML Medicated Shampoo [Nizoral],SBD,D01AC08|J02AB02,D01AC08,IMPROVED,D01AC08
857772,chlorpheniramine maleate 0.4 MG/ML / hydrocodone bitartrate 0.334 MG/ML / phenylephrine hydrochloride 1 MG/ML Oral Solution [Phendal-HD],SBD,R05DA03|R06AB04,R01BA03|R05DA03|R06AB04,,
1000981,oxymetazoline hydrochloride 0.25 MG/ML Ophthalmic Solution,SCD,R01AA05,S01GA04,,
1005711,meprobamate 200 MG / pentaerythritol tetranitrate 10 MG Oral Tablet,SCD,N05BC01,A06AD14|C01DA05|N05BC01,,
1010751,epinephrine 0.01 MG/ML / lidocaine hydrochloride 10 MG/ML Injectable Solution,SCD,C01CA24|D04AB01|N01BB02|R02AD02|S01EA01,N01BB02,,
1011825,1.7 ML epinephrine 0.02 MG/ML / lidocaine hydrochloride 20 MG/ML Cartridge [Octocaine with Epinephrine],SBD,C01CA24|D04AB01|N01BB02|R02AD02|S01EA01,N01BB52,,
1037273,acetaminophen 300 MG / phenyltoloxamine citrate 20 MG / salicylamide 200 MG Oral Tablet,SCD,N02BA05|N02BE01,N02BE01,,
1037307,pheniramine maleate 0.8 MG/ML / phenylpropanolamine hydrochloride 2.5 MG/ML / phenyltoloxamine citrate 0.8 MG/ML / pyrilamine maleate 0.8 MG/ML Oral Solution [Delhistine D],SBD,R01BA01,R01BA01|R06AB05|R06AC01,,
1046908,atropine sulfate 0.03 MG / benzoic acid 4.5 MG / hyoscyamine sulfate 0.03 MG / methenamine 40.8 MG / methylene blue 5.4 MG / phenyl salicylate 18.1 MG Oral Tablet [Uri-Sep],SBD,A03BA03|G04BX12|J01XX05,A03BA01|A03BA03|A16AX11|G04BX12|J01XX05|V03AB17|V04CG05,,
1085614,nystatin 100000 UNT/ML / triamcinolone acetonide 1 MG/ML Topical Cream [N.T.A.],SBD,A01AB11|A01AC01|A07AA02|D01AA01|H02AB08|R01AD11,C05AA12|D01AA01|D07AB09|D07XB02,,
1085807,240 ACTUAT triamcinolone acetonide 0.075 MG/ACTUAT Metered Dose Inhaler [Azmacort],SBD,A01AC01|H02AB08|R01AD11,R03BA06,,
238754,hydrocortisone 25 MG/ML Injectable Suspension,SCD,A01AC03|A07EA02|D07AA02|D07AB02|D07AB11|H02AB09|S01BA02,H02AB09,,
244523,salicylic acid 136 MG/ML Topical Solution,SCD,D01AE12|N02BA04,D01AE12,,
284544,benzoyl peroxide 0.05 MG/MG / clindamycin 0.01 MG/MG Topical Gel [Benzaclin],SBD,D10AE01,D10AE01|D10AF01,,
1661427,3 ML sodium chloride 9 MG/ML Cartridge,SCD,A12CA01|B05BB01|B05CB01|B05XA03|S01XA03,B05XA03,,
1666374,1 ML phenylephrine hydrochloride 10 MG/ML Injection [Vazculep],SBD,R01AA04|S01FB01|S01XA20,C01CA06,,
1000500,"{28 (estrogens, conjugated (USP) 0.625 MG / medroxyprogesterone acetate 5 MG Oral Tablet) } Pack [Prempro 0.625/5 28 Day]",BPCK,G03CA57|G03FA12,G03FA12,,
1010745,epinephrine 0.005 MG/ML / lidocaine hydrochloride 5 MG/ML Injectable Solution,SCD,C01CA24|D04AB01|N01BB02|R02AD02|S01EA01,N01BB02,,
1085805,240 ACTUAT triamcinolone acetonide 0.075 MG/ACTUAT Metered Dose Inhaler,SCD,A01AC01|H02AB08|R01AD11,R03BA06,,
237631,glucose 25 MG/ML Injectable Solution,SCD,B05BA03,B05CX01|V04CA02|V06DC01,,
240093,acetaminophen 500 MG / butalbital 50 MG / caffeine 40 MG Oral Tablet,SCD,N02BE01|N06BC01,N02BE01,,
249465,phenylephrine 0.0025 MG/MG / witch hazel 0.5 MG/MG Rectal Gel,SCD,R01AA04|S01FB01|S01XA20,C05AX06,,
252965,povidone-iodine 50 MG/ML Topical Solution,SCD,D08AG02|D09AA09|D11AC06|G01AX11|R02AA15,D08AG02,,
349625,guaifenesin 1200 MG / phenylephrine hydrochloride 30 MG Oral Tablet,SCD,R05CA03,R01BA03|R05CA03,,
832909,calcium carbonate 1250 MG / cholecalciferol 100 UNT Chewable Tablet,SCD,A11CC05,A11CC55,,
836370,200 ACTUAT ipratropium bromide 0.018 MG/ACTUAT Metered Dose Inhaler [Atrovent],SBD,R01AX03,R03BB01,,
1087208,ascorbic acid 75 MG / ferrous fumarate 333 MG / folic acid 0.5 MG / liver stomach concentrate 240 MG / vitamin B12 0.015 MG Oral Capsule [Ferocon],SBD,A11GA01|B03BA01|B03BB01,B03AE01,,
205247,niacin 10 MG/ML Oral Solution,SCD,C10AD02,C04AC01|C10AD02,,
315120,hydrocortisone 5 MG/ML / sulfur 5 MG/ML / zinc oxide 200 MG/ML Topical Cream,SCD,D10AB02,C05AA01|D07AA02|D07AB02|D07AB11|D07AC16|D07XA01|D10AB02,,
318202,erythromycin 20 MG/ML Topical Solution,SCD,J01FA01,D10AF02,,
807016,lactic acid 40 MG/ML / urea 100 MG/ML Topical Cream [Atrac-Tain],SBD,D02AE01|G01AD01,D02AE51,,
996202,dextran 70 1 MG/ML / polyethylene glycol 400 10 MG/ML / povidone 10 MG/ML / tetrahydrozoline hydrochloride 0.5 MG/ML Ophthalmic Solution,SCD,B05AA05,S01GA02|S01XA20,,
2122526,dolutegravir 50 MG / lamivudine 300 MG Oral Tablet [Dovato],SBD,J05AF05|J05AX12,J05AR25,,
212837,salicylic acid 0.02 MG/MG Medicated Bar Soap [SalAc],SBD,D01AE12|N02BA04,D01AE12,,
2197238,benzocaine 100 MG/ML Medicated Pad,SCD,C05AD03|D04AB04|R02AD01,N01BA05,,
1090699,chlorpheniramine maleate 2 MG / pseudoephedrine hydrochloride 30 MG Oral Tablet,SCD,R01BA02|R06AB04,R01BA52,BOTH_WRONG,R01BA52
832924,calcium carbonate 1500 MG / cholecalciferol 200 UNT Chewable Tablet,SCD,A11CC05,A11CC55,,
857822,chlorpheniramine maleate 0.4 MG/ML / hydrocodone bitartrate 0.334 MG/ML / phenylephrine hydrochloride 1 MG/ML Oral Solution [Quindal HD],SBD,R05DA03|R06AB04,R01BA03|R05DA03|R06AB04,,
1092602,chlorhexidine gluconate 40 MG/ML Medicated Shampoo,SCD,A01AB03|D08AC02|R02AA05,D08AC02,,
1092680,chloroxylenol 3 MG/ML / ketoconazole 3 MG/ML Medicated Pad [Pharmaseb],SBD,D08AE05,D01AC08|D08AE05,,
1100258,alpha-tocopherol acetate 30 UNT / ascorbic acid 120 MG / calcium citrate 200 MG / cholecalciferol 400 UNT / cupric oxide 2 MG / docusate sodium 50 MG / folic acid 1 MG / iron carbonyl 90 MG / niacinamide 20 MG / potassium iodide 0.15 MG / pyridoxine hydrochloride 20 MG / riboflavin 3.4 MG / thiamine hydrochloride 3 MG / zinc oxide 25 MG Oral Tablet,SCD,A11CC05|A11DA01|A11GA01|A11HA01|A11HA02|A11HA04|A12AA13|B03BB01,A06AA02|A11CC05|A11DA01|A11GA01|A11HA01|A11HA02|A11HA04|A12AA13|B03BB01|R05CA02|V03AB21,,
1101840,phenol 14 MG/ML Mucosal Spray [Ora Relief],SBD,D08AE03,N01BX03,,
1147659,salicylic acid 30 MG/ML Medicated Shampoo [Betasal],SBD,D01AE12|N02BA04,D01AE12,,
1099097,{21 (ethinyl estradiol 0.02 MG / levonorgestrel 0.1 MG Oral Tablet) } Pack [Lessina 21 Day],BPCK,G03AC03|G03CA01,G03AA07,,
1190897,atropine sulfate 0.24 MG / chlorpheniramine maleate 12 MG / ephedrine hydrochloride 15 MG Extended Release Oral Tablet,SCD,R06AB04,A03BA01|R03CA02|R06AB04,,
425319,brompheniramine maleate 0.4 MG/ML / phenylephrine hydrochloride 1.5 MG/ML Oral Solution,SCD,R06AB01,R01BA53,,
858851,chlorpheniramine maleate 0.4 MG/ML / hydrocodone bitartrate 0.5 MG/ML / phenylephrine hydrochloride 1 MG/ML Oral Solution [Nasatuss],SBD,R05DA03|R06AB04,R01BA03|R05DA03|R06AB04,IMPROVED,R01BA03|R05DA03|R06AB04
860092,1 ML ketorolac tromethamine 15 MG/ML Injection,SCD,M01AB15|S01BC05,M01AB15,,
1006685,sulfacetamide sodium 100 MG/ML Topical Cream [Seb-Prev],SBD,D10AB02,D10AF06,,
1038791,benzalkonium chloride 1 MG/ML Topical Solution,SCD,D08AJ01|D08AJ08|R02AA16,D08AJ01,,
1039942,ethanol 0.64 ML/ML Medicated Pad,SCD,D08AX08|V03AB16|V03AZ01,D08AX08,,
1046598,naphazoline hydrochloride 0.2 MG/ML / zinc sulfate 2.5 MG/ML Ophthalmic Solution [VasoClear A],SBD,A12CB01,S01GA01,,
1046862,atropine sulfate 0.00388 MG/ML / hyoscyamine sulfate 0.0207 MG/ML / phenobarbital 3.24 MG/ML / scopolamine hydrobromide 0.0013 MG/ML Oral Solution [D-Tal],SBD,A03BA03|N03AA02,A03BA01|A03BA03|A04AD01|N03AA02|N05CM05,,
1047451,benzalkonium chloride 1.1 MG/ML Topical Foam,SCD,D08AJ01|D08AJ08|R02AA16,D08AJ01,,
1049725,diphenhydramine hydrochloride 0.01 MG/MG Topical Gel [Benadryl],SBD,D04AA32|R06AA02,D04AA32,,
1086242,triamcinolone acetonide 40 MG/ML Injectable Suspension [Robalog],SBD,A01AC01|H02AB08|R01AD11,A01AC01|C05AA12|H02AB08|R03BA06,,
1086249,triamcinolone acetonide 40 MG/ML Injectable Suspension [Sano Log],SBD,A01AC01|H02AB08|R01AD11,A01AC01|C05AA12|H02AB08|R03BA06,,
242446,ofloxacin 3 MG/ML Otic Solution,SCD,J01MA01,S02AA16,,
1720002,glycerin 120 MG/ML / petrolatum 180 MG/ML / phenylephrine hydrochloride 2.5 MG/ML / shark liver oil 30 ML/ML Rectal Cream,SCD,A06AX01|R01AA04|S01FB01|S01XA20,C05AX06,,
1737636,20 ML lidocaine hydrochloride 15 MG/ML Injection,SCD,D04AB01|N01BB02|R02AD02,C01BB01,,
1116098,benzalkonium chloride 1.3 MG/ML Topical Solution [Blister Blaster],SBD,D08AJ01|D08AJ08|R02AA16,D08AJ01,,
1189683,calcium chloride 0.005 MEQ/ML / glucose 50 MG/ML / magnesium chloride 0.0015 MEQ/ML / potassium chloride 0.01 MEQ/ML / sodium acetate 0.0471 MEQ/ML / sodium chloride 0.0848 MEQ/ML / sodium lactate 0.008 MEQ/ML Injectable Solution [Plasma-Lyte R in 5 % Dextrose],SBD,B05XA08,A12AA07|A12BA01|A12CA01|A12CC01|B05CB01|B05CX01|B05XA01|B05XA03|B05XA07|B05XA08|B05XA11|G04BA03|V04CA02|V06DC01,,
604664,chlorpheniramine maleate 0.4 MG/ML / phenylephrine hydrochloride 1.5 MG/ML / pyrilamine maleate 2.5 MG/ML Oral Solution,SCD,R06AB04,R01BA53,,
1041846,nystatin 100000 UNT/ML Topical Cream [Pediaderm AF],SBD,A01AB11|A07AA02|D01AA01,D01AA01,,
1046969,atropine sulfate 0.0194 MG / hyoscyamine sulfate 0.1037 MG / phenobarbital 16.2 MG / scopolamine hydrobromide 0.0065 MG Oral Tablet [Bellatal],SBD,A03BA03|N03AA02,A03BA01|A03BA03|A04AD01|N03AA02|N05CM05,,
1001691,calcium carbonate 1250 MG / cholecalciferol 100 UNT / vitamin K1 0.04 MG Chewable Tablet,SCD,A11CC05|B02BA01,A11CC55|B02BA01,,
1005844,sulfacetamide sodium 100 MG/ML / sulfur 50 MG/ML Topical Cream [Plexion],SBD,D10AB02,D10AB02|D10AF06,,
1047766,atropine sulfate 0.0582 MG / hyoscyamine sulfate 0.0582 MG / phenobarbital 48.6 MG / scopolamine hydrobromide 0.0195 MG Extended Release Oral Tablet,SCD,A03BA03|N03AA02,A03BA01|A03BA03|A04AD01|N03AA02|N05CM05,IMPROVED,A03BA01|A03BA03|A04AD01|N03AA02|N05CM05
243587,benzocaine 50 MG/ML / resorcinol 20 MG/ML Vaginal Cream,SCD,C05AD03|D04AB04|R02AD01,D04AB04,,
259533,aluminum hydroxide 400 MG / magnesium hydroxide 400 MG Chewable Tablet,SCD,A02AB01,A02AA04|A02AB01|A02AB02|G04BX01,,
1192980,aspirin 500 MG / citric acid 1948 MG / sodium bicarbonate 2485 MG Powder for Oral Solution [Picot Plus],SBD,A09AB04,A01AD05|A09AB04|B01AC06|B05CB04|N02BA01,,
1720258,cholecalciferol 5000 UNT / folic acid 1 MG Oral Tablet,SCD,A11CC05|B03BB01,B03BB01,,
1049549,dexamethasone 2 MG/ML Injectable Solution [DexaJect],SBD,H02AB02|S01BA01,A01AC02|C05AA09|H02AB02|S03BA01,,
1745438,glycerin 200 MG/ML / lidocaine 50 MG/ML / phenylephrine hydrochloride 2.5 MG/ML Medicated Pad,SCD,A06AX01|D04AB01|N01BB02|R01AA04|R02AD02|S01FB01|S01XA20,C05AD01,,
1788839,ethanol 0.77 ML/ML Topical Gel,SCD,D08AX08|V03AB16|V03AZ01,D08AX08,,
1795169,glucose 50 MG/ML / sodium chloride 3.3 MG/ML Injection,SCD,A12CA01|B05BA03|B05BB01|B05CB01|B05XA03|S01XA03|V06DC01,B05BB02,,
1795170,500 ML glucose 50 MG/ML / sodium chloride 3.3 MG/ML Injection,SCD,A12CA01|B05BA03|B05BB01|B05CB01|B05XA03|S01XA03|V06DC01,B05BB01,,
310411,ferrous fumarate 82 MG / folic acid 1 MG Oral Tablet,SCD,B03BB01,B03AA02|B03BB01,,
312497,potassium bicarbonate 25 MEQ / potassium citrate 15 MEQ Oral Tablet,SCD,A12BA02,A12BA02|A12BA04,,
200139,capsaicin 0.25 MG/ML / menthol 40 MG/ML Topical Lotion,SCD,N01BX04,M02AB01,,
1111343,olopatadine 2 MG/ML Ophthalmic Solution,SCD,R01AC08,S01GX09,,
1116143,ephedrine sulfate 25 MG / guaifenesin 200 MG Oral Tablet [Bronkaid],SBD,R05CA03,R03CA02|R05CA03,,
1190920,atropine sulfate 0.4 MG/ML / meperidine hydrochloride 75 MG/ML Injectable Solution,SCD,N02AB02,A03BA01|N02AB02,,
2181302,chlorpheniramine maleate 8 MG / methscopolamine nitrate 1.25 MG / phenylephrine hydrochloride 20 MG Extended Release Oral Tablet,SCD,R06AB04,A03BB03|R01BA03|R06AB04,,
858900,dexbrompheniramine maleate 0.2 MG/ML / hydrocodone bitartrate 0.5 MG/ML / phenylephrine hydrochloride 1 MG/ML Oral Solution [Cytuss-HC NR],SBD,R05DA03|R06AB06,R01BA03|R05DA03|R06AB06,IMPROVED,R01BA03|R05DA03|R06AB06
859939,guaifenesin 45 MG/ML / hydrocodone bitartrate 0.5 MG/ML / phenylephrine hydrochloride 2 MG/ML Oral Solution,SCD,R05CA03|R05DA03,R01BA03|R05CA03|R05DA03,,
860147,hydrocodone bitartrate 0.75 MG/ML / phenylephrine hydrochloride 1.5 MG/ML Oral Solution [Lortuss HC],SBD,R05DA03,R01BA03|R05DA03,,
1046575,camphor 0.0475 MG/MG / capsaicin 0.0025 MG/MG / menthol 0.014 MG/MG Medicated Patch,SCD,N01BX04,M02AB01,,
1655054,"fibrinogen, human 0.079 MG/MG / thrombin, human 0.699 UNT/MG Topical Powder [Raplixa]",SBD,B02BB01,B02BC30,,
1006120,sulfacetamide sodium 100 MG/ML Ophthalmic Solution,SCD,D10AB02,S01AB04,,
1747697,emtricitabine 200 MG / tenofovir alafenamide 25 MG Oral Tablet [Descovy],SBD,J05AF09|J05AF13,J05AR17,,
1807547,sodium chloride 4.5 MG/ML Injection,SCD,A12CA01|B05BB01|B05CB01|B05XA03|S01XA03,B05CB01|B05XA03,,
1790877,cholecalciferol 2500 UNT / folic acid 1 MG Oral Tablet,SCD,A11CC05|B03BB01,B03BB01,,
1807636,2 ML sodium chloride 9 MG/ML Injection,SCD,A12CA01|B05BB01|B05CB01|B05XA03|S01XA03,B05XA03,IMPROVED,B05XA03
1808194,phenylephrine hydrochloride 0.167 MG/ML / thonzylamine hydrochloride 1.67 MG/ML Oral Solution,SCD,R01AA04|S01FB01|S01XA20,R01BA53,,
1860139,20 ML potassium chloride 2 MEQ/ML Injection,SCD,A12BA01|B05XA01,A12BA01,,
1868494,250 ML nitroglycerin 0.4 MG/ML Injection,SCD,C01DA02|C05AE01,C01DA02,,
1869797,lidocaine 40 MG/ML Topical Spray,SCD,D04AB01|N01BB02|R02AD02,D04AB01,,
1939340,lidocaine hydrochloride 0.04 MG/MG / menthol 0.01 MG/MG Topical Gel [Lidozen],SBD,D04AB01|N01BB02|R02AD02,D04AB01,,
1870112,capsaicin 0.25 MG/ML / menthol 100 MG/ML / methyl salicylate 200 MG/ML Topical Lotion,SCD,N01BX04,M02AB01,,
1244576,chlorpheniramine maleate 4 MG / methscopolamine nitrate 2.5 MG Extended Release Oral Tablet,SCD,R06AB04,A03BB03|R06AB04,,
1244968,sodium chloride 35 MG/ML Inhalation Solution,SCD,A12CA01|B05BB01|B05CB01|B05XA03|S01XA03,,,
1247831,docusate calcium 60 MG / phenolphthalein 65 MG Oral Capsule [Docucal-P],SBD,A06AB04,A06AA02|A06AB04,,
1248057,phenylephrine hydrochloride 1 MG/ML / promethazine hydrochloride 1.25 MG/ML Oral Solution,SCD,R01AA04|R06AD02|S01FB01|S01XA20,R01BA53,,
1251355,aluminum hydroxide 6.33 MG/ML / magnesium carbonate 23.9 MG/ML Oral Suspension [Acid Gone],SBD,A02AB01,A02AD03,,
1293506,caffeine 100 MG / ergotamine tartrate 1 MG Oral Tablet [Cafergot],SBD,N02CA02|N02CA52|N06BC01,N02CA52,,
1293854,phenylephrine hydrochloride 0.0025 MG/MG / pramoxine hydrochloride 0.01 MG/MG Rectal Ointment [Hemorid Ointment],SBD,R01AA04|S01FB01|S01XA20,C05AD07|C05AX06,,
1293997,clioquinol 3 MG/ML / hydrocortisone 5 MG/ML / pramoxine hydrochloride 1 MG/ML Topical Cream,SCD,A01AC03|A07EA02|D07AA02|D07AB02|D07AB11|H02AB09|S01BA02,D04AB07|D07AA02|D08AH30,BOTH_WRONG,D04AB07|D07AA02|D08AH30
1297956,diphenhydramine hydrochloride 12.5 MG / phenylephrine hydrochloride 5 MG Chewable Tablet [Pediatex CT],SBD,D04AA32|R01AA04|R06AA02|S01FB01|S01XA20,R01BA53,,
1300288,histamine dihydrochloride 1 MG/ML / menthol 30 MG/ML Topical Cream,SCD,V04CG03,,,
1312265,lidocaine hydrochloride 40 MG/ML Topical Spray [Derma Numb],SBD,D04AB01|N01BB02|R02AD02,C05AD01|D04AB01,,
1314768,tobramycin 75 MG/ML Inhalation Solution [Bethkis],SBD,J01GB01|S01AA12,J01GB01,,
1362221,{1 (4000 MG) (hydrocortisone acetate 25 MG/ML / pramoxine hydrochloride 10 MG/ML Rectal Cream [Analpram HC]) / 1 (pramoxine hydrochloride 10 MG/ML Medicated Pad [Prax]) } Pack [Analpram E Kit with 1 Prax Medicated Pad],BPCK,A01AC03|A07EA02|D07AA02|D07AB02|D07AB11|H02AB09|S01BA02,C05AA01|C05AD07,,
1366794,lidocaine 50 MG/ML Rectal Cream [Dr. Numb],SBD,D04AB01|N01BB02|R02AD02,C05AD01,,
1368280,neomycin 2.5 MG/ML / nystatin 100000 UNT/ML / thiostrepton 2500 UNT/ML / triamcinolone acetonide 1 MG/ML Topical Cream,SCD,A01AB11|A01AC01|A07AA01|A07AA02|D01AA01|D06AX04|H02AB08|R01AD11|S01AA03,D01AA01|D06AX04|D07AB09|D07XB02,,
1372449,benzocaine 200 MG/ML Medicated Pad [Benz-O-Sthetic],SBD,C05AD03|D04AB04|R02AD01,C05AD03|D04AB04,,
1372890,hydrocortisone 0.01 MG/MG / phenol 0.005 MG/MG Topical Gel,SCD,A01AC03|A07EA02|D07AA02|D07AB02|D07AB11|D08AE03|H02AB09|S01BA02,C05AA01|C05BB05|D07AA02|D07AB02|D07AB11|D07AC16|D07XA01|D08AE03,,
1373142,lidocaine hydrochloride 0.04 MG/MG / menthol 0.01 MG/MG Topical Gel [Lenzagel],SBD,D04AB01|N01BB02|R02AD02,D04AB01,IMPROVED,D04AB01
1373137,lidocaine hydrochloride 0.04 MG/MG / menthol 0.01 MG/MG Topical Gel,SCD,D04AB01|N01BB02|R02AD02,D04AB01,,
1424008,benzoyl peroxide 30 MG/ML / salicylic acid 20 MG/ML / sulfur 20 MG/ML Medicated Shampoo,SCD,D10AB02|D10AE01,D01AE12|D10AB02|D10AE01,,
1428830,bacitracin 0.5 UNT/MG Topical Ointment [Baciguent],SBD,D06AX05|J01XX10|R02AB04,D06AX05,,
197960,hydrochlorothiazide 25 MG / methyldopa 250 MG Oral Tablet,SCD,C02AB01|C03AA03,C02LB01,,
1542981,acetaminophen 325 MG / hydrocodone bitartrate 2.5 MG Oral Tablet [Verdrocet],SBD,N02BE01|R05DA03,N02AJ22,,
1876729,{1 (35000 MG) (lanolin 0.155 MG/MG / petrolatum 0.534 MG/MG Topical Ointment) / 1 (35000 MG) (lidocaine 40 MG/ML Topical Cream) } Pack,GPCK,D04AB01|N01BB02|R02AD02,D04AB01,,
1251371,cetylpyridinium chloride 0.7 MG/ML Mouthwash [Crest Mouthwash],SBD,B05CA01|D08AJ03|D09AA07|R02AA06,R02AA06,,
1251788,cetylpyridinium chloride 0.5 MG/ML Mucous Membrane Topical Solution,SCD,B05CA01|D08AJ03|D09AA07|R02AA06,D08AJ03|D09AA07,,
1305902,"fibrinogen, human 115 MG/ML / thrombin, human 600 UNT/ML Topical Solution [Tisseel]",SBD,B05XA07,B02BB01|B02BC06|B02BD30,,
1367702,betamethasone 0.001 MG/MG / clotrimazole 0.01 MG/MG / gentamicin 0.003 MG/MG Otic Ointment [Vetromax],SBD,D01AC01|D06AX07|D07AC01|H02AB01|S01BA06|S03AA06|S03BA03,S03CA06,,
1373503,{7 (ethinyl estradiol 0.01 MG Oral Tablet) / 42 (ethinyl estradiol 0.02 MG / levonorgestrel 0.15 MG Oral Tablet) / 21 (ethinyl estradiol 0.025 MG / levonorgestrel 0.15 MG Oral Tablet) / 21 (ethinyl estradiol 0.03 MG / levonorgestrel 0.15 MG Oral Tablet) } Pack,GPCK,G03AA07|G03CA01,G03AB03,,
1424042,chloroxylenol 20 MG/ML / lidocaine 20 MG/ML Topical Cream,SCD,D08AE05,C05AD01|D04AB01|D08AE05,,
1427002,lidocaine hydrochloride 40 MG/ML Topical Cream [Lidostat],SBD,D04AB01|N01BB02|R02AD02,D04AB01,,
1552226,benzocaine hydrochloride 0.0127 MG/MG Topical Ointment [Dermawound Benzocaine],SBD,C05AD03|D04AB04|R02AD01,D04AB04,,
1308577,hydrocodone bitartrate 0.332 MG/ML / phenylephrine hydrochloride 1 MG/ML Oral Solution [Nalex DH],SBD,R05DA03,R05DA20,BOTH_WRONG,R05DA20
1251495,84 HR estradiol 0.00208 MG/HR / norethindrone acetate 0.00583 MG/HR Transdermal System [Combipatch],SBD,G03CA03,G03FA01,,
1363788,phenylephrine tannate 2.5 MG/ML / pyrilamine tannate 6 MG/ML Oral Suspension,SCD,R01AA04|S01FB01|S01XA20,R01BA03|R06AC01,,
1366116,bacitracin zinc 0.5 UNT/MG Topical Ointment,SCD,D06AX05|J01XX10|R02AB04,D06AX05,,
1375110,carbetapentane citrate 4 MG/ML / dexchlorpheniramine maleate 0.2 MG/ML / phenylephrine hydrochloride 2 MG/ML Oral Solution,SCD,R05DB05|R06AB02,R01BA03|R05DB05|R06AB02,,
1375107,dexamethasone sodium phosphate 4 MG/ML Injectable Solution [Hexadrol],SBD,H02AB02|S01BA01,A01AC02|C05AA09|H02AB02|S03BA01,,
1423319,Salicylic Acid 10 MG/ML Medicated Pad [Stridex Essential],SBD,D01AE12|N02BA04,D01AE12,,
198204,acetaminophen 250 MG / salicylamide 600 MG Oral Tablet,SCD,N02BA05|N02BE01,N02BE01,,
1596460,betamethasone 0.001 MG/MG / clotrimazole 0.01 MG/MG / gentamicin 0.003 MG/MG Otic Ointment [Remicin],SBD,D01AC01|D06AX07|D07AC01|H02AB01|S01BA06|S03AA06|S03BA03,S03CA06,,
1648217,ivermectin 0.0187 MG/MG / praziquantel 0.234 MG/MG Oral Paste [DuoCare],SBD,P02BA01,P02BA01|P02CF01,,
1652093,12 HR chlorpheniramine polistirex 0.8 MG/ML / codeine polistirex 4 MG/ML Extended Release Suspension [Tuzistra],SBD,R05DA04|R06AB04,R05DA04,,
1251276,methscopolamine nitrate 2.5 MG / pseudoephedrine hydrochloride 120 MG Oral Tablet [Allerx-D],SBD,R01BA02,A03BB03|R01BA02,,
1598039,benzalkonium chloride 0.5 MG/ML / benzyl alcohol 20 MG/ML Topical Spray [Petarmor Anti-Itch],SBD,P03AX06,D08AJ01|P03AX06,,
1245700,docusate calcium 60 MG / phenolphthalein 65 MG Oral Capsule,SCD,A06AB04,A06AA02|A06AB04,IMPROVED,A06AA02|A06AB04
1312713,aspirin 325 MG / caffeine 30 MG Oral Powder,SCD,N06BC01,N02BA51,,
1359242,ivermectin 0.136 MG / pyrantel 114 MG Chewable Tablet [PetTrust Plus],SBD,P02CC01,P02CC01|P02CF01,,
1358506,methylprednisolone acetate 0.0025 MG/MG Topical Ointment,SCD,H02AB04,D07AA01|D07AC14|D10AA02,,
1545036,{1 (133 ML) (benzoyl peroxide 44 MG/ML Medicated Liquid Soap [Benoxyl]) / 60 (doxycycline monohydrate 100 MG Oral Tablet) } Pack [Benoxyldoxy 60],BPCK,D10AE01,D10AE01|J01AA02,,
1604323,benzalkonium chloride 8.9 MG/ML Topical Foam,SCD,D08AJ01|D08AJ08|R02AA16,D08AJ01,,
1592764,dimethyl sulfoxide 900 MG/ML Topical Spray [Domoso],SBD,G04BX13|M02AX03,M02AX03,,
1535978,chlorpheniramine maleate 0.5 MG/ML / hydrocodone bitartrate 0.7 MG/ML / phenylephrine hydrochloride 2 MG/ML Oral Solution [Z-Cof HC],SBD,R05DA03|R06AB04,R01BA03|R05DA03|R06AB04,,
1542803,benzocaine 0.1 MG/MG Oral Gel [Zilactin B],SBD,R02AD01,N01BA05,,
672601,acetaminophen 250 MG / caffeine 32.5 MG / magnesium salicylate 310 MG Oral Tablet,SCD,N02BE01|N06BC01,N02BE01,,
645146,minoxidil 50 MG/ML Topical Foam,SCD,C02DC01|D11AX01,D11AX01,,
730976,carbetapentane tannate 4.5 MG/ML / pyrilamine tannate 2.4 MG/ML Oral Suspension [Pyrlex CB],SBD,R05DB05,R05DB05|R06AC01,,
749849,{21 (desogestrel 0.15 MG / ethinyl estradiol 0.03 MG Oral Tablet) / 7 (inert ingredients 1 MG Oral Tablet) } Pack [Ortho-Cept 28 Day],BPCK,G03AA09|G03AC09,G03AA09,,
756245,acetaminophen 21.7 MG/ML / butalbital 3.33 MG/ML / caffeine 2.67 MG/ML Oral Solution,SCD,N02BE01|N06BC01,N02BE01,,
904311,potassium chloride 0.4 MEQ / sodium chloride 7.69 MEQ Oral Tablet [Thermotabs],SBD,A12CA01|B05BB01|B05CB01|B05XA03|S01XA03,,,
308488,bacitracin 400 UNT/ML / hydrocortisone 10 MG/ML / neomycin 3.5 MG/ML / polymyxin B 10000 UNT/ML Ophthalmic Suspension,SCD,A01AC03|A07AA01|A07EA02|D06AX04|D07AA02|D07AB02|D07AB11|H02AB09|S01AA03|S01BA02,S01CA03,,
200141,glucose 50 MG/ML Oral Solution,SCD,B05BA03|V06DC01,V06DC01,,
756189,sulfisoxazole 100 MG/ML Oral Solution,SCD,J01EB05|S01AB02,J01EB05,IMPROVED,J01EB05
992795,dehydrocholic acid 200 MG / homatropine methylbromide 5 MG Oral Tablet,SCD,S01FA05,A03BB06,,
308636,benzethonium 5 MG/ML / benzocaine 136 MG/ML Topical Spray,SCD,R02AA09,D04AB04|D08AJ08,BOTH_WRONG,D04AB04|D08AJ08
309472,aspirin 325 MG / butalbital 50 MG / caffeine 40 MG / codeine 30 MG Oral Tablet,SCD,N06BC01|R05DA04,A01AD05|B01AC06|N02BA01|N06BC01|R05DA04,,
312515,potassium chloride 1.33 MEQ/ML Oral Solution,SCD,A12BA01|B05XA01,A12BA01,,
205352,chlorpheniramine maleate 4 MG / phenylephrine hydrochloride 10 MG / phenylpropanolamine hydrochloride 50 MG / pyrilamine maleate 25 MG Extended Release Oral Tablet,SCD,R01BA01|R06AB04,R01BA01|R01BA03|R06AB04|R06AC01,IMPROVED,R01BA01|R01BA03|R06AB04|R06AC01
313927,chlorpheniramine maleate 0.4 MG/ML / codeine phosphate 2 MG/ML / phenylephrine hydrochloride 2 MG/ML Oral Solution,SCD,R05DA04|R06AB04,R01BA03|R05DA04|R06AB04,,
797450,clindamycin 10 MG/ML Medicated Pad [Cleocin-T],SBD,D10AF01|J01FF01,D10AF01,,
762967,camphor 0.017 MG/MG / menthol 0.007 MG/MG / phenol 0.005 MG/MG / salicylic acid 0.005 MG/MG Topical Ointment,SCD,D01AE12|D08AE03|N02BA04,C05BB05|D01AE12|D08AE03,,
308715,betamethasone 0.5 MG/ML / clotrimazole 10 MG/ML Topical Lotion,SCD,D01AC01|D07AC01|H02AB01|S01BA06|S03BA03,D07XC01,,
310355,flumethiazide 400 MG / potassium chloride 5.4 MEQ / Rauwolfia serpentina (USP) 50 MG Delayed Release Oral Tablet,SCD,C02AA04,A12BA01|C02AA04|C02LA08,,
2049505,betamethasone 1 MG/ML / gentamicin 3 MG/ML Otic Solution [Vetaderm],SBD,D06AX07|D07AC01|H02AB01|S01BA06|S03AA06|S03BA03,S03CA06,,
206285,hydrocortisone 25 MG/ML Topical Lotion [Lacticare-HC],SBD,A01AC03|A07EA02|D07AA02|D07AB02|D07AB11|H02AB09|S01BA02,D07AA02,BOTH_WRONG,D07AA02
882548,clindamycin phosphate 0.012 MG/MG / tretinoin 0.00025 MG/MG Topical Gel,SCD,D10AD01|D10AF01|J01FF01|L01XX14,D10AD01,,
204874,hydrocortisone 10 MG/ML / neomycin 3.5 MG/ML / polymyxin B 10000 UNT/ML Ophthalmic Suspension,SCD,A01AC03|A07AA01|A07EA02|D06AX04|D07AA02|D07AB02|D07AB11|H02AB09|S01AA03|S01BA02,S01CA03,,
807839,phenylephrine hydrochloride 1.5 MG/ML / potassium guaiacolsulfonate 20 MG/ML Oral Solution [Lusonal Reformulated Oct 2008],SBD,R05CA09,R01BA03|R05CA09,,
978950,{5 (dienogest 2 MG / estradiol valerate 2 MG Oral Tablet) / 17 (dienogest 3 MG / estradiol valerate 2 MG Oral Tablet) / 2 (estradiol valerate 1 MG Oral Tablet) / 2 (estradiol valerate 3 MG Oral Tablet) / 2 (inert ingredients 1 MG Oral Tablet) } Pack [Natazia 28 Day],BPCK,G03CA03|G03DB08,G03AB08,,
628918,"estrogens, esterified (USP) 1.25 MG / methyltestosterone 2.5 MG Oral Tablet [EEMT]",SBD,G03BA02,G03BA02|G03EK01,,
756235,ferrous sulfate 44 MG/ML Oral Solution [Feosol],SBD,B03AA01|B03AA07,B03AA07,,
896976,hydrochlorothiazide 25 MG / labetalol hydrochloride 300 MG Oral Tablet,SCD,C03AA03|C07AG01,C07BG01,,
749857,{10 (ethinyl estradiol 0.035 MG / norethindrone 0.5 MG Oral Tablet) / 11 (ethinyl estradiol 0.035 MG / norethindrone 1 MG Oral Tablet) / 7 (inert ingredients 1 MG Oral Tablet) } Pack [Ortho-Novum 10/11 28 Day],BPCK,G03AA05,G03AB04,IMPROVED,G03AB04
797277,clindamycin 10 MG/ML Medicated Pad [Clindets],SBD,D10AF01|J01FF01,D10AF01,,
795727,aspirin 228 MG / caffeine 32.5 MG Oral Tablet,SCD,N06BC01,N02BA51,,
883748,alpha tocopherol 30 UNT / ascorbic acid 30 MG / docosahexaenoic acid 250 MG / eicosapentaenoic acid 0.625 MG / ferrous fumarate 83 MG / folic acid 1 MG / pyridoxine 25 MG / tricalcium phosphate 100 MG Oral Capsule,SCD,A11GA01|A11HA02|B03BB01,A11GA01|A11HA02|B03AA02|B03BB01,,
901649,dexamethasone 0.1 MG/ML Oral Solution [Baycadron],SBD,H02AB02,A01AC02|C05AA09|H02AB02|S03BA01,,
93462,netilmicin 100 MG/ML Injectable Solution [Netromycin],SBD,J01GB07|S01AA23,J01GB07,,
966623,200 ACTUAT beclomethasone dipropionate 0.04 MG/ACTUAT Metered Dose Inhaler,SCD,D07AC15|R01AD01,R03BA01,,
995064,chlorpheniramine maleate 0.2 MG/ML / codeine phosphate 1 MG/ML Oral Suspension [Zodryl AC],SBD,R05DA04|R06AB04,R05DA04,,
310882,hydrocortisone 5 MG/ML Ophthalmic Suspension,SCD,A01AC03|A07EA02|D07AA02|D07AB02|D07AB11|H02AB09|S01BA02,S01BA02,,
312570,povidone-iodine 50 MG/ML Ophthalmic Solution,SCD,D08AG02|D09AA09|D11AC06|G01AX11|R02AA15,S01AX18,,
313630,ascorbic acid 150 MG / copper sulfate 1 MG / ferrous fumarate 160 MG / folic acid 1.5 MG / vitamin B12 0.0075 MG Oral Tablet,SCD,A11GA01|B03BA01|B03BB01|V03AB20,A11GA01|B03AA02|B03BA01|B03BB01|V03AB20,,
730876,dexchlorpheniramine tannate 0.5 MG/ML / pseudoephedrine tannate 15 MG/ML / pyrilamine tannate 2.5 MG/ML Oral Suspension,SCD,R01BA02|R06AB02,R01BA52,,
706820,mineral oil 0.03 MG/MG / petrolatum 0.94 MG/MG Ophthalmic Ointment,SCD,A06AA01,S01XA20,,
749151,{12 (ethinyl estradiol 0.035 MG / norethindrone 0.5 MG Oral Tablet) / 9 (ethinyl estradiol 0.035 MG / norethindrone 1 MG Oral Tablet) / 7 (inert ingredients 1 MG Oral Tablet) } Pack [Tri-Norinyl 28 Day],BPCK,G03AA05,G03AB04,IMPROVED,G03AB04
895952,ferrous sulfate 840 MG/MG Topical Powder,SCD,B03AA01|B03AA07,,,
309699,dexamethasone 0.084 MG/ACTUAT Metered Dose Inhaler,SCD,H02AB02|S01BA01,R01AD03,,
309502,colistin 5 MG/ML Oral Suspension,SCD,A07AA10,A07AA10|J01XB01,,
2003123,guaifenesin 360 MG / pseudoephedrine hydrochloride 60 MG Oral Tablet,SCD,R01BA02|R05CA03,R05CA03,,
206359,hydrocortisone 10 MG/ML Topical Cream [Hydrocort cream],SBD,A01AC03|A07EA02|D07AA02|D07AB02|D07AB11|H02AB09|S01BA02,D07AA02|D07AB02|D07AB11,,
801417,alanine 2.1 MG/ML / arginine 2.9 MG/ML / calcium acetate 0.003 MEQ/ML / cysteine 0.2 MG/ML / glycerin 30 MG/ML / glycine 4.2 MG/ML / histidine 0.85 MG/ML / isoleucine 2.1 MG/ML / leucine 2.7 MG/ML / lysine 3.1 MG/ML / magnesium acetate 0.008 MEQ/ML / methionine 1.6 MG/ML / phenylalanine 1.7 MG/ML / phosphoric acid 0.41 MG/ML / potassium chloride 0.02 MEQ/ML / proline 3.4 MG/ML / serine 1.8 MG/ML / sodium acetate 0.025 MEQ/ML / sodium chloride 0.014 MEQ/ML / threonine 1.2 MG/ML / tryptophan 0.46 MG/ML / valine 2 MG/ML Injectable Solution [ProcalAmine 3],SBD,B05CX03|B05XA08|B05XB03|N06AX02|V03AB26|V03AE07,B05BA10,,
798447,0.5 ML Haemophilus influenzae b (Ross strain) capsular polysaccharide meningococcal protein conjugate vaccine 0.265 MG/ML Injection,SCD,J07BB01|J07BB02,J07AG01,,
992682,homatropine methylbromide 0.3 MG/ML / hydrocodone bitartrate 1 MG/ML Oral Solution [Hydropane],SBD,R05DA03|S01FA05,R05DA20,BOTH_WRONG,R05DA20
308369,aspirin 648 MG / butalbital 50 MG / caffeine 40 MG Oral Tablet,SCD,N06BC01,A01AD05|B01AC06|N02BA01|N06BC01,,
754869,caffeine 5 MG/ML / pheniramine maleate 2.66 MG/ML / phenylephrine hydrochloride 0.84 MG/ML / sodium salicylate 16.7 MG/ML Oral Solution [Scot Tussin Original],SBD,N06BC01,N02BA04|N02BA12|N06BC01|R01BA03|R06AB05,,
993111,ampicillin 20 MG/ML / sulbactam 10 MG/ML Injectable Solution [Unasyn],SBD,J01CG01,J01CA01|J01CG01,,
206726,lidocaine 25 MG/ML / prilocaine 25 MG/ML Topical Cream [EMLA],SBD,N01BB04,C05AD01|D04AB01,,
996097,dutasteride 0.5 MG / tamsulosin hydrochloride 0.4 MG Oral Capsule,SCD,G04CA02|G04CA52|G04CB02,G04CA52,,
999749,ascorbic acid 250 MG / ferrous fumarate 200 MG / folic acid 1 MG / vitamin B12 0.01 MG Oral Capsule [Hematogen],SBD,A11GA01|B03BA01|B03BB01,B03AE01,,
312769,ranitidine 0.5 MG/ML Injectable Solution,SCD,A02BA02,A02BA02|A02BA07,,
204675,chlorpheniramine maleate 8 MG / methscopolamine nitrate 2.5 MG / phenylpropanolamine hydrochloride 75 MG Oral Capsule,SCD,R01BA01|R06AB04,A03BB03|R01BA01|R06AB04,,
315096,ethinyl estradiol 0.05 MG / ethynodiol diacetate 1 MG Oral Tablet,SCD,G03DC06,G03AA01|G03DC06,,
827757,acetaminophen 21.7 MG/ML / guaifenesin 13.3 MG/ML / phenylephrine hydrochloride 0.333 MG/ML Oral Solution,SCD,N02BE01|R05CA03,R05CA03,,
847628,calcium chloride 0.2 MG/ML / potassium chloride 0.3 MG/ML / sodium chloride 6 MG/ML / sodium lactate 3.1 MG/ML Irrigation Solution,SCD,A12CA01|B05BB01|B05CB01|B05XA03|B05XA07|G01AD01|S01XA03,,,
2107511,capsaicin 0.00025 MG/MG / lidocaine 0.04 MG/MG / menthol 0.05 MG/MG / methyl salicylate 0.2 MG/MG Medicated Patch,SCD,D04AB01|N01BB02|N01BX04|R02AD02,D04AB01|M02AB01,,
211641,aluminum hydroxide 100 MG/ML / magnesium hydroxide 90 MG/ML / simethicone 8 MG/ML Oral Suspension [Maalox Plus],SBD,A02AB01,A02AA04|A02AB01|A02AB02|G04BX01,,
211747,povidone-iodine 75 MG/ML Medicated Liquid Soap,SCD,D08AG02|D09AA09|D11AC06|G01AX11|R02AA15,D08AG02,,
212567,hydrocortisone 10 MG/ML Topical Spray [Cortizone],SBD,A01AC03|A07EA02|D07AA02|D07AB02|D07AB11|H02AB09|S01BA02,D07AA02,,
2168270,1 ML fentanyl 0.05 MG/ML Injection,SCD,N01AH01|N02AB03,N01AH01,,
2183700,chlorpheniramine maleate 4 MG / pseudoephedrine hydrochloride 60 MG Oral Capsule,SCD,R01BA02|R06AB04,R01BA02,,
1091600,salicylic acid 20 MG/ML Topical Cream [Acpuris Intensive Spot Treatment],SBD,D01AE12|N02BA04,D01AE12,,
1099719,pseudoephedrine hydrochloride 30 MG / triprolidine hydrochloride 1.25 MG Oral Tablet,SCD,R01BA02|R06AX07,R01BA02,,
1101385,tetrahydrozoline hydrochloride 0.5 MG/ML Ophthalmic Solution [Tetrasine],SBD,R01AA06|R01AB03|S01GA02,S01GA02,,
210073,salicylic acid 170 MG/ML Topical Solution [Duofilm],SBD,D01AE12|N02BA04,D01AE12,,
213109,capsaicin 0.33 MG/ML Topical Cream [Zostrix],SBD,N01BX04,M02AB01,,
2183676,chlorpheniramine tannate 1 MG/ML / pseudoephedrine tannate 15 MG/ML Oral Suspension,SCD,R01BA02|R06AB04,R01BA52,,
1113064,chlorcyclizine hydrochloride 5 MG/ML / codeine phosphate 2 MG/ML / phenylephrine hydrochloride 2 MG/ML Oral Solution [Nasotuss],SBD,R05DA04|R06AE04,R01BA03|R05DA04|R06AE04,,
1113392,codeine phosphate 2 MG/ML / phenylephrine hydrochloride 1 MG/ML / promethazine hydrochloride 1.25 MG/ML Oral Solution [Phenergan VC with Codeine],SBD,R05DA04,R01BA03|R05DA04|R06AD02,,
1115016,{9 (Once-Daily gabapentin 300 MG Oral Tablet [Gralise]) / 69 (Once-Daily gabapentin 600 MG Oral Tablet [Gralise]) } Pack [Gralise Starter Pack],BPCK,N03AX12,N02BF01,,
1116107,chlorhexidine gluconate 20 MG/ML / miconazole nitrate 20 MG/ML Medicated Shampoo,SCD,A01AB03|A01AB09|D01AC02|D08AC02|G01AF04|R02AA05,D01AC02|D08AC02,,
1117564,benzalkonium chloride 1.25 MG/ML Topical Solution,SCD,D08AJ01|D08AJ08|R02AA16,D08AJ01,,
1190817,atropine sulfate 20 MG/ML Ophthalmic Solution,SCD,A03BA01|S01FA01,S01FA01,,
1192981,benzocaine 5 MG/ML / docusate sodium 70.8 MG/ML Enema,SCD,A06AA02|C05AD03|D04AB04|R02AD01,A06AA02|C05AD03,,
616785,benzocaine 0.02 MG/MG / isopropyl alcohol 0.44 ML/ML / menthol 0.04 MG/MG Topical Gel,SCD,D08AX05,C05AD03|D04AB04|D08AX05,,
1000126,1 ML medroxyprogesterone acetate 150 MG/ML Injection,SCD,G03DA02,L02AB02,,
1037245,carbetapentane citrate 4 MG/ML / guaifenesin 20 MG/ML / phenylephrine hydrochloride 3 MG/ML Oral Solution,SCD,R05CA03|R05DB05,R01BA03|R05CA03|R05DB05,,
1038795,benzalkonium chloride 1 MG/ML Topical Solution [Clean Force],SBD,D08AJ01|D08AJ08|R02AA16,D08AJ01,,
1085691,triamcinolone diacetate 25 MG/ML Injectable Suspension [Aristocort],SBD,A01AC01|H02AB08|R01AD11,H02AB08,BOTH_WRONG,H02AB08
237867,calcium carbonate 420 MG / simethicone 21 MG Chewable Tablet,SCD,A03AX13|A12AA04,A02AF02,,
243450,aluminum hydroxide 80 MG/ML Oral Suspension,SCD,A02AB01,A02AB01|A02AB02,,
248113,vidarabine 200 MG/ML Injectable Solution,SCD,J05AB03|S01AD06,J05AB03,,
260126,prednisolone 40 MG/ML Injectable Solution,SCD,A07EA01|H02AB06|S01BA04|S03BA02,A07EA01|H02AB06|S03BA02,,
260405,prednisolone 20 MG/ML Injectable Solution [Hydeltrasol],SBD,A07EA01|H02AB06|S01BA04|S03BA02,A01AC04|A07EA01|C05AA04|H02AB06|S03BA02,,
1659147,sodium bicarbonate 1170 MG / tartaric acid 1050 MG Granules for Oral Solution [Brioschi],SBD,B05CB04|B05XA02,B05CB04,,
213499,hydrogen peroxide 15 MG/ML Mucous Membrane Topical Solution [Peroxyl],SBD,A01AB02|D08AX01,A01AB02,,
1112703,cetylpyridinium chloride 0.45 MG/ML Topical Spray [Rocco's Old School],SBD,B05CA01|D08AJ03|D09AA07|R02AA06,D08AJ03|D09AA07,,
606786,benzoyl peroxide 0.06 MG/MG / sulfur 0.03 MG/MG Topical Gel [NuOx],SBD,D10AB02|D10AE01,D10AE51,,
858871,chlorpheniramine maleate 0.4 MG/ML / hydrocodone bitartrate 0.5 MG/ML / phenylephrine hydrochloride 1 MG/ML Oral Solution [Uni Tuss HC],SBD,R05DA03|R06AB04,R01BA03|R05DA03|R06AB04,,
1045558,pheniramine maleate 0.8 MG/ML / phenylpropanolamine hydrochloride 2.5 MG/ML / phenyltoloxamine citrate 0.8 MG/ML / pyrilamine maleate 0.8 MG/ML Oral Solution [Poly Histine D],SBD,R01BA01,R01BA01|R06AB05|R06AC01,,
1046529,benzalkonium chloride 25 MG/ML Medicated Liquid Soap,SCD,D08AJ01|D08AJ08|R02AA16,D08AJ01,,
1085785,triamcinolone acetonide 1 MG/ML Topical Cream [Zytopic],SBD,A01AC01|H02AB08|R01AD11,D07AB09,BOTH_WRONG,D07AB09
239202,kanamycin 37.5 MG/ML Injectable Solution,SCD,A07AA08|J01GB04|S01AA24,A07AA08|J01GB04,,
1092591,chloroxylenol 3 MG/ML / ketoconazole 3 MG/ML Topical Spray [Pharmaseb],SBD,D08AE05,D01AC08|D08AE05,,
1037336,pheniramine maleate 16 MG / phenylpropanolamine hydrochloride 50 MG / phenyltoloxamine citrate 16 MG / pyrilamine maleate 16 MG Extended Release Oral Capsule [Delhistine D],SBD,R01BA01,R01BA01|R06AB05|R06AC01,,
241514,tobramycin 1.6 MG/ML Injectable Solution,SCD,J01GB01|S01AA12,J01GB01,,
1116277,ephedrine sulfate 4 MG/ML Oral Solution,SCD,R01AA03|R03CA02,C01CA26|R03CA02,,
1049568,ethanol 0.61 ML/ML Topical Lotion,SCD,D08AX08|V03AB16|V03AZ01,D08AX08,,
1050789,salicylic acid 20 MG/ML Medicated Liquid Soap [Olay Acne Control],SBD,D01AE12|N02BA04,D01AE12,,
1049882,diphenhydramine hydrochloride 0.02 MG/MG Topical Gel [Benadryl],SBD,D04AA32|R06AA02,D04AA32,,
828367,pramoxine hydrochloride 10 MG/ML Rectal Foam [Proctofoam],SBD,C05AD07|D04AB07,C05AD07,,
804186,"0.5 ML measles virus vaccine live, Enders' attenuated Edmonston strain 2000 UNT/ML / mumps virus vaccine live, Jeryl Lynn strain 25000 UNT/ML / rubella virus vaccine live (Wistar RA 27-3 strain) 2000 UNT/ML Injection [M-M-R II]",SBD,J07BD01|J07BJ01,J07BD52,,
836374,ipratropium bromide 0.2 MG/ML Inhalation Solution [Atrovent],SBD,R01AX03,R03BB01,,
213540,betamethasone 0.5 MG/ML Topical Cream [Betanate],SBD,D07AC01|H02AB01|S01BA06|S03BA03,D07AC01,,
2166129,diphenhydramine hydrochloride 0.833 MG/ML / phenylephrine hydrochloride 0.333 MG/ML Oral Solution,SCD,D04AA32|R01AA04|R06AA02|S01FB01|S01XA20,R01BA53,,
310311,ferrous fumarate 250 MG / folic acid 1 MG Oral Tablet,SCD,B03BB01,B03AA02|B03BB01,,
313322,thiabendazole 100 MG/ML Oral Suspension,SCD,D01AC06|P02CA02,P02CA02,,
834206,chlorhexidine gluconate 200 MG/ML Topical Solution,SCD,A01AB03|D08AC02|R02AA05,D08AC02,,
857366,econazole nitrate 10 MG/ML Topical Cream,SCD,D01AC03|G01AF05,D01AC03,,
857748,chlorpheniramine maleate 0.4 MG/ML / hydrocodone bitartrate 0.334 MG/ML / phenylephrine hydrochloride 1 MG/ML Oral Solution [Endagen-HD],SBD,R05DA03|R06AB04,R01BA03|R05DA03|R06AB04,,
208334,tretinoin 0.0001 MG/MG Topical Gel [Retin-A],SBD,D10AD01|L01XX14,D10AD01,IMPROVED,D10AD01
209769,bacitracin 0.4 UNT/MG / neomycin 0.0035 MG/MG / polymyxin B 5 UNT/MG Topical Ointment [Mycitracin Triple Antibiotic],SBD,A07AA01|D06AX04|S01AA03,D06AX04|D06AX05,,
1095271,hydrogen peroxide 0.017 MG/MG Oral Gel,SCD,A01AB02|D08AX01,A01AB02,,
1101425,tetrahydrozoline hydrochloride 0.5 MG/ML Ophthalmic Solution [Eye-Sine],SBD,R01AA06|R01AB03|S01GA02,S01GA02,,
1145624,dexamethasone sodium phosphate 1 MG/ML Otic Solution,SCD,H02AB02|S01BA01,S02BA06|S03BA01,,
1005860,sulfacetamide sodium 100 MG/ML / sulfur 50 MG/ML Topical Lotion [Novacet],SBD,D10AB02,D10AB02|D10AF06,,
1006707,sulfacetamide sodium 100 MG/ML Ophthalmic Solution [Sulfac],SBD,D10AB02,S01AB04,,
1012943,carbinoxamine maleate 0.8 MG/ML / hydrocodone bitartrate 1 MG/ML / phenylephrine hydrochloride 1.6 MG/ML Oral Solution,SCD,R05DA03|R06AA08,R01BA03|R05DA03|R06AA08,,
244496,dibucaine 5 MG/ML / hydrocortisone 5 MG/ML Topical Cream,SCD,A01AC03|A07EA02|C05AD04|D07AA02|D07AB02|D07AB11|H02AB09|S01BA02,D04AB02|D07AA02,,
248341,benzocaine 200 MG/ML / resorcinol 30 MG/ML Topical Cream,SCD,C05AD03|D04AB04|R02AD01,D04AB04,,
307753,aluminum hydroxide 260 MG / magnesium hydroxide 130 MG / magnesium trisilicate 455 MG Chewable Tablet,SCD,A02AB01,A02AD01,,
1667909,1 ML isoproterenol hydrochloride 0.2 MG/ML Injection,SCD,C01CA02|R03AB02|R03CB01,C01CA02,,
1116155,menthol 10 MG/ML / pramoxine hydrochloride 10 MG/ML Topical Cream,SCD,C05AD07|D04AB07,D04AB07,,
1006688,sulfacetamide sodium 100 MG/ML Topical Lotion,SCD,D10AB02,D10AF06,,
1048336,"hyoscyamine sulfate 0.12 MG / methenamine 81 MG / methylene blue 10.8 MG / phenyl salicylate 32.4 MG / sodium phosphate, monobasic 40.8 MG Oral Tablet",SCD,A03BA03|G04BX12|J01XX05,G04BX12,,
544743,ciclopirox 10 MG/ML Medicated Shampoo [Loprox],SBD,D01AE14|G01AX12,D01AE14,,
1011093,2 ML lidocaine hydrochloride 50 MG/ML Injection,SCD,D04AB01|N01BB02|R02AD02,C01BB01,,
1037288,pheniramine maleate 8 MG / phenylpropanolamine hydrochloride 25 MG / phenyltoloxamine citrate 8 MG / pyrilamine maleate 8 MG Extended Release Oral Capsule [Delhistine D],SBD,R01BA01,R01BA01|R06AB05|R06AC01,,
1046924,atropine sulfate 0.00388 MG/ML / hyoscyamine sulfate 0.0207 MG/ML / phenobarbital 3.24 MG/ML / scopolamine hydrobromide 0.0013 MG/ML Oral Solution [Donnatal],SBD,A03BA03|N03AA02,A03CB02,,
1047795,"hyoscyamine sulfate 0.12 MG / methenamine 81.6 MG / methylene blue 10.8 MG / phenyl salicylate 36.2 MG / sodium phosphate, monobasic 40.8 MG Oral Tablet [Utira]",SBD,A03BA03|G04BX12|J01XX05,G04BX12,,
243774,droperidol 2.5 MG/ML / fentanyl 0.05 MG/ML Injectable Solution,SCD,N05AD08,N01AH51,,
244542,salicylic acid 22.5 MG/ML / sulfur 80 MG/ML Topical Lotion,SCD,D10AB02,D02AF|D10AB02,,
259191,folic acid 0.8 MG / vitamin B12 0.1 MG / vitamin B6 50 MG Oral Tablet,SCD,B03BA01|B03BB01,A11HA02|B03BA01|B03BB01,,
1737345,50 ML lidocaine hydrochloride 5 MG/ML Injection [Xylocaine],SBD,D04AB01|N01BB02|R02AD02,C01BB01,,
1234566,phenylephrine hydrochloride 10 MG/ML Nasal Solution [Neo-Synephrine],SBD,R01AA04|S01FB01|S01XA20,R01AA04,,
416910,salicylic acid 30 MG/ML Topical Cream,SCD,D01AE12|N02BA04,D02AF,,
244967,polymyxin B 10000 UNT/ML / trimethoprim 1 MG/ML Ophthalmic Solution,SCD,J01EA01,S01AA30,,
1667684,benzethonium chloride 0.8 MG/ML / chlorhexidine gluconate 1 MG/ML Medicated Pad,SCD,R02AA09,D08AC02|D08AJ08,,
1728301,capsaicin 0.000375 MG/MG / lidocaine 0.005 MG/MG / menthol 0.05 MG/MG / methyl salicylate 0.02 MG/MG Medicated Patch,SCD,D04AB01|N01BB02|N01BX04|R02AD02,D04AB01|M02AC,,
1037347,pheniramine maleate 8 MG / phenyltoloxamine citrate 8 MG / pseudoephedrine hydrochloride 40 MG / pyrilamine maleate 8 MG Extended Release Oral Capsule [Quadra-Hist-D Ped Reformulated Mar 2009],SBD,R01BA02,R01BA02|R06AB05|R06AC01,,
1798297,chlorhexidine gluconate 20 MG/ML / ketoconazole 10 MG/ML Medicated Pad,SCD,A01AB03|D01AC08|D08AC02|J02AB02|R02AA05,D01AC08|D08AC02,,
1805285,chlorhexidine gluconate 20 MG/ML / ketoconazole 10 MG/ML Topical Lotion,SCD,A01AB03|D01AC08|D08AC02|J02AB02|R02AA05,D01AC08|D08AC02,,
310759,hexachlorophene 5 MG/ML / hydrocortisone 5 MG/ML / menthol 1.25 MG/ML Topical Cream,SCD,D08AE01,D07BA04,,
311415,magaldrate 108 MG/ML / simethicone 8 MG/ML Oral Suspension,SCD,A02AD02,A02AF01,,
996584,codeine phosphate 2 MG/ML / phenylephrine hydrochloride 1 MG/ML / pyrilamine maleate 1 MG/ML Oral Solution [Zotex C],SBD,R05DA04,R01BA03|R05DA04|R06AC01,,
314982,ascorbic acid 60 MG / ferrous fumarate 200 MG / vitamin B12 0.005 MG Extended Release Oral Capsule,SCD,A11GA01|B03BA01,A11GA01|B03AA02|B03BA01,,
1236048,diphenhydramine hydrochloride 1.25 MG/ML / phenylephrine hydrochloride 0.5 MG/ML Oral Solution,SCD,D04AA32|R01AA04|R06AA02|S01FB01|S01XA20,R01BA53,,
208424,sodium hyaluronate 10 MG/ML Injectable Solution [Healon],SBD,M09AX01,S01KA01,,
2183672,chlorpheniramine tannate 0.8 MG/ML / phenylephrine tannate 4 MG/ML Oral Suspension,SCD,R06AB04,R01BA03|R06AB04,,
237210,papaverine hydrochloride 30 MG/ML Injectable Solution,SCD,G04BE02,A03AD01,,
208330,tretinoin 0.5 MG/ML Topical Cream [Retin-A],SBD,D10AD01|L01XX14,D10AD01,,
603711,carbetapentane tannate 6 MG/ML / phenylephrine tannate 6 MG/ML Extended Release Suspension,SCD,R05DB05,R01BA03|R05DB05,,
857131,acetaminophen 400 MG / hydrocodone bitartrate 5 MG Oral Tablet,SCD,N02BE01|R05DA03,N02AJ22,,
1006116,sulfacetamide sodium 100 MG/ML Medicated Pad,SCD,D10AB02,D10AF06,,
1006693,sulfacetamide sodium 100 MG/ML Topical Lotion [Klaron],SBD,D10AB02,D10AF06,,
1012764,carbinoxamine maleate 8 MG / phenylephrine hydrochloride 40 MG Extended Release Oral Tablet,SCD,R06AA08,R01BA03|R06AA08,,
1047771,pseudoephedrine hydrochloride 6 MG/ML / pyrilamine maleate 4 MG/ML Oral Solution [Viravan-P],SBD,R01BA02,R01BA02|R06AC01,,
1668248,50 ML calcium gluconate 100 MG/ML Injection,SCD,A12AA03,B05XA19,,
1005856,sulfacetamide sodium 100 MG/ML / sulfur 50 MG/ML Topical Lotion,SCD,D10AB02,D10AF06,,
240984,ampicillin 100 MG/ML / sulbactam 50 MG/ML Injectable Solution,SCD,J01CG01,J01CR04,,
1807511,100 ML vancomycin 5 MG/ML Injection,SCD,A07AA09,J01XA01,,
1807551,500 ML sodium chloride 4.5 MG/ML Injection,SCD,A12CA01|B05BB01|B05CB01|B05XA03|S01XA03,B05XA03,,
1863986,500 ML glucose 50 MG/ML / potassium chloride 0.02 MEQ/ML / sodium chloride 3 MG/ML Injection,SCD,A12CA01|B05BA03|B05BB01|B05CB01|B05XA03|S01XA03|V06DC01,B05BB02,,
1868486,50 ML sodium bicarbonate 84 MG/ML Injection,SCD,B05CB04|B05XA02,B05XA02,,
1245230,chlorhexidine gluconate 20 MG/ML Medicated Liquid Soap,SCD,A01AB03|D08AC02|R02AA05,D08AC02,,
1251398,sodium chloride 6.5 MG/ML Nasal Spray [Ocean brand of sodium chloride],SBD,A12CA01|B05BB01|B05CB01|B05XA03|S01XA03,R01AX10,,
1293628,1.8 ML epinephrine 0.01 MG/ML / lidocaine hydrochloride 20 MG/ML Cartridge,SCD,C01CA24|D04AB01|N01BB02|R02AD02|S01EA01,N01BB52,,
1294196,Diphenhydramine Hydrochloride 1.25 MG/ML / Phenylephrine Hydrochloride 0.5 MG/ML Oral Solution [Triaminic Night Time Cold & Cough],SBD,D04AA32|R01AA04|R06AA02|S01FB01|S01XA20,R01BA53,,
1297549,carbetapentane tannate 6 MG/ML / diphenhydramine tannate 5 MG/ML / phenylephrine tannate 1.5 MG/ML Extended Release Suspension [Dytan-CS],SBD,R05DB05,R01BA03|R05DB05|R06AA02,,
1363509,brompheniramine maleate 2 MG / phenylephrine hydrochloride 5 MG Oral Tablet,SCD,R06AB01,R01BA03|R06AB01,,
1490668,120 ACTUAT beclomethasone dipropionate 0.08 MG/ACTUAT Metered Dose Inhaler [Qvar],SBD,D07AC15|R01AD01,R03BA01,,
1492387,calcium carbonate 750 MG / simethicone 80 MG Chewable Tablet,SCD,A03AX13|A12AA04,A02AC01|A03AX13,,
1541630,brompheniramine maleate 0.8 MG/ML / codeine phosphate 2 MG/ML / phenylephrine hydrochloride 2 MG/ML Oral Solution,SCD,R05DA04|R06AB01,R05DA04,,
1542796,hydrocortisone acetate 0.02 MG/MG Topical Gel,SCD,A01AC03|A07EA02|D07AA02|D07AB02|D07AB11|H02AB09|S01BA02,D07AA02,,
1547648,salicylic acid 19 MG/ML Medicated Pad [Clearasil Ultra 5 in 1],SBD,D01AE12|N02BA04,D02AF,,
1549433,chlorhexidine gluconate 5 MG/ML Topical Spray [Kenocidin],SBD,A01AB03|D08AC02|R02AA05,D08AC02,,
1542798,hydrocortisone acetate 0.02 MG/MG Topical Gel [CortAlo],SBD,A01AC03|A07EA02|D07AA02|D07AB02|D07AB11|H02AB09|S01BA02,D07AA02,,
1549317,prednisolone acetate 1.25 MG/ML Ophthalmic Suspension [Econopred],SBD,A07EA01|H02AB06|S01BA04|S03BA02,S01BA04|S03BA02,,
1235456,aluminum magnesium silicate 200 MG / magnesium hydroxide 60 MG / simethicone 20 MG Oral Tablet [Inon Ace Tablet],SBD,A02AD05,A02AF02,,
1247445,fluorescein sodium 2.5 MG/ML / proparacaine hydrochloride 5 MG/ML Ophthalmic Solution,SCD,S01HA04|S01JA01,S01JA01,,
1293487,chlorpheniramine tannate 9 MG / phenylephrine tannate 25 MG Oral Tablet,SCD,R06AB04,R01BA53,,
1293651,glycerin 144 MG/ML / petrolatum 150 MG/ML / phenylephrine hydrochloride 2.5 MG/ML / pramoxine hydrochloride 10 MG/ML Rectal Cream [Preparation H Cream],SBD,A06AX01|R01AA04|S01FB01|S01XA20,A06AX01,,
1294026,pramoxine hydrochloride 0.01 MG/MG Topical Gel,SCD,C05AD07|D04AB07,D04AB07,,
1294024,hydrocortisone acetate 10 MG/ML / pramoxine hydrochloride 10 MG/ML Topical Spray,SCD,A01AC03|A07EA02|D07AA02|D07AB02|D07AB11|H02AB09|S01BA02,D07XA01,,
1369971,chlophedianol hydrochloride 6.25 MG/ML / dexchlorpheniramine maleate 0.5 MG/ML / pseudoephedrine hydrochloride 15 MG/ML Oral Solution,SCD,R01BA02|R05DB10|R06AB02,R05DB10,,
1421626,Salicylic Acid 0.005 MG/MG Topical Gel [Proactiv Solution Blackhead Dissolving],SBD,D01AE12|N02BA04,D02AF,,
1437295,undecylenic acid 200 MG/ML Topical Solution,SCD,D01AE04|D01AE20,D01AE04,,
1491562,miconazole nitrate 20 MG/ML Topical Cream [Clearly Confident],SBD,A01AB09|D01AC02|G01AF04,D01AC02,,
1545789,benzalkonium chloride 1.3 MG/ML / benzocaine 75 MG/ML Topical Solution [Viroxyn],SBD,C05AD03|D04AB04|D08AJ01|D08AJ08|R02AA16|R02AD01,C05AD03|D04AB04|D08AJ01,,
1547928,phenylephrine hydrochloride 1.2 MG/ML Ophthalmic Solution [Prefrin],SBD,S01XA20,S01FB01|S01GA05,,
1356073,hydrogen peroxide 10 MG/ML Topical Solution [ActiveOxy],SBD,A01AB02|D08AX01,D08AX01,,
1543162,tetracaine hydrochloride 0.02 MG/MG Topical Gel,SCD,C05AD02|D04AB06|N01BA03|S01HA03,D04AB06,,
1606483,clioquinol 10 MG/ML / hydrocortisone 10 MG/ML Rectal Cream,SCD,A01AC03|A07EA02|D07AA02|D07AB02|D07AB11|H02AB09|S01BA02,C05AA01,,
197670,"estrogens, esterified (USP) 1.25 MG / methyltestosterone 2.5 MG Oral Tablet",SCD,G03BA02,G03EA01,,
1599169,salicylic acid 5 MG/ML Medicated Liquid Soap [Benzac Acne Solutions],SBD,D01AE12|N02BA04,D02AF,,
1875468,cetylpyridinium chloride 0.005 MG/MG / sodium fluoride 0.0021 MG/MG Toothpaste,SCD,A01AA01,A01AA01|R02AA06,,
1298275,{1 (40 ML) (benzoyl peroxide 25 MG/ML Topical Lotion) / 1 (150 ML) (salicylic acid 5 MG/ML Medicated Liquid Soap) } Pack,GPCK,D10AE01,D02AF|D10AE01,,
1442442,calcium carbonate 1500 MG / cholecalciferol 800 UNT Chewable Tablet,SCD,A11CC05,A11CC05|A12AA04,,
1494826,sulfacetamide sodium 98 MG/ML / sulfur 48 MG/ML Topical Cream [Plexion],SBD,D10AB02,D10AF06,,
1595989,allantoin 0.02 MG/MG / lidocaine 0.05 MG/MG / petrolatum 0.3 MG/MG Medicated Patch,SCD,D04AB01|N01BB02|R02AD02,N01BB02,,
1604331,tolazoline 100 MG/ML Injectable Solution [Tolazine],SBD,C04AB02|M02AX02,C04AB02,,
1608264,capsaicin 0.000375 MG/MG / lidocaine 0.01 MG/MG / menthol 0.05 MG/MG Medicated Patch [Silvera],SBD,D04AB01|N01BB02|N01BX04|R02AD02,D04AB01|M02AB01,,
1596010,camphor 0.03 MG/MG / capsaicin 0.00025 MG/MG / menthol 0.0125 MG/MG Medicated Patch,SCD,N01BX04,M02AB01,,
646333,capsaicin 1 MG/ML Topical Cream,SCD,N01BX04,M02AB01,,
644134,brompheniramine maleate 1.2 MG/ML / carbetapentane citrate 5 MG/ML / phenylephrine hydrochloride 2 MG/ML Oral Suspension,SCD,R05DB05|R06AB01,R01BA03|R05DB05|R06AB01,,
797807,hydrocortisone 5 MG/ML Medicated Pad,SCD,A01AC03|A07EA02|D07AA02|D07AB02|D07AB11|H02AB09|S01BA02,D07AA02,,
795618,salicylic acid 6 MG/ML Medicated Liquid Soap,SCD,D01AE12|N02BA04,D02AF,,
800438,alanine 10.4 MG/ML / arginine 5.75 MG/ML / glucose 150 MG/ML / glycine 5.15 MG/ML / histidine 2.4 MG/ML / isoleucine 3 MG/ML / leucine 3.65 MG/ML / lysine 2.9 MG/ML / methionine 2 MG/ML / phenylalanine 2.8 MG/ML / proline 3.4 MG/ML / serine 2.5 MG/ML / threonine 2.1 MG/ML / tryptophan 0.9 MG/ML / tyrosine 0.2 MG/ML / valine 290 MG/ML Injectable Solution [Clinimix 5/15],SBD,B05CX03|B05XB03|N06AX02|V03AB26,B05BA10,,
899217,chlorhexidine gluconate 1 MG/ML Medicated Pad,SCD,A01AB03|D08AC02|R02AA05,D08AC02,,
308662,benzocaine 45 MG/ML Topical Spray,SCD,C05AD03|D04AB04|R02AD01,D04AB04,,
310680,hydrocortisone 1 MG/ML / neomycin 3.5 MG/ML / polymyxin B 10000 UNT/ML Ophthalmic Suspension,SCD,A01AC03|A07AA01|A07EA02|D06AX04|D07AA02|D07AB02|D07AB11|H02AB09|S01AA03|S01BA02,S01CA03,,
311359,ethinyl estradiol 0.03 MG / norgestrel 0.3 MG Oral Tablet,SCD,G03CA01,G03AA06,,
751885,{21 (ethinyl estradiol 0.02 MG / levonorgestrel 0.1 MG Oral Tablet) / 7 (inert ingredients 1 MG Oral Tablet) } Pack [Lessina 28 Day],BPCK,G03AC03|G03CA01,G03AA07,,
905139,ivermectin 10 MG/ML Injectable Solution [Vetrimec],SBD,D11AX22|P02CF01,P02CF01,,
978033,ivermectin 5 MG/ML Topical Solution [Noromectin],SBD,D11AX22|P02CF01,D11AX22,,
308513,bacitracin 0.5 UNT/MG / polymyxin B 10 UNT/MG Topical Powder,SCD,A07AA05|D06AX05|J01XB02|J01XX10|R02AB04|S01AA18|S02AA11|S03AA03,D06AX05,,
310857,hydrocortisone 2.5 MG/ML / neomycin 5 MG/ML Topical Cream,SCD,A01AC03|A07AA01|A07EA02|D06AX04|D07AA02|D07AB02|D07AB11|H02AB09|S01AA03|S01BA02,D07CA01,,
995483,codeine phosphate 2 MG/ML / guaifenesin 40 MG/ML Oral Solution,SCD,R05CA03|R05DA04,R05FA02,,
797463,ascorbic acid 80 MG / biotin 0.03 MG / calcium carbonate 200 MG / cupric oxide 3 MG / ferrous fumarate 60 MG / folic acid 1 MG / magnesium oxide 100 MG / niacinamide 17 MG / pantothenic acid 7 MG / riboflavin 1.6 MG / thiamine 1.5 MG / vitamin A 4000 UNT / vitamin B12 0.0025 MG / vitamin B6 4 MG / vitamin E 400 UNT / zinc oxide 25 MG Oral Tablet,SCD,A11CA01|A11DA01|A11GA01|A11HA01|A11HA03|A11HA04|A11HA05|B03BA01|B03BB01,B03AE04,,
800298,alanine 7.7 MG/ML / arginine 6 MG/ML / cysteine 0.2 MG/ML / glycine 9 MG/ML / histidine 2.4 MG/ML / isoleucine 9 MG/ML / leucine 11 MG/ML / lysine 6.1 MG/ML / methionine 1 MG/ML / phenylalanine 1 MG/ML / phosphoric acid 1 MG/ML / proline 8 MG/ML / serine 5 MG/ML / threonine 4.5 MG/ML / tryptophan 0.66 MG/ML / valine 8.4 MG/ML Injectable Solution [Aminosyn-HF 8 %],SBD,B05CX03|B05XB03|N06AX02|V03AB26,B05BA01,,
309683,dexamethasone 1 MG/ML / tobramycin 3 MG/ML Ophthalmic Suspension,SCD,S01BA01,S01CA01,,
808062,benzocaine 200 MG/ML Mucous Membrane Topical Solution [Hurricaine],SBD,C05AD03|D04AB04|R02AD01,N01BA05,,
308514,bacitracin 0.4 UNT/MG / lidocaine 5 MG / neomycin 0.0035 MG/MG / polymyxin B 5 UNT/MG Topical Ointment,SCD,A07AA01|D04AB01|D06AX04|N01BB02|R02AD02|S01AA03,D04AB01|D06AX04|D06AX05,,
312353,pheniramine 5 MG/ML / phenylephrine 1.25 MG/ML Ophthalmic Solution,SCD,R01AA04|S01FB01|S01XA20,R06AB05|S01FB01,,
1089121,dimethicone 100 MG/ML / miconazole nitrate 20 MG/ML / zinc oxide 100 MG/ML Topical Spray [Rash Relief Antifungal],SBD,P03AX05,D01AC02,,
804978,Twice-Daily clindamycin 0.01 MG/MG Topical Gel [Cleocin-T],SBD,D10AF01|J01FF01,D10AF01,,
833036,acetaminophen 750 MG / hydrocodone bitartrate 7.5 MG Oral Tablet,SCD,N02BE01|R05DA03,N02AJ22,,
664961,ketoconazole 0.02 MG/MG Topical Gel [Xolegel],SBD,D01AC08|J02AB02,D01AC08,,
646456,nystatin 100 UNT/MG Topical Powder,SCD,A01AB11|A07AA02|D01AA01,D01AA01,,
665106,12 HR guaifenesin 315 MG / phenylephrine hydrochloride 20 MG Extended Release Oral Tablet,SCD,R05CA03,R01BA03|R05CA03,,
790884,salicylic acid 60 MG/ML Topical Foam,SCD,D01AE12|N02BA04,D01AE12,,
311251,lactic acid 170 MG/ML / salicylic acid 170 MG/ML Topical Solution,SCD,D01AE12|G01AD01|N02BA04,D02AF,,
311356,lithium carbonate 300 MG / sodium chloride 40 MG Extended Release Oral Tablet,SCD,A12CA01|B05BB01|B05CB01|B05XA03|N05AN01|S01XA03,N05AN01,,
206375,hydrocortisone 0.005 MG/MG Oral Paste [Orabase HCA],SBD,A01AC03|A07EA02|D07AA02|D07AB02|D07AB11|H02AB09|S01BA02,A01AC03,,
998537,Miconazole Nitrate 20 MG/ML Topical Spray [Lotrimin AF],SBD,A01AB09|D01AC02|G01AF04,D01AC02,,
310127,epinephrine 2.5 MG/ML Ophthalmic Solution,SCD,C01CA24|S01EA01,S01EA01,,
1090824,ascorbic acid 60 MG / beta carotene 5000 UNT / copper sulfate 40 MG / dl-alpha tocopheryl acetate 30 UNT / sodium selenite 0.04 MG / zinc oxide 40 MG Oral Tablet,SCD,A11GA01|A11HA03|V03AB20,A11CA02|A11GA01|A11HA03,,
864010,ammonium lactate 120 MG/ML Topical Lotion [Geri-Hydrolac],SBD,G01AD01,D02AX,,
885109,lactic acid 50 MG/ML Topical Lotion [Lac-Hydrin],SBD,G01AD01,D02AX,,
897298,104 ACTUAT nedocromil sodium 1.75 MG/ACTUAT Metered Dose Inhaler [Tilade],SBD,S01GX04,R03BC03,,
308389,ascorbic acid 300 MG / ferrous fumarate 134 MG Chewable Tablet,SCD,A11GA01,A11GA01|B03AA02,IMPROVED,A11GA01|B03AA02
312493,potassium bicarbonate 180 MG / sodium bicarbonate 360 MG Oral Tablet,SCD,A12BA04,A12BA04|B05CB04,,
1090937,benzocaine 10 MG / cetylpyridinium chloride 0.5 MG Oral Lozenge,SCD,C05AD03|D04AB04|R02AD01,R02AA06|R02AD01,,
343002,estrone 2 MG/ML Injectable Suspension,SCD,G03CA07|G03CC04,G03CA07,,
345131,prednisolone 1.25 MG/ML Ophthalmic Solution,SCD,A07EA01|H02AB06|S01BA04|S03BA02,S01BA04,,
308355,aspirin 195 MG / butalbital 50 MG / caffeine 44 MG / phenacetin 130 MG Oral Tablet,SCD,N02BE03|N06BC01,N02BA71,,
1089805,hypromellose 3 MG/ML Ophthalmic Solution [Tears Again MC Eye Drops],SBD,S01KA02|S01XA20,S01KA02,,
995940,codeine phosphate 0.5 MG/ML / guaifenesin 15 MG/ML Oral Solution [Brontex],SBD,R05CA03|R05DA04,R05FA02,,
727988,benzocaine 0.2 MG/MG Oral Gel [Gelato Anesthetic],SBD,R02AD01,N01BA05,,
310323,ferrous sulfate 60 MG/ML Oral Solution,SCD,B03AA01|B03AA07,B03AA07,,
901038,sulfacetamide sodium 100 MG/ML Medicated Shampoo [Ovace],SBD,D10AB02,D10AF06,,
308144,ammonium chloride 0.4 MEQ/ML Injectable Solution,SCD,G04BA01,B05XA04|G04BA01,,
2002727,benzocaine 0.2 MG/MG Oral Gel [Vistacaine],SBD,R02AD01,N01BA05|R02AD01,,
204539,chlorpheniramine maleate 5 MG / phenylephrine hydrochloride 10 MG / phenylpropanolamine hydrochloride 40 MG / phenyltoloxamine citrate 15 MG Extended Release Oral Capsule,SCD,R01BA01|R06AB04,R01BA01|R01BA03|R06AB04,,
994226,aspirin 325 MG / carisoprodol 200 MG / codeine phosphate 16 MG Oral Tablet,SCD,M03BA02|R05DA04,M03BA02,,
829758,calcium carbonate 1250 MG / cholecalciferol 200 UNT / vitamin K1 0.04 MG Chewable Tablet,SCD,A11CC05|B02BA01,A11CC05|A12AA04|B02BA01,,
979318,metaproterenol sulfate 50 MG/ML Inhalation Solution [Metaprel],SBD,R03CB03,R03AB03,,
309175,chloramphenicol 30 MG/ML Oral Suspension,SCD,J01BA01|S01AA01|S02AA01,J01BA01,,
315094,"estrogens, conjugated (USP) 0.5 MG/ML / estrone 1.5 MG/ML Injectable Suspension",SCD,G03CA57,G03CA07|G03CA57|G03CC04,,
2055315,{1 (150 ML) (salicylic acid 10 MG/ML Medicated Liquid Soap) / 1 (35 ML) (salicylic acid 10 MG/ML Topical Cream) / 1 (60 ML) (salicylic acid 5 MG/ML Topical Cream) } Pack,GPCK,D01AE12|N02BA04,D01AE12,IMPROVED,D01AE12
206224,erythromycin 20 MG/ML Topical Solution [Erymax],SBD,J01FA01,D10AF02,,
206527,hydrocortisone 10 MG/ML / neomycin 3.5 MG/ML / polymyxin B 10000 UNT/ML Otic Suspension [Pediotic],SBD,A01AC03|A07AA01|A07EA02|D06AX04|D07AA02|D07AB02|D07AB11|H02AB09|S01AA03|S01BA02,S02CA03,,
313801,ampicillin 389 MG / probenecid 111 MG Oral Capsule,SCD,M04AB01,J01CA01|M04AB01,,
828602,aspirin 389 MG / caffeine 32.4 MG / propoxyphene hydrochloride 65 MG Oral Capsule [PC-CAP],SBD,N02AC04|N06BC01,N02AC04|N02BA01|N06BC01,,
827751,acetaminophen 325 MG / propoxyphene napsylate 100 MG Oral Tablet,SCD,N02AC04|N02BE01,N02AC04,,
207584,procaine 10 MG/ML Injectable Solution [Novocaine],SBD,C05AD05|N01BA02|S01HA05,N01BA02,,
210140,salicylic acid 0.17 MG/MG Topical Gel [Compound W brand of salicylic acid],SBD,D01AE12|N02BA04,D11AF,,
211352,capsaicin 2.5 MG/ML Topical Cream [Dolorac],SBD,N01BX04,M02AB01,,
211587,hydrocortisone 5 MG/ML Topical Cream [Aloe Cort],SBD,A01AC03|A07EA02|D07AA02|D07AB02|D07AB11|H02AB09|S01BA02,D07AA02,,
212019,coal tar 5 MG/ML / salicylic acid 20 MG/ML / sulfur 20 MG/ML Medicated Shampoo [Sebutone],SBD,D10AB02,D05AA,,
1098159,sodium hyaluronate 0.002 MG/MG Topical Gel [Hylira],SBD,M09AX01,D03AX05,,
1101754,acetaminophen 194 MG / aspirin 227 MG / caffeine 33 MG Oral Tablet [Vanquish],SBD,N02BE01|N06BC01,N02BE01,,
1102207,{6 (ascorbic acid 100 MG / biotin 0.3 MG / calcium carbonate 100 MG / calcium pantothenate 7 MG / folic acid 1 MG / niacin 25 MG / pyridoxine hydrochloride 30 MG / riboflavin 5 MG / succinic acid 150 MG / thiamine hydrochloride 5 MG / vitamin B12 0.01 MG Oral Tablet) / 24 (ascorbic acid 100 MG / biotin 0.3 MG / calcium pantothenate 0.3 MG / ferrous bisglycinate 65 MG / folic acid 1 MG / formic acid 155 MG / iron-dextran complex 65 MG / niacin 25 MG / pyridoxine hydrochloride 30 MG / riboflavin 5 MG / thiamine hydrochloride 5 MG / vitamin B12 0.01 MG Oral Tablet [Irospan Tablet]) } Pack [Irospan 24/6 Kit],BPCK,A11DA01|A11GA01|A11HA02|A11HA04|A11HA05|B03BA01|B03BB01,B03AE04,,
1115894,sulfacetamide sodium 90 MG/ML / sulfur 45 MG/ML Medicated Liquid Soap,SCD,D10AB02,D10AF06,,
1115981,ephedrine sulfate 10 MG/ML Injectable Solution,SCD,R01AA03|R03CA02,C01CA26,,
1145942,acetaminophen 500 MG / caffeine 65 MG Oral Tablet [Sedalmex],SBD,N02BE01|N02BE51|N06BC01,N02BE51,IMPROVED,N02BE51
1232714,tetrahydrozoline hydrochloride 0.5 MG/ML Nasal Solution [Tyzine],SBD,R01AA06|R01AB03|S01GA02,R01AA06,,
544438,sodium fluoride 2 MG/ML Oral Solution,SCD,A01AA01,A01AA01|A12CD01,,
562793,mequinol 20 MG/ML / tretinoin 0.1 MG/ML Topical Solution,SCD,D11AX06,D10AD51,,
584414,nystatin 100 UNT/MG Topical Powder [Nyamyc],SBD,A01AB11|A07AA02|D01AA01,D01AA01,,
1000091,doxepin hydrochloride 50 MG/ML Topical Cream,SCD,N06AA12,D04AX01,,
1000859,sulfacetamide sodium 100 MG/ML / sulfur 40 MG/ML Medicated Liquid Soap,SCD,D10AB02,D10AF06,IMPROVED,D10AF06
1006703,sulfacetamide sodium 100 MG/ML Ophthalmic Solution [Sulf-10],SBD,D10AB02,S01AB04,IMPROVED,S01AB04
1012224,prednisolone acetate 5 MG/ML / sulfacetamide sodium 100 MG/ML Ophthalmic Suspension,SCD,A07EA01|D10AB02|H02AB06|S01BA04|S03BA02,S01CA02,,
1013036,lidocaine hydrochloride 0.025 MG/MG Topical Gel [Dermaflex],SBD,D04AB01|N01BB02|R02AD02,D04AB01,,
1043507,capsaicin 1.7 MG/ML Topical Cream,SCD,N01BX04,M02AB01,,
1043757,povidone-iodine 90 MG/ML Medicated Pad,SCD,D08AG02|D09AA09|D11AC06|G01AX11|R02AA15,D08AG02,,
1052431,benzalkonium chloride 0.0013 MG/MG / lidocaine 0.02 MG/MG Topical Gel [Scar Zone Burn Relief],SBD,D04AB01|D08AJ01|D08AJ08|N01BB02|R02AA16|R02AD02,D04AB01|D08AJ01,,
1052928,diphenhydramine hydrochloride 25 MG / phenylephrine hydrochloride 10 MG Oral Tablet,SCD,D04AA32|R01AA04|R06AA02|S01FB01|S01XA20,R01BA53,,
1085777,triamcinolone acetonide 1 MG/ML Topical Cream [Flutex],SBD,A01AC01|H02AB08|R01AD11,D07AB09,,
1085748,triamcinolone acetonide 5 MG/ML Topical Cream [Kenalog],SBD,A01AC01|H02AB08|R01AD11,D07AB09,,
1663410,benzalkonium chloride 3 MG/ML Topical Solution,SCD,D08AJ01|D08AJ08|R02AA16,D08AJ01,,
1189623,lidocaine hydrochloride 0.005 MG/MG / menthol 0.001 MG/MG Topical Gel,SCD,D04AB01|N01BB02|R02AD02,D04AB01,,
616762,ethanol 0.665 ML/ML Topical Gel,SCD,D08AX08|V03AB16|V03AZ01,D08AX08,,
616795,acetone 60 MG/ML / ethanol 0.15 ML/ML Medicated Shampoo,SCD,D08AX08|V03AB16|V03AZ01,D08AX08,IMPROVED,D08AX08
859038,chlorpheniramine maleate 0.4 MG/ML / hydrocodone bitartrate 0.8 MG/ML / phenylephrine hydrochloride 1 MG/ML Oral Solution [Notuss PD],SBD,R05DA03|R06AB04,R05DA20,BOTH_WRONG,R05DA20
860114,1 ML ketorolac tromethamine 30 MG/ML Prefilled Syringe,SCD,M01AB15|S01BC05,M01AB15,,
1011342,lidocaine hydrochloride 100 MG/ML Injectable Solution,SCD,D04AB01|N01BB02|R02AD02,C01BB01|N01BB02,IMPROVED,C01BB01|N01BB02
1037330,hydrocortisone acetate 50 MG/ML Injectable Suspension [Hydrocortone Acetate],SBD,A01AC03|A07EA02|D07AA02|D07AB02|D07AB11|H02AB09|S01BA02,H02AB09,,
2184134,chlorpheniramine maleate 12 MG / methscopolamine nitrate 1.25 MG / phenylephrine hydrochloride 40 MG Extended Release Oral Tablet,SCD,R06AB04,A03BB03|R01BA03|R06AB04,,
260500,chromous chloride 0.004 MG/ML / copper sulfate 0.4 MG/ML / manganese chloride 0.1 MG/ML / molybdenum 0.025 MG/ML / selenious acid 0.02 MG/ML / sodium iodide 0.025 MG/ML / zinc sulfate 1 MG/ML Injectable Solution [M.T.E.-7],SBD,A12CB01|V03AB20,B05XA18,,
1041869,benzethonium chloride 2 MG/ML Topical Foam,SCD,D08AJ08|R02AA09,D08AJ08,,
829734,50 ML magnesium sulfate 80 MG/ML Injection,SCD,A06AD04|B05XA05,B05XA05,,
199891,magnesium aspartate 60 MG / potassium aspartate 60 MG Oral Capsule,SCD,A12CC05,A12CX,,
207302,oxytetracycline 0.005 MG/MG / polymyxin B 10 UNT/MG Ophthalmic Ointment [Terramycin with Polymyxin B Sulfate],SBD,J01AA06,S01AA30,,
404509,calcium carbonate 1000 MG / simethicone 60 MG Chewable Tablet [Maalox Max Quick Dissolve],SBD,A03AX13|A12AA04,A02AC01|A03AX13,,
404508,calcium carbonate 250 MG / simethicone 62.5 MG Oral Capsule [Gas-X with Maalox],SBD,A03AX13|A12AA04,A02AC01|A03AX13,,
359050,tretinoin 0.0004 MG/MG Topical Gel,SCD,D10AD01|L01XX14,D10AD01,,
834162,chlorhexidine gluconate 40 MG/ML Medicated Liquid Soap [Dyna-Hex],SBD,A01AB03|D08AC02|R02AA05,D08AC02,,
847055,hydrochlorothiazide 12.5 MG / olmesartan medoxomil 40 MG Oral Tablet [Benicar HCT],SBD,C03AA03|C09DA08,C09DA08,,
848200,Augmented betamethasone 0.0005 MG/MG Topical Ointment [Diprolene],SBD,D07AC01|H02AB01|S01BA06|S03BA03,D07AC01,,
857583,brompheniramine maleate 0.4 MG/ML / hydrocodone bitartrate 0.5 MG/ML / phenylephrine hydrochloride 1.5 MG/ML Oral Solution [FluTuss HC],SBD,R05DA03|R06AB01,R01BA03|R05DA03|R06AB01,,
208331,tretinoin 1 MG/ML Topical Cream [Retin-A],SBD,D10AD01|L01XX14,D10AD01,,
2107764,lidocaine 0.02 MG/MG Topical Gel,SCD,D04AB01|N01BB02|R02AD02,D04AB01,,
211639,aluminum hydroxide 200 MG / magnesium hydroxide 200 MG / simethicone 20 MG Chewable Tablet [Alamag Plus],SBD,A02AB01,A02AF02,,
309910,dimenhydrinate 25 MG / niacin 50 MG Oral Capsule,SCD,C10AD02,C04AC01|C10AD02|R06AA11,,
317161,tetracaine 20 MG/ML Topical Solution,SCD,C05AD02|D04AB06|N01BA03|S01HA03,D04AB06,,
359595,glycerin 10 MG/ML / polysorbate 80 10 MG/ML Ophthalmic Solution,SCD,A06AX01,S01XA20,,
857828,chlorpheniramine maleate 0.4 MG/ML / hydrocodone bitartrate 0.334 MG/ML / phenylephrine hydrochloride 1 MG/ML Oral Solution [Tuss-PD],SBD,R05DA03|R06AB04,R05DA20,BOTH_WRONG,R05DA20
209823,aspirin 325 MG / meprobamate 200 MG Oral Tablet [Equagesic],SBD,N05BC01,N02BA71,,
2118078,glycerin 200 MG/ML Topical Solution,SCD,A06AX01,D02AX,,
2119706,latanoprost 0.05 MG/ML / netarsudil 0.2 MG/ML Ophthalmic Solution [Rocklatan],SBD,S01EE01|S01EX05,S01EE51,,
2179019,calcium carbonate 625 MG / sodium monofluorophosphate 22.8 MG Oral Tablet [Monocal],SBD,A12AA04,A12AA04|A12CD02,,
1092683,chloroxylenol 20 MG/ML / ketoconazole 10 MG/ML Medicated Shampoo [Pharmaseb],SBD,D08AE05,D01AC08|D08AE05,,
1098125,{1 (0.35 ML chondroitin sulfates 40 MG/ML / sodium hyaluronate 30 MG/ML Prefilled Syringe [Viscoat]) / 1 (0.4 ML sodium hyaluronate 10 MG/ML Prefilled Syringe [Provisc]) } Pack [Duovisc Kit 0.35/0.4],BPCK,M01AX25,S01KA51,,
1150114,0.5 ML lidocaine hydrochloride 10 MG/ML Prefilled Syringe,SCD,D04AB01|N01BB02|R02AD02,C01BB01|N01BB02,,
1094224,diphenhydramine hydrochloride 2.5 MG/ML Oral Solution [Diphenyl],SBD,D04AA32|R06AA02,R06AA02,,
1112250,12 HR desloratadine 2.5 MG / pseudoephedrine sulfate 120 MG Extended Release Oral Tablet [Clarinex-D],SBD,R01BA02|R06AX27,R01BA02,,
1112489,chlorpheniramine maleate 1 MG/ML / phenylephrine hydrochloride 2.5 MG/ML Oral Solution,SCD,R06AB04,R01BA03|R06AB04,,
1192984,benzocaine 4 MG/ML / docusate sodium 56.6 MG/ML Enema,SCD,A06AA02|C05AD03|D04AB04|R02AD01,A06AG10,IMPROVED,A06AG10
1234579,phenylephrine hydrochloride 25 MG/ML Ophthalmic Solution,SCD,R01AA04|S01FB01|S01XA20,S01FB01,,
413424,sodium bicarbonate 0.15 MEQ/ML Injectable Solution,SCD,B05CB04|B05XA02,B05XA02,,
562768,gramicidin 0.02 MG/ML / neomycin 1.75 MG/ML / polymyxin B 10000 UNT/ML Ophthalmic Solution,SCD,R02AB30,S01AA30,,
859238,chlorpheniramine maleate 0.8 MG/ML / hydrocodone bitartrate 0.5 MG/ML / phenylephrine hydrochloride 2 MG/ML Oral Solution [Ed-Tuss HC],SBD,R05DA03|R06AB04,R01BA03|R05DA03|R06AB04,,
860085,hydrocodone bitartrate 0.34 MG/ML / pheniramine maleate 0.66 MG/ML / phenylephrine hydrochloride 1 MG/ML / phenylpropanolamine hydrochloride 0.66 MG/ML / pyrilamine maleate 0.66 MG/ML Oral Solution [Rutuss with Hydrocodone],SBD,R01BA01|R05DA03,R01BA01|R01BA03|R05DA03|R06AB05|R06AC01,,
1012955,lidocaine hydrochloride 25 MG/ML Topical Solution,SCD,D04AB01|N01BB02|R02AD02,D04AB01,IMPROVED,D04AB01
103568,salicylic acid 20 MG/ML Topical Lotion,SCD,D01AE12|N02BA04,D01AE12,,
1012993,carbinoxamine maleate 0.4 MG/ML / methscopolamine nitrate 0.25 MG/ML / pseudoephedrine hydrochloride 3 MG/ML Oral Solution,SCD,R01BA02|R06AA08,A03BB03|R01BA02|R06AA08,,
1049254,benzalkonium chloride 1.3 MG/ML Topical Solution,SCD,D08AJ01|D08AJ08|R02AA16,D08AJ01,,
1049306,fructose 175 MG / glucose 968 MG / sodium citrate 230 MG Chewable Tablet,SCD,B05CB02|V06DC02,V06DC02,,
238850,povidone-iodine 50 MG/ML Topical Spray,SCD,D08AG02|D09AA09|D11AC06|G01AX11|R02AA15,D08AG02,,
283342,guaifenesin 600 MG / phenylephrine hydrochloride 30 MG Extended Release Oral Tablet,SCD,R05CA03,R01BA03|R05CA03,,
1655489,{21 (desogestrel 0.15 MG / ethinyl estradiol 0.02 MG Oral Tablet) / 5 (ethinyl estradiol 0.01 MG Oral Tablet) / 2 (inert ingredients 1 MG Oral Tablet) } Pack [Kimidess 28 Day],BPCK,G03AA09|G03AC09|G03CA01,G03AA09,,
1655506,capsaicin 0.35 MG/ML / menthol 60 MG/ML / methyl salicylate 300 MG/ML Topical Cream,SCD,N01BX04,M02AC,IMPROVED,M02AC
1668054,alprostadil 0.5 MG/ML Injection,SCD,C01EA01,G04BE01,,
1721266,benzalkonium chloride 1.5 MG/ML Topical Lotion,SCD,D08AJ01|D08AJ08|R02AA16,D08AJ01,,
562444,capsaicin 0.2 MG/ML Topical Cream,SCD,N01BX04,M02AB01,,
102770,gentamicin 5 MG/ML Injectable Solution,SCD,D06AX07|S03AA06,J01GB03,,
1045616,ethanol 0.82 ML/ML Topical Solution,SCD,D08AX08|V03AB16|V03AZ01,D08AX08,,
1047479,ivermectin 0.0187 MG/MG Oral Paste [Bimectin],SBD,D11AX22|P02CF01,P02CF01,,
1050494,{21 (drospirenone 3 MG / ethinyl estradiol 0.03 MG / levomefolate calcium 0.451 MG Oral Tablet) / 7 (levomefolate calcium 0.451 MG Oral Tablet) } Pack [Safyral 28 Day],BPCK,G03AC10,G03AA12,,
1053196,benzethonium chloride 2 MG/ML / dyclonine hydrochloride 7.5 MG/ML Topical Solution [Skin Shield],SBD,R02AA09,D08AJ08|N01BX02,,
1721530,capsaicin 0.25 MG/ML / menthol 14 MG/ML / methyl salicylate 100 MG/ML Topical Solution [Genorthix Pain Relieving Roll On],SBD,N01BX04,M02AC,,
1734932,10 ML acyclovir 50 MG/ML Injection,SCD,D06BB03|J05AB01|S01AD03,J05AB01,,
1115928,amobarbital 50 MG / ephedrine sulfate 25 MG Oral Capsule,SCD,N05CA02,N05CA02|R03CA02,,
1190839,atropine sulfate 0.024 MG / brompheniramine maleate 4 MG / phenyltoloxamine citrate 50 MG / pseudoephedrine hydrochloride 120 MG Extended Release Oral Tablet,SCD,R01BA02|R06AB01,A03BA01|R01BA02|R06AB01,,
1039541,pramoxine hydrochloride 10 MG/ML Medicated Pad,SCD,C05AD07|D04AB07,D04AB07,,
1737567,5 ML lidocaine hydrochloride 10 MG/ML Injection [Xylocaine],SBD,N01BB02,C01BB01,,
1738574,hydrocortisone 10 MG/ML / salicylic acid 30 MG/ML / sulfur 30 MG/ML Topical Cream,SCD,D10AB02,D07XA01,,
1791408,500 ML mannitol 200 MG/ML Injection,SCD,A06AD16,B05BC01,,
1792499,menthol 4.4 MG/ML / zinc oxide 206 MG/ML Topical Cream,SCD,C05AX04,D02AB,,
1794881,250 ML glucose 50 MG/ML / sodium chloride 2 MG/ML Injection,SCD,A12CA01|B05BA03|B05BB01|B05CB01|B05XA03|S01XA03|V06DC01,B05BB02,,
1795250,1000 ML glucose 50 MG/ML / sodium chloride 4.5 MG/ML Injection,SCD,A12CA01|B05BA03|B05BB01|B05CB01|B05XA03|S01XA03|V06DC01,B05BB02,,
1795496,1000 ML glucose 700 MG/ML Injection,SCD,B05BA03|V06DC01,B05BA03,,
1797511,chlorhexidine gluconate 2 MG/ML / ketoconazole 2 MG/ML Topical Solution [Keto-C],SBD,A01AB03|D01AC08|D08AC02|J02AB02|R02AA05,D01AC08|D08AC02,,
1801282,Emollient hydrocortisone acetate 25 MG/ML / pramoxine hydrochloride 10 MG/ML Topical Cream [Pramosone],SBD,A01AC03|A07EA02|D07AA02|D07AB02|D07AB11|H02AB09|S01BA02,D04AB07|D07AA02,,
802716,antipyrine 54 MG/ML / benzocaine 10 MG/ML / zinc acetate 10 MG/ML Otic Solution,SCD,A16AX05,S02DA03,,
1094451,diphenhydramine hydrochloride 2.5 MG/ML Oral Solution [Scot-Tussin Allergy],SBD,D04AA32|R06AA02,R06AA02,,
1125493,capsaicin 0.02 MG/ML / menthol 100 MG/ML / methyl salicylate 200 MG/ML Topical Lotion [Xoten-C],SBD,N01BX04,M02AC,,
1190759,atropine sulfate 0.195 MG / phenobarbital 16 MG Oral Capsule,SCD,N03AA02,A03BA01|N03AA02,,
2101534,camphor 100 MG/ML / capsaicin 0.75 MG/ML / menthol 50 MG/ML Topical Lotion,SCD,N01BX04,M02AB01,,
485558,benzocaine 50 MG/ML / zinc chloride 1 MG/ML Mucosal Spray,SCD,B05XA12,R02AD01,,
1006202,hydrogen peroxide 10 MG/ML Topical Solution [Pre Milk],SBD,A01AB02|D08AX01,D08AX01,,
1038806,aluminum hydroxide 80 MG/ML / magnesium hydroxide 27 MG/ML Oral Suspension,SCD,A02AB01,A02AD01,,
1053414,Salicylic Acid 0.005 MG/MG Topical Gel [Proactiv Cleansing],SBD,D01AE12|N02BA04,D02AF,,
238460,salicylic acid 100 MG/ML Topical Cream,SCD,D01AE12|N02BA04,D02AF,,
1006701,sulfacetamide sodium 100 MG/ML Ophthalmic Solution [Sodium Sulamyd],SBD,D10AB02,S01AB04,,
1798481,calamine 4 MG/ML / pramoxine hydrochloride 10 MG/ML / zinc oxide 4 MG/ML Topical Cream,SCD,C05AX04,D04AB07,IMPROVED,D04AB07
1086035,triamcinolone acetonide 40 MG/ML Injectable Suspension [Clinalog],SBD,A01AC01|H02AB08|R01AD11,H02AB08,,
1797851,cromolyn sodium 5.2 MG/ACTUAT Metered Dose Nasal Spray,SCD,A07EB01|S01GX01,R01AC01,,
1812262,ethanol 0.68 ML/ML Topical Spray,SCD,D08AX08|V03AB16|V03AZ01,D08AX08,,
1868482,1.7 ML sodium bicarbonate 84 MG/ML Cartridge,SCD,B05CB04|B05XA02,B05XA02,,
1244909,{21 (ethinyl estradiol 0.035 MG / norethindrone 0.4 MG Chewable Tablet) / 7 (ferrous fumarate 75 MG Chewable Tablet) } Pack [Ovcon 35 Fe 28 Day],BPCK,B03AA02|G03CA01|G03DC02,B03AA02|G03AA05,,
1245374,{50 (acetaminophen 500 MG / diphenhydramine hydrochloride 25 MG Oral Tablet) / 50 (acetaminophen 500 MG Oral Tablet) } Pack,GPCK,N02BE01|N02BE51,N02BE01|R06AA02,,
1250637,allantoin 0.01 MG/MG / benzethonium chloride 0.002 MG/MG Topical Ointment,SCD,R02AA09,D08AJ08,,
1251505,brompheniramine maleate 0.8 MG/ML / hydrocodone bitartrate 1.5 MG/ML / phenylephrine hydrochloride 0.5 MG/ML Oral Solution,SCD,R05DA03|R06AB01,R01BA03|R05DA03|R06AB01,,
1251836,diphenhydramine hydrochloride 20 MG/ML Topical Solution,SCD,D04AA32|R06AA02,D04AA32,,
1359363,bacitracin 0.5 UNT/MG / neomycin 0.0035 MG/MG / polymyxin B 10 UNT/MG Topical Ointment,SCD,A07AA01|D06AX04|S01AA03,D06AX04|D06AX05,,
1362783,hydrocodone bitartrate 0.332 MG/ML / phenylephrine hydrochloride 1 MG/ML / pyrilamine maleate 1.67 MG/ML Oral Solution [Codimal DH],SBD,R05DA03,R01BA03|R05DA03|R06AC01,,
1363759,eucalyptol 0.92 MG/ML / menthol 0.42 MG/ML / sodium fluoride 0.25 MG/ML / thymol 0.64 MG/ML Mouthwash,SCD,R05CA13,A01AA01,,
1365984,ascorbic acid 35 MG/ML / cholecalciferol 0.01 MG/ML / sodium fluoride 1.1 MG/ML / vitamin A palmitate 1500 UNT/ML Oral Solution,SCD,A11CA01|A11CC05|A11GA01,A11CA01|A11CC05|A11GA01|A12CD01,IMPROVED,A11CA01|A11GA01|A11CC05|A12CD01
1369424,chlophedianol hydrochloride 2.5 MG/ML / dexchlorpheniramine maleate 0.2 MG/ML / pseudoephedrine hydrochloride 6 MG/ML Oral Solution,SCD,R01BA02|R05DB10|R06AB02,R05DB10,,
1373217,salicylic acid 1 MG/ML Topical Solution,SCD,D01AE12|N02BA04,D02AF,,
1420997,allantoin 5 MG/ML / diphenhydramine hydrochloride 20 MG/ML Topical Cream [Allegra Cooling Relief Anti-Itch],SBD,D04AA32|R06AA02,D04AA32,,
1441112,salicylic acid 15 MG/ML Medicated Pad,SCD,D01AE12|N02BA04,D01AE12,,
1483229,Benzalkonium Chloride 0.001 MG/MG / Benzocaine 0.2 MG/MG Topical Gel [Orajel Maximum Toothache Relief],SBD,C05AD03|D04AB04|D08AJ01|D08AJ08|R02AA16|R02AD01,D08AJ01|N01BA05,,
1483551,{28 (drospirenone 0.25 MG / estradiol 0.5 MG Oral Tablet) } Pack [Angeliq 0.25/0.5 28 Day],BPCK,G03AC10|G03CA03,G03FA17,,
1484775,chlorhexidine gluconate 20 MG/ML / ketoconazole 10 MG/ML / salicyloyl phytosphingosine 0.5 MG/ML Medicated Shampoo [Ketoseb PS],SBD,A01AB03|D01AC08|D08AC02|J02AB02|R02AA05,D01AC08|D08AC02,,
1493170,prednisolone 10 MG/ML Injectable Solution [Solu-Delta-Cortef],SBD,A07EA01|H02AB06|S01BA04|S03BA02,H02AB06,,
1540669,allantoin 0.02 MG/MG / lidocaine 0.04 MG/MG / petrolatum 0.3 MG/MG Medicated Patch [Vexa],SBD,D04AB01|N01BB02|R02AD02,D04AB01,,
1542804,hydrocortisone acetate 5 MG/ML / neomycin 3.5 MG/ML / polymyxin B 10000 UNT/ML Topical Cream,SCD,A01AC03|A07AA01|A07EA02|D06AX04|D07AA02|D07AB02|D07AB11|H02AB09|S01AA03|S01BA02,D07CA01,,
1547983,phenylephrine hydrochloride 100 MG/ML / scopolamine hydrobromide 3 MG/ML Ophthalmic Solution [Murocoll 2],SBD,A03BB01|A04AD01|N05CM05|R01AA04|S01FB01|S01XA20,S01FA02|S01FB01,,
1789250,Salicylic Acid 10 MG/ML Topical Cream [Proactiv Plus Clarifying Night],SBD,D01AE12|N02BA04,D02AF,,
1811470,lidocaine hydrochloride 27.5 MG/ML Topical Lotion,SCD,D04AB01|N01BB02|R02AD02,D04AB01,,
1812095,1 ML dexamethasone phosphate 4 MG/ML Prefilled Syringe,SCD,H02AB02|S01BA01,H02AB02,,
1867993,10 ML epinephrine 0.005 MG/ML / lidocaine hydrochloride 15 MG/ML Injection [Xylocaine with Epinephrine],SBD,C01CA24|D04AB01|N01BB02|R02AD02|S01EA01,N01BB02,,
1925790,aspirin 325 MG / citric acid 1000 MG / sodium bicarbonate 1700 MG Effervescent Oral Tablet [Alka-Seltzer],SBD,A09AB04|N02BA51,N02BA51,,
1242399,12 HR loratadine 5 MG / pseudoephedrine sulfate 120 MG Extended Release Oral Tablet,SCD,R01BA02|R06AX13,R01BA02,,
1310473,benzalkonium chloride 4.7 MG/ML Topical Solution,SCD,D08AJ01|D08AJ08|R02AA16,D08AJ01,,
1359356,bacitracin 0.5 UNT/MG / neomycin 0.0035 MG/MG / polymyxin B 10 UNT/MG / pramoxine hydrochloride 0.01 MG/MG Topical Ointment [Tri Biozene],SBD,A07AA01|D06AX04|S01AA03,D04AB07|D06AX04|D06AX05,,
1372899,lidocaine hydrochloride 5 MG/ML Otic Solution,SCD,D04AB01|N01BB02|R02AD02,S02DA01,,
1426601,{24 (ethinyl estradiol 0.02 MG / norethindrone acetate 1 MG Chewable Tablet) / 4 (ferrous fumarate 75 MG Oral Tablet) } Pack [Minastrin 24 Fe Chewable 28 Day],BPCK,B03AA02|G03CA01|G03DC02,B03AA02|G03AA05,,
1547926,phenylephrine hydrochloride 1.2 MG/ML Ophthalmic Solution,SCD,S01XA20,S01FB01,,
1549386,phenylephrine hydrochloride 1.25 MG/ML Nasal Solution,SCD,R01AA04|S01FB01|S01XA20,R01AA04,,
1363795,phenylephrine tannate 25 MG / pyrilamine tannate 30 MG Chewable Tablet,SCD,R01AA04|S01FB01|S01XA20,R01BA03|R06AC01,,
1544717,calamine 80 MG/ML / pramoxine hydrochloride 10 MG/ML Topical Spray,SCD,C05AD07|D04AB07,D04AB07,,
1242406,12 HR loratadine 5 MG / pseudoephedrine sulfate 120 MG Extended Release Oral Tablet [Claritin-D],SBD,R01BA02|R06AX13,R01BA02,,
1245086,capsaicin 0.25 MG/ML / menthol 20 MG/ML Topical Cream [Zostrix Diabetic Joint & Arthritis Pain Relief],SBD,N01BX04,M02AB01,,
1292454,camphor 35 MG/ML / capsaicin 0.15 MG/ML / menthol 10 MG/ML Topical Cream [Dr. Oh Balm],SBD,N01BX04,M02AB01,,
1297519,diphenhydramine hydrochloride 25 MG / magnesium salicylate 580 MG Oral Tablet [Doans PM],SBD,D04AA32|R06AA02,N02BA67,,
1310948,calcium carbonate 1500 MG / cholecalciferol 800 UNT Oral Tablet,SCD,A11CC05,A11CC05|A12AA04,,
1313971,ivermectin 0.068 MG / pyrantel 57 MG Chewable Tablet [Heartshield Plus],SBD,P02CC01,P02CC01|P02CF01,,
1364278,12 HR chlorpheniramine maleate 8 MG / methscopolamine nitrate 2.5 MG / phenylephrine hydrochloride 20 MG Extended Release Oral Capsule,SCD,R06AB04,A03BB03|R01BA03|R06AB04,,
1491000,bacitracin zinc 0.5 UNT/MG Topical Ointment [Bacitraycin Plus],SBD,D06AX05|J01XX10|R02AB04,D06AX05,IMPROVED,D06AX05
1536833,aspirin 500 MG / citric acid 1000 MG / sodium bicarbonate 1985 MG Effervescent Oral Tablet,SCD,A09AB04,N02BA01,,
1539808,salicylic acid 20 MG/ML Topical Lotion [Dream Pure BB],SBD,D01AE12|N02BA04,D01AE12,,
1599135,cetylpyridinium chloride 0.75 MG/ML Mouthwash,SCD,B05CA01|D08AJ03|D09AA07|R02AA06,R02AA06,,
1600710,cobicistat 150 MG / darunavir 800 MG Oral Tablet [Prezcobix],SBD,J05AE10|J05AR14|V03AX03,J05AR14,,
1650988,hydrocortisone 10 MG/ML Topical Solution [Selsun Blue Scalp Itch],SBD,A01AC03|A07EA02|D07AA02|D07AB02|D07AB11|H02AB09|S01BA02,D07AA02,,
1491618,calcium carbonate 167 MG / magnesium oxide 84 MG / zinc oxide 8 MG Oral Tablet,SCD,A02AA02|A02AA04|A12AA04|C05AX04,A12AA04|A12CC10,,
1923429,timolol 2.5 MG/ML Ophthalmic Solution [Timoptic],SBD,C07AA06,S01ED01,,
1248356,diphenhydramine hydrochloride 1.67 MG/ML Oral Solution [Zzzquil],SBD,D04AA32|R06AA02,R06AA02,,
1294244,chloroxylenol 1 MG/ML / hydrocortisone 10 MG/ML / pramoxine hydrochloride 10 MG/ML Otic Solution [Cortic],SBD,D08AE05,S02BA01,,
1294264,chloroxylenol 1 MG/ML / hydrocortisone 10 MG/ML / pramoxine hydrochloride 10 MG/ML Otic Solution [Tri-Otic],SBD,D08AE05,S02BA01,,
1302737,benzethonium chloride 1.3 MG/ML Topical Solution,SCD,R02AA09,D08AJ08,IMPROVED,D08AJ08
1359124,{28 (estradiol 0.5 MG / norethindrone acetate 0.1 MG Oral Tablet) } Pack,GPCK,G03CA03,G03FA01,,
1489932,methenamine 162 MG / sodium salicylate 162.5 MG Oral Tablet,SCD,J01XX05,N02BA04,,
1535619,{1 (25000 MG) (allantoin 0.005 MG/MG / lidocaine hydrochloride 0.005 MG/MG Topical Ointment) / 1 (75000 MG) (lidocaine hydrochloride 0.005 MG/MG Medicated Bar Soap) } Pack,GPCK,C05AX03,D04AB01,,
1550952,zinc oxide 0.018 MG/MG Topical Ointment [Dynashield ZO],SBD,C05AX04,D02AB,,
1595214,codeine phosphate 1.6 MG/ML / guaifenesin 40 MG/ML Oral Solution [Ninjacof XG],SBD,R05CA03|R05DA04,R05FA02,,
618026,bacitracin 10000 UNT/ML Injectable Solution,SCD,D06AX05|J01XX10|R02AB04,J01XX10,,
623677,penicillin G benzathine 300000 UNT/ML / penicillin G procaine 300000 UNT/ML Injectable Suspension,SCD,J01CE08|J01CE09,J01CE08,,
686534,1000 ML glucose 50 MG/ML / potassium chloride 0.01 MEQ/ML / sodium chloride 2.25 MG/ML Injection,SCD,A12CA01|B05BA03|B05BB01|B05CB01|B05XA03|S01XA03|V06DC01,B05BB02,,
701913,acetaminophen 500 MG / caffeine 60 MG / pyrilamine maleate 15 MG Oral Capsule,SCD,N02BE01|N06BC01,N02BE01,,
745535,penicillin G potassium 80000 UNT/ML Oral Solution,SCD,J01CE08|J01CE09,J01CE01,,
749565,{6 (ethinyl estradiol 0.03 MG / levonorgestrel 0.05 MG Oral Tablet) / 10 (ethinyl estradiol 0.03 MG / levonorgestrel 0.125 MG Oral Tablet) / 5 (ethinyl estradiol 0.04 MG / levonorgestrel 0.075 MG Oral Tablet) / 7 (inert ingredients 1 MG Oral Tablet) } Pack [Triphasil 28 Day],BPCK,G03AC03|G03CA01,G03AA07,,
800472,calcium chloride 0.000996 MEQ/ML / glucose 0.6 MG/ML / magnesium chloride 0.0000245 MEQ/ML / sodium chloride 0.00368 MEQ/ML / sodium lactate 0.0016 MEQ/ML Intraperitoneal Solution,SCD,A12CA01|A12CC01|B05BA03|B05BB01|B05CB01|B05XA03|B05XA07|G01AD01|S01XA03|V06DC01,B05DB,,
904326,clindamycin 10 MG/ML Medicated Pad [PledgaClin],SBD,D10AF01|J01FF01,D10AF01,IMPROVED,D10AF01
995617,ferrous sulfate 90 MG/ML Oral Solution [Fer-in-Sol],SBD,B03AA01|B03AA07,B03AA07,,
753544,{21 (ethinyl estradiol 0.02 MG / levonorgestrel 0.1 MG Oral Tablet) / 7 (inert ingredients 1 MG Oral Tablet) } Pack [Sronyx 28 Day],BPCK,G03AC03|G03CA01,G03AA07,,
759743,{21 (desogestrel 0.15 MG / ethinyl estradiol 0.02 MG Oral Tablet) / 5 (ethinyl estradiol 0.01 MG Oral Tablet) / 2 (inert ingredients 1 MG Oral Tablet) } Pack,GPCK,G03AA09|G03AC09|G03CA01,G03AA09,,
992660,homatropine methylbromide 1.5 MG / hydrocodone bitartrate 5 MG Oral Tablet [Hycodan],SBD,R05DA03|S01FA05,A03BB06|R05DA03,,
993890,acetaminophen 300 MG / codeine phosphate 60 MG Oral Tablet,SCD,N02BE01|R05DA04,N02AJ06,,
308653,benzocaine 0.02 MG/MG / chloroxylenol 0.01 MG/MG / zinc oxide 0.03 MG/MG Topical Ointment,SCD,D08AE05,D04AB04|D08AE05,,
198912,zinc sulfate 2.5 MG/ML Ophthalmic Solution,SCD,A12CB01|S01AX03,A12CB01,,
992656,homatropine methylbromide 1.5 MG / hydrocodone bitartrate 5 MG Oral Tablet,SCD,R05DA03|S01FA05,A03BB06|R05DA03,,
688704,bacitracin 0.4 UNT/MG / hydrocortisone 0.01 MG/MG / neomycin 0.0035 MG/MG / polymyxin B 5 UNT/MG Topical Ointment [Cortisporin Ointment],SBD,A01AC03|A07AA01|A07EA02|D06AX04|D07AA02|D07AB02|D07AB11|H02AB09|S01AA03|S01BA02,D07CA01,,
896884,aspirin 742 MG / caffeine 38 MG / salicylamide 222 MG Oral Powder,SCD,N02BA05|N06BC01,N02BA05,,
759717,hydrocortisone 25 MG/ML Rectal Cream [Procto-Kit],SBD,A01AC03|A07EA02|D07AA02|D07AB02|D07AB11|H02AB09|S01BA02,C05AA01,,
308708,betaine 648 MG / protease 15 MG Oral Tablet,SCD,A16AA06,A09AB02,,
801018,alanine 8.8 MG/ML / arginine 4.89 MG/ML / calcium chloride 0.004 MEQ/ML / dibasic potassium phosphate 2.61 MG/ML / glucose 250 MG/ML / glycine 4.38 MG/ML / histidine 2.04 MG/ML / isoleucine 2.55 MG/ML / leucine 3.11 MG/ML / lysine 2.47 MG/ML / magnesium chloride 0.01 MEQ/ML / methionine 1.7 MG/ML / phenylalanine 2.38 MG/ML / proline 2.89 MG/ML / serine 2.13 MG/ML / sodium acetate trihydrate 2.97 MG/ML / sodium chloride 0.013 MEQ/ML / threonine 1.79 MG/ML / tryptophan 0.77 MG/ML / tyrosine 0.17 MG/ML / valine 2.47 MG/ML Injectable Solution [Clinimix E 4.25/25],SBD,B05CX03|B05XB03|N06AX02|V03AB26,B05BA10,,
310875,hydrocortisone 15 MG/ML / neomycin 5 MG/ML Ophthalmic Suspension,SCD,A01AC03|A07AA01|A07EA02|D06AX04|D07AA02|D07AB02|D07AB11|H02AB09|S01AA03|S01BA02,S01CA03,,
795067,hydrocortisone 0.01 MG/MG Topical Gel [Corticool],SBD,A01AC03|A07EA02|D07AA02|D07AB02|D07AB11|H02AB09|S01BA02,D07AA02,,
994404,brompheniramine maleate 0.4 MG/ML / codeine phosphate 1.5 MG/ML / pseudoephedrine hydrochloride 6 MG/ML Oral Solution [Mar-cof BP],SBD,R01BA02|R05DA04|R06AB01,R05DA04,,
994839,brompheniramine maleate 0.8 MG/ML / codeine phosphate 2 MG/ML / phenylephrine hydrochloride 1.5 MG/ML Oral Solution [TL-Hist CD],SBD,R05DA04|R06AB01,R01BA03|R05DA04|R06AB01,,
309305,ciprofloxacin 2 MG/ML / hydrocortisone 10 MG/ML Otic Suspension,SCD,A01AC03|A07EA02|D07AA02|D07AB02|D07AB11|H02AB09|J01MA02|S01BA02,S02CA03,,
1087262,24 HR calcium carbonate 200 MG / folic acid 1 MG / pyridoxine 75 MG / vitamin B12 0.012 MG Extended Release Oral Tablet [Folbecal],SBD,A11HA02|B03BA01|B03BB01,A11HA02|A12AA04|B03BA01|B03BB01,,
861054,calcium carbonate 500 MG / cholecalciferol 100 UNT / magnesium oxide 100 MG Oral Capsule,SCD,A11CC05,A11CC05|A12AA04|A12CC10,,
707375,sodium chloride 6.5 MG/ML Nasal Spray [Sea Mist],SBD,A12CA01|B05BB01|B05CB01|B05XA03|S01XA03,R01AX10,,
759742,{7 (desogestrel 0.1 MG / ethinyl estradiol 0.025 MG Oral Tablet) / 7 (desogestrel 0.125 MG / ethinyl estradiol 0.025 MG Oral Tablet) / 7 (desogestrel 0.15 MG / ethinyl estradiol 0.025 MG Oral Tablet) / 7 (inert ingredients 1 MG Oral Tablet) } Pack,GPCK,G03AC09,G03AA09,,
311491,menthol 0.0012 MG/MG / phenol 0.0072 MG/MG Oral Lozenge,SCD,D08AE03,R02AA19,,
990986,physostigmine sulfate 0.0025 MG/MG Ophthalmic Ointment,SCD,S01EB05|V03AB19,S01EB05,,
308297,acetaminophen 250 MG / aspirin 250 MG / caffeine 65 MG Oral Tablet,SCD,N02BE01|N06BC01,N02BE01,,
312541,potassium iodide 1000 MG/ML Oral Solution,SCD,R05CA02|S01XA04|V03AB21,R05CA02,,
312522,potassium chloride 2 MEQ/ML Oral Solution,SCD,A12BA01|B05XA01,A12BA01,,
2001751,{7 (ethinyl estradiol 0.01 MG Oral Tablet) / 84 (ethinyl estradiol 0.03 MG / levonorgestrel 0.15 MG Oral Tablet) } Pack [Jaimiess 91 Day],BPCK,G03AA07|G03CA01,G03AA07,,
2045344,allantoin 15 MG/ML / lidocaine hydrochloride 40 MG/ML / menthol 10 MG/ML Topical Cream,SCD,D04AB01|N01BB02|R02AD02,D04AB01,,
207017,naloxone 0.5 MG / pentazocine 50 MG Oral Tablet [Talwin NX],SBD,N02AD01,N02AD51,BOTH_WRONG,N02AD51
318217,sulfadiazine 167 MG / sulfamerazine 167 MG / sulfamethazine 167 MG Oral Tablet,SCD,J01EB03|J01EC02,J01EB03|J01EC02|J01ED07,,
311680,metronidazole 10 MG/ML Topical Cream,SCD,A01AB17|D06BX01|P01AB01,D06BX01,,
1999890,bacitracin 0.4 UNT/MG / neomycin 0.0035 MG/MG / polymyxin B 5 UNT/MG / pramoxine hydrochloride 0.01 MG/MG Topical Ointment,SCD,A07AA01|D06AX04|S01AA03,D06AX04,,
200350,calcium carbonate 520 MG / magnesium carbonate 400 MG Oral Tablet,SCD,A02AA01|A12AA04,A02AA01|A02AC01,,
203088,ketoconazole 20 MG/ML Topical Cream,SCD,D01AC08|J02AB02,D01AC08,,
2048259,benzalkonium chloride 0.00095 MG/MG Topical Gel,SCD,D08AJ01|D08AJ08|R02AA16,D08AJ01,,
205973,gramicidin 0.025 MG/ML / neomycin 1.75 MG/ML / polymyxin B 10000 UNT/ML Ophthalmic Solution [AK-Spore],SBD,R02AB30,S01AA30,,
996958,acetaminophen 150 MG / aspirin 180 MG / codeine phosphate 30 MG Oral Capsule,SCD,N02BE01|R05DA04,N02AJ09,,
313037,sodium fluoride 11 MG/ML Oral Solution,SCD,A01AA01,A01AA01|A12CD01,,
702354,minoxidil 50 MG/ML Topical Foam [Rogaine],SBD,C02DC01|D11AX01,D11AX01,,
793099,prednisolone 3 MG/ML Oral Suspension,SCD,A07EA01|H02AB06|S01BA04|S03BA02,H02AB06,,
797811,hydrogen peroxide 30 MG/ML Medicated Pad,SCD,A01AB02|D08AX01,D08AX01,,
750264,{7 (ethinyl estradiol 0.035 MG / norethindrone 0.5 MG Oral Tablet) / 7 (ethinyl estradiol 0.035 MG / norethindrone 0.75 MG Oral Tablet) / 7 (ethinyl estradiol 0.035 MG / norethindrone 1 MG Oral Tablet) / 7 (inert ingredients 1 MG Oral Tablet) } Pack [Necon 7/7/7 28 Day],BPCK,G03AA05|G03FA01,G03AA05,,
895464,sodium fluoride 0.011 MG/MG Toothpaste [Control Rx],SBD,A01AA01,A01AA01|A12CD01,,
904495,alendronic acid 70 MG / cholecalciferol 2800 UNT Oral Tablet [Fosamax Plus D],SBD,A11CC05,M05BB03,,
978077,acetic acid 0.00921 MG/MG / glycerin 0.05 MG/MG / oxyquinoline 0.00025 MG/MG / ricinoleic acid 0.007 MG/MG Vaginal Gel [Aci-Jel],SBD,A06AX01|G01AD02|S02AA10,G01AC30|G01AD02,,
309694,dexamethasone 1 MG/ML / neomycin 3.5 MG/ML Topical Cream,SCD,A07AA01|D06AX04|H02AB02|S01AA03|S01BA01,D07CB04,,
312632,procaine 12.5 MG/ML Injectable Solution,SCD,C05AD05|N01BA02|S01HA05,C05AD05|N01BA02,,
205104,salicylic acid 20 MG/ML Medicated Shampoo,SCD,D01AE12|N02BA04,D11AC,,
205669,dexamethasone 1 MG/ML Ophthalmic Suspension [Maxidex],SBD,H02AB02|S01BA01,S01BA01,,
2057666,benzalkonium chloride 0.0013 MG/MG Medicated Bar Soap,SCD,D08AJ01|D08AJ08|R02AA16,D08AJ01,,
827485,benzyl alcohol 100 MG/ML / zinc acetate 20 MG/ML Topical Lotion,SCD,A16AX05|P03AX06,P03AX06,,
833507,{1 (30 ML) (hydrocortisone 20 MG/ML Topical Lotion [Scalacort]) / 1 (118 ML) (salicylic acid 20 MG/ML / sulfur 20 MG/ML Medicated Shampoo) } Pack [Scalacort DK],BPCK,D10AB02,D07AA02,,
998516,Miconazole Nitrate 20 MG/ML Topical Cream [Neosporin AF],SBD,A01AB09|D01AC02|G01AF04,D01AC02,,
727347,NDA019430 0.3 ML epinephrine 1 MG/ML Auto-Injector [Epipen],SBD,C01CA24|S01EA01,C01CA24,,
860926,benzocaine 0.02 MG/MG / trimethobenzamide hydrochloride 100 MG/ML Rectal Suppository [Navogan],SBD,R06AA10,C05AD03,,
881156,chlorpheniramine maleate 0.8 MG/ML / methscopolamine nitrate 0.25 MG/ML / phenylephrine hydrochloride 3 MG/ML Oral Solution,SCD,R06AB04,A03BB03|R01BA03|R06AB04,,
978282,dimethicone 50 MG/ML / menthol 1.5 MG/ML Topical Lotion,SCD,P03AX05,D02AA,,
313908,clioquinol 0.03 MG/MG / hydrocortisone 0.01 MG/MG Topical Gel,SCD,A01AC03|A07EA02|D07AA02|D07AB02|D07AB11|H02AB09|S01BA02,D07BA04,IMPROVED,D07BA04
315209,100 ML tobramycin 0.8 MG/ML Injection,SCD,J01GB01|S01AA12,J01GB01,,
313975,eflornithine 139 MG/ML Topical Cream,SCD,D11AX16|P01CX03,D11AX16,,
806527,hydrocortisone 25 MG/ML Injectable Suspension [Hydrocortone],SBD,A01AC03|A07EA02|D07AA02|D07AB02|D07AB11|H02AB09|S01BA02,H02AB09,IMPROVED,H02AB09
1996965,benzocaine 200 MG/ML Mucous Membrane Topical Solution [Gingicaine],SBD,C05AD03|D04AB04|R02AD01,R02AD01,IMPROVED,R02AD01
1998639,capsaicin 0.001 MG/MG / menthol 0.1 MG/MG Topical Ointment,SCD,N01BX04,M02AB01,,
204590,boric acid 50 MG/ML Topical Solution,SCD,S02AA03,S01AX07|S02AA03,,
2055751,bacitracin 0.5 UNT/MG / neomycin 0.0035 MG/MG / polymyxin B 5 UNT/MG / pramoxine hydrochloride 0.01 MG/MG Topical Ointment,SCD,A07AA01|D06AX04|S01AA03,D06AX04,,
999604,sulfacetamide sodium 100 MG/ML / sulfur 10 MG/ML Medicated Liquid Soap,SCD,D10AB02,D10AF06,,
317106,hydroxocobalamin 1 MG/ML Injectable Solution,SCD,B03BA03|V03AB33,B03BA03,,
351349,hydrocortisone 10 MG/ML Topical Cream [Caldecort],SBD,A01AC03|A07EA02|D07AA02|D07AB02|D07AB11|H02AB09|S01BA02,D07AA02,,
359277,12 HR brompheniramine maleate 12 MG / phenylephrine hydrochloride 15 MG Extended Release Oral Capsule,SCD,R06AB01,R01BA03|R06AB01,,
806396,calcium chloride 0.004 MEQ/ML / magnesium chloride 0.003 MEQ/ML / potassium chloride 0.01 MEQ/ML / sodium acetate 0.0475 MEQ/ML / sodium chloride 0.109 MEQ/ML / sodium citrate 0.012 MEQ/ML Ophthalmic Solution [BSS Ophthalmic Solution],SBD,B05CB02|B05XA08,S01KX,,
806727,sodium chloride 30 MG/ML Nasal Solution,SCD,A12CA01|B05BB01|B05CB01|B05XA03|S01XA03,R01AX,,
834152,chlorhexidine gluconate 20 MG/ML Topical Solution,SCD,A01AB03|D08AC02|R02AA05,D08AC02,,
853618,sulfur 0.05 MG/MG / zinc oxide 0.02 MG/MG / zinc sulfate 0.01 MG/MG Medicated Bar Soap,SCD,A12CB01|D10AB02,D02AB|D10AB02,,
857001,acetaminophen 325 MG / hydrocodone bitartrate 10 MG Oral Tablet [Norco],SBD,N02BE01|R05DA03,N02AJ22,,
857597,brompheniramine maleate 0.4 MG/ML / hydrocodone bitartrate 1 MG/ML / phenylephrine hydrochloride 1.5 MG/ML Oral Solution [M-End Max],SBD,R05DA03|R06AB01,R01BA03|R05DA03|R06AB01,,
208327,tretinoin 0.25 MG/ML Topical Cream [Avita],SBD,D10AD01|L01XX14,D10AD01,,
209303,bacitracin 0.5 UNT/MG Ophthalmic Ointment [Ak-Tracin],SBD,D06AX05|J01XX10|R02AB04,S01AA32,,
213525,acetic acid 20 MG/ML / hydrocortisone 10 MG/ML Otic Solution [Acetasol HC],SBD,A01AC03|A07EA02|D07AA02|D07AB02|D07AB11|G01AD02|H02AB09|S01BA02|S02AA10,S02CA03,,
2179641,glycerin 0.002 MG/MG Ophthalmic Gel,SCD,A06AX01,S01XA20,,
1091511,lidocaine hydrochloride 25 MG/ML Topical Solution [Zilactin-L],SBD,D04AB01|N01BB02|R02AD02,D04AB01,,
1098408,bacitracin 0.5 UNT/ML Topical Cream,SCD,D06AX05|J01XX10|R02AB04,D06AX05,,
349482,sodium oxybate 500 MG/ML Oral Solution,SCD,N01AX11|N07XX04,N07XX04,,
210487,xylometazoline hydrochloride 1 MG/ML Nasal Spray [Otrivin],SBD,R01AA07,R01AA07|R01AB06,,
212836,salicylic acid 20 MG/ML Medicated Liquid Soap [Propa P.H.],SBD,D01AE12|N02BA04,D01AE12,,
1117243,dimethicone 10 MG/ML / zinc oxide 100 MG/ML Topical Cream [A+D Diaper Rash],SBD,P03AX05,D02AB,,
1190916,"0.5 ML diphtheria toxoid vaccine, inactivated 4 UNT/ML / tetanus toxoid vaccine, inactivated 10 UNT/ML Injection [Tenivac]",SBD,J07AF01|J07AM01,J07AM01,,
402239,efalizumab 100 MG/ML Injectable Solution,SCD,L04AA21,L04AG02,,
417425,zinc oxide 200 MG/ML Topical Cream,SCD,C05AX04,D02AB,,
440303,12 HR guaifenesin 600 MG / phenylephrine hydrochloride 40 MG Extended Release Oral Tablet,SCD,R05CA03,R01BA03|R05CA03,,
540938,sulfadiazine 167 MG / sulfamerazine 167 MG / sulfamethazine 167 MG Oral Tablet [Triple Sulfa No. 2],SBD,J01EB03|J01EC02,J01EB03|J01EC02|J01ED07,,
858832,chlorpheniramine maleate 0.4 MG/ML / hydrocodone bitartrate 0.5 MG/ML / phenylephrine hydrochloride 1 MG/ML Oral Solution [KG-Dal HD],SBD,R05DA03|R06AB04,R01BA03|R05DA03|R06AB04,,
859761,chlorhexidine gluconate 40 MG/ML Medicated Liquid Soap [Calgon Vesta],SBD,A01AB03|D08AC02|R02AA05,D08AC02,,
860428,guaifenesin 20 MG/ML / hydrocodone bitartrate 0.4 MG/ML / phenylephrine hydrochloride 2 MG/ML Oral Solution [Atuss G],SBD,R05CA03|R05DA03,R01BA03|R05CA03|R05DA03,,
1000555,sulfacetamide sodium 100 MG/ML / sulfur 50 MG/ML Medicated Liquid Soap [Prascion],SBD,D10AB02,D10AB02|D10AF06,,
1000680,sulfacetamide sodium 0.1 MG/MG Ophthalmic Ointment [Bleph-10],SBD,D10AB02,S01AB04,,
1006695,sulfacetamide sodium 100 MG/ML Topical Lotion [Sebizon],SBD,D10AB02,D10AF06,,
1011809,1.7 ML epinephrine 0.01 MG/ML / lidocaine hydrochloride 20 MG/ML Cartridge [Lignospan],SBD,C01CA24|D04AB01|N01BB02|R02AD02|S01EA01,N01BB02,,
1013630,{24 (drospirenone 3 MG / ethinyl estradiol 0.02 MG / levomefolate calcium 0.451 MG Oral Tablet) / 4 (levomefolate calcium 0.451 MG Oral Tablet) } Pack [Beyaz 28 Day],BPCK,G03AC10,G03AA12,,
1039273,hydrocortisone 10 MG/ML Topical Solution [Scalpicin Itch Relief],SBD,A01AC03|A07EA02|D07AA02|D07AB02|D07AB11|H02AB09|S01BA02,D07AA02,,
1044579,camphor 40 MG/ML / capsaicin 0.3 MG/ML / menthol 100 MG/ML / methyl salicylate 300 MG/ML Topical Solution,SCD,N01BX04,M02AB01,,
1044914,chlorhexidine diacetate 0.01 MG/MG Topical Ointment [Excel],SBD,A01AB03|D08AC02|R02AA05,D08AC02,,
1046978,atropine sulfate 0.0194 MG / hyoscyamine sulfate 0.1037 MG / phenobarbital 16.2 MG / scopolamine hydrobromide 0.0065 MG Oral Tablet [Donnatal],SBD,A03BA03|N03AA02,A03CB,,
1046999,atropine sulfate 0.0582 MG / hyoscyamine sulfate 0.311 MG / phenobarbital 48.6 MG / scopolamine hydrobromide 0.0195 MG Extended Release Oral Tablet [Donnatal],SBD,A03BA03|N03AA02,A03CB,,
1047415,salicylic acid 0.02 MG/MG Paste,SCD,D01AE12|N02BA04,D02AF,,
1049899,diphenhydramine hydrochloride 10 MG/ML Topical Spray [Benadryl],SBD,D04AA32|R06AA02,D04AA32,,
1052526,ethanol 0.64 ML/ML Topical Gel,SCD,D08AX08|V03AB16|V03AZ01,D08AX08,,
1053192,benzalkonium chloride 1.2 MG/ML Medicated Liquid Soap [Safeguard Antibacterial Foaming],SBD,D08AJ01|D08AJ08|R02AA16,D08AJ01,,
244573,benzocaine 63 MG/ML / phenol 5 MG/ML Topical Solution,SCD,C05AD03|D04AB04|D08AE03|R02AD01,A01AD,,
244613,aluminum chloride 250 MG/ML Topical Solution,SCD,D10AX01,D11AA,,
210015,aluminum hydroxide 40 MG/ML / magnesium hydroxide 40 MG/ML / simethicone 4 MG/ML Oral Suspension [Almacone],SBD,A02AB01,A02AD01,,
1234238,1 ML alprostadil 0.01 MG/ML Cartridge [Edex],SBD,C01EA01|G04BE01,G04BE01,,
1014580,12 HR cetirizine hydrochloride 5 MG / pseudoephedrine hydrochloride 120 MG Extended Release Oral Tablet [Wal Zyr D],SBD,R01BA02|R06AE07,R01BA02,,
1658663,capsaicin 0.000225 MG/MG / menthol 0.045 MG/MG Medicated Patch,SCD,N01BX04,M02AB01,,
1013048,lidocaine hydrochloride 20 MG/ML Injectable Solution [Nervocaine],SBD,D04AB01|N01BB02|R02AD02,C01BB01|N01BB02,,
804183,"0.5 ML measles virus vaccine live, Enders' attenuated Edmonston strain 2000 UNT/ML / mumps virus vaccine live, Jeryl Lynn strain 25000 UNT/ML / rubella virus vaccine live (Wistar RA 27-3 strain) 2000 UNT/ML Injection",SCD,J07BD01|J07BJ01,J07BD01,,
804754,capsaicin 2.5 MG/ML Topical Cream [Zostrix],SBD,N01BX04,M02AB01,,
315200,scopolamine 0.86 MG/ML Injectable Solution,SCD,A03BB01|A04AD01|N05CM05,A04AD01|N05CM05,,
404285,hydrocortisone 10 MG/ML Topical Spray [Dermtex HC],SBD,A01AC03|A07EA02|D07AA02|D07AB02|D07AB11|H02AB09|S01BA02,D07AA02,,
830750,alanine 4.96 MG/ML / arginine 5.09 MG/ML / aspartate 3.5 MG/ML / glucose 250 MG/ML / glutamate 3.69 MG/ML / glycine 2.5 MG/ML / histidine 1.5 MG/ML / isoleucine 3.3 MG/ML / leucine 5 MG/ML / lysine 5.25 MG/ML / methionine 0.86 MG/ML / phenylalanine 1.49 MG/ML / proline 3.61 MG/ML / serine 2.65 MG/ML / threonine 2 MG/ML / tryptophan 1 MG/ML / tyrosine 1.35 MG/ML / valine 2.5 MG/ML Injectable Solution [Aminosyn II 5% in 25% Dextrose],SBD,B05CX03|B05XB03|N06AX02|V03AB26,B05BA01,,
853372,zinc acetate 1 MG/ML Topical Spray,SCD,A16AX05,D02AB,,
209971,benzocaine 0.14 MG/MG / butamben 0.02 MG/MG / tetracaine 0.02 MG/MG Topical Ointment [Cetacaine],SBD,C05AD03|D04AB04|R02AD01,N01BA03,,
211633,aluminum hydroxide 200 MG / magnesium hydroxide 200 MG / simethicone 25 MG Chewable Tablet [Gelusil],SBD,A02AB01,A02AD01,,
213542,betamethasone 0.5 MG/ML Topical Cream [Diprosone],SBD,D07AC01|H02AB01|S01BA06|S03BA03,D07AC01,,
2166147,benzocaine 50 MG/ML / menthol 10 MG/ML Mucosal Spray,SCD,C05AD03|D04AB04|R02AD01,R02AD01,,
1090034,capsaicin 0.25 MG/ML / menthol 10 MG/ML / methyl salicylate 120 MG/ML Topical Cream [ZIKS Pain Relief],SBD,N01BX04,M02AB01,,
315109,guaifenesin 200 MG / phenylephrine 10 MG Extended Release Oral Capsule,SCD,R05CA03,R01BA03|R05CA03,,
2101531,capsaicin 0.0025 MG/MG / menthol 0.05 MG/MG Medicated Patch,SCD,N01BX04,M02AB01,,
1116173,carbetapentane tannate 60 MG / chlorpheniramine tannate 5 MG / ephedrine tannate 10 MG / phenylephrine tannate 10 MG Oral Tablet,SCD,R05DB05|R06AB04,C01CA26|R01BA03|R03CA02|R05DB05|R06AB04,,
616917,carbetapentane tannate 6 MG/ML / phenylephrine tannate 1 MG/ML Oral Suspension,SCD,R05DB05,R01BA03|R05DB05,,
860576,chlorpheniramine maleate 2.4 MG/ML / hydrocodone bitartrate 2 MG/ML / phenylephrine hydrochloride 6 MG/ML Oral Solution,SCD,R05DA03|R06AB04,R01BA03|R05DA03|R06AB04,,
1011843,benzethonium chloride 0.002 MG/MG / lidocaine hydrochloride 0.025 MG/MG Topical Gel,SCD,R02AA09,D04AB01|D08AJ08,,
106234,clioquinol 30 MG/ML / hydrocortisone 10 MG/ML Topical Cream,SCD,A01AC03|A07EA02|D07AA02|D07AB02|D07AB11|H02AB09|S01BA02,D07BA04,,
241793,povidone-iodine 0.025 MG/MG Topical Ointment,SCD,D08AG02|D09AA09|D11AC06|G01AX11|R02AA15,D08AG02,,
307677,acetaminophen 325 MG / aspirin 325 MG Oral Tablet,SCD,N02BE01,N02BA01|N02BE01,,
307750,aluminum hydroxide 45 MG/ML / magnesium hydroxide 40 MG/ML / simethicone 5 MG/ML Oral Suspension,SCD,A02AB01,A02AD01,,
1723776,1 ML diphenhydramine hydrochloride 50 MG/ML Cartridge,SCD,D04AA32|R06AA02,R06AA02,,
584534,erythromycin 0.005 MG/MG Ophthalmic Ointment [Eyemycin],SBD,J01FA01,S01AA17,,
607295,dapsone 0.05 MG/MG Topical Gel,SCD,J04BA02,D10AX05,,
1010448,ivermectin 10 MG/ML Injectable Solution [Ivomec],SBD,D11AX22|P02CF01,P02CF01,,
1043446,ivermectin 5 MG/ML Topical Solution [Ivomec],SBD,D11AX22|P02CF01,D11AX22,,
1050951,ivermectin 10 MG/ML Injectable Solution [Agrimectin],SBD,D11AX22|P02CF01,P02CF01,,
1086022,zinc oxide 0.134 MG/MG Topical Ointment [Flanders],SBD,C05AX04,D02AB,,
244556,benzocaine 0.02 MG/MG Topical Ointment,SCD,C05AD03|D04AB04|R02AD01,D04AB04,,
544118,hydrocortisone 0.02 MG/MG / iodoquinol 0.01 MG/MG Topical Gel,SCD,G01AC01,D07BA04,,
1041849,ethanol 0.7 ML/ML Topical Spray,SCD,D08AX08|V03AB16|V03AZ01,D08AX08,,
1793920,capsaicin 0.275 MG/ML / menthol 50 MG/ML Topical Cream,SCD,N01BX04,M02AB01,,
1090053,hydrofluoric acid 10.4 MG/ML / sodium fluoride 17.6 MG/ML Oral Foam,SCD,A01AA01,A01AA01|A12CD01,,
800410,alanine 8.8 MG/ML / arginine 4.89 MG/ML / glucose 200 MG/ML / glycine 4.38 MG/ML / histidine 2.04 MG/ML / isoleucine 2.55 MG/ML / leucine 3.11 MG/ML / lysine 2.47 MG/ML / methionine 1.7 MG/ML / phenylalanine 2.38 MG/ML / proline 2.89 MG/ML / serine 2.13 MG/ML / threonine 1.79 MG/ML / tryptophan 0.77 MG/ML / tyrosine 0.17 MG/ML / valine 2.47 MG/ML Injectable Solution [Clinimix 4.25/20],SBD,B05CX03|B05XB03|N06AX02|V03AB26,B05BA01,,
1098163,sodium hyaluronate 1 MG/ML Topical Lotion [Hylira],SBD,M09AX01,D03AX05,,
1235049,hydrocortisone acetate 10 MG/ML / pramoxine hydrochloride 10 MG/ML Rectal Cream,SCD,A01AC03|A07EA02|D07AA02|D07AB02|D07AB11|H02AB09|S01BA02,A07EA02,,
210041,aluminum hydroxide 40 MG/ML / magnesium hydroxide 40 MG/ML / simethicone 4 MG/ML Oral Suspension [Ri-Mox Plus],SBD,A02AB01,A02AD01,,
237872,aluminum hydroxide 200 MG / magnesium hydroxide 200 MG Chewable Tablet,SCD,A02AB01,A02AD01,,
1657007,40 ML ipilimumab 5 MG/ML Injection [Yervoy],SBD,L01XC11,L01FX04,,
1145629,atropine sulfate 0.54 MG/ML Injectable Solution,SCD,A03BA01|S01FA01,A03BA01,IMPROVED,A03BA01
2122907,guaifenesin 20 MG/ML / hydrocodone bitartrate 1 MG/ML / phenylephrine hydrochloride 3 MG/ML Oral Solution [Guiaplex HC],SBD,R05CA03|R05DA03,R01BA03|R05CA03|R05DA03,,
1716037,{21 (desogestrel 0.15 MG / ethinyl estradiol 0.02 MG Oral Tablet) / 5 (ethinyl estradiol 0.01 MG Oral Tablet) / 2 (inert ingredients 1 MG Oral Tablet) } Pack [Bekyree 28 Day],BPCK,G03AA09|G03AC09|G03CA01,G03AA09,,
1741569,calcium carbonate 750 MG / simethicone 250 MG Chewable Tablet [Phazyme Gas & Acid],SBD,A03AX13|A12AA04,A02AF02,,
1793915,zinc oxide 153 MG/ML Topical Cream,SCD,C05AX04,D02AB,,
1807578,20 ML sodium chloride 146 MG/ML Injection,SCD,A12CA01|B05BB01|B05CB01|B05XA03|S01XA03,B05XA03,IMPROVED,B05XA03
1859165,benzalkonium chloride 4 MG/ML Topical Spray,SCD,D08AJ01|D08AJ08|R02AA16,D08AJ01,,
1860463,100 ML potassium chloride 0.4 MEQ/ML Injection,SCD,A12BA01|B05XA01,A12BA01,,
1867998,5 ML epinephrine 0.005 MG/ML / lidocaine hydrochloride 15 MG/ML Injection,SCD,C01CA24|D04AB01|N01BB02|R02AD02|S01EA01,N01BB02,IMPROVED,N01BB02
1869279,1 ML ethanol 0.98 ML/ML Injection,SCD,D08AX08|V03AB16|V03AZ01,V03AZ01,,
1874008,diphenhydramine hydrochloride 0.02 MG/MG Topical Gel [After Sting],SBD,D04AA32|R06AA02,D04AA32,,
1876117,chlorpheniramine maleate 0.4 MG/ML / phenylephrine hydrochloride 1 MG/ML Oral Solution,SCD,R06AB04,R01BA53,,
1243894,benzethonium chloride 2 MG/ML Medicated Liquid Soap [Veti-Foam],SBD,D08AJ08|R02AA09,D08AJ08,,
1245026,sodium chloride 35 MG/ML Inhalation Solution [Hyper-Sal],SBD,A12CA01|B05BB01|B05CB01|B05XA03|S01XA03,R01AX,,
1246076,pramoxine hydrochloride 10 MG/ML Topical Lotion [Prax],SBD,C05AD07|D04AB07,D04AB07,,
1248331,salicylic acid 0.12 MG/MG Topical Ointment,SCD,D01AE12|N02BA04,D01AE12,,
1291607,cetylpyridinium chloride 5 MG/ML / chloroxylenol 12.5 MG/ML / triacetin 10 MG/ML Topical Cream,SCD,D08AE05,D08AE05|D08AJ03,,
1297832,benzocaine 0.2 MG/MG Oral Gel [Alpha-caine],SBD,R02AD01,N01BA05,,
1300361,salicylic acid 0.01 MG/MG Topical Gel [No Zit Sherlock],SBD,D01AE12|N02BA04,D01AE12,,
1305222,alpha-tocopherol acetate 1.4 UNT/ML / ascorbic acid 16 MG/ML / biotin 0.004 MG/ML / cholecalciferol 80 UNT/ML / dexpanthenol 1 MG/ML / folic acid 0.028 MG/ML / niacinamide 3.4 MG/ML / pyridoxine hydrochloride 0.2 MG/ML / riboflavin 0.28 MG/ML / thiamine hydrochloride 0.24 MG/ML / vitamin A palmitate 460 UNT/ML / vitamin B12 0.0002 MG/ML / vitamin K1 0.04 MG/ML Injectable Solution [Infuvite Pediatric],SBD,A11CA01|A11CC05|A11DA01|A11GA01|A11HA01|A11HA02|A11HA04|A11HA05|B02BA01|B03BA01|B03BB01,A11JA,,
1300384,"0.5 ML Bordetella pertussis filamentous hemagglutinin vaccine, inactivated 0.05 MG/ML / Bordetella pertussis pertactin vaccine, inactivated 0.016 MG/ML / Bordetella pertussis toxoid vaccine, inactivated 0.05 MG/ML / diphtheria toxoid vaccine, inactivated 50 UNT/ML / tetanus toxoid vaccine, inactivated 20 UNT/ML Prefilled Syringe [Infanrix]",SBD,J07AF01|J07AM01,J07AJ52,,
1314779,cocoa butter 0.854 MG/MG / phenylephrine hydrochloride 0.0025 MG/MG Rectal Suppository,SCD,R01AA04|S01FB01|S01XA20,C05AX06,,
1357938,carbetapentane citrate 4 MG/ML / pseudoephedrine hydrochloride 1.6 MG/ML / pyrilamine maleate 1.5 MG/ML Oral Solution [Zotex-D],SBD,R01BA02|R05DB05,R01BA02|R05DB05|R06AC01,,
1358508,methylprednisolone acetate 0.01 MG/MG Topical Ointment,SCD,H02AB04,D07AA01,,
1359362,Neomycin 3.5 MG/ML / Polymyxin B 10000 UNT/ML / Pramoxine hydrochloride 10 MG/ML Topical Cream [Neosporin Plus Maximum Strength Cream],SBD,A07AA01|D06AX04|S01AA03,D06AX04,,
1367222,chlorpheniramine maleate 1 MG / phenylephrine hydrochloride 2.5 MG Chewable Tablet,SCD,R06AB04,R01BA03|R06AB04,,
1374383,benzalkonium chloride 1.1 MG/ML / lidocaine hydrochloride 10 MG/ML Medicated Pad,SCD,D04AB01|D08AJ01|D08AJ08|N01BB02|R02AA16|R02AD02,D04AB01,,
1440003,codeine phosphate 1.8 MG/ML / dexchlorpheniramine maleate 0.2 MG/ML / phenylephrine hydrochloride 1 MG/ML Oral Solution,SCD,R05DA04|R06AB02,R05DA04,,
1486208,salicylic acid 0.05 MG/MG / urea 0.1 MG/MG Topical Ointment [Kerasal Exfoliating Foot Moisturizer Therapy],SBD,D01AE12|D02AE01|N02BA04,D01AE12|D02AE01,,
1486985,docusate sodium 20 MG/ML Enema [Docusol],SBD,A06AA02,A06AG10,IMPROVED,A06AG10
1487076,diclofenac sodium 20 MG/ML Topical Solution [Pennsaid],SBD,M01AB05|M02AA15|S01BC03,M02AA15,,
1494173,sulfacetamide sodium 98 MG/ML / sulfur 48 MG/ML Topical Cream,SCD,D10AB02,D10AF06,,
1536604,{1 (9000 MG) (miconazole nitrate 20 MG/ML Vaginal Cream [Monistat]) / 3 (5000 MG) (miconazole nitrate 40 MG/ML Vaginal Cream [Monistat]) } Pack [Monistat 3 Vaginal Cream Combination Pack with Vaginal Creams],BPCK,A01AB09|D01AC02|G01AF04,G01AF04,,
1541109,salicylic acid 0.005 MG/MG Topical Gel [Hydraclear],SBD,D01AE12|N02BA04,D01AE12,,
1542380,sulfacetamide sodium 98 MG/ML Topical Lotion [Ovace],SBD,D10AB02,D10AF06,,
1542994,fluocinolone acetonide 0.25 MG/ML / neomycin sulfate 5 MG/ML Topical Cream [Neo-Synalar],SBD,A07AA01|D06AX04|S01AA03,D07CC02,,
1314672,ascorbic acid 210 MG / biotin 0.3 MG / calcium pantothenate 7 MG / copper sulfate 0.8 MG / ferrous fumarate 130 MG / folic acid 1 MG / magnesium sulfate 6.9 MG / manganese sulfate 1.3 MG / niacin 20 MG / polysaccharide iron complex 92.4 MG / pyridoxine hydrochloride 25 MG / riboflavin 5 MG / thiamine mononitrate 5 MG / vitamin B12 0.01 MG / zinc sulfate 18.2 MG Oral Capsule [Concept OB],SBD,A11DA01|A11GA01|A11HA02|A11HA04|A11HA05|A12CB01|B03BA01|B03BB01|V03AB20,B03AE,,
1741268,5 ML iron sucrose 20 MG/ML Injection [Venofer],SBD,B03AB02,B03AC,,
1942189,benzocaine 0.2 MG/MG Oral Gel [LolliCaine],SBD,R02AD01,N01BA05,,
1294616,diphenhydramine hydrochloride 0.01 MG/MG / tripelennamine hydrochloride 0.005 MG/MG Topical Gel [Di-Delamine],SBD,D04AA32|R06AA02,D04AA04|D04AA32,,
1300901,salicylic acid 20 MG/ML Medicated Liquid Soap [Clarifoam Pure],SBD,D01AE12|N02BA04,D01AE12,,
1245168,magnesium citrate 58.2 MG/ML Oral Solution [Citroma],SBD,A12CC04,A06AD19,,
1421461,{24 (ethinyl estradiol 0.02 MG / norethindrone acetate 1 MG Oral Capsule) / 4 (ferrous fumarate 75 MG Oral Capsule) } Pack,GPCK,B03AA02|G03CA01|G03DC02,B03AA02|G03AA05,,
1436557,caffeine 1.63 MG/ML / choline salicylate 12.5 MG/ML Oral Solution,SCD,N06BC01,N02BA03|N06BC01,,
197477,chlorothiazide 500 MG / reserpine 0.125 MG Oral Tablet,SCD,C02AA02|C03AA04,C02LA01,,
1494046,benzalkonium chloride 12.5 MG/ML / N-alkyl ethylbenzyl dimethyl ammonium chloride (C12-C14) 12.5 MG/ML Medicated Liquid Soap [Med-I-San],SBD,D08AJ01|D08AJ08|R02AA16,D08AJ01,,
1494035,hydrocortisone 10 MG/ML Vaginal Cream [Monistat Itch Relief],SBD,A01AC03|A07EA02|D07AA02|D07AB02|D07AB11|H02AB09|S01BA02,G02CX,BOTH_WRONG,G02CX
1549399,benzocaine 15 MG/ML / chloroxylenol 1 MG/ML / hydrocortisone acetate 10 MG/ML Otic Suspension [Myoxin],SBD,D08AE05,D04AB07|D08AE05,,
1946481,lanolin 0.157 MG/MG / menthol 0.0044 MG/MG / petrolatum 0.24 MG/MG / zinc oxide 0.206 MG/MG Topical Ointment [Calmoseptine],SBD,C05AX04,D02AC,,
1946577,capsaicin 0.3 MG/ML / menthol 30 MG/ML / methyl salicylate 100 MG/ML Topical Cream,SCD,N01BX04,M02AB01,,
1243771,"thrombin, bovine 2000 UNT/ML Topical Spray [Thrombin-JMI]",SBD,B02BC06|B02BD30,B02BD30,,
1247893,"docusate sodium 50 MG / sennosides, USP 8.6 MG Oral Tablet [Gentlax S]",SBD,A06AB06,A06AA02|A06AB06,,
1250169,0.1 ML lidocaine hydrochloride 10 MG/ML Prefilled Syringe,SCD,D04AB01|N01BB02|R02AD02,C01BB01|N01BB02,,
1251274,methscopolamine nitrate 2.5 MG / pseudoephedrine hydrochloride 120 MG Oral Tablet,SCD,R01BA02,A03BB03|R01BA02,,
1309062,acetaminophen 325 MG / guaifenesin 100 MG / phenylephrine hydrochloride 5 MG Oral Tablet,SCD,N02BE01|R05CA03,R05CA03,,
1310125,dimethicone 12 MG/ML Topical Cream,SCD,P03AX05,D02AA,,
1430050,undecylenic acid 200 MG/ML Topical Spray,SCD,D01AE04|D01AE20,D01AE04,,
1436949,hydrocortisone acetate 19 MG/ML / iodoquinol 10 MG/ML Topical Cream [Vytone],SBD,G01AC01,D07BA04,,
1367219,brompheniramine tannate 2.2 MG / phenylephrine tannate 1.58 MG Chewable Tablet,SCD,R06AB01,R01BA03|R06AB01,,
198158,procaine 100 MG/ML Injectable Solution,SCD,C05AD05|N01BA02|S01HA05,N01BA02,,
1484488,capsaicin 0.0083 MG/MG / menthol 0.03 MG/MG Medicated Patch,SCD,N01BX04,M02AB01,,
1535364,sodium fluoride 0.0272 MG/MG Oral Gel [Denticare Pro Gel],SBD,A01AA01,A01AA01|A12CD01,,
1606353,hydrocortisone 0.01 MG/MG / ketoconazole 0.0015 MG/MG Otic Gel,SCD,A01AC03|A07EA02|D01AC08|D07AA02|D07AB02|D07AB11|H02AB09|J02AB02|S01BA02,S02CA03,,
1649007,capsaicin 0.34 MG/ML / methyl salicylate 100 MG/ML Topical Cream,SCD,N01BX04,M02AB01,,
1652638,citric acid 1002 MG / potassium citrate 3300 MG Powder for Oral Solution [Cytra-K],SBD,A09AB04|A12BA02,G04BC,,
1651394,miconazole nitrate 10 MG/ML Topical Lotion [MicaVed],SBD,A01AB09|D01AC02|G01AF04,D01AC02,,
1537948,minoxidil 50 MG/ML Topical Spray,SCD,C02DC01|D11AX01,D11AX01,,
1549081,glycerin 0.01 MG/MG Medicated Liquid Soap,SCD,A06AX01,A06AG04|A06AX01,,
1549867,benzalkonium chloride 5.5 MG/ML Medicated Liquid Soap,SCD,D08AJ01|D08AJ08|R02AA16,D08AJ01,,
1598073,ivermectin 10 MG/ML Topical Cream [Soolantra],SBD,D11AX22|P02CF01,D11AX22,,
1607012,camphor 30 MG/ML / menthol 10 MG/ML / tetracaine hydrochloride 20 MG/ML Topical Spray,SCD,C05AD02|D04AB06|N01BA03|S01HA03,D04AB06,,
1439918,salicylic acid 170 MG/ML Topical Solution [Verrustat],SBD,D01AE12|N02BA04,D01AE12,,
1598284,guaifenesin 40 MG/ML / hydrocodone bitartrate 0.5 MG/ML Oral Solution [Obredon],SBD,R05CA03|R05DA03,R05FA02,,
1442520,salicylic acid 50 MG/ML Medicated Shampoo [Keralyt],SBD,D01AE12|N02BA04,D11AC,,
667904,salicylic acid 60 MG/ML Medicated Shampoo,SCD,D01AE12|N02BA04,D02AF|D11AC,,
761649,hydrocortisone 10 MG/ML Topical Lotion [Itch-X Maximum Strength],SBD,A01AC03|A07EA02|D07AA02|D07AB02|D07AB11|H02AB09|S01BA02,D07AA02,,
686514,glucose 43 MG/ML / sodium chloride 0.0308 MEQ/ML Injectable Solution,SCD,A12CA01|B05BA03|B05BB01|B05CB01|B05XA03|S01XA03|V06DC01,B05BB02,,
694009,benzocaine 63 MG/ML Mucous Membrane Topical Solution [Anbesol],SBD,C05AD03|D04AB04|R02AD01,R02AD01,,
728550,ketoconazole 20 MG/ML Topical Foam,SCD,D01AC08|J02AB02,D01AC08,,
730781,500 ML sodium chloride 30 MG/ML Injection,SCD,A12CA01|B05BB01|B05CB01|B05XA03|S01XA03,B05XA03,,
745533,penicillin G potassium 20000 UNT/ML Oral Solution,SCD,J01CE08|J01CE09,J01CE01,,
800405,alanine 8.8 MG/ML / arginine 4.89 MG/ML / glucose 100 MG/ML / glycine 4.38 MG/ML / histidine 2.04 MG/ML / isoleucine 2.55 MG/ML / leucine 3.11 MG/ML / lysine 2.47 MG/ML / methionine 1.7 MG/ML / phenylalanine 2.38 MG/ML / proline 2.89 MG/ML / serine 2.13 MG/ML / threonine 1.79 MG/ML / tryptophan 0.77 MG/ML / tyrosine 0.17 MG/ML / valine 2.47 MG/ML Injectable Solution [Clinimix 4.25/10],SBD,B05CX03|B05XB03|N06AX02|V03AB26,B05BA01,,
762001,{21 (desogestrel 0.15 MG / ethinyl estradiol 0.02 MG Oral Tablet) / 5 (ethinyl estradiol 0.01 MG Oral Tablet) / 2 (inert ingredients 1 MG Oral Tablet) } Pack [Kariva 28 Day],BPCK,G03AA09|G03AC09|G03CA01,G03AA09,,
861072,ascorbic acid 500 MG / ferrous sulfate 525 MG / folic acid 0.8 MG Extended Release Oral Tablet [Folitab],SBD,A11GA01|B03BB01,A11GA01|B03AA07|B03BB01,IMPROVED,A11GA01|B03AA07|B03BB01
311448,500 ML mannitol 150 MG/ML Injection,SCD,A06AD16,B05BC01,,
312611,prednisolone 5 MG/ML Ophthalmic Solution,SCD,A07EA01|H02AB06|S01BA04|S03BA02,S01BA04,,
1991422,benzocaine 200 MG/ML Topical Spray [Monistat Care],SBD,C05AD03|D04AB04|R02AD01,N01BA05,,
806728,sodium chloride 30 MG/ML Nasal Spray,SCD,A12CA01|B05BB01|B05CB01|B05XA03|S01XA03,R01AX,,
745284,penicillin G potassium 500000 UNT/ML Oral Solution,SCD,J01CE08|J01CE09,J01CE01,,
762813,{21 (ethinyl estradiol 0.05 MG / norgestrel 0.5 MG Oral Tablet) } Pack [Ovral 21 Day],BPCK,G03CA01,G03AA06,,
991000,physostigmine salicylate 2.5 MG/ML / pilocarpine hydrochloride 20 MG/ML Ophthalmic Solution,SCD,N07AX01|S01EB01,S01EB05,,
205817,ampicillin 25 MG/ML Oral Suspension [Totacillin],SBD,J01CA01|J01CA18,J01CA01,,
308490,bacitracin 0.4 UNT/MG / hydrocortisone 0.01 MG/MG / neomycin 0.005 MG/MG / polymyxin B 10 UNT/MG Ophthalmic Ointment,SCD,A01AC03|A07AA01|A07EA02|D06AX04|D07AA02|D07AB02|D07AB11|H02AB09|S01AA03|S01BA02,S01CA03,,
310868,hydrocortisone 10 MG/ML Rectal Cream,SCD,A01AC03|A07EA02|D07AA02|D07AB02|D07AB11|H02AB09|S01BA02,C05AA01,,
2002008,lidocaine hydrochloride 40 MG/ML / menthol 10 MG/ML Topical Solution,SCD,D04AB01|N01BB02|R02AD02,D04AB01,,
204509,polymyxin B 250000 UNT/ML Injectable Solution,SCD,A07AA05|J01XB02|S01AA18|S02AA11|S03AA03,J01XB02,,
723533,acetaminophen 250 MG / aspirin 250 MG / caffeine 65 MG Oral Tablet [Anacin Advanced Headache Formula],SBD,N02BE01|N06BC01,N02BE01,,
884203,chlorthalidone 15 MG / clonidine hydrochloride 0.3 MG Oral Tablet,SCD,C03BA04,C02LC01,,
311928,neomycin 0.0035 MG/MG Topical Ointment,SCD,A07AA01|D06AX04|S01AA03,D06AX04,,
312186,oxytetracycline 0.005 MG/MG / polymyxin B 10 UNT/MG Ophthalmic Ointment,SCD,J01AA06,S01AA30,IMPROVED,S01AA30
206026,clioquinol 30 MG/ML / hydrocortisone 5 MG/ML Topical Cream [Ala-Quin],SBD,A01AC03|A07EA02|D07AA02|D07AB02|D07AB11|H02AB09|S01BA02,D07BA04,,
800118,alanine 4.22 MG/ML / arginine 4.32 MG/ML / aspartate 2.98 MG/ML / glucose 250 MG/ML / glutamate 3.14 MG/ML / glycine 2.12 MG/ML / histidine 1.28 MG/ML / isoleucine 2.8 MG/ML / leucine 4.25 MG/ML / lysine 4.46 MG/ML / methionine 0.73 MG/ML / N-acetyltyrosine 1.15 MG/ML / phenylalanine 1.26 MG/ML / proline 3.07 MG/ML / serine 2.25 MG/ML / threonine 1.7 MG/ML / tryptophan 0.85 MG/ML / valine 2.12 MG/ML Injectable Solution,SCD,B05CX03|B05XB03|N06AX02|V03AB26,B05BA01,,
900428,clindamycin 25 MG/ML Oral Solution [Clinsol],SBD,D10AF01|J01FF01,J01FF01,,
761973,{7 (desogestrel 0.1 MG / ethinyl estradiol 0.025 MG Oral Tablet) / 7 (desogestrel 0.125 MG / ethinyl estradiol 0.025 MG Oral Tablet) / 7 (desogestrel 0.15 MG / ethinyl estradiol 0.025 MG Oral Tablet) / 7 (inert ingredients 1 MG Oral Tablet) } Pack [Cesia 28 Day],BPCK,G03AC09,G03AA09,,
966562,200 ACTUAT beclomethasone dipropionate 0.042 MG/ACTUAT Metered Dose Inhaler [Vanceril],SBD,D07AC15|R01AD01,R03BA01,IMPROVED,R03BA01
750255,{21 (ethinyl estradiol 0.05 MG / ethynodiol diacetate 1 MG Oral Tablet) / 7 (inert ingredients 1 MG Oral Tablet) } Pack [Demulen 1/50 28 Day],BPCK,G03DC06,G03AA01,,
992784,{1 (9000 MG) (miconazole nitrate 20 MG/ML Vaginal Cream [Monistat]) / 1 (45000 MG) (miconazole nitrate 20 MG/ML Vaginal Cream [Monistat]) } Pack [Monistat 7 Vaginal Cream Combination Pack],BPCK,A01AB09|D01AC02|G01AF04,G01AF04,,
309279,chromic chloride 0.0513 MG/ML / copper sulfate 3.93 MG/ML / manganese sulfate 1.54 MG/ML / zinc sulfate 22 MG/ML Injectable Solution,SCD,A12CB01|V03AB20,A12CB01|B05XA18|V03AB20,,
310469,gentamicin 3 MG/ML / prednisolone acetate 10 MG/ML Ophthalmic Suspension,SCD,A07EA01|D06AX07|H02AB06|S01BA04|S03AA06|S03BA02,S01CA02,,
2003664,"2 ML fibrinogen, human 106 MG/ML / thrombin, human 625 UNT/ML Prefilled Syringe [Tisseel]",SBD,B05XA07,B02BC06,,
206331,hydrocortisone 10 MG/ML Topical Solution [Sarnol-HC],SBD,A01AC03|A07EA02|D07AA02|D07AB02|D07AB11|H02AB09|S01BA02,D07AA02,,
315156,neomycin 3.5 MG/ML / polymyxin B 16250 UNT/ML Ophthalmic Solution,SCD,A07AA01|D06AX04|S01AA03,S01AA30,,
826865,ascorbic acid 60 MG / biotin 0.3 MG / ferrous fumarate 29 MG / folic acid 0.8 MG / mecobalamin 0.006 MG / niacinamide 20 MG / pantothenate 10 MG / pyridoxine 10 MG / riboflavin 1.7 MG / thiamine 1.5 MG Oral Tablet [Dialyvite 800 with Iron],SBD,A11DA01|A11GA01|A11HA01|A11HA02|A11HA04|A11HA05|B03BA05|B03BB01,A11DA01|A11GA01|A11HA01|A11HA02|A11HA04|A11HA05|A11HA31|B03AA02|B03BA05|B03BB01,,
2052925,dyclonine hydrochloride 2 MG / menthol 6 MG Oral Lozenge [Sucrets Sore Throat],SBD,N01BX02|R02AD04,R02AD04,,
309579,chlorpheniramine 4 MG / phenylpropanolamine 50 MG / pyrilamine 25 MG Extended Release Oral Capsule,SCD,R01BA01|R06AB04,R01BA01|R06AB04|R06AC01,,
310471,gentamicin 5 MG/ML Ophthalmic Solution,SCD,D06AX07|S03AA06,S01AA11,,
1089069,zinc oxide 0.038 MG/MG Topical Ointment [PeriGuard],SBD,C05AX04,D02AB,,
2056934,lidocaine hydrochloride 0.02 MG/MG Topical Gel [Burn Jel],SBD,D04AB01|N01BB02|R02AD02,D04AB01,,
205897,epinephrine 10 MG/ML / pilocarpine hydrochloride 30 MG/ML Ophthalmic Solution [P3E1],SBD,C01CA24|N07AX01|S01EA01|S01EB01,S01EA01|S01EB01,,
317153,salicylic acid 15 MG/ML / sulfur 20 MG/ML Topical Solution,SCD,D10AB02,D01AE12|D10AB02,,
807396,glucose 50 MG/ML / magnesium chloride 0.003 MEQ/ML / monobasic potassium phosphate 0.00147 MEQ/ML / potassium chloride 0.0189 MEQ/ML / sodium chloride 0.002 MEQ/ML / sodium lactate 0.0232 MEQ/ML Injectable Solution,SCD,A12CA01|A12CC01|B05BA03|B05BB01|B05CB01|B05XA03|G01AD01|S01XA03|V06DC01,B05BB01,IMPROVED,B05BB01
309561,chlorpheniramine maleate 1 MG/ML / guaifenesin 20 MG/ML / phenylephrine hydrochloride 2 MG/ML Oral Solution,SCD,R05CA03|R06AB04,R01BA03|R05CA03|R06AB04,,
198420,sulfisoxazole 100 MG/ML Oral Suspension,SCD,J01EB05|S01AB02,J01EB05,,
994530,aspirin 385 MG / caffeine 30 MG / orphenadrine citrate 25 MG Oral Tablet [Norgesic],SBD,N06BC01,M03BC01,,
997964,salicylic acid 20 MG/ML Medicated Liquid Soap [Acnevir],SBD,D01AE12|N02BA04,D01AE12,,
359541,folic acid 0.5 MG / vitamin B12 0.2 MG / vitamin B6 5 MG Oral Tablet,SCD,B03BA01|B03BB01,B03BA51,BOTH_WRONG,B03BA51
801177,dexpanthenol 2 MG/ML / niacinamide 100 MG/ML / riboflavin 2 MG/ML / thiamine 100 MG/ML / vitamin B6 2 MG/ML Injectable Solution,SCD,A11DA01|A11HA01|A11HA04,A11DA01|A11HA01|A11HA02|A11HA04,,
999996,amlodipine 5 MG / hydrochlorothiazide 12.5 MG / olmesartan medoxomil 40 MG Oral Tablet,SCD,C03AA03|C08CA01,C09DX03,,
847060,hydrochlorothiazide 12.5 MG / olmesartan medoxomil 20 MG Oral Tablet [Benicar HCT],SBD,C03AA03|C09DA08,C09DA08,,
854995,colistin 3 MG/ML / hydrocortisone 10 MG/ML / neomycin 3.3 MG/ML / thonzonium bromide 0.5 MG/ML Otic Suspension [Coly Mycin S],SBD,A01AC03|A07AA01|A07AA10|A07EA02|D06AX04|D07AA02|D07AB02|D07AB11|H02AB09|S01AA03|S01BA02,S02CA03,,
857383,acetaminophen 650 MG / hydrocodone bitartrate 10 MG Oral Tablet,SCD,N02BE01|R05DA03,N02AJ22,,
208602,dexamethasone 0.001 MG/MG / neomycin 0.0035 MG/MG / polymyxin B 10 UNT/MG Ophthalmic Ointment [Poly-Dex],SBD,A07AA01|D06AX04|H02AB02|S01AA03|S01BA01,S01CA01,,
208677,dexamethasone 0.0005 MG/MG / neomycin 0.0035 MG/MG Ophthalmic Ointment [Neo-Decadron],SBD,A07AA01|D06AX04|H02AB02|S01AA03|S01BA01,S01CA01,,
210036,aluminum hydroxide 40 MG/ML / magnesium hydroxide 40 MG/ML / simethicone 4 MG/ML Oral Suspension [Mi-Acid],SBD,A02AB01,A02AD01,,
211114,povidone-iodine 100 MG/ML Topical Solution [Polydine],SBD,D08AG02|G01AX11,D08AG02,,
213194,tobramycin 60 MG/ML Inhalation Solution [Tobi],SBD,J01GB01|S01AA12,J01GB01,,
2182349,chlorpheniramine maleate 0.4 MG/ML / hydrocodone bitartrate 0.5 MG/ML / phenylephrine hydrochloride 2 MG/ML Oral Solution,SCD,R05DA03|R06AB04,R01BA03|R05DA03|R06AB04,,
1111752,dexpanthenol 0.2 MG/ML / magnesium sulfate 0.0467 MG/ML / manganese sulfate 0.0467 MG/ML / niacinamide 0.467 MG/ML / pyridoxine 0.0467 MG/ML / riboflavin 0.04 MG/ML / thiamine 0.0333 MG/ML / vitamin B12 0.000133 MG/ML / zinc sulfate 0.333 MG/ML Oral Solution [Eldertonic],SBD,A11DA01|A11HA01|A11HA02|A11HA04|A12CB01|B03BA01,A11DA01|A11HA01|A11HA02|A11HA04|A11HA30|A12CB01|B03BA01,,
1114356,ascorbic acid 60 MG / ferrous fumarate 200 MG / vitamin B12 0.005 MG Extended Release Oral Capsule [Fumatinic],SBD,A11GA01|B03BA01,A11GA01|B03AA02|B03BA01,,
1190910,atropine sulfate 0.36 MG / chlorpheniramine maleate 8 MG / phenylpropanolamine hydrochloride 50 MG Extended Release Oral Capsule,SCD,R01BA01|R06AB04,A03BA01|R01BA01|R06AB04,,
1232621,chloroxylenol 1 MG/ML / pramoxine hydrochloride 10 MG/ML Otic Solution [Pramotic],SBD,D08AE05,D04AB07|D08AE05,,
562507,"coal tar 0.02 MG/MG / salicylic acid 0.015 MG/MG / sulfur, colloidal 0.011 MG/MG Topical Ointment",SCD,D01AE12|N02BA04,D01AE12,,
578806,betamethasone 3 MG/ML / betamethasone acetate 3 MG/ML Injectable Suspension [Celestone Soluspan],SBD,D07AC01|H02AB01|S01BA06|S03BA03,H02AB01,,
616507,ethanol 0.21 ML/ML / sulfur 50 MG/ML / zinc oxide 100 MG/ML / zinc sulfate 10 MG/ML Topical Lotion,SCD,A12CB01|D10AB02,D02AB|D08AX08|D10AB02,,
562359,dimethyl sulfoxide 500 MG/ML Irrigation Solution,SCD,G04BX13|M02AX03,G04BX13,,
1000093,doxepin hydrochloride 50 MG/ML Topical Cream [Prudoxin],SBD,N06AA12,D04AX01,,
1006712,sulfacetamide sodium 150 MG/ML Ophthalmic Solution [Isopto Cetamide],SBD,D10AB02,S01AB04,,
1012152,prednisolone sodium phosphate 5 MG/ML / sulfacetamide sodium 100 MG/ML Ophthalmic Solution [Optimyd],SBD,A07EA01|D10AB02|H02AB06|S01BA04|S03BA02,S01CA02,,
1012628,hydrocortisone acetate 5 MG/ML / lidocaine hydrochloride 30 MG/ML Topical Lotion [Lidamantle HC],SBD,A01AC03|A07EA02|D04AB01|D07AA02|D07AB02|D07AB11|H02AB09|N01BB02|R02AD02|S01BA02,C05AA01|C05AD01|D04AB01|D07AA02|D07XA01,,
1014137,sodium chloride 21 MG/ML Nasal Solution [SaltAire],SBD,A12CA01|B05BB01|B05CB01|B05XA03|S01XA03,R01AX,,
1014583,12 HR cetirizine hydrochloride 5 MG / pseudoephedrine hydrochloride 120 MG Extended Release Oral Tablet [Zyrtec-D],SBD,R01BA02|R06AE07,R01BA02,,
1042982,catalase 0.02 MG / cysteine 5 MG / lysine 20 MG / methionine 200 MG / superoxide dismutase 0.02 MG Oral Capsule,SCD,B05XB03|V03AB26,V03AB26,,
1047001,atropine sulfate 0.0582 MG / hyoscyamine sulfate 0.311 MG / phenobarbital 48.6 MG / scopolamine hydrobromide 0.0195 MG Extended Release Oral Tablet [Bellatal],SBD,A03BA03|N03AA02,A03CB,,
1049123,benzalkonium chloride 1.3 MG/ML / pramoxine hydrochloride 10 MG/ML Topical Spray,SCD,D08AJ01|D08AJ08|R02AA16,D04AB07,,
1050080,diphenhydramine hydrochloride 20 MG/ML Topical Spray,SCD,D04AA32|R06AA02,D04AA32,,
1086257,triamcinolone acetonide 40 MG/ML Injectable Suspension [Triamcot],SBD,A01AC01|H02AB08|R01AD11,H02AB08,,
240571,betamethasone 0.0005 MG/MG Topical Gel,SCD,D07AC01|H02AB01|S01BA06|S03BA03,D07AC01,,
1659137,piperacillin 3000 MG / tazobactam 375 MG Injection,SCD,J01CA12|J01CG02,J01CR05,,
1005767,sulfacetamide sodium 100 MG/ML / sulfur 50 MG/ML Medicated Liquid Soap [Avar],SBD,D10AB02,D10AF06,,
1012066,5 ML lidocaine hydrochloride 10 MG/ML Prefilled Syringe,SCD,D04AB01|N01BB02|R02AD02,N01BB02,,
1049402,benzalkonium chloride 2 MG/ML Topical Spray,SCD,D08AJ01|D08AJ08,D08AJ01,,
1086463,chlorpheniramine maleate 0.8 MG/ML / phenylephrine hydrochloride 2 MG/ML Oral Solution,SCD,R06AB04,R01BA53,,
241907,brompheniramine maleate 1 MG/ML / guaifenesin 40 MG/ML / phenylephrine hydrochloride 2 MG/ML Oral Solution,SCD,R05CA03|R06AB01,R01BA03|R05CA03|R06AB01,,
1659947,povidone-iodine 75 MG/ML Topical Lotion [Apocreme],SBD,D08AG02|D09AA09|D11AC06|G01AX11|R02AA15,D08AG02,,
1661176,tioconazole 0.065 MG/MG Vaginal Ointment [Monistat Simple Therapy],SBD,D01AC07|G01AF08,G01AF08,,
1000158,0.65 ML medroxyprogesterone acetate 160 MG/ML Prefilled Syringe [depo-subQ provera],SBD,G03DA02,L02AB02,,
808596,24 HR calcium carbonate 1500 MG / cholecalciferol 500 UNT Extended Release Oral Tablet,SCD,A11CC05,A11CC05|A12AA04,,
206537,500 ML mannitol 150 MG/ML Injection [Osmitrol],SBD,A06AD16,B05BC01,,
374862,benzocaine / menthol Oral Lozenge,SCDF,C05AD03|D04AB04|R02AD01,R02AD01,,
801442,magnesium sulfate 0.2 MG/ML / monobasic potassium phosphate 0.063 MG/ML / potassium chloride 0.005 MEQ/ML / sodium chloride 0.14 MEQ/ML / sodium phosphate dihydrate 0.088 MG/ML Irrigation Solution,SCD,A06AD04|A12CA01|B05BB01|B05CB01|B05XA03|B05XA05|S01XA03,B05CB01|B05XA03|B05XA05,,
313625,ascorbic acid 100 MG / ferrous fumarate 275 MG / folic acid 1 MG / vitamin B12 0.015 MG Extended Release Oral Capsule,SCD,A11GA01|B03BA01|B03BB01,A11GA01|B03AA02|B03BA01|B03BB01,,
808354,{1 (22.7 ML) (hydrocortisone 0.01 MG/MG Topical Gel [Xebcort]) / 3 (15 ML) (ketoconazole 0.02 MG/MG Topical Gel [Xolegel]) } Pack [Xolegel CorePak],BPCK,A01AC03|A07EA02|D01AC08|D07AA02|D07AB02|D07AB11|H02AB09|J02AB02|S01BA02,D01AC08|D07AA02,IMPROVED,D01AC08|D07AA02
208191,benzocaine 0.2 MG/MG Topical Gel [Americaine Anesthetic Lubricant],SBD,C05AD03|D04AB04|R02AD01,C05AD03|D04AB04,,
208958,potassium chloride 1.33 MEQ/ML Oral Solution [Kay Ciel],SBD,A12BA01|B05XA01,A12BA01,,
211765,benzoyl peroxide 50 MG/ML / hydrocortisone 5 MG/ML Topical Lotion [Vanoxide-HC],SBD,D10AE01,D10AE51,BOTH_WRONG,D10AE51
212645,lactic acid 50 MG/ML Topical Lotion [Lacticare],SBD,G01AD01,D02AX,,
212812,salicylic acid 0.02 MG/MG Topical Gel [Stri-Dex Clear Gel],SBD,D01AE12|N02BA04,D11AF,,
213539,betamethasone 0.5 MG/ML Topical Cream [Alphatrex],SBD,D07AC01|H02AB01|S01BA06|S03BA03,D07AC01,,
2184167,12 HR carbetapentane tannate 60 MG / chlorpheniramine tannate 5 MG / phenylephrine tannate 10 MG Extended Release Oral Tablet,SCD,R05DB05|R06AB04,R01BA03|R05DB05|R06AB04,,
1090532,chlorpheniramine maleate 1 MG/ML / phenylephrine hydrochloride 3.5 MG/ML Oral Solution,SCD,R06AB04,R01BA03|R06AB04,,
2056681,{2 (1 ML erenumab-aooe 70 MG/ML Prefilled Syringe [Aimovig]) } Pack [Aimovig Prefilled Syringe (140 MG Dose)],BPCK,N02CX07,N02CD01,,
206035,erythromycin 0.005 MG/MG Ophthalmic Ointment [Ilotycin],SBD,J01FA01,S01AA17,,
349541,guaifenesin 275 MG / phenylephrine hydrochloride 25 MG Extended Release Oral Tablet,SCD,R05CA03,R01BA03|R05CA03,,
351894,betamethasone 0.5 MG/ML Topical Lotion [Del-Beta],SBD,D07AC01|H02AB01|S01BA06|S03BA03,D07AC01,,
360347,benzocaine 200 MG/ML Topical Solution,SCD,C05AD03|D04AB04|R02AD01,D04AB04,,
828594,aspirin 389 MG / caffeine 32.4 MG / propoxyphene hydrochloride 65 MG Oral Capsule,SCD,N02AC04|N06BC01,N02AC04,,
830736,docosahexaenoic acid 350 MG / eicosapentaenoic acid 35 MG / folic acid 1 MG / phytosterols 200 MG / vitamin B12 0.5 MG / vitamin B6 12.5 MG Oral Capsule,SCD,B03BA01|B03BB01,A11HA02|B03BA01|B03BB01,,
1111750,dexpanthenol 0.2 MG/ML / magnesium sulfate 0.0467 MG/ML / manganese sulfate 0.0467 MG/ML / niacinamide 0.467 MG/ML / pyridoxine 0.0467 MG/ML / riboflavin 0.04 MG/ML / thiamine 0.0333 MG/ML / vitamin B12 0.000133 MG/ML / zinc sulfate 0.333 MG/ML Oral Solution [Ellis Tonic],SBD,A11DA01|A11HA01|A11HA02|A11HA04|A12CB01|B03BA01,A11DA01|A11HA01|A11HA02|A11HA04|A11HA30|A12CB01|B03BA01,IMPROVED,A11DA01|A11HA01|A11HA02|A11HA04|A11HA30|A12CB01|B03BA01
1146211,acetaminophen 325 MG / diphenhydramine hydrochloride 12.5 MG / phenylephrine hydrochloride 5 MG Oral Capsule,SCD,N02BE01,N02BE01|R01BA03|R06AA02,,
1190587,codeine phosphate 1.2 MG/ML / dexbrompheniramine maleate 0.133 MG/ML / pseudoephedrine hydrochloride 4 MG/ML Oral Solution [M-End Max D],SBD,R01BA02|R05DA04|R06AB06,R05DA04,,
1235022,benzalkonium chloride 1.3 MG/ML / lidocaine hydrochloride 20 MG/ML Topical Solution [Band-Aid Hurt-Free],SBD,D04AB01|D08AJ01|D08AJ08|N01BB02|R02AA16|R02AD02,D04AB01|D08AJ01,,
431806,12 HR guaifenesin 900 MG / phenylephrine hydrochloride 30 MG Extended Release Oral Tablet,SCD,R05CA03,R01BA03|R05CA03,,
543789,benzocaine 140 MG/ML / butamben 20 MG/ML / tetracaine 20 MG/ML Mucous Membrane Topical Solution [Cetacaine],SBD,C05AD03|D04AB04|R02AD01,N01BA03,,
1000556,fluorometholone 1 MG/ML / sulfacetamide sodium 100 MG/ML Ophthalmic Suspension,SCD,D10AB02|S01BA07,S01CA07,,
1011849,lidocaine hydrochloride 0.005 MG/MG Topical Gel,SCD,D04AB01|N01BB02|R02AD02,D04AB01,IMPROVED,D04AB01
1039012,benzalkonium chloride 1.3 MG/ML Topical Spray,SCD,D08AJ01|D08AJ08|R02AA16,D08AJ01,,
1045432,lidocaine hydrochloride 40 MG/ML Topical Spray,SCD,D04AB01|N01BB02|R02AD02,D04AB01,,
1046310,benzalkonium chloride 1.2 MG/ML Topical Foam,SCD,D08AJ01|D08AJ08|R02AA16,D08AJ01,,
1048302,dyclonine hydrochloride 1 MG/ML Mucosal Spray [Cepacol Spray],SBD,N01BX02|R02AD04,R02AD04,,
1052616,benzocaine 0.075 MG/MG Oral Gel [Anbesol],SBD,C05AD03|D04AB04|R02AD01,R02AD01,,
238996,phenylephrine hydrochloride 1.25 MG/ML Nasal Spray,SCD,R01AA04|S01FB01|S01XA20,R01AA04,,
244492,hydrocortisone 5 MG/ML Topical Lotion,SCD,A01AC03|A07EA02|D07AA02|D07AB02|D07AB11|H02AB09|S01BA02,D07AA02,,
1657777,10 ML ramucirumab 10 MG/ML Injection [Cyramza],SBD,L01XC21,L01FG02,,
1665370,ethanol 0.71 ML/ML Topical Solution,SCD,D08AX08|V03AB16|V03AZ01,D08AX08,,
1721014,capsaicin 0.25 MG/ML / menthol 20 MG/ML / methyl salicylate 100 MG/ML Topical Cream,SCD,N01BX04,M02AB01,,
1733892,epinephrine 0.1 MG/ML / lidocaine hydrochloride 50 MG/ML Topical Spray,SCD,C01CA24|D04AB01|N01BB02|R02AD02|S01EA01,B02BC09|D04AB01,,
1733871,tetracaine 0.02 MG/MG Topical Gel,SCD,C05AD02|D04AB06|N01BA03|S01HA03,D04AB06,,
1000731,sulfacetamide sodium 100 MG/ML / sulfur 20 MG/ML Topical Cream,SCD,D10AB02,D10AF06,,
1013040,lidocaine hydrochloride 20 MG/ML Injectable Solution [Anestacaine],SBD,D04AB01|N01BB02|R02AD02,C01BB01|N01BB02,,
859315,hydrocodone bitartrate 10 MG / ibuprofen 200 MG Oral Tablet,SCD,R05DA03,N02AJ23,,
860582,guaifenesin 20 MG/ML / hydrocodone bitartrate 0.5 MG/ML / phenylephrine hydrochloride 2 MG/ML Oral Solution,SCD,R05CA03|R05DA03,R01BA03|R05CA03|R05DA03,,
1001409,calcium carbonate 625 MG / ergocalciferol 125 UNT Oral Tablet,SCD,A11CC01,A11CC01|A12AA04,,
1006060,sulfacetamide sodium 100 MG/ML / sulfur 50 MG/ML Topical Lotion [Sulfacet-R],SBD,D10AB02,D10AB02|D10AF06,,
1046980,atropine sulfate 0.0194 MG / hyoscyamine sulfate 0.1037 MG / phenobarbital 16.2 MG / scopolamine hydrobromide 0.0065 MG Oral Tablet [Hyosophen],SBD,A03BA03|N03AA02,A03CB,,
1048069,benzocaine 0.075 MG/MG Oral Gel [Orajel],SBD,C05AD03|D04AB04|R02AD01,N01BA05,,
1053138,diphenhydramine hydrochloride 20 MG/ML / zinc acetate 1 MG/ML Topical Spray,SCD,A16AX05,D04AA32,,
238134,aspirin 325 MG / butalbital 50 MG / caffeine 40 MG Oral Capsule,SCD,N06BC01,N02BA71,,
244374,benzoyl peroxide 0.05 MG/MG / erythromycin 0.03 MG/MG Topical Gel,SCD,D10AE01,D10AF51,,
1734033,triclosan 2.5 MG/ML Medicated Pad,SCD,D08AE04,D09AA06,,
1659134,piperacillin 2000 MG / tazobactam 250 MG Injection [Zosyn],SBD,J01CA12|J01CG02|J01CR05,J01CR05,,
858800,hydrocodone bitartrate 7.5 MG / ibuprofen 200 MG Oral Tablet [Reprexain],SBD,R05DA03,N02AJ23,,
1737762,5 ML lidocaine hydrochloride 20 MG/ML Injection [Xylocaine],SBD,N01BB02,C01BB01,,
1744007,emtricitabine 133 MG / tenofovir disoproxil fumarate 200 MG Oral Tablet [Truvada],SBD,J05AF07|J05AF09,J05AR03,,
1797902,beclomethasone dipropionate 0.04 MG/ACTUAT Metered Dose Nasal Spray [Qnasl],SBD,D07AC15|R01AD01,R01AD01,,
198997,ascorbic acid 150 MG / ferrous sulfate 60 MG Extended Release Oral Tablet,SCD,A11GA01,A11GA01|B03AA07,,
199078,capsaicin 2.5 MG/ML Topical Cream,SCD,N01BX04,M02AB01,,
313040,sodium fluoride 20 MG/ML Oral Solution,SCD,A01AA01,A01AA01|A12CD01,,
1149361,{3 (15000 MG) (ketoconazole 0.02 MG/MG Topical Gel [Xolegel]) / 1 (50 ML) (zinc pyrithione 10 MG/ML Medicated Shampoo [Head & Shoulders]) } Pack [Xolegel Duo Reformulated Oct 2008],BPCK,D11AX12,D01AC08|D11AX12,,
210777,ascorbic acid 150 MG / ferrous sulfate 60 MG Extended Release Oral Tablet [Irospan],SBD,A11GA01,A11GA01|B03AA07,,
860145,hydrocodone bitartrate 0.75 MG/ML / phenylephrine hydrochloride 1.5 MG/ML Oral Solution,SCD,R05DA03,R01BA03|R05DA03,,
240675,aluminum hydroxide 300 MG / magnesium hydroxide 150 MG Chewable Tablet,SCD,A02AB01,A02AD01,,
1235867,{7 (ethinyl estradiol 0.035 MG / norethindrone 0.5 MG Oral Tablet) / 7 (ethinyl estradiol 0.035 MG / norethindrone 0.75 MG Oral Tablet) / 7 (ethinyl estradiol 0.035 MG / norethindrone 1 MG Oral Tablet) / 7 (inert ingredients 1 MG Oral Tablet) } Pack [Dasetta 7/7/7 28 Day],BPCK,G03AA05|G03FA01,G03AA05,,
1006105,sulfacetamide sodium 100 MG/ML / sulfur 20 MG/ML Medicated Liquid Soap [Avar],SBD,D10AB02,D10AF06,IMPROVED,D10AF06
1013629,{24 (drospirenone 3 MG / ethinyl estradiol 0.02 MG / levomefolate calcium 0.451 MG Oral Tablet) / 4 (levomefolate calcium 0.451 MG Oral Tablet) } Pack,GPCK,G03AC10,G03AA12,,
1656333,capsaicin 0.375 MG/ML / histamine dihydrochloride 0.35 MG/ML / menthol 30 MG/ML Topical Cream,SCD,N01BX04|V04CG03,M02AB01,,
1866559,calcium chloride 0.2 MG/ML / glucose 50 MG/ML / potassium chloride 3.28 MG/ML / sodium chloride 6 MG/ML / sodium lactate 3.1 MG/ML Injectable Solution,SCD,A12CA01|B05BA03|B05BB01|B05CB01|B05XA03|B05XA07|G01AD01|S01XA03|V06DC01,B05BB01,,
1872972,lidocaine hydrochloride 0.04 MG/MG Topical Gel [Tranzarel],SBD,D04AB01|N01BB02|R02AD02,D04AB01,,
1876413,lidocaine hydrochloride 30 MG/ML Topical Cream [CidalEaze],SBD,D04AB01|N01BB02|R02AD02,D04AB01,,
1927027,benzalkonium chloride 3 MG/ML Topical Spray,SCD,D08AJ01|D08AJ08|R02AA16,D08AJ01,,
1945074,magnesium sulfate 0.4 MG/MG Topical Ointment,SCD,A06AD04|B05XA05,D11AX05,IMPROVED,D11AX05
1242883,benzalkonium chloride 1.1 MG/ML Medicated Liquid Soap,SCD,D08AJ01|D08AJ08|R02AA16,D08AJ01,,
1245471,Diphenhydramine Hydrochloride 2.5 MG/ML / Phenylephrine Hydrochloride 1 MG/ML Oral Solution [PediaCare Children's NightRest Multi-Symptom Cold],SBD,D04AA32|R01AA04|R06AA02|S01FB01|S01XA20,R01BA03|R06AA02,,
1250461,Hydrocortisone 10 MG/ML Topical Spray [Dermarest Eczema],SBD,A01AC03|A07EA02|D07AA02|D07AB02|D07AB11|H02AB09|S01BA02,D07AA02,,
1251774,Cetylpyridinium Chloride 1 MG/ML Mucous Membrane Topical Solution [Orajel Bleeding Gum Rinse],SBD,B05CA01|D08AJ03|D09AA07|R02AA06,R02AA06,,
1291372,cetylpyridinium chloride 1 MG/ML / sodium fluoride 0.5 MG/ML Mouthwash,SCD,A01AA01,A01AA01|A12CD01|R02AA06,,
1294025,hydrocortisone acetate 25 MG/ML / pramoxine hydrochloride 10 MG/ML Rectal Cream,SCD,A01AC03|A07EA02|D07AA02|D07AB02|D07AB11|H02AB09|S01BA02,C05AA01,,
1294237,allantoin 0.005 MG/MG / benzethonium chloride 0.001 MG/MG Topical Ointment,SCD,R02AA09,D08AJ08,,
1299219,chlorhexidine gluconate 1 MG/ML Oral Spray,SCD,A01AB03|D08AC02|R02AA05,A01AB03,,
1299700,isoproterenol hydrochloride 5 MG/ML Inhalation Solution,SCD,C01CA02|R03AB02|R03CB01,R03AB02,,
1300277,povidone-iodine 0.1 MG/MG Medicated Pad,SCD,D08AG02|D09AA09|D11AC06|G01AX11|R02AA15,D08AG02,,
1304564,alpha-tocopherol acetate 1 UNT/ML / ascorbic acid 20 MG/ML / biotin 0.006 MG/ML / cholecalciferol 20 UNT/ML / dexpanthenol 1.5 MG/ML / folic acid 0.06 MG/ML / niacinamide 4 MG/ML / pyridoxine hydrochloride 0.6 MG/ML / riboflavin 0.36 MG/ML / thiamine hydrochloride 0.6 MG/ML / vitamin A palmitate 330 UNT/ML / vitamin B12 0.0005 MG/ML / vitamin K1 0.015 MG/ML Injectable Solution [Infuvite],SBD,A11CA01|A11CC05|A11DA01|A11GA01|A11HA01|A11HA02|A11HA04|A11HA05|B02BA01|B03BA01|B03BB01,,,
1314792,calcium pantothenate 10 MG / copper sulfate 0.8 MG / ferrous fumarate 162 MG / folic acid 1 MG / magnesium sulfate 6.9 MG / manganese sulfate 1.3 MG / niacinamide 30 MG / polysaccharide iron complex 115 MG / pyridoxine hydrochloride 5 MG / riboflavin 6 MG / sodium ascorbate 200 MG / thiamine mononitrate 10 MG / vitamin B12 0.015 MG / zinc sulfate 18.2 MG Oral Capsule [Tandem OB],SBD,A11DA01|A11HA01|A11HA02|A11HA04|A12CB01|B03BA01|B03BB01|V03AB20,B03AE04,,
1356071,benzalkonium chloride 1.3 MG/ML / lidocaine 40 MG/ML Topical Cream,SCD,D04AB01|D08AJ01|D08AJ08|N01BB02|R02AA16|R02AD02,D04AB01,,
1359354,Bacitracin 0.5 UNT/MG / Neomycin 0.0035 MG/MG / Polymyxin B 10 UNT/MG / Pramoxine hydrochloride 0.01 MG/MG Topical Ointment [Neosporin Plus Maximum Strength],SBD,A07AA01|D06AX04|S01AA03,D04AB07|D06AX04|D06AX05,,
1362211,hydrocortisone acetate 25 MG/ML / pramoxine hydrochloride 10 MG/ML Rectal Cream [Analpram HC],SBD,A01AC03|A07EA02|D07AA02|D07AB02|D07AB11|H02AB09|S01BA02,C05AA01,,
1363423,gentamicin 100 MG/ML Irrigation Solution [Gentaved 100],SBD,D06AX07|S03AA06,D06AX07,,
1423410,camphor 0.03 MG/MG / phenol 0.025 MG/MG / tannic acid 0.022 MG/MG / zinc oxide 0.066 MG/MG Topical Ointment,SCD,C05AX04|D08AE03,D08AE03,,
1425866,miconazole nitrate 20 MG/ML Topical Cream [MacerRx],SBD,A01AB09|D01AC02|G01AF04,D01AC02,,
1432276,chlorhexidine gluconate 1 MG/ML / ethanol 0.09 ML/ML Medicated Pad,SCD,A01AB03|D08AC02|R02AA05,D08AC02,,
1435578,ivermectin 0.0187 MG/MG Oral Paste [DuraMectin],SBD,D11AX22|P02CF01,P02CF01,,
1440875,"hyoscyamine sulfate 0.12 MG / methenamine 120 MG / methylene blue 10.8 MG / phenyl salicylate 36.2 MG / sodium phosphate, monobasic 40.8 MG Oral Tablet [Urimar Reformulated Oct 2013]",SBD,A03BA03|G04BX12|J01XX05,G04BX12,,
1534811,168 HR ethinyl estradiol 0.00146 MG/HR / norelgestromin 0.00625 MG/HR Transdermal System [Ortho Evra],SBD,G03CA01,G03AA13,IMPROVED,G03AA13
1537947,minoxidil 20 MG/ML Topical Spray,SCD,C02DC01|D11AX01,D11AX01,,
1541213,chlorhexidine gluconate 40 MG/ML / hydrocortisone 10 MG/ML Medicated Shampoo,SCD,A01AB03|A01AC03|A07EA02|D07AA02|D07AB02|D07AB11|D08AC02|H02AB09|R02AA05|S01BA02,D07AA02|D08AC02,,
1545144,phenylephrine hydrochloride 2.5 MG/ML / zinc oxide 125 MG/ML Rectal Cream,SCD,C05AX04|R01AA04|S01FB01|S01XA20,C05AX04|C05AX06,,
1549388,phenylephrine hydrochloride 1.25 MG/ML Nasal Solution [Little Noses Decongestant],SBD,R01AA04|S01FB01|S01XA20,R01AA04,,
1300191,"0.5 ML Bordetella pertussis filamentous hemagglutinin vaccine, inactivated 0.01 MG/ML / Bordetella pertussis fimbriae 2/3 vaccine, inactivated 0.01 MG/ML / Bordetella pertussis pertactin vaccine, inactivated 0.006 MG/ML / Bordetella pertussis toxoid vaccine, inactivated 0.005 MG/ML / diphtheria toxoid vaccine, inactivated 4 UNT/ML / tetanus toxoid vaccine, inactivated 10 UNT/ML Prefilled Syringe [Adacel]",SBD,J07AF01|J07AM01,J07AJ52,,
1734865,2.5 ML sodium hyaluronate 10 MG/ML Prefilled Syringe [Genvisc],SBD,M09AX01,S01KA01,,
1870232,NDA201739 0.15 ML epinephrine 1 MG/ML Auto-Injector,SCD,C01CA24|S01EA01,C01CA24,IMPROVED,C01CA24
1242391,24 HR loratadine 10 MG / pseudoephedrine sulfate 240 MG Extended Release Oral Tablet [Claritin-D],SBD,R01BA02|R06AX13,R01BA02,,
1247879,"docusate sodium 65 MG / sennosides, USP 10 MG Oral Tablet",SCD,A06AB06,A06AA02|A06AB06,,
1248152,calcium pantothenate 25 MG / danthron 75 MG / docusate sodium 100 MG Oral Tablet,SCD,A06AB03,A06AA02|A06AB03|A11HA31,,
1292321,diphenhydramine hydrochloride 20 MG/ML / pramoxine hydrochloride 10 MG/ML Topical Lotion,SCD,D04AA32|R06AA02,D04AA32|D04AB07,,
1294372,carbetapentane tannate 6 MG/ML / diphenhydramine tannate 5 MG/ML / phenylephrine tannate 1.5 MG/ML Extended Release Suspension,SCD,R05DB05,R01BA03|R05DB05|R06AA02,,
1367439,21 DAY ethinyl estradiol 0.000625 MG/HR / etonogestrel 0.005 MG/HR Vaginal System [NuvaRing],SBD,G03AC08,G02BB01,,
1423494,salicylic acid 20 MG/ML Medicated Liquid Soap [Phisoderm Clear Confidence Daily Gel Face Wash],SBD,D01AE12|N02BA04,D01AE12,,
1535708,diphenhydramine hydrochloride 1.25 MG/ML / phenylephrine hydrochloride 0.5 MG/ML Oral Suspension [Dr. Cocoa Nighttime Cough and Cold],SBD,D04AA32|R01AA04|R06AA02|S01FB01|S01XA20,R01BA03|R06AA02,,
1544973,phenylephrine hydrochloride 2.5 MG/ML / shark liver oil 30 MG/ML Rectal Cream [Formulation R],SBD,R01AA04|S01FB01|S01XA20,C05AX06,,
1551559,aspirin 325 MG / citric acid 1000 MG / sodium bicarbonate 1916 MG Effervescent Oral Tablet [Zee-Seltzer Antacid and Pain Reliever],SBD,A09AB04,A09AB04|N02BA01,BOTH_WRONG,A09AB04|N02BA01
1812470,ivacaftor 125 MG / lumacaftor 100 MG Oral Tablet [ORKAMBI],SBD,R07AX02,R07AX30,,
1251323,ethinyl estradiol 0.0025 MG / norethindrone acetate 0.5 MG Oral Tablet,SCD,G03CA01|G03DC02,G03AA05,,
1293468,chlorpheniramine tannate 0.4 MG/ML / phenylephrine tannate 1 MG/ML / pyrilamine tannate 2.5 MG/ML Oral Suspension,SCD,R06AB04,R01BA03|R06AB04|R06AC01,,
1297935,diphenhydramine hydrochloride 2.5 MG/ML / hydrocodone bitartrate 0.4 MG/ML / phenylephrine hydrochloride 1.5 MG/ML Oral Solution [Rindal HPD],SBD,R05DA03,R01BA03|R05DA03|R06AA02,,
1298287,diphenhydramine hydrochloride 20 MG/ML / menthol 10 MG/ML Topical Solution,SCD,D04AA32|R06AA02,D04AA32,,
1303110,benzalkonium chloride 1.1 MG/ML Medicated Pad,SCD,D08AJ01|D08AJ08|R02AA16,D09AA11,,
1360120,clonidine 0.00833 MG/HR Transdermal System,SCD,C02AC01|N02CX02,C02AC01,,
1360266,estradiol 0.00208 MG/HR / norethindrone acetate 0.0104 MG/HR Transdermal System [Combipatch],SBD,G03CA03,G03FA01,,
1376336,prednisolone acetate 10 MG/ML Ophthalmic Suspension,SCD,S01BA04|S03BA02,S01BA04,,
1437774,diphenhydramine hydrochloride 1.67 MG/ML Oral Solution [Wal-Sleep Z],SBD,D04AA32|R06AA02,R06AA02,,
1483629,salicylic acid 167 MG/ML Topical Solution [Gordofilm],SBD,D01AE12|N02BA04,D01AE12,,
1494169,sulfacetamide sodium 98 MG/ML / sulfur 48 MG/ML Medicated Liquid Soap,SCD,D10AB02,D10AF06,,
1593765,acetaminophen 32 MG/ML / chlophedianol hydrochloride 2.5 MG/ML / pyrilamine maleate 2.5 MG/ML Oral Solution,SCD,N02BE01|R05DB10,N02BE01,,
1245545,{30 (12 HR chlorpheniramine maleate 8 MG / methscopolamine nitrate 2.5 MG Extended Release Oral Tablet [AlleRx PM]) / 30 (12 HR methscopolamine nitrate 2.5 MG / pseudoephedrine hydrochloride 120 MG Extended Release Oral Tablet [AlleRx AM]) } Pack [AlleRx 30 Dose Pack],BPCK,R01BA02|R06AB04,A03BB03|R01BA02|R06AB04,,
1248193,pramoxine hydrochloride 10 MG/ML / zinc acetate 1 MG/ML Topical Lotion [Calaclear],SBD,A16AX05,D04AB07,,
1251501,84 HR estradiol 0.00208 MG/HR / norethindrone acetate 0.0104 MG/HR Transdermal System [Combipatch],SBD,G03CA03,G03FA01,,
1359263,ivermectin 0.068 MG / pyrantel 57 MG Chewable Tablet [PetTrust Plus],SBD,P02CC01,P02CC01|P02CF01,,
1547464,calcium chloride 16.55 MG/ML / magnesium chloride 25.5 MG/ML / potassium acetate 98 MG/ML / sodium acetate 64.6 MG/ML / sodium chloride 74.5 MG/ML Injectable Solution [Nutrilyte II],SBD,B05XA08|B05XA17,B05BB01,,
1595624,lidocaine hydrochloride 40 MG/ML / menthol 10 MG/ML Topical Cream,SCD,D04AB01|N01BB02|R02AD02,D04AB01,,
1648115,chlorhexidine gluconate 40 MG/ML Medicated Shampoo [Vetasan],SBD,A01AB03|D08AC02|R02AA05,D08AC02,,
1552450,capsaicin 0.0005 MG/MG / menthol 0.05 MG/MG Medicated Patch,SCD,N01BX04,M02AB01,,
1598277,camphor 30 MG/ML / capsaicin 2.5 MG/ML / Eucalyptus oil 150 MG/ML / menthol 120 MG/ML / methyl salicylate 150 MG/ML Topical Oil,SCD,N01BX04,M02AB01,,
1367206,acetaminophen 325 MG / guaifenesin 200 MG / phenylephrine hydrochloride 10 MG Oral Tablet,SCD,N02BE01|R05CA03,R05CA03,,
1487154,glycerin 400 MG/ML Medicated Pad [Dynamiclear Oro],SBD,A06AX01,,,
630796,1000 ML glucose 50 MG/ML / potassium chloride 0.01 MEQ/ML / sodium chloride 4.5 MG/ML Injection,SCD,A12CA01|B05BA03|B05BB01|B05CB01|B05XA03|S01XA03|V06DC01,B05BB02,,
630923,zinc oxide 113 MG/ML Topical Cream,SCD,C05AX04,,,
686894,glucose 100 MG/ML / sodium chloride 0.0564 MEQ/ML Injectable Solution,SCD,A12CA01|B05BA03|B05BB01|B05CB01|B05XA03|S01XA03|V06DC01,B05BB02,,
708129,mineral oil 0.2 MG/MG Ophthalmic Ointment,SCD,A06AA01,S01XA20,,
763548,{1 (30 ML) (hydrocortisone 20 MG/ML Topical Lotion [Coraz]) / 1 (177 ML) (salicylic acid 20 MG/ML / sulfur 20 MG/ML Medicated Shampoo [Pulere]) } Pack [Coraz Lotion Kit],BPCK,D10AB02,D01AE12|D07AA02|D10AB02,,
892815,benzocaine 0.075 MG/MG Oral Gel [Orabase],SBD,C05AD03|D04AB04|R02AD01,R02AD01,,
901792,clorsulon 100 MG/ML / ivermectin 10 MG/ML Injectable Solution [Noromectin Plus],SBD,D11AX22|P02CF01,P02CF01,,
968817,dimethicone 200 MG/ML / zinc oxide 250 MG/ML Topical Spray,SCD,P03AX05,,,
904617,{1 (85 ML) (sulfacetamide sodium 100 MG/ML Topical Lotion) / 1 (120 ML) (urea 100 MG/ML Medicated Shampoo) } Pack,GPCK,D10AB02,D02AE01|D10AF06,IMPROVED,D02AE01|D10AF06
749761,{7 (ethinyl estradiol 0.01 MG Oral Tablet) / 84 (ethinyl estradiol 0.03 MG / levonorgestrel 0.15 MG Oral Tablet) } Pack,GPCK,G03AA07|G03CA01,G03AA07,,
763418,{10 (ethinyl estradiol 0.03 MG / levonorgestrel 0.125 MG Oral Tablet) / 5 (ethinyl estradiol 0.04 MG / levonorgestrel 0.075 MG Oral Tablet) / 6 (levonorgestrel 0.05 MG Oral Tablet) } Pack [Tri-Levlen 21 Day],BPCK,G03AC03|G03CA01,G03AA07,,
861582,meperidine hydrochloride 50 MG / promethazine hydrochloride 25 MG Oral Capsule [Meprozine],SBD,N02AB02,N02AB02|R06AD02,,
891706,ascorbic acid 60 MG / cuprous oxide 2 MG / dl-alpha tocopheryl acetate 30 MG / lutein 6 MG / zinc oxide 15 MG Oral Capsule,SCD,A11GA01|A11HA03,,,
309473,aspirin 380 MG / caffeine 30 MG / codeine 30 MG Oral Capsule,SCD,N06BC01|R05DA04,N02BA51,,
312185,oxytetracycline 0.03 MG/MG / polymyxin B 10 UNT/MG Topical Powder,SCD,J01AA06,D06AA03,,
198479,aspirin 400 MG / caffeine 32 MG Oral Tablet,SCD,N06BC01,N02BA51,,
1991174,benzalkonium chloride 1.15 MG/ML Medicated Bar Soap,SCD,D08AJ01|D08AJ08|R02AA16,D08AJ01,,
2049725,camphor 31 MG/ML / capsaicin 0.25 MG/ML / menthol 100 MG/ML / methyl salicylate 150 MG/ML Topical Cream,SCD,N01BX04,M02AB01,,
999971,amlodipine 5 MG / hydrochlorothiazide 12.5 MG / olmesartan medoxomil 20 MG Oral Tablet [Tribenzor],SBD,C03AA03|C08CA01,C09DX03,,
308908,calcium carbonate 500 MG / simethicone 20 MG Chewable Tablet,SCD,A03AX13|A12AA04,A02AC01|A03AX13,,
864089,phenylephrine 0.0025 MG/MG Rectal Suppository [Medicone Hemorrhoidal],SBD,R01AA04|S01FB01|S01XA20,C05AX06,,
93252,hydrochlorothiazide 50 MG / triamterene 75 MG Oral Tablet [Maxzide],SBD,C03AA03|C03DB02,C03EA01,,
966538,100 ACTUAT beclomethasone dipropionate 0.04 MG/ACTUAT Metered Dose Inhaler [Qvar],SBD,D07AC15|R01AD01,R03BA01,,
309450,aspirin 325 MG / butalbital 50 MG / caffeine 40 MG / codeine 15 MG Oral Capsule,SCD,N06BC01|R05DA04,N02BA71,,
1087047,phenylephrine hydrochloride 10 MG/ML Nasal Spray [Wal-Four],SBD,R01AA04|S01FB01|S01XA20,R01AA04,,
1088950,aluminum hydroxide 80 MG/ML / magnesium hydroxide 80 MG/ML / simethicone 8 MG/ML Oral Suspension [Masanti],SBD,A02AB01,A02AF02,,
1089103,bacitracin 0.5 UNT/ML / lidocaine hydrochloride 40 MG/ML / neomycin 0.0035 MG/ML / polymyxin B 10 UNT/ML Topical Cream [ProCoMycin],SBD,A07AA01|D04AB01|D06AX04|N01BB02|R02AD02|S01AA03,D04AB01|D06AX04|D06AX05,,
1990751,salicylic acid 0.17 MG/MG Topical Gel [Verruguin],SBD,D01AE12|N02BA04,D01AE12,,
2001756,{21 (desogestrel 0.15 MG / ethinyl estradiol 0.02 MG Oral Tablet) / 5 (ethinyl estradiol 0.01 MG Oral Tablet) / 2 (inert ingredients 1 MG Oral Tablet) } Pack [Volnea 28 Day],BPCK,G03AA09|G03AC09|G03CA01,G03AA09,,
801554,alanine 7.28 MG/ML / arginine 3.64 MG/ML / dibasic potassium phosphate 1.31 MG/ML / glycine 7.28 MG/ML / histidine 1.54 MG/ML / isoleucine 1.68 MG/ML / leucine 2.17 MG/ML / lysine 2.03 MG/ML / magnesium chloride 0.01 MEQ/ML / methionine 2.03 MG/ML / phenylalanine 2.17 MG/ML / proline 1.47 MG/ML / sodium acetate 0.03 MEQ/ML / sodium chloride 0.006 MEQ/ML / threonine 1.47 MG/ML / tryptophan 0.63 MG/ML / tyrosine 0.14 MG/ML / valine 1.61 MG/ML Injectable Solution,SCD,B05CX03|B05XA08|B05XB03|N06AX02|V03AB26,B05BA01,,
2000543,salicylic acid 0.02 MG/MG Medicated Bar Soap [Asepxia],SBD,D01AE12|N02BA04,D02AF,BOTH_WRONG,D02AF
311320,lidocaine 0.025 MG/MG / prilocaine 0.025 MG/MG Medicated Patch,SCD,N01BB04,D04AB01|N01BB04,,
1087414,ascorbic acid 250 MG / folic acid 1 MG / iron carbonyl 100 MG / vitamin B12 0.025 MG Oral Tablet,SCD,A11GA01|B03BA01|B03BB01,B03AE01,,
1988809,ephedrine hydrochloride 0.417 MG/ML / guaifenesin 6.67 MG/ML Oral Solution,SCD,R05CA03,R03CA02|R05CA03,,
801584,alanine 8.8 MG/ML / arginine 4.4 MG/ML / dibasic potassium phosphate 2.61 MG/ML / glucose 50 MG/ML / glycine 8.8 MG/ML / histidine 1.86 MG/ML / isoleucine 2.03 MG/ML / leucine 2.63 MG/ML / lysine 2.46 MG/ML / magnesium chloride 0.01 MEQ/ML / methionine 2.46 MG/ML / phenylalanine 2.63 MG/ML / proline 1.78 MG/ML / sodium acetate 0.036 MEQ/ML / sodium chloride 0.013 MEQ/ML / threonine 1.78 MG/ML / tryptophan 0.76 MG/ML / tyrosine 0.17 MG/ML / valine 1.95 MG/ML Injectable Solution,SCD,B05CX03|B05XA08|B05XB03|N06AX02|V03AB26,B05BA10,,
686892,glucose 100 MG/ML / sodium chloride 0.0385 MEQ/ML Injectable Solution,SCD,A12CA01|B05BA03|B05BB01|B05CB01|B05XA03|S01XA03|V06DC01,B05BB02,,
656640,guaifenesin 1000 MG / phenylephrine hydrochloride 30 MG Extended Release Oral Tablet,SCD,R05CA03,R01BA03|R05CA03,,
748804,{21 (ethinyl estradiol 0.035 MG / ethynodiol diacetate 1 MG Oral Tablet) / 7 (inert ingredients 1 MG Oral Tablet) } Pack,GPCK,G03DC06,G03AA01,,
753095,salicylic acid 60 MG/ML Medicated Shampoo [Aliclen],SBD,D01AE12|N02BA04,D01AE12,,
891719,ascorbic acid 200 MG / beta carotene 1000 UNT / cuprous oxide 2 MG / dl-alpha tocopheryl acetate 60 UNT / lutein 2 MG / sodium selenate 0.055 MG / zinc oxide 40 MG Oral Tablet [Ocuvite],SBD,A11GA01|A11HA03|A12CE01,,,
308404,aspirin 228 MG / caffeine 32.5 MG Oral Capsule,SCD,N06BC01,N02BA51,,
207374,aspirin 650 MG / butalbital 50 MG Oral Tablet [Axotal],SBD,B01AC06|N02BA01|N02BA51,N02BA71,,
995489,ivermectin 0.8 MG/ML Oral Solution,SCD,D11AX22|P02CF01,P02CF01,,
313451,tretinoin 0.00025 MG/MG Topical Gel,SCD,D10AD01|L01XX14,D10AD01,,
310817,hydrochlorothiazide 50 MG / triamterene 75 MG Oral Capsule,SCD,C03AA03|C03DB02,C03EA01,,
1990455,benzocaine 0.015 MG/MG Topical Ointment,SCD,C05AD03|D04AB04|R02AD01,D04AB04,,
313415,tobramycin 3 MG/ML Ophthalmic Solution,SCD,J01GB01|S01AA12,S01AA12,,
756269,brompheniramine 0.8 MG/ML / phenylephrine 1 MG/ML / phenylpropanolamine 1 MG/ML Oral Solution,SCD,R01BA01|R06AB01,R01BA01|R01BA03|R06AB01,,
310149,erythromycin 0.005 MG/MG Ophthalmic Ointment,SCD,J01FA01,S01AA17,,
998706,acetaminophen 300 MG / phenyltoloxamine citrate 20 MG / salicylamide 200 MG Oral Capsule [Ed Flex],SBD,N02BA05|N02BE01,N02BE01,,
999685,benzocaine 140 MG/ML / butamben 20 MG/ML / tetracaine 20 MG/ML Mucosal Spray [Exactacain],SBD,C05AD03|D04AB04|R02AD01,R02AD01,,
835559,0.1 ML triamcinolone acetonide 80 MG/ML Prefilled Syringe [Trivaris],SBD,A01AC01|H02AB08|R01AD11,H02AB08,,
729945,pseudoephedrine tannate 3 MG/ML / pyrilamine tannate 3 MG/ML Oral Suspension [Viravan-P],SBD,R01BA02,R01BA02|R06AC01,,
748998,{21 (ethinyl estradiol 0.035 MG / norethindrone 0.4 MG Oral Tablet) } Pack [Ovcon 35 21 Day],BPCK,G03CA01|G03DC02,G03AA05,,
204797,aluminum hydroxide 133 MG / calcium carbonate 414 MG / magnesium hydroxide 81 MG / simethicone 20 MG Chewable Tablet,SCD,A02AB01,A02AF02,,
753485,{21 (ethinyl estradiol 0.02 MG / levonorgestrel 0.1 MG Oral Tablet) / 7 (inert ingredients 1 MG Oral Tablet) } Pack [Levlite 28 Day],BPCK,G03AC03|G03CA01,G03AA07,,
731007,brompheniramine maleate 6 MG / phenylephrine hydrochloride 19 MG Extended Release Oral Tablet,SCD,R06AB01,R01BA03|R06AB01,,
998677,168 HR clonidine 0.00833 MG/HR Transdermal System [Catapres],SBD,C02AC01|N02CX02,C02AC01,,
885235,salicylic acid 60 MG/ML Topical Cream [Salacyn],SBD,D01AE12|N02BA04,D01AE12,,
309678,dexamethasone 0.001 MG/MG Topical Gel,SCD,H02AB02|S01BA01,D07AB19,,
199264,amphotericin B 100 MG/ML Oral Suspension,SCD,A01AB04|A07AA07,A07AA07,,
205674,droperidol 2.5 MG/ML / fentanyl 0.05 MG/ML Injectable Solution [Innovar],SBD,N05AD08,N01AH01|N05AD08,,
999608,sulfacetamide sodium 100 MG/ML / sulfur 10 MG/ML Medicated Liquid Soap [Cerisa Wash],SBD,D10AB02,D10AB02|D10AF06,IMPROVED,D10AB02|D10AF06
999991,amlodipine 10 MG / hydrochlorothiazide 25 MG / olmesartan medoxomil 40 MG Oral Tablet,SCD,C03AA03|C08CA01,C09DX03,,
830761,hydrocortisone 20 MG/ML Topical Lotion [Scalacort],SBD,A01AC03|A07EA02|D07AA02|D07AB02|D07AB11|H02AB09|S01BA02,D07AA02,,
884221,10 ML clonidine hydrochloride 0.1 MG/ML Injection,SCD,C02AC01|N02CX02,N02CX02,IMPROVED,N02CX02
1994397,resorcinol 20 MG/ML / sulfur 60 MG/ML Topical Cream,SCD,D10AB02,D10AB02|D10AX02,,
206536,500 ML mannitol 100 MG/ML Injection [Osmitrol],SBD,A06AD16,B05BC01,,
995036,chlorpheniramine maleate 0.15 MG/ML / codeine phosphate 1 MG/ML / phenylephrine hydrochloride 0.5 MG/ML / potassium iodide 15 MG/ML Oral Solution [Demi-Cof],SBD,R05DA04|R06AB04,R01BA03|R05CA02|R05DA04|R06AB04,,
800808,dibasic potassium phosphate 0.26 MG/ML / glucose 50 MG/ML / magnesium chloride 0.00373 MEQ/ML / potassium chloride 0.00174 MEQ/ML / sodium acetate 0.039 MEQ/ML Injectable Solution,SCD,B05XA08,B05BB02,,
806677,sodium chloride 5 MG/ML Nasal Spray,SCD,A12CA01|B05BB01|B05CB01|B05XA03|S01XA03,R01AX,IMPROVED,R01AX
849580,sulfamethoxazole 800 MG / trimethoprim 160 MG Oral Tablet [Bactrim],SBD,J01EA01|J01EC01,J01EE01,,
854187,8 ML ibuprofen 100 MG/ML Injection [Caldolor],SBD,M01AE01|M01AE14|M02AA13,M01AE01,,
208335,tretinoin 0.5 MG/ML Topical Solution [Retin-A],SBD,D10AD01|L01XX14,D10AD01,,
208821,dexamethasone 0.001 MG/MG / tobramycin 0.003 MG/MG Ophthalmic Ointment [Tobradex],SBD,H02AB02|S01BA01,S01CA01,,
2107315,salicylic acid 8 MG/ML Topical Lotion,SCD,D01AE12|N02BA04,D01AE12,,
2110600,benzocaine 200 MG/ML / menthol 1 MG/ML Mucous Membrane Topical Solution,SCD,C05AD03|D04AB04|R02AD01,R02AD01,,
2168097,1 ML triamcinolone acetonide 80 MG/ML Injection [Kenalog],SBD,A01AC01|H02AB08|R01AD11,H02AB08,,
210027,aluminum hydroxide 40 MG/ML / magnesium hydroxide 40 MG/ML / simethicone 4 MG/ML Oral Suspension [Gelusil],SBD,A02AB01,A02AF02,,
1092424,diphenhydramine hydrochloride 2.5 MG/ML Oral Solution [Banophen],SBD,D04AA32|R06AA02,R06AA02,,
1092600,chlorhexidine gluconate 3 MG/ML Topical Solution,SCD,A01AB03|D08AC02|R02AA05,D08AC02,,
1101383,tetrahydrozoline hydrochloride 0.5 MG/ML Ophthalmic Solution [Mallazine],SBD,R01AA06|R01AB03|S01GA02,S01GA02,,
2166094,halobetasol propionate 0.1 MG/ML / tazarotene 0.45 MG/ML Topical Lotion [Duobrii],SBD,D05AX05|D07AC21,D05AX05,,
1146217,sodium chloride 60 MG/ML Inhalation Solution [Nebusal],SBD,A12CA01|B05BB01|B05CB01|B05XA03|S01XA03,R01AX,,
1190761,atropine sulfate 0.195 MG / phenobarbital 16 MG Oral Tablet,SCD,N03AA02,A03CB03,,
1148185,cocoa butter 0.855 MG/MG / phenylephrine 0.0025 MG/MG / shark liver oil 0.03 MG/MG Rectal Suppository [Prep-Hem],SBD,R01AA04|S01FB01|S01XA20,C05AX06,,
1192983,benzocaine 5 MG/ML / docusate sodium 70.8 MG/ML Enema [Therevac Plus],SBD,A06AA02|C05AD03|D04AB04|R02AD01,A06AA02|C05AD03,,
1193116,chlorcyclizine hydrochloride 25 MG / phenylephrine hydrochloride 10 MG Oral Tablet [Dallergy Reformulated Nov 2011],SBD,R06AE04,R01BA03|R06AE04,,
422997,salicylic acid 15 MG/ML Topical Lotion,SCD,D01AE12|N02BA04,D01AE12,,
484491,aspirin 81 MG / carbidopa 3.125 MG Oral Tablet,SCD,B01AC06|N02BA01|N02BA51,B01AC06,,
562675,chromic chloride 0.0513 MG/ML / copper sulfate 3.93 MG/ML / manganese sulfate 1.54 MG/ML / selenious acid 0.098 MG/ML / zinc sulfate 22 MG/ML Injectable Solution,SCD,A12CB01|V03AB20,B05XA30,,
604449,hydrocortisone 0.02 MG/MG Topical Gel,SCD,A01AC03|A07EA02|D07AA02|D07AB02|D07AB11|H02AB09|S01BA02,D07AA02,,
605730,metronidazole 0.01 MG/MG Topical Gel [MetroGel],SBD,A01AB17|D06BX01|P01AB01,D06BX01,,
860159,hydrocodone bitartrate 1 MG/ML / phenylephrine hydrochloride 1 MG/ML / pyrilamine maleate 1 MG/ML Oral Solution [De-Chlor MR],SBD,R05DA03,R01BA03|R05DA03|R06AC01,,
1010723,calcium gluconate 230 MG/ML Injectable Solution,SCD,A12AA03,B05XA19,,
1012019,lidocaine hydrochloride 2 MG/ML Injectable Solution,SCD,D04AB01|N01BB02|R02AD02,N01BB02,IMPROVED,N01BB02
1014366,{1 (42500 MG) (hydrocortisone 0.01 MG/MG Topical Gel) / 1 (60000 MG) (ketoconazole 20 MG/ML Topical Cream) } Pack,GPCK,A01AC03|A07EA02|D01AC08|D07AA02|D07AB02|D07AB11|H02AB09|J02AB02|S01BA02,D01AC08|D07AA02,,
1038561,benzalkonium chloride 4 MG/ML Medicated Pad,SCD,D08AJ01|D08AJ08|R02AA16,D09AA11,,
1038764,benzalkonium chloride 1 MG/ML / benzethonium chloride 1 MG/ML Medicated Pad,SCD,R02AA09,D08AJ01|D08AJ08,,
1047484,{1 (59 ML) (coal tar 10 MG/ML Medicated Shampoo) / 1 (59 ML) (salicylic acid 30 MG/ML Medicated Shampoo) / 1 (59 ML) (zinc pyrithione 10 MG/ML Medicated Shampoo) } Pack,GPCK,D11AX12,D01AE12|D11AX12,,
248108,acyclovir 25 MG/ML Injectable Solution,SCD,D06BB03|J05AB01|S01AD03,J05AB01,,
1659598,ampicillin 2000 MG / sulbactam 1000 MG Injection,SCD,J01CG01,J01CR04,,
562379,prednisolone 1.2 MG/ML Ophthalmic Suspension,SCD,A07EA01|H02AB06|S01BA04|S03BA02,S01BA04,,
602424,clindamycin 20 MG/ML Vaginal Cream [Clindamax],SBD,D10AF01|J01FF01,G01AA10,,
606794,hydrocortisone 0.02 MG/MG Topical Gel [Nuzon],SBD,A01AC03|A07EA02|D07AA02|D07AB02|D07AB11|H02AB09|S01BA02,D07AA02,,
1006118,sulfacetamide sodium 100 MG/ML Medicated Pad [Rosula NS],SBD,D10AB02,D10AF06,,
1012087,prednisolone sodium phosphate 2.5 MG/ML / sulfacetamide sodium 100 MG/ML Ophthalmic Suspension [Cetapred],SBD,A07EA01|D10AB02|H02AB06|S01BA04|S03BA02,S01CA02,,
1000499,"{28 (estrogens, conjugated (USP) 0.625 MG / medroxyprogesterone acetate 2.5 MG Oral Tablet) } Pack [Prempro 0.625/2.5 28 Day]",BPCK,G03CA57,G03FA12,,
1052760,magnesium citrate 58.2 MG/ML Oral Solution,SCD,A12CC04,A06AD19,,
1006109,sulfacetamide sodium 100 MG/ML Medicated Liquid Soap [Mexar],SBD,D10AB02,D10AF06,,
262191,dexamethasone 1 MG/ML / neomycin 3.5 MG/ML Ophthalmic Solution [Neo-Dexair],SBD,A07AA01|D06AX04|H02AB02|S01AA03|S01BA01,S01CA01,,
861420,timolol 0.0025 MG/MG Ophthalmic Gel [Timoptic],SBD,C07AA06,S01ED01,,
2048004,histamine dihydrochloride 1 MG/ML Topical Spray,SCD,V04CG03,M02AX10,,
995226,codeine phosphate 0.5 MG/ML / guaifenesin 15 MG/ML Oral Solution,SCD,R05CA03|R05DA04,R05FA02,,
995983,codeine phosphate 2 MG/ML / guaifenesin 20 MG/ML / pseudoephedrine hydrochloride 6 MG/ML Oral Solution,SCD,R01BA02|R05CA03|R05DA04,R01BA02|R05FA02,,
313812,acyclovir 50 MG/ML Injectable Solution,SCD,D06BB03|J05AB01|S01AD03,J05AB01,,
318270,phenylephrine 1 MG/ML / pyrilamine 1.2 MG/ML Ophthalmic Solution,SCD,R01AA04|S01FB01|S01XA20,S01FB01|S01GA05,,
403854,hydrochlorothiazide 12.5 MG / olmesartan medoxomil 40 MG Oral Tablet,SCD,C03AA03|C09DA08,C09DA08,,
855633,diclofenac sodium 0.01 MG/MG Topical Gel,SCD,M01AB05|M02AA15|S01BC03,M02AA15,,
209277,sulfabenzamide 37 MG/ML / sulfacetamide sodium 28.6 MG/ML / sulfathiazole 34.2 MG/ML Vaginal Cream [Gyne Sulf],SBD,D10AB02,G01AE10,,
2099533,benoxinate hydrochloride 4 MG/ML / fluorescein sodium 2.5 MG/ML Ophthalmic Solution [Fluress],SBD,S01JA01,S01HA02|S01JA01,,
845659,magnesium hydroxide 60 MG/ML / mineral oil 0.25 ML/ML Oral Suspension [Phillips M-O],SBD,A06AA01|A06AA51,A06AA51,,
856886,benzocaine 0.2 MG/MG Oral Gel [Kolorz Anesthetic],SBD,R02AD01,N01BA05,,
857768,chlorpheniramine maleate 0.4 MG/ML / hydrocodone bitartrate 0.334 MG/ML / phenylephrine hydrochloride 1 MG/ML Oral Solution [Med-Hist-HC],SBD,R05DA03|R06AB04,R01BA03|R05DA03|R06AB04,,
212647,aluminum hydroxide 500 MG / magnesium hydroxide 450 MG / simethicone 40 MG Chewable Tablet [Maalox Plus],SBD,A02AB01|A02AF01,A02AF02,,
1090874,allantoin 1.3 MG/ML / benzalkonium chloride 0.013 MG/ML Topical Solution,SCD,D08AJ01|D08AJ08|R02AA16,D08AJ01,,
1093331,niacinamide 20 MG/ML Topical Cream,SCD,A11HA01,,,
1099585,pseudoephedrine hydrochloride 60 MG / triprolidine hydrochloride 2.5 MG Oral Tablet [Atridine],SBD,R01BA02|R01BA52|R06AX07,R01BA52,BOTH_WRONG,R01BA52
1113516,salicylic acid 0.004 MG/MG Topical Gel,SCD,D01AE12|N02BA04,D01AE12,,
1116309,ephedrine sulfate 8 MG / secobarbital 16 MG Oral Tablet,SCD,N05CA06,N05CA06|R03CA02,,
1188571,salicylic acid 20 MG/ML Topical Cream [Clearskin Blemish],SBD,D01AE12|N02BA04,D01AE12,,
1094354,phenazopyridine hydrochloride 50 MG / sulfamethizole 500 MG Oral Tablet,SCD,G04BX06,G04BX06|J01EB02,,
1099579,pseudoephedrine hydrochloride 60 MG / triprolidine hydrochloride 2.5 MG Oral Tablet [Acticon],SBD,R01BA02|R01BA52|R06AX07,R01BA02|R06AX07,,
1114389,hydrogen peroxide 40 MG/ML Topical Solution [Perox-400],SBD,A01AB02|D08AX01,D08AX01,,
422996,salicylic acid 7 MG/ML Topical Lotion,SCD,D01AE12|N02BA04,D01AE12,,
616454,isopropyl alcohol 0.1 ML/ML / salicylic acid 10 MG/ML / sodium thiosulfate 250 MG/ML Topical Lotion,SCD,D08AX05,D01AE12|D08AX05,,
858780,hydrocodone bitartrate 5 MG / ibuprofen 200 MG Oral Tablet [Ibudone],SBD,R05DA03,M01AE01|R05DA03,,
860040,hydrocodone bitartrate 0.34 MG/ML / pheniramine maleate 0.66 MG/ML / phenylephrine hydrochloride 1 MG/ML / phenylpropanolamine hydrochloride 0.66 MG/ML / pyrilamine maleate 0.66 MG/ML Oral Solution,SCD,R01BA01|R05DA03,R01BA01|R01BA03|R05DA03|R06AB05|R06AC01,,
1001755,benzethonium chloride 1.3 MG/ML / menthol 10 MG/ML Topical Spray,SCD,R02AA09,D08AJ08,,
1049250,benzalkonium chloride 1 MG/ML Topical Solution [Pronto Plus Lice Egg Remover],SBD,D08AJ01|D08AJ08|R02AA16,D08AJ01,,
1053099,salicylic acid 20 MG/ML Topical Lotion [Alba Natural Acnedote],SBD,D01AE12|N02BA04,D01AE12,,
1053207,benzethonium chloride 1 MG/ML Medicated Liquid Soap,SCD,D08AJ08|R02AA09,D08AJ08,,
249357,desogestrel 0.15 MG / ethinyl estradiol 0.02 MG Oral Tablet,SCD,G03AA09|G03AC09,G03AA09,,
282663,salicylic acid 25 MG/ML Topical Cream,SCD,D01AE12|N02BA04,D01AE12,,
1657703,5 ML panitumumab 20 MG/ML Injection,SCD,L01XC08,L01FE02,,
1737554,petrolatum 0.57 MG/MG / zinc oxide 0.17 MG/MG Paste [Z-Guard],SBD,C05AX04,,,
1190943,atropine sulfate 30 MG/ML Ophthalmic Solution,SCD,A03BA01|S01FA01,S01FA01,,
860246,guaifenesin 10 MG/ML / hydrocodone bitartrate 0.5 MG/ML / phenylephrine hydrochloride 1.5 MG/ML Oral Solution [Qual-Tussin DC],SBD,R05CA03|R05DA03,R01BA03|R05CA03|R05DA03,,
1005852,sulfacetamide sodium 100 MG/ML / sulfur 50 MG/ML Topical Cream [Topisulf],SBD,D10AB02,D10AB02|D10AF06,,
1039465,ethanol 0.625 ML/ML Topical Foam,SCD,D08AX08|V03AB16|V03AZ01,D08AX08,,
1046423,calcium glycerophosphate 1.3 MG/ML / pyridoxine hydrochloride 0.3 MG/ML / sodium monofluorophosphate 7.6 MG/ML Toothpaste,SCD,A11HA02,A01AA02,,
1193294,acetaminophen 80 MG / chlorpheniramine maleate 2 MG / phenylephrine hydrochloride 5 MG Chewable Tablet,SCD,N02BE01|R06AB04,N02BE01|R01BA03|R06AB04,,
858895,carbinoxamine maleate 0.8 MG/ML / hydrocodone bitartrate 1 MG/ML / phenylephrine hydrochloride 1.6 MG/ML Oral Solution [Excof],SBD,R05DA03|R06AA08,R01BA03|R05DA03|R06AA08,,
1000921,sulfacetamide sodium 100 MG/ML / sulfur 40 MG/ML Medicated Liquid Soap [Claris],SBD,D10AB02,D10AB02|D10AF06,,
1046787,atropine sulfate 0.00388 MG/ML / hyoscyamine sulfate 0.0207 MG/ML / phenobarbital 3.24 MG/ML / scopolamine hydrobromide 0.0013 MG/ML Oral Solution,SCD,A03BA03|N03AA02,A03CB02,,
1731737,benzalkonium chloride 5 MG/ML Medicated Liquid Soap,SCD,D08AJ01|D08AJ08|R02AA16,D08AJ01,,
1744001,emtricitabine 100 MG / tenofovir disoproxil fumarate 150 MG Oral Tablet,SCD,J05AF07|J05AF09,J05AR03,,
1794904,500 ML glucose 50 MG/ML / sodium chloride 2.25 MG/ML Injection,SCD,A12CA01|B05BA03|B05BB01|B05CB01|B05XA03|S01XA03|V06DC01,B05BB02,,
1795150,1000 ML glucose 50 MG/ML / sodium chloride 3 MG/ML Injection,SCD,A12CA01|B05BA03|B05BB01|B05CB01|B05XA03|S01XA03|V06DC01,B05BB02,,
1797115,miconazole nitrate 1 MG/ML Topical Solution,SCD,A01AB09|D01AC02|G01AF04,D01AC02,,
1797857,ketorolac tromethamine 15.8 MG/ACTUAT Metered Dose Nasal Spray [Sprix],SBD,M01AB15|S01BC05,M01AB15,IMPROVED,M01AB15
1804176,lidocaine 0.04 MG/MG / menthol 0.01 MG/MG Topical Gel,SCD,D04AB01|N01BB02|R02AD02,D04AB01,,
860099,hydrocodone bitartrate 0.4 MG/ML / phenylephrine hydrochloride 1 MG/ML / pyrilamine maleate 1.67 MG/ML Oral Solution,SCD,R05DA03,R01BA03|R05DA03|R06AC01,,
1085918,clindamycin 25 MG/ML Oral Solution [ClindaCure],SBD,D10AF01|J01FF01,J01FF01,,
238240,tolazoline 25 MG/ML Injectable Solution,SCD,C04AB02|M02AX02,C04AB02,,
1053097,salicylic acid 20 MG/ML Medicated Liquid Soap [Alba Natural Acnedote],SBD,D01AE12|N02BA04,D01AE12,,
1739221,terbinafine hydrochloride 10 MG/ML Topical Cream [Silka Cream],SBD,D01AE15|D01BA02,D01AE15,,
1739846,allantoin 5 MG/ML / lidocaine 5 MG/ML Topical Cream,SCD,D04AB01|N01BB02|R02AD02,D04AB01,,
1858836,{7 (ethinyl estradiol 0.025 MG / norgestimate 0.18 MG Oral Tablet) / 7 (ethinyl estradiol 0.025 MG / norgestimate 0.215 MG Oral Tablet) / 7 (ethinyl estradiol 0.025 MG / norgestimate 0.25 MG Oral Tablet) / 7 (inert ingredients 1 MG Oral Tablet) } Pack [Tri-Lo-Mili],BPCK,G03CA01,G03AA11,,
1868029,10 ML epinephrine 0.005 MG/ML / lidocaine hydrochloride 20 MG/ML Injection [Xylocaine with Epinephrine],SBD,C01CA24|D04AB01|N01BB02|R02AD02|S01EA01,N01BB02,,
1874747,capsaicin 2.5 MG/ML Topical Solution,SCD,N01BX04,M02AB01,,
1876751,capsaicin 0.000375 MG/MG / lidocaine 0.04 MG/MG / menthol 0.1 MG/MG / methyl salicylate 0.2 MG/MG Topical Ointment,SCD,D04AB01|N01BB02|N01BX04|R02AD02,D04AB01|M02AB01,,
1876810,{21 (desogestrel 0.15 MG / ethinyl estradiol 0.02 MG Oral Tablet) / 5 (ethinyl estradiol 0.01 MG Oral Tablet) / 2 (inert ingredients 1 MG Oral Tablet) } Pack [Simliya 28 Day],BPCK,G03AA09|G03AC09|G03CA01,G03AA09,,
1243587,flurbiprofen sodium 0.3 MG/ML Ophthalmic Solution [Ocufen],SBD,M01AE09|R02AX01,S01BC04,,
1243772,acetaminophen 500 MG / codeine phosphate 10 MG / guaifenesin 400 MG / phenylephrine hydrochloride 10 MG Oral Tablet,SCD,N02BE01|R05CA03|R05DA04,N02BE01|R01BA03|R05CA03|R05DA04,,
1243889,benzethonium chloride 2 MG/ML Medicated Liquid Soap,SCD,D08AJ08|R02AA09,D08AJ08,IMPROVED,D08AJ08
1246113,lidocaine hydrochloride 40 MG/ML Mucous Membrane Topical Solution [Xylocaine],SBD,D04AB01|N01BB02|R02AD02,N01BB02,,
1248142,ascorbic acid 120 MG / beta carotene 2700 UNT / calcium carbonate 200 MG / cholecalciferol 400 UNT / cupric oxide 2 MG / docusate sodium 50 MG / folic acid 1 MG / iron carbonyl 90 MG / magnesium oxide 30 MG / niacinamide 20 MG / pyridoxine hydrochloride 20 MG / riboflavin 3.4 MG / thiamine mononitrate 3 MG / tocopherol acetate 30 UNT / vitamin B12 0.012 MG / zinc oxide 25 MG Oral Tablet,SCD,A11CC05|A11DA01|A11GA01|A11HA01|A11HA02|A11HA03|A11HA04|B03BA01|B03BB01,B03AE04,,
1248354,diphenhydramine hydrochloride 1.67 MG/ML Oral Solution,SCD,D04AA32|R06AA02,R06AA02,,
1250494,hydrocortisone acetate 10 MG/ML Topical Cream [Hycort],SBD,A01AC03|A07EA02|D07AA02|D07AB02|D07AB11|H02AB09|S01BA02,D07AA02,,
1250563,chloroxylenol 30 MG/ML / undecylenic acid 250 MG/ML Topical Solution,SCD,D08AE05,D01AE04,,
1291380,hydrocortisone 25 MG/ML Rectal Cream [Proctosol],SBD,A01AC03|A07EA02|D07AA02|D07AB02|D07AB11|H02AB09|S01BA02,C05AA01,IMPROVED,C05AA01
1292998,chlorpheniramine maleate 2 MG / methscopolamine nitrate 1.5 MG / phenylephrine hydrochloride 10 MG Chewable Tablet,SCD,R06AB04,A03BB03|R01BA03|R06AB04,,
1293499,phenylephrine tannate 1 MG/ML / pyrilamine tannate 6 MG/ML Oral Suspension,SCD,R01AA04|S01FB01|S01XA20,R01BA03|R06AC01,,
1302856,24 HR phentermine 15 MG / topiramate 92 MG Extended Release Oral Capsule [Qsymia],SBD,A08AA01|N03AX11,A08AA51,,
1305205,alpha-tocopherol acetate 1.4 MG/ML / ascorbic acid 16 MG/ML / biotin 0.004 MG/ML / dexpanthenol 1 MG/ML / ergocalciferol 0.002 MG/ML / folic acid 0.028 MG/ML / niacinamide 3.4 MG/ML / pyridoxine hydrochloride 0.2 MG/ML / riboflavin 0.28 MG/ML / thiamine hydrochloride 0.24 MG/ML / vitamin A 0.14 MG/ML / vitamin B12 0.0002 MG/ML / vitamin K1 0.04 MG/ML Injectable Solution [MVI Pediatric],SBD,A11CA01|A11CC01|A11DA01|A11GA01|A11HA01|A11HA02|A11HA04|A11HA05|B02BA01|B03BA01|B03BB01,A11CA01|A11CC01|A11DA01|A11GA01|A11HA01|A11HA02|A11HA03|A11HA04|A11HA05|A11HA30|B02BA01|B03BA01|B03BB01,BOTH_WRONG,A11CA01|A11CC01|A11DA01|A11GA01|A11HA01|A11HA02|A11HA03|A11HA04|A11HA05|A11HA30|B02BA01|B03BA01|B03BB01
1358505,methylprednisolone acetate 0.0025 MG/MG / neomycin 0.0035 MG/MG Topical Ointment [Neo-Medrol],SBD,A07AA01|D06AX04|H02AB04|S01AA03,D07CA02,IMPROVED,D07CA02
1439778,benzalkonium chloride 2 MG/ML Medicated Liquid Soap,SCD,D08AJ01|D08AJ08|R02AA16,D08AJ01,,
1483665,ethanol 0.554 ML/ML Topical Gel,SCD,D08AX08|V03AB16|V03AZ01,D08AX08,IMPROVED,D08AX08
1487925,phenylephrine hydrochloride 2.5 MG/ML / pramoxine hydrochloride 10 MG/ML Rectal Cream [Nikzon],SBD,R01AA04|S01FB01|S01XA20,C05AD07|C05AX06,,
1495165,chlorhexidine gluconate 2 MG/ML / ketoconazole 2 MG/ML / salicyloyl phytosphingosine 0.2 MG/ML Topical Solution,SCD,A01AB03|D01AC08|D08AC02|J02AB02|R02AA05,D01AC08|D08AC02,,
1546195,ivermectin 10 MG/ML Oral Solution,SCD,D11AX22|P02CF01,P02CF01,,
1807627,150 ML sodium chloride 9 MG/ML Injection,SCD,A12CA01|B05BB01|B05CB01|B05XA03|S01XA03,B05XA03,,
1862735,salicylic acid 0.006 MG/MG Topical Powder,SCD,D01AE12|N02BA04,D01AE12,IMPROVED,D01AE12
1873628,capsaicin 0.0004 MG/MG / methyl salicylate 0.1 MG/MG Medicated Patch,SCD,N01BX04,M02AB01,,
1357402,brompheniramine maleate 0.4 MG/ML / codeine phosphate 2 MG/ML / phenylpropanolamine hydrochloride 2.5 MG/ML Oral Solution,SCD,R01BA01|R05DA04|R06AB01,R05DA04,IMPROVED,R05DA04
1362082,12 HR aspirin 25 MG / dipyridamole 200 MG Extended Release Oral Capsule [Aggrenox],SBD,B01AC07,B01AC30,,
142001,hypromellose 10 MG/ML Ophthalmic Solution,SCD,S01KA02|S01XA20,S01KA02,,
1494601,lidocaine hydrochloride 40 MG/ML Topical Cream [Xolido],SBD,D04AB01|N01BB02|R02AD02,D04AB01,,
1495474,acetaminophen 325 MG / hydrocodone bitartrate 5 MG Oral Tablet [Lortab],SBD,N02BE01|R05DA03,N02AJ22,,
1536815,aspirin 500 MG / caffeine 65 MG Effervescent Oral Tablet,SCD,N06BC01,N02BA51,,
1537207,salicylic acid 2.5 MG/ML / sodium thiosulfate 1 MG/ML Medicated Shampoo,SCD,D01AE12|N02BA04|V03AB06,D01AE12,,
1551417,isoflupredone acetate 0.001 MG/MG / neomycin 0.0035 MG/MG / tetracaine hydrochloride 0.005 MG/MG Topical Powder [Neo-Predef],SBD,A07AA01|D06AX04|S01AA03,D04AB06|D06AX04,,
1357936,carbetapentane citrate 4 MG/ML / pseudoephedrine hydrochloride 1.6 MG/ML / pyrilamine maleate 1.5 MG/ML Oral Solution,SCD,R01BA02|R05DB05,R01BA02|R05DB05|R06AC01,,
1298742,cetylpyridinium chloride 0.0007 MG/MG / menthol 3.6 MG Oral Lozenge,SCD,B05CA01|D08AJ03|D09AA07|R02AA06,R02AA06,,
1304566,coal tar 20 MG/ML / salicylic acid 40 MG/ML Medicated Shampoo [X-Seb T Pearl],SBD,D01AE12|N02BA04,D01AE12,,
1313927,cholecalciferol 20 UNT/ML / polysaccharide iron complex 25 MG/ML Oral Solution,SCD,A11CC05,B03AE03,,
1368311,salicylic acid 0.05 MG/MG Topical Gel [Santalia Daily Serum],SBD,D01AE12|N02BA04,D01AE12,,
1372896,lidocaine hydrochloride 0.025 MG/MG Topical Gel [Unburn],SBD,D04AB01|N01BB02|R02AD02,D04AB01,,
1425912,calamine 0.02 MG/MG / menthol 0.0045 MG/MG / zinc oxide 0.18 MG/MG Topical Ointment [Lantiseptic Multi-Purpose],SBD,C05AX04,,,
1438778,{21 (desogestrel 0.15 MG / ethinyl estradiol 0.02 MG Oral Tablet) / 5 (ethinyl estradiol 0.01 MG Oral Tablet) / 2 (inert ingredients 1 MG Oral Tablet) } Pack [Pimtrea Pack],BPCK,G03AA09|G03AC09|G03CA01,G03AA09,,
1541083,capsaicin 0.35 MG/ML / menthol 100 MG/ML / methyl salicylate 250 MG/ML Topical Cream,SCD,N01BX04,M02AB01,,
1547998,clindamycin 25 MG/ML Oral Solution [Clindrops],SBD,D10AF01|J01FF01,J01FF01,,
1549484,lidocaine 10 MG/ML Topical Solution,SCD,D04AB01|N01BB02|R02AD02,D04AB01,,
1601982,alanine 21.7 MG/ML / arginine 14.7 MG/ML / aspartate 4.34 MG/ML / glutamate 7.49 MG/ML / glycine 10.4 MG/ML / histidine 8.94 MG/ML / isoleucine 7.49 MG/ML / leucine 10.4 MG/ML / lysine 11.8 MG/ML / methionine 7.49 MG/ML / phenylalanine 10.4 MG/ML / proline 8.94 MG/ML / serine 5.92 MG/ML / threonine 7.49 MG/ML / tryptophan 2.5 MG/ML / tyrosine 0.39 MG/ML / valine 9.6 MG/ML Injectable Solution [Plenamine],SBD,B05CX03|B05XB03|N06AX02|V03AB26,B05BA01,,
1606988,lidocaine hydrochloride 40 MG/ML / menthol 10 MG/ML Topical Spray,SCD,D04AB01|N01BB02|R02AD02,D04AB01,,
1926450,benzalkonium chloride 0.001 MG/MG Medicated Bar Soap,SCD,D08AJ01|D08AJ08|R02AA16,D08AJ01,,
197382,atenolol 100 MG / chlorthalidone 25 MG Oral Tablet,SCD,C03BA04|C07AB03,C07CB03,,
197435,calcium gluconate 100 MG/ML Injectable Solution,SCD,A12AA03,B05XA19,,
1248241,docusate sodium 83 MG / phenolphthalein 90 MG Oral Capsule,SCD,A06AB04,A06AA02|A06AB04,,
1248590,hydrogen peroxide 5 MG/ML Topical Solution [ActiveOxy],SBD,A01AB02|D08AX01,D08AX01,,
1250904,chlorpheniramine maleate 4 MG / phenylephrine hydrochloride 20 MG Extended Release Oral Capsule,SCD,R06AB04,R01BA03|R06AB04,,
1251363,aluminum hydroxide 6.33 MG/ML / magnesium carbonate 23.9 MG/ML Oral Suspension [Genaton],SBD,A02AB01,A02AD01,,
1299064,salicylic acid 20 MG/ML Topical Cream [No Zit Sherlock],SBD,D01AE12|N02BA04,D01AE12,,
1436369,capsaicin 0.35 MG/ML / menthol 50 MG/ML / methyl salicylate 200 MG/ML Topical Cream [Medi-Derm],SBD,N01BX04,M02AB01,,
1600925,caffeine 1.63 MG/ML / choline salicylate 16.3 MG/ML Oral Solution,SCD,N06BC01,N02BA03|N06BC01,,
1601097,capsaicin 0.000325 MG/MG / lidocaine hydrochloride 0.04 MG/MG / menthol 0.1 MG/MG / methyl salicylate 0.275 MG/MG Topical Ointment [LidoPro],SBD,D04AB01|N01BB02|N01BX04|R02AD02,D04AB01|M02AB01,,
1648132,chlorhexidine gluconate 20 MG/ML / hydrocortisone 10 MG/ML / ketoconazole 10 MG/ML Medicated Shampoo,SCD,A01AB03|A01AC03|A07EA02|D01AC08|D07AA02|D07AB02|D07AB11|D08AC02|H02AB09|J02AB02|R02AA05|S01BA02,D01AC08|D07AA02|D08AC02,,
1605852,sulfacetamide sodium 100 MG/ML / sulfur 50 MG/ML Medicated Pad [Rosula],SBD,D10AB02,D10AF06,,
643070,efavirenz 600 MG / emtricitabine 200 MG / tenofovir disoproxil fumarate 300 MG Oral Tablet [Atripla],SBD,J05AF07|J05AF09|J05AG03,J05AR06,,
686383,erythromycin ethylsuccinate 40 MG/ML / sulfisoxazole 120 MG/ML Oral Suspension,SCD,J01FA01,J01EB05|J01FA01,,
701198,aluminum chlorohydrate 0.2 MG/MG Topical Gel,SCD,D09AA08|M05BX02,D09AA08,,
731531,ibuprofen 40 MG/ML Oral Suspension [Advil],SBD,M01AE01|M01AE14|M02AA13,M01AE01,,
723770,salicylic acid 60 MG/ML Topical Cream [Salitop],SBD,D01AE12|N02BA04,D01AE12,,
707347,sodium chloride 70 MG/ML Inhalation Solution [Hyper-Sal],SBD,A12CA01|B05BB01|B05CB01|B05XA03|S01XA03,R01AX,,
864679,atovaquone 250 MG / proguanil hydrochloride 100 MG Oral Tablet [Malarone],SBD,P01AX06|P01BB01|P01BB51,P01BB51,,
860932,benzocaine 0.02 MG/MG / trimethobenzamide hydrochloride 200 MG Rectal Suppository [Tebamide],SBD,R06AA10,C05AD03|R06AA10,,
903283,levothyroxine sodium 0.0125 MG / liothyronine sodium 0.0031 MG Oral Tablet,SCD,H03AA01|H03AA02,H03AA02,,
992730,homatropine methylbromide 0.3 MG/ML / hydrocodone bitartrate 1 MG/ML Oral Solution [Hydrotropine],SBD,R05DA03|S01FA05,A03BB06|R05DA03,,
994010,esomeprazole 20 MG / naproxen 500 MG Delayed Release Oral Tablet [Vimovo],SBD,A02BC05,M01AE52,,
309786,1000 ML glucose 50 MG/ML / potassium chloride 0.04 MEQ/ML Injection,SCD,B05BA03|V06DC01,B05BB02,,
312057,nystatin 250000 UNT / oxytetracycline 250 MG Oral Capsule,SCD,A01AB11|A07AA02|D01AA01|J01AA06,A07AA02|J01AA06,,
206370,hydrocortisone 10 MG/ML Topical Lotion [Cortane],SBD,A01AC03|A07EA02|D07AA02|D07AB02|D07AB11|H02AB09|S01BA02,D07AA02,,
206951,kanamycin 333 MG/ML Injectable Solution [Kantrex],SBD,A07AA08|J01GB04|S01AA24,J01GB04,,
346765,antipyrine 54 MG/ML / benzocaine 14.4 MG/ML Otic Solution,SCD,C05AD03|D04AB04|R02AD01,S02DA30,,
763106,"poliovirus vaccine inactivated, type 1 (Mahoney) 80 UNT/ML / poliovirus vaccine inactivated, type 2 (MEF-1) 16 UNT/ML / poliovirus vaccine inactivated, type 3 (Saukett) 64 UNT/ML Injectable Suspension [Ipol]",SBD,J07CA01,J07BF03,IMPROVED,J07BF03
895901,ivermectin 0.034 MG / praziquantel 28.5 MG / pyrantel 28.5 MG Chewable Tablet [Iverhart Max],SBD,P02BA01|P02CC01,P02BA01|P02CC01|P02CF01,,
801574,alanine 8.8 MG/ML / arginine 4.4 MG/ML / dibasic potassium phosphate 2.61 MG/ML / glucose 100 MG/ML / glycine 8.8 MG/ML / histidine 1.86 MG/ML / isoleucine 2.03 MG/ML / leucine 2.63 MG/ML / lysine 2.46 MG/ML / magnesium chloride 0.01 MEQ/ML / methionine 2.46 MG/ML / phenylalanine 2.63 MG/ML / proline 1.78 MG/ML / sodium acetate 0.036 MEQ/ML / sodium chloride 0.013 MEQ/ML / threonine 1.78 MG/ML / tryptophan 0.76 MG/ML / tyrosine 0.17 MG/ML / valine 1.95 MG/ML Injectable Solution,SCD,B05CX03|B05XA08|B05XB03|N06AX02|V03AB26,B05BA10,,
308501,bacitracin 0.5 UNT/MG / neomycin 0.0035 MG/MG / polymyxin B 5 UNT/MG Topical Ointment,SCD,A07AA01|D06AX04|S01AA03,D06AX04|D06AX05,,
730782,500 ML sodium chloride 50 MG/ML Injection,SCD,A12CA01|B05BB01|B05CB01|B05XA03|S01XA03,B05XA03,,
993253,benzenesulfonic acid 5 MG/ML / hydrogen peroxide 5 MG/ML / lactic acid 17 MG/ML Topical Solution,SCD,A01AB02|D08AX01|G01AD01,D08AX01,,
199603,clotrimazole 20 MG/ML Vaginal Cream,SCD,D01AC01,G01AF02,,
204420,hydrocortisone 0.005 MG/MG Paste,SCD,A01AC03|A07EA02|D07AA02|D07AB02|D07AB11|H02AB09|S01BA02,D07AA02,,
2048982,5 ML ethanol 0.99 ML/ML Injection,SCD,D08AX08|V03AB16|V03AZ01,V03AZ01,,
993776,ivermectin 5 MG/ML Topical Solution [Agri-Mectin],SBD,D11AX22|P02CF01,D11AX22,IMPROVED,D11AX22
312603,prednisolone 2 MG/ML / sulfacetamide 200 MG/ML Ophthalmic Suspension,SCD,A07EA01|D10AB02|H02AB06|S01BA04|S03BA02,S01CA02,,
669081,desonide 0.0005 MG/MG Topical Gel,SCD,D07AB08|S01BA11,D07AB08,,
687099,ferrous fumarate 162 MG / folic acid 1 MG / polysaccharide iron complex 115.2 MG Oral Capsule,SCD,B03BB01,B03AA02|B03BB01,,
978060,salicylic acid 20 MG/ML / sulfur 20 MG/ML Medicated Shampoo [Sentry HC Dermasphere Medicated],SBD,D10AB02,D01AE12|D10AB02,,
309606,folic acid 1 MG / polysaccharide iron complex 150 MG / vitamin B12 0.025 MG Oral Capsule,SCD,B03BA01|B03BB01,B03AE01,,
998681,168 HR clonidine 0.0125 MG/HR Transdermal System [Catapres],SBD,C02AC01|N02CX02,C02AC01,,
899866,{21 (ethinyl estradiol 0.035 MG / ethynodiol diacetate 1 MG Oral Tablet) / 7 (inert ingredients 1 MG Oral Tablet) } Pack [Demulen 1/35 28 Day],BPCK,G03DC06,G03AA01,,
206212,erythromycin 0.02 MG/MG Topical Gel [Erygel],SBD,J01FA01,D10AF02,,
623695,penicillin G benzathine 150000 UNT/ML / penicillin G procaine 150000 UNT/ML Injectable Suspension,SCD,J01CE08|J01CE09,J01CE08,,
308847,calcium gluconate 130 MG / niacinamide 3 MG / phenobarbital 32 MG Oral Tablet,SCD,A11HA01|N03AA02,A11HA01|A12AA03|N03AA02,,
308663,benzocaine 0.05 MG/MG Oral Gel,SCD,C05AD03|D04AB04|R02AD01,N01BA05,,
309700,dexamethasone 0.084 MG/ACTUAT Nasal Inhalant,SCD,H02AB02|S01BA01,R01AD03,IMPROVED,R01AD03
1089087,glycerin 30 MG/ML / sodium chloride 7.5 MG/ML Nasal Solution [Pretz],SBD,A06AX01|A12CA01|B05BB01|B05CB01|B05XA03|S01XA03,R01AX,,
313453,tretinoin 0.001 MG/MG Topical Gel,SCD,D10AD01|L01XX14,D10AD01,,
313636,ascorbic acid 75 MG / copper sulfate 1 MG / ferrous fumarate 160 MG / folic acid 1.5 MG Oral Tablet,SCD,A11GA01|B03BB01|V03AB20,A11GA01|B03AA02|B03BB01|V03AB20,,
803239,chromic chloride 0.0513 MG/ML / copper sulfate 3.93 MG/ML / manganese sulfate 1.54 MG/ML / zinc sulfate 22 MG/ML Injectable Solution [Multitrace-4],SBD,A12CB01|V03AB20,B05XA30,,
991424,glycerin 5 MG/ML / propylene glycol 6 MG/ML Ophthalmic Solution,SCD,A06AX01,S01XA20,,
1086970,magaldrate 108 MG/ML / simethicone 8 MG/ML Oral Suspension [Ri-Mag Plus],SBD,A02AD02,A02AF01,,
198496,benzocaine 0.075 MG/MG Oral Gel,SCD,C05AD03|D04AB04|R02AD01,N01BA05,,
1999408,2.5 ML sodium hyaluronate 10 MG/ML Prefilled Syringe [Visco-3],SBD,M09AX01,S01KA01,,
999748,ascorbic acid / ferrous fumarate / folic acid / vitamin B12 Oral Capsule [Hematogen],SBDF,A11GA01|B03BA01|B03BB01,B03AE01,,
312877,salicylic acid 10 MG/ML / sodium thiosulfate 250 MG/ML Topical Lotion,SCD,D01AE12|N02BA04|V03AB06,D01AE12,,
313414,tobramycin 0.003 MG/MG Ophthalmic Ointment,SCD,J01GB01|S01AA12,S01AA12,,
802762,calcium ascorbate 150 MG / calcium threonate 2 MG / ferrous asparto glycinate 70 MG / liver stomach concentrate 50 MG / succinic acid 75 MG / vitamin B12 0.01 MG Oral Tablet [Multigen],SBD,B03BA01,B03AE10,,
836270,ascorbic acid 120 MG / docusate sodium 50 MG / folic acid 1 MG / iron carbonyl 90 MG / vitamin B12 0.012 MG Oral Tablet [Ferralet 90],SBD,A11GA01|B03BA01|B03BB01,B03AE01,,
853517,povidone-iodine 0.1 MG/MG Medicated Bar Soap [Pharmadine],SBD,D08AG02|D09AA09|D11AC06|G01AX11|R02AA15,D08AG02,BOTH_WRONG,D08AG02
854997,colistin 3 MG/ML / hydrocortisone 10 MG/ML / neomycin 3.3 MG/ML / thonzonium bromide 0.5 MG/ML Otic Suspension [Cortisporin-TC],SBD,A01AC03|A07AA01|A07AA10|A07EA02|D06AX04|D07AA02|D07AB02|D07AB11|H02AB09|S01AA03|S01BA02,S02CA03,,
210852,aluminum hydroxide 56 MG/ML / magnesium hydroxide 70 MG/ML Oral Suspension [Maalox],SBD,A02AB01,A02AD01,,
2119083,phenol 0.014 MG/MG / zinc oxide 0.2 MG/MG Topical Ointment,SCD,C05AX04|D08AE03,D08AE03,,
2181315,chlorpheniramine maleate 2 MG / phenylephrine hydrochloride 10 MG / pyrilamine maleate 10 MG Extended Release Oral Tablet,SCD,R06AB04,R01BA03|R06AB04|R06AC01,,
2182353,chlorpheniramine maleate 0.4 MG/ML / hydrocodone bitartrate 0.5 MG/ML / phenylephrine hydrochloride 2 MG/ML Oral Solution [De-Chlor HC],SBD,R05DA03|R06AB04,R01BA03|R05DA03|R06AB04,,
1093178,cyclosporine 0.002 MG/MG Ophthalmic Ointment [Optimmune],SBD,L04AD01,S01XA18,,
1095618,chlophedianol hydrochloride 5 MG/ML / phenylephrine hydrochloride 2 MG/ML / triprolidine hydrochloride 0.5 MG/ML Oral Solution [Prohist CD],SBD,R05DB10|R06AX07,R01BA03|R05DB10|R06AX07,,
1098601,glycerin 6 MG/ML / propylene glycol 6 MG/ML Ophthalmic Solution [Soothe Lubricant Eye Drops],SBD,A06AX01,S01XA20,,
211731,povidone-iodine 100 MG/ML Douche,SCD,D08AG02|D09AA09|D11AC06|G01AX11|R02AA15,G01AX11,,
1095485,benzalkonium chloride 1.3 MG/ML Topical Solution [Releev Cold Sore],SBD,D08AJ01|D08AJ08|R02AA16,D08AJ01,,
1112687,{7 (ethinyl estradiol 0.01 MG Oral Tablet) / 84 (ethinyl estradiol 0.03 MG / levonorgestrel 0.15 MG Oral Tablet) } Pack [Amethia 91 Day],BPCK,G03AA07|G03CA01,G03AA07,,
1144131,benzocaine 100 MG/ML Oral Suspension [OraMagic Plus],SBD,C05AD03|D04AB04|R02AD01,R02AD01,,
1148398,metronidazole 7.5 MG/ML Topical Cream [Rosadan],SBD,A01AB17|D06BX01|P01AB01,D06BX01,,
477174,zinc oxide 0.16 MG/MG Paste,SCD,C05AX04,,,
545236,gentamicin 0.003 MG/MG Ophthalmic Ointment [Gentak],SBD,D06AX07|S03AA06,S01AA11,,
562600,salicylic acid 20 MG/ML Medicated Liquid Soap,SCD,D01AE12|N02BA04,D01AE12,,
859146,chlorpheniramine maleate 0.4 MG/ML / hydrocodone bitartrate 1 MG/ML / phenylephrine hydrochloride 2 MG/ML Oral Solution,SCD,R05DA03|R06AB04,R01BA03|R05DA03|R06AB04,,
1012188,prednisolone sodium phosphate 5 MG/ML / sulfacetamide sodium 100 MG/ML Ophthalmic Suspension [Metimyd],SBD,A07EA01|D10AB02|H02AB06|S01BA04|S03BA02,S01CA02,,
1013028,sulfacetamide sodium 100 MG/ML / sulfur 40 MG/ML Medicated Liquid Soap [Rosula],SBD,D10AB02,D10AB02|D10AF06,,
1037344,pheniramine maleate 16 MG / phenylpropanolamine hydrochloride 50 MG / phenyltoloxamine citrate 16 MG / pyrilamine maleate 16 MG Extended Release Oral Capsule [Quadra-Hist D Reformulated Feb 2008],SBD,R01BA01,R01BA01|R06AB05|R06AC01,,
1048340,"hyoscyamine sulfate 0.12 MG / methenamine 81 MG / methylene blue 10.8 MG / phenyl salicylate 32.4 MG / sodium phosphate, monobasic 40.8 MG Oral Tablet [Urelle]",SBD,A03BA03|G04BX12|J01XX05,G04BX12,,
1052949,benzalkonium chloride 1.2 MG/ML Topical Solution,SCD,D08AJ01|D08AJ08|R02AA16,D08AJ01,,
1086235,triamcinolone diacetate 40 MG/ML Injectable Suspension [Cortilone],SBD,A01AC01|H02AB08|R01AD11,H02AB08,,
237870,aluminum hydroxide 80 MG/ML / magnesium hydroxide 80 MG/ML / simethicone 8 MG/ML Oral Suspension,SCD,A02AB01,A02AD01,,
1112260,24 HR desloratadine 5 MG / pseudoephedrine sulfate 240 MG Extended Release Oral Tablet [Clarinex-D],SBD,R01BA02|R06AX27,R01BA02,,
1116927,dexamethasone phosphate 4 MG/ML Injectable Solution,SCD,H02AB02|S01BA01,H02AB02,,
562785,benzocaine 0.2 MG/MG Oral Paste,SCD,C05AD03|D04AB04|R02AD01,N01BA05,,
1000563,sulfacetamide sodium 100 MG/ML / sulfur 50 MG/ML Medicated Liquid Soap [Zetacet],SBD,D10AB02,D10AB02|D10AF06,,
1005861,sulfacetamide sodium 100 MG/ML / sulfur 50 MG/ML Topical Lotion [Plexion],SBD,D10AB02,D10AB02|D10AF06,,
1014431,alanine 7.1 MG/ML / arginine 9.5 MG/ML / cysteine 0.16 MG/ML / glycine 14 MG/ML / histidine 2.8 MG/ML / isoleucine 6.9 MG/ML / leucine 9.1 MG/ML / lysine 7.3 MG/ML / methionine 5.3 MG/ML / phenylalanine 5.6 MG/ML / phosphoric acid 1.2 MG/ML / proline 11.2 MG/ML / serine 5.9 MG/ML / sodium bisulfite 1 MG/ML / threonine 4 MG/ML / tryptophan 1.5 MG/ML / valine 6.6 MG/ML Injectable Solution [Freamine III 10],SBD,B05CX03|B05XB03|N06AX02|V03AB26,B05BA01,,
1043690,hydrocortisone acetate 10 MG/ML Topical Cream,SCD,A01AC03|A07EA02|D07AA02|D07AB02|D07AB11|H02AB09|S01BA02,D07AA02,IMPROVED,D07AA02
1044248,menthol 0.5 MG/ML / sodium chloride 0.12 MEQ/ML Topical Spray,SCD,A12CA01|B05BB01|B05CB01|B05XA03|S01XA03,A12CA01|B05CB01|B05XA03,,
1046879,atropine sulfate 0.03 MG / benzoic acid 4.5 MG / hyoscyamine sulfate 0.03 MG / methenamine 40.8 MG / methylene blue 5.4 MG / phenyl salicylate 18.1 MG Oral Tablet [Cystemms-V],SBD,A03BA03|G04BX12|J01XX05,A03BA01|A03BA03|A16AX11|G04BX12|J01XX05|V03AB17|V04CG05,,
238153,acetaminophen 325 MG / butalbital 50 MG / caffeine 40 MG Oral Capsule,SCD,N02BE01|N06BC01,N02BE01,,
242979,tripelennamine 7.5 MG/ML Oral Solution,SCD,D04AA04|R06AC04,R06AC04,,
1659445,hydrocortisone 25 MG/ML Topical Cream [Anusol HC],SBD,A01AC03|A07EA02|D07AA02|D07AB02|D07AB11|H02AB09|S01BA02,D07AA02,,
1191359,fluocinolone acetonide 0.25 MG/ML / neomycin sulfate 5 MG/ML Topical Cream,SCD,A07AA01|D06AX04|S01AA03,D07CC02,,
1658254,500 ML magnesium sulfate 20 MG/ML Injection,SCD,A06AD04|B05XA05,A12CC02|B05XA05,,
809602,fructose 374 MG/ML / glucose 374 MG/ML / phosphoric acid 4.3 MG/ML Oral Solution [Emetrol],SBD,V06DC02,A16AX,,
311452,1000 ML mannitol 50 MG/ML Injection,SCD,A06AD16,B05BC01,,
346887,atropine 0.0195 MG / hyoscyamine 0.104 MG / phenobarbital 16.2 MG / scopolamine 0.0065 MG Oral Tablet,SCD,A03BA03|N03AA02,A03BA01|A03BA03|A04AD01|N03AA02|N05CM05,,
804614,calcium citrate 250 MG / cholecalciferol 125 UNT / magnesium citrate 40 MG Chewable Tablet,SCD,A11CC05|A12AA13,A11JB,,
808611,folic acid 0.4 MG / vitamin B12 1 MG Sublingual Tablet,SCD,B03BA01|B03BB01,A11JA,,
836307,2 ML penicillin G benzathine 450000 UNT/ML / penicillin G procaine 150000 UNT/ML Prefilled Syringe [Bicillin],SBD,J01CE08|J01CE09,J01CE08,,
308400,ascorbic acid 75 MG / ferrous sulfate 195 MG Oral Tablet,SCD,A11GA01,A11GA01|B03AA07,,
209686,boric acid 0.5 MG/ML Ophthalmic Solution [Collyrium Fresh],SBD,S02AA03,S01AX07,,
211294,aspirin 400 MG / caffeine 32 MG Oral Tablet [CP-2],SBD,N06BC01,N02BA51,,
211313,aspirin 325 MG / butalbital 50 MG / caffeine 40 MG Oral Capsule [Isollyl],SBD,N06BC01,N02BA71,IMPROVED,N02BA71
211365,chlorhexidine gluconate 40 MG/ML Medicated Liquid Soap,SCD,A01AB03|D08AC02|R02AA05,D08AC02,,
998544,miconazole nitrate 40 MG/ML Vaginal Cream,SCD,A01AB09|D01AC02|G01AF04,G01AF04,,
210455,aspirin 325 MG / pentazocine 12.5 MG Oral Tablet [Talwin Compound],SBD,N02AD01,N02AD01|N02BA01,,
2121441,hydrogen peroxide 30 MG/ML / menthol 1 MG/ML Topical Solution,SCD,A01AB02|D08AX01,D08AX01|D11AX25,,
1098703,folic acid / vitamin B12 / vitamin B6 Oral Tablet [Folgard],SBDF,B03BA01|B03BB01,A11JA,,
1111345,olopatadine 2 MG/ML Ophthalmic Solution [Pataday],SBD,R01AC08,S01GX09,,
1091725,0.4 ML sodium hyaluronate 10 MG/ML Prefilled Syringe [Provisc],SBD,M09AX01,S01KA01,,
1094438,phenylephrine hydrochloride 2 MG/ML / triprolidine hydrochloride 0.5 MG/ML Oral Solution [Prohist LQ],SBD,R06AX07,R01BA53,,
1101883,sodium fluoride 0.011 MG/MG Toothpaste [ProDenRx Gel],SBD,A01AA01,A01AA01|A12CD01,,
1112713,diphenhydramine hydrochloride 2.5 MG/ML Oral Solution [Correct Dose Childrens Allergy Relief],SBD,D04AA32|R06AA02,R06AA02,,
1190793,0.5 ML atropine sulfate 0.8 MG/ML Injection,SCD,A03BA01|S01FA01,A03BA01,,
485819,tocopherol acetate 6 UNT / ubidecarenone 30 MG Oral Capsule,SCD,A11HA03|C01EB09,C01EX,,
1000496,"{28 (estrogens, conjugated (USP) 0.45 MG / medroxyprogesterone acetate 1.5 MG Oral Tablet) } Pack",GPCK,G03CA57,G03FA12,IMPROVED,G03FA12
1012006,prednisolone acetate 0.005 MG/MG / sulfacetamide sodium 0.1 MG/MG Ophthalmic Ointment [Predsulfair],SBD,A07EA01|D10AB02|H02AB06|S01BA04|S03BA02,S01CA02,,
1037236,benzoic acid 9 MG / hyoscyamine sulfate 0.12 MG / methenamine 81.6 MG / methylene blue 10.8 MG / phenyl salicylate 36.2 MG Oral Tablet [Hyophen],SBD,A03BA03|G04BX12|J01XX05,J01XX05,,
1038855,benzalkonium chloride 1 MG/ML Topical Foam [Keystone],SBD,D08AJ01|D08AJ08|R02AA16,D08AJ01,,
1042645,dimethicone 30 MG/ML / petrolatum 300 MG/ML Topical Cream,SCD,P03AX05,D02AA,,
1053278,salicylic acid 20 MG/ML Medicated Liquid Soap [Clearskin Blemish],SBD,D01AE12|N02BA04,D01AE12,,
1733864,capsaicin 1 MG/ML / lidocaine 40 MG/ML Topical Cream,SCD,D04AB01|N01BB02|N01BX04|R02AD02,M02AX,,
1736654,ethinyl estradiol 0.0025 MG / norethindrone acetate 0.5 MG Oral Tablet [Fyavolv],SBD,G03CA01|G03DC02,G03AA05,,
1098625,zinc acetate 1 MG/ML Topical Solution,SCD,A16AX05,D02AB,,
1014256,phenylephrine hydrochloride 10 MG / pyrilamine maleate 25 MG Oral Tablet [Poly Hist Forte Reformulated Oct 2010],SBD,R01AA04|S01FB01|S01XA20,R01BA53,,
1048290,atropine sulfate 0.0582 MG / hyoscyamine sulfate 0.311 MG / phenobarbital 48.6 MG / scopolamine hydrobromide 0.0195 MG Extended Release Oral Tablet [Alkabel],SBD,A03BA03|N03AA02,A03BA01|A03BA03|A04AD01|N03AA02|N05CM05,,
1086326,triamcinolone diacetate 0.4 MG/ML Oral Solution,SCD,A01AC01|H02AB08|R01AD11,H02AB08,,
1048276,atropine sulfate 0.04 MG / chlorpheniramine maleate 8 MG / hyoscyamine sulfate 0.19 MG / pseudoephedrine hydrochloride 90 MG / scopolamine hydrobromide 0.01 MG Oral Tablet,SCD,A03BA03|R01BA02|R06AB04,A03BA01|A03BA03|A04AD01|N05CM05|R01BA02|R06AB04,,
1006052,sulfacetamide sodium 100 MG/ML / sulfur 50 MG/ML Topical Lotion [Prascion],SBD,D10AB02,D10AB02|D10AF06,,
1049406,Benzalkonium Chloride 500 MG/ML Topical Solution,SCD,D08AJ01|D08AJ08|R02AA16,D08AJ01,,
251267,clotrimazole 0.01 MG/MG Medicated Bar Soap,SCD,D01AC01,G01AF02,,
1049295,benzalkonium chloride 2.4 MG/ML Topical Foam,SCD,D08AJ01|D08AJ08|R02AA16,D08AJ01,,
1085746,triamcinolone acetonide 1 MG/ML Topical Lotion [Kenalog],SBD,A01AC01|H02AB08|R01AD11,D07AB09,,
1085734,triamcinolone acetonide 0.005 MG/MG Topical Ointment [Kenalog],SBD,A01AC01|H02AB08|R01AD11,D07AB09,,
1744009,emtricitabine 167 MG / tenofovir disoproxil fumarate 250 MG Oral Tablet,SCD,J05AF07|J05AF09,J05AR03,,
1188405,triclosan 1.2 MG/ML Medicated Liquid Soap,SCD,D08AE04,D08AE04|D09AA06,,
2179763,trastuzumab-dkst 21 MG/ML Injectable Solution [Ogivri],SBD,L01XC03,L01FD01,,
1086251,triamcinolone diacetate 40 MG/ML Injectable Suspension [TDS Forte],SBD,A01AC01|H02AB08|R01AD11,H02AB08,,
283597,calcium carbonate 350 MG / magnesium hydroxide 150 MG Chewable Tablet,SCD,A02AA04|A12AA04,A02AD01,,
1000713,sulfacetamide sodium 0.1 MG/MG Topical Gel,SCD,D10AB02,D10AF06,,
1657712,10 ML panitumumab 20 MG/ML Injection [Vectibix],SBD,L01XC08,L01FE02,,
1731532,isopropyl alcohol 0.7 ML/ML / povidone-iodine 100 MG/ML Medicated Pad,SCD,D08AX05,D08AG02|D08AX05|D09AA09|D11AC06,,
1741271,2.5 ML iron sucrose 20 MG/ML Injection [Venofer],SBD,B03AB02,B03AC,,
1801694,phytosphingosine hydrochloride 0.1 MG/ML / salicylic acid 1.5 MG/ML Otic Solution [Oti-Soothe PS],SBD,D01AE12|N02BA04,D01AE12|N02BA04|N02BA12|S01BC08,,
1807634,500 ML sodium chloride 9 MG/ML Injection,SCD,A12CA01|B05BB01|B05CB01|B05XA03|S01XA03,B05XA03,,
1657781,50 ML ramucirumab 10 MG/ML Injection [Cyramza],SBD,L01XC21,L01FG02,IMPROVED,L01FG02
1803009,triclosan 0.0016 MG/MG Medicated Bar Soap,SCD,D08AE04,D08AE04|D09AA06,,
1855091,capsaicin 0.025 MG/ML / menthol 100 MG/ML / methyl salicylate 280 MG/ML Topical Cream,SCD,N01BX04,M02AB01,,
1863973,1000 ML glucose 50 MG/ML / potassium chloride 0.02 MEQ/ML / sodium chloride 2.25 MG/ML Injection,SCD,A12CA01|B05BA03|B05BB01|B05CB01|B05XA03|S01XA03|V06DC01,B05BB01,,
1870691,1 ML ephedrine sulfate 50 MG/ML Injection [Corphedra],SBD,R01AA03|R03CA02,C01CA26|R03CA02,,
1872479,19 ML olaratumab 10 MG/ML Injection [Lartruvo],SBD,L01XC27,L01FX10,,
1241829,acetaminophen 325 MG / phenylephrine hydrochloride 5 MG / pyrilamine maleate 25 MG Oral Tablet,SCD,N02BE01,R01BA03,,
1243480,acetic acid 0.009 MG/MG / oxyquinoline sulfate 0.00025 MG/MG Vaginal Gel [Fem pH],SBD,G01AD02|S02AA10,G01AC30,,
1246622,sodium hyaluronate 14 MG/ML Injectable Solution [Healon],SBD,M09AX01,S01KA01,,
1246836,sodium hyaluronate 10 MG/ML Injectable Solution [HYALOVET],SBD,M09AX01,S01KA01,,
1294436,allantoin 5 MG/ML / benzalkonium chloride 1.3 MG/ML Topical Spray,SCD,D08AJ01|D08AJ08|R02AA16,D08AJ01,,
1299653,salicylic acid 30 MG/ML Medicated Shampoo [Selsun Blue Naturals],SBD,D01AE12|N02BA04,D11AC,,
1299766,isoproterenol hydrochloride 0.62 MG/ML Inhalation Solution,SCD,C01CA02|R03AB02|R03CB01,R03AB02,IMPROVED,R03AB02
1305908,"4 ML fibrinogen, human 106 MG/ML / thrombin, human 6.5 UNT/ML Prefilled Syringe [Artiss]",SBD,B05XA07,B02BC30,,
1356500,benzocaine 50 MG/ML / phenol 13.5 MG/ML Topical Solution [Stingeze],SBD,C05AD03|D04AB04|D08AE03|R02AD01,C05AD03|C05BB05|D04AB04|D08AE03,,
1364854,ascorbic acid 60 MG / cholecalciferol 0.01 MG / folic acid 0.3 MG / niacin 13.5 MG / riboflavin 1.2 MG / sodium fluoride 1.1 MG / thiamine 1.05 MG / vitamin A 0.75 MG / vitamin B12 0.0045 MG / vitamin B6 1.05 MG / vitamin E 6.75 MG Chewable Tablet,SCD,A11CA01|A11DA01|A11GA01|A11HA03|A11HA04|B03BA01|B03BB01,A11AA,,
1371298,benzocaine 180 MG/ML Mucous Membrane Topical Solution [Topicale],SBD,C05AD03|D04AB04|D08AJ01|D08AJ08|R02AA16|R02AD01,N01BA05,,
1372307,salicylic acid 10 MG/ML Medicated Liquid Soap [Clearasil Daily Clear Refreshing],SBD,D01AE12|N02BA04,D01AE12,,
1373244,ivermectin 0.8 MG/ML Oral Solution [Privermectin],SBD,D11AX22|P02CF01,P02CF01,,
1423328,benzalkonium chloride 1 MG/ML / lidocaine hydrochloride 24 MG/ML Topical Spray [Allercaine],SBD,D04AB01|D08AJ01|D08AJ08|N01BB02|R02AA16|R02AD02,D04AB01|D08AJ01|D08AJ08,,
1424037,benzalkonium chloride 1.3 MG/ML / lidocaine 20 MG/ML Topical Cream,SCD,D04AB01|D08AJ01|D08AJ08|N01BB02|R02AA16|R02AD02,D04AB01|D08AJ01,,
197785,hydrocortisone 25 MG/ML Topical Lotion,SCD,A01AC03|A07EA02|D07AA02|D07AB02|D07AB11|H02AB09|S01BA02,D07AA02,,
1438754,hydrocortisone acetate 5 MG/ML Topical Cream [Gadaderm Hydrocortisone],SBD,A01AC03|A07EA02|D07AA02|D07AB02|D07AB11|H02AB09|S01BA02,D07AA02,,
1441740,"bazedoxifene 20 MG / estrogens, conjugated (USP) 0.45 MG Oral Tablet [Duavee]",SBD,G03CA57|G03XC02,G03CC07,,
1442085,sulfacetamide sodium 95 MG/ML / sulfur 50 MG/ML Medicated Pad [Avar],SBD,D10AB02,D10AB02|D10AF06,,
1540974,benzocaine 0.035 MG/MG Topical Ointment,SCD,C05AD03|D04AB04|R02AD01,C05AD03|D04AB04,,
1543158,tetracaine hydrochloride 20 MG/ML Topical Cream,SCD,C05AD02|D04AB06|N01BA03|S01HA03,D04AB06,,
1425407,ethanol 0.72 ML/ML Topical Spray,SCD,D08AX08|V03AB16|V03AZ01,D08AX08,IMPROVED,D08AX08
1541084,hydrocortisone 10 MG/ML / pramoxine hydrochloride 10 MG/ML Topical Spray,SCD,A01AC03|A07EA02|D07AA02|D07AB02|D07AB11|H02AB09|S01BA02,D04AB07|D07XA01,,
1808524,camphor 0.03 MG/MG / capsaicin 0.00025 MG/MG / menthol 0.09 MG/MG Topical Gel,SCD,N01BX04,M02AB01,,
1855722,benzalkonium chloride 7 MG/ML Medicated Liquid Soap,SCD,D08AJ01|D08AJ08|R02AA16,D08AJ01,,
1243284,allantoin 0.01 MG/MG / lidocaine 0.01 MG/MG Topical Ointment,SCD,D04AB01|N01BB02|R02AD02,D04AB01,IMPROVED,D04AB01
1294572,diphenhydramine hydrochloride 2.5 MG/ML / pseudoephedrine hydrochloride 6 MG/ML Oral Solution,SCD,R01BA02,R01BA52,,
1300378,"0.5 ML Bordetella pertussis filamentous hemagglutinin vaccine, inactivated 0.016 MG/ML / Bordetella pertussis pertactin vaccine, inactivated 0.005 UNT/ML / Bordetella pertussis toxoid vaccine, inactivated 0.016 MG/ML / diphtheria toxoid vaccine, inactivated 5 UNT/ML / tetanus toxoid vaccine, inactivated 10 UNT/ML Injection [Boostrix]",SBD,J07AF01|J07AM01,J07AJ52,,
1371036,ethanol 0.04 ML/ML Medicated Liquid Soap,SCD,D08AX08|V03AB16|V03AZ01,D08AX08,,
1422107,lidocaine 50 MG/ML Rectal Cream [LMX],SBD,D04AB01|N01BB02|R02AD02,C05AD01,,
1425554,salicylic acid 20 MG/ML Medicated Pad [Stridex],SBD,D01AE12|N02BA04,D01AE12,,
1493173,prednisolone 50 MG/ML Injectable Solution [Solu-Delta-Cortef],SBD,A07EA01|H02AB06|S01BA04|S03BA02,H02AB06,,
1534846,ketoconazole 1 MG/ML / phytosphingosine 0.1 MG/ML Topical Solution,SCD,D01AC08|J02AB02,D01AC08,,
1547668,14 ACTUAT fluticasone furoate 0.2 MG/ACTUAT Dry Powder Inhaler [Arnuity],SBD,R03BA05|R03BA09,R03BA09,,
1495080,chlorhexidine gluconate 2 MG/ML Topical Solution,SCD,A01AB03|D08AC02|R02AA05,D08AC02,,
1945173,glycerin 997 MG/ML Topical Solution,SCD,A06AX01,A06AG04|A06AX01,,
1243811,8 HR acetaminophen 650 MG / guaifenesin 600 MG / phenylephrine hydrochloride 20 MG Extended Release Oral Tablet,SCD,N02BE01|R05CA03,R05CA10,,
1305890,"fibrinogen, human 106 MG/ML / thrombin, human 6.5 UNT/ML Topical Solution [Artiss]",SBD,B05XA07,B02BC30,,
1432487,lidocaine hydrochloride 20 MG/ML Topical Cream [Xolido],SBD,D04AB01|N01BB02|R02AD02,D04AB01,,
198109,hydrocortisone 5 MG/ML / polymyxin B 10000 UNT/ML Otic Solution,SCD,A01AC03|A07EA02|D07AA02|D07AB02|D07AB11|H02AB09|S01BA02,S02AA11|S02BA01,,
1545292,lidocaine hydrochloride 50 MG/ML Topical Spray [Derma Numb],SBD,D04AB01|N01BB02|R02AD02,D04AB01,,
1591934,acetaminophen 325 MG / caffeine 65 MG Oral Tablet [Excedrin Mild Headache],SBD,N02BE01|N06BC01,N02BE01,,
1593744,cholecalciferol 3775 UNT / folic acid 1 MG Oral Capsule,SCD,A11CC05|B03BB01,B03BB01,,
1596030,tobramycin 60 MG/ML Inhalation Solution [Kitabis],SBD,J01GB01|S01AA12,J01GB01,,
1595449,capsaicin 0.35 MG/ML / menthol 30 MG/ML Topical Cream,SCD,N01BX04,M02AB01,,
1313969,acetaminophen 325 MG / chlorpheniramine maleate 2 MG / phenylephrine hydrochloride 5 MG Oral Capsule,SCD,N02BE01|R06AB04,R01BA03,,
1372546,triclosan 3 MG/ML Topical Spray,SCD,D08AE04,D08AE04|D09AA06,,
197930,aspirin 325 MG / meprobamate 200 MG Oral Tablet,SCD,N05BC01,N02BA71,,
1484903,{24 (ethinyl estradiol 0.01 MG / norethindrone acetate 1 MG Chewable Tablet) / 2 (ethinyl estradiol 0.01 MG Oral Tablet) / 2 (ferrous fumarate 75 MG Oral Tablet) } Pack [Lo Minastrin Fe 28 Day],BPCK,G03CA01,B03AA02|G03AA05,,
1243364,calcium carbonate 1250 MG / cholecalciferol 600 UNT Chewable Tablet [Os-Cal 500 with D],SBD,A11CC05,A12AX,,
1297544,carbetapentane tannate 6 MG/ML / diphenhydramine tannate 5 MG/ML Extended Release Suspension [Dytan-AT],SBD,R05DB05,R05DB05|R06AA02,,
642338,calcium carbonate 550 MG / magnesium hydroxide 110 MG Chewable Tablet [Rolaids Reformulated Aug 2006],SBD,A02AA04|A12AA04,A02AD01,,
750180,gramicidin 0.025 MG/ML / neomycin 1.75 MG/ML / polymyxin B 10000 UNT/ML Ophthalmic Solution [Neocidin Solution],SBD,R02AB30,S01AA30,,
748859,{21 (ethinyl estradiol 0.035 MG / ethynodiol diacetate 1 MG Oral Tablet) / 7 (inert ingredients 1 MG Oral Tablet) } Pack [Zovia 1/35E 28 Day],BPCK,G03DC06,G03AA01,,
798133,erythromycin 20 MG/ML Medicated Pad [Ery],SBD,J01FA01,D10AF02,,
1087614,miconazole nitrate 20 MG/ML Topical Cream [Nuzole],SBD,A01AB09|D01AC02|G01AF04,D01AC02,,
750261,{21 (desogestrel 0.15 MG / ethinyl estradiol 0.03 MG Oral Tablet) / 7 (inert ingredients 1 MG Oral Tablet) } Pack [Solia 28 Day],BPCK,G03AA09|G03AC09,G03AA09,,
891153,miconazole nitrate 23 MG/ML / polymyxin B sulfate 0.5293 MG/ML / prednisolone acetate 5 MG/ML Otic Suspension [Surolan],SBD,A01AB09|A07EA01|D01AC02|G01AF04|H02AB06|S01BA04|S03BA02,S02AA11|S02AA13|S03BA02,,
308284,acetaminophen 129 MG / aspirin 259 MG / caffeine 16.2 MG Oral Capsule,SCD,N02BE01|N06BC01,N02BA51,,
312519,potassium chloride 0.22 MEQ/ML / potassium gluconate 1.11 MEQ/ML Oral Solution,SCD,A12BA05,A12BA01|A12BA05,,
1087418,ascorbic acid 250 MG / folic acid 1 MG / iron carbonyl 100 MG / vitamin B12 0.025 MG Oral Tablet [Icar-C Plus],SBD,A11GA01|B03BA01|B03BB01,B03AE,,
205116,aluminum hydroxide 500 MG / magnesium hydroxide 450 MG / simethicone 40 MG Chewable Tablet,SCD,A02AB01,A02AD01,,
206027,clioquinol 30 MG/ML / hydrocortisone 5 MG/ML Topical Cream [Steroform],SBD,A01AC03|A07EA02|D07AA02|D07AB02|D07AB11|H02AB09|S01BA02,D07BA04,,
999826,ascorbic acid 40 MG / ferrous fumarate 191 MG / folic acid 1 MG / niacinamide 3 MG / polysaccharide iron complex 136 MG Oral Capsule [Integra F],SBD,A11GA01|A11HA01|B03BB01,B03AE,,
313551,undecylenic acid 50 MG/ML / zinc undecylenate 200 MG/ML Topical Cream,SCD,D01AE04|D01AE20,D01AE04,,
748832,{6 (ethinyl estradiol 0.03 MG / levonorgestrel 0.05 MG Oral Tablet) / 10 (ethinyl estradiol 0.03 MG / levonorgestrel 0.125 MG Oral Tablet) / 5 (ethinyl estradiol 0.04 MG / levonorgestrel 0.075 MG Oral Tablet) / 7 (inert ingredients 1 MG Oral Tablet) } Pack,GPCK,G03AC03|G03CA01,G03AA07,,
800648,"glucose 50 MG/ML / magnesium chloride 0.00361 MEQ/ML / monobasic potassium phosphate 0.15 MG/ML / potassium chloride 0.0189 MEQ/ML / sodium lactate 0.0232 MEQ/ML / sodium phosphate, monobasic 0.25 MG/ML Injectable Solution [Ionosol-MB]",SBD,A12CC01|B05BA03|G01AD01|V06DC01,B05BB02,,
990982,2 ML physostigmine salicylate 1 MG/ML Injection,SCD,S01EB05|V03AB19,V03AB19,,
1087623,ascorbic acid 100 MG / biotin 0.15 MG / calcium pantothenate 5 MG / folic acid 1 MG / niacin 20 MG / pyridoxine 10 MG / riboflavin 1.7 MG / thiamine mononitrate 1.5 MG / vitamin B12 0.006 MG Oral Capsule [Nephrocaps],SBD,A11DA01|A11GA01|A11HA02|A11HA04|A11HA05|B03BA01|B03BB01,A11DA01|A11GA01|A11HA02|A11HA04|A11HA05|B03BA01|B03BB01|C04AC01|C10AD02,,
801021,alanine 10.4 MG/ML / arginine 5.75 MG/ML / calcium chloride 0.004 MEQ/ML / dibasic potassium phosphate 2.61 MG/ML / glucose 150 MG/ML / glycine 5.15 MG/ML / histidine 2.4 MG/ML / isoleucine 3 MG/ML / leucine 3.65 MG/ML / lysine 2.9 MG/ML / magnesium chloride 0.01 MEQ/ML / methionine 2 MG/ML / phenylalanine 2.8 MG/ML / proline 3.4 MG/ML / serine 2.5 MG/ML / sodium acetate trihydrate 3.4 MG/ML / sodium chloride 0.01 MEQ/ML / threonine 2.1 MG/ML / tryptophan 0.9 MG/ML / tyrosine 0.2 MG/ML / valine 2.9 MG/ML Injectable Solution [Clinimix E 5/15],SBD,B05CX03|B05XB03|N06AX02|V03AB26,B05BA01,,
846161,hydrocortisone 0.01 MG/MG Topical Gel [Cortizone],SBD,A01AC03|A07EA02|D07AA02|D07AB02|D07AB11|H02AB09|S01BA02,D07AA02,,
1087774,salicylic acid 20 MG/ML Topical Lotion [Acneclir],SBD,D01AE12|N02BA04,D01AE12,,
996716,codeine phosphate 20 MG / guaifenesin 400 MG / pseudoephedrine hydrochloride 30 MG Oral Tablet [Ambifed CD],SBD,R01BA02|R05CA03|R05DA04,R05FA02,,
702249,ferrous sulfate 44 MG/ML Oral Solution,SCD,B03AA01|B03AA07,B03AA07,,
688880,calcium carbonate 700 MG / magnesium hydroxide 300 MG Chewable Tablet [Mi-Acid Double Strength],SBD,A02AA04|A12AA04,A02AD01,,
751554,{28 (ethinyl estradiol 0.02 MG / levonorgestrel 0.09 MG Oral Tablet) } Pack [Lybrel 28],BPCK,G03AC03|G03CA01,G03AA07,,
656805,sodium fluoride 0.473 MG/ML Mouthwash,SCD,A01AA01,A01AA01|A12CD01,,
991632,200 ACTUAT metaproterenol sulfate 0.65 MG/ACTUAT Metered Dose Inhaler,SCD,R03CB03,R03AB03,,
884215,chlorthalidone 15 MG / clonidine hydrochloride 0.2 MG Oral Tablet [Combipres],SBD,C03BA04,C02AC01|C03BA04,,
992771,{1 (9000 MG) (miconazole nitrate 20 MG/ML Vaginal Cream [Monistat]) / 3 (miconazole nitrate 200 MG Vaginal Insert [Monistat]) } Pack [Monistat 3 Day Ovule Combination Pack],BPCK,A01AB09|D01AC02|G01AF04,G01AF04,,
308397,ascorbic acid 600 MG / ferrous fumarate 110 MG Oral Tablet,SCD,A11GA01,A11GA01|B03AA02,,
309679,dexamethasone 0.001 MG/MG / neomycin 0.0035 MG/MG / polymyxin B 10 UNT/MG Ophthalmic Ointment,SCD,A07AA01|D06AX04|H02AB02|S01AA03|S01BA01,S01CA01,,
310879,hydrocortisone 25 MG/ML Rectal Cream,SCD,A01AC03|A07EA02|D07AA02|D07AB02|D07AB11|H02AB09|S01BA02,C05AA01,,
1086950,hydrocortisone 10 MG/ML Topical Lotion [Hydroskin],SBD,A01AC03|A07EA02|D07AA02|D07AB02|D07AB11|H02AB09|S01BA02,C05AA01|D07AA02|D07AB02|D07AB11|D07AC16|D07XA01,,
1087043,phenylephrine hydrochloride 10 MG/ML Nasal Spray,SCD,R01AA04|S01FB01|S01XA20,R01AA04,,
2045120,chlorhexidine acetate 2 MG/ML Topical Spray,SCD,A01AB03|D08AC02|R02AA05,D08AC02,IMPROVED,D08AC02
749854,{7 (ethinyl estradiol 0.035 MG / norethindrone 0.5 MG Oral Tablet) / 7 (ethinyl estradiol 0.035 MG / norethindrone 0.75 MG Oral Tablet) / 7 (ethinyl estradiol 0.035 MG / norethindrone 1 MG Oral Tablet) } Pack,GPCK,G03AA05|G03FA01,G03AA05,,
205900,epinephrine 10 MG/ML / pilocarpine hydrochloride 60 MG/ML Ophthalmic Solution [E-Pilo-6],SBD,C01CA24|N07AX01|S01EA01|S01EB01,S01EA01|S01EB01,,
730024,capsaicin 0.25 MG/ML Topical Cream [Arthricare for Women Moisturizing],SBD,N01BX04,M02AB01,,
731027,12 HR brompheniramine maleate 6 MG / phenylephrine hydrochloride 19 MG Extended Release Oral Tablet,SCD,R06AB01,R01BA53,,
308499,bacitracin 0.5 UNT/MG / lidocaine 0.004 MG/MG / polymyxin B 5 UNT/MG Topical Spray,SCD,D04AB01|N01BB02|R02AD02,D04AB01|D06AX05,,
199099,zinc oxide 0.1 MG/MG Topical Ointment,SCD,C05AX04,D02AB,IMPROVED,D02AB
205815,ampicillin 25 MG/ML Oral Suspension [Omnipen],SBD,J01CA01|J01CA18,J01CA01,,
206295,hydrocortisone 5 MG/ML Topical Lotion [Cotacort],SBD,A01AC03|A07EA02|D07AA02|D07AB02|D07AB11|H02AB09|S01BA02,C05AA01|D07AA02|D07AB02|D07AB11|D07AC16|D07XA01,,
199852,zinc oxide 0.12 MG/MG Topical Ointment,SCD,C05AX04,D02AB,,
359542,folic acid 2.2 MG / vitamin B12 0.5 MG / vitamin B6 25 MG Oral Tablet,SCD,B03BA01|B03BB01,A11JA,,
750248,{21 (ethinyl estradiol 0.035 MG / ethynodiol diacetate 1 MG Oral Tablet) } Pack,GPCK,G03DC06,G03AA01,IMPROVED,G03AA01
860930,benzocaine 0.02 MG/MG / trimethobenzamide hydrochloride 100 MG Rectal Suppository [Trimazide],SBD,R06AA10,C05AD03,,
991376,ascorbic acid 60 MG / calcium carbonate 1500 MG / cholecalciferol 500 UNT / vitamin E 15 UNT Oral Tablet,SCD,A11CC05|A11GA01|A11HA03,A02AC01|A11CC05|A11GA01|A11HA03|A12AA04,,
312097,aspirin 150 MG / caffeine 8 MG / ipecac 1.5 MG / opium 1.5 MG Oral Tablet,SCD,N06BC01,N02AA02|N02BA01|N06BC01|R05CA03,,
1087779,zinc acetate 0.001 MG/ML Topical Powder,SCD,A16AX05,D02AB,,
198620,epinephrine 0.3 MG/ACTUAT Metered Dose Inhaler,SCD,C01CA24|S01EA01,R03AA01,,
205675,dexamethasone phosphate 0.0005 MG/MG Ophthalmic Ointment [AK-Dex],SBD,H02AB02|S01BA01,S01BA01,,
314994,bacitracin 0.4 UNT/MG / diperodon 0.01 MG/MG / neomycin 0.005 MG/MG / polymyxin B 5 UNT/MG Topical Ointment,SCD,A07AA01|D06AX04|S01AA03,D06AX04|D06AX05,IMPROVED,D06AX04|D06AX05
803062,chromic chloride 0.0205 MG/ML / copper sulfate 1.57 MG/ML / manganese sulfate 0.308 MG/ML / zinc sulfate 4.39 MG/ML Injectable Solution [Multitrace-4],SBD,A12CB01|V03AB20,A12CB01|B05XA18|V03AB20,,
806575,trastuzumab 22 MG/ML Injectable Solution [Herceptin],SBD,L01XC03,L01FD01,,
311954,niacin 200 MG / pentylenetetrazole 75 MG Extended Release Oral Tablet,SCD,R07AB03,C04AC01|C10AD02|R07AB03,,
2050067,salicylic acid 18 MG/ML Topical Oil,SCD,D01AE12|N02BA04,D01AE12,,
995110,chlorpheniramine maleate 0.333 MG/ML / codeine phosphate 1 MG/ML / pseudoephedrine hydrochloride 5 MG/ML Oral Suspension [Zodryl DAC],SBD,R01BA02|R05DA04|R06AB04,R05DA04,,
996693,hydrogen peroxide 10 MG/ML Topical Solution,SCD,A01AB02|D08AX01,D08AX01|D11AX25,,
313143,sulfisoxazole 0.04 MG/MG Ophthalmic Ointment,SCD,J01EB05|S01AB02,S01AB02,,
348805,ethinyl estradiol 0.04 MG / levonorgestrel 0.075 MG Oral Tablet,SCD,G03AC03|G03CA01,G03AA07,,
855642,diclofenac sodium 0.03 MG/MG Topical Gel,SCD,M01AB05|M02AA15|S01BC03,M02AA15,,
857391,acetaminophen 325 MG / hydrocodone bitartrate 2.5 MG Oral Tablet,SCD,N02BE01|R05DA03,N02AJ22,,
207799,nitrofurazone 0.002 MG/MG Topical Ointment [Furacin],SBD,B05CA03|D08AF01|D09AA03|P01CC02|S01AX04|S02AA02,D08AF01|D09AA03,,
2103222,chlorhexidine 1 MG/ML Mouthwash [Pro Pet Dental Cleansing Liquid],SBD,A01AB03|D08AC02|R02AA05,A01AB03,,
211117,povidone-iodine 0.1 MG/MG Vaginal Insert [Betadine],SBD,D08AG02|D09AA09|D11AC06|G01AX11|R02AA15,G01AX11,,
211813,tetracaine 20 MG/ML Topical Solution [Pontocaine],SBD,C05AD02|D04AB06|N01BA03|S01HA03,D04AB06,,
2178941,acetaminophen 15 MG/ML / chlorpheniramine maleate 0.125 MG/ML / phenylephrine hydrochloride 0.5 MG/ML Oral Solution,SCD,N02BE01|R06AB04,R01BA53,,
1094543,{21 (ethinyl estradiol 0.035 MG / norethindrone 0.4 MG Oral Tablet) / 7 (inert ingredients 1 MG Oral Tablet) } Pack [Briellyn 28 Day],BPCK,G03CA01|G03DC02,G03AA05,,
1098640,hypromellose 2 MG/ML / tetrahydrozoline hydrochloride 0.5 MG/ML / zinc sulfate 2.5 MG/ML Ophthalmic Solution,SCD,A12CB01|S01KA02,S01GA52,,
1099448,pseudoephedrine hydrochloride 60 MG / triprolidine hydrochloride 2.5 MG Oral Tablet [Actifed],SBD,R01BA02|R01BA52|R06AX07,R01BA52|R06AX07,BOTH_WRONG,R01BA52|R06AX07
1099774,pseudoephedrine hydrochloride 60 MG / triprolidine hydrochloride 2.5 MG Oral Tablet [Wal-Act],SBD,R01BA02|R01BA52|R06AX07,R01BA52|R06AX07,BOTH_WRONG,R01BA52|R06AX07
213182,mupirocin 20 MG/ML Topical Cream [Bactroban],SBD,D06AX09|R01AX06,D06AX09,,
1114900,{12 (ascorbic acid 120 MG / calcium carbonate 200 MG / cholecalciferol 0.41 MG / choline bitartrate 55 MG / ferrous fumarate 27 MG / folic acid 1 MG / niacin 20 MG / potassium iodide 0.15 MG / pyridoxine hydrochloride 50 MG / riboflavin 3 MG / thiamine mononitrate 3 MG / vitamin B12 0.008 MG / vitamin E 0.03 MG / zinc oxide 15 MG Delayed Release Oral Tablet) / 12 (docosahexaenoic acid 250 MG / eicosapentaenoic acid 0.625 MG Oral Capsule) } Pack [Gesticare DHA Starter Pack],BPCK,A11CC05|A11DA01|A11GA01|A11HA02|A11HA03|A11HA04|B03BA01|B03BB01,A02AC01|A11CC05|A11DA01|A11GA01|A11HA02|A11HA03|A11HA04|A12AA04|B03AA02|B03BA01|B03BB01|C04AC01|C10AD02|N02BA03|N07AX02|R05CA02|S01XA04|S01XA26|V03AB21,,
1232104,zinc oxide 100 MG/ML Topical Spray,SCD,C05AX04,D02AB,IMPROVED,D02AB
1232653,1 ML phenylephrine hydrochloride 10 MG/ML Injection [Neo-Synephrine],SBD,R01AA04|S01FB01|S01XA20,C01CA06,,
404710,ferrous fumarate 250 MG / folic acid 1 MG Oral Tablet [Ircon-FA],SBD,B03BB01,B03AA02|B03BB01,,
615099,1000 ML glucose 50 MG/ML / potassium chloride 0.03 MEQ/ML / sodium chloride 4.5 MG/ML Injection,SCD,A12CA01|B05BA03|B05BB01|B05CB01|B05XA03|S01XA03|V06DC01,B05BB01,,
857864,chlorpheniramine maleate 0.4 MG/ML / hydrocodone bitartrate 0.5 MG/ML / phenylephrine hydrochloride 1 MG/ML Oral Solution [Comtussin HC],SBD,R05DA03|R06AB04,R05DA20,,
1011845,benzethonium chloride 0.002 MG/MG / lidocaine hydrochloride 0.025 MG/MG Topical Gel [StaphAseptic],SBD,R02AA09,D04AB01|D08AJ08,,
1012150,prednisolone sodium phosphate 5 MG/ML / sulfacetamide sodium 100 MG/ML Ophthalmic Solution,SCD,A07EA01|D10AB02|H02AB06|S01BA04|S03BA02,S01CA02,,
1013024,lidocaine hydrochloride 10 MG/ML Injectable Solution [Lidoject],SBD,D04AB01|N01BB02|R02AD02,C01BB01|N01BB02,,
1038982,salicylic acid 10 MG/ML Medicated Liquid Soap,SCD,D01AE12|N02BA04,D01AE12,,
1042644,ethanol 0.3 ML/ML Medicated Liquid Soap,SCD,D08AX08|V03AB16|V03AZ01,D08AX08,,
1043074,hydrocortisone 10 MG/ML Topical Lotion [Beta-HC],SBD,A01AC03|A07EA02|D07AA02|D07AB02|D07AB11|H02AB09|S01BA02,D07AA02,,
1043364,benzocaine 45 MG/ML Topical Cream,SCD,C05AD03|D04AB04|R02AD01,C05AD03|D04AB04,,
1047789,"hyoscyamine sulfate 0.12 MG / methenamine 81.6 MG / methylene blue 10.8 MG / phenyl salicylate 36.2 MG / sodium phosphate, monobasic 40.8 MG Oral Tablet [Darcalma]",SBD,A03BA03|G04BX12|J01XX05,A03BA03|G04BX12|J01XX05|V03AB17|V04CG05,,
1048366,benzethonium chloride 2 MG/ML / dyclonine hydrochloride 7.5 MG/ML Topical Solution,SCD,R02AA09,D08AJ08|N01BX02,,
1052947,benzalkonium chloride 1 MG/ML Topical Spray,SCD,D08AJ01|D08AJ08|R02AA16,D08AJ01,,
1053241,benzocaine 75 MG/ML Medicated Pad [Orajel],SBD,C05AD03|D04AB04|R02AD01,N01BA05,,
237192,chlorothiazide 250 MG / reserpine 0.125 MG Oral Tablet,SCD,C02AA02|C03AA04,C02LA01,,
260312,hydrocortisone 10 MG/ML Rectal Cream [Recort Plus],SBD,A01AC03|A07EA02|D07AA02|D07AB02|D07AB11|H02AB09|S01BA02,C05AA01,,
1011081,{21 (drospirenone 3 MG / ethinyl estradiol 0.03 MG Oral Tablet) / 7 (inert ingredients 1 MG Oral Tablet) } Pack [Zarah],BPCK,G03AA12|G03AC10,G03AA12,,
1011748,lidocaine hydrochloride 30 MG/ML Topical Cream [LidaMantle],SBD,D04AB01|N01BB02|R02AD02,D04AB01,,
1012244,hydrocortisone acetate 0.025 MG/MG / lidocaine hydrochloride 0.03 MG/MG Rectal Gel [Anamantle HC],SBD,A01AC03|A07EA02|D04AB01|D07AA02|D07AB02|D07AB11|H02AB09|N01BB02|R02AD02|S01BA02,C05AA01|C05AD01,,
1048126,atropine sulfate 0.04 MG / hyoscyamine sulfate 0.19 MG / phenylephrine hydrochloride 25 MG / pseudoephedrine hydrochloride 40 MG / scopolamine hydrobromide 0.01 MG Extended Release Oral Tablet,SCD,A03BA03|R01BA02,A03BA01|A03BA03|A04AD01|N05CM05|R01BA02|R01BA03,,
1085998,triamcinolone hexacetonide 20 MG/ML Injectable Suspension [Aristospan],SBD,A01AC01|H02AB08|R01AD11,H02AB08,,
1085921,benzethonium chloride 1 MG/ML Medicated Liquid Soap [Bedside-Care],SBD,D08AJ08|R02AA09,D08AJ08,,
1659175,acetaminophen 500 MG / diphenhydramine hydrochloride 25 MG / phenylephrine hydrochloride 10 MG Powder for Oral Solution,SCD,N02BE01,R01BA03,,
1046967,atropine sulfate 0.0194 MG / hyoscyamine sulfate 0.1037 MG / phenobarbital 16.2 MG / scopolamine hydrobromide 0.0065 MG Oral Tablet [Bellalphen],SBD,A03BA03|N03AA02,A03BA01|A03BA03|A04AD01|N03AA02|N05CM05,,
1053768,nystatin 100000 UNT/ML / triamcinolone acetonide 1 MG/ML Topical Cream [Mycolog],SBD,A01AB11|A01AC01|A07AA02|D01AA01|H02AB08|R01AD11,D01AA01|D07XB02,,
857850,chlorpheniramine maleate 0.4 MG/ML / hydrocodone bitartrate 0.5 MG/ML / phenylephrine hydrochloride 1 MG/ML / pyrilamine maleate 1.2 MG/ML Oral Suspension [Phena-HC],SBD,R05DA03|R06AB04,R05DA20,,
238803,povidone-iodine 120 MG/ML Douche,SCD,D08AG02|D09AA09|D11AC06|G01AX11|R02AA15,D08AG02|D09AA09|D11AC06|G01AX11|R02AA15|S01AX18,,
804916,urea 300 MG/ML Injectable Solution [Ureaphil],SBD,D02AE01,B05BC02,,
1087438,folic acid 1 MG / polysaccharide iron complex 150 MG / vitamin B12 0.025 MG Oral Capsule [Iferex 150 Forte],SBD,B03BA01|B03BB01,B03AE,,
1992299,24 HR timolol 5 MG/ML Ophthalmic Solution,SCD,C07AA06,S01ED01,,
2059045,diphenhydramine hydrochloride 0.02 MG/MG / zinc acetate 0.00215 MG/MG Topical Gel,SCD,A16AX05,D04AA32,,
207391,50 ML penicillin G potassium 60000 UNT/ML Injection,SCD,J01CE08|J01CE09,J01CE01,,
996601,codeine phosphate 2 MG/ML / phenylephrine hydrochloride 1 MG/ML / pyrilamine maleate 1.67 MG/ML Oral Solution [Dicomal-PH],SBD,R05DA04,R05DA20,,
999799,ascorbic acid 75 MG / ferrous fumarate 333 MG / folic acid 0.5 MG / liver stomach concentrate 240 MG / vitamin B12 0.015 MG Oral Capsule,SCD,A11GA01|B03BA01|B03BB01,B03AE,,
806606,benzocaine 0.1 MG/MG Oral Gel [Orajel],SBD,R02AD01,N01BA05,,
831531,aluminum hydroxide 200 MG / magnesium hydroxide 200 MG / simethicone 25 MG Chewable Tablet [Tempo brand of antacid Reformulated Feb 2009],SBD,A02AB01,A02AD01,,
856955,acetaminophen 250 MG / caffeine 30 MG / chlorpheniramine maleate 2 MG / hydrocodone bitartrate 5 MG / phenylephrine hydrochloride 10 MG Oral Tablet [Hycomine Compound],SBD,N02BE01|N06BC01|R05DA03|R06AB04,R05DA20,,
210229,calcium carbonate 104 MG/ML / magnesium carbonate 80 MG/ML Oral Suspension [Marblen],SBD,A02AA01|A12AA04,A02AD01,,
2103397,betamethasone valerate 0.00061 MG/MG / gentamicin sulfate 0.001 MG/MG Topical Ointment,SCD,D06AX07|D07AC01|H02AB01|S01BA06|S03AA06|S03BA03,C05AA05|D06AX07|D07AC01|D07XC01,,
213544,betamethasone 0.5 MG/ML Topical Lotion [Alphatrex],SBD,D07AC01|H02AB01|S01BA06|S03BA03,C05AA05|D07AC01|D07XC01,,
2109620,"0.5 ML Bordetella pertussis filamentous hemagglutinin vaccine, inactivated 0.04 MG/ML / Bordetella pertussis fimbriae 2/3 vaccine, inactivated 0.01 MG/ML / Bordetella pertussis pertactin vaccine, inactivated 0.006 MG/ML / Bordetella pertussis toxoid vaccine, inactivated 0.04 MG/ML / diphtheria toxoid vaccine, inactivated 30 UNT/ML / Haemophilus influenzae b (Ross strain) capsular polysaccharide meningococcal protein conjugate vaccine 0.006 MG/ML / hepatitis B surface antigen vaccine 0.02 MG/ML / poliovirus vaccine inactivated, type 1 (Mahoney) 58 UNT/ML / poliovirus vaccine inactivated, type 2 (MEF-1) 14 UNT/ML / poliovirus vaccine inactivated, type 3 (Saukett) 52 UNT/ML / tetanus toxoid vaccine, inactivated 10 UNT/ML Injection [Vaxelis]",SBD,J07AF01|J07AM01,J07CA,,
212740,povidone-iodine 3 MG/ML Douche [Massengill Medicated Douche],SBD,D08AG02|D09AA09|D11AC06|G01AX11|R02AA15,D08AG02|D09AA09|D11AC06,,
312348,pheniramine maleate 10 MG/ML / phenylpropanolamine hydrochloride 20 MG/ML / pyrilamine maleate 10 MG/ML Oral Solution,SCD,R01BA01,R01BA51,,
801109,magnesium chloride 0.00148 MEQ/ML / potassium chloride 0.00497 MEQ/ML / sodium acetate 0.027 MEQ/ML / sodium chloride 0.0899 MEQ/ML / sodium gluconate 5.02 MG/ML Injectable Solution,SCD,B05XA08,B05BB02,,
805372,tretinoin 0.001 MG/MG Topical Gel [Retin-A],SBD,D10AD01|L01XX14,D10AD01,,
210834,aluminum hydroxide 45 MG/ML / magnesium hydroxide 40 MG/ML Oral Suspension [Kudrox],SBD,A02AB01,A02AD01,,
210007,aluminum hydroxide 80 MG/ML / magnesium hydroxide 80 MG/ML / simethicone 8 MG/ML Oral Suspension [Mi-Acid],SBD,A02AB01,A02AD01,,
211805,sodium fluoride 1.1 MG/ML Oral Solution [Pediaflor Drops],SBD,A01AA01,A01AA01|A12CD01,,
1090996,ethinyl estradiol 0.005 MG / norethindrone acetate 1 MG Oral Tablet [Jinteli],SBD,G03CA01|G03DC02,G03AA05,,
1091721,0.55 ML sodium hyaluronate 10 MG/ML Prefilled Syringe [Provisc],SBD,M09AX01,S01KA01,,
1099861,calcium carbonate 2500 MG / cholecalciferol 800 UNT Oral Tablet,SCD,A11CC05,A12AX,IMPROVED,A12AX
1190179,2 ML sodium hyaluronate 10 MG/ML Prefilled Syringe [Euflexxa],SBD,M09AX01,S01KA01,,
1111741,benzocaine 60 MG/ML / ethanol 0.5 ML/ML Medicated Pad,SCD,C05AD03|D04AB04|R02AD01,C05AD03|D04AB04|D08AX08,,
1115592,"thioctic acid 50 MG / tocopherol,DL-alpha 100 UNT / ubidecarenone 30 MG Oral Capsule",SCD,A11HA03|C01EB09,A11JC,,
1234578,phenylephrine hydrochloride 2.5 MG/ML Nasal Spray [Neo-Synephrine],SBD,R01AA04|S01FB01|S01XA20,R01AA04,,
544666,sulfacetamide 100 MG/ML Topical Solution,SCD,D10AB02,D10AF06,,
579999,mineral oil 0.319 MG/MG / petrolatum 0.577 MG/MG Ophthalmic Ointment,SCD,A06AA01,S01XA20,,
616713,glycerin 995 MG/ML Mucous Membrane Topical Solution,SCD,A06AX01,A06AG04|A06AX01,,
860105,ketorolac tromethamine 4 MG/ML Ophthalmic Solution [Acular],SBD,M01AB15|S01BC05,S01BC05,,
860113,1 ML ketorolac tromethamine 15 MG/ML Prefilled Syringe,SCD,M01AB15|S01BC05,M01AB15,,
1043608,glycerin 0.0025 MG/MG / hypromellose 0.008 MG/MG / naphazoline hydrochloride 0.00012 MG/MG Ophthalmic Gel,SCD,S01KA02,S01GA01|S01KA02,,
1046281,salicylic acid 30 MG/ML Medicated Liquid Soap [Psoriasin Wash],SBD,D01AE12|N02BA04,D01AE12,,
1049404,benzalkonium chloride 20 MG/ML Topical Solution,SCD,D08AJ01|D08AJ08|R02AA16,D08AJ01,,
1052707,salicylic acid 20 MG/ML Topical Cream [Scar Zone A Acne],SBD,D01AE12|N02BA04,D01AE12,,
1085754,triamcinolone acetonide 40 MG/ML Injectable Suspension,SCD,A01AC01|H02AB08|R01AD11,H02AB08,,
244638,zinc oxide 0.4 MG/MG Topical Ointment,SCD,C05AX04,D02AB,,
260494,chromous chloride 0.001 MG/ML / copper sulfate 0.1 MG/ML / manganese sulfate 0.02 MG/ML / selenious acid 0.015 MG/ML / zinc sulfate 1 MG/ML Injectable Solution [P.T.E.-5],SBD,A12CB01|V03AB20,A12CB01|B05XA18|V03AB20,,
1726835,benzocaine 50 MG/ML Topical Spray [Tokisan],SBD,C05AD03|D04AB04|R02AD01,C05AD03|D04AB04,,
1191264,fluocinolone acetonide 0.1 MG/ML / hydroquinone 40 MG/ML / tretinoin 0.5 MG/ML Topical Cream [Tri-Luma],SBD,D11AX11,D10AD51,,
1192516,benzethonium chloride 2 MG/ML / benzocaine 100 MG/ML / menthol 3.3 MG/ML Topical Spray,SCD,R02AA09,D04AB04|D08AJ08,,
578124,black currant oil 625 MG / vitamin E 15 MG Oral Capsule,SCD,A11HA03,A11JC,,
1011470,{24 (aluminum hydroxide 300 MG Oral Tablet) / 24 (magnesium hydroxide 150 MG Oral Tablet) } Pack [Mintox],BPCK,A02AB01,A02AD01,,
1012204,lidocaine hydrochloride 0.01 MG/MG Topical Gel,SCD,D04AB01|N01BB02|R02AD02,D04AB01,IMPROVED,D04AB01
1039147,benzocaine 15 MG / pectin 5 MG Oral Lozenge [Cepacol Sore Throat Plus Coating],SBD,A07BC01,R02AD01,,
1046835,Salicylic Acid 5 MG/ML Medicated Liquid Soap [Glytone Acne],SBD,D01AE12|N02BA04,D01AE12,,
250344,ciclopirox 10 MG/ML Medicated Shampoo,SCD,D01AE14|G01AX12,D01AE14,,
307831,allantoin 20 MG/ML / aminacrine 2 MG/ML / sulfanilamide 150 MG/ML Vaginal Cream,SCD,D08AA02,D06BA05|D08AA02|J01EB06,,
213120,metronidazole 10 MG/ML Topical Cream [Noritate],SBD,A01AB17|D06BX01|P01AB01,D06BX01,,
1190635,atropine sulfate 0.025 MG / diphenoxylate hydrochloride 2.5 MG Oral Tablet [Di-Atro],SBD,A07DA01,A03BA01|A07DA01,,
1737563,30 ML lidocaine hydrochloride 10 MG/ML Injection [Xylocaine],SBD,D04AB01|N01BB02|R02AD02,C01BB01,,
2186092,chlorhexidine gluconate 40 MG/ML Medicated Liquid Soap [Bactoshield],SBD,A01AB03|D08AC02|R02AA05,D08AC02,,
309035,castor oil 793 MG/ML / Peruvian balsam 88.4 MG/ML / trypsin 0.122 MG/ML Topical Spray,SCD,A06AB05,D03BA01,,
403818,moxifloxacin 5 MG/ML Ophthalmic Solution,SCD,J01MA14,S01AE07,,
1114838,chlorpheniramine maleate 2 MG/ML / phenylephrine hydrochloride 5 MG/ML Oral Solution,SCD,R06AB04,R01BA53,,
213559,betamethasone 1 MG/ML Topical Cream [Beta-Val],SBD,D07AC01|H02AB01|S01BA06|S03BA03,C05AA05|D07AC01|D07XC01,,
2178792,0.3 ML epinephrine 0.5 MG/ML Prefilled Syringe [Symjepi],SBD,C01CA24|S01EA01,C01CA24,,
1000352,"estrogens, conjugated (USP) 0.45 MG / medroxyprogesterone acetate 1.5 MG Oral Tablet",SCD,G03CA57,G03FA12,IMPROVED,G03FA12
1010793,lidocaine hydrochloride 200 MG/ML Injectable Solution,SCD,D04AB01|N01BB02|R02AD02,C01BB01|N01BB02,IMPROVED,C01BB01|N01BB02
1043348,benzethonium chloride 3 MG/ML Medicated Pad,SCD,D08AJ08|R02AA09,D08AJ08,,
1666111,ampicillin 400 MG/ML Injectable Suspension,SCD,J01CA01|J01CA18,J01CA01,,
1737569,2 ML lidocaine hydrochloride 10 MG/ML Injection [Xylocaine],SBD,N01BB02,C01BB01,IMPROVED,C01BB01
1737852,10 ML methylene blue 10 MG/ML Injection,SCD,V03AB17|V04CG05,V03AB17,,
1875600,chlorhexidine gluconate 40 MG/ML / salicyloyl phytosphingosine 0.5 MG/ML Medicated Shampoo,SCD,A01AB03|D08AC02|R02AA05,D08AC02,,
1928545,chlorhexidine gluconate 0.2 MG/ML Medicated Pad,SCD,A01AB03|D08AC02|R02AA05,D08AC02|D09AA12,,
1245957,sodium chloride 26 MG/ML Nasal Spray [Breathe the Sea],SBD,A12CA01|B05BB01|B05CB01|B05XA03|S01XA03,A12CA01|B05CB01|B05XA03,,
1248473,carbetapentane citrate 5.5 MG/ML / chlorpheniramine maleate 0.8 MG/ML / phenylephrine hydrochloride 2 MG/ML Oral Suspension,SCD,R05DB05|R06AB04,R05DB20,,
1293706,acetaminophen 80 MG / diphenhydramine hydrochloride 6.25 MG / pseudoephedrine hydrochloride 7.5 MG Chewable Tablet,SCD,N02BE01|R01BA02,R01BA52,,
1294002,clioquinol 30 MG/ML / hydrocortisone 10 MG/ML / pramoxine hydrochloride 5 MG/ML Topical Cream,SCD,A01AC03|A07EA02|D07AA02|D07AB02|D07AB11|H02AB09|S01BA02,D04AB07|D07BA04,,
1294365,diphenhydramine tannate 25 MG / phenylephrine tannate 10 MG Chewable Tablet,SCD,D04AA32|R01AA04|R06AA02|S01FB01|S01XA20,R01BA53,,
1303845,chlophedianol hydrochloride 1.67 MG/ML / guaifenesin 13.3 MG/ML / phenylephrine hydrochloride 0.667 MG/ML Oral Solution,SCD,R05CA03|R05DB10,R05DB20,,
1313116,ivermectin 0.272 MG / pyrantel 227 MG Chewable Tablet [Heartshield Plus],SBD,P02CC01,P02CC01|P02CF01,,
1356489,benzalkonium chloride 1.3 MG/ML / lidocaine hydrochloride 5 MG/ML Topical Cream [Healerz for Noses],SBD,D04AB01|D08AJ01|D08AJ08|N01BB02|R02AA16|R02AD02,D04AB01|D08AJ01,,
1356531,ivermectin 0.068 MG / praziquantel 57 MG / pyrantel 57 MG Chewable Tablet [Quadriguard],SBD,P02BA01|P02CC01,P02BA01|P02CC01|P02CF01,,
1376207,aluminum hydroxide 160 MG / magnesium hydroxide 105 MG Chewable Tablet,SCD,A02AB01,A02AD01,,
1421878,{72 (calcium carbonate 1000 MG Chewable Tablet [Tums]) / 8 (calcium carbonate 750 MG Chewable Tablet [Tums]) } Pack [Tums 750 MG 8 ct - 1000 72 ct Kit],BPCK,A12AA04,A02AC01|A12AA04,,
1429887,benzalkonium chloride 1 MG/ML Medicated Liquid Soap [Lysol No-Touch Hand Soap],SBD,D08AJ01|D08AJ08|R02AA16,D08AJ01,,
197954,methyclothiazide 2.5 MG / reserpine 0.1 MG Oral Tablet,SCD,C02AA02|C03AA08,C02LA01,,
1534676,pheniramine maleate 16 MG / phenylpropanolamine hydrochloride 50 MG / phenyltoloxamine citrate 16 MG / pyrilamine maleate 16 MG Extended Release Oral Capsule [Poly Histine D],SBD,R01BA01,R01BA51,,
1541229,dimethicone 10 MG/ML / zinc oxide 50 MG/ML Topical Cream,SCD,P03AX05,D02AA,,
1544183,povidone-iodine 50 MG/ML Medicated Shampoo [Pro-Tec Gold],SBD,D08AG02|D09AA09|D11AC06|G01AX11|R02AA15,D08AG02|D09AA09|D11AC06,IMPROVED,D08AG02|D09AA09|D11AC06
1547660,30 ACTUAT fluticasone furoate 0.1 MG/ACTUAT Dry Powder Inhaler [Arnuity],SBD,R03BA05|R03BA09,R03BA09,,
1747725,sodium fluoride 1.5 MG/ML Mouthwash,SCD,A01AA01,A01AA01|A12CD01,,
1793908,histamine dihydrochloride 0.5 MG/ML / menthol 15 MG/ML Topical Cream,SCD,V04CG03,L03AX14,,
1870681,6 ML gentamicin 10 MG/ML Injection,SCD,D06AX07|S03AA06,J01GB03,,
1293642,clioquinol 30 MG/ML / hydrocortisone 10 MG/ML / pramoxine hydrochloride 10 MG/ML Topical Cream [1 Plus 1 F],SBD,A01AC03|A07EA02|D07AA02|D07AB02|D07AB11|H02AB09|S01BA02,D04AB07|D07BA04,,
1294315,allantoin 0.005 MG/MG / benzalkonium chloride 0.001 MG/MG Topical Ointment,SCD,D08AJ01|D08AJ08|R02AA16,D08AJ01,IMPROVED,D08AJ01
1294592,diphenhydramine hydrochloride 20 MG/ML / zinc acetate 1 MG/ML Topical Spray [Benadryl Itch Stopping],SBD,A16AX05,D04AA32,,
1313820,mineral oil 0.14 MG/MG / petrolatum 0.719 MG/MG / phenylephrine hydrochloride 0.0025 MG/MG Rectal Ointment [GRX Hemorrhoidal],SBD,A06AA01,A06AA01|C05AX06,,
1422546,lidocaine 50 MG/ML Rectal Cream [Recticare],SBD,D04AB01|N01BB02|R02AD02,C05AD01,,
1435495,benzocaine 200 MG/ML Oral Spray [Gelato Anesthetic],SBD,C05AD03|D04AB04|R02AD01,R02AD01,,
197408,betamethasone 1 MG/ML Topical Lotion,SCD,D07AC01|H02AB01|S01BA06|S03BA03,D07AC01,,
1442876,triamcinolone acetonide 1 MG/ML Topical Cream [Dermasorb TA],SBD,A01AC01|H02AB08|R01AD11,D07AB09,,
1491009,benzocaine 40 MG/ML Medicated Pad,SCD,C05AD03|D04AB04|R02AD01,N01BA05,,
1550963,diphenhydramine hydrochloride 25 MG / naproxen sodium 220 MG Oral Tablet [Aleve PM],SBD,D04AA32|M01AE02|R06AA02,M01AE57,,
1251571,salicylic acid 10 MG/ML Topical Cream [clear days ahead],SBD,D01AE12|N02BA04,D01AE12,,
1251574,salicylic acid 10 MG/ML Medicated Liquid Soap [clear days ahead],SBD,D01AE12|N02BA04,D01AE12,,
1360044,clonidine 0.0125 MG/HR Transdermal System,SCD,C02AC01|N02CX02,C02AC01,,
1490415,chlorpheniramine maleate 1 MG/ML / phenylephrine hydrochloride 2 MG/ML Oral Solution,SCD,R06AB04,R01BA53,IMPROVED,R01BA53
1537911,dimethicone 12.5 MG/ML Topical Cream,SCD,P03AX05,D02AA,,
1597298,acetaminophen 500 MG / caffeine 60 MG / pyrilamine maleate 15 MG Oral Tablet,SCD,N02BE01|N06BC01,N02BE01,IMPROVED,N02BE01
1599164,lidocaine 0.04 MG/MG / menthol 0.05 MG/MG / methyl salicylate 0.04 MG/MG Medicated Patch,SCD,D04AB01|N01BB02|R02AD02,M02AC,,
1648510,lidocaine hydrochloride 39.5 MG/ML Topical Cream,SCD,D04AB01|N01BB02|R02AD02,D04AB01,,
1305588,12 HR dexbrompheniramine maleate 6 MG / pseudoephedrine hydrochloride 120 MG Extended Release Oral Tablet,SCD,R01BA02|R06AB06|R06AB56,R01BA52,,
1600130,lidocaine hydrochloride 37.5 MG/ML Topical Cream,SCD,D04AB01|N01BB02|R02AD02,D04AB01,IMPROVED,D04AB01
1245951,salicylic acid 20 MG/ML Medicated Pad [Complexion Clear],SBD,D01AE12|N02BA04,D01AE12,,
1362805,calcium carbonate 1250 MG / cholecalciferol 1000 UNT / vitamin K 0.4 MG Chewable Tablet,SCD,A11CC05,A12AX,,
1367211,acetaminophen 500 MG / caffeine 75 MG / phenylephrine hydrochloride 5 MG Oral Tablet,SCD,N02BE01|N06BC01,R01BA53,,
1370826,benzethonium chloride 2 MG/ML Topical Spray,SCD,R02AA09,D08AJ08,,
1426600,{24 (ethinyl estradiol 0.02 MG / norethindrone acetate 1 MG Chewable Tablet) / 4 (ferrous fumarate 75 MG Oral Tablet) } Pack,GPCK,B03AA02|G03CA01|G03DC02,B03AA02|G03AA05,,
1652104,lidocaine 0.05 MG/MG Rectal Gel,SCD,D04AB01|N01BB02|R02AD02,C05AD01,,
1648584,acetaminophen 21.7 MG/ML / butalbital 3.33 MG/ML / caffeine 2.67 MG/ML Oral Solution [Vanatol],SBD,N02BE01|N06BC01,N02BE01,,
1650439,panthenol 1 MG/ML / salicylic acid 1 MG/ML Medicated Shampoo,SCD,D01AE12|N02BA04,D01AE12,,
1596413,sodium hyaluronate 2 MG/ML Topical Foam [Bionect],SBD,M09AX01,D03AX05,,
1651599,salicylic acid 2 MG/ML / zinc pyrithione 6 MG/ML Medicated Shampoo,SCD,D11AX12,D11AC,,
1657073,16 ML bevacizumab 25 MG/ML Injection,SCD,S01LA08,L01FG01,,
1658042,50 ML ofatumumab 20 MG/ML Injection,SCD,L01FA02|L04AG12,L04AG12,,
1658047,5 ML ofatumumab 20 MG/ML Injection,SCD,L01FA02|L04AG12,L04AG12,,
1996184,0.5 ML buprenorphine 200 MG/ML Prefilled Syringe,SCD,N02AE01|N07BC01,N02AE01,,
1996192,1.5 ML buprenorphine 200 MG/ML Prefilled Syringe,SCD,N02AE01|N07BC01,N02AE01,,
2046140,16 ML bevacizumab-awwb 25 MG/ML Injection,SCD,S01LA08,L01FG01,,
2046148,4 ML bevacizumab-awwb 25 MG/ML Injection,SCD,S01LA08,L01FG01,,
2268039,4 ML bevacizumab-bvzr 25 MG/ML Injection,SCD,S01LA08,L01FG01,IMPROVED,L01FG01
2268044,4 ML bevacizumab-bvzr 25 MG/ML Injection [Zirabev],SBD,S01LA08,L01FG01,,
2268047,16 ML bevacizumab-bvzr 25 MG/ML Injection,SCD,S01LA08,L01FG01,,
2268048,16 ML bevacizumab-bvzr 25 MG/ML Injection [Zirabev],SBD,S01LA08,L01FG01,,
2474267,2 ML fentanyl 0.05 MG/ML Prefilled Syringe,SCD,N01AH01|N02AB03,N01AH01,,
2474269,1 ML fentanyl 0.05 MG/ML Prefilled Syringe,SCD,N01AH01|N02AB03,N01AH01,,
2599043,4 ML bevacizumab-maly 25 MG/ML Injection,SCD,S01LA08,L01FG01,,
2599049,4 ML bevacizumab-maly 25 MG/ML Injection [Alymsys],SBD,S01LA08,L01FG01,,
2599051,16 ML bevacizumab-maly 25 MG/ML Injection,SCD,S01LA08,L01FG01,,
2599052,16 ML bevacizumab-maly 25 MG/ML Injection [Alymsys],SBD,S01LA08,L01FG01,,
2627650,4 ML bevacizumab-adcd 25 MG/ML Injection,SCD,S01LA08,L01FG01,,
2627656,4 ML bevacizumab-adcd 25 MG/ML Injection [Vegzelma],SBD,S01LA08,L01FG01,,
2627658,16 ML bevacizumab-adcd 25 MG/ML Injection,SCD,S01LA08,L01FG01,,
2627659,16 ML bevacizumab-adcd 25 MG/ML Injection [Vegzelma],SBD,S01LA08,L01FG01,,
2629337,0.5 ML fentanyl 0.05 MG/ML Prefilled Syringe,SCD,N01AH01|N02AB03,N01AH01,,
2639021,0.16 ML buprenorphine 50 MG/ML Prefilled Syringe,SCD,N02AE01|N07BC01,N02AE01,,
2639027,0.16 ML buprenorphine 50 MG/ML Prefilled Syringe [Brixadi],SBD,N02AE01|N07BC01,N02AE01,,
2639029,0.32 ML buprenorphine 50 MG/ML Prefilled Syringe,SCD,N02AE01|N07BC01,N02AE01,,
2639030,0.32 ML buprenorphine 50 MG/ML Prefilled Syringe [Brixadi],SBD,N02AE01|N07BC01,N02AE01,,
2639031,0.48 ML buprenorphine 50 MG/ML Prefilled Syringe,SCD,N02AE01|N07BC01,N02AE01,,
2639032,0.48 ML buprenorphine 50 MG/ML Prefilled Syringe [Brixadi],SBD,N02AE01|N07BC01,N02AE01,,
2639033,0.64 ML buprenorphine 50 MG/ML Prefilled Syringe,SCD,N02AE01|N07BC01,N02AE01,,
2639034,0.64 ML buprenorphine 50 MG/ML Prefilled Syringe [Brixadi],SBD,N02AE01|N07BC01,N02AE01,,
2639036,0.18 ML buprenorphine 356 MG/ML Prefilled Syringe,SCD,N02AE01|N07BC01,N02AE01,,
2639039,0.18 ML buprenorphine 356 MG/ML Prefilled Syringe [Brixadi],SBD,N02AE01|N07BC01,N02AE01,,
2639041,0.27 ML buprenorphine 356 MG/ML Prefilled Syringe,SCD,N02AE01|N07BC01,N02AE01,,
2639042,0.27 ML buprenorphine 356 MG/ML Prefilled Syringe [Brixadi],SBD,N02AE01|N07BC01,N02AE01,,
2639043,0.36 ML buprenorphine 356 MG/ML Prefilled Syringe,SCD,N02AE01|N07BC01,N02AE01,,
2639044,0.36 ML buprenorphine 356 MG/ML Prefilled Syringe [Brixadi],SBD,N02AE01|N07BC01,N02AE01,,
2700735,4 ML bevacizumab-tnjn 25 MG/ML Injection,SCD,S01LA08,L01FG01,,
2700742,4 ML bevacizumab-tnjn 25 MG/ML Injection [Avzivi],SBD,S01LA08,L01FG01,,
2700744,16 ML bevacizumab-tnjn 25 MG/ML Injection,SCD,S01LA08,L01FG01,,
2700745,16 ML bevacizumab-tnjn 25 MG/ML Injection [Avzivi],SBD,S01LA08,L01FG01,,
2712048,4 ML bevacizumab-nwgd 25 MG/ML Injection,SCD,S01LA08,L01FG01,,
2712055,4 ML bevacizumab-nwgd 25 MG/ML Injection [Jobevne],SBD,S01LA08,L01FG01,IMPROVED,L01FG01
2712057,16 ML bevacizumab-nwgd 25 MG/ML Injection,SCD,S01LA08,L01FG01,,
2712058,16 ML bevacizumab-nwgd 25 MG/ML Injection [Jobevne],SBD,S01LA08,L01FG01,,
2045377,30 ACTUAT fluticasone furoate 0.05 MG/ACTUAT Dry Powder Inhaler,SCD,R03BA05|R03BA09,R03BA09,,
1547663,14 ACTUAT fluticasone furoate 0.1 MG/ACTUAT Dry Powder Inhaler,SCD,R03BA05|R03BA09,R03BA09,,
1547658,30 ACTUAT fluticasone furoate 0.1 MG/ACTUAT Dry Powder Inhaler,SCD,R03BA05|R03BA09,R03BA09,IMPROVED,R03BA09
1547671,30 ACTUAT fluticasone furoate 0.2 MG/ACTUAT Dry Powder Inhaler,SCD,R03BA05|R03BA09,R03BA09,,
1547666,14 ACTUAT fluticasone furoate 0.2 MG/ACTUAT Dry Powder Inhaler,SCD,R03BA05|R03BA09,R03BA09,,
315148,methotrexate 2.5 MG/ML Injectable Solution,SCD,,L01BA01,,
891170,{1 (113400 MG) (ammonium lactate 120 MG/ML Topical Foam [Pro 12]) / 1 (45000 MG) (mometasone furoate 1 MG/ML Topical Cream [Momexin]) } Pack [Momexin Kit],BPCK,,D07AC13,,
905203,hydralazine hydrochloride 100 MG / hydrochlorothiazide 50 MG Oral Capsule,SCD,,C02LG02,,
905211,hydralazine hydrochloride 25 MG / hydrochlorothiazide 25 MG Oral Capsule,SCD,,C02LG02,,
905217,hydralazine hydrochloride 50 MG / hydrochlorothiazide 50 MG Oral Capsule,SCD,,C02LG02,,
1370688,{1 (480 ML) (magnesium sulfate 0.0277 MEQ/ML / potassium sulfate 0.0374 MEQ/ML / sodium sulfate 0.257 MEQ/ML Oral Solution) / 1 (2000 ML) (polyethylene glycol 3350 210000 MG / potassium chloride 740 MG / sodium bicarbonate 2860 MG / sodium chloride 5600 MG Powder for Oral Solution) } Pack [Suclear],BPCK,,A06AD65,,
1546089,12 HR naloxone hydrochloride 5 MG / oxycodone hydrochloride 10 MG Extended Release Oral Tablet [Targiniq],SBD,,N02AA55,,
1597387,{2 (dasabuvir 250 MG Oral Tablet) / 2 (ombitasvir 12.5 MG / paritaprevir 75 MG / ritonavir 50 MG Oral Tablet) } Pack,GPCK,,J05AP52,,
1597388,{2 (dasabuvir 250 MG Oral Tablet) / 2 (ombitasvir 12.5 MG / paritaprevir 75 MG / ritonavir 50 MG Oral Tablet) } Pack [Viekira Pak],BPCK,,J05AP52,,
1797890,fluticasone furoate 0.0275 MG/ACTUAT Metered Dose Nasal Spray,SCD,,R01AD12,,
1869712,fluticasone furoate 0.0275 MG/ACTUAT Metered Dose Nasal Spray [Flonase Sensimist],SBD,,R01AD12,,
