RXCUI	ATC
618364	"[""A11HA03"", ""C01EB09""]"
618751	"[""N05BA05""]"
729048	"[""R01BA02""]"
642355	"[""A02AA04"", ""A02AC01""]"
686400	"[""J01FA01""]"
721778	"[""N05AH02""]"
644290	"[""D04AB01"", ""D04AB06""]"
727339	"[""N02CC01""]"
725068	"[""N06CA03""]"
731571	"[""J01CE08""]"
750231	"[""C10BX03""]"
797657	"[""V10BX02""]"
798169	"[""N01BA05""]"
800415	"[""B05BA01""]"
902729	"[""N02AA03""]"
1987017	"[""M02AC""]"
745479	"[""J01CE01""]"
757702	"[""C10AA01""]"
884707	"[""G03CA03""]"
892271	"[""H03AA01""]"
896190	"[""R03AK06""]"
903855	"[""N07AA02""]"
903703	"[""H03AA02""]"
308660	"[""C05AD03"", ""D04AB04""]"
308904	"[""A02AC01"", ""A07BC01""]"
308915	"[""A02AC01""]"
309310	"[""J01MA02""]"
311215	"[""A07AA08""]"
1090686	"[""R01BA02"", ""R05CA03""]"
311407	"[""A02AD02""]"
198713	"[""A11HA07""]"
1989869	"[""D01AE12""]"
204750	"[""N02BE01"", ""R01BA01""]"
205140	"[""N02BE01"", ""R01BA01"", ""R06AB04""]"
206406	"[""S01AA04"", ""S01BA02"", ""S01CB03""]"
313061	"[""D02AE01""]"
314266	"[""D11AH01""]"
317128	"[""A02BB01""]"
808520	"[""D08AX05""]"
992485	"[""D10AE01""]"
730992	"[""N04BA03""]"
861467	"[""N02AB02""]"
790297	"[""C09BA01""]"
753367	"[""G03AA09""]"
799056	"[""N04BC04""]"
991884	"[""J01EA01"", ""J01EB03""]"
308272	"[""S02DA03""]"
310667	"[""C02CC02""]"
312109	"[""L03AC02""]"
311250	"[""D01AE12""]"
199194	"[""C05AD03"", ""D04AB04"", ""D08AH03""]"
206835	"[""D05BB01""]"
313235	"[""G03BA03""]"
348544	"[""V03AN01"", ""V03AN04""]"
809022	"[""C09DA03""]"
826860	"[""A11EX""]"
884187	"[""C02AC01"", ""N02CX02""]"
892160	"[""N02BA01""]"
902644	"[""J01AA07""]"
308867	"[""A11CC04""]"
312764	"[""P01BC01""]"
201882	"[""J01XE01""]"
402169	"[""N02CC03""]"
836286	"[""R03AL02""]"
308322	"[""N02BE01""]"
308843	"[""A11CC05"", ""A12AA04"", ""B03AA02""]"
201961	"[""G04CB01""]"
373369	"[""C01CA06""]"
617430	"[""J01CR02"", ""J01CA04""]"
701338	"[""L04AX01""]"
706946	"[""A02AC01"", ""A03AX13""]"
645688	"[""D02AE01""]"
672920	"[""C08CA05""]"
687443	"[""D04AB01"", ""D04AB06""]"
751864	"[""J01FA01""]"
664743	"[""J05AE08""]"
755737	"[""R03DA01"", ""R05CA03""]"
755796	"[""R01BA01"", ""R06AB04""]"
794246	"[""J01MA14""]"
798309	"[""J07AF01"", ""J07AM01""]"
763232	"[""C10AD52""]"
707268	"[""R01BA03"", ""R05DB05"", ""R06AB01""]"
861966	"[""B01AC11""]"
865149	"[""N05AB02""]"
897785	"[""C09BB10""]"
93756	"[""A03AX13""]"
992819	"[""S01FA05""]"
966230	"[""H03AA01""]"
966622	"[""D07AC10""]"
637213	"[""N07BB04""]"
763581	"[""A03BB03"", ""R01BA03"", ""R01AA04""]"
794244	"[""M02AB01""]"
896790	"[""J05AP01""]"
979432	"[""C07AB09""]"
991519	"[""R05CA03"", ""R05DA04"", ""R06AD02""]"
992473	"[""R06AD02""]"
866419	"[""C07AB02""]"
308413	"[""N02BA01""]"
308481	"[""J01XX05"", ""N02BA05""]"
309140	"[""N07AX03""]"
309317	"[""G04BC""]"
309351	"[""C05AA01"", ""D07AA02"", ""D07AB02"", ""D07AB11"", ""D07AC16"", ""D07XA01"", ""D08AH30"", ""D09AA10""]"
1086990	"[""R06AB04""]"
198351	"[""G04BE04""]"
198352	"[""J05AF01""]"
198707	"[""D07AA02""]"
199093	"[""A02BA01""]"
2001568	"[""N06BA04""]"
2052704	"[""L04AD02""]"
2052826	"[""N06BA04""]"
207057	"[""A14AB01""]"
207054	"[""A14AB01""]"
207938	"[""C03AA03""]"
996191	"[""R01BA02"", ""R05CA03"", ""R05DA04""]"
996271	"[""R01BA02"", ""R05CA03"", ""R05DA04""]"
998521	"[""D01AC02""]"
999986	"[""C09DX03""]"
346574	"[""R03DA04""]"
347765	"[""V03AN01"", ""V03AN04""]"
359494	"[""N02CC06""]"
807830	"[""A09AA01""]"
809258	"[""A09AA01""]"
831215	"[""C08DB01""]"
761985	"[""G03AA05""]"
860807	"[""S01GX07""]"
890957	"[""D10AF02""]"
904661	"[""C10BX02""]"
966474	"[""H03AA01""]"
310385	"[""N06AB03""]"
310637	"[""R01BA03"", ""R05CA03""]"
861576	"[""A02BC05""]"
861668	"[""N02CA01""]"
861228	"[""N06BA01"", ""N06BA02""]"
861743	"[""A10BD02""]"
2001472	"[""C10AD02""]"
207137	"[""H02AB04""]"
404066	"[""D10BA01""]"
994519	"[""P02CC01""]"
310938	"[""A03AA01"", ""N05BB01""]"
617945	"[""N06BA09""]"
643937	"[""A07BC04""]"
636794	"[""C01BA03""]"
672255	"[""R06AB04""]"
645617	"[""J01DB01""]"
707207	"[""A06AG04"", ""A06AX01""]"
752005	"[""A06AB02""]"
668691	"[""J05AF11""]"
755312	"[""R05CA03"", ""R05DB05""]"
759388	"[""D08AL01""]"
751871	"[""G03AA05""]"
866421	"[""C07AB02""]"
891870	"[""C01DA08"", ""C05AE02""]"
902626	"[""A02BC06""]"
992530	"[""D01AE15""]"
727355	"[""C01EB10""]"
749148	"[""G03AA05""]"
798926	"[""N02BE01""]"
795468	"[""J01CE01"", ""J01CE09""]"
861463	"[""N02AB02""]"
861757	"[""A10BD02""]"
863599	"[""G04BD04""]"
894780	"[""N02AA01""]"
895883	"[""P02BA01"", ""P02CC01"", ""P02CF01""]"
966153	"[""H03AA01""]"
979489	"[""R03AB03""]"
905087	"[""M05BA07""]"
992479	"[""R06AD02""]"
309447	"[""N02BA05"", ""N02BE01"", ""N06BC01"", ""R05DA04""]"
310672	"[""N05AD01""]"
311451	"[""B05BC01"", ""B05CX04""]"
311550	"[""A07EC02""]"
311558	"[""G03AC01"", ""G03DC02""]"
312828	"[""N05AX08""]"
1090972	"[""A11JA""]"
198556	"[""M02AB01""]"
1988768	"[""L01ED04""]"
199209	"[""A11HA05""]"
199889	"[""N03AX11""]"
205745	"[""C05BB01""]"
206223	"[""D10AF02""]"
206328	"[""D07AA02""]"
206637	"[""S01KA02""]"
206754	"[""A07EA03"", ""H02AB07""]"
997287	"[""R05DA04""]"
999783	"[""B03AE""]"
999805	"[""A11GA01"", ""B03AA02"", ""B03BA01"", ""B03BB01""]"
312887	"[""D11AF"", ""D01AE12""]"
313072	"[""V03AE01""]"
313195	"[""L02BA01""]"
313836	"[""R03DA05""]"
349629	"[""R03DA01"", ""R05CA03""]"
359634	"[""S01KA02""]"
375503	"[""C05CA03""]"
806718	"[""B05CB01"", ""B05XA03""]"
978583	"[""C07AA15""]"
310054	"[""L01XX79"", ""P01CX03""]"
860886	"[""C10AB05""]"
206975	"[""N02BA01""]"
308640	"[""D04AB04""]"
617322	"[""J01CR02"", ""J01CA04""]"
630679	"[""A16AB07""]"
639537	"[""C09CA06""]"
667136	"[""A02BA03""]"
643177	"[""L01EA02""]"
643712	"[""L04AX04""]"
636631	"[""L01BC08""]"
647121	"[""N03AX14""]"
702316	"[""N02BA51""]"
745679	"[""R03AC02""]"
861670	"[""N02CA01""]"
966210	"[""H03AA01""]"
966217	"[""H03AA01""]"
309672	"[""N06AA01""]"
749159	"[""G03AA06""]"
797979	"[""D10AE01""]"
761909	"[""C10AD52""]"
791838	"[""C10BA01""]"
864753	"[""N07BC02""]"
891710	"[""D02AA""]"
894970	"[""N02AA01""]"
897680	"[""C08DA01""]"
900984	"[""N03AX09""]"
903875	"[""N06AB08""]"
904431	"[""M05BA04""]"
905495	"[""N05BA02""]"
966397	"[""H03AA01""]"
992494	"[""D10AE01""]"
892263	"[""H03AA01""]"
308388	"[""A11GA01""]"
308989	"[""N04BA02""]"
309280	"[""A12CB01"", ""B05XA18""]"
310194	"[""L01XX11""]"
310870	"[""D07BA""]"
311198	"[""C01DA14""]"
312020	"[""C01DA02""]"
312457	"[""L01AX02""]"
198853	"[""A03AX13""]"
1992274	"[""D07AD01""]"
2058488	"[""P02BA01""]"
206752	"[""N03AB01""]"
999523	"[""V03AN01""]"
313862	"[""A09AA03""]"
314072	"[""S01EE01""]"
314157	"[""J05AH02""]"
313979	"[""H02AA02""]"
861724	"[""A01AA01""]"
897685	"[""C08DA01""]"
897753	"[""N02AA03""]"
898356	"[""C09BB13""]"
900866	"[""N03AX09""]"
905395	"[""C02DB02""]"
966171	"[""H03AA01""]"
897689	"[""N02AA03""]"
993091	"[""D03AX11""]"
2047769	"[""C07AB02""]"
892277	"[""H03AA01""]"
311714	"[""A06AA01""]"
198272	"[""N05AC02""]"
1998453	"[""N05AX12""]"
199998	"[""P02CF01""]"
201219	"[""J05AB09""]"
206159	"[""N03AE01""]"
207338	"[""A03AD01"", ""G04BE02""]"
995993	"[""R01BA02"", ""R05CA03"", ""R05DA04""]"
317173	"[""C09AA01""]"
346494	"[""H01AC01""]"
809325	"[""A09AA01""]"
826653	"[""A11EX""]"
829373	"[""A12CC01""]"
831393	"[""D01AC02""]"
831831	"[""A09AB01"", ""B05CX01"", ""B05CX03"", ""B05XB01"", ""B05XB03"", ""N06AX02"", ""V03AB26"", ""V04CA02"", ""V06DC01""]"
833234	"[""A07EC02""]"
2056490	"[""H03AA01""]"
313406	"[""B01AC05""]"
317564	"[""D07AA02""]"
359439	"[""R05FB02""]"
834150	"[""D08AC02""]"
836395	"[""N02AJ13""]"
847330	"[""J05AP01""]"
847621	"[""V07AB""]"
849322	"[""N02AC04""]"
849515	"[""H01BA02""]"
856734	"[""C07AA05""]"
857635	"[""R03CC03""]"
208588	"[""S01AA03"", ""S01AA18"", ""S01BA01"", ""S01CB01"", ""S03AA01"", ""S03AA03"", ""S03BA01""]"
209072	"[""B03BA01""]"
2099508	"[""G03AA05""]"
2105776	"[""J01CA04""]"
211190	"[""N02BE01"", ""N06BC01""]"
2100015	"[""D04AB01"", ""N01BB02""]"
211544	"[""L02AE03""]"
211880	"[""B01AC06"", ""N02BA01""]"
2120175	"[""D04AB01""]"
212229	"[""A07BA01""]"
212426	"[""D02AE01""]"
212434	"[""D02AE01""]"
212958	"[""L04AD01""]"
213663	"[""A07EA04"", ""C05AA05"", ""H02AB01"", ""R03BA04"", ""S03BA03""]"
214038	"[""S02DA03""]"
2176488	"[""R01BA02"", ""R05DA09"", ""R06AB04""]"
2183671	"[""R05DA03"", ""R06AB04""]"
1092378	"[""N02BE01"", ""N02BE51""]"
1094891	"[""C05AD01"", ""D04AB01"", ""N01BB02""]"
1099084	"[""R05FB02""]"
1099646	"[""N06AX24""]"
1111697	"[""A03BB03"", ""R01BA02"", ""R06AA08""]"
1112255	"[""R01BA02"", ""R06AA08""]"
1114105	"[""D08AJ01"", ""D08AJ08""]"
1116185	"[""R01BA02"", ""R06AB01""]"
1116976	"[""M02AC"", ""N01BX04""]"
1146022	"[""R01AX""]"
1146998	"[""R05CA03""]"
1148595	"[""S02DA03""]"
1148523	"[""R01AD09""]"
1147533	"[""R01AX""]"
1189827	"[""A10BH51""]"
1190641	"[""A07DA01""]"
1190744	"[""A03BA01"", ""N03AA02""]"
1232977	"[""J01BA01""]"
1234338	"[""D07XA01""]"
1234514	"[""D07XA01""]"
404668	"[""D10BA01""]"
425539	"[""R03DA04""]"
545144	"[""S02AA10""]"
577215	"[""D02AA""]"
582819	"[""D04AB04""]"
58930	"[""R06AE07""]"
606728	"[""A02BC05""]"
615979	"[""L01EX02""]"
616129	"[""J05AP01""]"
857752	"[""R01BA03"", ""R05DA03"", ""R06AB04""]"
857841	"[""R01BA03"", ""R05DA03"", ""R06AB04""]"
859174	"[""R01BA03"", ""R05DA03"", ""R06AB04""]"
1000050	"[""N06AA12""]"
1012080	"[""S01AB04"", ""S01BA04"", ""S01CB02"", ""S03BA02""]"
1012023	"[""S01AB04"", ""S01BA04"", ""S01CB02"", ""S03BA02""]"
1014197	"[""D04AB07"", ""D08AE05""]"
102377	"[""R03CC02""]"
1039483	"[""D08AX08""]"
1039625	"[""D01AE12""]"
1043268	"[""R05DA09"", ""R06AB04""]"
1046929	"[""A03BA01"", ""A03BA03"", ""A04AD01"", ""N03AA02"", ""N05CM05""]"
1047791	"[""G04BX12""]"
1048379	"[""A03BA03"", ""N03AA02""]"
1049165	"[""R01BA02""]"
1049534	"[""R01BA02""]"
1049680	"[""D10AE01""]"
1050350	"[""R05DA09""]"
1050421	"[""N02AA05""]"
1053772	"[""C05AA12"", ""D01AA01"", ""D07AB09"", ""D07XB02""]"
2173826	"[""R05CA03"", ""R05DA09""]"
244486	"[""C05AA05"", ""D07AC01"", ""D07XC01""]"
244549	"[""C05AD03"", ""D04AB04""]"
246504	"[""J01GB07""]"
252430	"[""A12CC10""]"
260309	"[""A07EA02""]"
260311	"[""A07EA02"", ""C05AA01""]"
282561	"[""D05BA02""]"
284425	"[""L01AB01""]"
1655041	"[""D08AC02""]"
1656346	"[""C09DX04""]"
1665188	"[""N05BA06""]"
1091467	"[""N02BE01"", ""N02BE51"", ""R01BA02""]"
1113048	"[""R01BA02"", ""R05DA04"", ""R06AE04""]"
1234396	"[""D07XA01""]"
1234506	"[""D07XA01""]"
858264	"[""H05BX03""]"
859419	"[""C10AA07""]"
1000558	"[""S01AB04"", ""S01BA07"", ""S01CB05""]"
1000726	"[""D10AB02"", ""D10AF06""]"
1010234	"[""D10AF06""]"
1011709	"[""N01BB02""]"
1012017	"[""S01AB04"", ""S01BA04"", ""S01CB02"", ""S03BA02""]"
1037328	"[""A01AC03"", ""A07EA02"", ""C05AA01"", ""H02AB09""]"
1043488	"[""D08AG02""]"
1045003	"[""D08AE05""]"
1045344	"[""C05AD03"", ""N01BA05""]"
1049900	"[""R06AA02""]"
238004	"[""G03CA03""]"
244095	"[""A12CA01"", ""B05CB01"", ""B05XA03"", ""V06DC01""]"
283709	"[""A02AA02"", ""A02AA04"", ""A12AA04""]"
858108	"[""G03BA03""]"
1047761	"[""D07AA02""]"
1046810	"[""A03BA01"", ""A03BA03"", ""A04AD01"", ""N03AA02"", ""N05CM05""]"
1012609	"[""B03AA07""]"
1053368	"[""C05AD03"", ""D04AB04""]"
311382	"[""S01BA14""]"
311944	"[""C10AD02""]"
1996082	"[""B05CX01"", ""V04CA02"", ""V06DC01""]"
199772	"[""V04CD01""]"
2043303	"[""A01AB""]"
206080	"[""J01FA01""]"
207239	"[""P02BA02""]"
207390	"[""J01CE01""]"
208003	"[""C03AA01"", ""C07AA12"", ""C07BA12""]"
313076	"[""N02BA04""]"
313151	"[""D10AB02""]"
313211	"[""L01AX03""]"
313627	"[""A11GA01"", ""B03AA02"", ""B03BA01""]"
315116	"[""A09AB03"", ""B05XA13""]"
317110	"[""C01DA14""]"
351875	"[""N05CM05""]"
352212	"[""B01AC21""]"
359450	"[""D02AA""]"
315102	"[""A01AA01""]"
801923	"[""V07AB"", ""B05XA08""]"
807726	"[""A09AA01""]"
826105	"[""N06AB03""]"
828265	"[""L04AG06""]"
830205	"[""D10AF01""]"
830538	"[""B01AC06"", ""N02BA01""]"
831701	"[""C03BA04""]"
835831	"[""G03BA03""]"
835894	"[""L04AD01""]"
206949	"[""M01AE04""]"
206985	"[""M01AE03""]"
401981	"[""J05AX07""]"
848178	"[""D07AC01""]"
848768	"[""N02AJ18""]"
853332	"[""D02AE01""]"
853498	"[""L04AC08""]"
854181	"[""S01BA01""]"
857379	"[""N02BE01"", ""R05DA03""]"
854256	"[""B01AB05""]"
856971	"[""N02BE01"", ""R05DA03""]"
208230	"[""R03DA04""]"
208137	"[""C01AA05""]"
209305	"[""A09AB04"", ""A12BA02""]"
209666	"[""D01AE18""]"
210421	"[""A07AA02""]"
2105797	"[""J01CA04""]"
210847	"[""A02AD01""]"
211695	"[""S01EC01""]"
212281	"[""A10BG01""]"
212957	"[""L04AD01""]"
213270	"[""G04BE03""]"
213972	"[""A07DA02"", ""N02AA02""]"
2168548	"[""N07XX08""]"
2174890	"[""N02BE01"", ""R05DA09""]"
2178275	"[""M01AE01""]"
226426	"[""N06BA07""]"
2178939	"[""C01CA26"", ""N02BE01"", ""R03CA02"", ""R05CA03""]"
1091941	"[""D01AE12""]"
1113490	"[""R05CA03"", ""R05DA09""]"
828556	"[""N02BE01""]"
828689	"[""N01AX10""]"
857111	"[""N02AJ22""]"
208816	"[""H02AB09""]"
198904	"[""A12CB02""]"
199296	"[""A12AA04""]"
204430	"[""J04AC01""]"
2046155	"[""N07BA01""]"
2046639	"[""D02AE01""]"
313413	"[""M03BX02""]"
348472	"[""R03DA04""]"
360110	"[""L04AH01""]"
401883	"[""G03GA07""]"
403939	"[""R01BA03"", ""R05CA03""]"
370495	"[""J01AA02""]"
810000	"[""N03AX18""]"
834063	"[""J01CE02""]"
204416	"[""N05AD01""]"
313312	"[""R03DA04""]"
349483	"[""C09CA03""]"
847133	"[""D10AE01""]"
847440	"[""A01AA01"", ""A12CD01""]"
854821	"[""J01MB02""]"
855180	"[""G04BD07""]"
858607	"[""C08CA04""]"
854882	"[""N05CF02""]"
208981	"[""C02CA01""]"
209134	"[""R03DA01"", ""R05CA03""]"
2099993	"[""V03AF03""]"
211753	"[""S01BA04"", ""S01CB02"", ""S03BA02""]"
2117610	"[""B05XA19""]"
2118588	"[""M01AC06""]"
2119573	"[""N06BA04""]"
213158	"[""R05CA03""]"
211002	"[""A06AB04""]"
1094353	"[""B05CA04"", ""G04BX06"", ""J01EB02""]"
1099790	"[""R06AX07""]"
1110820	"[""N01BA05""]"
1114481	"[""N04BC05""]"
1149666	"[""D08AG02"", ""D09AA09"", ""D11AC06""]"
1150300	"[""M01AX05""]"
1190319	"[""R01BA03"", ""R05DB10"", ""R06AE04""]"
1146699	"[""D10AE01""]"
1149376	"[""N02AX06""]"
1191234	"[""V03AB15""]"
1233546	"[""N02BE01"", ""R05DA09"", ""R06AA09""]"
1234872	"[""N02AA08"", ""N06BC01""]"
544516	"[""A09AB04"", ""B05CB02""]"
562844	"[""D10AB02"", ""D10AF06""]"
581571	"[""J01DC04""]"
582984	"[""H01AC01""]"
603978	"[""S01BC10""]"
860674	"[""R05CA03"", ""R05DA03""]"
860036	"[""R01BA03"", ""R05DA03"", ""R06AC01""]"
1006687	"[""D10AF06"", ""D10AB02""]"
1013659	"[""J01AA08""]"
1013073	"[""A01AB25"", ""C01BB01"", ""C05AD01"", ""J01AA06"", ""N01BB02""]"
1037039	"[""D08AX08""]"
1044606	"[""R01AX""]"
1050496	"[""N02AJ17""]"
239018	"[""B05XA04"", ""G04BA01""]"
243463	"[""A02AD01""]"
245500	"[""A11CC05""]"
283510	"[""L04AX03""]"
284243	"[""J01DC08""]"
307694	"[""N02BE01""]"
1660009	"[""L01AC01""]"
1665369	"[""A10BD20""]"
1666800	"[""N05CD08""]"
1668238	"[""J01FA10""]"
1721313	"[""N03AX22""]"
1723991	"[""D04AB01""]"
1735013	"[""N01AH01""]"
1736863	"[""A10AE04""]"
209013	"[""C10AA02""]"
1098691	"[""R05CA03"", ""R05DB10""]"
429042	"[""R05CB01""]"
577391	"[""D10AE01"", ""D10AB02""]"
857853	"[""R01BA03"", ""R05DA03"", ""R06AB04""]"
858976	"[""R05CA09"", ""R05DA03""]"
1039708	"[""D08AX08""]"
1042620	"[""D11AX11""]"
1043658	"[""S01GA01""]"
1046487	"[""D01AE12""]"
1046972	"[""A03BA01"", ""A03BA03"", ""A04AD01"", ""N03AA02"", ""N05CM05""]"
1050490	"[""N02AJ17""]"
1053417	"[""D01AE12""]"
245647	"[""D04AB04""]"
283270	"[""M02AC"", ""N01BX04""]"
1721956	"[""L01FC01""]"
1732003	"[""N02AA01""]"
1734204	"[""N01BB09""]"
1739211	"[""A01AC01"", ""C05AA12"", ""H02AB08"", ""R03BA06""]"
260269	"[""C05AD03"", ""D04AB04""]"
1099488	"[""R01BA02"", ""R06AX07"", ""R01BA52""]"
1190450	"[""R01BA02"", ""R06AA02""]"
1190563	"[""S01FA01""]"
1191003	"[""M02AB01"", ""N01BX04""]"
1193360	"[""N03AX14""]"
404187	"[""A06AB06""]"
436367	"[""D08AE05""]"
540517	"[""N02BE01""]"
545106	"[""D02AE01""]"
577033	"[""G04BE03""]"
579247	"[""A07FA51"", ""A07BC01""]"
602759	"[""R05CA03""]"
860244	"[""L03AB08""]"
1000909	"[""S01EB01""]"
1001058	"[""R01AA05""]"
1012545	"[""R01BA02"", ""R06AA08""]"
1014639	"[""D02AF"", ""D01AE12""]"
1038973	"[""D08AE04""]"
1041508	"[""R06AB06""]"
1046557	"[""R01BA01"", ""R06AB05"", ""R06AC01""]"
1053230	"[""D08AE05""]"
1665365	"[""D11AC""]"
1723194	"[""L01XX44""]"
1725079	"[""N01BB01""]"
1730929	"[""C01CA19""]"
1732157	"[""M03AX01""]"
1733707	"[""C05AX04""]"
1734091	"[""N01BB09""]"
1736547	"[""C07AB09""]"
237393	"[""A12BA05""]"
603378	"[""J05AE09""]"
860002	"[""R05CA03"", ""R05DA03""]"
1006107	"[""D10AF06""]"
1012863	"[""R01BA02"", ""R06AA08""]"
1049779	"[""R01BA02""]"
240906	"[""L01XX24""]"
261185	"[""N02AB03""]"
283411	"[""D02AA""]"
858993	"[""R05CA09"", ""R05DA03""]"
310152	"[""D10AF02""]"
311978	"[""C04AC02"", ""C10AD05""]"
309841	"[""N05BA01""]"
204579	"[""A06AA01""]"
205490	"[""C03CA02""]"
206714	"[""B01AC07""]"
204534	"[""J05AF01""]"
996824	"[""G02AB01""]"
996826	"[""G02AB01""]"
997224	"[""N06DA02""]"
313721	"[""A11HA03""]"
346296	"[""D02AE01""]"
809308	"[""D10AE01""]"
828359	"[""M03BX08""]"
206934	"[""C08CA03""]"
312952	"[""D08AL01""]"
825429	"[""B02BX05""]"
848751	"[""N05AX14""]"
848956	"[""S02AA15""]"
853004	"[""C01BA01""]"
1099572	"[""N03AG01""]"
1101850	"[""N01BX03""]"
1112493	"[""A11CC01""]"
1115754	"[""D08AE04"", ""D09AA06""]"
1117116	"[""D11AX12""]"
1120017	"[""D08AX01"", ""D11AX25""]"
1235477	"[""R02AD01""]"
207483	"[""N04BC02""]"
208674	"[""C03DB02""]"
212381	"[""J04AA01""]"
212787	"[""A02BA01""]"
212823	"[""D02AE01""]"
214050	"[""G03CA57""]"
2167855	"[""M02AX""]"
2173937	"[""R05DA09""]"
2183701	"[""R06AB04""]"
238019	"[""G03AA07""]"
404711	"[""G04BE08""]"
485064	"[""N05AF03""]"
541999	"[""V03AN01"", ""V03AN02""]"
543879	"[""G01AC30""]"
544140	"[""A03AX13""]"
544553	"[""G04BC""]"
577231	"[""D02AB""]"
582205	"[""D08AJ08""]"
597850	"[""L01XX35""]"
603206	"[""L01EB02""]"
616852	"[""C10AB05""]"
857307	"[""N06AA04""]"
858583	"[""C08CA04""]"
1012231	"[""D06BA02""]"
1085781	"[""C05AA12"", ""D07AB09"", ""D07XB02""]"
243471	"[""A02AB01"", ""A02AB02""]"
247974	"[""N02BE01""]"
248420	"[""A07EC02""]"
252551	"[""D08AE04"", ""D09AA06""]"
260476	"[""A11HA03""]"
1661566	"[""B01AB02""]"
1666781	"[""A03BA01""]"
1101748	"[""A06AB02""]"
1190850	"[""A03BA01"", ""N03AA02""]"
209168	"[""D07AC11""]"
2120909	"[""N02BE01"", ""R05DA09""]"
476827	"[""A06AB06""]"
579148	"[""N06DA04""]"
616460	"[""D08AX05""]"
859383	"[""R05FA02""]"
1086797	"[""R06AE07""]"
240374	"[""N02AX03""]"
261224	"[""J01CA04""]"
285017	"[""N06DA03""]"
1657985	"[""B01AB01"", ""C05BA03""]"
243809	"[""B02BA02""]"
1725175	"[""N01BB01""]"
1656983	"[""N02CC01""]"
244526	"[""D01AE12""]"
1741301	"[""B05AA01""]"
1742401	"[""B05AA01""]"
1744003	"[""J05AR03""]"
1745062	"[""N01BB01""]"
1789240	"[""D10AE01""]"
1789542	"[""A12AX"", ""A11CC05""]"
1790100	"[""L01DB01""]"
1790146	"[""S01BC11""]"
1795171	"[""B05BB01""]"
1797915	"[""R01AD11""]"
1797937	"[""R01AD11""]"
1802557	"[""C05AD03"", ""D04AB04"", ""R02AD01""]"
1805714	"[""C05AA12"", ""D07AB09"", ""D07XB02""]"
1807639	"[""B05XA03""]"
1807638	"[""B05XA03""]"
1808192	"[""R05CA03"", ""R05DA09""]"
1809429	"[""J06BA01""]"
1812737	"[""D09AA11""]"
1865706	"[""A12CB01"", ""B05XA18""]"
1869690	"[""A16AA03""]"
1876012	"[""N03AX14""]"
1876116	"[""D01AC02"", ""D08AC02"", ""D09AA12""]"
1923829	"[""V03AC03""]"
197351	"[""B02AA01""]"
197561	"[""C02AA05""]"
1919082	"[""N02BE01"", ""R05DA09""]"
1235391	"[""D11AX11""]"
1236129	"[""N02AA08"", ""R01BA02"", ""R05CA03""]"
1242998	"[""L01XJ01""]"
1243026	"[""A10BD11""]"
1245430	"[""C10BA02""]"
1251629	"[""N05CA03""]"
1293331	"[""N02BE01"", ""R01BA02"", ""R05DA09"", ""R06AB04""]"
1293504	"[""N02CA02"", ""N02CA52"", ""N06BC01""]"
1293727	"[""D07XA01""]"
1298445	"[""R01BA02"", ""R05CA03""]"
1299773	"[""C01CA02"", ""R03AB02"", ""R03CB01""]"
1300437	"[""R05CA03"", ""R05DB05""]"
1304533	"[""R01BA02"", ""R06AB01""]"
1305757	"[""G03AA11""]"
1305789	"[""R01BA02"", ""R05DB05""]"
1305784	"[""R01BA02"", ""R05DA03""]"
1305783	"[""R01BA02"", ""R05DA03"", ""R06AB01""]"
1307309	"[""L02BB04""]"
1356495	"[""C05AD03"", ""C05BB05"", ""D04AB04"", ""D08AE03""]"
1356803	"[""M02AC""]"
1356802	"[""R05DA04""]"
1356841	"[""R01BA53"", ""R06AB01""]"
1357553	"[""N02BE01"", ""R05DA09"", ""R06AB04""]"
1357908	"[""R05CA03"", ""R05DA09""]"
1358514	"[""R01BA02"", ""R05CA03""]"
1362958	"[""B01AB01"", ""C05BA03""]"
1363309	"[""R06AB04""]"
1363382	"[""A02AC01"", ""A02AD05""]"
1363493	"[""R01AA07""]"
1369962	"[""A07BC01"", ""A07BC02""]"
1372312	"[""R01BA03""]"
1376059	"[""S01BA01"", ""S01CB01"", ""S03BA01""]"
1422064	"[""D08AC02"", ""D09AA12""]"
1422943	"[""R05DA09""]"
1425448	"[""D08AX01"", ""D11AX25""]"
1425446	"[""D08AX01"", ""D11AX25""]"
197893	"[""N05AN01""]"
1431104	"[""N07BC51""]"
1435630	"[""C09AA02""]"
1437678	"[""D08AX01"", ""D11AX25""]"
1442285	"[""D10AE01""]"
1494214	"[""D02AB""]"
150750	"[""C07AB03""]"
153048	"[""N05AH03""]"
1539545	"[""R01BA03""]"
1541228	"[""L04AX03""]"
1545780	"[""L01AD02""]"
1549312	"[""D01AC02""]"
1593116	"[""N02BE01""]"
1595159	"[""P03AX05""]"
1597076	"[""G03BA03""]"
1599815	"[""C05AD01"", ""C05AD07"", ""D04AB01"", ""D04AB07"", ""D08AC02"", ""D09AA12"", ""N01BB02""]"
1742222	"[""B05AA01""]"
1745886	"[""N02AA01""]"
1797059	"[""D02AB""]"
1808604	"[""R05CA03"", ""R05DA09""]"
1809834	"[""C05AX04""]"
1860100	"[""B03AA07""]"
1860129	"[""N02AA05""]"
1925257	"[""L04AA24""]"
1941607	"[""R03BA05""]"
197429	"[""N02BA01""]"
1236062	"[""N02AA08"", ""R01BA02"", ""R06AB04""]"
1242120	"[""R05FB02""]"
1243046	"[""R07AX02""]"
1244763	"[""R01BA02"", ""R05CA03"", ""R05DA03""]"
1246068	"[""V03AB03""]"
1247441	"[""D04AB04""]"
1293717	"[""D04AA32""]"
1293905	"[""D04AB07""]"
1297404	"[""N02BE01"", ""R05DA09"", ""R06AA09""]"
1299713	"[""C01CA02"", ""R03AB02"", ""R03CB01""]"
1300074	"[""D08AC02"", ""D09AA12""]"
1309346	"[""D02AA""]"
1359011	"[""N03AX22""]"
1368423	"[""A10BD09""]"
1375115	"[""H02AB02"", ""S01BA01""]"
1421636	"[""A07BC01"", ""A07BC02""]"
1429389	"[""A11CA01"", ""A11CC01""]"
1430122	"[""N06AB05""]"
1432291	"[""A07DA03""]"
1436083	"[""C05AD01""]"
197535	"[""N05AH02""]"
1439903	"[""C02KX05""]"
1439926	"[""C05AX04""]"
1439915	"[""D01AE12""]"
1485215	"[""C05AD03"", ""C05BB05"", ""D04AB04"", ""D08AE03""]"
1486977	"[""A10BK01""]"
1487376	"[""D11AF"", ""D01AE12""]"
1488671	"[""B01AC21""]"
1492380	"[""N02BE01"", ""R05DA09"", ""R06AA09""]"
153008	"[""M01AE01""]"
1544396	"[""L04AX03""]"
1548871	"[""D10AE01""]"
1549403	"[""S02BA01""]"
1552004	"[""R03BB04""]"
1591985	"[""D03AX11""]"
1358750	"[""D06AX04"", ""D07AA01"", ""D07AC14"", ""D10AA02""]"
1427984	"[""D01AC02""]"
1722680	"[""G03AA05""]"
1728054	"[""A04AA05""]"
1730927	"[""C01CA19""]"
259843	"[""A12AA01""]"
1742331	"[""B05AA01""]"
1742329	"[""B05AA01""]"
1743856	"[""H02AB04""]"
1790248	"[""C08CA16""]"
1791419	"[""D11AX12""]"
1795478	"[""B05CX01"", ""V04CA02"", ""V06DC01"", ""B05BA03""]"
1796676	"[""V03AB14""]"
1813417	"[""J06BA01""]"
1863350	"[""L01CA02""]"
1869699	"[""A06AX04""]"
1872980	"[""L04AB04""]"
1923424	"[""C07AA07""]"
1946527	"[""N02AX02""]"
197303	"[""S01EC01""]"
197362	"[""D02AX""]"
1244665	"[""R05CA03""]"
1246254	"[""R05DA09""]"
1251395	"[""A07BA01""]"
1291276	"[""A11CC05""]"
1298435	"[""S01XA03""]"
1299188	"[""H03AA01""]"
1300164	"[""R05DA09"", ""R06AB06""]"
1305810	"[""A02AA02"", ""A06AB08"", ""A06AD02"", ""A09AB04"", ""A12CC10""]"
1307862	"[""D02AA""]"
1308448	"[""R01BA02"", ""R05CA03"", ""R05DA09""]"
1308438	"[""R05DA04"", ""R06AB01""]"
1314133	"[""A04AA01""]"
1359107	"[""M01AB55""]"
1362730	"[""C01BB02""]"
1364490	"[""C10AX12""]"
1421067	"[""H03AA01""]"
1422912	"[""D08AG03""]"
1438107	"[""A02AA04"", ""A02AC01""]"
197445	"[""N04BA02""]"
1438502	"[""R01AA04"", ""S01FB01"", ""S01XA20""]"
1490067	"[""G03XC01""]"
1491531	"[""M01AB01""]"
1539205	"[""S01EE04""]"
1547118	"[""N05CJ01""]"
1551482	"[""M01AE03""]"
1551519	"[""C05AD02"", ""D04AB06"", ""D06AX04""]"
1424384	"[""R01BA02""]"
1731042	"[""M04AB05""]"
1731995	"[""N02AA01""]"
1791591	"[""L01AA06""]"
1791576	"[""N02AA05""]"
1809430	"[""J06BA01""]"
1809671	"[""J06BA01""]"
1810093	"[""D08AX07""]"
1812484	"[""L01DC03""]"
1867614	"[""N01BB01""]"
1870633	"[""J01GB03""]"
1923326	"[""D07AC07""]"
197323	"[""L01XX03""]"
197354	"[""R03DA05""]"
197495	"[""A10BB02""]"
1241888	"[""C04AB02""]"
1245391	"[""A06AA02""]"
1247290	"[""N05BA06""]"
1293170	"[""C01CA04""]"
1298081	"[""C01BC08""]"
1298902	"[""N05AE02""]"
1309312	"[""J01FF02""]"
1359022	"[""G03AA05""]"
1359545	"[""C01DA02""]"
1359658	"[""G03BA03""]"
1359675	"[""G03FA01""]"
1368034	"[""A10BH04""]"
1375932	"[""N02BE01""]"
1375981	"[""D02AB""]"
1422924	"[""D08AG03""]"
1423468	"[""D08AG03""]"
1425228	"[""L01EC02""]"
1429345	"[""R01BA53"", ""R06AB04""]"
1431142	"[""A03FA01""]"
1435881	"[""D08AG03""]"
197889	"[""N05AN01""]"
198181	"[""J04AK01""]"
1484805	"[""A01AA01""]"
1488353	"[""A11CC05""]"
153591	"[""A10BB12""]"
1546189	"[""L03AB13""]"
1551474	"[""A08AA62""]"
1593738	"[""H01BA01""]"
1601407	"[""J07AH09""]"
1608274	"[""A05AA03""]"
1652242	"[""A10AB04""]"
1251337	"[""G03FA01""]"
198188	"[""C09AA05""]"
1441533	"[""D08AG03""]"
1535226	"[""N05CM18""]"
1651393	"[""D01AC02""]"
197384	"[""P01AX06""]"
1359111	"[""A06AA01"", ""C05AX06""]"
1362781	"[""R01BA03"", ""R05DA03"", ""R06AC01""]"
1370772	"[""D07AB02""]"
197686	"[""M01AB08""]"
1541928	"[""L01EX01""]"
1650994	"[""R06AX13""]"
1427997	"[""D01AE12""]"
1650305	"[""C01EB09""]"
1246991	"[""A06AA02""]"
1421071	"[""H03AA01""]"
1492746	"[""L04AA32""]"
151229	"[""N03AX11""]"
1537045	"[""B01AC26""]"
748879	"[""G03AA07""]"
668660	"[""H02AB06""]"
749737	"[""G03AA05""]"
644790	"[""A11JA""]"
701305	"[""D10AD01""]"
794078	"[""J05AP01"", ""L03AB05""]"
800057	"[""B05DB""]"
800115	"[""B05DB""]"
748856	"[""G03AA12""]"
895268	"[""R05CA03"", ""R05DB05""]"
901802	"[""N02CC03""]"
93382	"[""C03BA08""]"
991046	"[""N05AA01""]"
993261	"[""D08AX01""]"
308207	"[""J01CA01""]"
308402	"[""N02BA01""]"
308896	"[""A12AA04""]"
866412	"[""C07AB02""]"
876866	"[""A11CA01"", ""A11DA01"", ""A11GA01"", ""A11HA03"", ""A11HA04"", ""B03AA07""]"
884772	"[""M09AB03""]"
886688	"[""R01BA02"", ""R05CA03""]"
895991	"[""D07AC17""]"
896011	"[""R03BA05""]"
896209	"[""R03AK06""]"
904419	"[""M05BA04""]"
308761	"[""A02BD"", ""A07BB""]"
309096	"[""J01DC02""]"
310866	"[""C05AA01"", ""D06AX04"", ""D07AA02"", ""D07AB02"", ""D07AB11"", ""D07AC16"", ""D07XA01""]"
1088768	"[""B03BB01""]"
198461	"[""N02BA01""]"
199374	"[""B03BA01""]"
2003792	"[""D08AC02""]"
204520	"[""A12BA01""]"
2046528	"[""R06AA02""]"
803348	"[""A08AA01""]"
810002	"[""N03AX18""]"
827183	"[""A02BA02""]"
896864	"[""G03GA01"", ""G03GA08""]"
904870	"[""N02AE01""]"
669750	"[""D07AB08""]"
899763	"[""V03AN01"", ""V03AN04""]"
991502	"[""R05DA04"", ""R06AD02""]"
96304	"[""N03AA03""]"
966613	"[""C02DB02"", ""C03AA03""]"
994007	"[""M01AE52""]"
308907	"[""A02AC01""]"
309926	"[""C05AA01"", ""D07AA02"", ""D07AB02"", ""D07AB11"", ""D07AC16"", ""D07XA01"", ""C05AX04""]"
310867	"[""C05AA01"", ""D06AX04"", ""D07AA02"", ""D07AB02"", ""D07AB11"", ""D07AC16"", ""D07XA01""]"
311450	"[""B05BC01""]"
312368	"[""N03AA02""]"
1089090	"[""R01AX""]"
198806	"[""B03AB02""]"
2001745	"[""M02AC""]"
206756	"[""N03AA01""]"
996032	"[""B03AE""]"
998509	"[""D01AC02""]"
313226	"[""G01AG02""]"
317769	"[""R03DA04""]"
402106	"[""C03DA04""]"
755535	"[""R01BA01"", ""R06AB04""]"
895784	"[""P02BA01""]"
904630	"[""C07AA07""]"
205800	"[""D06AX07""]"
314106	"[""P01AB01""]"
389122	"[""D10AE01""]"
863669	"[""G04CA02""]"
864980	"[""N07BC02""]"
351209	"[""J02AC03""]"
686433	"[""A07EC02""]"
629699	"[""J01AA08""]"
701184	"[""D09AA08""]"
701371	"[""A02AC01""]"
702019	"[""B03AA02"", ""B03BB01""]"
668628	"[""N02AB03""]"
728109	"[""J05AH02""]"
668901	"[""D03BA01""]"
751302	"[""N06DA03""]"
755839	"[""R01BA02"", ""R01BA03"", ""R05DA04""]"
747260	"[""A12CA01"", ""B05CB01"", ""B05XA03"", ""B05BB01""]"
861416	"[""J01FA10""]"
865568	"[""A10BB07""]"
899513	"[""N06BA11""]"
992150	"[""J01XX05""]"
979492	"[""C09CA01""]"
308171	"[""N05CB01""]"
309274	"[""N02BA03"", ""N07AX02""]"
998540	"[""G01AF04""]"
758032	"[""L03AB07""]"
861362	"[""B01AX05""]"
861657	"[""C01DA02""]"
866021	"[""R06AX02""]"
891893	"[""N02AA01""]"
905057	"[""L02AE04""]"
966169	"[""H03AA01""]"
966181	"[""H03AA01""]"
899642	"[""C01DA02""]"
308168	"[""N05CA02"", ""N05CA06""]"
308347	"[""N03AA02"", ""N05CA05""]"
308791	"[""S02AA03""]"
309602	"[""B03BA01""]"
310208	"[""G03BA03"", ""G03CA07"", ""G03CC04""]"
312215	"[""A03AD01""]"
1998481	"[""H02AB02""]"
206595	"[""A08AA05""]"
995680	"[""R06AE05""]"
997170	"[""R05DA04""]"
313634	"[""B03AE""]"
317573	"[""A10BG03""]"
347856	"[""V03AN01""]"
401953	"[""N05AX08""]"
809248	"[""A09AA01""]"
831872	"[""G03AA09""]"
966202	"[""H03AA01""]"
993757	"[""N02BE01"", ""R05DA04""]"
800037	"[""A09AB01"", ""B05CX01"", ""B05CX03"", ""B05XB01"", ""B05XB03"", ""N06AX02"", ""V03AB26"", ""V04CA02"", ""V06DC01""]"
867497	"[""A02BA03""]"
905520	"[""N05BA02""]"
990990	"[""V03AB19""]"
313002	"[""B05XA03""]"
860977	"[""A10BA02""]"
309695	"[""S01AA03"", ""S01BA01"", ""S01CB01"", ""S03AA01"", ""S03BA01""]"
630035	"[""C03CA01""]"
629979	"[""A01AA01"", ""A01AA04"", ""A12CD01""]"
647407	"[""R05CA03""]"
686441	"[""N05AX13""]"
701990	"[""S01XA20""]"
725094	"[""G03DA04""]"
799055	"[""N04BC04""]"
702016	"[""A11HA03""]"
672921	"[""C08CA05""]"
686420	"[""J01FA01""]"
695964	"[""A12AA04"", ""A11CC05""]"
751623	"[""C07AB12""]"
791880	"[""A02BC03""]"
860981	"[""A10BA02""]"
861436	"[""D07AD01""]"
863638	"[""G04BD04""]"
891812	"[""A11JB""]"
894757	"[""N06AA04""]"
966209	"[""H03AA01""]"
311931	"[""C05AA04"", ""D06AX04"", ""D07AA03"", ""D07XA02""]"
312593	"[""C02CA01""]"
688240	"[""G03CA57""]"
798118	"[""D10AF02""]"
755802	"[""C01CA26"", ""R03CA02"", ""R06AB04""]"
763469	"[""D10AE01""]"
861580	"[""N02AB02"", ""R06AD02""]"
896773	"[""C07AG01""]"
979444	"[""R03CB03""]"
990997	"[""S01EB05""]"
905532	"[""N05BA02""]"
308885	"[""V03AE07""]"
309690	"[""S01BA01"", ""S01CB01"", ""S03BA01""]"
312178	"[""M01AA03""]"
312841	"[""M01AH02""]"
309610	"[""A11DA01"", ""B03BA01""]"
199299	"[""A16AA01""]"
2045892	"[""G01AF04""]"
2054159	"[""L01EX08""]"
205562	"[""L01XX11""]"
207291	"[""A01AB17"", ""J01XD01"", ""P01AB01""]"
997605	"[""N06BX06""]"
347250	"[""V03AN01"", ""V03AN02""]"
351582	"[""C02AA04""]"
351988	"[""J01AA02""]"
904589	"[""C07AA07""]"
904934	"[""M05BA06""]"
966757	"[""S01KA02""]"
309269	"[""N02BA03""]"
864824	"[""N07BC02""]"
966248	"[""H03AA01""]"
207079	"[""G01AC01""]"
833038	"[""R03DA05""]"
668535	"[""R01BA02"", ""R06AB01""]"
727357	"[""C01EB10""]"
727360	"[""C01EB10""]"
730442	"[""N06AB04""]"
730947	"[""D02AE01""]"
749783	"[""J01FA10""]"
790436	"[""A02AA04""]"
866436	"[""C07AB02""]"
884211	"[""C02AC01"", ""C03BA04"", ""N02CX02""]"
886668	"[""C01BC04""]"
892345	"[""N02AA01""]"
967944	"[""D11AX18"", ""M02AA15""]"
904932	"[""M05BA06""]"
200329	"[""A02BC01""]"
754761	"[""J05AG04""]"
866449	"[""R05CA03""]"
880433	"[""C08CA05""]"
885219	"[""N04AC01""]"
897584	"[""C08DA01""]"
966198	"[""H03AA01""]"
991221	"[""C03AA01""]"
991557	"[""C09BA06""]"
993286	"[""D08AG03""]"
967558	"[""D02AB""]"
308905	"[""A02AC01"", ""A12AA04""]"
309013	"[""L01AD01""]"
310155	"[""J01FA01""]"
310226	"[""G03BA01"", ""G03CA01"", ""L02AA03""]"
311919	"[""A10BX03""]"
312719	"[""A06AB06""]"
1090000	"[""D08AC02""]"
198455	"[""A02AB01"", ""A02AB02""]"
204782	"[""A02AD02""]"
207078	"[""G01AC01""]"
995070	"[""R05DA04""]"
995274	"[""N05BB01""]"
998400	"[""R01BA03"", ""R05DA04"", ""R06AB02""]"
998530	"[""D01AC02""]"
999793	"[""A11CA01"", ""A11CC05""]"
313148	"[""D10AB02""]"
313482	"[""H02CA01""]"
313913	"[""A09AA01""]"
351855	"[""R06AX13""]"
371244	"[""V03AE04""]"
388525	"[""D05AX02""]"
801632	"[""A12CA01"", ""A12CC01"", ""B05CB01"", ""B05CX03"", ""B05XA03"", ""B05XA08"", ""B05XA11"", ""B05XB01"", ""B05XB03"", ""N06AX02"", ""V03AB26""]"
827406	"[""D02AE01""]"
831269	"[""A07EB01""]"
866094	"[""N05BE01""]"
899461	"[""N06BA11""]"
308210	"[""J01CA01""]"
308597	"[""N03AA02""]"
966247	"[""H03AA01""]"
312634	"[""N05AB04""]"
1087912	"[""D08AX08""]"
108958	"[""D05AX02""]"
199169	"[""M01AE03""]"
200033	"[""C07AG02""]"
2002800	"[""B05CB02""]"
2048025	"[""L03AA13""]"
205807	"[""J01CA01""]"
997493	"[""R06AX26""]"
998019	"[""S01KA02""]"
998256	"[""R01BA02"", ""R06AB04""]"
313036	"[""A01AA01""]"
313893	"[""J04BA01""]"
315186	"[""G01AX11""]"
315220	"[""D10AB02""]"
351127	"[""J01DD16""]"
363592	"[""J07AH04"", ""J07AH08""]"
998679	"[""C02AC01""]"
800925	"[""B05BB02"", ""B05XA08""]"
800976	"[""A12CA01"", ""B05CB01"", ""B05XA03"", ""B05XB03"", ""N06AX02"", ""V03AB26""]"
828555	"[""N02BE01""]"
829749	"[""A11CC05"", ""M01AX05""]"
830239	"[""J07BC01""]"
833532	"[""C01BD01""]"
834137	"[""A01AB03""]"
205911	"[""D01AA08"", ""D01BA01""]"
207358	"[""J01AA08""]"
362755	"[""J01CA12"", ""J01CG02""]"
314163	"[""A12BA01""]"
851749	"[""N03AX09""]"
855336	"[""B01AA03""]"
847365	"[""J01DD16""]"
208397	"[""G02AD02""]"
208812	"[""A07AA09"", ""J01XA01""]"
209278	"[""D06BA02""]"
209369	"[""N02BE01""]"
209628	"[""A07BC04""]"
210372	"[""A01AB11""]"
2105802	"[""J01CA04""]"
2106362	"[""A07AA13""]"
2108098	"[""D01AC02""]"
2109981	"[""M09AX01""]"
211677	"[""S01AA03"", ""S01AA18"", ""S01BA02"", ""S01CB03"", ""S03AA01"", ""S03AA03""]"
212844	"[""L04AD01""]"
213560	"[""C05AA05"", ""D07AC01"", ""D07XC01""]"
213818	"[""R03CC02""]"
2170993	"[""R03DX09""]"
2171132	"[""C05AD01"", ""D04AB01"", ""N01BB02""]"
2173855	"[""R05CA03"", ""R05DA09""]"
1091265	"[""N03AA02""]"
1091341	"[""N06BA04""]"
1094338	"[""R06AA02""]"
1094748	"[""D08AJ01"", ""D09AA11"", ""D08AJ08""]"
1099581	"[""R01BA02"", ""R06AX07"", ""R01BA52""]"
1099759	"[""N03AG01""]"
1112248	"[""R01BA02""]"
1119631	"[""B03AB02""]"
11253	"[""A11CC""]"
831259	"[""R03BC01""]"
2105803	"[""J01CA04""]"
211149	"[""A02BD"", ""A07BB""]"
211919	"[""J01DC02""]"
212265	"[""R02AD01""]"
213392	"[""J05AG03""]"
1098911	"[""R01BA02"", ""R05CA03"", ""R05DA09""]"
1116104	"[""C01CA26"", ""N03AA02"", ""R03CA02"", ""R03DA01"", ""R05CA03""]"
1190776	"[""A03BA01""]"
1192862	"[""S01KA01""]"
1234521	"[""R05FB02""]"
404472	"[""A02AD03""]"
406468	"[""V03AB03""]"
413250	"[""D08AE04""]"
484714	"[""N02BE01"", ""R01BA01"", ""R06AB04""]"
486515	"[""B05CB01""]"
546585	"[""A09AA01""]"
604381	"[""G03GA06""]"
616551	"[""A11CC05"", ""A12AA13""]"
858366	"[""S01BC05""]"
859017	"[""R01BA02"", ""R05DA03"", ""R06AB04""]"
859232	"[""R01BA03"", ""R05DA03"", ""R06AB04""]"
859230	"[""R01BA03"", ""R05DA03"", ""R06AB04""]"
860225	"[""L02AB01""]"
1001437	"[""N02BA51"", ""N06BC01""]"
1010688	"[""N01BB02""]"
1011458	"[""D08AJ06""]"
1011996	"[""C05AD01""]"
1012266	"[""A07EA02"", ""C05AA01"", ""C05AD01""]"
1014469	"[""N02BE01""]"
1037088	"[""R01BA01"", ""R06AB05"", ""R06AC01""]"
1044284	"[""C05AD03"", ""D04AB04""]"
1047922	"[""A03BA03""]"
1049374	"[""D09AA11""]"
105553	"[""L01AA02""]"
243328	"[""R03DA04"", ""R05CA03""]"
246830	"[""C01DB01""]"
250912	"[""D04AB01""]"
252463	"[""B03BB01""]"
252559	"[""R03BA02""]"
261339	"[""J01MA14""]"
261378	"[""A12AA04""]"
308072	"[""A02AD03""]"
1659167	"[""C10AX14""]"
1098618	"[""L02BG03""]"
1190611	"[""A03BA01""]"
404443	"[""N02CC06""]"
476322	"[""J01DC04""]"
857730	"[""R01BA02"", ""R05CA03"", ""R05DA03"", ""R06AB04""]"
859072	"[""R05CA09"", ""R05DA03""]"
859757	"[""C10AA07""]"
1005928	"[""G03AD02""]"
1006686	"[""D10AF06"", ""D10AB02""]"
1085642	"[""C05AA12"", ""D07AB09"", ""D07XB02""]"
238031	"[""C05AD05"", ""N01BA02""]"
242671	"[""J04AB05""]"
245768	"[""A06AC01""]"
248160	"[""A07BC04""]"
1039026	"[""D08AJ08""]"
1670199	"[""N03AB05""]"
1672917	"[""N01BB01"", ""N01BB51""]"
211316	"[""N01BA05""]"
616401	"[""R01BA03"", ""R05CA03""]"
311991	"[""J01XE01""]"
198627	"[""B03AA03""]"
199010	"[""A12CC05""]"
1999187	"[""C02DD01""]"
205821	"[""L01XA01""]"
207209	"[""J01MA01""]"
199364	"[""B03BA01""]"
313328	"[""A11DA01""]"
314259	"[""N01AF03""]"
351330	"[""D10AF01""]"
404167	"[""A07BC04""]"
807347	"[""J01MA13""]"
803353	"[""A08AA01""]"
827671	"[""D02AX"", ""D10AX02""]"
828365	"[""C05AD07""]"
830648	"[""D10AD03""]"
830883	"[""C08DB01""]"
831870	"[""J05AE10""]"
835564	"[""N06AA02""]"
845479	"[""N03AX11""]"
312287	"[""N02AD01"", ""N02BA01""]"
352218	"[""J02AC03""]"
314268	"[""D05AX05""]"
854142	"[""N02AX06""]"
854908	"[""C07BB07""]"
855191	"[""G04BD07""]"
856483	"[""C07AA05""]"
857155	"[""N02BE01"", ""R05DA03""]"
857732	"[""R01BA02"", ""R05CA03"", ""R05DA03"", ""R06AB04""]"
208061	"[""N02BA06""]"
208232	"[""R03DA04""]"
208482	"[""D10AE01""]"
208940	"[""A12BA01""]"
210046	"[""A02AD01"", ""A03AX13""]"
2106373	"[""V03AF04""]"
210632	"[""P03AC01""]"
2118449	"[""J01XA01""]"
2119481	"[""R06AE07""]"
211965	"[""B03BA01""]"
2122369	"[""R05DA09""]"
213043	"[""D02AE01""]"
213163	"[""R05CA03""]"
213319	"[""C10AA01""]"
213621	"[""S01AA30""]"
2168540	"[""N07XX08""]"
226922	"[""G04BE01""]"
211334	"[""N02BA01"", ""N06BC01""]"
237166	"[""C01AA05""]"
1091331	"[""R05CA03"", ""R05DA09""]"
1093289	"[""D02AE01""]"
1094744	"[""D10AE01""]"
1098134	"[""C10AD02""]"
1098610	"[""N03AX09""]"
1099577	"[""R01BA02"", ""R06AX07"", ""R01BA52""]"
1101448	"[""R06AA09""]"
312282	"[""A06AD14"", ""C01DA05""]"
1087607	"[""N02BE01""]"
198284	"[""C07AA06""]"
1999991	"[""A02AA02"", ""A06AD02"", ""A12CC10"", ""A02AA04""]"
207677	"[""R01BA01""]"
205878	"[""A01AD01"", ""B02BC09"", ""C01CA24"", ""R03AA01""]"
999657	"[""V03AN01"", ""V03AN03""]"
313742	"[""P03AX06""]"
313950	"[""A11HA30""]"
314132	"[""C08CA05""]"
315145	"[""G03AC01"", ""G03DC02""]"
317160	"[""L01AX03""]"
349197	"[""N03AE01""]"
349407	"[""B01AC21""]"
351583	"[""C02AA04""]"
352047	"[""B03XA02""]"
393245	"[""C01AA05""]"
403914	"[""A03BB03""]"
808502	"[""D02AA""]"
809819	"[""V03AB54""]"
831302	"[""C05AE03"", ""C08DB01""]"
831323	"[""C08DB01""]"
834198	"[""D08AC02""]"
206589	"[""L01XX10""]"
207073	"[""D05AD02"", ""D05BA02""]"
351958	"[""D10AE01"", ""D10AF01""]"
404062	"[""D10BA01""]"
847360	"[""J01DD16""]"
848330	"[""G03CA03""]"
856698	"[""M03CA01""]"
857538	"[""N02BE01"", ""R05DA03""]"
858664	"[""R02AD01""]"
854236	"[""B01AB05""]"
855346	"[""B01AA03""]"
858140	"[""A07EA07""]"
208118	"[""D01AC09""]"
208181	"[""R03DA04""]"
208314	"[""P02CA02""]"
208325	"[""V03AB09""]"
208579	"[""N05AA05""]"
208953	"[""A12BA01""]"
2104345	"[""D08AJ08""]"
2117876	"[""M03AX01""]"
213082	"[""D10AF51""]"
213332	"[""L03AB05""]"
2172190	"[""R05CA03"", ""R05DA09""]"
2174513	"[""R01BA01"", ""R05DA09"", ""R06AB01""]"
1093085	"[""N02BE01"", ""R06AA02""]"
1093113	"[""R06AA02""]"
1093222	"[""D04AA32""]"
1098672	"[""N06AX06""]"
1099916	"[""N06BX06""]"
1101620	"[""J01EB03""]"
1101785	"[""D01AE18""]"
1101867	"[""D11AX12""]"
1114060	"[""N05AA04""]"
1114202	"[""B01AF01""]"
1119551	"[""C05CA03""]"
1145605	"[""R01BA01"", ""R06AB04""]"
1146715	"[""D01AE12""]"
1191026	"[""S01HA04""]"
1193345	"[""L01EJ01""]"
1233282	"[""D08AJ01""]"
430249	"[""B03AA07""]"
476351	"[""C10BA02""]"
485496	"[""N05AX12""]"
486510	"[""V03AF08""]"
544597	"[""R05CA02""]"
577181	"[""A06AC01""]"
583239	"[""N06AA10""]"
604597	"[""D02AE01""]"
858819	"[""C09AA02""]"
860256	"[""R05CA03"", ""R05DA03""]"
1000056	"[""N06AA12""]"
1000858	"[""D10AB02"", ""D10AF06""]"
1010044	"[""G03BA03""]"
1020119	"[""D08AX05""]"
102376	"[""C10AX01""]"
1039073	"[""R02AD01""]"
1040012	"[""J01DI02""]"
1046263	"[""S01GA01""]"
1046301	"[""S01AA11"", ""S03AA06""]"
1053323	"[""D10AB02""]"
1053330	"[""D10AB02""]"
1053749	"[""A01AA04""]"
1085758	"[""C05AA12"", ""D07AB09"", ""D07XB02""]"
1086030	"[""A01AC01"", ""C05AA12"", ""H02AB08"", ""R03BA06""]"
238920	"[""D07AC01""]"
239204	"[""J01GB03""]"
259752	"[""A03AX10""]"
261167	"[""D01AC01""]"
282460	"[""N05CA06""]"
282836	"[""A11JC""]"
283485	"[""N06AX11""]"
284051	"[""A02AC01"", ""A12AA04""]"
1654630	"[""L03AX13""]"
1666837	"[""N02AB03""]"
1667915	"[""C01CA02""]"
1670192	"[""B02BA01""]"
1718990	"[""A06AD65""]"
1733890	"[""N01BB02""]"
1737453	"[""M05BA03""]"
2176259	"[""N02BA51""]"
1099569	"[""N03AG01""]"
1235133	"[""D04AB01""]"
1044258	"[""S01GA01""]"
261317	"[""L02BG06""]"
1673073	"[""A12CC04""]"
1731991	"[""N02AA01""]"
485423	"[""G04BD10""]"
308048	"[""N05BA12""]"
1190694	"[""A03BA01""]"
1191686	"[""H02AB06""]"
1232711	"[""S01GA02""]"
1233607	"[""A12AX""]"
411877	"[""A12CC10""]"
419849	"[""J01DD08""]"
476362	"[""A07EC02""]"
543816	"[""N01BA05""]"
562366	"[""N01AB07""]"
562790	"[""N06AB05""]"
597974	"[""C10BX03""]"
605320	"[""A07FA02""]"
616159	"[""V03AC03""]"
1000686	"[""S01AB04""]"
1000876	"[""S01EB01""]"
1001593	"[""B02BC06""]"
1046654	"[""S01GA51""]"
1048411	"[""A03BA03""]"
1049653	"[""N02AJ17""]"
1050076	"[""R06AA02""]"
244128	"[""C05BB03""]"
261135	"[""N06AX11""]"
261380	"[""D04AB04""]"
307682	"[""N02BE01""]"
1721558	"[""D01AE15"", ""D01BA02"", ""D07AC13"", ""R03BA07""]"
1731101	"[""N02BE01""]"
1735062	"[""N01AH01"", ""N02AB03""]"
259966	"[""H02AB04""]"
209703	"[""A06AC01""]"
2123151	"[""G03AD01""]"
1099871	"[""N03AG01""]"
1150969	"[""D08AE04""]"
1232397	"[""J01CE08"", ""J01CE09""]"
541953	"[""J01AA02""]"
860535	"[""C07AG02""]"
1000649	"[""S01EB01""]"
1001025	"[""S01EB01""]"
1046779	"[""N02BE01""]"
239998	"[""B03XA01""]"
260481	"[""A11HA03""]"
261134	"[""L04AD02""]"
1657660	"[""L01FE01""]"
1657664	"[""L01FE01""]"
1657749	"[""L01FF02""]"
1666385	"[""N07BC51""]"
1012963	"[""R01BA03"", ""R06AA08""]"
1115012	"[""N02BF01""]"
309593	"[""B03BA01""]"
312481	"[""C02LE01""]"
309150	"[""A07BA01""]"
198482	"[""A07BC04""]"
198710	"[""A11HA07"", ""C04AC03""]"
199246	"[""A10BB12""]"
201569	"[""R06AX09""]"
205830	"[""A10BB07""]"
995224	"[""N05BB01""]"
997625	"[""N01AB08""]"
998607	"[""R05DA09""]"
317136	"[""N06AA10""]"
388052	"[""S01AD09""]"
402091	"[""L01EB01""]"
352183	"[""D02AE01""]"
801925	"[""V07AB""]"
804374	"[""S01XA20""]"
807834	"[""N03AX14""]"
1995461	"[""N06BA04""]"
808085	"[""B03AE10""]"
831877	"[""A01AA01""]"
834095	"[""J01CE02""]"
850091	"[""N03AX09""]"
855330	"[""B01AA03""]"
856621	"[""N05AB04""]"
1093160	"[""D11AX11""]"
1094160	"[""G04BX06""]"
1095588	"[""A06AC01""]"
1095712	"[""J05AG01""]"
1099503	"[""S01BA14""]"
1099684	"[""R06AX07""]"
1099896	"[""M02AC""]"
1150286	"[""A06AC01""]"
1150812	"[""D08AE05""]"
1191032	"[""S01HA04""]"
1235150	"[""C09DA09""]"
1235591	"[""J05AJ01""]"
207478	"[""N03AA03""]"
208063	"[""N02BA06""]"
210299	"[""A03AX13""]"
210519	"[""D01AE11""]"
210574	"[""B03AA02""]"
210814	"[""R05FB02""]"
211337	"[""N02BA01"", ""N06BC01""]"
211961	"[""M01AE03""]"
2122273	"[""J07BD01""]"
213622	"[""S01AA18"", ""S01AA32""]"
403941	"[""R01BA03"", ""R05CA03"", ""R06AC01""]"
427163	"[""P01AX11""]"
483425	"[""C10AB05""]"
486499	"[""A02BC05""]"
543460	"[""D02AX""]"
857395	"[""N04AA02""]"
858320	"[""D02AA""]"
858941	"[""R05CA09"", ""R05DA03""]"
860109	"[""S01BC05""]"
1012084	"[""S01AB04"", ""S01BA04""]"
1038965	"[""D08AE05""]"
1045424	"[""D08AJ08""]"
1049111	"[""D08AJ08""]"
1085728	"[""A01AC01""]"
240488	"[""A12CC03""]"
242960	"[""A06AX01""]"
248109	"[""J05AP01""]"
248332	"[""D02AX""]"
253010	"[""V03AB08""]"
261302	"[""A04AA01""]"
1663455	"[""M02AB01""]"
1665052	"[""J01DB04""]"
1148631	"[""N02BE01""]"
208215	"[""V03AB25""]"
210997	"[""A06AB04""]"
211804	"[""A01AA01"", ""A12CD01""]"
544550	"[""G04BC""]"
857700	"[""M02AA15""]"
103968	"[""N03AX09""]"
1046700	"[""S01GA01""]"
1049299	"[""A07BC04""]"
1053258	"[""R01BA53""]"
244368	"[""D10AB02""]"
245255	"[""L01BC01""]"
251400	"[""D11AF""]"
284441	"[""H01CC02""]"
1657658	"[""L01FE01""]"
1663733	"[""D02AB""]"
1663728	"[""D10BA01""]"
616465	"[""D02AE01""]"
1726660	"[""S01KA02""]"
104121	"[""A07EC01""]"
1738139	"[""N02BE01""]"
1789470	"[""D01AE12""]"
1790684	"[""D07AA02""]"
1791612	"[""A06AB06""]"
1792713	"[""A07BC02""]"
1795473	"[""B05BB02""]"
1797917	"[""R01AD01""]"
1807548	"[""B05XA03""]"
1809535	"[""B06AA03""]"
1809845	"[""D07AA02""]"
1870650	"[""J01GB03""]"
1923481	"[""R02AD01""]"
1236459	"[""N02BE01"", ""R01BA02"", ""R06AA09""]"
1245466	"[""R06AA02""]"
1251345	"[""R06AA02""]"
1251416	"[""D08AX08""]"
1291375	"[""R02AA06""]"
1293320	"[""A03BA01"", ""A03BA03"", ""G04BX12"", ""J01XX05"", ""V03AB17"", ""V04CG05""]"
1294034	"[""D04AB07""]"
1294015	"[""N02BE01"", ""R01BA02"", ""R06AB01""]"
1297288	"[""N02BE01"", ""R05DA09"", ""R06AA09""]"
1298293	"[""A11CA01"", ""A11CC01"", ""A11DA01"", ""A11GA01"", ""A11HA02"", ""A11HA03"", ""A11HA04"", ""B03BA01"", ""B03BB01""]"
1298799	"[""C04AA01""]"
1298751	"[""R01BA02"", ""R06AB04""]"
1300105	"[""R01BA02"", ""R06AB01""]"
1301694	"[""D07AC21"", ""G01AD01""]"
1303159	"[""N02BE01""]"
1307635	"[""L01EA04""]"
1310823	"[""P03AX05""]"
1314479	"[""D01AE12""]"
1356572	"[""N03AX22""]"
1357395	"[""R06AB01""]"
1358734	"[""R01BA01"", ""R05CA03""]"
1358853	"[""N02BE01""]"
1362815	"[""R01BA02"", ""R06AB04""]"
1370205	"[""R05CA03"", ""R05DA09""]"
1370739	"[""D08AG03""]"
1373489	"[""L04AX07""]"
141850	"[""D07AC03""]"
1424375	"[""N02BE01"", ""R01BA02"", ""R05DA09""]"
1425114	"[""L01EE01""]"
1426687	"[""R02AA06""]"
197678	"[""N05CM08""]"
197970	"[""H02AB04""]"
198038	"[""C01DA02""]"
1430383	"[""G03AC01""]"
1432508	"[""N02BE01"", ""R05DA09"", ""R06AB04""]"
1435490	"[""R02AD01""]"
1437782	"[""A03AX10"", ""N02BE01"", ""N05CC04""]"
1483624	"[""A03BA03"", ""G04BX12"", ""J01XX05"", ""V03AB17"", ""V04CG05""]"
1484770	"[""D01AC08"", ""D08AC02""]"
1488624	"[""A02AH""]"
1493162	"[""D08AJ01""]"
150721	"[""B01AB09""]"
1536993	"[""R01BA53""]"
1543437	"[""C05AD03"", ""D04AB04"", ""D08AJ01"", ""D08AJ08"", ""R02AA16"", ""R02AD01""]"
1545159	"[""A10BD16""]"
1551493	"[""D06AX07"", ""D07AC01""]"
1600382	"[""L01BC02""]"
1650142	"[""J01AA02""]"
1600611	"[""D04AB01"", ""M02AC""]"
1791498	"[""L01DB06""]"
1795147	"[""B05BB01""]"
1797833	"[""R01AX03""]"
1797921	"[""R01AD01""]"
1804758	"[""A16AB04""]"
1806185	"[""N06BA04""]"
1807459	"[""N05BA01""]"
1858971	"[""N06DA52""]"
1946772	"[""L01BA01""]"
197428	"[""N02BE01""]"
1235731	"[""A02AC01"", ""A12AA04""]"
1242002	"[""R01BA02"", ""R05DA09"", ""R06AB01""]"
1242558	"[""R01BA02"", ""R05DA04"", ""R06AE04""]"
1242700	"[""R05FB02""]"
1244573	"[""A03BB03"", ""R06AB04""]"
1248829	"[""B03XA04""]"
1250282	"[""A02AD03""]"
1250559	"[""D01AE04""]"
1251348	"[""A07BA01""]"
1298439	"[""R01BA02"", ""R05CA03""]"
1298818	"[""N05AE02""]"
1299978	"[""N03AG06""]"
1299967	"[""N03AG06""]"
1300203	"[""R01BA02"", ""R06AB01""]"
1314474	"[""D01AC02""]"
1360011	"[""C01CA06"", ""C05AX06"", ""R01BA03""]"
1362918	"[""R01BA02"", ""R06AB04""]"
1363752	"[""R05DA09"", ""R06AB04""]"
1366630	"[""D04AB04""]"
1369972	"[""R05DB10""]"
1372304	"[""D01AE12""]"
1423838	"[""D01AE12""]"
1428880	"[""N02BE01"", ""R05DA09""]"
1430403	"[""R01BA02"", ""R05CA03"", ""R05DA09""]"
1436245	"[""N03AX11""]"
1423795	"[""R01BA02"", ""R05CA03"", ""R05DA09""]"
197510	"[""J01MB06""]"
197913	"[""A08AA05""]"
198032	"[""C08CA05""]"
198145	"[""H02AB07""]"
1482684	"[""D01AC18""]"
1486136	"[""P03AX05""]"
1486837	"[""N01AX03""]"
1495188	"[""C05AD07"", ""D04AB07""]"
1535965	"[""R01BA02"", ""R05CA03"", ""R05DA09""]"
1536148	"[""R03BA07""]"
1541218	"[""L04AX03""]"
1544386	"[""L04AX03""]"
1546589	"[""D02AB""]"
1547771	"[""S01HA03""]"
1549559	"[""R06AA02""]"
1551306	"[""A10BJ05""]"
1551888	"[""L04AB04""]"
1595448	"[""D04AB01""]"
1595742	"[""R05DA03""]"
1305892	"[""B02BC30""]"
1357416	"[""A02AC01"", ""A12AA04""]"
1732161	"[""M03AX01""]"
1736786	"[""L01XA03""]"
1737582	"[""J01FF01""]"
1738803	"[""N06AB05""]"
1738804	"[""N06AB05""]"
1741759	"[""B05AA01""]"
1790890	"[""N06AX26""]"
1791854	"[""C01CE02""]"
1795585	"[""R05CA03"", ""R05DA09"", ""R06AA09""]"
1804737	"[""B01AE03""]"
1805012	"[""L01AA09""]"
1807508	"[""J01XA01""]"
1809029	"[""A11JA""]"
1855524	"[""L04AB04""]"
1858561	"[""V03AF04""]"
1864326	"[""L04AC08""]"
1923425	"[""C07AA07""]"
1941643	"[""D11AF""]"
1944535	"[""N02AA05""]"
1234995	"[""M03AC09""]"
1241785	"[""A11HA02"", ""N05CH01""]"
1245738	"[""R06AA08""]"
1249602	"[""J01CE01""]"
1291447	"[""D08AE05""]"
1294609	"[""N02BE01""]"
1300006	"[""D10BA01""]"
1308005	"[""R05FB02""]"
1308456	"[""R01BA02"", ""R05CA03""]"
1310144	"[""L01EG02""]"
1357905	"[""R05CA03"", ""R05DA09""]"
1359455	"[""N02BE01"", ""R05DA09""]"
1359499	"[""R03BA07""]"
1359543	"[""G03CA03""]"
1361201	"[""A07BC02""]"
1422080	"[""D04AB01""]"
1422184	"[""D08AG03""]"
1423307	"[""R05DA09""]"
1424244	"[""D08AG03""]"
1426278	"[""D08AA03""]"
197449	"[""J01DC04""]"
197904	"[""C10AA02""]"
1441364	"[""R05FB02""]"
1483340	"[""A12BA01""]"
1483574	"[""A06AA02""]"
1492682	"[""P02CF01""]"
151100	"[""S01EC03""]"
153843	"[""A10BB12""]"
1539953	"[""G03AC01""]"
1548724	"[""S01BA04""]"
1597124	"[""G03BA03""]"
1597119	"[""C01EB16"", ""G02CC01"", ""M01AE01"", ""M01AX05"", ""M01AX25"", ""R02AX02""]"
198141	"[""C02CA01""]"
1741765	"[""B05AA01""]"
1741767	"[""B05AA01""]"
1742029	"[""B05AA01""]"
1742396	"[""B05AA01""]"
1790379	"[""J06BB01""]"
1792490	"[""B03XA03""]"
1812099	"[""L01DB02""]"
1870935	"[""A06AH04"", ""V03AB15""]"
197573	"[""D07AC03""]"
197690	"[""A02BA03""]"
1236277	"[""S01XA20""]"
1243346	"[""J05AF07""]"
1248156	"[""A06AA02"", ""A06AB04""]"
1248839	"[""B03XA04""]"
1250091	"[""N05CD08""]"
1250544	"[""N02BE01""]"
1294347	"[""C05AD07"", ""D04AB07""]"
1294364	"[""D08AE05"", ""S02BA01""]"
1305676	"[""R01BA02"", ""R05DB05""]"
1358627	"[""R05CA03""]"
1360504	"[""N02AE01""]"
1361569	"[""G03GA06""]"
1421001	"[""A09AA01""]"
1421643	"[""D08AE03""]"
1427393	"[""H03AA01""]"
198102	"[""B02BA01""]"
198198	"[""C02AA02"", ""C03AA05""]"
1439784	"[""D10AE01""]"
1483143	"[""D02AX""]"
1483746	"[""N07BB04""]"
1485605	"[""R05CA03""]"
1486572	"[""A01AA01"", ""A12CD01""]"
1492678	"[""P02CF01""]"
1536675	"[""N02BA01""]"
1539955	"[""G03AC01""]"
197574	"[""D07AC03""]"
1604350	"[""L01EX08""]"
1651332	"[""D07AA02"", ""D10AD01""]"
1483774	"[""N07BB04""]"
1241471	"[""S01XA20""]"
1311662	"[""D02AX""]"
1428983	"[""R06AE07""]"
1549694	"[""B06AA03""]"
1600695	"[""N06BA01""]"
1649429	"[""J01AA02""]"
1808217	"[""N01AX10""]"
1299020	"[""R01BA02""]"
1437280	"[""N03AX11""]"
1601394	"[""L01EF01""]"
1649996	"[""L03AB07""]"
1866551	"[""N02AF02""]"
1304988	"[""G03AA07""]"
152933	"[""C08CA02""]"
618370	"[""G03CA57""]"
630182	"[""A01AA04""]"
647681	"[""B03AA07""]"
705836	"[""D01AE12""]"
749871	"[""G03FA01""]"
701709	"[""R03DA04""]"
727574	"[""C03CA01""]"
686385	"[""J01EB05"", ""J01FA01""]"
725826	"[""R05CA09"", ""R05DA09""]"
730918	"[""M03BA02""]"
749880	"[""G03AA05""]"
750139	"[""S01XA03""]"
756089	"[""R01BA02"", ""R05CA03""]"
762816	"[""R01BA03""]"
763632	"[""A06AB02"", ""A06AD17""]"
797951	"[""D01AE12""]"
794012	"[""G02CC02"", ""M01AE02""]"
860903	"[""N06DA04""]"
895237	"[""N02AA01""]"
94348	"[""D07AC03""]"
896130	"[""A11HA03""]"
309916	"[""D02AA""]"
312648	"[""N05AA03""]"
731566	"[""J01CE08""]"
861434	"[""D07AD01""]"
861583	"[""A02BC05""]"
897294	"[""S01GX04""]"
899660	"[""C01DA02""]"
991606	"[""S01EB02""]"
992679	"[""A03BB06"", ""R05DA03""]"
308966	"[""S01EB02""]"
309871	"[""J05AF02""]"
309886	"[""C01AA04""]"
309897	"[""A11CC02""]"
310132	"[""C01CA24""]"
311075	"[""L03AB05""]"
1087335	"[""A02AA02"", ""A06AD02"", ""A11HA02"", ""A12CC10"", ""B03BA03"", ""B03BB01"", ""V03AB33""]"
198477	"[""N02BA01""]"
2001351	"[""G03AC03""]"
2045382	"[""R03BA09""]"
204647	"[""A12AA01""]"
206324	"[""D07AA02""]"
998541	"[""G01AF04""]"
312988	"[""R01AX""]"
351987	"[""H01AC04"", ""V04CD03""]"
895264	"[""R05CA03"", ""R05DB05""]"
755526	"[""A11GA01""]"
792582	"[""B05XA02""]"
722122	"[""C02KX02""]"
92583	"[""D07AC13""]"
312281	"[""A06AD14"", ""C01DA05""]"
750187	"[""S01AA03"", ""S01AA18"", ""S01AA32""]"
864749	"[""N07BC02""]"
900528	"[""N02BA51""]"
308282	"[""N02BA05"", ""N02BE01"", ""R01BA03"", ""R06AB04""]"
308305	"[""N02BE01"", ""R01BA03"", ""R06AB04"", ""R06AC01""]"
309714	"[""S01XA20""]"
311918	"[""N02CC02""]"
312233	"[""N03AC01""]"
312564	"[""D08AG02""]"
199997	"[""J01MA09""]"
2047428	"[""N02BE01""]"
206403	"[""C02CC02"", ""C03AA03""]"
998463	"[""D01AC02""]"
313850	"[""J01CA04""]"
314146	"[""G03AA06""]"
359228	"[""L04AX01""]"
801648	"[""B05BA01""]"
991037	"[""C05AD03"", ""D04AB04"", ""N01BA05"", ""R02AD01""]"
751608	"[""A09AA01""]"
901833	"[""D08AC02""]"
966566	"[""R03BA01""]"
966920	"[""A06AD65""]"
903694	"[""H03AA02""]"
311888	"[""S01CA02""]"
312517	"[""A12BA01""]"
1089863	"[""A09AA01""]"
1090684	"[""B03AA03""]"
310692	"[""V03AN01"", ""V03AN03""]"
198261	"[""R03DA04""]"
313341	"[""N01AF03"", ""N05CA19""]"
313364	"[""N05AF04""]"
315002	"[""D08AE05"", ""S02BA01""]"
881399	"[""R05CA03""]"
991007	"[""A01AA01""]"
617451	"[""D08AE05""]"
618376	"[""G03CA57""]"
656719	"[""R05CA03""]"
637365	"[""A01AA01""]"
644112	"[""C10BA01""]"
688507	"[""G03CA03""]"
692774	"[""R01BA03"", ""R05DB05""]"
688647	"[""C02AB01"", ""C03AA03""]"
792051	"[""M02AB01""]"
792049	"[""A12AA13""]"
882506	"[""R06AA02""]"
897747	"[""N02AA03""]"
977885	"[""C03EA01""]"
979468	"[""C09DA01""]"
993856	"[""N03AX18""]"
308920	"[""D08AG03""]"
793741	"[""V03AE01""]"
860943	"[""C05AD03""]"
861432	"[""C01BC03""]"
861689	"[""J01CR02""]"
866353	"[""S01GX08""]"
898366	"[""C09BA07""]"
905150	"[""J01GB06""]"
977998	"[""A07DA03""]"
993552	"[""N06AX12""]"
995218	"[""N05BB01""]"
308223	"[""A09AA01""]"
308225	"[""A09AA01""]"
309027	"[""A06AB07""]"
309308	"[""J01MA02""]"
309869	"[""J05AF02""]"
312023	"[""N01AX13""]"
312104	"[""A03DB""]"
312308	"[""N04BC02""]"
312840	"[""N02CC04""]"
200236	"[""B01AD05"", ""B06AA10""]"
2053927	"[""V03AE10""]"
2057216	"[""L03AA02""]"
205834	"[""J01CA01""]"
997501	"[""R06AX26""]"
998471	"[""D01AC02""]"
313638	"[""A11CA01""]"
351297	"[""A10AB05"", ""A10AD05""]"
351878	"[""J06BB01""]"
809533	"[""A12AX""]"
750211	"[""C10BX03""]"
990999	"[""S01EB05""]"
994089	"[""G01AF15""]"
310322	"[""B03AA07""]"
978006	"[""A07DA03""]"
311977	"[""C04AC02"", ""C10AD05""]"
310655	"[""R01BA02"", ""R05CA03""]"
311613	"[""J01XX05""]"
198725	"[""A09AA04""]"
199387	"[""N05AX08""]"
204154	"[""C03CA01""]"
313102	"[""A01AA04""]"
313222	"[""D01BA02""]"
349420	"[""R06AX27""]"
806717	"[""B05CB01"", ""B05XA03""]"
807728	"[""A09AA01""]"
897739	"[""N02AA03""]"
876528	"[""C09DB04""]"
309680	"[""S01CA01""]"
637540	"[""N02AJ18""]"
643496	"[""A02AD01""]"
706868	"[""S01AA26""]"
692658	"[""A03BB03"", ""R01BA03"", ""R06AB02""]"
656498	"[""B03BA01"", ""B03BB01""]"
726746	"[""B03BA01"", ""B03BB01""]"
745505	"[""J01CE01""]"
756277	"[""R05DA04"", ""R06AB04""]"
701627	"[""A11CB""]"
762007	"[""G03AA05""]"
793873	"[""C01DA08""]"
861983	"[""H02CA01""]"
864755	"[""N07BC02""]"
883810	"[""D10AE01""]"
898418	"[""D07AC07""]"
901478	"[""C01DA14""]"
308304	"[""N02BE01"", ""R01BA03"", ""R06AB04""]"
310757	"[""B05AA07""]"
877513	"[""L01XH02""]"
884227	"[""C02AC01"", ""N02CX02""]"
889614	"[""A03CA02""]"
898361	"[""C09BB13""]"
901824	"[""P02BA01"", ""P02CC01""]"
904605	"[""C07AA07""]"
905225	"[""C02DB02""]"
966609	"[""D07AC10""]"
979424	"[""A12CC05""]"
862013	"[""C02AC02""]"
901296	"[""A01AA01""]"
309072	"[""J01DC01""]"
310362	"[""D07AC08""]"
311896	"[""J01CF06""]"
312133	"[""N05BA04""]"
312323	"[""N05AB03""]"
312526	"[""A12BA01""]"
1086723	"[""R01BA53""]"
198604	"[""D02AA""]"
204426	"[""S01FA06""]"
2047875	"[""D02AX""]"
206337	"[""S01GX02""]"
996209	"[""S01GA02""]"
314135	"[""N02CC02""]"
314210	"[""M01AH02""]"
351993	"[""G03GA05""]"
359932	"[""R01BA03"", ""R05CA03""]"
352118	"[""G04CB02""]"
800644	"[""B05BB02""]"
807805	"[""A11GA01""]"
830530	"[""B01AC06"", ""N02BA01""]"
308713	"[""D07AC01""]"
308759	"[""A07BC04""]"
1090476	"[""N02BE01"", ""R01BA02"", ""R05CA03"", ""R05DA09""]"
318272	"[""B01AC06""]"
372184	"[""B03AA07""]"
308135	"[""C08CA01""]"
618654	"[""A12AA13""]"
749860	"[""G03AA11""]"
702631	"[""A11HA03""]"
750268	"[""G03AA07""]"
706827	"[""N05AX08""]"
686352	"[""J01FA01""]"
701712	"[""R03DA04""]"
723520	"[""R01BA03"", ""R06AB02""]"
727147	"[""D01AE13""]"
749872	"[""G03FA01""]"
758555	"[""J05AG04""]"
896192	"[""R03AK06""]"
898719	"[""C09AA07""]"
308233	"[""A09AA01""]"
729931	"[""N06AX16""]"
763472	"[""G04BE01""]"
860945	"[""C05AD03""]"
864650	"[""S01AD09""]"
883358	"[""D05AX03""]"
891874	"[""N02AA01""]"
903891	"[""N06AB08""]"
966216	"[""H03AA01""]"
991184	"[""N05AA01""]"
310352	"[""J02AC01""]"
310606	"[""R03DA02"", ""R05CA03""]"
310650	"[""R05CA03""]"
311723	"[""D11AX01""]"
312013	"[""C01DA02""]"
312021	"[""C01DA02"", ""C05AE01""]"
312363	"[""N03AA02""]"
312542	"[""R05CA02"", ""V03AB21""]"
108828	"[""L02BB03""]"
1988311	"[""C08DB01""]"
199596	"[""G04BE01""]"
205480	"[""C02AA05"", ""C03AA08""]"
206347	"[""D07AA02""]"
995195	"[""A06AA01"", ""C05AD07""]"
997523	"[""N02BA01"", ""N06BC01"", ""N02AA59""]"
998183	"[""R01BA03"", ""R05DA04"", ""R06AA02""]"
999703	"[""A11GA01"", ""B03BA01"", ""B03BB01""]"
312880	"[""D11AF""]"
313263	"[""R03DA04""]"
359939	"[""R01BA03"", ""R05CA03""]"
378788	"[""G03FA12""]"
801168	"[""A11HA02"", ""B03BA01""]"
762598	"[""J07AP01""]"
889616	"[""A03CA02""]"
903309	"[""H03AA02""]"
899485	"[""N06BA11""]"
308368	"[""N02BA51""]"
309004	"[""V03AN02""]"
311959	"[""C10AD02""]"
2003255	"[""J05AR12""]"
312439	"[""N05AG02""]"
198321	"[""C02AA02"", ""C03AA06""]"
198333	"[""J01EA01""]"
1999037	"[""C07AB02""]"
201262	"[""C03BA04""]"
202020	"[""G01AX11""]"
2048956	"[""M02AC""]"
206274	"[""N05AH01""]"
206554	"[""J01DD07""]"
207269	"[""J07AH04"", ""J07AH08""]"
996231	"[""D01AC01""]"
996776	"[""R05DA04""]"
313823	"[""B01AD03""]"
314081	"[""A02AD02""]"
314929	"[""C01CA26"", ""R03CA02"", ""R05CA03"", ""R06AB04""]"
348603	"[""V03AN01"", ""V03AN03"", ""V03AN04""]"
351246	"[""R03DC03""]"
314903	"[""N02BA05"", ""N02BE01"", ""N06BC01"", ""R05DA04""]"
800400	"[""B05CX03"", ""B05XB03"", ""N06AX02"", ""V03AB26""]"
807277	"[""J07AM01""]"
835721	"[""J04AD03""]"
348689	"[""B03AE01""]"
849612	"[""B03AE""]"
854848	"[""N06BA12""]"
854844	"[""N06BA12""]"
855859	"[""N03AB02""]"
857164	"[""N02BE01"", ""R05DA03""]"
207934	"[""L02AA04""]"
208423	"[""S01KA01""]"
208465	"[""N05CD07""]"
208495	"[""N05AF04""]"
208593	"[""S01CA01""]"
208683	"[""D06AX04"", ""D07AB19""]"
209070	"[""B03BA01""]"
209102	"[""G04BE04""]"
209283	"[""G01AG02""]"
210718	"[""R05DA09""]"
210961	"[""A12CC10""]"
211100	"[""D08AG02""]"
2118835	"[""H02AB02""]"
2122356	"[""R05FB02""]"
2122900	"[""R01BA03"", ""R05CA03"", ""R05DA03""]"
213273	"[""A12CC03""]"
2173828	"[""R01BA01"", ""R05CA03"", ""R05DA09""]"
1094059	"[""R06AA02""]"
1094724	"[""D08AX08""]"
1094831	"[""D04AB01""]"
1098151	"[""D10AE01""]"
1099658	"[""N03AG01""]"
1099668	"[""R01BA02""]"
1099634	"[""R05CA03""]"
1100690	"[""G03DA03""]"
1100894	"[""A12AX""]"
1101469	"[""M01AB08""]"
1111766	"[""R05DA09""]"
1112448	"[""D11AX11""]"
1115800	"[""A11JB""]"
1116183	"[""B03AE04""]"
1116547	"[""V07AB""]"
1147795	"[""N02BE01"", ""R01BA02"", ""R05DA09"", ""R06AB04""]"
213345	"[""N06AB04""]"
1110756	"[""A03BA03"", ""N03AA02""]"
1149627	"[""N05BA05""]"
1189640	"[""B05BA01""]"
1189850	"[""R01BA03"", ""R05CA03"", ""R05DB10""]"
1190538	"[""A03BA01""]"
1192939	"[""R01BA01""]"
1232651	"[""C01CA06""]"
1232718	"[""R01AA06"", ""R01AB03""]"
1234333	"[""D07XA01""]"
1232617	"[""L01DB02""]"
404665	"[""B05AA07""]"
540799	"[""M03BA02""]"
541825	"[""R01BA01"", ""R06AB04""]"
542905	"[""L02AE05""]"
544840	"[""J01AA02""]"
579033	"[""N06BC01""]"
582753	"[""D08AX08""]"
597718	"[""J05AP01""]"
616853	"[""C10AB05""]"
857799	"[""B01AC21""]"
858749	"[""A05AA02""]"
858847	"[""R01BA03"", ""R05DA03"", ""R06AB04""]"
859183	"[""R01BA02"", ""R05DA03"", ""R06AB04""]"
859426	"[""C10AA07""]"
859841	"[""N05AB02""]"
860435	"[""R01BA03"", ""R05CA03"", ""R05DA03""]"
1009145	"[""N06BA01"", ""N06BA02""]"
1010095	"[""G03BA03"", ""G03CA03""]"
1011752	"[""C09XA52""]"
1012177	"[""S01AB04"", ""S01BA04""]"
1038830	"[""D08AJ01"", ""D09AA11""]"
1010073	"[""G03BA03"", ""G03CA03""]"
1039250	"[""D08AG02"", ""D09AA09""]"
1039353	"[""A01AC03"", ""A07EA02"", ""D07AA02"", ""D07XA01"", ""H02AB09"", ""S01BA02"", ""S02BA01""]"
104064	"[""A02BA01""]"
1042852	"[""D01AE12""]"
1043399	"[""M02AB01""]"
1045420	"[""D08AJ08""]"
1047905	"[""A03BA03""]"
104837	"[""N06AF01""]"
1049211	"[""N02AJ17""]"
1049777	"[""R01BA02""]"
106336	"[""D01AC08""]"
1085658	"[""D07AB09""]"
1085994	"[""H02AB08""]"
241713	"[""A12BA01""]"
243762	"[""M01AA01""]"
245660	"[""D02AB""]"
247769	"[""J06BB01""]"
251141	"[""N05BA12""]"
307816	"[""L03AC01""]"
1655967	"[""L01BA01""]"
1658222	"[""A06AD04"", ""A12CC02"", ""B05XA05"", ""V04CC02""]"
1665002	"[""M01AB15""]"
1665515	"[""J01MA12""]"
2167838	"[""N02BE01"", ""R01BA02"", ""R05DA09""]"
2178161	"[""R05CA03"", ""R05DA09"", ""R06AB04""]"
1114002	"[""R05DA04"", ""R06AB04""]"
1115886	"[""C05BB05"", ""D08AE03""]"
1116154	"[""D06AX04"", ""D06AX05"", ""D07AA02""]"
1150122	"[""N01BB02""]"
1190560	"[""D04AB01""]"
1232716	"[""R01AA06"", ""R01AB03""]"
404554	"[""G03FA12""]"
433798	"[""N05BA12""]"
576647	"[""N05BA05""]"
1012160	"[""N02BE01"", ""R05DA04""]"
1037334	"[""R01BA02"", ""R06AA08""]"
2184132	"[""N02BE01"", ""R01BA03"", ""R06AB04""]"
226666	"[""N06DA03""]"
242126	"[""A11HA03""]"
244098	"[""B05BB01""]"
244382	"[""D10AA""]"
260285	"[""S01AA11"", ""S01BA04""]"
1000939	"[""S01EB01""]"
308111	"[""N03AA02"", ""R03DA05""]"
1718907	"[""N05CM18""]"
1043716	"[""D11AX11""]"
1046242	"[""M01AX05"", ""M01AX25""]"
311575	"[""J01AA05""]"
1088447	"[""C01EX""]"
309618	"[""R06AE03""]"
309873	"[""J05AF02""]"
2001566	"[""N06BA04""]"
2002590	"[""D01AE12""]"
204870	"[""V03AF01""]"
204912	"[""B05CX01""]"
205217	"[""D10AB02""]"
206061	"[""N05AD01""]"
207347	"[""A07AA06""]"
2054318	"[""G03CA03""]"
996697	"[""D08AX01"", ""D11AX25""]"
997292	"[""R05DA04""]"
313778	"[""N05AE04""]"
315128	"[""V08AD04""]"
348326	"[""V03AN01"", ""V03AN02""]"
351989	"[""L04AH01""]"
404369	"[""B03AA02""]"
800915	"[""A06AD65""]"
806501	"[""N02BE01"", ""N06BC01""]"
828381	"[""C10AB05""]"
834106	"[""J01CE02""]"
834235	"[""M04AA03""]"
966470	"[""H03AA01""]"
313109	"[""J05AF04""]"
313470	"[""D08AE04""]"
847917	"[""A10BJ01""]"
848204	"[""A06AB04""]"
849574	"[""M01AE02""]"
854235	"[""B01AB05""]"
854925	"[""C09AA04""]"
855296	"[""B01AA03""]"
856605	"[""J05AC02""]"
208062	"[""N02BA06""]"
209007	"[""A11CC04""]"
210751	"[""A02AB01"", ""A02AB02""]"
211500	"[""N02BE01"", ""N06BC01""]"
2118829	"[""H02AB02""]"
2119565	"[""N06BA04""]"
212437	"[""D05AX05""]"
213638	"[""G02AD04""]"
214095	"[""C02AA02"", ""C03BA04""]"
2174801	"[""D04AA32""]"
237178	"[""R03DA04""]"
237325	"[""N02BE01"", ""R01BA01"", ""R06AB04""]"
1090525	"[""D06AX07""]"
1092183	"[""A11CC05""]"
1098608	"[""N03AX09""]"
1099269	"[""G03AA12""]"
1099563	"[""N03AG01""]"
1111455	"[""D11AX11""]"
1116102	"[""R05CA03""]"
2173928	"[""R01BA01"", ""R05CA03"", ""R05DA09""]"
1116294	"[""C01CA26""]"
312750	"[""C09AA06""]"
312086	"[""A04AA01""]"
199106	"[""P02CC01""]"
199850	"[""C09CA03""]"
204848	"[""A06AX01""]"
205333	"[""G03CA03""]"
2055036	"[""V03AF03""]"
207353	"[""J01AA08""]"
997004	"[""C10AA02""]"
312842	"[""M01AH02""]"
314173	"[""A09AA01""]"
348223	"[""N01AX13""]"
349115	"[""J01AA02""]"
372980	"[""J01CF06""]"
402246	"[""J05AE08""]"
402249	"[""B01AE01""]"
402695	"[""C08CA02""]"
403922	"[""G03CA03""]"
371794	"[""M01AB05""]"
830536	"[""B01AC06"", ""N02BA01""]"
846029	"[""D10AE01""]"
846146	"[""A11CC05""]"
200327	"[""L01BC06""]"
848176	"[""D07AC01""]"
856785	"[""N06AA09""]"
858079	"[""G03AC03""]"
827753	"[""N02AC04"", ""N02BE01""]"
207947	"[""C03AA03""]"
2099429	"[""D10AD03""]"
210000	"[""A02AD01""]"
2103018	"[""M01CC01""]"
211372	"[""V06DC01""]"
2119625	"[""R05CA03"", ""R05DA09"", ""R06AB04""]"
212587	"[""L01BC02""]"
1091395	"[""N06BA04""]"
1091498	"[""N06BA04""]"
1098142	"[""C10AD02""]"
1099923	"[""M02AC""]"
1112785	"[""D07AB08""]"
1113313	"[""N02AA05""]"
1117402	"[""R05CA03""]"
213295	"[""A02BC01""]"
1149660	"[""R02AA15""]"
1150291	"[""A11JA""]"
1189098	"[""M03BB03""]"
1192737	"[""R06AX26""]"
1234484	"[""R05FB02""]"
541929	"[""N03AA03""]"
577068	"[""A12AX""]"
583211	"[""M03BX02""]"
598008	"[""J01FA01""]"
607038	"[""N02BF02""]"
616781	"[""D08AX05""]"
857830	"[""R01BA03"", ""R05DA03"", ""R06AB04""]"
859042	"[""N04BC05""]"
860725	"[""R01BA02"", ""R05DA03""]"
1001046	"[""S01EB01""]"
1006610	"[""N06BA11""]"
1010739	"[""N01BB02""]"
1010749	"[""N01BB02""]"
1010782	"[""R02AD02""]"
1011870	"[""N07BA01""]"
1013939	"[""C02AC01"", ""N02CX02""]"
1020476	"[""D04AA""]"
103401	"[""D07AA02""]"
1039446	"[""D08AE04""]"
1039654	"[""J01DH04""]"
1042836	"[""B05XA12""]"
1039285	"[""R05FB02""]"
1047797	"[""A03BA03"", ""G04BX12"", ""J01XX05"", ""V03AB17"", ""V04CG05""]"
105395	"[""H02AB09""]"
242941	"[""C01AA07""]"
243461	"[""A02AA04""]"
245256	"[""L01BA01"", ""L04AX03""]"
245265	"[""A10AB01"", ""A10AC01"", ""A10AD01""]"
283669	"[""A02BC02""]"
1661689	"[""N02BE01""]"
1664448	"[""N02AA05""]"
1720881	"[""L03AB05""]"
1732184	"[""L01DB03""]"
1734090	"[""N01BB09""]"
211680	"[""S01AA03"", ""S01AA18""]"
213298	"[""H05BX02""]"
1117104	"[""A09AA01""]"
1189691	"[""H03AA01""]"
860252	"[""R05CA03"", ""R05DA03""]"
1012570	"[""R01BA03"", ""R05DB05"", ""R06AA08""]"
104420	"[""C08CA02""]"
1046408	"[""C01BD01""]"
1049280	"[""D08AJ01""]"
251156	"[""B03AA07""]"
252215	"[""A11GA01""]"
284400	"[""A02BC02""]"
308096	"[""V03AF05""]"
1655956	"[""L01BA01""]"
1658707	"[""B01AB01"", ""C05BA03""]"
1049143	"[""R01BA02""]"
1653440	"[""D01AE12"", ""D02AX""]"
1011749	"[""D04AB01""]"
1191665	"[""L03AB11""]"
1234375	"[""R05DA09""]"
485471	"[""C09DA04""]"
542977	"[""N05AH02""]"
579440	"[""R06AB04""]"
616133	"[""J05AP01""]"
858838	"[""N02AJ23""]"
858990	"[""R01BA02"", ""R05DA03"", ""R06AB04""]"
1001751	"[""A12AX""]"
1009375	"[""C05AD03"", ""D04AB04"", ""N01BA05"", ""R02AD01""]"
1012770	"[""R01BA02"", ""R06AA08""]"
104062	"[""A02BA01""]"
104368	"[""C02CA04""]"
1049160	"[""R01BA02""]"
242830	"[""D01AA08"", ""D01BA01""]"
242938	"[""H01BA01""]"
247661	"[""N02BE01""]"
261314	"[""P02CF01""]"
284380	"[""S01GX08""]"
308050	"[""N05BA12""]"
1665362	"[""B01AC06""]"
1665698	"[""N02AB02""]"
1673791	"[""R06AB04""]"
1726214	"[""J01DH51""]"
1728095	"[""B02BX04""]"
1729545	"[""D11AX01""]"
584436	"[""D02AE01""]"
603203	"[""L01EB02""]"
607018	"[""N02BF02""]"
859063	"[""M01AB05""]"
1000052	"[""N06AA12""]"
1046713	"[""A03BA01"", ""A03BA03"", ""A04AD01"", ""N05CM05"", ""R01BA01"", ""R01BA03"", ""R06AB04""]"
240707	"[""G03AA09""]"
252618	"[""J05AE05""]"
1654186	"[""C01EB10""]"
1724383	"[""N02AA03""]"
1728050	"[""A04AA05""]"
1729422	"[""L01CA04""]"
1659289	"[""J01DD02""]"
309375	"[""N05AH02""]"
309649	"[""S01EX02""]"
310199	"[""G03CA57""]"
311607	"[""R06AD04""]"
311915	"[""M01AE02""]"
312301	"[""C04AD03""]"
312736	"[""A11HA02""]"
1087919	"[""H02AB02""]"
198274	"[""N05AC02""]"
198273	"[""N05AC02""]"
199245	"[""A10BB12""]"
199258	"[""A14AA05""]"
1998455	"[""N05AX12""]"
205698	"[""R03DA01""]"
995599	"[""J04AK02""]"
346911	"[""N02BA04"", ""N02BA12""]"
825333	"[""L02AE02""]"
828269	"[""R06AX13""]"
828364	"[""C05AA01""]"
830878	"[""C08DB01""]"
311989	"[""J01XE01""]"
313872	"[""A06AB02""]"
834065	"[""J01CE02""]"
851204	"[""A01AA01""]"
853010	"[""R03DA04""]"
856660	"[""M03CA01""]"
826838	"[""A08AA01""]"
1091150	"[""N06BA04""]"
1091322	"[""N06BA04""]"
1092209	"[""D01AC08"", ""D08AE05""]"
1094015	"[""J01RA""]"
1099052	"[""L03AB10""]"
1099808	"[""V03AE07""]"
1100907	"[""N02BE01""]"
1112880	"[""G02CA01""]"
1113675	"[""N02BE01""]"
1188468	"[""A12BA02""]"
1112997	"[""N03AX21""]"
207980	"[""G03BA03""]"
208595	"[""N03AC02""]"
209827	"[""N02BE01""]"
211354	"[""N02AD01"", ""N02BE01""]"
211915	"[""A07BC04""]"
213431	"[""C09CA07""]"
1147696	"[""D08AG03""]"
210754	"[""A11GA01"", ""B03AA02""]"
541157	"[""M01AA01""]"
543873	"[""G01AC30""]"
545270	"[""N05AA03""]"
578044	"[""S01BC10""]"
579443	"[""A03BB03"", ""R01BA03"", ""R06AB04""]"
857520	"[""R05CA03"", ""R05DA03""]"
858603	"[""C08CA04""]"
1000143	"[""G03DA02""]"
1046894	"[""D10AB02""]"
104897	"[""A04AA01""]"
1049537	"[""R01BA02""]"
1085996	"[""H02AB08""]"
1086458	"[""A02AB01""]"
261109	"[""N02AB03""]"
1666391	"[""G02CX02""]"
1668032	"[""A03BA01""]"
855195	"[""G04BD07""]"
2184088	"[""R01BA02""]"
237723	"[""A11CC01""]"
404652	"[""J01XX09""]"
412111	"[""A03AX13""]"
486439	"[""C01EB09""]"
542777	"[""R05CA03""]"
577348	"[""N05CH02""]"
857321	"[""N07AB02""]"
858040	"[""A10BH03""]"
858593	"[""C08CA04""]"
860558	"[""R05CA03"", ""R05DA03""]"
1013694	"[""A03FA03""]"
1053176	"[""D10AE01""]"
239178	"[""L01CA01""]"
307781	"[""R03CC02""]"
1654079	"[""L04AC05""]"
1669864	"[""G03CA03""]"
1661504	"[""N01BB03""]"
1670322	"[""L01BC59""]"
1667343	"[""G03CA03""]"
1743720	"[""H02AB04""]"
1744005	"[""J05AR03""]"
1744840	"[""M02AB01""]"
1795251	"[""B05BB02""]"
1798994	"[""A06AA02""]"
1799326	"[""B05AA01""]"
1806730	"[""N02AA05"", ""N07BB04""]"
1809035	"[""J06BA01""]"
1855193	"[""N02BE01"", ""R05CA03"", ""R05DA09""]"
1868473	"[""B05XA02""]"
1868497	"[""C01DA02"", ""C05AE01""]"
1868469	"[""B05XA02""]"
1869047	"[""B03AA02"", ""G03AA05""]"
1870685	"[""J01GB03""]"
1918453	"[""D04AB04"", ""D08AJ01""]"
197558	"[""J04BA02""]"
197637	"[""R03DA01""]"
1236419	"[""N02BE01"", ""R01BA02"", ""R05DA09""]"
1242397	"[""R01BA02""]"
1245403	"[""D04AA32""]"
1245432	"[""R06AB04""]"
1247758	"[""A06AA02""]"
1250949	"[""A03BB03"", ""R01BA03"", ""R06AB04""]"
1251022	"[""R01AA04"", ""R01AB01"", ""R01BA03""]"
1251677	"[""D08AG03""]"
1292364	"[""D04AA04"", ""D04AA32""]"
1293853	"[""C05AD07"", ""C05AX06""]"
1300094	"[""R01BA02"", ""R06AB01""]"
1301959	"[""A06AD18"", ""A06AG07""]"
1302656	"[""J01AA08""]"
1302760	"[""N02BE01"", ""R05DA09"", ""R06AB04""]"
1303733	"[""N02AA01""]"
1311802	"[""D08AE05""]"
1314654	"[""A06AD04"", ""A11DA01"", ""A11HA01"", ""A11HA02"", ""A11HA04"", ""A11HA31"", ""A12CB01"", ""A12CC02"", ""B03AA02"", ""B03BA01"", ""B03BB01"", ""V03AB20"", ""V04CC02""]"
1356907	"[""R06AB01""]"
1359123	"[""G03FA11""]"
1359382	"[""R01BA02"", ""R06AB02""]"
1359778	"[""R03AK06""]"
1360030	"[""M09AX01""]"
1363363	"[""P02CF01""]"
1364477	"[""A16AX08""]"
1366196	"[""N05BA09""]"
1370754	"[""D07AA02""]"
1372918	"[""D01AE04"", ""D08AE04""]"
1422893	"[""R01BA01"", ""R05DA09""]"
1424219	"[""V10XX03""]"
1424307	"[""R01BA02""]"
197868	"[""N04BA01""]"
1437306	"[""R06AA02""]"
1437702	"[""R03AL02""]"
1439982	"[""M01AC06""]"
1491649	"[""R06AX07""]"
1536447	"[""R06AA02""]"
1538280	"[""D04AB04""]"
1543182	"[""D01AE24""]"
1549204	"[""D10AE01""]"
1551286	"[""R05DB10""]"
1606488	"[""D04AB01""]"
1648999	"[""D07AB09""]"
1739788	"[""N03AX23""]"
1740864	"[""L01BB05""]"
1741263	"[""B03AC""]"
1745455	"[""C05AD01""]"
1789740	"[""R06AA02""]"
1789738	"[""R06AA02""]"
1790353	"[""J06BB01""]"
1792393	"[""L01EX08""]"
1798375	"[""A05AA04""]"
1800499	"[""G03AA11""]"
1801280	"[""C10AC01""]"
1805157	"[""R05CA03""]"
1805427	"[""N06DA52""]"
1809747	"[""J06BA01""]"
1810557	"[""D11AX22"", ""P02CF01""]"
1869595	"[""H02AB02""]"
1872897	"[""R05DA09""]"
1874173	"[""D04AB01""]"
1926571	"[""D07AA02""]"
1946782	"[""R05CA03""]"
1242944	"[""H02CA01""]"
1243572	"[""R06AB04""]"
1244193	"[""D01AE12""]"
1245420	"[""C10BA02""]"
1247238	"[""D08AG03""]"
1250554	"[""D01AE04""]"
1294338	"[""N02BA01"", ""R01BA01"", ""R06AA02""]"
1297833	"[""N02BA51""]"
1298088	"[""N05CD01""]"
1300213	"[""R01BA02"", ""R06AB01""]"
1305100	"[""D08AX08""]"
1305606	"[""R01BA02"", ""R05CA03""]"
1312496	"[""D08AG02"", ""D08AX08""]"
1361402	"[""N02BE01""]"
1362030	"[""B01AB01""]"
1362026	"[""B01AB01"", ""C05BA03""]"
1367204	"[""N02BE01"", ""R05CA03"", ""R05DA09""]"
1367426	"[""R01BA02""]"
1369782	"[""D10AE01""]"
1369777	"[""M01AE01"", ""M01AE14""]"
1370982	"[""G03XC05""]"
1372464	"[""M02AC""]"
1374795	"[""A12AA01""]"
1376493	"[""J01FF02""]"
1423935	"[""D08AG03""]"
1424065	"[""R05CA09"", ""R05DA09""]"
1435483	"[""N06AX23""]"
197808	"[""N06AA02""]"
1440908	"[""R05DA09""]"
1442582	"[""D08AG03""]"
1482679	"[""D01AE04""]"
1487113	"[""P02BA01""]"
1488218	"[""R06AA02""]"
1488639	"[""N02AE01"", ""N07BC01""]"
151029	"[""D07AC13""]"
1542825	"[""L03AX14""]"
1546198	"[""L03AB13""]"
1547121	"[""D08AG02""]"
197992	"[""D11AX13""]"
1725044	"[""N01BB01""]"
1726684	"[""R06AA10""]"
1729173	"[""C05AD01""]"
1734777	"[""M02AB01""]"
1735003	"[""N01AH01""]"
1737724	"[""C01BB01"", ""N01BB02""]"
1742217	"[""B05AA01""]"
1743833	"[""A02BA03""]"
1788858	"[""A11CC05""]"
1796690	"[""G03DA03""]"
1797929	"[""R01AD05""]"
1858383	"[""R01BA53""]"
1858844	"[""D04AA32"", ""R06AA02""]"
1865295	"[""G03GA01""]"
1869344	"[""S01KA01""]"
1237118	"[""R01BA02"", ""R06AB04""]"
1242503	"[""N02AB02""]"
1243229	"[""J05AF07""]"
1243998	"[""D01AC02""]"
1251782	"[""A12BA04"", ""B05CB02"", ""B05CB04""]"
1290934	"[""D10AE01""]"
1292435	"[""J07BK01""]"
1293408	"[""R01BA02"", ""R06AB02""]"
1297524	"[""R06AA02""]"
1297990	"[""C01EB09""]"
1299183	"[""H03AA01""]"
1302617	"[""D08AJ08""]"
1310481	"[""R06AA02""]"
1356524	"[""P02BA01"", ""P02CC01"", ""P02CF01""]"
1364914	"[""R05CA03"", ""R05DA09""]"
1364919	"[""R01BA02"", ""R05CA03"", ""R05DA09""]"
1366788	"[""P02CF01""]"
1370767	"[""D07AB02""]"
1372483	"[""B03AA03""]"
1373493	"[""L04AX07""]"
1423952	"[""D08AG03""]"
1429282	"[""N07AA01""]"
1435918	"[""R05DA09""]"
197592	"[""C02DA01"", ""V03AH01""]"
198006	"[""C07AA12""]"
198069	"[""M01CC01""]"
1483414	"[""D08AG03""]"
1490036	"[""C01CA27""]"
1494979	"[""C01EB09""]"
1537120	"[""N02AJ17""]"
1538466	"[""D11AX11""]"
1539893	"[""R03AK10""]"
1547605	"[""R05DA09"", ""R06AB04""]"
1592290	"[""D04AB01""]"
1593876	"[""R01AX""]"
1597126	"[""G03BA03""]"
1597134	"[""G03BA03""]"
197923	"[""N03AA01""]"
1729586	"[""N01AH06""]"
1732186	"[""L01DB03""]"
1735004	"[""N01AH01"", ""N02AB03""]"
1736014	"[""G03AC03""]"
1743781	"[""H02AB04""]"
1791409	"[""B05BC01""]"
1796073	"[""R05CB01"", ""S01XA08""]"
1799325	"[""M01AE04""]"
1801689	"[""D01AE12""]"
1809414	"[""J06BA01""]"
1876619	"[""B05XA12""]"
1928692	"[""P03AX05""]"
197576	"[""H02AB02""]"
197698	"[""J02AC01""]"
197716	"[""D07AC07""]"
1243326	"[""J05AF07""]"
1244513	"[""C05AX04""]"
1249026	"[""A06AA02"", ""A06AB03""]"
1250974	"[""R05DA04"", ""R06AB04""]"
1251062	"[""A06AX01""]"
1251212	"[""D08AC02""]"
1251594	"[""D04AB04"", ""R02AA06""]"
1298364	"[""S01FA04""]"
1303731	"[""N02AA01""]"
1312997	"[""D11AF""]"
1358777	"[""G03AA05""]"
1362822	"[""B01AB01"", ""C05BA03""]"
1363293	"[""R06AB04""]"
1421056	"[""H03AA01""]"
1423082	"[""J01AA02""]"
1437300	"[""D08AJ01"", ""D09AA11""]"
1440021	"[""D02AA""]"
1442681	"[""L03AA02""]"
1482814	"[""L04AB06""]"
1537019	"[""N02BA51""]"
1544281	"[""R07AX01""]"
1551923	"[""A06AH03""]"
1594352	"[""L04AB04""]"
1594585	"[""M03AB01""]"
1652640	"[""A10AB04""]"
1368459	"[""A16AX09""]"
1363011	"[""R01BA02"", ""R06AB01""]"
1650968	"[""N05AX13""]"
1651275	"[""R03AL06""]"
1872062	"[""L01DB01""]"
1249102	"[""A07BC02""]"
1312442	"[""J01DB01""]"
1605091	"[""G03AA05""]"
617310	"[""C10AA05""]"
618028	"[""J01CR02""]"
631205	"[""N01AX03""]"
617339	"[""J01CR02""]"
657561	"[""D06AX04"", ""D06AX05"", ""D07AA02""]"
685578	"[""J01FF01""]"
705133	"[""C01DA02""]"
707381	"[""R01AX""]"
793875	"[""A07BA01""]"
702503	"[""D07AA02""]"
705824	"[""M05BA08""]"
721796	"[""N05AH04""]"
729768	"[""D01AC08""]"
748051	"[""N07BA01""]"
749855	"[""G03AA05""]"
749874	"[""G03AA05""]"
755536	"[""R01BA01"", ""R01BA02"", ""R06AB04""]"
762820	"[""J07BJ01""]"
800341	"[""B05BA01""]"
860792	"[""N02AB02""]"
866018	"[""N05BE01""]"
880890	"[""D01AE12"", ""D02AE01""]"
896766	"[""C07AG01""]"
899257	"[""A03BB03"", ""R01BA02"", ""R06AB04""]"
899557	"[""N06BA11""]"
724863	"[""N06BA13""]"
800345	"[""B05BA01""]"
795925	"[""N06BC01""]"
797654	"[""A02AA02"", ""A02AC01"", ""A06AD02"", ""A11CA01"", ""A11DA01"", ""A11GA01"", ""A11HA01"", ""A11HA03"", ""A11HA04"", ""A11HA05"", ""A12AA04"", ""A12CC10"", ""B03AA02"", ""B03BA01"", ""B03BB01""]"
977842	"[""A10AB05"", ""A10AD05""]"
992460	"[""R06AD02""]"
308493	"[""S01AA03"", ""S01AA18"", ""S01AA32""]"
308733	"[""A07BA01""]"
308799	"[""R01BA03"", ""R06AB01""]"
310404	"[""C10AA04""]"
312136	"[""N03AF02""]"
312218	"[""A03AD01"", ""G04BE02""]"
312601	"[""S01AB04"", ""S01BA04""]"
1088970	"[""R05FA02""]"
199059	"[""N07BB05""]"
201372	"[""C09AA01""]"
206549	"[""S02AA11"", ""S02BA01""]"
995301	"[""N05BB01""]"
348222	"[""V03AN02""]"
800062	"[""B05DB""]"
881401	"[""R05CA03""]"
308870	"[""A11CC04""]"
759674	"[""L01AD02""]"
688711	"[""N02BE01"", ""N06BC01""]"
748866	"[""G03AA07""]"
979436	"[""C07AB09""]"
707359	"[""R01AX""]"
796544	"[""A11JA""]"
861663	"[""C01DA02"", ""C05AE01""]"
896229	"[""R03AK06""]"
898591	"[""H01CB02""]"
993693	"[""N06AX12""]"
310670	"[""N05AD01""]"
311154	"[""R03AC07"", ""R03CC06""]"
1090057	"[""R01BA02"", ""R05CA03""]"
198471	"[""N02BA01""]"
1994758	"[""G03AA11""]"
200162	"[""A06AB06""]"
2048990	"[""D10AE01""]"
207101	"[""C01DA02"", ""C05AE01""]"
347718	"[""V03AN02""]"
347835	"[""V03AN01"", ""V03AN02""]"
349550	"[""R01BA02"", ""R05CA03""]"
834040	"[""J01CE02""]"
966165	"[""H03AA01""]"
205699	"[""R03DA01""]"
891820	"[""A11JB""]"
1995011	"[""D11AX18"", ""M02AA15""]"
206369	"[""D07AA02""]"
996983	"[""N02BE01"", ""R05DA04""]"
360094	"[""A11HA04""]"
802749	"[""C09DA06""]"
901547	"[""N04BC05""]"
905405	"[""C02AA02"", ""C02DB02"", ""C03AA03""]"
1087663	"[""V06DD""]"
630062	"[""R01BA03"", ""R05CA03""]"
644989	"[""L01BC08""]"
631644	"[""R01BA02"", ""R06AB01""]"
686497	"[""A01AD""]"
693987	"[""D01AE04""]"
726747	"[""B03BA01"", ""B03BB01""]"
629994	"[""A01AA01"", ""A12CD01""]"
644304	"[""L02BA01""]"
702422	"[""C05AX04""]"
702615	"[""N02BE51""]"
753533	"[""G03AA07""]"
761998	"[""G03AA05""]"
796964	"[""A07BC01"", ""A07BC02""]"
763519	"[""C08CA07""]"
863665	"[""G04BD04""]"
866461	"[""C07BB02""]"
897624	"[""C08DA01""]"
901546	"[""N04BC05""]"
201708	"[""N06AF01""]"
727711	"[""L04AC03""]"
731573	"[""J01CE08""]"
762377	"[""R06AB04""]"
861134	"[""G04CA01""]"
891136	"[""B01AC06"", ""N02BA01""]"
897696	"[""N02AA03""]"
903753	"[""H03AA01"", ""H03AA02""]"
903851	"[""N07AA02""]"
903889	"[""N06AB08""]"
968989	"[""P02CF01""]"
898378	"[""C09BA07""]"
966212	"[""H03AA01""]"
308163	"[""N05CA02""]"
308897	"[""A02AA01"", ""A02AC01"", ""A06AD01"", ""A12AA04""]"
309048	"[""J01DB05""]"
309390	"[""D05AA""]"
309536	"[""D08AJ08""]"
309581	"[""R01BA02"", ""R05CA03"", ""R06AB04""]"
312836	"[""N06DA03""]"
1086750	"[""N02BE01"", ""R05DA09"", ""R06AB04""]"
311998	"[""V03AN04""]"
198366	"[""N05AB04""]"
198905	"[""A12CB02""]"
2001358	"[""N02AJ22""]"
204601	"[""A06AB04"", ""A06AB07""]"
206763	"[""C09AA03""]"
996763	"[""R05DA04""]"
343040	"[""H02AB02""]"
809987	"[""N03AX18""]"
905043	"[""M05BA07""]"
706822	"[""N05AX08""]"
754986	"[""R01BA01"", ""R06AB04""]"
904182	"[""A06AB06""]"
984105	"[""A16AX03""]"
896027	"[""R03BA05""]"
308169	"[""N05CA02""]"
310206	"[""G03CA57""]"
310489	"[""A10BB07""]"
201849	"[""A07AA09""]"
205363	"[""N02BE01"", ""R01BA01"", ""R06AB04""]"
995864	"[""A11JB"", ""A11JC""]"
348546	"[""V03AN01"", ""V03AN04""]"
315036	"[""R05CA03"", ""R06AB04""]"
308403	"[""N02BA01""]"
672667	"[""R05CA03""]"
725027	"[""R05CA03""]"
702296	"[""J01AA02""]"
722124	"[""C02KX02""]"
798408	"[""V04CF01""]"
864786	"[""N07BC02""]"
891134	"[""N02BA01""]"
991082	"[""A03AA07""]"
310473	"[""J01GB03""]"
994541	"[""M03BC01""]"
729203	"[""J05AX09""]"
789980	"[""J01CA01""]"
702311	"[""A06AB06""]"
798209	"[""V10XA53""]"
791842	"[""C10BA01""]"
883570	"[""P02CB01""]"
892244	"[""N07BA01""]"
897612	"[""C08DA01""]"
899548	"[""N06BA11""]"
904399	"[""M05BA04""]"
905460	"[""H03AA01""]"
966177	"[""H03AA01""]"
977847	"[""N06BA03""]"
905527	"[""N05BA02""]"
968766	"[""A08AA01""]"
308474	"[""A03BA04""]"
308657	"[""N01BA05""]"
309291	"[""D01AE14""]"
311194	"[""C01DA08""]"
1089918	"[""D04AA32"", ""R01AA04"", ""R06AA02"", ""S01FB01"", ""S01XA20""]"
198238	"[""M01AB02""]"
199147	"[""J05AF05""]"
199450	"[""N05BA09""]"
2000013	"[""G03DA03""]"
2001565	"[""N06BA04""]"
204135	"[""D07AB08""]"
204576	"[""P03AX01""]"
206077	"[""J01FA01""]"
206213	"[""D10AF02""]"
206248	"[""N05CD04""]"
205988	"[""D10AF01""]"
206911	"[""S01EC05""]"
312915	"[""N05CA06""]"
347745	"[""V04CX08""]"
351108	"[""N05AH03""]"
800237	"[""B05BA01""]"
809206	"[""D04AB04""]"
828618	"[""A09AB04"", ""A12BA02"", ""B05CB02""]"
834110	"[""J01CE02""]"
905095	"[""A12AA04"", ""M05BA07""]"
309609	"[""B03BA01""]"
312221	"[""G04BE02""]"
200825	"[""C03DA01""]"
996208	"[""R01BA02"", ""R05CA03"", ""R05DA04""]"
755010	"[""R01BA02"", ""R06AB04""]"
892556	"[""N02AA01""]"
993067	"[""R01BA01"", ""R05DA04""]"
94405	"[""J01CA04""]"
637542	"[""N02AJ18""]"
637462	"[""P03AX05""]"
729908	"[""C05AD03"", ""R02AD01""]"
762602	"[""J07AP01""]"
790264	"[""N06AX23""]"
798432	"[""J07BC01""]"
895933	"[""N02AA01""]"
904177	"[""A06AB06""]"
310745	"[""J07BC02""]"
763228	"[""C10AD52""]"
864708	"[""N07BC02""]"
864720	"[""N07BC02""]"
866498	"[""C07BB02""]"
883807	"[""R03AA01""]"
884189	"[""C02AC01""]"
894761	"[""N06AA04""]"
897614	"[""C08DA01""]"
900520	"[""D09AA13""]"
979491	"[""R03CB03""]"
991876	"[""A06AA01""]"
896237	"[""R03AK06""]"
905497	"[""N05BA02""]"
308742	"[""A11HA05""]"
310148	"[""C01DA13""]"
310656	"[""R05CA03""]"
311576	"[""J01AA05""]"
311727	"[""A02BB01""]"
312817	"[""J05AP01""]"
1088134	"[""A11CC05""]"
198836	"[""C05CA01""]"
198949	"[""A11HA02""]"
205256	"[""J07AM51""]"
2054120	"[""D11AA01""]"
205705	"[""R03DA01""]"
313359	"[""N05AC02""]"
349196	"[""N03AE01""]"
830801	"[""C08DB01""]"
798049	"[""D03AX01""]"
966253	"[""H03AA01""]"
308739	"[""S01EE03""]"
309095	"[""J01DC02""]"
892782	"[""J01DD13""]"
205530	"[""D07AB08""]"
995220	"[""N05BB01""]"
313423	"[""D01AE18""]"
312483	"[""C02LE01""]"
311881	"[""L04AA06""]"
200343	"[""L01XX05""]"
2044878	"[""D08AX07""]"
2047772	"[""C07AB02""]"
995297	"[""N05BB01""]"
995303	"[""N05BB01""]"
995478	"[""R05CA03"", ""R05DA04""]"
998450	"[""D01AC02""]"
312969	"[""A11GA01""]"
313855	"[""J01CA06""]"
314077	"[""C09AA03""]"
315011	"[""N03AA02"", ""N05CA06""]"
315038	"[""R06AB04""]"
317059	"[""C05AD02"", ""D04AB06""]"
346558	"[""D01AC01""]"
347109	"[""V03AN01"", ""V03AN02""]"
348579	"[""R01BA02"", ""R05CA03""]"
377519	"[""D11AX12""]"
388510	"[""J01FA15""]"
801653	"[""B05BA01""]"
825170	"[""L04AB04""]"
825335	"[""L02AE02""]"
826840	"[""A08AA01""]"
830463	"[""J07BG01""]"
832864	"[""D10AF06""]"
834090	"[""J01CE02""]"
835811	"[""G03BA03""]"
310044	"[""R03DA01"", ""R05CA03""]"
310545	"[""A06AX01""]"
2049407	"[""R05CA03"", ""R05DA09"", ""R06AB01""]"
999803	"[""A11GA01"", ""B03AA02"", ""B03BA01"", ""B03BB01""]"
313110	"[""J05AF04""]"
830237	"[""J07BC01""]"
845316	"[""N02AX02""]"
845947	"[""D10AE01""]"
847741	"[""J05AR10""]"
852922	"[""C01BA01""]"
856379	"[""N06AX05""]"
856519	"[""C07AA05""]"
856579	"[""C07AA05""]"
856833	"[""N05AB03"", ""N06AA09""]"
857027	"[""S01KA02""]"
857174	"[""C09BA09""]"
857178	"[""C09BA09""]"
209104	"[""R05CA03""]"
2109088	"[""R03AA01""]"
211137	"[""D08AG02""]"
211307	"[""J01FA10""]"
211746	"[""D08AG02""]"
2117770	"[""G03AA07"", ""G03CA01""]"
2118734	"[""N02AJ22""]"
2121735	"[""H02AB02""]"
212706	"[""C05AX04""]"
213664	"[""H02AB01""]"
214109	"[""N02BA03""]"
2166579	"[""H01AB01""]"
2166797	"[""R03AC02""]"
2168025	"[""R05CA09"", ""R05DA09""]"
1098478	"[""A12CD01""]"
1099085	"[""R01BA02"", ""R05CA03"", ""R05DA09""]"
1100912	"[""A06AC01""]"
1113397	"[""N02BE01"", ""R05DA09"", ""R06AB04""]"
1116121	"[""D11AX11""]"
806861	"[""R02AD01""]"
828296	"[""A11CC05"", ""B03BB01""]"
856853	"[""N06AA09""]"
809605	"[""B05AA07""]"
1149663	"[""S01AX18""]"
1189192	"[""R05CA03"", ""R05DB10""]"
1192923	"[""A06AG10""]"
1233888	"[""C10AA02""]"
1234869	"[""N02AA08"", ""R01BA02"", ""R06AB04""]"
477126	"[""D02AE01""]"
541705	"[""H02AB06""]"
578457	"[""J05AF10""]"
606828	"[""D02AE01""]"
616368	"[""R05CA03"", ""R05DB05""]"
616444	"[""L04AA06""]"
857758	"[""R01BA03"", ""R05DA03"", ""R06AB04""]"
858955	"[""R05CA09"", ""R05DA03""]"
859357	"[""R05CA03"", ""R05DA03""]"
860505	"[""R05CA03"", ""R05DA03""]"
1006409	"[""D08AC02""]"
1006803	"[""N05AH02""]"
1010671	"[""N01BB02""]"
1009319	"[""C08CA01"", ""C09XA02""]"
1012245	"[""C05AA01"", ""C05AD01""]"
1012835	"[""R01BA02"", ""R06AA08""]"
103570	"[""D06AX09""]"
104378	"[""C09AA03""]"
104419	"[""C08CA02""]"
1046611	"[""R01AA08""]"
1046840	"[""D01AE12""]"
1048307	"[""G04BX12""]"
1049256	"[""D08AJ01""]"
1085644	"[""D07AB09""]"
226343	"[""S01BA01""]"
243976	"[""A12AA30""]"
244413	"[""A07AA07""]"
249415	"[""B05XB03""]"
261119	"[""D06BX01""]"
284094	"[""N02BE01""]"
1660175	"[""D04AB01""]"
213322	"[""N02CC04""]"
1092398	"[""N02BA01"", ""R06AA02""]"
1145110	"[""A11HA01"", ""A11HA02"", ""B03BB01""]"
1234519	"[""D07XA01""]"
602912	"[""L04AX04""]"
615965	"[""D10AE01""]"
616830	"[""R03BA02""]"
860549	"[""R01BA02"", ""R05CA03"", ""R05DA03""]"
1001689	"[""A06AD04"", ""A06AD13""]"
1020062	"[""D10AB02""]"
1037241	"[""R05CA03"", ""R05DB05""]"
1047786	"[""G04BX12""]"
1049285	"[""D08AJ01""]"
1052674	"[""N02BE01""]"
1053740	"[""D01AA01"", ""D07AB09""]"
1085738	"[""D07AB09""]"
1085992	"[""H02AB08""]"
1086316	"[""D07AB09""]"
245489	"[""A11CA02""]"
284500	"[""J05AF02""]"
1656706	"[""A10AF01""]"
1665102	"[""J01DC01""]"
1667878	"[""A03BA03"", ""G04BX12"", ""J01XX05"", ""V03AB17"", ""V04CG05""]"
1038750	"[""A01AB02""]"
1012952	"[""R01BA02"", ""R05DA09"", ""R06AA08""]"
1037070	"[""R01BA01"", ""R06AB05""]"
260393	"[""H02AB06""]"
1658271	"[""P03AX05"", ""D07AB09""]"
1660750	"[""H02AB01""]"
106222	"[""D04AB01""]"
283373	"[""A09AA02""]"
1190166	"[""D04AB01"", ""D08AJ01""]"
312012	"[""C01DA02"", ""C05AE01""]"
312814	"[""J06BB01""]"
1088320	"[""N02BE01""]"
1088194	"[""A06AC07""]"
2049453	"[""A06AC01""]"
2056893	"[""R05DA04""]"
2058863	"[""L01BC05""]"
206535	"[""B05BC01""]"
207210	"[""J01MA01""]"
207639	"[""N05AB04""]"
207777	"[""J01CF01""]"
206559	"[""J01DD07""]"
996724	"[""R01BA02"", ""R05CA03"", ""R05DA04""]"
996927	"[""P02BA01"", ""P02CC01""]"
313138	"[""J01EB06""]"
347048	"[""V03AN01"", ""V03AN03""]"
352340	"[""D02AE01""]"
377500	"[""D01AE12""]"
404058	"[""D10BA01""]"
801034	"[""B05BA01""]"
809315	"[""A09AA01""]"
830861	"[""C08DB01""]"
312468	"[""D06BB04""]"
2047121	"[""N07BA01""]"
207322	"[""L01CD01""]"
359396	"[""C01EB09""]"
825427	"[""B02BX05""]"
846148	"[""C08DB01"", ""C09AA02""]"
846934	"[""B03BA05""]"
851752	"[""N03AX09""]"
853134	"[""M02AB01""]"
853509	"[""B05AA07""]"
853612	"[""D10AB02""]"
855871	"[""N03AB02""]"
856907	"[""N02BE01"", ""R05DA03""]"
834177	"[""D08AC02""]"
208172	"[""A11CC02""]"
208589	"[""S01CA01""]"
208649	"[""R01AD03""]"
209098	"[""G04BE04""]"
209645	"[""D01AE18""]"
2099286	"[""R05DA04""]"
210110	"[""A02AC01""]"
2101899	"[""V03AE01""]"
2102464	"[""J06BA01""]"
211189	"[""N02BE01""]"
211854	"[""A11GA01""]"
213744	"[""L03AX03""]"
214078	"[""J01DD13""]"
2168528	"[""D04AB01""]"
2177191	"[""D10AB02""]"
1099294	"[""N06AA01""]"
1099626	"[""N03AG01""]"
1099648	"[""N03AG01""]"
1101881	"[""A01AA01""]"
1114604	"[""A11CC05"", ""A11DA01"", ""A11GA01"", ""A11HA02"", ""A11HA03"", ""A11HA04"", ""B03BA01"", ""B03BB01""]"
1115831	"[""R05CA03""]"
309046	"[""J01DB05""]"
856978	"[""R05FB02""]"
2106368	"[""N07BC51""]"
210671	"[""C09AA10""]"
211323	"[""N06AX11""]"
2184153	"[""R01BA03"", ""R06AB04""]"
1087180	"[""A02AD01""]"
198325	"[""N05AB06""]"
198951	"[""A11HA02""]"
205619	"[""J01AA02""]"
2058501	"[""A06AC01""]"
996759	"[""R05DA04""]"
347967	"[""V03AN02""]"
391913	"[""M01CB04""]"
314237	"[""R06AD01""]"
403878	"[""L01EA01""]"
808093	"[""R05DA09""]"
996679	"[""R01BA02"", ""R05DA04""]"
847724	"[""A10BD04""]"
848742	"[""N05AX14""]"
856521	"[""C07AA05""]"
857136	"[""N02BE01"", ""R05DA03""]"
209059	"[""A11CA01""]"
209355	"[""N02BE01""]"
209454	"[""N02BE01""]"
209600	"[""A06AB02""]"
2108020	"[""S01BA01""]"
2110783	"[""G03CA03""]"
213199	"[""J01DD15""]"
213361	"[""L04AB02""]"
2176262	"[""C01BD02""]"
2196493	"[""J06BA01""]"
1091227	"[""N06BA04""]"
1100363	"[""N06AA10""]"
1117561	"[""P03AX05""]"
1148952	"[""D01AE12""]"
1145608	"[""R01BA01"", ""R06AB04""]"
1150984	"[""J01FA10""]"
1235496	"[""D01AE12""]"
404587	"[""J05AF09""]"
429662	"[""A07AA11""]"
485166	"[""N02BE01"", ""N06BC01"", ""R01BA01""]"
542347	"[""N01AB06""]"
562495	"[""N02BE01"", ""R01BA02"", ""R06AB04""]"
562649	"[""J01DC06""]"
577237	"[""D06BX01""]"
616161	"[""V03AC03""]"
858772	"[""N02AJ23""]"
859216	"[""R01BA03"", ""R05DA03"", ""R06AB04""]"
859347	"[""R05CA03"", ""R05DA03""]"
1000128	"[""L02AB02""]"
1010895	"[""D04AB01""]"
1020138	"[""R05FB02""]"
1039556	"[""D01AE12""]"
1010732	"[""A06AD15""]"
1050811	"[""C03AA03"", ""C08CA01"", ""C09XA02""]"
239177	"[""L01BC02""]"
248411	"[""D01AE12""]"
259047	"[""J01GB03""]"
259581	"[""S01XA20""]"
284328	"[""A12CD01""]"
284378	"[""G03CA03""]"
1658155	"[""J07BC01""]"
1658672	"[""R02AD01""]"
1659814	"[""N05AX12""]"
1665327	"[""N05BA06""]"
1665459	"[""M01AB15""]"
1667872	"[""A03BA03"", ""J01XX05"", ""V03AB17"", ""V04CG05""]"
1720311	"[""N05CH01""]"
1664645	"[""M02AB01""]"
1732185	"[""L01DB03""]"
1737850	"[""V03AB17""]"
2173858	"[""R05CA03"", ""R05DA09""]"
1099575	"[""R01BA52"", ""R06AX07""]"
1113695	"[""D08AE05""]"
11251	"[""B03BA""]"
616749	"[""C01EB18""]"
858836	"[""R01BA03"", ""R05DA03"", ""R06AB04""]"
1000089	"[""S01GX11""]"
1000642	"[""S01EB01""]"
1045481	"[""D08AJ01""]"
1046568	"[""D10AB02"", ""D10AE01""]"
1053247	"[""R02AD01""]"
246172	"[""N05BA09""]"
248249	"[""D08AE04""]"
1659803	"[""D10AX03""]"
1665214	"[""J01MA02""]"
1044919	"[""D08AE05""]"
859933	"[""R05CA03"", ""R05DA03""]"
241527	"[""G03CA03""]"
1668225	"[""N07AA01""]"
1234552	"[""D04AB07""]"
1188527	"[""R05DA09""]"
404449	"[""L04AX02""]"
425101	"[""D08AE04""]"
539493	"[""N02BE01""]"
546624	"[""J02AC03""]"
577029	"[""G03CA03""]"
617304	"[""J01CR02""]"
858912	"[""R01BA02"", ""R05DA03"", ""R06AB04""]"
859091	"[""R03AC02""]"
859258	"[""R05DA03"", ""R06AB04""]"
1000673	"[""S01AB04""]"
1000672	"[""D10AB02""]"
1000985	"[""R01AA05""]"
1014284	"[""P03AX05""]"
1014675	"[""R06AE07""]"
1039391	"[""D08AE04""]"
104098	"[""A02BB01""]"
1040016	"[""J01DI02""]"
1047098	"[""D11AX22"", ""P02CF01""]"
251842	"[""R01BA02"", ""R05CA03""]"
261336	"[""N03AX14""]"
308085	"[""A02AD01""]"
1654035	"[""C01EB10""]"
1657122	"[""D01AE12""]"
1658034	"[""J07BG01""]"
1664325	"[""A10BD20""]"
1728055	"[""A04AA05""]"
1729322	"[""N01AH01"", ""N02AB03""]"
1734483	"[""N01BB09""]"
1736544	"[""C07AB09""]"
213556	"[""D07AC01""]"
2180420	"[""A12CC04""]"
404450	"[""L04AX02""]"
602736	"[""N06DA04""]"
616578	"[""A06AX03""]"
858845	"[""C09AA02""]"
1012998	"[""R06AA08""]"
1039780	"[""D08AX05""]"
1046963	"[""A03BA03"", ""N03AA02""]"
1048959	"[""A03BA03""]"
240573	"[""L01XX08""]"
242698	"[""B03BA01""]"
244190	"[""B03BA01""]"
244602	"[""P03AC01""]"
282463	"[""N03AA02""]"
283248	"[""A11HA03""]"
1654011	"[""N01AX07""]"
1658265	"[""B05XA05""]"
1115462	"[""L02AE02""]"
860444	"[""R01BA02"", ""R05CA03"", ""R05DA03""]"
310049	"[""S01EB03""]"
199021	"[""A11HA05""]"
200101	"[""A04AA04""]"
200344	"[""L01XX05""]"
2047247	"[""L04AF02""]"
205284	"[""L04AK01""]"
994523	"[""M03BC01""]"
995726	"[""R06AE05""]"
313248	"[""S01AA09""]"
313653	"[""A11CA01""]"
313797	"[""J01CA04""]"
313892	"[""N02BA03""]"
318241	"[""J07AM01""]"
328161	"[""H02AB04""]"
351107	"[""N05AH03""]"
800687	"[""B05XA08""]"
801145	"[""B05XA17""]"
826081	"[""D08AE03""]"
205483	"[""D05AC01""]"
205604	"[""J01AA02""]"
315239	"[""A10BB03""]"
833141	"[""N06AX17""]"
856654	"[""M03CA01""]"
855869	"[""N03AB02""]"
1098649	"[""N06AX06""]"
1101940	"[""A01AA01""]"
1116086	"[""N03AA02"", ""R03DA05""]"
1116760	"[""P01BA01""]"
1149370	"[""N02AX06""]"
1190783	"[""A03BA01""]"
1190750	"[""A03BA01"", ""V04CX07""]"
1232190	"[""L01XX02""]"
1234344	"[""P03AX05""]"
208214	"[""R03DA04""]"
208947	"[""H02AB09""]"
2104866	"[""H03AA01""]"
210758	"[""A12CC03""]"
211726	"[""S01GA05""]"
212094	"[""D08AE03""]"
213633	"[""R05CB01""]"
2109175	"[""A07BC04""]"
2183674	"[""R06AB04""]"
404053	"[""R06AX13""]"
404269	"[""P02CC01""]"
477587	"[""R06AB01""]"
486109	"[""D10AX01""]"
486133	"[""N02BG08""]"
857403	"[""R01BA01""]"
858374	"[""J01AA08""]"
858599	"[""C08CA04""]"
858797	"[""R01BA03"", ""R05DA03"", ""R06AB04""]"
1009414	"[""G03BA03""]"
1020495	"[""D10AE01""]"
1038908	"[""A01AA01""]"
1053605	"[""R01BA02"", ""R06AB04""]"
108397	"[""A02BC01""]"
242214	"[""A14AA07""]"
261116	"[""B01AC23""]"
261280	"[""N02BF01""]"
1655960	"[""L01BA01""]"
1658135	"[""L04AC11""]"
1720268	"[""A16AB13""]"
1190655	"[""S01FA01""]"
212433	"[""D02AE01""]"
212462	"[""A02AC01""]"
1000099	"[""N06AA12""]"
1000062	"[""N06AA12""]"
1052960	"[""C05AX04""]"
242816	"[""J01GB03""]"
283707	"[""D11AX12""]"
1653484	"[""L03AX03""]"
1000145	"[""L02AB02""]"
1726639	"[""L01EA05""]"
544754	"[""D08AE04""]"
1737744	"[""C01BB01""]"
1738581	"[""N02CC01""]"
1741930	"[""D01AE12""]"
1791230	"[""C08DB01""]"
1797840	"[""R01AD13""]"
1804178	"[""D08AX08""]"
1809038	"[""J06BA01""]"
1809441	"[""J06BA01""]"
1813112	"[""G03AA12""]"
1870956	"[""H02AB13""]"
1871463	"[""N06BA12""]"
1876395	"[""D08AJ08""]"
1926216	"[""D04AA""]"
1928005	"[""N02BE01"", ""R05DA09"", ""R06AA09""]"
197517	"[""J01FA09""]"
197531	"[""D01AC01""]"
1809444	"[""J06BA01""]"
1244199	"[""M09AX01""]"
1245275	"[""R03BA03""]"
1293042	"[""R06AB04""]"
1293311	"[""A03BA01""]"
1293739	"[""V03AB20""]"
1294382	"[""R01BA03"", ""R05DA03"", ""R06AA02""]"
1294557	"[""R01BA02"", ""R06AA02""]"
1298255	"[""D08AG02""]"
1298356	"[""S01FA04""]"
1298329	"[""R01BA02"", ""R05CA03"", ""R05DA09""]"
1299186	"[""H03AA01""]"
1299879	"[""R01BA03""]"
1300382	"[""J07AJ52""]"
1301670	"[""A07FA02""]"
1302680	"[""A11CA01"", ""A11CC05""]"
1304503	"[""A11CC05"", ""A11DA01"", ""A11GA01"", ""A11HA01"", ""A11HA02"", ""A11HA04"", ""B03BA01"", ""B03BB01""]"
1299646	"[""N02BE01"", ""R01BA02"", ""R05DA09"", ""R06AB04""]"
1310589	"[""C02AC01"", ""N02CX02""]"
1312502	"[""A11CC05""]"
1313933	"[""A11CC05""]"
1357391	"[""R06AB01""]"
1358843	"[""R01BA03""]"
1359029	"[""G03AA05""]"
1359673	"[""N02AB03""]"
1359931	"[""G04BE07"", ""N04BC07""]"
1362206	"[""R01BA02"", ""R05CA03"", ""R05DA09""]"
1362704	"[""R02AA06""]"
1363406	"[""R01BA02"", ""R05CA03""]"
1366941	"[""R06AB04""]"
1367315	"[""R05CA03"", ""R05DA09""]"
1367691	"[""G03AA05""]"
1423798	"[""R05CA03"", ""R05DA09"", ""R06AB04""]"
1424060	"[""R05CA03"", ""R05DA09"", ""R06AB04""]"
1426578	"[""H01CA01"", ""V04CM01""]"
197815	"[""C03BA11""]"
197855	"[""M01AE03""]"
198153	"[""M04AC51""]"
1430054	"[""D01AE04""]"
1432283	"[""V03AN01"", ""V03AN03"", ""V03AN04""]"
1436374	"[""M02AB01""]"
1439953	"[""D01AC08"", ""D08AC02""]"
1441318	"[""P03AX05""]"
1441563	"[""D11AX12""]"
1482662	"[""D01AC08"", ""D08AC02""]"
1483223	"[""D07AA02""]"
1486964	"[""R05DA09"", ""R06AB01""]"
1495298	"[""V03AB15""]"
1535609	"[""N02BE01"", ""R05CA03"", ""R05DA09""]"
1540235	"[""S01FB51""]"
1540356	"[""D07AA02""]"
1543313	"[""D01AC01""]"
1545688	"[""D04AB01"", ""D08AJ01""]"
1592748	"[""L01EX09""]"
1648789	"[""R03AK10""]"
198196	"[""C02AA02""]"
1549304	"[""D01AC02"", ""D01AE12""]"
1743779	"[""H02AB04""]"
1746915	"[""J06BC04""]"
1790126	"[""N03AX22""]"
1790167	"[""L01EX07""]"
1790508	"[""J06BB01""]"
1797909	"[""R01AD08""]"
1799180	"[""N02BE01"", ""R05DA09""]"
1806191	"[""N06BA04""]"
1812164	"[""N02AA08"", ""N02BE01"", ""N06BC01""]"
1812101	"[""R05DA09"", ""R06AB06""]"
1874730	"[""R05CA03"", ""R05DA09""]"
1944389	"[""L02AE04""]"
1941473	"[""A16AX04""]"
197316	"[""R03CC02""]"
197406	"[""D07AC01""]"
1243500	"[""R01BA02"", ""R06AB01""]"
1244723	"[""R05FB02""]"
1248013	"[""A06AB06""]"
1248813	"[""B03XA04""]"
1249096	"[""D08AG02""]"
1250751	"[""A03BB03"", ""R01BA03"", ""R06AB04""]"
1293344	"[""R01BA02""]"
1293858	"[""C05AD07"", ""C05AX06""]"
1294262	"[""D08AC02""]"
1294589	"[""D04AA32""]"
1309344	"[""P03AX05""]"
1313987	"[""A06AD04"", ""B05XA05""]"
1356113	"[""N02BE01"", ""R05CA03""]"
1358416	"[""R01BA02"", ""R05CA03""]"
1358610	"[""H02AB04""]"
1363782	"[""N02BE01"", ""R05DA09"", ""R06AA09"", ""R06AB04""]"
1371361	"[""D01AC08""]"
1372663	"[""R06AE05""]"
1421477	"[""A16AA04""]"
1433802	"[""N02BE01"", ""N06BC01"", ""R05DA04""]"
197497	"[""C03BA04""]"
197551	"[""J04AB01""]"
197550	"[""L01AA01""]"
197979	"[""C03BA08""]"
198013	"[""M01AE02""]"
1442122	"[""M01AB05""]"
1486198	"[""J05AP01""]"
1486248	"[""R01BA02"", ""R05DA03"", ""R06AB04""]"
1488689	"[""D10AE01""]"
1489991	"[""N02AF01""]"
1535366	"[""R05DA09""]"
1538294	"[""A02AD01""]"
153893	"[""R03DC03""]"
1540507	"[""R01BA03""]"
1543069	"[""D04AB01""]"
1545678	"[""C05AX04""]"
1547767	"[""R02AA06""]"
1593140	"[""J07AH09""]"
1594663	"[""L04AG06""]"
1595307	"[""N06BC01""]"
1595631	"[""N02BE01"", ""R06AB01""]"
1360341	"[""N02AB03""]"
1725059	"[""V03AB15""]"
1728796	"[""N02AA01""]"
1737578	"[""J01FF01""]"
1741420	"[""B05AA01""]"
1790296	"[""D01AE18""]"
1795514	"[""B05BA03""]"
1805425	"[""N06DA52""]"
1856484	"[""A02AA04"", ""A12AA04""]"
1922759	"[""G03AC03""]"
1926932	"[""R06AX07""]"
1943539	"[""P03AX06""]"
1947138	"[""N02AF01""]"
1235262	"[""S01XA20""]"
1243330	"[""J05AF07""]"
1243415	"[""A11CC05"", ""A12AA04""]"
1244963	"[""C05AD07"", ""D04AB07""]"
1248022	"[""A06AA02""]"
1251685	"[""R06AE05""]"
1292923	"[]"
1293491	"[""R01BA03"", ""R06AB04""]"
1294543	"[""A08AA10""]"
1300195	"[""R05DA09"", ""R06AB06""]"
1300392	"[""J07AF01"", ""J07AM01""]"
1303930	"[""G03AC03""]"
1307241	"[""R01BA02"", ""R05CA03""]"
1356673	"[""P03AX06""]"
1356815	"[""R01BA03"", ""R06AB01""]"
1356833	"[""R01BA02"", ""R06AB01""]"
1358640	"[""R01BA03""]"
1358711	"[""R01BA02"", ""R05CA03"", ""R05DA09""]"
1358729	"[""D01AC01""]"
1359345	"[""D06AX05""]"
1360375	"[""G03CA03""]"
1373337	"[""D10BA01""]"
1374389	"[""H02AB02""]"
1421893	"[""D04AB01""]"
1433251	"[""N02AA03""]"
1435159	"[""D01AE04""]"
197892	"[""N05AN01""]"
1483141	"[""P03AX05""]"
1488047	"[""D10AD01""]"
1493276	"[""J05AB01""]"
1494825	"[""D10AF06""]"
1535230	"[""N05CM18""]"
1544398	"[""L04AX03""]"
1544719	"[""D02AE01""]"
1545309	"[""R06AB06""]"
1549091	"[""G03AC03""]"
1549401	"[""D04AB01""]"
1596005	"[""A01AA01""]"
1361021	"[""C04AB01""]"
1729200	"[""C09AA02""]"
1734203	"[""N01BB09""]"
1736470	"[""B01AC16""]"
1790347	"[""V03AF07""]"
1790513	"[""J06BB01""]"
1795950	"[""A09AB04""]"
1803937	"[""V03AF03""]"
1809104	"[""N01AH03""]"
1809525	"[""J06BA01""]"
1855744	"[""L01FX10""]"
1870937	"[""L01CD02""]"
1876498	"[""D08AJ01""]"
1926851	"[""N06BA04""]"
197679	"[""G03CA01""]"
197701	"[""J02AC01""]"
197729	"[""G01AX06""]"
1244523	"[""R01BA03"", ""R06AB01""]"
1245976	"[""M09AX01""]"
1294381	"[""D04AA32"", ""D08AE03""]"
1297949	"[""N02BE01""]"
1299231	"[""G03CA04""]"
1302281	"[""A06AA02""]"
1304119	"[""R05CA03""]"
1305337	"[""C05AX04""]"
1305770	"[""R06AB04""]"
1311221	"[""D01AE18""]"
1359032	"[""G03AA05""]"
1363650	"[""R06AB01""]"
141928	"[""N05BA12""]"
1421552	"[""C05AX04""]"
197928	"[""N05BC01""]"
1439899	"[""C02KX05""]"
1442980	"[""P03AX05""]"
1482533	"[""R06AE07""]"
1489998	"[""P03AX05""]"
1494827	"[""D10AF06""]"
1539885	"[""R03BB07""]"
1542942	"[""A07AA09""]"
1360201	"[""R03AC02""]"
1597599	"[""H01CB05""]"
1601112	"[""B03BA05""]"
1604336	"[""G01AF01""]"
1649604	"[""L03AB13""]"
1241882	"[""R05DA09""]"
1593881	"[""R01AX""]"
1600915	"[""N04BA02""]"
1248011	"[""A06AA02"", ""A06AB06""]"
1302833	"[""A08AA01"", ""N03AX11""]"
1599495	"[""M02AB01""]"
1650030	"[""J01AA02""]"
1650896	"[""L03AB11""]"
1487371	"[""D01AE12""]"
1550964	"[""G03FA01""]"
1603845	"[""J01DD52""]"
1605437	"[""D10AE01""]"
1607617	"[""N06AX23""]"
1650444	"[""J01AA02""]"
1250471	"[""D01AE12""]"
1292448	"[""D10AE01""]"
1358779	"[""R06AB01""]"
1441654	"[""D11AX12""]"
631715	"[""S02BA01"", ""S02AA11""]"
670000	"[""J01XX08""]"
629417	"[""R02AD01""]"
664799	"[""R05FB02""]"
672582	"[""R05CA03""]"
744636	"[""C09DB02""]"
745302	"[""J01CE01""]"
688397	"[""A01AA01""]"
721793	"[""N05AH04""]"
759494	"[""R01BA02"", ""R06AB01"", ""R06AB04""]"
721794	"[""N05AH04""]"
892118	"[""A07AA01""]"
904427	"[""M05BA04""]"
904882	"[""N02AE01""]"
727967	"[""V08AB04""]"
790840	"[""C08CA07""]"
861233	"[""N06BA01"", ""N06BA02""]"
861830	"[""A09AA01""]"
864978	"[""N07BC02""]"
866086	"[""N05BE01""]"
865117	"[""N05AB02""]"
891522	"[""A11GA01"", ""A11HA02"", ""A11HA04"", ""A11HA05"", ""B03BA01"", ""B03BB01""]"
900138	"[""S01XA20""]"
903442	"[""H03AA01"", ""H03AA02""]"
309296	"[""A02BA01""]"
311218	"[""A07BC01"", ""A07BC02""]"
312048	"[""C04AA02"", ""G02CA02""]"
312752	"[""C03BA02""]"
1087964	"[""G03DA03""]"
1986354	"[""A10AB05""]"
198908	"[""A12CB02""]"
199870	"[""M02AB01""]"
2001260	"[""C10AA08""]"
2003799	"[""N03AX09""]"
204490	"[""C05BB04""]"
204589	"[""S02AA03""]"
204709	"[""D08AE03""]"
205328	"[""J05AF05""]"
205234	"[""A02AD01""]"
996131	"[""R01BA02"", ""R05CA03"", ""R05DA04""]"
996650	"[""R01BA02"", ""R05DA04"", ""R06AX07""]"
998426	"[""D07AA02""]"
351250	"[""N06AB10""]"
823878	"[""M01AX05"", ""M01AX25""]"
826098	"[""N06AB03""]"
863631	"[""G04BD04""]"
991288	"[""D08AG03""]"
750207	"[""C10BX03""]"
867510	"[""L01XE11""]"
991071	"[""N05AA01""]"
309272	"[""N02BA03""]"
310869	"[""D07AA02""]"
312016	"[""C01DA02""]"
309000	"[""V03AN01"", ""V03AN02""]"
198368	"[""N03AA02""]"
1992703	"[""A10BD23""]"
200321	"[""H05BX02""]"
204632	"[""B03AA07""]"
207008	"[""L03AB04""]"
997496	"[""R06AX26""]"
997618	"[""N01AB08""]"
313891	"[""R01BA01"", ""R06AB04""]"
314058	"[""M01AE03""]"
314092	"[""A07EC02""]"
348025	"[""A11GA01"", ""A11HA01"", ""A11HA02"", ""A11HA04"", ""B03BA01"", ""B03BB01""]"
351179	"[""R01AX""]"
1988751	"[""D01AE12""]"
313366	"[""N05AF04""]"
805131	"[""B05BA02""]"
901190	"[""J01CE09""]"
647869	"[""N02BE01"", ""N06BC01""]"
672248	"[""A12BA01""]"
687064	"[""J05AR05""]"
654208	"[""A12AA03""]"
672156	"[""J01FF02""]"
644096	"[""R06AB04""]"
647239	"[""A10BD06""]"
728997	"[""R05DB05""]"
797704	"[""D10AE01""]"
688393	"[""A01AA01""]"
748325	"[""B02BD30""]"
795945	"[""J07AF01""]"
861824	"[""A10BD05""]"
861960	"[""N06BA13""]"
866415	"[""C07AB02""]"
866502	"[""C07BB02""]"
895526	"[""H02AB02"", ""S01BA01""]"
309345	"[""C05AA01"", ""D07AA02""]"
309710	"[""N05CM18""]"
311554	"[""N05AC03""]"
707922	"[""R06AC01""]"
746804	"[""R03BA07""]"
748740	"[""L01CE01""]"
794229	"[""B01AC06""]"
798210	"[""V10XA53""]"
861083	"[""B03BA01"", ""B03BB01""]"
861838	"[""A09AA01""]"
891438	"[""C01CA24"", ""R03AA01""]"
892251	"[""H03AA01""]"
896876	"[""N02BA05"", ""N06BC01""]"
898694	"[""A11CC05"", ""A12AA13""]"
899607	"[""C01DA02""]"
966168	"[""H03AA01""]"
966243	"[""H03AA01""]"
992693	"[""N05AA01""]"
995125	"[""R05DA04""]"
966284	"[""H03AA01""]"
94188	"[""J01AA07""]"
308477	"[""R01BA01"", ""R06AB04""]"
308899	"[""A02AF02""]"
308963	"[""C09AA01""]"
309604	"[""B03BA01""]"
309692	"[""S01BA01""]"
310684	"[""C05AA01"", ""D01AE12""]"
1088800	"[""A11CC05""]"
198303	"[""H02AB08""]"
198382	"[""J05AB09""]"
198809	"[""B03AB02""]"
2055676	"[""N05AX08""]"
207233	"[""J01CF04""]"
995232	"[""N05BB01""]"
313859	"[""C08EA02""]"
826925	"[""A08AA01""]"
904454	"[""N02AF02""]"
994430	"[""N02BA01""]"
204499	"[""G03CB02""]"
896272	"[""R03AK06""]"
993936	"[""N02BE01"", ""R05DA04""]"
993954	"[""N06AX12""]"
308296	"[""N02BA05"", ""N02BE01"", ""N06BC01"", ""R01BA01""]"
308586	"[""N03AA02""]"
2049533	"[""D04AB01""]"
206373	"[""D07AA02""]"
996087	"[""S01EA02""]"
876425	"[""S02AA16""]"
866105	"[""N05AX13""]"
308194	"[""J01CA04""]"
347743	"[""V03AN01"", ""V03AN04""]"
637173	"[""J01DB01""]"
664732	"[""R05CB01""]"
750839	"[""J01FA01""]"
755681	"[""A12AA02""]"
762672	"[""L01XD04""]"
795815	"[""A09AA04""]"
892598	"[""N02AA01""]"
978017	"[""A07DA03""]"
308383	"[""A11GA01""]"
205683	"[""H02AB02""]"
762830	"[""H01AC01""]"
792623	"[""C05AX04""]"
863849	"[""N02AA01"", ""N07BB04""]"
866429	"[""C07AB02""]"
880657	"[""H02AB02""]"
892671	"[""N02AA01""]"
895055	"[""D10AE01""]"
897089	"[""J01ED01""]"
900420	"[""D07AA02""]"
904462	"[""M05BB03""]"
966166	"[""H03AA01""]"
979137	"[""D08AX07""]"
966206	"[""H03AA01""]"
993512	"[""N06AX12""]"
308694	"[""D10AE01""]"
309321	"[""J01FA09""]"
1089123	"[""R01BA02""]"
1090777	"[""D07AA02""]"
308913	"[""A02AD01""]"
198314	"[""C03EA01""]"
198304	"[""H02AB08""]"
198887	"[""D02AE01""]"
2045500	"[""N02AJ17""]"
205365	"[""C02AA02"", ""C03BA04""]"
2055307	"[""N02AA01""]"
205717	"[""H02AB02""]"
205740	"[""S01EB03""]"
2058867	"[""L01BC05""]"
995433	"[""N05BB01""]"
996247	"[""R01BA02"", ""R05CA03"", ""R05DA04""]"
998254	"[""R01BA02""]"
808900	"[""B03BA01"", ""B03BB01""]"
810090	"[""N04BA03""]"
824600	"[""R05CA03""]"
825193	"[""R01BA02"", ""R05DA04"", ""R06AB04""]"
861715	"[""R07AA02""]"
977851	"[""N06BA03""]"
992454	"[""R06AD02""]"
993066	"[""R05DA04"", ""R06AD02""]"
308724	"[""L01XF03""]"
754484	"[""R01BA02"", ""R05CA03""]"
978739	"[""B01AB04""]"
309145	"[""A07BA01""]"
200298	"[""N01BX04""]"
809242	"[""A09AA01""]"
905271	"[""N04AA01""]"
617976	"[""J01CA04""]"
637458	"[""S01KA02""]"
644992	"[""R06AB02""]"
731370	"[""N02BE01""]"
754505	"[""N05AH03""]"
730046	"[""B03XA02""]"
705909	"[""A06AA01""]"
731328	"[""L03AB11""]"
763185	"[""H02AB07""]"
708224	"[""R03DA04""]"
763066	"[""P03AC04""]"
861604	"[""P01CX01""]"
861956	"[""N06BA13""]"
799026	"[""N06AB03""]"
724154	"[""A07EC01""]"
752894	"[""L02AE02""]"
864946	"[""R05CA03""]"
902306	"[""D08AG03""]"
905101	"[""M05BA07""]"
92582	"[""D07AC13""]"
978737	"[""B01AB04""]"
993687	"[""N06AX12""]"
993781	"[""N02AJ06""]"
899688	"[""C01DA02""]"
979381	"[""R03CB03""]"
308411	"[""N02BA01""]"
309149	"[""A07BA01""]"
310748	"[""J07BC02""]"
311289	"[""N03AX14""]"
312646	"[""N05AA03""]"
312845	"[""N04BC04""]"
198745	"[""D11AX05""]"
199522	"[""A11HA02""]"
205162	"[""D01AE12""]"
205495	"[""D05AC01""]"
205747	"[""V03AB03""]"
996257	"[""R01BA02"", ""R05CA03"", ""R05DA04""]"
999536	"[""B03BA01"", ""B03BB01""]"
403852	"[""N04BA03""]"
831055	"[""C08DB01""]"
831391	"[""D01AC02""]"
686424	"[""J01FA01""]"
866486	"[""A02AC01""]"
892246	"[""H03AA01""]"
897683	"[""C08DA01""]"
899511	"[""N06BA11""]"
308596	"[""A03BA04""]"
966285	"[""H03AA01""]"
311098	"[""D08AG03""]"
1996254	"[""C09CA03""]"
352213	"[""B01AC21""]"
896971	"[""V04CF01""]"
905030	"[""M05BA07""]"
311537	"[""A03AB08"", ""N05BC01""]"
199055	"[""P01AB01""]"
199370	"[""J01MA02""]"
2049271	"[""N05AX17""]"
205857	"[""J01FA09""]"
995719	"[""R01BA01"", ""R05CA03"", ""R05DA04""]"
996462	"[""R05CA03"", ""R05DA04""]"
996748	"[""N06DX01""]"
997621	"[""A01AB09"", ""D01AC02"", ""G01AF04""]"
312903	"[""L03AA09""]"
313584	"[""N06AX16""]"
347943	"[""V03AN01""]"
351068	"[""G03CB01""]"
351136	"[""R03AC02""]"
805013	"[""R06AB06""]"
831838	"[""A01AA01""]"
834784	"[""N02AC04"", ""N06BC01""]"
2003179	"[""R05DA09"", ""R06AB04""]"
312888	"[""D01AE12""]"
313404	"[""J01CA13""]"
389221	"[""G03AC08""]"
800899	"[""B05CX03"", ""B05XB03"", ""N06AX02"", ""V03AB26""]"
802720	"[""S02DA03""]"
804151	"[""N02BE01""]"
806413	"[""A12CA01"", ""B05CB01"", ""B05XA03"", ""B05XA01""]"
830872	"[""C08DB01""]"
308869	"[""A11CC04""]"
825134	"[""A07EC02""]"
848736	"[""N05AX14""]"
849082	"[""A11HA03"", ""C01EB09""]"
856825	"[""N05AB03"", ""N06AA09""]"
857004	"[""N02AJ22""]"
857370	"[""N02BE01"", ""R05DA03""]"
207436	"[""J04AB02""]"
207634	"[""V03AH01""]"
208220	"[""C10AA01""]"
208464	"[""N05CD07""]"
2103199	"[""N01AH03""]"
2105929	"[""N02AA08"", ""N02BE01"", ""N06BC01""]"
210823	"[""A02AB01""]"
211201	"[""C05AD02"", ""D04AB06""]"
211202	"[""C05AD02"", ""D04AB06""]"
211499	"[""N02BE01"", ""N06BC01""]"
211591	"[""D07AA02""]"
211598	"[""D07AA02""]"
211832	"[""B01AC06""]"
2119808	"[""D04AB01""]"
2120579	"[""D01AE18""]"
2121950	"[""A01AA01""]"
213034	"[""D08AE05""]"
213502	"[""L01XF02""]"
2168784	"[""N02BE01"", ""R01BA01"", ""R05DA09""]"
2171258	"[""D08AJ01""]"
2173829	"[""R01BA02"", ""R05CA03"", ""R05DA09""]"
2180419	"[""A12CC04""]"
2182346	"[""R01BA02"", ""R06AB04""]"
209788	"[""A16AA04""]"
215850	"[""A12AA04""]"
1092459	"[""R06AA02""]"
1092723	"[""A12AA13""]"
1094216	"[""R06AA02""]"
1094586	"[""D10AE01""]"
1095372	"[""D08AJ01""]"
1099708	"[""R01BA02"", ""R05CA03"", ""R05DA04"", ""R06AX07""]"
1099880	"[""R01BA02"", ""R06AX07""]"
1111011	"[""G03AC08""]"
1111171	"[""R01BA02"", ""R06AB04""]"
1115497	"[""A11CC05"", ""M01AX05"", ""M01AX25""]"
1116528	"[""R06AX26""]"
1116931	"[""P03AX05""]"
210111	"[""A02AC01""]"
1147709	"[""R01BA02"", ""R05CA03"", ""R05DA04""]"
1098647	"[""R05CA03"", ""R05DA09""]"
1150496	"[""D01AE12""]"
1189685	"[""H03AA01""]"
1190122	"[""M09AX01""]"
1233694	"[""D04AB07""]"
1233720	"[""D01AE12""]"
1234240	"[""G04BE01""]"
1234580	"[""S01GA05""]"
1234539	"[""D04AB07""]"
404047	"[""D11AX11""]"
404537	"[""D01AE12""]"
539384	"[""N05CD07""]"
544768	"[""B02BC06"", ""B02BD30""]"
562707	"[""J01EA01""]"
580294	"[""D01AC14""]"
605744	"[""D02AE01""]"
616910	"[""R05DB05"", ""R06AB04""]"
858880	"[""R01BA02"", ""R05DA03"", ""R06AA08""]"
859021	"[""R01BA02"", ""R05DA03"", ""R06AB04""]"
859031	"[""R01BA03"", ""R05DA03"", ""R06AB04""]"
859044	"[""N04BC05""]"
860167	"[""R05CA03"", ""R05DA03""]"
1001031	"[""S01EB01""]"
1001085	"[""S01EA01"", ""S01EB01""]"
1009492	"[""G03BA03""]"
1012404	"[""N01BB01""]"
1012442	"[""D10AX01""]"
1012690	"[""R01BA03"", ""R06AA08""]"
1012722	"[""N01BB03""]"
1013647	"[""M01AX05"", ""M01AX25""]"
1020032	"[""D10AE01""]"
1020126	"[""R06AX13""]"
1037379	"[""R01BA03"", ""R06AB01""]"
1038559	"[""D09AA11""]"
1043650	"[""R01BA02"", ""R05DA04"", ""R06AX07""]"
104531	"[""R03AC12""]"
1046635	"[""R05FB02""]"
1047793	"[""A03BA03"", ""G04BX12"", ""J01XX05"", ""V03AB17"", ""V04CG05""]"
1048061	"[""A03BA03""]"
104838	"[""N06AF04""]"
1049227	"[""N02AJ17""]"
1053327	"[""N02BA01""]"
1053758	"[""D08AE05""]"
1085771	"[""D07AB09""]"
1086683	"[""C01EB09""]"
244487	"[""D07AC01""]"
252006	"[""M02AB01""]"
259143	"[""M01AX25""]"
283223	"[""P03AC01""]"
1658695	"[""R02AD01""]"
213630	"[""H02AB01""]"
1101429	"[""R06AA09""]"
1115579	"[""N01AH01"", ""N02AB03""]"
404476	"[""L04AX01""]"
577232	"[""C05AX04""]"
1012954	"[""R01BA02"", ""R05DA09"", ""R06AA08""]"
1020364	"[""D08AX08""]"
1039030	"[""D08AJ08""]"
1040050	"[""A02AF02""]"
1041882	"[""D08AX08""]"
1046314	"[""D08AX08""]"
1048058	"[""A03BA03""]"
1049634	"[""R06AA02""]"
239180	"[""L01AD04""]"
243797	"[""A11CA02""]"
539485	"[""J05AP01""]"
1086006	"[""H02AB08""]"
1719243	"[""B02BD02""]"
1048452	"[""C10AC02""]"
244535	"[""D01AE12""]"
1661432	"[""A12CA01"", ""B05CB01"", ""B05XA03""]"
1721310	"[""J02AC01""]"
311078	"[""L03AB05""]"
1998774	"[""R03BA01""]"
2001321	"[""R03DX07""]"
205324	"[""N06BA07""]"
205820	"[""J01CA01""]"
205843	"[""J01CR04""]"
206839	"[""C01DA08""]"
207350	"[""N06AB05""]"
204624	"[""A11HA04""]"
207340	"[""N05CC05""]"
996135	"[""R01BA02"", ""R05CA03"", ""R05DA04""]"
996512	"[""R05FA02""]"
313401	"[""J01CA13""]"
348562	"[""V03AN01""]"
804146	"[""A11CC05""]"
804567	"[""A02AF02""]"
826870	"[""A08AA01""]"
830847	"[""C08DB01""]"
836368	"[""R03BB01""]"
348530	"[""V03AN01""]"
846127	"[""D08AC02""]"
852980	"[""C01BA01""]"
854252	"[""B01AB05""]"
857151	"[""N02BE01"", ""R05DA03""]"
855170	"[""R06AE09""]"
208490	"[""D10AE01""]"
209864	"[""N02BE01""]"
209970	"[""N01BA03""]"
210248	"[""A12AA04"", ""A12CD01""]"
210347	"[""D08AE03""]"
2118539	"[""S01BA14""]"
213460	"[""J05AF06""]"
214080	"[""S01AA02""]"
2168785	"[""N02BE01"", ""R01BA01"", ""R05CA03"", ""R05DA09""]"
2178017	"[""R05DA09"", ""R06AB04""]"
237424	"[""A12AA10""]"
1090496	"[""R05DA09""]"
1098666	"[""N06AX06""]"
1098914	"[""R01BA02"", ""R05CA03""]"
1099446	"[""R01BA02""]"
1100457	"[""A11HA02""]"
1114821	"[""N02BE01""]"
404507	"[""A02AF02""]"
801054	"[""A06AD65""]"
825321	"[""D06BB03""]"
312219	"[""G04BE02""]"
1090468	"[""R01BA02"", ""R05CA03"", ""R05DA09""]"
1993067	"[""D08AX01""]"
205285	"[""L04AK01""]"
205788	"[""A07AA07""]"
206858	"[""C01DA14""]"
207058	"[""A14AB01""]"
996216	"[""R01BA02"", ""R05CA03"", ""R05DA04""]"
996623	"[""R05DA04""]"
997228	"[""N06DA02""]"
997415	"[""R01BA02""]"
998212	"[""N02AA01""]"
346573	"[""A09AA01""]"
349013	"[""A09AA01""]"
352263	"[""N02BE01""]"
360576	"[""A09AA04""]"
402247	"[""J05AE08""]"
404065	"[""D10BA01""]"
833561	"[""M01CB01""]"
995040	"[""R05DA04"", ""R06AB04""]"
314012	"[""C05AA01""]"
997303	"[""R05DA04""]"
849668	"[""C10AD02""]"
858346	"[""M01AB05""]"
208180	"[""J01CA12""]"
208456	"[""N06DA01""]"
208502	"[""D10AE01""]"
209010	"[""V03AE07""]"
209692	"[""C01BA03""]"
2099697	"[""G03BA03""]"
211254	"[""D01AE12""]"
213065	"[""D10AB02""]"
213379	"[""L04AK01""]"
2167737	"[""R05DA09""]"
2178759	"[""N01BB01""]"
218860	"[""S01XA""]"
224945	"[""L01BC02""]"
1094068	"[""G01AD01""]"
1094104	"[""G04BX06""]"
1100706	"[""A10BH05""]"
1101616	"[""J01EB03""]"
1114041	"[""R05DA09""]"
1116307	"[""A11HA03""]"
1189697	"[""H03AA01""]"
832907	"[""A11CC05"", ""A12AA04""]"
1146712	"[""D01AE12""]"
1193046	"[""A11CC05"", ""A11HA02"", ""B03BA01"", ""B03BB01""]"
1233540	"[""J01CE09""]"
1234546	"[""D04AB07""]"
465377	"[""V03AB23""]"
540490	"[""R03DA01"", ""R05CA03""]"
542438	"[""H01AC01""]"
577154	"[""L02AB01""]"
603534	"[""A02BC05""]"
859097	"[""R05CA09"", ""R05DA03""]"
860133	"[""R01BA02"", ""R05DA03""]"
1000072	"[""N06AA12""]"
1000118	"[""L02AB02""]"
1012228	"[""G01AE10""]"
1012904	"[""R06AA08""]"
1012971	"[""R01BA02"", ""R06AA08""]"
1048044	"[""A03BA03"", ""G04BX12"", ""J01XX05"", ""V03AB17"", ""V04CG05""]"
1049179	"[""R01BA02""]"
1049371	"[""D08AJ01""]"
1049633	"[""R06AA02""]"
1049658	"[""N02AJ17""]"
1049651	"[""N02AJ17""]"
1050336	"[""D08AE04""]"
105260	"[""J01FA10""]"
1053664	"[""N02AB03""]"
106351	"[""D06BA01""]"
247973	"[""R02AD01""]"
261281	"[""N02BF01""]"
283063	"[""A12AA04""]"
284509	"[""N05AH04""]"
1665227	"[""J01MA02""]"
1665507	"[""J01MA12""]"
1666116	"[""R05DA09"", ""R06AB01""]"
1667351	"[""R05DA09""]"
1722236	"[""C05AX04""]"
1722359	"[""M01AC06""]"
1723988	"[""D04AB01""]"
1090076	"[""R06AA02""]"
1098781	"[""D10AB02""]"
1111341	"[""S01GX09""]"
410503	"[""N06AX01""]"
580001	"[""S01XA20""]"
858875	"[""R01BA03"", ""R05DA03"", ""R06AB04""]"
1038876	"[""N02BE01"", ""R05DA09"", ""R06AB04""]"
1043574	"[""A10BD10""]"
1046230	"[""S01GA01""]"
1046838	"[""D01AE12""]"
1049525	"[""R01BA02""]"
1053701	"[""D01AA01"", ""D07AB09""]"
1664664	"[""N06BC01""]"
1733865	"[""D04AB06""]"
260376	"[""G04CA03""]"
1191513	"[""N01BB01""]"
1232585	"[""N06AX12""]"
416212	"[""D01AE12""]"
432638	"[""N02BE01""]"
539712	"[""J01XE01""]"
539741	"[""J01FA15""]"
543612	"[""D11AX11""]"
581575	"[""J01DD13""]"
581586	"[""J01DB09""]"
583482	"[""J01FA10""]"
597980	"[""C10BX03""]"
860269	"[""R05CA03"", ""R05DA03""]"
860285	"[""R05CA03"", ""R05DA03""]"
1014456	"[""R01BA02"", ""R05DA09"", ""R06AB04""]"
1020049	"[""D10AE01""]"
1037065	"[""D01AE12""]"
1037414	"[""R01BA02"", ""R06AA08""]"
1039790	"[""A07BC01""]"
1043219	"[""J01CF02""]"
1046644	"[""S01GA51""]"
1047908	"[""A03BA03""]"
105018	"[""N03AX09""]"
108473	"[""J05AF03""]"
243005	"[""N02BE01"", ""R01BA01""]"
247667	"[""A12BA05""]"
251155	"[""R01BA02"", ""R05CA03""]"
282726	"[""A16AA03""]"
284460	"[""N02CC01""]"
307730	"[""J05AB01""]"
1656356	"[""C09DX04""]"
1657013	"[""L01FX04""]"
1657362	"[""J06BD01""]"
1723208	"[""N01AH02""]"
1723996	"[""D04AB01""]"
208679	"[""B01AD04""]"
2117609	"[""A12AA03""]"
2182351	"[""R01BA03"", ""R05DA03"", ""R06AB04""]"
1149667	"[""G03AA07"", ""G03CA01""]"
1000647	"[""S01EB01""]"
1049095	"[""D08AJ08""]"
105552	"[""L01AD01""]"
237506	"[""B03AA07""]"
245692	"[""J01MA05""]"
284511	"[""S01KA02""]"
1730194	"[""M03AC11""]"
311290	"[""N03AX14""]"
312578	"[""V03AB04""]"
199150	"[""A10BF01""]"
207108	"[""J02AC01""]"
207273	"[""C01DA02""]"
995258	"[""N05BB01""]"
313291	"[""R03DA04""]"
313628	"[""A11GA01""]"
374474	"[""C05AX04""]"
805127	"[""B05BA02""]"
809394	"[""A03AX13""]"
830865	"[""C08DB01""]"
996609	"[""N06DX01""]"
834022	"[""M01AB15""]"
835589	"[""N06AA02""]"
835913	"[""P01BC02""]"
836645	"[""N05CF02""]"
848582	"[""N04BC04""]"
856775	"[""N06AA09""]"
1091178	"[""N06BA04""]"
1091172	"[""N06BA04""]"
1098767	"[""N06BX06""]"
1099038	"[""A01AA01""]"
1099285	"[""R05DA09""]"
1101525	"[""N02BE01""]"
1101726	"[""D11AX12""]"
1101932	"[""N06BA11""]"
1149381	"[""A01AA01""]"
1235505	"[""R01BA02""]"
207832	"[""B02BA01""]"
208853	"[""N06AX16""]"
209027	"[""N03AX10""]"
209105	"[""R05CA03""]"
210301	"[""A03AX13""]"
211198	"[""S01EB02""]"
211604	"[""D11AX11""]"
211754	"[""S01BA04""]"
212306	"[""J01DB01""]"
213435	"[""C08EA02""]"
213504	"[""C02AA02"", ""C03AA04""]"
213824	"[""J01DB05""]"
235636	"[""G03CA07"", ""G03CC04""]"
545122	"[""S01AE05""]"
562106	"[""M09AX01""]"
562612	"[""A07BA01""]"
857123	"[""R05DA03""]"
858777	"[""R01BA03"", ""R05DA03"", ""R06AB04""]"
860283	"[""R05CA03"", ""R05DA03""]"
860717	"[""N06DA04""]"
1000068	"[""N06AA12""]"
1006114	"[""D10AB02""]"
1012406	"[""N01BB01""]"
1020019	"[""R06AE07""]"
1039397	"[""D08AE04""]"
1040036	"[""N05AE05""]"
1048407	"[""N01BX02"", ""R02AD04""]"
239994	"[""A11GA01""]"
241622	"[""C01EB09""]"
242049	"[""A11CC01""]"
248279	"[""C05AX04""]"
283293	"[""A11GA01""]"
284521	"[""D11AH01""]"
1660761	"[""M02AB01""]"
1665061	"[""C08DA01""]"
1665046	"[""J01DD04""]"
1665008	"[""J01DD04""]"
1720760	"[""V03AF04""]"
1724808	"[""N01BB01""]"
1113058	"[""R06AE04""]"
212741	"[""A02BA01""]"
485421	"[""G04BD10""]"
486155	"[""G03CA03""]"
860518	"[""C07AG02""]"
860745	"[""R06AA10""]"
1052770	"[""D08AE04""]"
240952	"[""A11HA05""]"
261250	"[""A06AB05""]"
1673298	"[""N01BB01""]"
243619	"[""N05AF03""]"
1742225	"[""B05AA01""]"
1743707	"[""H02AB04""]"
1788938	"[""A02AA04"", ""A03AX13"", ""A12AA04""]"
1799306	"[""L01DB01""]"
1799434	"[""C01DA02""]"
1799842	"[""B05BA02""]"
1802555	"[""R02AD01""]"
1806942	"[""L01XG02""]"
1807552	"[""B05XA03""]"
1809508	"[""J06BA01""]"
1809644	"[""J06BA01""]"
1811003	"[""A10BD16""]"
1811763	"[""G03AC01""]"
1865199	"[""P03AX06""]"
1868495	"[""C01DA02"", ""C05AE01""]"
1869883	"[""R06AA08""]"
1875237	"[""D04AB01""]"
1928004	"[""D10AB02""]"
197305	"[""S02AA10""]"
197552	"[""L04AD01""]"
1805273	"[""G03AA07""]"
1242401	"[""R01BA02""]"
1243679	"[""N02BE01"", ""R05CA03""]"
1245389	"[""A12CC01""]"
1246310	"[""R03AK09""]"
1246586	"[""C05AA01"", ""D04AB07""]"
1246604	"[""M09AX01""]"
1248042	"[""R01BA02"", ""R05CA03"", ""R05DA03""]"
1250478	"[""D04AA32"", ""D08AE03""]"
1291288	"[""B03BA01""]"
1291312	"[""G04BE10""]"
1293123	"[""G01AD01""]"
1294334	"[""C05AD07"", ""D04AB07""]"
1294574	"[""R01BA02""]"
1299682	"[""R03AB02"", ""R03CB01""]"
1299914	"[""N03AG06""]"
1303738	"[""N02AA01""]"
1293482	"[""R06AB04""]"
1307251	"[""R01BA02"", ""R05CA03""]"
1310485	"[""R06AA02""]"
1310591	"[""R01BA02"", ""R05CA03""]"
1359127	"[""G03FA01""]"
1360016	"[""R03AC02""]"
1360186	"[""C01EA01"", ""G04BE01""]"
1364916	"[""R01BA02"", ""R05DA09"", ""R06AB01""]"
1366838	"[""N02BE01"", ""R01BA02""]"
1368437	"[""A10BD09""]"
1369817	"[""N02BE01"", ""R01BA02""]"
1369920	"[""N02BE01"", ""R05DA09""]"
1374385	"[""H02AB02""]"
197703	"[""J02AX01""]"
1431245	"[""N02BE01"", ""R05DA09"", ""R06AA09""]"
1435143	"[""R01BA02"", ""R05CA03"", ""R05DA09""]"
1437283	"[""N03AX11""]"
1439968	"[""D04AB01""]"
1442848	"[""D07AA02"", ""D08AH30""]"
1484895	"[""D01AE12""]"
1485075	"[""D01AE12""]"
1489374	"[""D07AA02""]"
151030	"[""D07AC13""]"
152954	"[""N04BC04""]"
1535970	"[""R01BA02"", ""R05CA03"", ""R05DA09""]"
1537194	"[""D07AA02"", ""D04AA32"", ""D08AJ08""]"
1537336	"[""D01AC08"", ""D08AC02""]"
1543953	"[""J01AA02""]"
1544400	"[""L01BA01"", ""L04AX03""]"
1544558	"[""D06AX04""]"
1552573	"[""S03CA06""]"
1593835	"[""A10BD15""]"
1597075	"[""G03BA03""]"
1599785	"[""C05AX06""]"
1599797	"[""L04AC10""]"
1607792	"[""V03AC03""]"
1291383	"[""C05AA01""]"
1298358	"[""S01FA04""]"
1370750	"[""D07AA02""]"
1426334	"[""N02BE01"", ""R05DA09"", ""R06AA09""]"
1426861	"[""D07CC01""]"
1790099	"[""L01DB01""]"
1791507	"[""J01AA02""]"
1794554	"[""N05BB01""]"
1795612	"[""B05BA03""]"
1811916	"[""B01AC56""]"
1813037	"[""B01AC17""]"
1858853	"[""A11CC05""]"
1860239	"[""A12BA01""]"
1926069	"[""J05AE03""]"
1941742	"[""A11CC01""]"
1946529	"[""N02AX02""]"
1236215	"[""N02AA08""]"
1247871	"[""A06AA02""]"
1250734	"[""D01AE04""]"
1251806	"[""N02BE01"", ""R01BA02"", ""R06AB06""]"
1298299	"[""R05FB02""]"
1300695	"[""D10AE01""]"
1358384	"[""R01BA02"", ""R05CA03""]"
1359894	"[""A03BA01""]"
1367268	"[""D10AE01""]"
1367429	"[""M01AE02"", ""R01BA02""]"
1369724	"[""L04AX06""]"
1374392	"[""H02AB02""]"
1422172	"[""D04AB01""]"
1423940	"[""D08AG03""]"
1429379	"[""C05AA01""]"
1436933	"[""D02AE01""]"
197735	"[""D06AX07""]"
197878	"[""P03AB02""]"
197919	"[""L01AA03""]"
198048	"[""J01MA01""]"
198086	"[""N03AA02""]"
198098	"[""R01BA01"", ""R01BA03"", ""R05CA03""]"
1494097	"[""D02AE01""]"
152941	"[""J05AF04""]"
1543172	"[""D01AE12""]"
1546881	"[""N02BE01"", ""R05DA09"", ""R06AA09""]"
1551308	"[""A10BJ05""]"
1597121	"[""G03BA03""]"
1724446	"[""N02BE01""]"
1724801	"[""G03AA05""]"
1729423	"[""L01CA04""]"
1731338	"[""L01AX04""]"
1739809	"[""N06BA01""]"
1790329	"[""D07AC21""]"
1812434	"[""D05BA02""]"
1855198	"[""C05AX04""]"
1925203	"[""C05AX04""]"
1926454	"[""B06AB01""]"
1940239	"[""D01AE12""]"
1859375	"[""B05BA02""]"
1235241	"[""L04AD02""]"
1243324	"[""J05AF07""]"
1251007	"[""D01AE04""]"
1291595	"[""A11CC05""]"
1307868	"[""P03AX05""]"
1309063	"[""R01BA03"", ""R05DA03""]"
1358617	"[""H02AB04""]"
1359911	"[""N02CC01""]"
1363826	"[""R01BA03""]"
1369422	"[""R01BA02"", ""R05DB10""]"
1427409	"[""P03AC01""]"
1437473	"[""N02BE01""]"
197848	"[""C08CA03""]"
197871	"[""N04BA01""]"
198076	"[""N05AB03""]"
1486830	"[""P02BA01""]"
1534666	"[""N02BE01"", ""R05DA09"", ""R06AB04""]"
1534788	"[""D09AA12""]"
153834	"[""J05AF02""]"
1540868	"[""J01XX11""]"
1552009	"[""R03BB04""]"
1734354	"[""V03AB03""]"
1734917	"[""L01AA01""]"
1736854	"[""L01XA01""]"
1790819	"[""A04AA04""]"
1797872	"[""R01AD04""]"
1801295	"[""A12BA01""]"
1808223	"[""N01AX10""]"
1809475	"[""J06BA01""]"
1860127	"[""N02AA05""]"
1861935	"[""R05DA09""]"
1874000	"[""D11AX12""]"
1923410	"[""A07FA51""]"
197422	"[""L01AB01""]"
1242815	"[""D06BX02""]"
1246906	"[""C05AX04""]"
1247576	"[""S01JA01""]"
1247814	"[""D01AC01""]"
1248448	"[""A01AA01""]"
1251600	"[""N05CA03""]"
1293489	"[""R06AB04""]"
1298874	"[""C02BB01""]"
1298953	"[""L01FD02""]"
1359271	"[""J05AE10""]"
1359704	"[""C01DA02"", ""C05AE01""]"
1360108	"[""C01DA02"", ""C05AE01""]"
1362948	"[""B01AB01""]"
1364100	"[""D08AE05"", ""D08AE04""]"
1369736	"[""L04AX06""]"
1370218	"[""R05DA09""]"
1427392	"[""R05DA09""]"
197951	"[""C03AA08""]"
1545172	"[""A07EA02""]"
1552349	"[""A04AA05""]"
1599159	"[""D10AB02""]"
1600726	"[""C09BB04""]"
1602604	"[""N05AX12""]"
1653198	"[""A10AB05""]"
1298870	"[""N06AA21""]"
1484296	"[""V03AE05""]"
1653119	"[""R05DB10""]"
1652834	"[""J06BB05""]"
1363726	"[""R05DA09""]"
1482517	"[""N03AF04""]"
1648122	"[""D02AB""]"
1599816	"[""M02AB01""]"
1648780	"[""C10AX12""]"
1653134	"[""R05CA03"", ""R05DA09""]"
1811257	"[""L04AC05""]"
197392	"[""M03BX01""]"
1485220	"[""D02AA""]"
1602161	"[""D02AA""]"
1608797	"[""M01AE02""]"
1653196	"[""A10AB05""]"
1432514	"[""D02AB""]"
1440191	"[""D02AA""]"
1490465	"[""N06BC01""]"
153822	"[""C09CA06""]"
631357	"[""J04AB02"", ""J04AC01""]"
644287	"[""D04AB01""]"
688665	"[""A06AA01"", ""A06AB04""]"
744790	"[""R02AD01""]"
707322	"[""N02BE01""]"
762422	"[""D01AE18""]"
799830	"[""L01EA02""]"
727995	"[""B05XA02""]"
645651	"[""D10AD01""]"
753273	"[""G03AA05""]"
701476	"[""A12AA04""]"
702022	"[""B03AA02"", ""B03BB01""]"
753479	"[""G03AA11""]"
755293	"[""R03DA04""]"
757703	"[""C10AA01""]"
797878	"[""D10AE01""]"
904952	"[""M05BA06""]"
310474	"[""J01GB03""]"
745768	"[""D01AE13""]"
866427	"[""C07AB02""]"
884198	"[""C02LC01""]"
900500	"[""D07AA02""]"
901525	"[""C08DA01""]"
966591	"[""C02AA02"", ""C02DB02"", ""C03AA03""]"
978658	"[""A08AA03""]"
991486	"[""R05DA04""]"
308351	"[""B01AE03""]"
308857	"[""D10AX02""]"
311609	"[""J01XX05""]"
311953	"[""C10AD02""]"
312139	"[""D01AC11""]"
1087238	"[""B03AE01""]"
198302	"[""H02AB08""]"
1998772	"[""R03BA01""]"
200105	"[""J05AE01""]"
204392	"[""C10AX01""]"
996281	"[""R01BA02"", ""R05CA03"", ""R05DA04""]"
996644	"[""R01BA02"", ""R05DA04"", ""R06AX07""]"
372175	"[""B03AA03""]"
801636	"[""B05BA01""]"
797238	"[""B03BA01"", ""B03BA04""]"
895999	"[""R03BA05""]"
993783	"[""N02BE01"", ""R05DA04""]"
686538	"[""B05BA03""]"
748750	"[""J01FF01""]"
309350	"[""D07AA02"", ""D08AH30""]"
753441	"[""N06BA04""]"
311381	"[""S01BA14""]"
311892	"[""M01AX01""]"
312294	"[""N05CA01""]"
312830	"[""N05AX08""]"
1086853	"[""R06AA02""]"
201338	"[""C07AA12""]"
204627	"[""B03AA07""]"
2049256	"[""N06AX11""]"
205646	"[""L02BB01""]"
2056670	"[""N02CD01""]"
206526	"[""S02CA03""]"
206912	"[""S01EC05""]"
802049	"[""J07AM51""]"
806384	"[""S01XA20""]"
828579	"[""N02AC04"", ""N02BE01""]"
991053	"[""N05AA01""]"
978012	"[""A07DA03""]"
308494	"[""S01AA30""]"
312882	"[""D01AE12""]"
809322	"[""D10AE01""]"
903720	"[""H03AA01"", ""H03AA02""]"
992184	"[""J01XX05""]"
993537	"[""N06AX12""]"
896870	"[""G03GA01""]"
618285	"[""R01BA03"", ""R05CA03""]"
636559	"[""P01AB01""]"
636830	"[""R01BA03"", ""R05CA09"", ""R05DB05""]"
730784	"[""C01EB10""]"
669131	"[""R05CA03""]"
749289	"[""N07BA03""]"
692836	"[""N02BE01""]"
702662	"[""N01BA03""]"
668630	"[""N02AB03""]"
701984	"[""S01XA20""]"
706546	"[""D07AC18""]"
707302	"[""M01AX05"", ""M01AX25""]"
727972	"[""V08AB04""]"
762592	"[""R05CA03""]"
790245	"[""L03AB10""]"
730780	"[""S01XA03""]"
795774	"[""N03AX09""]"
860777	"[""J01MA14""]"
861520	"[""N02AB02""]"
992807	"[""N01BA04""]"
2050430	"[""D10AB02""]"
758487	"[""A02BC03"", ""M01AE02""]"
763484	"[""D04AB04""]"
861237	"[""N06BA01"", ""N06BA02""]"
861728	"[""A01AA01""]"
865560	"[""M01AB08""]"
902733	"[""N02AA03""]"
905295	"[""N04AA01""]"
93672	"[""H01BB02""]"
903847	"[""N07AA02""]"
979415	"[""R03AB03""]"
309548	"[""R03BC01""]"
309915	"[""V03AB09""]"
310230	"[""G03AA07""]"
310325	"[""B03AA07""]"
310600	"[""D01BA01""]"
311192	"[""C01DA14""]"
1088926	"[""C01EB09""]"
1992691	"[""A10BD23""]"
205790	"[""A03FA02""]"
313786	"[""S02CA03""]"
315048	"[""R05FA02""]"
351898	"[""C10AB05""]"
808917	"[""J01XX01""]"
830638	"[""B05BA01""]"
833139	"[""N06AX17""]"
835584	"[""N06AA02""]"
903316	"[""H03AA02""]"
308585	"[""N03AA02""]"
884196	"[""C02LC01""]"
199239	"[""A09AB02""]"
897083	"[""J01ED01""]"
91348	"[""D08AX01""]"
966167	"[""H03AA01""]"
977869	"[""N06BA03""]"
308918	"[""A12AA13""]"
309785	"[""B05BB02""]"
313306	"[""R03DA04""]"
377010	"[""A16AX""]"
402019	"[""G04BE08""]"
808357	"[""N01BA05""]"
809555	"[""A12AX""]"
866514	"[""C07AB02""]"
905160	"[""L04AH01""]"
310466	"[""S01AA11""]"
310669	"[""D07AD02""]"
636042	"[""C09DA03""]"
637548	"[""R06AX27""]"
636822	"[""R06AB04""]"
701711	"[""R03DA04""]"
668606	"[""L01XH01""]"
668664	"[""A02AA04""]"
700408	"[""J01AA02""]"
630303	"[""A01AA04""]"
656780	"[""A01AA01""]"
669126	"[""R05CA03""]"
750244	"[""G03AA06""]"
758025	"[""L03AB07""]"
762852	"[""H01AC01""]"
762958	"[""R06AB01""]"
794076	"[""J05AP01"", ""L03AB05""]"
750235	"[""C10BX03""]"
860771	"[""R06AA10""]"
864811	"[""N07BC02""]"
876193	"[""A06AD15""]"
727820	"[""B05XA03""]"
730513	"[""C09AA05""]"
731568	"[""J01CE08""]"
797023	"[""H02AB02""]"
892273	"[""H03AA01""]"
895024	"[""N06BA09""]"
899122	"[""J01MA02""]"
309336	"[""J01FF01""]"
309716	"[""B05AA05""]"
309767	"[""B05BA03""]"
310463	"[""G03AA05""]"
311190	"[""C01DA14""]"
312260	"[""J01CE01""]"
199159	"[""L01XF01""]"
1995136	"[""N02BE01""]"
2049411	"[""R01BA02"", ""R05DA09"", ""R06AB04""]"
2049593	"[""C08CA01""]"
205819	"[""J01CA01""]"
205811	"[""J01CA01""]"
2058508	"[""P03AC01""]"
206157	"[""N03AE01""]"
312879	"[""D01AE12""]"
313920	"[""J01DB04""]"
340276	"[""S01HA03""]"
349435	"[""J02AC03""]"
360177	"[""L04AX02""]"
831834	"[""A01AA01""]"
861818	"[""A10BD03""]"
308323	"[""N02BE01""]"
310318	"[""B03AA07""]"
706461	"[""J01FF01""]"
311245	"[""A09AA04""]"
995285	"[""N05BB01""]"
998456	"[""D01AC02""]"
656723	"[""R05CA03""]"
672149	"[""L01EH01""]"
754766	"[""G01AF01""]"
755483	"[""N05CD08""]"
861455	"[""N02AB02""]"
884530	"[""N06BA02""]"
310288	"[""C10AB05""]"
746083	"[""S01XA20""]"
749759	"[""G03AA05""]"
750254	"[""G03AA01""]"
860998	"[""A10BA02""]"
861974	"[""H03BB02""]"
904405	"[""M05BA04""]"
905349	"[""J01AA01""]"
966205	"[""H03AA01""]"
863671	"[""G04CA02""]"
308212	"[""J01CA01""]"
308377	"[""A11GA01""]"
309842	"[""N05BA01""]"
311230	"[""M01AE03""]"
311665	"[""S01ED04""]"
312141	"[""R03DA02""]"
312378	"[""A06AB04""]"
1087680	"[""N02BE01""]"
1088885	"[""D10AD02""]"
198777	"[""A06AB04""]"
1987734	"[""L01EA04""]"
2058953	"[""J01DE01""]"
206514	"[""S02CA03""]"
206158	"[""M03AC10""]"
207385	"[""C02AA02"", ""C03AA06""]"
2045196	"[""G03AA12""]"
996476	"[""C03AA04""]"
997173	"[""R05DA04""]"
999630	"[""V03AN01"", ""V03AN02""]"
313024	"[""B05CB02""]"
313521	"[""S01FA06""]"
352262	"[""B03XA02""]"
403855	"[""C09DA08""]"
748974	"[""G03DC02""]"
725105	"[""N06DA03""]"
798115	"[""D10AF02""]"
310658	"[""R03DA04"", ""R05CA03""]"
311074	"[""L03AB05""]"
313285	"[""R03DA04""]"
315169	"[""N05AB03""]"
198242	"[""N05CD07""]"
198225	"[""C03EA01""]"
198538	"[""A12AA13""]"
199012	"[""A01AB02""]"
204702	"[""G03CA57"", ""N05BC01""]"
995270	"[""N05BB01""]"
997838	"[""D02AE01""]"
313144	"[""S01AB02""]"
313272	"[""R03DA04""]"
313799	"[""J01CA01""]"
349351	"[""D07AB08""]"
349514	"[""M01AH01""]"
358912	"[""A11GA01""]"
359937	"[""R01BA03"", ""R05CA03""]"
800294	"[""B05BA01""]"
805466	"[""N07XX06""]"
806674	"[""V03AB06""]"
198837	"[""C05CA01""]"
201748	"[""N03AA03""]"
2056498	"[""H03AA01""]"
830157	"[""A16AX05""]"
847191	"[""A10AB05"", ""A10AD05""]"
848928	"[""N02AJ18""]"
851751	"[""N03AX09""]"
853460	"[""B05BB01""]"
854242	"[""B01AB05""]"
854916	"[""C07BB07""]"
856773	"[""N06AA09""]"
857094	"[""N02BE01"", ""R05DA03""]"
800862	"[""B05BA01""]"
857586	"[""R01BA03"", ""R05DA03"", ""R06AB01""]"
207560	"[""N05BA01""]"
207891	"[""C09AA06""]"
208559	"[""D07AB19""]"
209626	"[""A07BC04""]"
2103293	"[""N02BE01"", ""N06BC01""]"
2105791	"[""J01CA04""]"
210676	"[""M03AC11""]"
210673	"[""C09AA10""]"
212033	"[""N02BA01""]"
213088	"[""J05AR01""]"
213121	"[""D10AB02"", ""D10AE01""]"
213927	"[""J01DD08""]"
1091828	"[""G03AA09""]"
1093218	"[""D01AE18""]"
1094460	"[""R01BA02"", ""R05CA03"", ""R05DA09""]"
1095503	"[""R05CA03"", ""R05DA09""]"
1095600	"[""A06AB06""]"
1098435	"[""N02BE01"", ""R05CA03"", ""R05DA09""]"
1098651	"[""N06AX06""]"
1099159	"[""D09AA11""]"
1099400	"[""R01BA52""]"
1112810	"[""A02AD01""]"
1113382	"[""R01BA02"", ""R06AB04""]"
1113693	"[""D08AJ01""]"
1116365	"[]"
1119573	"[""A11AA03""]"
848730	"[""N05AX14""]"
2109530	"[]"
1188478	"[""N01AX10""]"
1191036	"[""S01HA04""]"
401954	"[""N05AX08""]"
402245	"[""J05AE08""]"
403879	"[""L01EA01""]"
429503	"[""C03AA03""]"
476549	"[""A02AD01""]"
476825	"[""R06AB01""]"
477031	"[""D02AF""]"
484500	"[""N03AA02"", ""R03DA05""]"
541662	"[""N06AB05""]"
577957	"[""N06BA01"", ""N06BA02""]"
606947	"[""A03AX10"", ""N02BE01"", ""N05CC04""]"
615107	"[""B05BB02""]"
858798	"[""N02AJ23""]"
858967	"[""R05FA02""]"
858962	"[""R01BA02"", ""R05DA03"", ""R06AB04""]"
859085	"[""R05CA09"", ""R05DA03""]"
859234	"[""R01BA03"", ""R05DA03"", ""R06AB04""]"
1000131	"[""L02AB02""]"
1006791	"[""H02AB02""]"
1009432	"[""G03BA03""]"
1010812	"[""R01BA02"", ""R06AA08""]"
1012015	"[""S01CB02""]"
1012583	"[""D04AB01""]"
1013089	"[""N01BB02""]"
1038834	"[""D08AJ01""]"
103899	"[""J04AB04""]"
1039255	"[""R05DA09""]"
1044412	"[""D02AB""]"
1044965	"[""P03AX05""]"
1047440	"[""M03BX01""]"
1049223	"[""N02AJ17""]"
1049918	"[""R06AA02""]"
1053660	"[""N02AB03""]"
106675	"[""C05BB01""]"
1086613	"[""S01XA20""]"
2196592	"[""R03AK09""]"
237169	"[""C01AA05""]"
243670	"[""B01AC06""]"
246020	"[""B02AB01""]"
247747	"[""C10AD02""]"
253039	"[""N05CH01""]"
259152	"[""A06AC05""]"
259287	"[""A11CB""]"
285128	"[""S01EE03""]"
1658664	"[""C05AX04""]"
206902	"[""D10BA01""]"
213568	"[""D07AC01""]"
2168596	"[""C01EB17""]"
1098584	"[""D11AF""]"
1101877	"[""A01AA01""]"
1189036	"[""D10AB02"", ""D10AF06""]"
1233062	"[""R01BA02"", ""R05CA03"", ""R05DA09""]"
858866	"[""R01BA03"", ""R05DA03"", ""R06AA08""]"
1020407	"[""G03AA05""]"
1037173	"[""N02BA05"", ""N02BE01""]"
1038824	"[""N02BE01"", ""R01BA03"", ""R06AB04""]"
1046562	"[""R01BA01"", ""R06AB05"", ""R06AC01""]"
1046918	"[""G04BX12""]"
1049233	"[""N02AJ17""]"
1052647	"[""R01BA03""]"
1086026	"[""D08AX07""]"
238082	"[""N01AX03""]"
251020	"[""A06AB06""]"
252591	"[""N01BA03""]"
260384	"[""S01CA01""]"
282746	"[""A02AD01""]"
547243	"[""J07BD01""]"
857824	"[""R01BA03"", ""R05DA03"", ""R06AB04""]"
1012000	"[""S01CB02""]"
1718902	"[""N05CM18""]"
283077	"[""H02AB06""]"
1113536	"[""D01AE12""]"
1038741	"[""D09AA11""]"
1986337	"[""N02BE01""]"
199149	"[""A10BF01""]"
2053245	"[""N07BA01""]"
206766	"[""C09AA03""]"
995767	"[""R06AE05""]"
996730	"[""R01BA02"", ""R05DA04""]"
313360	"[""L01AC01""]"
314221	"[""A03AX13""]"
349201	"[""C09CA03""]"
349237	"[""N02BE01""]"
349592	"[""N06BA09""]"
828696	"[""N05CF02""]"
829757	"[""B05XA05""]"
805678	"[""M03BX01""]"
833714	"[""N02AX02""]"
847232	"[""A10AE04""]"
851210	"[""M01AE01"", ""A11DA01"", ""A11HA04"", ""B03BA01"", ""N06BC01""]"
853017	"[""J01FF01""]"
855818	"[""B01AC22""]"
856946	"[""N02BE01"", ""R05DA03""]"
857430	"[""R06AA04""]"
855907	"[""M01AB05""]"
208278	"[""R03DA04""]"
208681	"[""N05CD05""]"
210279	"[""A03AX13""]"
210575	"[""B03AA02""]"
210672	"[""C09AA10""]"
210838	"[""A02AB01""]"
210296	"[""A03AX13""]"
210972	"[""A11CA01""]"
213070	"[""D05BB02""]"
213093	"[""A04AA04""]"
213283	"[""L01XX05""]"
213191	"[""J01MA13""]"
213485	"[""A10BF02""]"
214097	"[""M03BB03""]"
2173936	"[""R05DA20""]"
237942	"[""A06AB04""]"
1092447	"[""R06AA02""]"
1092567	"[""C02AC02""]"
1092678	"[""D08AE05""]"
1098933	"[""R05FB02""]"
1100384	"[""N06AA10""]"
1114435	"[""D08AG03""]"
1116369	"[""M01AE02""]"
2168765	"[""H01AC06""]"
310187	"[""G03CA03""]"
312347	"[""N06AF03""]"
1089729	"[""N02BE01""]"
312641	"[""G03DA04""]"
199091	"[""D02AE01""]"
2056482	"[""H03AA01""]"
207216	"[""G03BA02""]"
2054316	"[""G03CA03""]"
995199	"[""R05DA04"", ""R06AB04""]"
995287	"[""N05BB01""]"
996091	"[""S01EA02""]"
313656	"[""A11CA01""]"
313806	"[""N06BC01""]"
317143	"[""P03AC01""]"
347024	"[""V03AN02""]"
349405	"[""C09CA08""]"
352307	"[""N05AX12""]"
402014	"[""A02BC01""]"
807363	"[""A02AB01""]"
826917	"[""A08AA01""]"
830245	"[""J07BC01""]"
834341	"[""N04BA02""]"
349410	"[""B01AC21""]"
834309	"[""D08AC02""]"
849387	"[""N04BB01""]"
851035	"[""C01EB09""]"
854840	"[""N06BA12""]"
856467	"[""G03AA11""]"
856764	"[""N06AA09""]"
858627	"[""N04BC05""]"
208451	"[""S01AA18"", ""S03AA03""]"
209092	"[""G04BE04""]"
209326	"[""N07BA01""]"
210050	"[""B03AA07""]"
211044	"[""A02AD02""]"
2119482	"[""R06AB04""]"
2122260	"[""R01BA01"", ""R05DA09""]"
213275	"[""C10AD02""]"
2167842	"[""N02BE01"", ""R01BA02"", ""R05DA09"", ""R06AB04""]"
1091403	"[""D11AC""]"
1094232	"[""G04BX06""]"
1101762	"[""P03AX05""]"
1189301	"[""A12AA13""]"
208949	"[""G03CA57""]"
1148597	"[""A11CC05""]"
1190834	"[""R01BA03"", ""R06AB04""]"
1191710	"[""D10AB02""]"
1232719	"[""R01AA06""]"
1234976	"[""N02AA08"", ""N06BC01""]"
1234986	"[""N02AA08"", ""N02BE01"", ""N06BC01""]"
404742	"[""N03AF01""]"
410835	"[""A11HA04"", ""C01EB09""]"
577031	"[""C10AB05""]"
582239	"[""A07BC04""]"
597852	"[""L01XX35""]"
605118	"[""A12AA04""]"
858774	"[""R01BA03"", ""R05DA03"", ""R06AB04""]"
859082	"[""R03AC02""]"
859934	"[""R05CA03"", ""R05DA03""]"
860553	"[""R01BA02"", ""R05CA03"", ""R05DA03""]"
1000487	"[""G03CA57""]"
1010035	"[""N01BB02""]"
1012937	"[""R05DA09"", ""R06AA08""]"
102750	"[""J01DB03""]"
1037204	"[""D08AG02""]"
1039673	"[""R02AA12""]"
1041497	"[""S01EE03""]"
1041780	"[""D08AX08""]"
1043479	"[""M02AA15""]"
1047759	"[""A03CB""]"
1047920	"[""A03BA03""]"
1049640	"[""N02AJ17""]"
1050511	"[""R05FB02""]"
105330	"[""D01BA02""]"
106258	"[""D07AA02""]"
108396	"[""J05AF01""]"
1086475	"[""R01BA03"", ""R06AB04""]"
245473	"[""A11GA01""]"
249469	"[""A01AD07""]"
251374	"[""N02BE01""]"
261107	"[""N02AB03""]"
284370	"[""B01AC23""]"
1658165	"[""J06BB04""]"
1724340	"[""N02AA03""]"
1729511	"[""D07AA02""]"
1150829	"[""N01BB08""]"
858817	"[""C09AA02""]"
106078	"[""D07CA01""]"
238175	"[""M03BA03""]"
240637	"[""J01CF04""]"
243325	"[""R03DA04""]"
260107	"[""A11HA03""]"
260407	"[""H02AB06""]"
283407	"[""N06AX11""]"
1657066	"[""L01FG01""]"
1725078	"[""N01BB01""]"
404592	"[""J01AA02""]"
413640	"[""M01AA01""]"
432402	"[""H05BX01""]"
485001	"[""C02AB01"", ""C03AA03""]"
485647	"[""D07AC08""]"
541666	"[""N06AB05""]"
562360	"[""S01KA01""]"
582328	"[""N02CC01""]"
584510	"[""D02AE01""]"
608934	"[""G01AF01""]"
859252	"[""R05DA03"", ""R06AB04""]"
860005	"[""V03AB03""]"
1000078	"[""N06AA12""]"
1000114	"[""L02AB02""]"
1000715	"[""D10AF06""]"
1000935	"[""S01EB01""]"
1001084	"[""R01AA05""]"
1011875	"[""D10AF06""]"
1037383	"[""R06AB01""]"
1038926	"[""D08AE05""]"
104097	"[""A02BA04""]"
1043300	"[""A11JC""]"
1044547	"[""A01AA01""]"
1046604	"[""S01GA01""]"
1053158	"[""D02AA""]"
1053319	"[""D10AB02""]"
237736	"[""A11HA03""]"
242107	"[""C05CA03""]"
243675	"[""N02BE01""]"
252306	"[""R05FB02""]"
260402	"[""H02AB06""]"
260947	"[""A02AB01""]"
283325	"[""A06AB06""]"
284204	"[""N02CC05""]"
284202	"[""B03AA02""]"
1656643	"[""L04AC02""]"
1657617	"[""G03AC03""]"
1658690	"[""B01AB01""]"
1735490	"[""H01AC01""]"
1737468	"[""B01AC17""]"
211001	"[""A06AB04""]"
1101538	"[""N02BE01""]"
1101793	"[""D01AE04""]"
1114473	"[""J01AA06""]"
1234575	"[""S01FB01""]"
404602	"[""N05AX12""]"
1001062	"[""R01AA05""]"
1086790	"[""N06AX24""]"
238851	"[""D08AG02""]"
1724881	"[""N01BB01""]"
1736541	"[""C07AB09""]"
1052696	"[""C10AX08""]"
1720026	"[""N05AD01""]"
310261	"[""L02BG06""]"
310769	"[""A03AB10""]"
311488	"[""B02BA02""]"
311611	"[""J01XX05""]"
1090443	"[""R01BA53""]"
198601	"[""D04AB02""]"
199166	"[""C01EB09""]"
205535	"[""N06AB03""]"
206399	"[""N07BC03""]"
207131	"[""H02AA02""]"
999653	"[""D03BA01""]"
346508	"[""C01EB03""]"
352317	"[""N06BA09""]"
360345	"[""R01BA02"", ""R05CA03""]"
377766	"[""G01AF04""]"
349553	"[""N05AX12""]"
826586	"[""A08AA01""]"
352085	"[""D11AH02""]"
800669	"[""D08AX05""]"
831841	"[""A01AA01""]"
849281	"[""N02AC04""]"
849315	"[""N02AC04"", ""N02BA01""]"
854832	"[""N06BA12""]"
856789	"[""N02CC01""]"
834116	"[""J01CE02""]"
1092730	"[""M01AX05"", ""M01AX25""]"
1100576	"[""G03DA03""]"
1115559	"[""A16AX01""]"
1150836	"[""S01ED03""]"
1193293	"[""R01BA03""]"
209117	"[""C10AX02""]"
209888	"[""N02BE01""]"
2099691	"[""G03BA03""]"
210453	"[""A11HA03""]"
211361	"[""J01DC04""]"
2122760	"[""R01BA01"", ""R05CA03""]"
2123042	"[""J06BA01""]"
212575	"[""C08CA01""]"
213503	"[""D02BB01""]"
846929	"[""N05CH01""]"
1191230	"[""V03AB15""]"
2178077	"[""G04BX16""]"
404459	"[""H01AX01""]"
483325	"[""G03AC03""]"
544468	"[""S01KA02""]"
545087	"[""D11AX11""]"
577049	"[""B03BB01""]"
604932	"[""C01EB09""]"
608623	"[""A03FA01""]"
539809	"[""P01AB02""]"
857851	"[""R01BA03"", ""R05DA03"", ""R06AB04""]"
1000870	"[""S01EB01""]"
1005771	"[""D10AB02"", ""D10AF06""]"
1009482	"[""G03BA03""]"
1010297	"[""D04AB01""]"
1012457	"[""N01BB01""]"
102740	"[""J01CA13""]"
1045460	"[""L01XX41""]"
1046751	"[""N02BE01""]"
1047040	"[""G03AA05""]"
1049523	"[""R01BA02""]"
105585	"[""L04AX03""]"
1086711	"[""M01AC06""]"
240758	"[""A11HA05""]"
261222	"[""J01CA04""]"
261306	"[""J01FG02""]"
1654006	"[""N01AX07""]"
1656595	"[""B01AB01""]"
1723767	"[""L01XG03""]"
208236	"[""V04CC03""]"
2122114	"[""C05AX04""]"
2167567	"[""C10AA07""]"
2173725	"[""R05DA09""]"
562524	"[""S01EC01""]"
604379	"[""G03GA06""]"
857871	"[""C01BA02""]"
857888	"[""C01BA02""]"
1039265	"[""D04AB04"", ""D08AJ08""]"
246217	"[""A03FA02""]"
247308	"[""P03AX06""]"
1741380	"[""B05AA01""]"
1742038	"[""B05AA01""]"
1745091	"[""D04AB01""]"
1792707	"[""R05FA02""]"
1795344	"[""B05BB02""]"
1795480	"[""B05BA03""]"
1795610	"[""B05BA03""]"
1797863	"[""R01AD04""]"
1799307	"[""L01DB01""]"
1801278	"[""L04AB04""]"
1806938	"[""D04AB01""]"
1809581	"[""J06BA01""]"
1857273	"[""N02BE01"", ""R05DA09"", ""R06AB04""]"
1876136	"[""H05BX04""]"
1927890	"[""L01FA01""]"
1944524	"[""D08AX08""]"
1945479	"[""N02BE01"", ""N06BC01""]"
197470	"[""M03BB02""]"
1235322	"[""D04AA32""]"
1236109	"[""D01AE18""]"
1241623	"[""D10AE01""]"
1241951	"[""R01BA02"", ""R06AB04""]"
1244062	"[""A06AH01""]"
1245765	"[""A09AA01""]"
1246573	"[""C05AA01"", ""C05AD07""]"
1246538	"[""C05AA01"", ""C05AD07""]"
1247288	"[""N05BA06""]"
1248912	"[""N02BE01"", ""R06AC01""]"
1251596	"[""L03AB05""]"
1293886	"[""C05AD07"", ""D04AB07""]"
1294591	"[""D04AA32""]"
1300017	"[""R01BA02"", ""R05CA03"", ""R05DA09""]"
1307058	"[""N07BC51""]"
1310525	"[""L04AK02""]"
1312415	"[""A10BH51""]"
1313760	"[""D11AX12""]"
1356343	"[""R05CA13""]"
1357417	"[""N02BE01"", ""R01BA01"", ""R06AB01""]"
1357570	"[""R01BA01"", ""R06AB01""]"
1358330	"[""R05FB02""]"
1359152	"[""D07XA01""]"
1367213	"[""N02BE01"", ""R01BA03"", ""R05CA03""]"
1369839	"[""N02BE01"", ""R01BA02"", ""R05DA09"", ""R06AB04""]"
1370454	"[""C05AX04""]"
1372644	"[""N02BE01"", ""N06BC01"", ""R06AB04""]"
1430115	"[""S03CA06""]"
1357901	"[""R05CA03"", ""R05DA09"", ""R06AB04""]"
1375922	"[""S01BC11""]"
197819	"[""M01AB01""]"
197838	"[""C01DA08""]"
198059	"[""N05BA04""]"
198116	"[""A12BA01""]"
1432465	"[""A12AA04""]"
1437725	"[""R06AA02""]"
1440002	"[""G01AF04""]"
1483190	"[""D01AE12""]"
1537200	"[""R05DA20""]"
1546288	"[""D07CC01""]"
1549214	"[""D01AC02"", ""D08AC02""]"
1593886	"[]"
1596422	"[""D08AG03"", ""D08AX05""]"
1605189	"[""H03AA01""]"
1608253	"[""G01AF01""]"
1649906	"[""G03CA03""]"
1293597	"[""S01KA02""]"
1790666	"[""N05CH01""]"
1792398	"[""B05CX10""]"
1797933	"[""R01AD08""]"
1798474	"[""A01AA01""]"
1855057	"[""J06BC03""]"
1867552	"[""A12BA01""]"
1871443	"[""N02AA01""]"
1918218	"[""R01BA02""]"
1921775	"[""C05AX04""]"
1923015	"[""S01KA02""]"
1923827	"[""V03AC03""]"
1242125	"[""R02AA19""]"
1242101	"[""D08AX08""]"
1243999	"[""S01GA01""]"
1244547	"[""D08AJ01""]"
1246528	"[""C05AA01""]"
1247256	"[""C01CA06""]"
1248059	"[""R01BA03"", ""R06AD02""]"
1249616	"[""R01BA02"", ""R06AB02""]"
1250174	"[""D08AX08""]"
1251885	"[""D08AC02""]"
1293710	"[""N02BE01"", ""R01BA02"", ""R06AA02""]"
1293861	"[""D04AB07""]"
1294194	"[""R06AA02""]"
1294255	"[""S02BA01""]"
1294391	"[""N02BE01"", ""R01BA01"", ""R06AB04""]"
1297649	"[""R05DA04""]"
1299161	"[""H03AA01""]"
1299698	"[""R03AB02""]"
1299959	"[""C09BA13""]"
1306078	"[""D02AE01""]"
1307986	"[""R05FB02""]"
1312459	"[""A11HA03""]"
1314685	"[""B03AE04""]"
1356563	"[""N03AX22""]"
1357862	"[""R06AB01""]"
1358438	"[""R01BA02"", ""R05CA03"", ""R05DA09""]"
1358463	"[""R01BA02"", ""R05CA03"", ""R05DA09""]"
1358991	"[""P03AX05""]"
1359009	"[""J01CA04""]"
1359349	"[""D06AX05""]"
1376070	"[""H02AB02""]"
1426694	"[""M01AX05"", ""M01AX25""]"
1372265	"[""R05DA03"", ""R06AB04""]"
197622	"[""B01AC07""]"
197681	"[""J04AD03""]"
198057	"[""N05BA04""]"
198056	"[""A14AA08""]"
198179	"[""R01BA02"", ""R05CA03""]"
1442161	"[""R05CA03""]"
153658	"[""G04BE01""]"
1541216	"[""L04AX03""]"
1549454	"[""H01AX01""]"
1594358	"[""L04AB04""]"
1599137	"[""R02AA06""]"
1724667	"[""R03DA05""]"
261289	"[""L01AX03""]"
1736782	"[""L01XA03""]"
1741986	"[""B05AA01""]"
1742400	"[""B05AA01""]"
1744398	"[""A02BA03""]"
1789508	"[""R06AX07""]"
1790294	"[""D01AE18""]"
1791855	"[""C01CE02""]"
1860619	"[""L01CD02""]"
1867594	"[""N01BB01""]"
1876669	"[""D10AE01""]"
1919094	"[""L01EX10""]"
1925255	"[""L04AA24""]"
1927660	"[""D08AJ08""]"
1942959	"[""L01FB01""]"
1245015	"[""B03BA01""]"
1245686	"[""A06AA02""]"
1250729	"[""D01AC02""]"
1294038	"[""C05AD07"", ""D04AB07""]"
1305910	"[""B02BC30""]"
1309069	"[""R01BA03"", ""R05DA03""]"
1310138	"[""L01EG02""]"
1312476	"[""G02AD01""]"
1356850	"[""R06AB01""]"
1357884	"[""R06AB01""]"
1359360	"[""D06AX04""]"
1367375	"[""D11AX12""]"
1367848	"[""C10AX11""]"
1368018	"[""A10BH04""]"
1369756	"[""R01BA02""]"
141859	"[""D06BB03""]"
1421080	"[""G01AD01""]"
1424847	"[""A03BB03"", ""R01BA02"", ""R06AB04""]"
1436929	"[""M02AB01""]"
197367	"[""D01AE""]"
197974	"[""N02CA04""]"
198045	"[""N06AA10""]"
1485895	"[""D11AX12""]"
1489132	"[""D10AE01""]"
1490057	"[""C01CA24""]"
1492047	"[""J02AC04""]"
1593733	"[""D04AB01""]"
1788945	"[""V03AN04""]"
1792154	"[""H01BB02""]"
1799725	"[""B05BA02""]"
1806179	"[""N06BA04""]"
1859554	"[""A02BA02""]"
1860154	"[""N02AA05""]"
1861939	"[""R05DA09""]"
1866518	"[""A06AC01""]"
1869821	"[""D11AX27""]"
1941476	"[""A16AX04""]"
1942748	"[""L01XY01""]"
197501	"[""M03BB03""]"
197545	"[""H02AB10""]"
197608	"[""A11CC02""]"
197657	"[""G03CA03""]"
197804	"[""M01AE01""]"
1249628	"[""S01CA07""]"
1251688	"[""D06BX01""]"
1291083	"[""R02AA06""]"
1294445	"[""C05AX04""]"
1298086	"[""C01BC08""]"
1298269	"[""R05CA03""]"
1312969	"[""B03AB02""]"
1361572	"[""G03GA06""]"
1363315	"[""R06AB04""]"
1364848	"[""G03AA07""]"
197924	"[""N03AA01""]"
1442790	"[""N02AA01""]"
152915	"[""N07XX02""]"
1536212	"[""C05AX04""]"
1549683	"[""B01AF01""]"
1599852	"[""N04BA02""]"
1424013	"[""D10AB02"", ""D10AE01""]"
1426763	"[""N02BE01"", ""R01BA02"", ""R05DA09""]"
1490414	"[""R06AB04""]"
152953	"[""N04BC04""]"
1536931	"[""R01BA03""]"
1598052	"[""S01XA20""]"
1649405	"[""J01AA02""]"
153047	"[""N05AH03""]"
1536840	"[""R01BA53""]"
1602028	"[""H05AA03""]"
1648192	"[""N06BA04""]"
1648772	"[""C10AX12""]"
1432261	"[""N02BE01""]"
197654	"[""N05CD04""]"
618651	"[""B05BA01""]"
630032	"[""C03CA01""]"
647873	"[""N02BE01""]"
668292	"[""A12AX""]"
700499	"[""V03AB33""]"
707558	"[""A12CB01""]"
794071	"[""J05AP01"", ""L03AB05""]"
763308	"[""A02BC02""]"
636677	"[""R01BA02"", ""R05CA03""]"
706872	"[""S01AA26""]"
749818	"[""H01CB03""]"
749853	"[""G03AA05""]"
746319	"[""B03BA01"", ""B03BB01""]"
757704	"[""C10AA01""]"
861506	"[""D07AD01""]"
883718	"[""A06AB06""]"
890858	"[""A06AD02""]"
966219	"[""H03AA01""]"
731376	"[""B03AB02""]"
749329	"[""D10AD01""]"
763115	"[""N02BE01""]"
797003	"[""B02BC06"", ""B02BD30""]"
895040	"[""S02AA10"", ""S02DA03""]"
904447	"[""M05BA04""]"
905191	"[""N01BB09""]"
968183	"[""C05BB02""]"
991044	"[""N05AA01""]"
992787	"[""N03AA02""]"
308199	"[""N06BA01"", ""N06BA02""]"
308385	"[""A11GA01""]"
310175	"[""G03CA03""]"
310190	"[""G03CA03""]"
310681	"[""S02CA03""]"
311431	"[""A12CC10""]"
312737	"[""A11DA01""]"
198533	"[""A12AA04""]"
1987646	"[""D10AD01""]"
2043252	"[""D11AF""]"
2049841	"[""N02BE01"", ""R05DA09"", ""R06AB04""]"
206296	"[""D07AA02""]"
207029	"[""L03AB05""]"
998558	"[""D07AA02"", ""D01AC02""]"
314911	"[""N02BE01"", ""R06AB04""]"
884660	"[""N06BA02""]"
900393	"[""J01FF01""]"
308643	"[""R01BA01""]"
647253	"[""D01AC08""]"
311678	"[""D06BX01""]"
866323	"[""D01AE18""]"
866438	"[""C07AB02""]"
886627	"[""N02AF01""]"
902282	"[""P02CF01""]"
308718	"[""H02AB01""]"
309288	"[""B06AA04""]"
309778	"[""B05BA03""]"
310015	"[""S01EC03""]"
1999657	"[""R06AA09""]"
313943	"[""S01CA01""]"
315132	"[""A03AB09"", ""N05AB04""]"
347675	"[""V03AN03""]"
808128	"[""C05AX04""]"
809341	"[""A09AA01""]"
897846	"[""C09BB10""]"
903697	"[""H03AA02""]"
309344	"[""D07AA02"", ""D08AH30""]"
884702	"[""B06AC03""]"
993943	"[""N02BE71""]"
308601	"[""A03BA04""]"
2003670	"[""B02BC30""]"
207246	"[""N05BA04""]"
349321	"[""M01AH03""]"
798928	"[""N02BE01""]"
308901	"[""A02AC01""]"
309444	"[""N02BE01"", ""R01BA01"", ""R05CA03"", ""R05DA04""]"
629365	"[""D10AE01""]"
646250	"[""G03AC08""]"
643021	"[""N05AX12""]"
721776	"[""N05AH02""]"
656654	"[""R05CA03""]"
708071	"[""D02AB""]"
722269	"[""N02BE01"", ""R05CA03""]"
751879	"[""G03AA05""]"
751890	"[""G03AA07""]"
751902	"[""G03AA07""]"
882536	"[""G01AA10""]"
310210	"[""G03CA07"", ""G03CC04""]"
705156	"[""A03AX13""]"
745560	"[""J01CE09""]"
727492	"[""V04CK01""]"
728115	"[""J05AH02""]"
746023	"[""C07CB03""]"
861200	"[""S01EA05""]"
861648	"[""C10AA08""]"
892489	"[""N02AA01""]"
897052	"[""J01CA04""]"
897757	"[""N02AA03""]"
901326	"[""N03AX11""]"
991367	"[""N05AA01""]"
308303	"[""N02BE01"", ""N06BC01"", ""R01BA03"", ""R05CA03""]"
308717	"[""H02AB01""]"
308939	"[""D04AX""]"
309040	"[""J01DC04""]"
309080	"[""J01DC10""]"
311670	"[""A03FA01""]"
312036	"[""N06AA10""]"
312128	"[""J01CF04""]"
312182	"[""G01AA07""]"
312338	"[""G04BX06""]"
198248	"[""N01BA03""]"
198488	"[""N01BA05""]"
200010	"[""D02AA""]"
200284	"[""C09DA03""]"
205612	"[""D07AC07""]"
205751	"[""C10AB04""]"
205964	"[""J01FF01""]"
999915	"[""D10AE01""]"
312899	"[""N02BA06""]"
313552	"[""D01AE04""]"
317145	"[""D08AG02""]"
351446	"[""G03CB01"", ""G03CC02""]"
801398	"[""B05BA01""]"
828706	"[""L01BB05""]"
830882	"[""C08DB01""]"
979379	"[""R03AB03""]"
900468	"[""G04BA01""]"
310586	"[""G03GA01""]"
309338	"[""J01FF01""]"
760638	"[""L03AB09""]"
308842	"[""N03AA02""]"
1088712	"[""A06AX01""]"
2047120	"[""N07BA01""]"
995613	"[""B03AA07""]"
997550	"[""R06AX26""]"
312894	"[""D11AF""]"
314232	"[""H01AC01""]"
310972	"[""S01AD01""]"
730514	"[""C09AA05""]"
797976	"[""D10AE01""]"
701678	"[""A02AF02""]"
761974	"[""G03AA09""]"
795085	"[""L04AB05""]"
750243	"[""G03AA06""]"
861002	"[""A10BA02""]"
900141	"[""S01KA02""]"
979499	"[""R03AB03""]"
311097	"[""D08AG03""]"
311092	"[""D08AG03""]"
996654	"[""R01BA02"", ""R05DA04"", ""R06AX07""]"
731241	"[""B03XA02""]"
861064	"[""N06AB06""]"
866113	"[""N05BE01""]"
885733	"[""C08CA03""]"
895057	"[""D10AE01""]"
896878	"[""G03GA01""]"
898687	"[""C09AA07""]"
899951	"[""A11HA05""]"
900000	"[""A10BD05""]"
903699	"[""H03AA02""]"
904671	"[""C10BX02""]"
905083	"[""M05BA07""]"
905516	"[""N05BA02""]"
884191	"[""C02AC01""]"
895247	"[""N02AA01""]"
966583	"[""D07AC10""]"
993456	"[""M05BX04""]"
309177	"[""N05BA02""]"
309273	"[""N02BA03""]"
309911	"[""C10AD02"", ""R06AA11""]"
312354	"[""R01BA03"", ""R06AB05""]"
312505	"[""A12BA01""]"
1090676	"[""R01BA02"", ""R05CA03""]"
309876	"[""L02AA01""]"
198252	"[""J01AA07""]"
199006	"[""D08AE05""]"
1991509	"[""A06AD02""]"
199224	"[""L02BG03""]"
200015	"[""A11JA""]"
206444	"[""N05BA13""]"
206950	"[""L04AG01""]"
996708	"[""R05FA02""]"
998461	"[""D01AC02""]"
314200	"[""A02BC02""]"
352318	"[""N06BA09""]"
828346	"[""S01CA01""]"
828929	"[""R03BA03""]"
866414	"[""C07AB02""]"
866516	"[""C07AB02""]"
904429	"[""D02AX""]"
905026	"[""M05BA07""]"
892784	"[""J01DD13""]"
308149	"[""G04BA01""]"
309238	"[""R01BA01"", ""R06AB04""]"
2043878	"[""M05BX05""]"
2048017	"[""A03CB""]"
997488	"[""R06AX26""]"
992459	"[""R06AD02""]"
94407	"[""J01CA04""]"
309509	"[""D03BA02""]"
797065	"[""A02BC01""]"
669112	"[""R05CA03""]"
798104	"[""B02BD08""]"
861360	"[""B01AX05""]"
905201	"[""C02DB02""]"
721797	"[""N05AH04""]"
729778	"[""A06AX01""]"
729941	"[""R01BA02"", ""R06AC01""]"
865139	"[""N05AB02""]"
866152	"[""A02BC03""]"
885215	"[""N04AC01""]"
897717	"[""N02AA03""]"
901401	"[""J01AA02""]"
904549	"[""M05BA01""]"
904583	"[""C07AA07""]"
905028	"[""M05BA07""]"
968993	"[""P02CF01""]"
978639	"[""D10AX01""]"
977980	"[""D07AC21""]"
979127	"[""A08AA01""]"
308173	"[""P01BA06""]"
309047	"[""J01DB05""]"
309050	"[""J01DC03""]"
310162	"[""J01FA01""]"
310635	"[""R05CA03""]"
312015	"[""C01DA02""]"
312532	"[""A12BA02"", ""A12BA05""]"
312576	"[""V03AB04""]"
199080	"[""A07BC04""]"
199388	"[""J05AB12""]"
1995293	"[""N01BC01""]"
199826	"[""A03AX13""]"
200059	"[""N05CM05""]"
2003801	"[""N03AX09""]"
204637	"[""A12AA04""]"
2049239	"[""N07BA01""]"
206617	"[""D11AX11""]"
312889	"[""D10AB02""]"
313412	"[""M03BX02""]"
317869	"[""R03DA04""]"
809250	"[""A09AA01""]"
826610	"[""G03CA57""]"
866109	"[""D02AE01""]"
966214	"[""H03AA01""]"
311612	"[""J01XX05""]"
205329	"[""A10BF02""]"
313635	"[""A11CA01"", ""A11GA01"", ""A11HA03"", ""A12CB01""]"
310982	"[""D06BB10""]"
311425	"[""A12CC03""]"
1089990	"[""D08AJ01""]"
198759	"[""C04AC01""]"
2048005	"[""D04AB01""]"
205798	"[""S01AA11""]"
207315	"[""H01BB02""]"
996652	"[""R01BA02"", ""R05DA04"", ""R06AX07""]"
996959	"[""N02BE01"", ""R05DA04""]"
312911	"[""A04AD01"", ""N05CM05""]"
313123	"[""A02BX02""]"
314228	"[""G04BE03""]"
314241	"[""R03DA04""]"
314253	"[""N05CD05""]"
315157	"[""C01DA05"", ""C10AD02""]"
348459	"[""V03AN01"", ""V03AN04""]"
351318	"[""J01CA04""]"
809422	"[""A09AA01""]"
810087	"[""N04BA03""]"
825159	"[""J06BB04""]"
828583	"[""N02AC04"", ""N02BE01""]"
831398	"[""B05BA01""]"
831899	"[""A01AA04""]"
834080	"[""J01CE02""]"
834131	"[""A01AB03""]"
996495	"[""R05CA03"", ""R05DA04""]"
315211	"[""A12CA01""]"
847225	"[""H02AB02""]"
848121	"[""J01FA01""]"
854166	"[""V01AA07""]"
856720	"[""N06CA01""]"
856944	"[""N02AJ22""]"
856984	"[""N02BE01"", ""R05DA03""]"
857390	"[""N02BE01"", ""R05DA03""]"
848934	"[""A16AA01""]"
857346	"[""N02BE01"", ""R05DA03""]"
207716	"[""N07BA01""]"
207963	"[""C09BA03""]"
208510	"[""D10AE01""]"
208950	"[""A12BA01""]"
209017	"[""S02DA03""]"
209122	"[""R03DA01"", ""R05CA03""]"
2099778	"[""D08AX01""]"
210057	"[""D01AE12""]"
210142	"[""D11AF""]"
2102837	"[""D01AE12""]"
2106648	"[""J02AC02""]"
211343	"[""D06BB06""]"
212285	"[""A02AB01""]"
213721	"[""J05AB01""]"
2171266	"[""R05FB02""]"
2178163	"[""R01BA02"", ""R05DA09"", ""R06AB04""]"
2181307	"[""N02BE01""]"
1091383	"[""D08AE05""]"
1092456	"[""R06AA02""]"
1094346	"[""D02AE01""]"
1095421	"[""B03AA07""]"
1099486	"[""R01BA52""]"
1099770	"[""R01BA52""]"
1101555	"[""R01BA03""]"
1113493	"[""R01BA02"", ""R05DA09"", ""R06AB01""]"
1114847	"[""M01AX25""]"
1115555	"[""A16AX01""]"
1116301	"[""N03AA02"", ""R03DA04""]"
1116922	"[""M02AB01""]"
312990	"[""B05CB01""]"
209002	"[""S01BA04""]"
2123111	"[""R03AC02""]"
1148644	"[""R05CA03""]"
1150284	"[""A06AC01""]"
1190438	"[""D11AF""]"
1190646	"[""A07DA01""]"
402252	"[""G03FA11""]"
403940	"[""R01BA03"", ""R05CA03""]"
403942	"[""R01BA53"", ""R05CA03"", ""R06AC01""]"
403969	"[""N06CA03""]"
404086	"[""D05AD02"", ""D05BA02""]"
404318	"[""A06AB06""]"
404536	"[""D01AE12""]"
428485	"[""A12AX""]"
476623	"[""J01DC04""]"
477282	"[""N02BE01""]"
485707	"[""A16AA02""]"
541070	"[""A16AX06""]"
542465	"[""V03AE03""]"
584232	"[""S01BC11""]"
597194	"[""J01FA01""]"
597921	"[""C08CA07""]"
602427	"[""G01AA10""]"
604383	"[""A11HA03""]"
605662	"[""D11AA""]"
857736	"[""R01BA03"", ""R05DA03"", ""R06AB04""]"
859019	"[""R05CA09"", ""R05DA03""]"
859176	"[""R01BA03"", ""R05DA03"", ""R06AB04""]"
860254	"[""R05FA02""]"
860273	"[""R05CA03"", ""R05DA03""]"
1000060	"[""N06AA12""]"
1001713	"[""D08AF01""]"
1011735	"[""C09CA03"", ""C09XA02""]"
1012345	"[""D07XA01""]"
1012574	"[""C05AA01"", ""C05AD01""]"
1012945	"[""R01BA02"", ""R06AA08""]"
1038951	"[""D08AE05""]"
1039185	"[""D02AB""]"
104369	"[""C02CA04""]"
1043602	"[""S01GA01""]"
1044572	"[""R01AA07""]"
1045450	"[""D08AX08""]"
1046688	"[""D07AA02""]"
1049114	"[""D08AJ01""]"
1049625	"[""N02AJ17""]"
1050409	"[""N02AA05""]"
105292	"[""J04AC01""]"
1053697	"[""D07CB01""]"
1085696	"[""H02AB08""]"
1086474	"[""R05CA02""]"
1086688	"[""C01EB09""]"
1086780	"[""N06AX24""]"
237865	"[""A02AD01""]"
251577	"[""D01AE12""]"
282764	"[""A12AA04""]"
1657074	"[""L01FG01""]"
1658278	"[""R02AD01""]"
211141	"[""D08AG02""]"
211666	"[""D06BX01""]"
2168600	"[""N02BE01"", ""R01BA02"", ""R05CA03"", ""R05DA09""]"
1115898	"[""D10AF06""]"
1190041	"[""A01AA01""]"
858757	"[""R01BA03"", ""R05DA03"", ""R06AB04""]"
858901	"[""R01BA02"", ""R05DA03"", ""R06AB04""]"
103572	"[""D08AF01""]"
1043330	"[""D08AJ08""]"
1046512	"[""D04AB01""]"
1048903	"[""D01AE12""]"
1049184	"[""R01BA03""]"
1049289	"[""R06AA02""]"
1050417	"[""R01BA02""]"
259586	"[""B03AA07""]"
261178	"[""D01AA01""]"
1659960	"[""N02BE01""]"
1012118	"[""S01CB02""]"
1049127	"[""D04AB07"", ""D08AJ01""]"
1670352	"[""N03AB02""]"
1721460	"[""J01CF06""]"
1050334	"[""C02AC01"", ""N02CX02""]"
244594	"[""D11AX11""]"
1190174	"[""R05DA09"", ""R06AB04""]"
102545	"[""N05AF03""]"
1046877	"[""A03CB03""]"
1048381	"[""A03BA03"", ""N03AA02""]"
247294	"[""D04AB04""]"
249449	"[""P03AC01""]"
307757	"[""A02AX""]"
312466	"[""D06BB04""]"
198428	"[""N03AX09""]"
198793	"[""R01BA01""]"
199153	"[""A16AA03""]"
2044659	"[""A11CC01""]"
204658	"[""A09AA01""]"
205771	"[""J01MA02""]"
206791	"[""A07EC02""]"
313210	"[""L01AX03""]"
314215	"[""N06DA03""]"
348377	"[""V03AN01""]"
348831	"[""V03AN01""]"
349326	"[""C01AA05"", ""V03AB24""]"
349353	"[""C09DA03""]"
351264	"[""N07BC01""]"
402093	"[""J05AE08""]"
404013	"[""C10BX03""]"
809204	"[""R01BA51"", ""R01BA53"", ""R06AB54""]"
833706	"[""C08DB01""]"
201628	"[""N05CA02""]"
2053336	"[""A12CB02""]"
995630	"[""R06AE05""]"
830879	"[""C08DB01""]"
847629	"[""B05BB01""]"
848182	"[""D07AC01""]"
849398	"[""M01AE02""]"
856433	"[""C03AA03"", ""C07AA05""]"
856762	"[""N06AA09""]"
857598	"[""R01BA02"", ""R05DA03"", ""R06AB01""]"
210008	"[""A02AX""]"
210010	"[""A02AX""]"
210467	"[""A11HA03""]"
2108130	"[""V03AB38""]"
212421	"[""M02AB01""]"
213050	"[""A16AX05""]"
213217	"[""R05CA02""]"
213231	"[""G03XA01""]"
213432	"[""C09CA07""]"
213916	"[""R01BA01"", ""R06AB04""]"
213998	"[""M04AA01""]"
214049	"[""G03CA57""]"
226552	"[""N05CM05""]"
1091155	"[""N06BA04""]"
1099764	"[""R01BA52"", ""R06AX07""]"
1102277	"[""J05AG05""]"
1112721	"[""J01AA06""]"
1115583	"[""A16AX01""]"
1115989	"[""R03DA04"", ""R05CA03""]"
309843	"[""N05BA01""]"
312173	"[""V03AN01""]"
198553	"[""A12AA05""]"
1994306	"[""D10AE01""]"
205744	"[""J05AB06""]"
206546	"[""D07AD02""]"
207890	"[""A14AA02""]"
995299	"[""N05BB01""]"
996774	"[""R05DA04""]"
313641	"[""A11CA01""]"
314109	"[""G03BA02""]"
359936	"[""R01BA53"", ""R05CA03""]"
809244	"[""A09AA01""]"
827703	"[""R05DA09""]"
830902	"[""C08DB01""]"
388311	"[""N03AF01""]"
830897	"[""C08DB01""]"
849389	"[""N04BB01""]"
853013	"[""R03DA04""]"
855172	"[""R06AE09""]"
855314	"[""B01AA03""]"
856508	"[""C07AA05""]"
856706	"[""N06CA01""]"
858370	"[""G01AC01""]"
851748	"[""N03AX09""]"
857525	"[""N02BA51"", ""R05DA03""]"
208127	"[""C01AA05""]"
208560	"[""S01ED01""]"
208822	"[""N05AB06""]"
208920	"[""A12BA01""]"
209890	"[""N02BE01""]"
210085	"[""N02BE01""]"
210535	"[""D08AX01""]"
2106743	"[""A07BB""]"
2118591	"[""M01AC06""]"
2120195	"[""N02CD01""]"
2122358	"[""R05FB02""]"
213475	"[""B03XA01""]"
2168867	"[""N06BA04""]"
2168859	"[""N06BA04""]"
237402	"[""A12AX""]"
2122371	"[""R05DA09""]"
1101320	"[""A12CB01""]"
1101612	"[""J01EB03""]"
1112686	"[""A02AX""]"
1115333	"[""R05DA09"", ""R06AA09""]"
1116729	"[""D08AJ01""]"
1149645	"[""G03CA03""]"
1189673	"[""B05BB01""]"
1190357	"[""V03AC02""]"
1116349	"[""M01AE02""]"
1232135	"[""M01AE01""]"
1232720	"[""R01AA06""]"
422938	"[""D10AB02""]"
544347	"[""J01DC08""]"
562253	"[""J01CR02""]"
597923	"[""C08CA07""]"
603331	"[""A12CB02""]"
616513	"[""D01AE12"", ""D08AX08""]"
616770	"[""V03AB16"", ""V03AZ01""]"
859066	"[""M01AB05""]"
859943	"[""R01BA53"", ""R05CA03"", ""R05DA03""]"
1000058	"[""N06AA12""]"
1012391	"[""N01BB01""]"
1020199	"[""N02BE01"", ""R01BA53""]"
1039751	"[""S01KA02""]"
1046540	"[""D10AE01""]"
1049213	"[""N01BA05""]"
1049266	"[""D08AJ01""]"
1053861	"[""D02AE01""]"
105446	"[""N04BC01""]"
239240	"[""J02AA01""]"
240863	"[""P01AX07""]"
244099	"[""B05BB01""]"
248415	"[""V03AB20""]"
259796	"[""C01EB09""]"
260391	"[""H02AB06""]"
261105	"[""L04AB01""]"
261159	"[""D01AC01""]"
283639	"[""N05AH03""]"
284492	"[""N02BE01""]"
1661092	"[""G03AA07""]"
1665451	"[""J01DC02""]"
1666372	"[""C01CA06""]"
1728784	"[""N02AA01""]"
1731987	"[""N02AA01""]"
307668	"[""N02BE01""]"
1667911	"[""C01CA02""]"
1733863	"[""C05AD01""]"
208720	"[""A16AX12""]"
1116552	"[""G03AA05""]"
1234878	"[""N02AA08"", ""R06AB04""]"
406524	"[""J01AA02""]"
616787	"[""D07XA01"", ""D08AX05"", ""D10AB02""]"
859331	"[""N02AJ23""]"
1000001	"[""C09DX03""]"
1011851	"[""D04AB01""]"
1012308	"[""D08AC02""]"
1037113	"[""R01BA51"", ""R06AB05"", ""R06AC01""]"
259196	"[""S01XA20""]"
260502	"[""D02AB""]"
284516	"[""H02AB06""]"
1665906	"[""C10AX13""]"
1737581	"[""J01FF01""]"
1737742	"[""C01BB01""]"
1738590	"[""H02AB09""]"
284539	"[""L01BC02""]"
252971	"[""C05AD03""]"
1095684	"[""R06AA02""]"
1190668	"[""S01FA01""]"
1192986	"[""A06AG10""]"
431754	"[""N06AX16""]"
435308	"[""V04CK03""]"
578799	"[""C10AB05""]"
598032	"[""N06AB03""]"
615970	"[""D10AE01""]"
858761	"[""R01BA53"", ""R05DA03"", ""R06AB54""]"
1006196	"[""D08AX01""]"
1006684	"[""D10AF06""]"
1010084	"[""G03BA03"", ""G03CA03""]"
1012560	"[""R01BA02"", ""R06AA08""]"
1012681	"[""R01BA02""]"
1013046	"[""N01BB02""]"
1046587	"[""D10AE01""]"
1046770	"[""A03BA03""]"
1048138	"[""R02AD04""]"
1049632	"[""R06AA02""]"
1085647	"[""D07AB09""]"
1086701	"[""H02AB02""]"
239179	"[""L01DA01""]"
244637	"[""D02AB""]"
245443	"[""A11HA01""]"
308058	"[""D08AE03""]"
308113	"[""R03DA05""]"
1656061	"[""B01AC25""]"
1656292	"[""D10AE01""]"
1668218	"[""G03CA03""]"
1720977	"[""L01BC05""]"
1724359	"[""N02AA03""]"
1729047	"[""B01AC27""]"
1734355	"[""N01BB09""]"
1726673	"[""L01DC01""]"
226665	"[""N06DA03""]"
1190779	"[""A03BA01""]"
422011	"[""A07BC04""]"
425103	"[""D08AE04""]"
1020055	"[""D10AB02"", ""D10AF06""]"
1020155	"[""G03AA07""]"
1040048	"[""A02AD01""]"
252078	"[""A16AA02""]"
259120	"[""A11HA03"", ""C01EB09""]"
259258	"[""A16AA02""]"
283103	"[""J05AE02""]"
1654672	"[""R01BA02"", ""R05CA03""]"
1724356	"[""N02AA03""]"
1726997	"[""V03AB35""]"
310150	"[""D10AF02""]"
311453	"[""A06AD16""]"
311616	"[""J01XX05""]"
311958	"[""C10AD02""]"
1087271	"[""P02CC01""]"
198360	"[""L03AB08""]"
199739	"[""A02BA03""]"
200243	"[""N01AB08""]"
2049133	"[""L01EE03""]"
314119	"[""N07BA01""]"
347861	"[""A09AA01""]"
349116	"[""J01AA02""]"
826662	"[""A01AA01""]"
828350	"[""M03BX08""]"
995497	"[""M01AA01""]"
800493	"[""J01AA02""]"
313571	"[""A07AA09""]"
833135	"[""N06AX17""]"
856737	"[""C07AA05""]"
1091943	"[""N01BX04""]"
1094179	"[""R06AA02""]"
1113046	"[""A09AA01""]"
1113435	"[""A01AB22""]"
1233658	"[""C03CA01""]"
209494	"[""N02BE01""]"
209597	"[""A06AB02""]"
2106075	"[""L04AC07""]"
2107300	"[""D04AX""]"
212438	"[""D05AX05""]"
213696	"[""M03BA02""]"
2184126	"[""C08CA01""]"
237716	"[""A11GA01""]"
237896	"[""A03AX13""]"
413259	"[""D08AE05""]"
432401	"[""H05BX01""]"
483438	"[""N02BF02""]"
545259	"[""S01CA12""]"
597658	"[""R01BA53"", ""R06AB01""]"
616285	"[""L01EX01""]"
859203	"[""B05XA03""]"
1000101	"[""N06AA12""]"
1001002	"[""R01AA05""]"
1047508	"[""S01AE07""]"
1053647	"[""N02AB03""]"
252735	"[""M01AX05""]"
1655071	"[""D03AX11""]"
1658127	"[""J06BB04""]"
1670365	"[""N01BB01""]"
1098143	"[""C10AD02""]"
213447	"[""C03AA04""]"
2180999	"[""V03AC02""]"
406689	"[""R01BA53"", ""R06AB01""]"
542857	"[""N05BA05""]"
582901	"[""D08AX05""]"
1009336	"[""D08AG03""]"
104375	"[""C09AA03""]"
104481	"[""B02AA02""]"
1665667	"[""P02CA03""]"
1737637	"[""C01BB01""]"
1741290	"[""B05AA01""]"
1788876	"[""D08AJ01""]"
1793916	"[""N02CC01""]"
1794887	"[""B05BB01""]"
1795477	"[""B05BA03""]"
1797515	"[""D01AC08"", ""D08AC02""]"
1807631	"[""B05XA03""]"
1863605	"[""B05BB02""]"
1922512	"[""L01FD01""]"
197519	"[""D10AF01""]"
197603	"[""N02BA11""]"
1918045	"[""L01CD02""]"
1236207	"[""R05DA09"", ""R06AA09""]"
1241663	"[""D08AX08""]"
1244214	"[""A07EA06""]"
1244675	"[""R05CA03""]"
1247816	"[""A06AA02""]"
1248020	"[""R01BA02"", ""R05DA03""]"
1248044	"[""R01BA02"", ""R05CA03"", ""R05DA03""]"
1291082	"[""A07EA02""]"
1291092	"[""A07EA02""]"
1293864	"[""N02CA02""]"
1294008	"[""N02BE01"", ""R01BA02""]"
1294457	"[""A03BA03"", ""N02CA02"", ""N03AA02""]"
1294475	"[""D06AX04"", ""D06AX05""]"
1305269	"[""C01CA24""]"
1305625	"[""R01BA02"", ""R06AB06"", ""R06AB56""]"
1307051	"[""D08AX08""]"
1307224	"[""R01AA04""]"
1358614	"[""R01BA02"", ""R05CA03""]"
1358764	"[""B03AA02"", ""G03AA05""]"
1359103	"[""N02BE01""]"
1359266	"[""D04AB01""]"
1364855	"[""A11AA04""]"
1368385	"[""A10BD13""]"
1368409	"[""A10BD09""]"
1370752	"[""D07AA02""]"
1375128	"[""R01BA02"", ""R05DB05""]"
1423463	"[""D08AG03""]"
1424849	"[""R01BA02"", ""R05CA03"", ""R05DA09""]"
197677	"[""N05CM08""]"
197732	"[""C03CA01""]"
197790	"[""C02AA02"", ""C03AA02""]"
197861	"[""V03AF03""]"
1430532	"[""R01BA02"", ""R06AB01""]"
1435489	"[""D08AE05""]"
1483780	"[""N07BB04""]"
1483723	"[""R05DA09""]"
1491015	"[""D04AB01"", ""D06AX05""]"
1491533	"[""R05FB02""]"
1534814	"[""G03AA13""]"
1538461	"[""D11AX11""]"
1539198	"[""C05AA01"", ""C05AD07""]"
1544569	"[""A10AF01""]"
1545664	"[""A10BK03""]"
1547589	"[""N01BA03"", ""R02AD01""]"
1594655	"[""N02AE01"", ""N07BC01""]"
1595478	"[""A09AA01""]"
1606045	"[""M02AB01""]"
1648110	"[""D06AX05""]"
1650940	"[""L03AB11""]"
1651001	"[""D04AB01""]"
1442130	"[""M01AB05""]"
1591999	"[""D01AE12""]"
1741378	"[""B05AA01""]"
1801144	"[""J01AA02""]"
1809738	"[""J06BA01""]"
1811475	"[""N02AD01""]"
1862590	"[""L01XK03""]"
1872967	"[""R01AD08""]"
1921129	"[""M02AC""]"
1927632	"[""N06BA01"", ""N06BA02""]"
1928082	"[""M01AA01""]"
1940460	"[""R05DB10""]"
1942847	"[""D01AE12""]"
1797884	"[""R01AC03""]"
1241901	"[""G03AA07""]"
1242786	"[""G03AA05""]"
1245745	"[""D06BB04""]"
1293741	"[""N02CA02"", ""N03AA02""]"
1293859	"[""D04AB07""]"
1294207	"[""N02CA02"", ""N05CA01"", ""N06BC01""]"
1298410	"[""R01BA02"", ""R05CA03""]"
1304113	"[""R05CA03""]"
1308382	"[""A11CC05"", ""A11GA01"", ""A11HA02"", ""B03BB01""]"
1310503	"[""R01BA53""]"
1314501	"[""A03AX13"", ""A12AA04""]"
1357425	"[""R01BA01"", ""R06AB01""]"
1359350	"[""D04AB07"", ""D06AX04"", ""D06AX05""]"
1359882	"[""N01AH01"", ""N02AB03""]"
1360192	"[""G03CA03""]"
1361226	"[""B01AB01""]"
1363290	"[""R06AB04""]"
1422174	"[""D04AB01""]"
1424021	"[""D01AC08"", ""D08AC02""]"
1431982	"[""L04AD02""]"
197553	"[""L04AD01""]"
197650	"[""J01FA01""]"
197832	"[""J04AC01""]"
197862	"[""V03AF03""]"
197958	"[""C02AB01""]"
198058	"[""N05BA04""]"
1440183	"[""G03AA05""]"
1483554	"[""G03FA17""]"
152625	"[""A04AA02""]"
1536157	"[""R05DA09""]"
1549126	"[""D11AX12""]"
1596424	"[""D08AG03"", ""D08AX05""]"
1598025	"[""D08AE03""]"
1423710	"[""R01BA01"", ""R05DA09"", ""R06AB04""]"
1535361	"[""A01AA01""]"
1721583	"[""L01EB04""]"
1728056	"[""A04AA05""]"
1728079	"[""L01BA04""]"
1729543	"[""D11AX01""]"
1730196	"[""M03AC11""]"
1732674	"[""N05CM18""]"
1664988	"[""J01DF01""]"
1726097	"[""L01AA09""]"
1729311	"[""A04AD12""]"
1735496	"[""H01AC01""]"
1736015	"[""D01AE12""]"
1744259	"[""C07AB02""]"
1799308	"[""L01DB01""]"
1799323	"[""M01AE04""]"
1801322	"[""C10AX13""]"
1804750	"[""J02AX06""]"
1807452	"[""N05BA01""]"
1868847	"[""A06AC06""]"
1946784	"[""R05CA03""]"
1946735	"[""N01BA04""]"
1946824	"[""S01KA02""]"
197352	"[""L02BG01""]"
1243577	"[""A07EC04""]"
1298345	"[""R01BA53"", ""R05DA03""]"
1305214	"[""R05CA03"", ""R05DA09""]"
1307104	"[""R01BA53"", ""R05DA03"", ""R06AB54""]"
1308537	"[""R05CA03""]"
1312446	"[""J01DB01""]"
1362768	"[""R06AB01""]"
1370216	"[""R05DA09""]"
1372298	"[""C05AX06""]"
1424388	"[""R01BA02"", ""R06AD52""]"
1432534	"[""A02AA04"", ""A12AA04""]"
1433890	"[""D01AE04""]"
1433866	"[""D08AE05""]"
197894	"[""L01AD02""]"
1485222	"[""J01GB03""]"
1489002	"[""N02BE01"", ""R05DA09"", ""R06AA09""]"
1536880	"[""N02BE01""]"
1537122	"[""N02AJ17""]"
1551393	"[""N05CD08""]"
1598084	"[""D01AE12""]"
1736472	"[""B01AC16""]"
1729029	"[""B01AC27""]"
1730191	"[""N02BE01"", ""R05DA09"", ""R06AA09""]"
1734475	"[""N01BB09""]"
1741381	"[""B05AA01""]"
1741913	"[""G02AD01""]"
1742218	"[""B05AA01""]"
1789245	"[""D10AE01""]"
1789953	"[""M03AX01""]"
1796425	"[""L01BA05""]"
1799230	"[""L04AA24""]"
1808225	"[""N01AX10""]"
1809730	"[""J06BA01""]"
1812168	"[""C01CA07""]"
1856270	"[""M02AB01""]"
1919211	"[""L01AC01""]"
1923432	"[""S01ED51""]"
197304	"[""S01EC01""]"
197312	"[""D06BB03""]"
197475	"[""C03AA04""]"
197606	"[""C01AA05""]"
197717	"[""D07AC07""]"
1875558	"[""P03AX06""]"
1245090	"[""D11AX12""]"
1298448	"[""D01AE23""]"
1299975	"[""N03AG06""]"
1300295	"[""D04AB04"", ""D08AJ08""]"
1366953	"[""R06AB04""]"
1369764	"[""M01AA01""]"
1376086	"[""P03AX05""]"
141848	"[""S01EA01""]"
142046	"[""G01AF01""]"
142113	"[""V03AF01""]"
1432962	"[""D08AJ08""]"
1437290	"[""N03AX11""]"
198033	"[""C08CA05""]"
198161	"[""N05AB04""]"
1484161	"[""D01AE18""]"
1486203	"[""J05AP01""]"
1488578	"[""D11AC""]"
1492403	"[""D02AB""]"
151284	"[""L01CD02""]"
1535472	"[""N06BA02""]"
1538595	"[""A12AA04""]"
1541610	"[""D01AE12""]"
1364447	"[""B01AF02""]"
1549832	"[""N03AB02"", ""N05CA01""]"
1594761	"[""L01BA01"", ""L04AX03""]"
1596940	"[""R02AA12"", ""R02AA16""]"
1600979	"[""B05BA02""]"
1293103	"[""D02AX""]"
1535929	"[""R06AB04""]"
1538589	"[""N02BE01"", ""R01BA02"", ""R05DA09""]"
1361574	"[""B01AB01""]"
1367082	"[""D08AJ01""]"
197693	"[""A08AA02""]"
1483742	"[""R05DA09""]"
1359025	"[""G03AA05""]"
618050	"[""J01FA01""]"
656882	"[""D10AD01""]"
670084	"[""H02AB01""]"
645923	"[""A02BA02""]"
705129	"[""C01DA02""]"
672659	"[""A12CC05""]"
701983	"[""D07AA02""]"
727361	"[""C01EB10""]"
730861	"[""C09DB02""]"
751616	"[""C07AB12""]"
795097	"[""H02AB06""]"
724568	"[""G01AA01""]"
749875	"[""G03AA05""]"
892609	"[""N02AA01""]"
902221	"[""D07AA02""]"
903696	"[""H03AA02""]"
905387	"[""D10AD03""]"
309301	"[""A02BA01""]"
309595	"[""B03BA01""]"
750242	"[""G03AA06""]"
755812	"[""R01BA01"", ""R01BA02"", ""R06AB04""]"
749852	"[""G03AA05""]"
866472	"[""C07BB02""]"
902285	"[""P02CF01""]"
94186	"[""J01AA07""]"
992675	"[""A03BB06"", ""R05DA03""]"
904170	"[""P01BA03""]"
308576	"[""L03AX03""]"
311210	"[""A12BA30""]"
312380	"[""B01AA04""]"
1088259	"[""R01BA02""]"
1089078	"[""D08AJ01""]"
1090639	"[""B05BA01""]"
198267	"[""R03DA04"", ""R05CA03""]"
200011	"[""A03AX13""]"
2002067	"[""D04AB04""]"
2047186	"[""R02AD01""]"
205068	"[""B05CB02""]"
206422	"[""J01DD02""]"
995446	"[""V03AN01"", ""V03AN03""]"
996062	"[""R06AE05""]"
351267	"[""N07BC51""]"
313993	"[""N02AB03""]"
308489	"[""S01CB03""]"
700777	"[""R06AB06""]"
727587	"[""L03AB04""]"
800273	"[""B05BA01""]"
705934	"[""D01AE18""]"
309171	"[""D06AX02""]"
745292	"[""J01CE01""]"
763521	"[""C08CA07""]"
904773	"[""D10AF06""]"
994794	"[""A11CC05""]"
1090545	"[""C05AX04""]"
198336	"[""D05AD01"", ""D05BA01""]"
2001506	"[""N03AX09""]"
2003650	"[""D01AC08"", ""D07AA02""]"
2043247	"[""D11AF""]"
2048893	"[""H02AB08""]"
2049016	"[""D04AB01""]"
996196	"[""B03AB09""]"
315030	"[""A04AD04""]"
347093	"[""V03AN01""]"
801445	"[""B05CB01"", ""B05XA05""]"
897771	"[""N02AA03""]"
995034	"[""R01BA53"", ""R05CA02"", ""R05DA04"", ""R06AB54""]"
753543	"[""G03AA09""]"
800637	"[""B05BB01""]"
992436	"[""R06AD02""]"
312494	"[""A12BA04""]"
997267	"[""L03AX17""]"
313227	"[""G01AG02""]"
807826	"[""A09AA01""]"
308880	"[""A11CA01"", ""A12AA13""]"
309582	"[""R01BA02"", ""R05CA03"", ""R06AB04""]"
204844	"[""J01FA10""]"
830253	"[""J07BC01""]"
618633	"[""A09AB01""]"
637230	"[""R01BA02"", ""R05DB05""]"
647321	"[""N02BE01"", ""R05CA03"", ""R05DA09""]"
692695	"[""A04AA01""]"
631403	"[""J01AA06""]"
618643	"[""A09AB01""]"
731250	"[""B03XA02""]"
701282	"[""N03AB02""]"
700850	"[""R01BA02"", ""R06AB01""]"
730988	"[""N04BA03""]"
745789	"[""R05CA03""]"
750149	"[""J01FA10""]"
792036	"[""R01BA02"", ""R06AB02""]"
762332	"[""G03AA07""]"
863626	"[""J01FA01""]"
884308	"[""D01AA01""]"
897657	"[""N02AA03""]"
899690	"[""C01DA02""]"
207961	"[""C09BA03""]"
755738	"[""R03DA01"", ""R05CA03""]"
860888	"[""C10AB05""]"
884522	"[""N06BA02""]"
993521	"[""N06AX12""]"
308677	"[""D01AE12""]"
308912	"[""A02AD01""]"
308982	"[""J01CA03""]"
309333	"[""D10AF01""]"
309585	"[""R01BA02"", ""R06AB04""]"
312350	"[""R01BA51"", ""R06AB05"", ""R06AC01""]"
312831	"[""N05AX08""]"
198510	"[""C05AX02""]"
1986389	"[""B05BA02""]"
2000136	"[""A07AA09""]"
204749	"[]"
205033	"[""C04AE01""]"
205332	"[""C02AB01"", ""C03AA04""]"
2054174	"[""B05AA01""]"
995675	"[""R06AE05""]"
346773	"[""B01AD01""]"
404432	"[""L04AH01""]"
404466	"[""A04AD12""]"
803364	"[""J07BC01""]"
905343	"[""J01AA01""]"
702384	"[""A07BC04""]"
795642	"[""B03BB01""]"
308395	"[""A11GA01""]"
308460	"[""J01FA10""]"
309553	"[""C03AA08""]"
199592	"[""N07XX06""]"
1996098	"[""N02BE01"", ""R05DA09""]"
204757	"[""N02BE01"", ""N06BC01"", ""R01BA01"", ""R06AB04""]"
205785	"[""J01MA04""]"
314969	"[""A11GA01"", ""R01BA01"", ""R06AB04""]"
800499	"[""N04BC04""]"
308998	"[""V03AN02""]"
404083	"[""B03AA02"", ""B03BB01""]"
831833	"[""A01AA01""]"
637188	"[""N07BA03""]"
668626	"[""N02AB03""]"
749850	"[""G03CA03""]"
672540	"[""N05AX12""]"
755497	"[""R03CC02""]"
763089	"[""G03AD01""]"
751875	"[""G03AA05""]"
795743	"[""J05AP01""]"
865131	"[""N05AB02""]"
892336	"[""P02BA01"", ""P02CC01""]"
905041	"[""M05BA07""]"
977986	"[""A07DA03""]"
991180	"[""D01AE12""]"
310797	"[""C09BA06""]"
762894	"[""J01DD15""]"
751618	"[""C07AB12""]"
861202	"[""S01EA05""]"
861242	"[""A01AA04""]"
861459	"[""N02AB02""]"
863851	"[""N02AA01"", ""N07BB04""]"
864675	"[""P01BB51""]"
866042	"[""A07AA01""]"
881343	"[""J05AF08""]"
892678	"[""N02AA01""]"
895671	"[""N05AH04""]"
898723	"[""C09AA07""]"
900105	"[""S01KA02""]"
966189	"[""H03AA01""]"
968177	"[""C05BB02""]"
966768	"[""M03AC04""]"
967017	"[""D06BB10""]"
308868	"[""A11CC04""]"
309199	"[""G03CA06""]"
309845	"[""N05BA01""]"
310543	"[""A06AX01""]"
311489	"[""B02BA02""]"
995670	"[""R06AE05""]"
995679	"[""R06AE05""]"
996968	"[""N02BE01"", ""R05DA04""]"
313596	"[""S01AD06""]"
351585	"[""A02AB01""]"
352201	"[""C09CA08""]"
381056	"[""C01DA08""]"
861018	"[""A10BA02""]"
311427	"[""A02AA04""]"
206228	"[""D10AF02""]"
359500	"[""M01AB08""]"
992487	"[""D10AE01""]"
618333	"[""R01BA53"", ""R06AB04"", ""R06AC01""]"
702633	"[""A11HA03""]"
727955	"[""L02BA03""]"
686161	"[""L01XA02""]"
722295	"[""N04BC09""]"
707275	"[""R01BA53"", ""R05DB05""]"
755236	"[""N05AB04""]"
793204	"[""S01KA02""]"
747241	"[""N06BC01""]"
861448	"[""D07AD01""]"
979475	"[""R03CB03""]"
993536	"[""N06AX12""]"
966231	"[""H03AA01""]"
200334	"[""M01AX05"", ""M01AX25""]"
668622	"[""N02AB03""]"
861472	"[""D07AD01""]"
885111	"[""L02AB01""]"
897618	"[""C08DA01""]"
905253	"[""P02BA01"", ""P02CC01""]"
991340	"[""N05AA01""]"
309042	"[""J01DC04""]"
309076	"[""J01DD13""]"
309451	"[""A03AD01"", ""R05DA04""]"
310245	"[""M01AB08""]"
310488	"[""A10BB07""]"
311244	"[""A09AA04""]"
311487	"[""L01AA03""]"
312615	"[""H02AB07""]"
312776	"[""C02AA04""]"
1089974	"[""R01BA02"", ""R01BA52"", ""R06AB04""]"
312180	"[""A03AB03""]"
198472	"[""N02BA01""]"
1997446	"[""D08AX08""]"
2044726	"[""N04BB01""]"
206182	"[""G03AA07""]"
207048	"[""H02AB07""]"
312937	"[""H01AC04"", ""V04CD03""]"
349393	"[""R01BA02"", ""R05CA03""]"
809990	"[""N03AX18""]"
865127	"[""N05AB02""]"
991211	"[""C03AA01""]"
894811	"[""N02AA01""]"
745512	"[""J01CE09""]"
309270	"[""A11HA30""]"
1995471	"[""D11AC""]"
1998459	"[""N05AX12""]"
995280	"[""N05BB01""]"
349477	"[""J05AG03""]"
977880	"[""C03DB01""]"
310534	"[""A10BB01""]"
312504	"[""A12BA01""]"
198557	"[""M02AB01""]"
198605	"[""D02AA""]"
198994	"[""N05CH01""]"
199193	"[""J05AB09""]"
1992303	"[""S01ED01""]"
206193	"[""D11AA""]"
206876	"[""M01AE01"", ""M01AE14""]"
994539	"[""M03BC01""]"
998442	"[""D01AC02""]"
998535	"[""D01AC02""]"
314000	"[""A10BB01""]"
315008	"[""D08AD01""]"
349467	"[""A06AX06""]"
352044	"[""B03XA02""]"
352257	"[""N07XX04""]"
801874	"[""B05DA""]"
804964	"[""D10AE01""]"
807828	"[""A09AA01""]"
806297	"[""N05AX08""]"
809996	"[""N03AX18""]"
825181	"[""B01AC06""]"
828267	"[""L04AG06""]"
829539	"[""D10AD03""]"
831298	"[""S01GX01""]"
835896	"[""L04AD01""]"
312910	"[""S01FA02""]"
824301	"[""N03AF03""]"
831260	"[""R03BC01""]"
856810	"[""N06CA01""]"
856903	"[""N02AJ22""]"
847343	"[""A10AB01"", ""A10AC01"", ""A10AD01""]"
207380	"[""A02BA02""]"
207889	"[""N05CD10""]"
208125	"[""C01AA05""]"
208361	"[""G04BX13""]"
209008	"[""A11CC04""]"
209754	"[""N06BC01""]"
2104714	"[""V03AF03""]"
210584	"[""A03AX10"", ""N02BE01"", ""N05CC04""]"
211191	"[""N02BE01"", ""N06BC01""]"
211855	"[""A11GA01""]"
2122543	"[""C05AX04""]"
212735	"[""S01GA05""]"
213084	"[""L03AB09""]"
213484	"[""J05AF05""]"
213919	"[""R01BA01"", ""R06AB04""]"
2177911	"[""R05CA03"", ""R05DA09"", ""R06AB04""]"
2178016	"[""R01BA01"", ""R05DA09"", ""R06AB04""]"
2183669	"[""R05DA03"", ""R06AB04""]"
2173926	"[""A09AA01""]"
1098944	"[""R05FB02""]"
1099060	"[""L03AB10""]"
1111762	"[""R01BA02"", ""R05CA03""]"
1113056	"[""R01BA02"", ""R06AE04""]"
1113522	"[""N02BE01"", ""R05DA09"", ""R06AB04""]"
1115978	"[""N03AA02"", ""R03DA01"", ""R05CA03""]"
1116164	"[""R05DB05"", ""R06AB04""]"
1116134	"[""N03AA02"", ""R03DA04""]"
1148399	"[""N02BE01""]"
828358	"[""M03BX08""]"
855476	"[""D07AB10""]"
856717	"[""N06CA01""]"
208841	"[""H01BA01""]"
212035	"[""J01MA09""]"
1101871	"[""A01AA01""]"
1189260	"[""B05BA01""]"
1190944	"[""A03BA01"", ""S01FA01""]"
1232202	"[""N05CF02""]"
1233531	"[""C05AX04""]"
1234870	"[""N02AA08"", ""R01BA02"", ""R05CA03""]"
404280	"[""B03AB02""]"
483017	"[""N02BE01""]"
485338	"[""D11AA""]"
485440	"[""N05CF04""]"
577395	"[""M02AB01""]"
581660	"[""D08AX08""]"
616501	"[""V03AB16"", ""V03AZ01""]"
857875	"[""R01BA53"", ""R05DA03"", ""R06AB54""]"
858109	"[""C01BA02""]"
858897	"[""R01BA53"", ""R05DA03"", ""R06AA08""]"
858969	"[""R05CA09"", ""R05DA03""]"
859439	"[""M03AC03""]"
1000996	"[""R01AA05""]"
1010248	"[""A05BA01""]"
1010759	"[""N01BB02""]"
1014642	"[""D02AF""]"
1020413	"[""D10AE01""]"
1037108	"[""D08AJ08""]"
1039746	"[""D01AE12""]"
1041851	"[""D08AX08""]"
1042793	"[""D08AE05""]"
1043712	"[""D11AX11""]"
1045620	"[""D01AC01""]"
1049259	"[""N02AJ17""]"
1049224	"[""R02AD01""]"
1049723	"[""D04AA32""]"
1050231	"[""D07AA02""]"
1086305	"[""R05FB02""]"
2197110	"[""B05BB01""]"
243685	"[""N02BA51""]"
245210	"[""A11HA01""]"
247816	"[""N02BE01""]"
251919	"[""D04AB01""]"
260088	"[""R01BA53"", ""R05DB05"", ""R06AB54""]"
260192	"[""C05AA01""]"
261240	"[""M01AH02""]"
261360	"[""N03AF02""]"
307719	"[""R05CB01""]"
1665685	"[""N02AB02""]"
1666758	"[""D01AC01"", ""S03AA06"", ""S03BA03""]"
1667348	"[""G03CA03""]"
211248	"[""J05AB12""]"
214001	"[""J01DC06""]"
1091910	"[""A01AA01""]"
1114840	"[""H02AB08""]"
602734	"[""N06DA04""]"
860715	"[""N06DA04""]"
1009418	"[""D04AB01""]"
1038798	"[""B05BA03""]"
1043307	"[""D09AA11""]"
243795	"[""A11CA01""]"
252734	"[""A14AA07""]"
259719	"[""N05CH01""]"
261216	"[""G01AF02""]"
308084	"[""A02AB01""]"
1053712	"[""D01AA20""]"
1086028	"[""D01AE12""]"
1665697	"[""N02AB02""]"
1716274	"[""D10AE01""]"
1718751	"[""R01AX30""]"
858884	"[""C08CA02"", ""C09AA02""]"
1085693	"[""H02AB08""]"
252296	"[""D11AF""]"
259195	"[""S01XA20""]"
1013050	"[""N01BB02""]"
238600	"[""D01AE13""]"
311984	"[""C08CA07""]"
312762	"[""P01BC01""]"
1086812	"[""C01EX""]"
198711	"[""A11HA07""]"
1994530	"[""C05AX04""]"
199632	"[""D10AB02""]"
200223	"[""R05CA03""]"
2003745	"[""D08AC02""]"
203576	"[""R06AX13""]"
205866	"[""J01FA09""]"
205864	"[""S01EA01""]"
207487	"[""N05AB03""]"
995243	"[""N05BB01""]"
996514	"[""R05CA03"", ""R05DA04""]"
996206	"[""B05AA05""]"
999414	"[""N02BE01""]"
315097	"[""N01BX01""]"
317014	"[""A01AA01""]"
351337	"[""R01BA02"", ""R05CA03""]"
351762	"[""C09CA03""]"
378167	"[""R05CA04""]"
401938	"[""A16AX06""]"
404161	"[""N02BE01""]"
807359	"[""R05CA03""]"
824876	"[""J05AE10""]"
827190	"[""A02BA02""]"
827353	"[""V07AB""]"
827351	"[""V07AB""]"
832910	"[""A12AX""]"
835579	"[""N06AA02""]"
1993079	"[""A01AA01""]"
315187	"[""H02AB07""]"
404170	"[""A06AC01""]"
846955	"[""D10AD01""]"
848987	"[""A11JA""]"
855312	"[""B01AA03""]"
855942	"[""M01AB05""]"
856898	"[""N02BE01"", ""R05DA03""]"
857153	"[""N02BE01"", ""R05DA03""]"
857187	"[""C09AA09""]"
857214	"[""A01AA01""]"
857317	"[""N02BE01"", ""R05DA03""]"
852891	"[""C01BA01""]"
208091	"[""C02AA02"", ""C03AA03""]"
210180	"[""D11AC""]"
211161	"[""N02BE01""]"
209915	"[""N02BE01""]"
211489	"[""N05AX08""]"
2122905	"[""R01BA53"", ""R05CA03"", ""R05DA03""]"
213290	"[""N02BA51"", ""N02BE51""]"
2167674	"[""R05CA03"", ""R05DA09""]"
2167679	"[""N02BE01"", ""R01BA02"", ""R05DA09""]"
1098668	"[""N06AX06""]"
1099070	"[""R05FB02""]"
1100391	"[""D07AB01""]"
1101952	"[""R01BA53"", ""R05CA03"", ""R05DB05""]"
1102282	"[""J05AP02""]"
1113440	"[""R01BA02"", ""R05DA04"", ""R06AB04""]"
1113423	"[""R01BA02"", ""R05DA04"", ""R06AB04""]"
314182	"[""A12BA01""]"
849835	"[""C03XA01""]"
854901	"[""C07AB07""]"
855326	"[""B01AA03""]"
2121776	"[""G03BA03""]"
1090945	"[""A11DA01"", ""B03BA01""]"
309879	"[""N02BA11""]"
310621	"[""R05CA03""]"
311197	"[""C01DA14""]"
311913	"[""M01AE02""]"
1086871	"[""N02BE01"", ""R05CA03""]"
1090500	"[""R01BA02"", ""R05DA09""]"
1994403	"[""M02AB01""]"
201848	"[""A07AA09""]"
204892	"[""N03AE01""]"
2056897	"[""L04AH02""]"
995985	"[""R05FA02""]"
996239	"[""R01BA02"", ""R05CA03"", ""R05DA04""]"
998460	"[""D01AC02""]"
313048	"[""D08AX07""]"
313075	"[""N02BA04""]"
351777	"[""D02AE01""]"
804981	"[""B05BB01"", ""B05CB01""]"
828432	"[""R02AD01""]"
829032	"[""J01XX05""]"
829384	"[""A12CC01""]"
832914	"[""D02AE01""]"
833149	"[""N06AX17""]"
313919	"[""H05BA01""]"
348162	"[""L02AE05""]"
388911	"[""G03GA06""]"
806667	"[""R01AX30""]"
833741	"[""A12AX""]"
805863	"[""C09DA06""]"
849396	"[""N04BB01""]"
849599	"[""L04AB05""]"
849667	"[""D02AB""]"
850425	"[""D02AB""]"
852930	"[""C01BA01""]"
855200	"[""H01CC01""]"
857531	"[""N02BA51"", ""R05DA03""]"
857968	"[""C01BA02""]"
858110	"[""C01BA02""]"
208861	"[""B05AA05""]"
209066	"[""C01BA03""]"
2108831	"[""J01CA04""]"
2110777	"[""G03CA03""]"
211224	"[""A06AB05""]"
211226	"[""A06AB05""]"
211310	"[""N02BA71""]"
211510	"[""R03DA05""]"
2121072	"[""A07BC04""]"
214053	"[""G03CA57""]"
2173822	"[""R03DX09""]"
2175796	"[""N06BA01""]"
2183907	"[""R06AB02""]"
1095281	"[""B02BD07""]"
1098140	"[""S01KA51""]"
1099920	"[""A11HA02"", ""B03BA01"", ""B03BB01""]"
1101548	"[""N02BE01"", ""R01BA02""]"
1115570	"[""A16AX01""]"
1190439	"[""B05BB02""]"
1234978	"[""N02AJ01""]"
1234966	"[""N02AA08"", ""R06AB01""]"
1101542	"[""N02BE01"", ""R01BA02""]"
404637	"[""G04BE09""]"
477433	"[""C01EX""]"
544412	"[""N05AX12""]"
577961	"[""N06BA01"", ""N06BA02""]"
578797	"[""C10AB05""]"
583304	"[""R01BA53"", ""R05CA03""]"
597959	"[""G02AD02""]"
604392	"[""A11HA03""]"
616698	"[""N05AX08""]"
616705	"[""N05AX08""]"
616209	"[""N02BE01"", ""R05CA03""]"
858898	"[""R01BA53"", ""R05DA03"", ""R06AB56""]"
859023	"[""R01BA02"", ""R05DA03"", ""R06AB04""]"
1001018	"[""R01AA05""]"
1010600	"[""N07BC51""]"
1010946	"[""R01BA02"", ""R05DA09"", ""R06AA08""]"
1037164	"[""R01BA02"", ""R05DA09"", ""R06AB01""]"
1047755	"[""D08AX08""]"
1049908	"[""R06AA02""]"
106199	"[""D02AE01""]"
1085756	"[""H02AB08""]"
245001	"[""A02AD03""]"
261221	"[""G03CA57""]"
261379	"[""A02AA04"", ""A12AA04""]"
283616	"[""D06AX04"", ""D06AX05""]"
308080	"[""A02AD01""]"
1663815	"[""R06AE05""]"
1665228	"[""J01MA02""]"
1716063	"[""N02AE01""]"
1721314	"[""J02AC01""]"
1724276	"[""N02AA03""]"
1724810	"[""N01BB01""]"
1734689	"[""A01AA51""]"
1736047	"[""N03AX14""]"
1737778	"[""D04AB01""]"
212833	"[""D01AE12""]"
1112871	"[""G02CA01""]"
1190540	"[""A03BA01""]"
1193037	"[""A11JC""]"
1193230	"[""A06AA02""]"
1011833	"[""N01BB02""]"
1049602	"[""N02AA05""]"
105396	"[""H02AB09""]"
244123	"[""B05BA03""]"
1661799	"[""S01EC02""]"
1722919	"[""J01DC05""]"
1737743	"[""N01BB02""]"
1736590	"[""V03AF02""]"
307747	"[""A02AD01""]"
1655959	"[""L01BA01""]"
476688	"[""R05CA03""]"
541363	"[""N06BA01"", ""N06BA02""]"
544946	"[""D10AF02""]"
562411	"[""J01XX10""]"
582615	"[""R07AX01""]"
1001476	"[""N02BA01""]"
1005835	"[""D10AF06""]"
1010836	"[""D04AB01""]"
1013937	"[""C02AC01"", ""N02CX02""]"
1037305	"[""R01BA51"", ""R06AB05"", ""R06AC01""]"
1037352	"[""R01BA53"", ""R05CA03"", ""R05DB05""]"
1043623	"[""A01AB11""]"
1046613	"[""S01GA01""]"
1048151	"[""A03BA03""]"
1049386	"[""H02AB02""]"
105898	"[""M01AE02""]"
1050062	"[""N02BA51""]"
249329	"[""N03AX09""]"
252761	"[""C01EB09""]"
283141	"[""A11CA01""]"
283379	"[""A06AX01"", ""D08AE03""]"
307762	"[""A02AX""]"
1654007	"[""N01AX07""]"
1654912	"[""A10AF01""]"
1667674	"[""N05AX15""]"
1725696	"[""N01BB01""]"
1729584	"[""N01AH06""]"
1670197	"[""N03AB05""]"
1101536	"[""N02BE01""]"
1112864	"[""N02BE01""]"
1146709	"[""D01AE12""]"
1148506	"[""L01ED01""]"
404657	"[""G03CA03""]"
1000903	"[""S01EB01""]"
1010608	"[""N07BC51""]"
1039251	"[""R05DA09""]"
1658236	"[""B05XA05""]"
1665461	"[""M01AB15""]"
1666623	"[""M03BX01""]"
1731317	"[""A10AB01""]"
1732137	"[""N02AA01""]"
311249	"[""D02AX""]"
311446	"[""B05CX04""]"
198857	"[""A03AX13""]"
198795	"[""R01BA01""]"
1992304	"[""S01ED01""]"
204903	"[""A11CA02""]"
205701	"[""R03DA01""]"
206211	"[""D10AF02""]"
996629	"[""R01BA53"", ""R05DA04""]"
200394	"[""J01MA11""]"
2049732	"[""H01CB05""]"
342957	"[""J01DD07""]"
348506	"[""J02AC02""]"
402250	"[""G03FA11""]"
832718	"[""A12BA01""]"
845492	"[""H02AB07""]"
856576	"[""C07AA05""]"
1091488	"[""N06BA04""]"
1091950	"[""C05AX04""]"
1095362	"[""G03AA05""]"
1098158	"[""D03AX05""]"
1190818	"[""A03BA01"", ""N02BA05"", ""N02BE01""]"
208242	"[""R03DA04""]"
209501	"[""N02BE01""]"
209652	"[""D01AE18""]"
209789	"[""A16AA04""]"
211869	"[""A11GA01""]"
212393	"[""D02AE01""]"
852991	"[""C01BA01""]"
213330	"[""R05CA03""]"
2173723	"[""R05DA09""]"
2173846	"[""R05DA09""]"
237722	"[""A11GA01""]"
403947	"[""R01BA53"", ""R05CA03""]"
429212	"[""N05AH02""]"
476515	"[""N04BA02""]"
581378	"[""C10AX08""]"
583096	"[""C10AB05""]"
597666	"[""D10AE01""]"
602452	"[""G03CA03""]"
603834	"[""C10AB05""]"
859200	"[""N04BD01""]"
860555	"[""R01BA02"", ""R05CA03"", ""R05DA03""]"
1005850	"[""D10AB02"", ""D10AF06""]"
1009488	"[""G03BA03""]"
1044540	"[""A01AA01""]"
1047883	"[""A03BA03""]"
1049529	"[""R01BA02""]"
1049685	"[""N02AA05""]"
105944	"[""M01AB02""]"
106042	"[""S01EC02""]"
239189	"[""J01CF06""]"
251200	"[""N06AB06""]"
283475	"[""L01XX05""]"
1657723	"[""L01FE02""]"
1659260	"[""B01AB01""]"
1663248	"[""C01BD01""]"
1665021	"[""J01DD04""]"
1666306	"[""B02BD04""]"
1720765	"[""V03AF04""]"
211396	"[""J01MA02""]"
2166123	"[""R05CA03"", ""R05DA09""]"
1085730	"[""A01AC01""]"
260055	"[""N05CH01""]"
261269	"[""B03BA01""]"
284184	"[""J05AF02""]"
285009	"[""G03CA07"", ""G03CC04""]"
244070	"[""V03AB20""]"
1726335	"[""L01CE02""]"
1745444	"[""C05AD01"", ""C05AX06""]"
1747181	"[""L04AX03""]"
1792391	"[""S02CA05""]"
1795252	"[""B05BB01""]"
1795618	"[""B05BA03""]"
1795621	"[""B05BA03""]"
1796091	"[""A10BD11""]"
1798389	"[""B01AB01""]"
1806684	"[""G03FA01""]"
1807633	"[""B05XA03""]"
1807632	"[""B05XA03""]"
1866218	"[""C05AD01""]"
1867941	"[""N01BB02""]"
1868487	"[""B05CB04"", ""B05XA02""]"
1919489	"[""V06DC01""]"
1926221	"[""R01BA53""]"
1927616	"[""N06BA01"", ""N06BA02""]"
1944692	"[""D01AC02""]"
1234949	"[""N02AA08"", ""R06AB04""]"
1236068	"[""N02AA08"", ""R06AB04""]"
1246338	"[""R05DA09""]"
1250672	"[""D04AB01"", ""D06BB03""]"
1251331	"[""R06AE03""]"
1291604	"[""A01AB06""]"
1297278	"[""N05AE05""]"
1299054	"[""J01CA18""]"
1299027	"[""C05AX04""]"
1305614	"[""R01BA02"", ""R06AB06"", ""R06AB56""]"
1298443	"[""R05CA03""]"
1308571	"[""N06DA03""]"
1312718	"[""N02BA51""]"
1356901	"[""R05DA09"", ""R06AB01""]"
1362712	"[""C01BB02""]"
1366121	"[""P03AC01""]"
1366502	"[""N02BE01"", ""R06AA09""]"
1368954	"[""A07EC02""]"
1369746	"[""A06AA02"", ""A11AA01""]"
1370116	"[""N02BE01"", ""R01BA02"", ""R05DA09"", ""R06AB04""]"
1370228	"[""R01BA02"", ""R05DA09""]"
1375985	"[""A11CC05""]"
1422092	"[""C10BA05""]"
1422563	"[""M02AC""]"
1424611	"[""D01AE12""]"
1425314	"[""P03AX05""]"
1369737	"[""G03AA11""]"
198183	"[""N05CD10""]"
1437690	"[""D02AF""]"
1483224	"[""D04AB04"", ""D08AJ01""]"
1487288	"[""N02AJ17""]"
1494599	"[""R06AA02""]"
1535852	"[""R05DA09""]"
1536835	"[""N02BA51"", ""A09AB04""]"
1541707	"[""D01AE12""]"
1542806	"[""D07CA01""]"
1543432	"[""D04AB04""]"
1550968	"[""N02BE01"", ""R05CA03"", ""R05DA09""]"
1592752	"[""L01EX09""]"
1593450	"[""N02BE01"", ""R05CA03"", ""R05DA09""]"
1602120	"[""A10BD19""]"
1602597	"[""D08AX08""]"
1607217	"[""D01AE04""]"
1608477	"[""V06DC01""]"
1237110	"[""N02BE01"", ""R01BA02"", ""R05DA09"", ""R06AA09""]"
1305137	"[""A06AA02"", ""A11AA01""]"
1739839	"[""N06BA01""]"
1741760	"[""B05AA01""]"
1743951	"[""C01CA04""]"
1744011	"[""J05AR03""]"
1792485	"[""B03XA03""]"
1801140	"[""J01AA02""]"
1811631	"[""B01AC56""]"
1859381	"[""N02BE01""]"
1863988	"[""B05BB01""]"
1866531	"[""N01BB03""]"
1876516	"[""D08AJ01""]"
1944376	"[""N04BB01""]"
1945207	"[""R01AX30""]"
197307	"[""A10BB31""]"
197443	"[""N04BA02""]"
1236081	"[""N02AA08"", ""R06AB04""]"
1242068	"[""R05FB02""]"
1242819	"[""D06BX02""]"
1243014	"[""L01EK01""]"
1244616	"[""S01EE05""]"
1245925	"[""D08AG03""]"
1249085	"[""A08AA01""]"
1293957	"[""D08AG03""]"
1297390	"[""R01BA02""]"
1298360	"[""S01FA04""]"
1298883	"[""N05AE02""]"
1299667	"[""R03AB02""]"
1308442	"[""R01BA53""]"
1357547	"[""L04AF01""]"
1360733	"[""R01BA53""]"
1366646	"[""A07AA01""]"
1370122	"[""R05DA09"", ""R06AB04""]"
1375954	"[""R06AA59""]"
1423674	"[""P02CC01""]"
1428622	"[""N02BE01""]"
197711	"[""G03BA01""]"
197969	"[""H02AB04""]"
198024	"[""C10AD02""]"
198191	"[""A02BA02""]"
1442274	"[""D04AB01""]"
1442445	"[""N02BE01"", ""R05DA03""]"
1490032	"[""C01CA27""]"
1540044	"[""R05FB02""]"
1545034	"[""D10AE01"", ""J01AA02""]"
1545156	"[""A10BD16""]"
1549447	"[""D04AB01""]"
1597575	"[""N07BC51""]"
1598826	"[""D10AF51""]"
1359872	"[""C07AG01""]"
1368398	"[""A10BD13""]"
1543390	"[""D10AE01""]"
1736545	"[""C07AB09""]"
1742404	"[""B05AA01""]"
1743869	"[""C01CA04""]"
1791697	"[""N05AX17""]"
1796423	"[""L01BA05""]"
1799696	"[""B05BA02""]"
1799654	"[""V03AE01""]"
1807887	"[""A03BA03""]"
1809417	"[""J06BA01""]"
1863354	"[""L01CA02""]"
1866525	"[""N01BB03""]"
1872069	"[""A07BC01""]"
1876385	"[""L04AG08""]"
1923617	"[""B02BA01""]"
1939306	"[""V03AF02""]"
1941459	"[""N02BE01"", ""R05CA03""]"
1871440	"[""N02AA01""]"
1245236	"[""A06AX01""]"
1247917	"[""A06AA02"", ""A06AB06""]"
1248115	"[""N02AX02""]"
1249050	"[""R01BA53"", ""R05DB05"", ""R06AB54""]"
1294266	"[""D04AB07"", ""D08AE05"", ""S02BA01""]"
1294370	"[""R05DB05""]"
1299168	"[""H03AA01""]"
1299235	"[""R01BA02"", ""R05CA03""]"
1299687	"[""R03AB02""]"
1299965	"[""C09AA13""]"
1300301	"[""A12CB02""]"
1304115	"[""R05CA03""]"
1310202	"[""N02BE01"", ""R05DA03""]"
1310927	"[""N02AF01""]"
1356858	"[""R06AB01""]"
1367103	"[""D08AG03""]"
197788	"[""C03AA02""]"
198012	"[""M01AE02""]"
198029	"[""N07BA01""]"
1442170	"[""C10AB05""]"
1442698	"[""L01FA03""]"
153652	"[""J05AF04""]"
1592891	"[""D01AE12""]"
1728075	"[""L01BA04""]"
1728800	"[""N02AA01""]"
1732183	"[""L01DB03""]"
1746511	"[""R06AA09""]"
1809056	"[""N01BA03""]"
1857917	"[""J05AX09""]"
1868485	"[""B05XA02""]"
1872091	"[""D08AJ08""]"
1872920	"[""A06AB06""]"
197311	"[""J05AB01""]"
1247818	"[""A06AA02"", ""A06AB04""]"
1248168	"[""A06AA02"", ""A06AB04""]"
1293877	"[""D04AB07""]"
1299626	"[""S01XA03""]"
1300097	"[""R01BA02"", ""R06AB01""]"
1294587	"[""L01FX02""]"
1310934	"[]"
1357009	"[""G03CA03""]"
1361493	"[""A10BB12""]"
1362234	"[""R05CA03"", ""R05DA09""]"
1365847	"[""N03AF02""]"
1369831	"[""N05AH02""]"
1373473	"[""A10BK02""]"
1421173	"[""D01AE12""]"
1435917	"[""A11CC05""]"
197943	"[""M03BA03""]"
198040	"[""C01DA02""]"
1440185	"[""G03AA07""]"
1486880	"[""J01FF01""]"
1495480	"[""C05AX04""]"
1364903	"[""R01BA02"", ""R06AB01""]"
1602356	"[""D10AF06""]"
1648503	"[""A02AB03""]"
1649961	"[""R03AC02""]"
197710	"[""G03BA01""]"
1361704	"[""R05DB10"", ""R06AE04""]"
153595	"[""L01XF01""]"
153655	"[""N04BX01""]"
1648919	"[""M01AC06""]"
1359916	"[""N02AB03""]"
1485747	"[""N01BX04""]"
1536498	"[""R05DA09""]"
1608276	"[""A05AA03""]"
1652634	"[""G04BC""]"
1653166	"[""L04AB06""]"
1306076	"[""S01LA04""]"
1495103	"[""D01AE12""]"
1653047	"[""A06AA01""]"
1805016	"[""L01AA09""]"
197837	"[""C01DA08""]"
198166	"[""N05CM06""]"
1541094	"[""D08AE04"", ""D08AE05""]"
647127	"[""H02AB06""]"
636842	"[""M01AX05"", ""M01AX25""]"
647413	"[""R05CA03""]"
664789	"[""A11HA03"", ""C01EB09""]"
670307	"[""S01AA30""]"
687022	"[""N05BA12""]"
687211	"[""P01AB01""]"
685576	"[""J01FF01""]"
745462	"[""J01CE09""]"
753322	"[""D01AE18""]"
688708	"[""S01CA03""]"
726793	"[""D11AX11""]"
748381	"[""R01BA02"", ""R05DB05""]"
751620	"[""C07AB12""]"
757665	"[""B02BD30""]"
748886	"[""G03AA07""]"
800110	"[""B05BA10""]"
897256	"[""B03AA02""]"
991190	"[""N05AA01""]"
1087399	"[""B03AE04""]"
2001994	"[""D04AB01"", ""D06AX04"", ""D06AX05""]"
748321	"[""B02BD30""]"
749780	"[""J01FA10""]"
750245	"[""G03AA06""]"
752388	"[""A10AB04"", ""A10AD04""]"
792577	"[""B05XA02""]"
795144	"[""G03GA04""]"
860895	"[""N03AG04""]"
884783	"[""D08AX08""]"
892344	"[""N02AA01""]"
900364	"[""G04BA01""]"
905189	"[""N01BB09""]"
992671	"[""A03BB06"", ""R05DA03""]"
308959	"[""D01AE12"", ""D06BB04""]"
309086	"[""J01DD14""]"
310434	"[""N02BF01""]"
310497	"[""H04AA01""]"
310812	"[""C03EA01""]"
310865	"[""S01CA03""]"
199219	"[""M09AB03""]"
199298	"[""A12AA13""]"
313234	"[""G03BA03""]"
313774	"[""A12CB01""]"
802696	"[""B03AE04""]"
825186	"[""S02CA03""]"
880359	"[""R05CA03"", ""R05DA09""]"
309378	"[""N05AH02""]"
706550	"[""R03DA04""]"
800064	"[""B05DB""]"
308696	"[""D10AE01""]"
201907	"[""J05AF01""]"
746757	"[""A01AA01""]"
795942	"[""J07AF01""]"
800216	"[""B05BA01""]"
93131	"[""D07AC08""]"
310289	"[""C10AB05""]"
310992	"[""M01AB01""]"
311995	"[""J01XE01""]"
1086958	"[""R05DA09""]"
1087218	"[""B03AE01""]"
1090512	"[""R06AX13""]"
198301	"[""H02AB08""]"
198359	"[""N03AX10""]"
199116	"[""G03BA03""]"
2045409	"[""H02AB02""]"
205895	"[""S01EA51""]"
207104	"[""C01DA02"", ""C05AE01""]"
998528	"[""D01AC02""]"
313566	"[""J05AB14""]"
313962	"[""S01XA20""]"
352150	"[""R01BA02"", ""R06AA08""]"
804145	"[""R05DA09"", ""R06AB04""]"
832092	"[""D08AG02""]"
861008	"[""A10BA02""]"
899872	"[""R01BA02""]"
995081	"[""R05DA04""]"
309874	"[""G03EK01""]"
201322	"[""C07AB03""]"
204721	"[""N02BE01"", ""R01BA01"", ""R05DA09"", ""R06AB04""]"
2058531	"[""D02AB""]"
805370	"[""D10AD01""]"
631799	"[""S02DC""]"
637168	"[""D02AB""]"
701593	"[""C10AB05""]"
727575	"[""C03CA01""]"
664844	"[""R01BA03"", ""R05CA03""]"
707270	"[""A12CB02""]"
721791	"[""N05AH04""]"
749786	"[""G03AA06""]"
749796	"[""N01BA05""]"
751612	"[""C07AB12""]"
798426	"[""J07BC01""]"
755101	"[""R01BA02"", ""R06AB04""]"
790271	"[""A12AA04""]"
792005	"[""G02AB03""]"
897048	"[""J01CR02""]"
904783	"[""D07XA01""]"
309087	"[""J01DD14""]"
763138	"[""B01AD07""]"
797659	"[""V10BX02""]"
861004	"[""A10BA02""]"
877014	"[""D01AE12""]"
897592	"[""C08DA01""]"
977883	"[""C03EA01""]"
991150	"[""G01AD01""]"
94345	"[""D07AC03""]"
310682	"[""D07AA02"", ""D01AE12"", ""D10AB02""]"
311551	"[""N05AC03""]"
311725	"[""N06AX11""]"
198626	"[""B03AA02""]"
198494	"[""D04AB04""]"
1999316	"[""L01XX05""]"
200871	"[""C01DA08""]"
204498	"[""G03CB02""]"
2049723	"[""D04AB01""]"
205157	"[""D08AE03""]"
205901	"[""S01EA51""]"
206620	"[""G03CA03""]"
207364	"[""J01AA08""]"
996720	"[""R01BA02"", ""R05CA03"", ""R05DA04""]"
313000	"[""R01AX""]"
313041	"[""A01AA01""]"
317094	"[""N04BX02""]"
801731	"[""A06AH02""]"
901429	"[""C05AD04""]"
991061	"[""A03AA07""]"
905394	"[""A16AA05""]"
309839	"[""N05BA01""]"
310297	"[""N02AB03""]"
897782	"[""C09BB10""]"
979487	"[""C09CA01""]"
308809	"[""R01BA02"", ""R06AB01""]"
404323	"[""G03DA04""]"
992733	"[""A03BB06"", ""R05DA03""]"
992447	"[""R06AD02""]"
670087	"[""J01DB09""]"
797885	"[""D01AE12""]"
892646	"[""N02AA01""]"
978668	"[""A08AA03""]"
992206	"[""J01XX05""]"
310984	"[""C01CE01""]"
794610	"[""J05AE10""]"
876195	"[""A06AD15""]"
883795	"[""B03AE02""]"
897694	"[""C08DA01""]"
897749	"[""N02AA03""]"
898499	"[""M09AB02""]"
900156	"[""N03AX09""]"
966468	"[""H03AA01""]"
991369	"[""D04AX""]"
978009	"[""A07DA03""]"
308970	"[""S01EB02""]"
309209	"[""R01BA01"", ""R06AB04""]"
310963	"[""M01AE01""]"
311632	"[""C02KC01"", ""C03AA08""]"
311682	"[""J01XD01"", ""P01AB01""]"
312447	"[""J01CR05""]"
312810	"[""J06BB01""]"
1087041	"[""R01BA02"", ""R06AB04""]"
1089065	"[""D02AB""]"
1091193	"[""N06BA04""]"
1989828	"[""A16AB18""]"
1990862	"[""B02BD04""]"
1990881	"[""R05DA09"", ""R06AB02""]"
199663	"[""J05AF01""]"
200032	"[""C07AG02""]"
200349	"[""B01AC16""]"
2048985	"[""D10AE01""]"
207248	"[""D01AC11""]"
206811	"[""N05AC03""]"
994841	"[""M03BC01""]"
998511	"[""D01AC02""]"
313107	"[""J05AF04""]"
315198	"[""D01AE12""]"
376695	"[""B05BB02""]"
313187	"[""N06DA01""]"
810079	"[""G04BD11""]"
756138	"[""J01AA06""]"
763306	"[""A02BC02""]"
992491	"[""D10AE01""]"
309490	"[""M04AC01""]"
310174	"[""G03CA03""]"
198915	"[""A12CB01""]"
998671	"[""C02AC01""]"
905168	"[""N06AA11""]"
630324	"[""R06AB04""]"
702236	"[""R05CA03""]"
705877	"[""D01AE12""]"
877417	"[""A05AA01""]"
892351	"[""N02AA01""]"
966208	"[""H03AA01""]"
978575	"[""S01ED05""]"
198950	"[""A11HA02""]"
729432	"[""H03BB02""]"
756053	"[""J04AC01""]"
864765	"[""N07BC02""]"
866508	"[""C07AB02""]"
896243	"[""R03AK06""]"
900165	"[""N03AX09""]"
967897	"[""N07BB03""]"
901280	"[""A01AA01""]"
903736	"[""H03AA01""]"
308472	"[""A07BC02"", ""N03AA02""]"
310768	"[""A03AB10""]"
311040	"[""A10AB05""]"
312240	"[""C02KC01""]"
312656	"[""N05AA03""]"
1087256	"[""B03BA01"", ""B03BB01""]"
198449	"[""N02BE01""]"
200132	"[""A10BF01""]"
200998	"[""J01CA04""]"
201885	"[""J01MB06""]"
205606	"[""J01AA07""]"
207060	"[""A14AB01""]"
996661	"[""R01BA02"", ""R05DA04""]"
313278	"[""R03DA04""]"
313354	"[""N05AC02""]"
313408	"[""S01ED01""]"
313485	"[""R06AD01""]"
347742	"[""V03AN01"", ""V03AN03"", ""V03AN04"", ""V04CX08""]"
349281	"[""R01BA02"", ""R06AB01""]"
809205	"[""R01BA01"", ""R06AB04""]"
830869	"[""C08DB01""]"
900524	"[""P02CB01""]"
310604	"[""R05CA03""]"
1086857	"[""R06AA02""]"
1089968	"[""N02BE01"", ""R01BA02"", ""R05DA09"", ""R06AB04""]"
311254	"[""D02AX""]"
894774	"[""N02AA01""]"
351991	"[""N04BC04""]"
801357	"[""B05BB01""]"
312638	"[""N05AB04""]"
198522	"[""N06BC01""]"
198936	"[""A12CC06""]"
1999202	"[""A02AF""]"
2044962	"[""D04AB01""]"
205756	"[""J01MB06""]"
206625	"[""D11AX11""]"
206850	"[""C01CA09""]"
207330	"[""C01DA02""]"
995450	"[""R05CA03"", ""R05DA04""]"
313160	"[""N02CC01""]"
313650	"[""A11CA01""]"
315183	"[""A12BA01""]"
343010	"[""R01BA02"", ""R05CA03""]"
349480	"[""G04BE09""]"
801112	"[""B05BB01""]"
801136	"[""B05BA01""]"
804919	"[""B02BC06""]"
809252	"[""A09AA01""]"
810075	"[""G04BD11""]"
810097	"[""G03AA07""]"
826807	"[""D02AA""]"
828340	"[""M03BX08""]"
831261	"[""A07EB01""]"
833164	"[""J02AC02""]"
201240	"[""N03AX09""]"
377732	"[""M02AA13""]"
801966	"[""N05BA01""]"
849646	"[""D02AE01""]"
849822	"[""S01KA01""]"
854918	"[""C07BB07""]"
857117	"[""N02BE01"", ""R05DA03""]"
857171	"[""C09AA09""]"
857314	"[""N02BE01"", ""R05DA03""]"
207497	"[""C10AX02""]"
207797	"[""D08AF01""]"
208303	"[]"
209029	"[""J06BB09""]"
209177	"[""A02BB01""]"
2104187	"[""D03AX05""]"
210820	"[""A02AB01""]"
2117608	"[""B05XA19""]"
2118551	"[""D04AB01""]"
2122770	"[""R01BA01"", ""R05CA03""]"
2122772	"[""R01BA01"", ""R05CA03""]"
2122801	"[""R05CA03""]"
212425	"[""D02AE01""]"
213091	"[""A04AA04""]"
213433	"[""C08EA02""]"
213443	"[""C03AA04""]"
213517	"[""L01BC02""]"
213555	"[""D07AC01""]"
2167677	"[""R01BA02"", ""R05CA03"", ""R05DA09""]"
2175999	"[""M01AX05""]"
1094352	"[""G04BX06"", ""J01EA01"", ""J01EC01""]"
1094584	"[""D10AE01""]"
1100469	"[""B03AE04""]"
1100746	"[""B05DA""]"
1101523	"[""N02BE01""]"
1101938	"[""A01AA01""]"
1112779	"[""R01BA02"", ""R06AB04""]"
1113691	"[""R05FB02""]"
1114333	"[""R03AC18""]"
314286	"[""N05AE04""]"
807284	"[""B05XA02""]"
207701	"[""N05AA03""]"
213550	"[""G03CA07"", ""G03CC04""]"
1125488	"[""R05DA09"", ""R06AB04""]"
1190894	"[""A03CB03""]"
1193311	"[""A01AC03"", ""A07EA02"", ""D07AA02"", ""D07AB02"", ""D07AB11"", ""H02AB09"", ""S01BA02""]"
1234512	"[""D07XA01""]"
404033	"[""D10AF01""]"
404545	"[""N03AE01""]"
433353	"[""B01AC06"", ""N02BA01""]"
484892	"[""R01BA01"", ""R01BA02"", ""R06AB04""]"
485968	"[""N05AH03""]"
542355	"[""N01AB06""]"
542370	"[""J05AE04""]"
544222	"[""R06AB04""]"
562497	"[""R02AA19""]"
562531	"[""D08AG02""]"
603224	"[""R01BA02"", ""R05CA03""]"
604806	"[""H01AC03""]"
617302	"[""J01CR02""]"
859013	"[""R01BA02"", ""R05DA03"", ""R06AB04""]"
859101	"[""R05CA09"", ""R05DA03""]"
859156	"[""R01BA02"", ""R05DA03"", ""R06AB04""]"
860042	"[""R01BA01"", ""R01BA03"", ""R05DA03"", ""R06AB05"", ""R06AC01""]"
860044	"[""R01BA01"", ""R01BA03"", ""R05DA03"", ""R06AB05"", ""R06AC01""]"
1000987	"[""R01AA05""]"
1001405	"[""L01CD02""]"
1012099	"[""D04AB01"", ""D08AJ01""]"
1013636	"[""D05AX02""]"
1014314	"[""D07AB09""]"
1014599	"[""N02AJ17""]"
1038903	"[""D08AG02""]"
1039057	"[""D02AB""]"
1039963	"[""A06AB06""]"
1042693	"[""R05DA20""]"
1046274	"[""S01GA01""]"
1046353	"[""R02AD01""]"
1046548	"[""R01BA01"", ""R06AB05"", ""R06AC01""]"
1046914	"[""A03BA01"", ""A03BA03"", ""J01XX05""]"
1046910	"[""A03BA01"", ""A03BA03"", ""J01XX05""]"
1047765	"[""A03BA01"", ""A03BA03"", ""N03AA02"", ""N05CM05""]"
1053756	"[""D01AA20""]"
1085100	"[""D01AA20""]"
1085680	"[""H02AB08""]"
1085762	"[""D07AB09""]"
1046560	"[""M02AB01""]"
226734	"[""D06BB10""]"
241999	"[""B03XA01""]"
242026	"[""N05CH01""]"
248506	"[""A11CC05""]"
248609	"[""D02AF""]"
260001	"[""B03BB01""]"
261128	"[""J05AE02""]"
261315	"[""J05AH02""]"
261313	"[""R03DC01""]"
307685	"[""N02BE01"", ""A12AA04""]"
1659285	"[""J01DD02""]"
211947	"[""P01AX06""]"
2179749	"[""A10AB01""]"
1098644	"[""S01GA51""]"
1099756	"[""R01BA02"", ""R06AX07""]"
1116499	"[""D07XA01""]"
403890	"[""B05BB01""]"
435681	"[""H02AB02""]"
543040	"[""R03DA01"", ""R05CA03""]"
858919	"[""R01BA02"", ""R05DA03"", ""R06AB04""]"
1000899	"[""S01EB01""]"
1011767	"[""D04AB01""]"
1038904	"[""A01AA01""]"
1043325	"[""D08AJ08""]"
1044442	"[""A07BC01""]"
1046997	"[""A03BA01"", ""A03BA03"", ""N03AA02"", ""N05CM05""]"
1049620	"[""N02AA05""]"
1052620	"[""D04AB04""]"
1053634	"[""R01BA02"", ""R06AB04""]"
1086271	"[""D07AB09""]"
603929	"[""C05AD03""]"
1000861	"[""D10AF06""]"
198255	"[""R03DA04""]"
198371	"[""C03CA04""]"
1989491	"[""M02AC""]"
1989811	"[""B02BX06""]"
2047608	"[""B03XA01""]"
205733	"[""N02BE01"", ""N06BC01""]"
206218	"[""D10AF02""]"
206309	"[""R03DA04"", ""R05CA03""]"
996966	"[""N02BE01"", ""R05DA04""]"
998467	"[""D01AC02""]"
999477	"[""D10AE01""]"
313403	"[""J01CA13""]"
313640	"[""A11CA01""]"
315059	"[""D07AC03""]"
349319	"[""M01AH03""]"
352076	"[""H05BX02""]"
360348	"[""N01BA05""]"
809572	"[""A12AX""]"
830477	"[""J06BB05""]"
997296	"[""R05DA04""]"
313140	"[""D06BA05"", ""J01EB06""]"
348719	"[""J01GB01""]"
845978	"[""D10AE01""]"
846386	"[""N05AN01""]"
847370	"[""D10AE01""]"
849932	"[""N06BC01""]"
856845	"[""N06AA09""]"
857750	"[""R01BA03"", ""R05DA03"", ""R06AB04""]"
208149	"[""N06AB06""]"
208179	"[""A11CC02""]"
208646	"[""N06AA06""]"
208675	"[""C03DB02""]"
2099528	"[""S01HA02"", ""S01JA01""]"
2101465	"[""L03AA02""]"
2101490	"[""A03AB02""]"
2102460	"[""J06BA01""]"
210318	"[""A03AX13""]"
212446	"[""J01FA10""]"
213344	"[""N06AB04""]"
214004	"[""N05BA12""]"
214040	"[""S02DA30""]"
214073	"[""G03CA57""]"
2167575	"[""C10AA07""]"
2167784	"[""R05CA03"", ""R05DA09""]"
2178266	"[""L01AA09""]"
1089811	"[""S01XA20""]"
1091210	"[""N06BA04""]"
1094434	"[""R01BA03"", ""R06AX07""]"
1098139	"[""S01KA51""]"
1111440	"[""R05DA09"", ""R06AB04""]"
1111764	"[""D04AA32""]"
1191394	"[""D08AH""]"
1191663	"[""R01BA02"", ""R05CA03"", ""R05DA09""]"
856991	"[""N02BE01"", ""R05DA03""]"
1113507	"[""R01BA02"", ""R05DA09"", ""R06AA08""]"
311899	"[""J01CF06""]"
312087	"[""A04AA01""]"
1086938	"[""J01AA06""]"
198535	"[""A02AC01"", ""A12AA04""]"
1991413	"[""L01FF01""]"
2055026	"[""S01XA18""]"
205871	"[""C01CA24""]"
995427	"[""N05BB01""]"
997159	"[""P01BC01""]"
312914	"[""N05CA06""]"
312927	"[""A06AB06""]"
313135	"[""J01EC01""]"
313159	"[""N02CC01""]"
403970	"[""N06CA03""]"
313329	"[""A11DA01""]"
802913	"[""R03DA01"", ""R05CA03""]"
824959	"[""N04BC04""]"
834104	"[""J01CE02""]"
966182	"[""H03AA01""]"
1989112	"[""C01CA24""]"
206314	"[""D07AA02""]"
207081	"[""N02BG09""]"
351825	"[""G03DA04""]"
834857	"[""D10AE01""]"
847112	"[""D11AX02""]"
848145	"[""C09DX01""]"
849742	"[""D04AB04""]"
854764	"[""M01AE01""]"
854910	"[""C07BB07""]"
855906	"[""M01AB05""]"
856535	"[""C07AA05""]"
856724	"[""C07AA05""]"
856992	"[""N02AJ22""]"
858613	"[""C08CA04""]"
856426	"[""C03AA03"", ""C07AA05""]"
208083	"[""L03AA09""]"
209598	"[""A06AB02""]"
209867	"[""M03BA03"", ""N02BA01""]"
2110780	"[""G03CA03""]"
211509	"[""C03CC01""]"
211640	"[""A02AF02""]"
211750	"[""R01BA01"", ""R06AB04""]"
211755	"[""S01BA04""]"
211798	"[""S02AA10""]"
212227	"[""A07BA01""]"
212223	"[""A07BA01""]"
2174514	"[""D08AJ01""]"
2177190	"[""M02AC""]"
212400	"[""J06BB01""]"
2105831	"[""L01FA01""]"
1092461	"[""R06AA02""]"
1092658	"[""D10AE01""]"
1093377	"[""R06AA02""]"
1094147	"[""G04BX06""]"
1111840	"[""R05DA09""]"
1112942	"[""D04AB04""]"
1113705	"[""N02BE01"", ""R05DA09""]"
1116511	"[""A11CC05""]"
1119597	"[""M02AC""]"
477045	"[""R06AB04""]"
562414	"[""D06AX04"", ""D06AX05""]"
562631	"[""R01BA02"", ""R06AX09""]"
578018	"[""S01BC11""]"
581549	"[""G03CA03""]"
597406	"[""M01AC06""]"
606859	"[""H05BX02""]"
859336	"[""R05CA03"", ""R05DA03""]"
859999	"[""R05CA03"", ""R05DA03""]"
860239	"[""R01BA03"", ""R05CA03"", ""R05DA03""]"
1010033	"[""N01BB02""]"
1039560	"[""D01AE12""]"
1039699	"[""D08AX08""]"
103439	"[""D07AB08""]"
1046313	"[""D04AB04""]"
1048123	"[""D11AX12""]"
1049269	"[""N02AJ17""]"
1050394	"[""D07AC03""]"
1050407	"[""N02AA05""]"
1086605	"[""A12AX""]"
244475	"[""D05AA""]"
244537	"[""D01AE12"", ""D10AB02""]"
244601	"[""P03AC01""]"
245208	"[""V06DD""]"
245288	"[""R06AD01""]"
245608	"[""D10AB02""]"
249453	"[""H01AC01""]"
260495	"[""V03AB20""]"
260852	"[""C10AD02""]"
1658241	"[""J07BL01""]"
1658634	"[""B01AB01""]"
1659139	"[""J01CR05""]"
1665682	"[""M01AB15""]"
1673799	"[""D01AE12""]"
1673788	"[""N02BA01"", ""N02BE01"", ""N06BC01""]"
1674197	"[""A07EA02"", ""C05AA01""]"
1719287	"[""C03CA01""]"
1735058	"[""N01AH01"", ""N02AB03""]"
857305	"[""N06AA04""]"
540181	"[""A03AE01""]"
545709	"[""D10AX01""]"
603826	"[""A02AD02""]"
860695	"[""N06DA04""]"
1006551	"[""P02CF01""]"
1011854	"[""D04AB01""]"
1012226	"[""C05AA01"", ""D04AB01""]"
1037082	"[""R01BA01"", ""R06AB05"", ""R06AC01""]"
1012766	"[""R06AA08""]"
1044265	"[""D08AG02""]"
247396	"[""D08AE05""]"
247508	"[""R01BA01"", ""R05CA03""]"
252963	"[""D04AB04""]"
1655060	"[""N02AB02""]"
1658159	"[""J06BB04""]"
1658100	"[""J07BC02""]"
1658108	"[""A07FA51""]"
2590	"[""D07AD01"", ""S01BA17""]"
1010980	"[""R01BA02"", ""R05DA09"", ""R06AA08""]"
1747194	"[""L04AX03""]"
1790097	"[""L01DB01""]"
1190201	"[""N02AJ01""]"
1190631	"[""S01FA01""]"
1191692	"[""D04AB01""]"
1234533	"[""D04AB07""]"
540098	"[""R05FB02""]"
542314	"[""V03AN01""]"
562834	"[""A11HA03""]"
577080	"[""R06AX27""]"
577776	"[""C09CA06""]"
581574	"[""J01DD08""]"
606861	"[""H05BX02""]"
616366	"[""L01BB07""]"
859181	"[""R01BA02"", ""R05DA03"", ""R06AB04""]"
859236	"[""R01BA03"", ""R05DA03"", ""R06AB04""]"
1002300	"[""L01EA03""]"
1005829	"[""D10AB02"", ""D10AF06""]"
1006127	"[""S01AB04""]"
1006632	"[""P02CC01""]"
104376	"[""C09AA03""]"
1044465	"[""D11AC""]"
1046256	"[""S01GA01""]"
1046920	"[""N07BA01""]"
1047774	"[""A03BA01"", ""A03BA03"", ""N03AA02"", ""N05CM05""]"
238212	"[""A03AB02""]"
260330	"[""H02AB04""]"
1653435	"[""J01AA02""]"
1737343	"[""C01BB01""]"
1193047	"[""D08AX05""]"
411914	"[""A16AA01""]"
1010755	"[""N01BB02""]"
1012884	"[""R01BA02"", ""R06AA08""]"
1043642	"[""S01GA01""]"
1049683	"[""N02AA05""]"
1663244	"[""C01BD01""]"
1666777	"[""N05CD08""]"
1721690	"[""B03XA01""]"
1722941	"[""J01DH02""]"
1190803	"[""A03BA01"", ""S01FA01""]"
284497	"[""D05AX05""]"
1741764	"[""B05AA01""]"
1745114	"[""L04AC13""]"
1790095	"[""L01DB01""]"
1790242	"[""C08CA16""]"
198776	"[""N01BX03""]"
198886	"[""D02AE01""]"
1991946	"[""R06AE07""]"
1992538	"[""J06BB05""]"
201427	"[""C01DA14""]"
2049241	"[""N07BA01""]"
206219	"[""D10AF02""]"
205610	"[""D07AC07""]"
997489	"[""R06AX26""]"
313572	"[""J01XA01""]"
313861	"[""A11CA02""]"
352337	"[""J05AP01""]"
198896	"[""A11GA01""]"
800683	"[""B05BB02""]"
831585	"[""D08AE01""]"
833746	"[""A12AX""]"
835566	"[""N06AA02""]"
835921	"[""L04AD01""]"
835948	"[""L01AX03""]"
836358	"[""R03BB01""]"
856448	"[""C07AA05""]"
856457	"[""C07AA05""]"
857005	"[""N02AJ22""]"
857011	"[""N02BE01"", ""R05DA03""]"
831252	"[""C08DB01""]"
1091094	"[""V03AN02""]"
1091242	"[""A12AX""]"
1099798	"[""D10AE01""]"
1101787	"[""D01AE18""]"
1114487	"[""N04BC05""]"
1189693	"[""H03AA01""]"
1191214	"[""V03AB15""]"
208919	"[""N01AB07""]"
210011	"[""A02AB01""]"
210043	"[""A02AF02""]"
2102949	"[""N05AB04""]"
2104192	"[""G03AA11""]"
211088	"[""R01BA01""]"
213197	"[""D03AX06""]"
213510	"[""M01CB03""]"
214045	"[""J01DD12""]"
2167752	"[""R05DA09"", ""R06AB04""]"
2183891	"[""R06AB04""]"
214002	"[""C01BD02""]"
404405	"[""G03BA03""]"
465355	"[""J02AC03""]"
476677	"[""N03AX12""]"
542861	"[""N05BA05""]"
545276	"[""G03CA03""]"
607579	"[""J05AF10""]"
857652	"[""A03BB03"", ""R01BA03"", ""R06AB04""]"
859054	"[""N04BC05""]"
860751	"[""R06AA10""]"
1012377	"[""N01BB01""]"
1047903	"[""A03BA03""]"
1048078	"[""A03BA01"", ""A03BA03""]"
1052645	"[""N02BE01"", ""R06AA02""]"
245346	"[""A02AD01""]"
259543	"[""J01FA09""]"
284296	"[""A03AX13""]"
1673566	"[""D04AB07"", ""D06AX04"", ""D06AX05""]"
1719228	"[""B02BD02""]"
1720009	"[""A01AA01""]"
1722921	"[""J01DC05""]"
211273	"[""A01AB04"", ""A07AA07""]"
2182340	"[""L04AB01""]"
421299	"[""A06AX01""]"
544452	"[""A06AD11""]"
1014677	"[""R06AE07""]"
1046772	"[""A03BA03""]"
1049647	"[""N02AJ17""]"
285015	"[""G03BA03""]"
1659592	"[""J01CR04""]"
1667916	"[""C01CA02"", ""R03AB02"", ""R03CB01""]"
210995	"[""A06AB04""]"
616292	"[""L01EX01""]"
1726492	"[""L01CE02""]"
104784	"[""N05AX08""]"
1790651	"[""N02BE01"", ""R05CA03"", ""R05DA09""]"
1791841	"[""C01CE02""]"
1804384	"[""N02BE01"", ""R05CA03"", ""R05DA09"", ""R06AA09""]"
1809582	"[""J06BA01""]"
1867995	"[""C01CA24"", ""N01BB02""]"
1868461	"[""D04AB04""]"
1872075	"[""N02BE51""]"
1923431	"[""S01ED01""]"
1925871	"[""D01AE12""]"
1927647	"[""D04AB04""]"
1942340	"[""D04AA32""]"
1946703	"[""C05AX04""]"
197417	"[""C03CA02""]"
1941198	"[""R05CA03"", ""R05DA09""]"
1235467	"[""R02AD01""]"
1236105	"[""D01AE18""]"
1242408	"[""C02CA04""]"
1243493	"[""R05DA09"", ""R06AB04""]"
1245250	"[""S02CA03""]"
1245441	"[""C10BA02""]"
1246606	"[""M09AX01""]"
1248362	"[""R01BA03"", ""R06AD02""]"
1248819	"[""B03XA04""]"
1249131	"[""C05AX04""]"
1250542	"[""N02BE01""]"
1250923	"[""D01AE04""]"
1251185	"[""R05DA09"", ""R06AB04""]"
1251336	"[""G03AA05""]"
1251768	"[""B05CA01"", ""D08AJ03"", ""D09AA07"", ""R02AA06""]"
1251804	"[""R06AB01""]"
1292877	"[""D04AB01""]"
1293895	"[""S02BA01""]"
1294036	"[""D04AB07""]"
1294383	"[""R01BA03"", ""R05DA03"", ""R06AA02""]"
1298747	"[""R02AA06""]"
1303727	"[""D04AB07"", ""D06AX05""]"
1307225	"[""R01BA03"", ""R06AB04""]"
1315207	"[""A06AD15""]"
1356080	"[""N02BE01""]"
1357010	"[""R01BA02"", ""R05DA09"", ""R06AB01""]"
1358512	"[""H02AB04""]"
1360386	"[""C01DA02"", ""C05AE01""]"
1361207	"[""B01AB01""]"
1368391	"[""A10BD13""]"
1424378	"[""N02BE01"", ""R01BA02""]"
1425331	"[""N02BE01"", ""R05DA09"", ""R06AB04""]"
197955	"[""C02AB01""]"
1438129	"[""J01CE09""]"
1488634	"[""N02AE01"", ""N07BC01""]"
1488602	"[""D01AE12""]"
1489310	"[""R05DA09"", ""R06AB04""]"
1490052	"[""A16AB12""]"
1491773	"[""D08AX08""]"
1535160	"[""G01AF04""]"
1536610	"[""G01AF04""]"
1540505	"[""M02AB01""]"
1540834	"[""N02BE01""]"
1547954	"[""D01AC01""]"
1549315	"[""S01BA04""]"
1593660	"[""M01AE02""]"
1598027	"[""D08AJ01"", ""D08AX08""]"
1598068	"[""D11AX22""]"
1602034	"[""H05AA03""]"
1648785	"[""R03AK10""]"
1293510	"[""N02CA52""]"
1049565	"[""N02AA05""]"
283536	"[""N03AF02""]"
308123	"[""J04AA01""]"
1718910	"[""N05CM18""]"
1728052	"[""A04AA05""]"
1733080	"[""N02AA01""]"
1668034	"[""A03BA01""]"
1736781	"[""L01XA03""]"
1738358	"[""N02BG08""]"
1741423	"[""B05AA01""]"
1795345	"[""B05BB02""]"
1803546	"[""D08AX08""]"
1812268	"[""J01AA06""]"
1923825	"[""V03AC03""]"
1945175	"[]"
1244636	"[""D07AC01""]"
1245229	"[""D04AB04""]"
1245454	"[""R05FB02""]"
1245616	"[""R05CA03"", ""R05DA09""]"
1248831	"[""B03XA04""]"
1251928	"[""R01BA02""]"
1291672	"[""D04AB01""]"
1297368	"[""R01BA02"", ""R05DA03"", ""R06AB04""]"
1298352	"[""S01FA04""]"
1298855	"[""C04AA01""]"
1307226	"[""R01BA02"", ""R05CA03""]"
1357533	"[""R01BA01"", ""R06AB01""]"
1359030	"[""G03AA05""]"
1360391	"[""C01DA02""]"
1363410	"[""L01EX07""]"
1370963	"[""R01BA02""]"
1376094	"[""D02AF""]"
141860	"[""P03AB02""]"
142002	"[""S01KA02""]"
1427998	"[""R01BA02"", ""R05CA03"", ""R05DA09""]"
1430524	"[""R01BA02"", ""R06AB01""]"
197411	"[""N04BC01""]"
197476	"[""C03AA04""]"
197577	"[""H02AB02""]"
198030	"[""N07BA01""]"
1439829	"[""N06AX26""]"
1490417	"[""R06AB04""]"
1490693	"[""D06AX04"", ""D06AX05""]"
1493165	"[""D01AE12""]"
1490063	"[""G03AC03""]"
1535470	"[""N06BA02""]"
198111	"[""C03AA05""]"
1440919	"[""A07BA01""]"
153079	"[""C09CA03""]"
1730930	"[""C01CA19""]"
1731584	"[""A03AB02""]"
1731545	"[""N02AA01""]"
1734399	"[""A04AA02""]"
1746494	"[""A11CC05""]"
1797927	"[""R01AD01""]"
1795339	"[""L04AC01""]"
1804746	"[""J02AX06""]"
1806181	"[""N06BA04""]"
1809097	"[""N01AH03""]"
1860137	"[""N02AA05""]"
1863343	"[""L01CA02""]"
1873087	"[""L04AB04""]"
1874553	"[""N06AX23""]"
1923058	"[""L01EF02"", ""L02BG04""]"
197319	"[""M04AA01""]"
1241678	"[""N02BA04""]"
1245277	"[""R03BA03""]"
1245379	"[""A06AA02"", ""A06AB04""]"
1246075	"[""D04AB07""]"
1246303	"[""A02AD05""]"
1247189	"[""A06AA02""]"
1249712	"[""H02AB02""]"
1251377	"[""R06AB01""]"
1251617	"[""R02AA06""]"
1293639	"[""N02CA52""]"
1298324	"[""R05FB02""]"
1307167	"[""R01BA02"", ""R05CA03""]"
1357886	"[""H02AB04""]"
1359157	"[""N02BE01"", ""R01BA02"", ""R06AB04""]"
1359460	"[""D10AE01""]"
1366571	"[""J06BC02""]"
1372924	"[""C05AX04""]"
141960	"[""N04AA04""]"
1424550	"[""C05AX04""]"
1437713	"[""L01AA05""]"
1441530	"[""L04AC07""]"
1442676	"[""N05AA04""]"
1483744	"[""N07BB04""]"
1484890	"[""D11AC""]"
153323	"[""L03AB07""]"
1537049	"[""A12BA01""]"
1547110	"[""N05CJ01""]"
1549442	"[""A07BC01"", ""A07BC02""]"
1549674	"[""R05DA09""]"
1552201	"[""D04AB01""]"
1593110	"[""N02BE01""]"
1598047	"[""J01GB06""]"
1605374	"[""N03AX14""]"
1649990	"[""J01AA02""]"
1358724	"[""R01BA01"", ""R05CA03""]"
197914	"[""D10AF04""]"
1650004	"[""L03AB07""]"
1651571	"[""D07AC01"", ""D10AD01"", ""D11AX11""]"
1653202	"[""A10AB05""]"
1542919	"[""R01AX""]"
1537027	"[""N02BE01""]"
1539265	"[""C01EX""]"
1544970	"[""A06AA01""]"
1546083	"[""R03AC19""]"
1546212	"[""D08AG02""]"
1547991	"[""A06AD19""]"
1607112	"[""R03BB05""]"
1876138	"[""H05BX04""]"
1249631	"[""S01BA07""]"
1305110	"[""D10AE01""]"
1429907	"[""N02BE01""]"
197527	"[""N03AE01""]"
197975	"[""G03BA02""]"
198140	"[""P02BA01""]"
1487616	"[""N01AH01"", ""N02AB03""]"
1535981	"[""R01BA03"", ""R05DA03"", ""R06AB04""]"
1860485	"[""L01CD02""]"
1945850	"[""M01AE04""]"
1947261	"[]"
197378	"[""R06AX11""]"
1299247	"[""C01BG01""]"
1301848	"[""D02AA""]"
1304111	"[""R05CA03""]"
1308385	"[""B03AE02""]"
1310531	"[""L04AK02""]"
1356693	"[""L01XX40""]"
1359467	"[""N05BA01""]"
1359575	"[""L02AE02""]"
1363408	"[""L01EX07""]"
1366339	"[""G03AC03""]"
1435117	"[""H05AA02""]"
1439955	"[""D08AE05""]"
1605183	"[""H03AA01""]"
197849	"[""C08CA03""]"
618963	"[""A12AA01""]"
645497	"[""D04AB04""]"
631504	"[""B05CB01""]"
687043	"[""N06BA01"", ""N06BA02""]"
727507	"[""G03GA08""]"
744868	"[""D02AB""]"
751570	"[""H01AC01""]"
799999	"[""B05DB""]"
727545	"[""L03AA02""]"
727932	"[""N01AF03"", ""N05CA19""]"
751970	"[""L03AB03""]"
755399	"[""R05CA03"", ""R05DA03""]"
864152	"[""A06AB06""]"
903298	"[""H03AA02""]"
978747	"[""B01AB04""]"
753557	"[""A02BC01""]"
861356	"[""B01AX05""]"
876415	"[""J01MA01""]"
884787	"[""D08AX08""]"
885568	"[""D01AE12""]"
892101	"[""P02BA01"", ""P02CC01""]"
966571	"[""C02DB02""]"
978735	"[""B01AB04""]"
992778	"[""G01AF04""]"
993269	"[""D08AG03""]"
894809	"[""N02AA01""]"
979541	"[""C01DA08""]"
308930	"[""A06AB03""]"
309603	"[""A11DA01"", ""B03BA01""]"
310431	"[""N02BF01""]"
198640	"[""B03BB01""]"
200076	"[""B03AA02""]"
204899	"[]"
205023	"[""D11AC""]"
205890	"[""S01EA51""]"
995936	"[""R05CA03"", ""R05DA04""]"
996101	"[""G04CA52""]"
359261	"[""D08AE04""]"
809026	"[""C09DA03""]"
896013	"[""R03BA05""]"
861674	"[""N02CA01""]"
861225	"[""N06BA01"", ""N06BA02""]"
897292	"[""S01GX04""]"
309146	"[""A07BA01""]"
309675	"[""H02AA03""]"
311372	"[""R06AX13""]"
1089072	"[""R01BA02"", ""R05CA03"", ""R05DA04""]"
198946	"[""A11HA02""]"
198999	"[""B03AA07""]"
1999026	"[""G03AA07""]"
202301	"[""G03CA57""]"
313165	"[""N02CC01""]"
403810	"[""A04AD12""]"
905403	"[""C02AA02"", ""C02DB02"", ""C03AA03""]"
372526	"[""A07BC01"", ""A07BC02""]"
834176	"[""D08AC02""]"
630807	"[""N03AX14""]"
636045	"[""C09DA03""]"
644535	"[""D02AE01""]"
646352	"[""A02BC01""]"
656660	"[""C02KX01""]"
727539	"[""L03AA13""]"
756303	"[""A06AX01""]"
647138	"[""R06AB01""]"
636793	"[""C01BA03""]"
672917	"[""C08CA05""]"
745561	"[""J01CE09""]"
750126	"[""S01XA03""]"
761986	"[""G03FA01""]"
748052	"[""N07BA01""]"
992805	"[""N01BA04""]"
993767	"[""N02BE01"", ""R05DA04""]"
979413	"[""R03CB03""]"
312017	"[""C01DA02""]"
763591	"[""C08CA07""]"
861191	"[""R06AB04""]"
861785	"[""A10BD05""]"
866489	"[""A02AC01""]"
884804	"[""D02AB""]"
895990	"[""D07AC17""]"
898718	"[""N02BF02""]"
899935	"[""A06AC07""]"
905300	"[""P02CF01""]"
979411	"[""R03CB03""]"
991488	"[""R05DA04"", ""R06AD02""]"
891297	"[""R05CA03""]"
897745	"[""N02AA03""]"
899367	"[""L01AA06"", ""V03AF01""]"
308473	"[""R01BA01"", ""R06AB04""]"
308853	"[""N06BC01""]"
309783	"[""B05BB02""]"
310274	"[""A02BA03""]"
311936	"[""N07AA01""]"
312333	"[""P03AC01""]"
1988308	"[""C08DB01""]"
199301	"[""A12CC05""]"
201625	"[""N05CA06""]"
204849	"[""A06AG04""]"
204908	"[""A07BC04""]"
206702	"[""J04AB02"", ""J04AC01""]"
206998	"[""H02AB07""]"
312941	"[""N06AB06""]"
313091	"[""B05CX02""]"
351285	"[""N06AB10""]"
351172	"[""G04CB02""]"
865105	"[""D01AE12""]"
966542	"[""R03BA01""]"
978008	"[""A07DA03""]"
979338	"[""B03AE01""]"
966239	"[""H03AA01""]"
308933	"[""A06AC08""]"
309367	"[""D01AC01""]"
896764	"[""C07AG01""]"
310027	"[""J01AA02""]"
729817	"[""R05DB05""]"
897725	"[""N02AA03""]"
308145	"[""G04BA01"", ""R05CA04""]"
308167	"[""N05CB01""]"
312562	"[""D08AG02""]"
1088235	"[""D04AB01""]"
199348	"[""A08AA04""]"
1995288	"[""N01BC01""]"
1996196	"[""D11AC""]"
2045638	"[""N02CD01""]"
2047775	"[""C07AB02""]"
205485	"[""C10AX01""]"
997814	"[""V03AN01"", ""V03AN04""]"
827706	"[""R01BA03""]"
831111	"[""S01GX01""]"
834076	"[""J01CE02""]"
896226	"[""R03AK06""]"
204676	"[""R01BA01"", ""R01BA03"", ""R06AB04""]"
667138	"[""A02BA03""]"
692757	"[""D07AB08""]"
702008	"[""S01XA20""]"
686406	"[""J01FA01""]"
750171	"[""A06AB02""]"
668624	"[""N02AB03""]"
688877	"[""A07BC04""]"
708221	"[""D04AB04""]"
752866	"[""G02CB01"", ""N04BC01""]"
753413	"[""B03XA03""]"
794747	"[""B03BB01""]"
797678	"[""D10AE01""]"
861652	"[""C10AA08""]"
863636	"[""G04BD04""]"
880411	"[""D11AC08""]"
903302	"[""H03AA02""]"
894856	"[""J05AF11""]"
312289	"[""N02AD51""]"
199135	"[""D01AE12""]"
702243	"[""M01AE01""]"
727474	"[""R06AB04""]"
727625	"[""B02BA01""]"
755476	"[""R06AX13""]"
790489	"[""C08CA07""]"
795356	"[""R03AC02"", ""R03CC02""]"
880349	"[""C05CA03""]"
896165	"[""R03AK06""]"
896235	"[""R03AK06""]"
900370	"[""D10AE01""]"
891882	"[""N02AA01""]"
966246	"[""H03AA01""]"
966743	"[""P02CF01""]"
979438	"[""C07AB09""]"
308236	"[""A09AA01""]"
308801	"[""C01BD02""]"
309174	"[""S01AA01""]"
309316	"[""A09AB04""]"
309671	"[""N06AA01""]"
312129	"[""J01CF04""]"
1087389	"[""R05DA03"", ""R06AB04""]"
1090692	"[""R01BA02"", ""R05CA03""]"
1091170	"[""N06BA04""]"
1995088	"[""D02AE01""]"
199994	"[""A16AX05""]"
200977	"[""N02BE01""]"
204397	"[""D05AC01""]"
205347	"[""R01BA01"", ""R01BA03"", ""R06AB04""]"
207193	"[""H02AB04""]"
994824	"[""N04AB02""]"
995567	"[""N05BB01"", ""R03DA04""]"
997515	"[""R01BA02""]"
313717	"[""A11HA03""]"
346211	"[""A12AA04""]"
348458	"[""N03AA02""]"
313253	"[""J01AA07""]"
809228	"[""A09AA01""]"
309339	"[""J01FF01""]"
311641	"[""A06AC06""]"
318213	"[""N02BA04""]"
311642	"[""S01XA20""]"
630265	"[""A01AA04""]"
630729	"[""G03CA57""]"
628664	"[""N03AF01""]"
617628	"[""D08AE05""]"
637144	"[""A07BC01""]"
656737	"[""R05CA03""]"
701633	"[""J05AF04""]"
705769	"[""A11HA05""]"
729932	"[""N06AX16""]"
748312	"[""D02AE01""]"
752884	"[""L02AE02""]"
795918	"[""D06BB12""]"
753482	"[""G03AA09""]"
797710	"[""D10AE01""]"
865073	"[""D02AB01""]"
892261	"[""H03AA01""]"
966196	"[""H03AA01""]"
966238	"[""H03AA01""]"
892355	"[""N02AA01""]"
900891	"[""N03AX09""]"
2000538	"[""D04AB01""]"
755486	"[""J01AA06""]"
799054	"[""N04BC04""]"
795765	"[""B03AA02""]"
749571	"[""G03AA07""]"
866096	"[""N05BE01""]"
892342	"[""N02AA01""]"
992809	"[""N01BA04""]"
978670	"[""A08AA03""]"
309079	"[""J01DD13""]"
309607	"[""B03BA01""]"
310386	"[""N06AB03""]"
198334	"[""J01EE01""]"
198439	"[""N02BE01""]"
204508	"[""V03AB25""]"
205491	"[""J01FA13""]"
205685	"[""N05CA02"", ""N05CA06""]"
205872	"[""A10BB01""]"
995156	"[""N03AX18""]"
313357	"[""N05AC02""]"
351223	"[""N05AE04""]"
403850	"[""N04BA03""]"
800918	"[""A06AD65""]"
900173	"[""L01AA06"", ""V03AF01""]"
992747	"[""S01FA05""]"
308802	"[""C01BD02""]"
311410	"[""A02AD02""]"
829762	"[""B05XA05""]"
312536	"[""A12BA05""]"
1090012	"[""B03BA01"", ""B03BB01"", ""C10AX08""]"
198318	"[""N05CD05""]"
198370	"[""C03CA04""]"
2003131	"[""D04AB04""]"
2045343	"[""D04AB01""]"
995441	"[""R05FA02""]"
996668	"[""R01BA02"", ""R05DA04""]"
996667	"[""R01BA02"", ""R05CA03"", ""R05DA04""]"
998479	"[""D01AC02""]"
998709	"[""N02BA05"", ""N02BE01"", ""N06BC01""]"
317865	"[""A02AC01""]"
359930	"[""R01BA03"", ""R05CA03""]"
360507	"[""C10AA04""]"
802652	"[""L04AB01""]"
831193	"[""C08DB01""]"
199005	"[""D08AE05""]"
801185	"[""G03AA12""]"
804975	"[""D10AF01""]"
828377	"[""C10AB05""]"
801533	"[""B05BA01""]"
848943	"[""C10AC01""]"
849728	"[""M01AE02""]"
854302	"[""H01AC01""]"
854919	"[""C07BB07""]"
855194	"[""G04BD07""]"
855316	"[""B01AA03""]"
855320	"[""B01AA03""]"
856422	"[""C07BA05""]"
856908	"[""N02AJ22""]"
809314	"[""D10AE01""]"
207635	"[""N05AB04""]"
207773	"[""C08CA05""]"
207939	"[""C03AA03""]"
208457	"[""N06DA01""]"
208660	"[""S01FA06""]"
2101715	"[""D07AC21""]"
2107058	"[""L01FD01""]"
210752	"[""A02AB01""]"
211545	"[""R05CA03""]"
213545	"[""D07AC01""]"
213641	"[""D01AC20""]"
213901	"[""R01BA01"", ""R06AB04""]"
2167571	"[""C10AA07""]"
2173667	"[""N02BE01"", ""R05DA09"", ""R06AX07""]"
2178056	"[""R01BA02"", ""R05DA09"", ""R06AB04""]"
2181318	"[""R01BA03"", ""R06AB04"", ""R06AC01""]"
2106334	"[""J07AM51""]"
1095224	"[""G03AA05""]"
1095534	"[""A06AC01""]"
1098487	"[""A01AA01""]"
1099583	"[""R01BA02"", ""R06AX07""]"
1099678	"[""N03AG01""]"
1099783	"[""R06AX07""]"
1100449	"[""N03AB02"", ""N05CA01""]"
1101859	"[""A03BB03"", ""R06AB04""]"
1102259	"[""D08AX05""]"
1113514	"[""D10AB02""]"
1113667	"[""R05DA09""]"
207266	"[""A03FA01""]"
849851	"[""H01AC01""]"
212403	"[""P02CF01""]"
2168083	"[""H02AB08""]"
1146883	"[""D04AA32""]"
1150121	"[""C01CA24"", ""N01BB02""]"
1190936	"[""S01BA04"", ""S01FA01""]"
1233208	"[""D04AB07""]"
1234509	"[""D07XA01""]"
1099892	"[""D01AE12""]"
401965	"[""C09AA05""]"
477451	"[""D10AF01""]"
484770	"[""N05AH02""]"
540540	"[""B02AA01""]"
541544	"[""S01BA04""]"
577307	"[""V03AB22""]"
583343	"[""R05CA03""]"
603738	"[""R01BA02"", ""R05DB05""]"
608897	"[""N01BA05""]"
857866	"[""R01BA03"", ""R05DA03"", ""R06AB04""]"
857870	"[""C01BA02""]"
858064	"[""J01AA08""]"
858957	"[""R01BA02"", ""R05DA03"", ""R06AB04""]"
859359	"[""R05CA03"", ""R05DA03""]"
859928	"[""R01BA02"", ""R05CA03"", ""R05DA03""]"
860260	"[""R05CA03"", ""R05DA03""]"
1000998	"[""S01EB01""]"
1001064	"[""R01AA05""]"
1010055	"[""R02AD02""]"
1010622	"[""G03BA03""]"
1010900	"[""N01BB02""]"
1012585	"[""R01BA02"", ""R06AA08""]"
1012611	"[""D07AA02"", ""D04AB01""]"
1014577	"[""R01BA02"", ""R06AE07""]"
104044	"[""A03AB12""]"
1041873	"[""D08AJ08""]"
1043199	"[""D01AE12""]"
1046289	"[""S01GA01""]"
104776	"[""N05AH02""]"
1049036	"[""A07BC01"", ""A07BC02""]"
1049672	"[""R01BA02""]"
1049703	"[""N02AJ17""]"
1049759	"[""D08AJ01"", ""P03AC01""]"
1053133	"[""S01GA51""]"
108204	"[""D08AG02""]"
1085636	"[""D07AB09""]"
1085612	"[""D01AA20""]"
237367	"[""B05BB01""]"
237733	"[""A11HA03""]"
242297	"[""G03AA07""]"
242429	"[""R05CA02""]"
243628	"[""N05CC01""]"
247137	"[""N02BA01""]"
261349	"[""L01XF03""]"
282727	"[""D10AB02""]"
283316	"[""C09DA07""]"
307703	"[""S02AA10""]"
1657160	"[""N02CC01""]"
1660018	"[""C01CA24""]"
211806	"[""A12CD01""]"
1115008	"[""A06AA02""]"
1116111	"[""D01AC02"", ""D08AC02""]"
412115	"[""A07BA01""]"
545188	"[""J02AC02""]"
545255	"[""S01CA12""]"
581658	"[""D08AX08""]"
857725	"[""R01BA53"", ""R05DA03"", ""R06AB04""]"
1012264	"[""C05AA01"", ""D04AB01""]"
1012569	"[""A07EA02"", ""C05AD01""]"
1046384	"[""N02BE01"", ""R05DA09"", ""R06AB04""]"
1053355	"[""C05AD03"", ""D04AB04"", ""R02AD01""]"
1086115	"[""H02AB08""]"
1047362	"[""D01AE12""]"
578803	"[""H02AB01""]"
859930	"[""R01BA02"", ""R05CA03"", ""R05DA03""]"
1013662	"[""J01AA08""]"
310965	"[""M01AE01""]"
312591	"[""N05BA11""]"
312627	"[""N03AA03""]"
309840	"[""N05BA01""]"
198363	"[""D07AC18""]"
199123	"[""L02BB03""]"
204925	"[""D11AC08""]"
207093	"[""M01AE02""]"
996127	"[""R01BA02"", ""R05CA03"", ""R05DA04""]"
996732	"[""R05DA04""]"
997160	"[""R01BA03"", ""R05DA04"", ""R06AC01""]"
998282	"[""D08AC02""]"
313949	"[""L01CD02""]"
314197	"[""J06BD01""]"
351438	"[""C08CA05""]"
352064	"[""B01AD10""]"
358371	"[""D01AC01""]"
845478	"[""N03AX11""]"
998707	"[""N02BA05"", ""N02BE01"", ""N06BC01""]"
313029	"[""A01AA01""]"
313049	"[""D08AX07""]"
853511	"[""D01AE12""]"
855659	"[""M01AB05""]"
855913	"[""N03AA02"", ""N03AB02""]"
856369	"[""N06AX05""]"
857443	"[""R06AA04""]"
208328	"[""D10AD01""]"
208402	"[""J01EA01"", ""J01EC01""]"
208467	"[""G04CA03""]"
208982	"[""D07AC18""]"
209284	"[""G01AG02""]"
2107606	"[""B05AA07""]"
2109973	"[""M09AX01""]"
211109	"[""D08AG02""]"
213068	"[""N04BC04""]"
2168508	"[""R05CA03"", ""R05DA09""]"
2181317	"[""R01BA01"", ""R01BA03"", ""R06AB04"", ""R06AC01""]"
1094024	"[""G04BX06"", ""J01EC01""]"
1094357	"[""G04BX06""]"
1098135	"[""C10AD02""]"
1099596	"[""N03AG01""]"
1099746	"[""R01BA02"", ""R05DA03"", ""R06AX07""]"
1101855	"[""A03BB03"", ""R06AB04""]"
1116320	"[""M01AE02""]"
1146977	"[""D08AE03""]"
1148489	"[""N02AX02""]"
1191400	"[""D07AC04"", ""D11AX12""]"
207633	"[""V03AH01""]"
209651	"[""D01AE18""]"
198589	"[""C01EB09""]"
198893	"[""A11GA01""]"
2045245	"[""A06AD65""]"
204808	"[""A06AB07""]"
205832	"[""G03CA01""]"
205921	"[""B03XA01""]"
206378	"[""R03DA04"", ""R05CA03""]"
206404	"[""J01DD02""]"
206813	"[""G03CA03""]"
206954	"[""H02AB07""]"
205882	"[""N05AD01""]"
998546	"[""G01AF04""]"
313419	"[""A10BB03""]"
318146	"[""A16AX""]"
351312	"[""G01AD01""]"
377234	"[""V03AB20""]"
403826	"[""A02AF""]"
804933	"[""L03AB04""]"
827073	"[""C07AB12""]"
834051	"[""J01CE02""]"
835884	"[""G03BA03""]"
349491	"[""J05AF05""]"
804935	"[""L03AB04""]"
854890	"[""J01MB02""]"
857477	"[""A07BC01"", ""A07BC02""]"
207942	"[""C03AA03""]"
208407	"[""G02AD02""]"
209634	"[""A07BC04""]"
210223	"[""A02AD01""]"
2103182	"[""H01BA01""]"
2105804	"[""J01CA04""]"
210767	"[""A11GA01""]"
211064	"[""B03AB02""]"
211236	"[""S01EB02""]"
211881	"[""N02BA01""]"
213471	"[""N06BA07""]"
213729	"[""S01ED02""]"
2183909	"[""R06AB02""]"
1090710	"[""A11CC05""]"
1098144	"[""C10AD02""]"
1099318	"[""N06AA01""]"
1100650	"[""S01XA20""]"
1115447	"[""L02AE02""]"
1116514	"[""A11CC05""]"
477391	"[""J01MA12""]"
485489	"[""N05CD07""]"
562724	"[""G03GA05""]"
582608	"[""R07AX01""]"
597267	"[""J05AE07""]"
602393	"[""J05AR02""]"
616411	"[""D04AB04""]"
858051	"[""N05AX13""]"
859081	"[""N04BC01""]"
860548	"[""R05CA03"", ""R05DA03""]"
860678	"[""R01BA03"", ""R05DA03"", ""R06AC01""]"
1000933	"[""S01EB01""]"
1001714	"[""D10AF06""]"
1001718	"[""D10AB02"", ""D10AF06""]"
1005808	"[""D10AB02"", ""D10AF06""]"
1014305	"[""B02BC06""]"
1037146	"[""R01BA01"", ""R06AB05"", ""R06AC01""]"
1049100	"[""D08AJ08""]"
1049886	"[""R06AA02""]"
1086033	"[""H02AB08""]"
239209	"[""J01XA01""]"
242002	"[""G04BE04""]"
245244	"[""J01GB07""]"
245723	"[""D10AD01""]"
261243	"[""A10BG02""]"
284593	"[""L04AX03""]"
307713	"[""D01AE12""]"
308095	"[""N07AA30""]"
1656284	"[""D01AE12""]"
1656327	"[""N01BB04""]"
1673296	"[""N01BB01"", ""N01BB51""]"
1726509	"[""N04AC01""]"
1727571	"[""N02BE01"", ""R05CA03"", ""R05DA09""]"
1728768	"[""G03AA11""]"
1737449	"[""M05BA03""]"
2168501	"[""R05CA03"", ""R05DA09""]"
1233668	"[""D11AX12""]"
858334	"[""A11JA""]"
858770	"[""N02AJ23""]"
860594	"[""R01BA01"", ""R05DA03""]"
1010089	"[""G03BA03"", ""G03CA03""]"
1038840	"[""D08AJ01""]"
1038915	"[""D08AE05""]"
1013044	"[""C01BB01"", ""N01BB02""]"
1049257	"[""N02AJ17""]"
1052701	"[""R01BA02"", ""R06AB04""]"
307718	"[""R05CB01""]"
1666814	"[""N05CD08""]"
1722695	"[""A12AA04"", ""B01AC06"", ""N02BA01"", ""N02BA51""]"
1738592	"[""H02AB09""]"
1657916	"[""A03BA03"", ""G04BX12"", ""J01XX05""]"
1739871	"[""D07AA02""]"
1745892	"[""N02AA01""]"
260223	"[""D11AX11""]"
1742406	"[""B05AA01""]"
1189591	"[""C01EB09""]"
1233729	"[""A01AA01""]"
404182	"[""A06AB06""]"
476399	"[""N04BA02""]"
483440	"[""N02BF02""]"
485413	"[""N05BA12""]"
491078	"[""C08CA05""]"
543362	"[""D01AE12""]"
604946	"[""R06AB01""]"
615186	"[""N06AX21""]"
860234	"[""R01BA03"", ""R05CA03"", ""R05DA03""]"
860426	"[""R01BA03"", ""R05CA03"", ""R05DA03""]"
1011872	"[""N07BA01""]"
1012375	"[""G01AE10""]"
1038558	"[""D09AA11""]"
1041847	"[""D08AX08""]"
104421	"[""C01DB01""]"
1045404	"[""L01EA02""]"
105347	"[""P02CA01""]"
237512	"[""B05XA18""]"
260002	"[""B03BB01""]"
260409	"[""H02AB06""]"
307748	"[""A02AA04"", ""G04BX01""]"
1657598	"[""J07AF01"", ""J07AM01""]"
1657904	"[""A03BA03"", ""J01XX05""]"
1665508	"[""J01MA12""]"
1724666	"[""R03DA05""]"
1724785	"[""N01BB01""]"
1737245	"[""J01FF01""]"
1099893	"[""D02AF""]"
1111667	"[""R05FB02""]"
1232084	"[""B01AF01""]"
859130	"[""G04BE01""]"
1012335	"[""D08AJ06""]"
1044532	"[""A02AC01""]"
1085419	"[""C01EB09""]"
248389	"[""A01AA01""]"
261238	"[""M01AH02""]"
1659219	"[""M02AB01"", ""N01BX04""]"
1731517	"[""N02AA01""]"
1790220	"[""H05BX03""]"
199866	"[""A16AA03""]"
1998617	"[""D02AE01""]"
206792	"[""S01GX05""]"
207107	"[""J02AC01""]"
313277	"[""R03DA04""]"
313447	"[""N06AF04""]"
313888	"[""J01DC04""]"
313967	"[""R03AA01""]"
314167	"[""L01XB01""]"
349274	"[""B03XA02""]"
362679	"[""H01CB02""]"
809561	"[""A12AA04""]"
824186	"[""J01CA04""]"
824190	"[""J01CR02""]"
830845	"[""C08DB01""]"
995663	"[""R06AE05""]"
317156	"[""A01AA01""]"
834059	"[""J01CE02""]"
848722	"[""N05AX14""]"
849049	"[""N03AX09""]"
854905	"[""C07AB07""]"
855178	"[""G04BD07""]"
855344	"[""B01AA03""]"
856569	"[""C07AA05""]"
856792	"[""N06CA01""]"
856836	"[""N06AA09""]"
1091151	"[""N06BA04""]"
1091650	"[""C09CA09""]"
1095640	"[""N02BE01""]"
1100509	"[""R06AB04""]"
1111652	"[""N02BE01"", ""N02BE51"", ""R01BA02""]"
1116188	"[""R01BA02"", ""R06AB01""]"
1116540	"[""D08AX07""]"
1117398	"[""D02AA""]"
1190740	"[""A07DA04""]"
1193353	"[""L01EJ01""]"
1236064	"[""N02AA08"", ""R01BA02"", ""R06AB04""]"
1149364	"[""A03BA03""]"
209613	"[""A06AB02""]"
209672	"[""D01AE18""]"
210306	"[""A11HA03""]"
210657	"[""D08AE03""]"
210760	"[""A11GA01"", ""B03AA02""]"
211069	"[""D04AB02""]"
212429	"[""D02AE01""]"
212447	"[""A04AA01""]"
213157	"[""R05CA03""]"
1125471	"[""D02AB""]"
2179647	"[""R06AX07""]"
404531	"[""N03AE01""]"
428703	"[""V03AE07""]"
485415	"[""N05BA12""]"
581417	"[""A06AC01""]"
584420	"[""D02AE01""]"
603806	"[""R05DB05"", ""R06AB04""]"
857360	"[""N02BE01"", ""R05DA03""]"
860149	"[""R01BA03"", ""R05DA03""]"
1000095	"[""D04AX01""]"
1046406	"[""C01BD01""]"
1046984	"[""A03BA03""]"
251817	"[""J07AH03""]"
261108	"[""N02AB03""]"
261242	"[""A10BG02""]"
262091	"[""J01XX08""]"
284986	"[""L02AE02""]"
1654175	"[""G03GA05""]"
1658717	"[""B01AB01""]"
1662284	"[""J01XX08""]"
1724885	"[""N01BB01""]"
1116117	"[""R01AA03""]"
211223	"[""D03BA01""]"
584292	"[""J01AA06""]"
858595	"[""C08CA04""]"
1043249	"[""S01GA02""]"
1047918	"[""A03BA03""]"
261091	"[""J01DD15""]"
1654009	"[""N01AX07""]"
1728806	"[""N02AA01""]"
1796070	"[""R05CB01"", ""S01XA08""]"
1807580	"[""B05XA03""]"
1809539	"[""J06BA01""]"
1810304	"[""A08AA01""]"
1859000	"[""A10AE54""]"
1863606	"[""B05BB02""]"
1869281	"[""V03AZ01""]"
1871465	"[""N06BA12""]"
1926602	"[""D04AA32"", ""R01AA04"", ""R06AA02"", ""S01FB01"", ""S01XA20""]"
1941613	"[""R03BA05""]"
1947197	"[""D04AB01""]"
197407	"[""D07AC01""]"
1795470	"[""B05BB02""]"
1236070	"[""N02BE01"", ""R05DA09"", ""R06AB04""]"
1237077	"[""R01BA02"", ""R06AB04""]"
1242543	"[""N02BE01"", ""R05DA09"", ""R06AA09""]"
1243233	"[""D08AJ01""]"
1243237	"[""D08AJ01""]"
1244205	"[""J07AM51""]"
1244930	"[""A11CC05""]"
1245492	"[""J01XX05""]"
1245722	"[""R01BA02"", ""R05DA09"", ""R06AB01""]"
1246599	"[""D03AX05""]"
1247895	"[""A06AA02""]"
1247825	"[""D01AE12"", ""D02AE01""]"
1248046	"[""R01BA02"", ""R05CA03"", ""R05DA03""]"
1249594	"[""N01AH01"", ""N02AB03""]"
1250486	"[""D07AA02""]"
1293338	"[""S01AA01""]"
1293649	"[""C05AD07""]"
1294439	"[""A11HA05""]"
1298766	"[""R01BA02"", ""R06AB04""]"
1299662	"[""N02BE01"", ""R01BA02"", ""R05DA09"", ""R06AB04""]"
1300084	"[""R01BA02"", ""R06AB01""]"
1300538	"[""G03AA05""]"
1302627	"[""D08AJ01""]"
1305797	"[""R01BA02"", ""R05DB05""]"
1307244	"[""N02BE01"", ""R05DA09"", ""R06AB04""]"
1357891	"[""R06AB01""]"
1358756	"[""R01BA02"", ""R05DA03"", ""R06AB04""]"
1366636	"[""B01AB01""]"
1366872	"[""R01BA02"", ""R05CA03""]"
1369801	"[""N02BE01"", ""R05DA09""]"
1374372	"[""H02AB02""]"
1376477	"[""B05AA07""]"
1423430	"[""R05CA03""]"
1423479	"[""G01AD01""]"
1425493	"[""D08AC02""]"
1425951	"[""R01BA02"", ""R05CA03""]"
1427298	"[""D06AX04"", ""D06AX05""]"
197885	"[""C09BA03""]"
1430457	"[""L01EB03""]"
1432800	"[""R01BA02"", ""R05CA03"", ""R05DA09""]"
1432974	"[""D08AC02""]"
1433511	"[""B02BA01""]"
1439769	"[""N02BE01"", ""R05DA03""]"
1442683	"[""L03AA02""]"
1442964	"[""D08AJ01""]"
1483617	"[""R06AA02""]"
1483767	"[""N07BB04""]"
1486695	"[""N04BD01""]"
1486999	"[""M01AX05""]"
1488702	"[""R06AA02""]"
153324	"[""L03AB07""]"
1535597	"[""D08AX08""]"
1541233	"[""J01AA07""]"
1547607	"[""R05FA02""]"
1551622	"[""G03CA03""]"
1602115	"[""A10BD19""]"
1603382	"[""D01AE12""]"
1603866	"[""D08AE05""]"
1606349	"[""C07AB02""]"
1607582	"[""M01AB05""]"
1607808	"[""J07CA02""]"
1648155	"[""D02AF""]"
1487078	"[""D11AX12""]"
1605172	"[""B03XA02""]"
1659595	"[""J01CR04""]"
1719003	"[""L01BC05""]"
1723772	"[""L01XG03""]"
1724644	"[""N02AA03""]"
1727485	"[""L01ED03""]"
1741559	"[""D02AF""]"
1742224	"[""B05AA01""]"
1790292	"[""D01AE18""]"
1790650	"[""R05FB02""]"
1791233	"[""C08DB01""]"
1796083	"[""J05AJ03""]"
1799218	"[""J05AP55""]"
1807637	"[""B05XA03""]"
1858398	"[""N02BE01""]"
1945844	"[""N06BA01""]"
1236435	"[""N02BE01"", ""R01BA02"", ""R05DA09""]"
1242705	"[""A03BA03""]"
1243405	"[""A11CC05""]"
1244558	"[""L01DC03""]"
1294537	"[""A08AA10""]"
1299244	"[""R01BA02""]"
1299672	"[""R03AB02"", ""R03CB01""]"
1298806	"[""C01BB01"", ""C05AD01"", ""N01BB02""]"
1356529	"[""P02BA01"", ""P02CC01"", ""P02CF01""]"
1356997	"[""G03CA03""]"
1359282	"[""D10AE01""]"
1360476	"[""C01DA02"", ""C05AE01""]"
1370744	"[""D08AG03""]"
1371353	"[""J01FF01""]"
1421069	"[""H03AA01""]"
1423123	"[""G03AA07""]"
1424872	"[""R05DB10""]"
1428138	"[""R05DB10""]"
1432967	"[""D08AJ08""]"
1437982	"[""D01AE04""]"
197891	"[""N05AN01""]"
197890	"[""N05AN01""]"
198051	"[""A02BC01""]"
1439788	"[""D10AE01""]"
1483319	"[""A02BC04""]"
1491830	"[""D08AX01""]"
1362942	"[""D01AE18""]"
1730078	"[""N05AA01""]"
1734348	"[""N01BB09""]"
1739782	"[""N03AX23""]"
1739887	"[""A03CB31""]"
1741747	"[""N05AX15""]"
1743950	"[""C01CA04""]"
1858981	"[""J06AA03""]"
1860414	"[""G03AA07""]"
1945072	"[""H02AB02""]"
1946525	"[""N02AX02""]"
197412	"[""N04BC01""]"
197431	"[""H05BX05""]"
1928864	"[""N01BB08""]"
1241972	"[""R01BA02"", ""R06AB04""]"
1242240	"[""R01BA03"", ""R06AB04""]"
1358632	"[""R01BA01"", ""R05CA03""]"
1360339	"[""C01DA02"", ""C05AE01""]"
1362048	"[""B01AB01""]"
1363305	"[""R01BA02""]"
1367428	"[""R01BA02""]"
1368936	"[""N05CH01""]"
1369770	"[""G03AA11""]"
1371412	"[""C01EB09""]"
1421633	"[""R01BA01"", ""R05CA03"", ""R05DA09""]"
1423678	"[""P02CC01""]"
1424024	"[""R05CA09"", ""R05DA09""]"
1424254	"[""C05AD07"", ""D04AB07""]"
1431286	"[""N02BE01"", ""N06BC01"", ""R05DA04""]"
1484901	"[""N02BE01"", ""R05DA09"", ""R06AA09""]"
1488619	"[""G03DC02"", ""L02AE02""]"
1494771	"[""N03AX11""]"
1495106	"[""D01AE12""]"
1535144	"[""A03BB03"", ""R01BA03"", ""R06AB04""]"
1540854	"[""S01AA30""]"
1542813	"[""D06AA04""]"
1548705	"[""S01BA04""]"
1591943	"[""J05AP51""]"
1595664	"[""R06AE05""]"
1535228	"[""N05CM18""]"
1603490	"[""N05CA01""]"
1298836	"[""C04AA01""]"
1302368	"[""A01AA01""]"
1357940	"[""R01BA03"", ""R05DA03"", ""R06AB02""]"
1360181	"[""N01AF01"", ""N05CA15""]"
1544571	"[""A10AF01""]"
1314403	"[""R01BA02"", ""R05CA03""]"
1299172	"[""H03AA01""]"
1300483	"[""L01XD03""]"
1372909	"[""G03DA04""]"
1648152	"[""D11AX""]"
1540051	"[""M05BA05""]"
1541104	"[""D01AE12""]"
1293474	"[""R06AB04""]"
198229	"[""P01BD01"", ""P01BD51""]"
1800670	"[""N02BE01"", ""R05CA03"", ""R05DA09"", ""R06AB04""]"
1862600	"[""G03AA11""]"
1874888	"[""C05AX04""]"
1927875	"[""P02CC01""]"
1244215	"[""A07EA06""]"
1248166	"[""A06AA02"", ""A06AB04""]"
1250898	"[""A03BB03"", ""R01BA03"", ""R06AB04""]"
1300207	"[""R01BA02"", ""R06AB01""]"
1307165	"[""A03BB03"", ""R01BA02""]"
1312589	"[""N06BA04""]"
1356507	"[""P03AX05""]"
1362714	"[""C01BB02""]"
1366212	"[""A03AX13""]"
1367410	"[""A11CC01""]"
1372999	"[""J01DD08""]"
1373045	"[""R05DA09""]"
1421620	"[""A09AA01""]"
197505	"[""A02BA01""]"
197581	"[""H02AB02""]"
197884	"[""C09AA03""]"
197949	"[""N03AD03""]"
198194	"[""C02AA04""]"
1483571	"[""A06AA02""]"
1486200	"[""J05AP01""]"
150795	"[""B01AD01""]"
151124	"[""L02BG03""]"
1536467	"[""N02BA01""]"
153656	"[""N04BX01""]"
1537086	"[""A12BA04""]"
1543552	"[""L01XH04""]"
1597129	"[""G03BA03""]"
1597127	"[""G03BA03""]"
1364585	"[""B02BX05""]"
617432	"[""J01CR02""]"
861227	"[""N06BA01"", ""N06BA02""]"
687204	"[""P01AB01""]"
727451	"[""A01AB23"", ""J01AA08""]"
799059	"[""N06AB03""]"
749866	"[""G03AA11""]"
756250	"[""G04BA01"", ""R01BA03"", ""R05DA04"", ""R06AB04""]"
763236	"[""C10AD52""]"
801009	"[""B05BB02""]"
861208	"[""S01EA05""]"
894807	"[""N02AA01""]"
896768	"[""C07AG01""]"
992432	"[""R06AD02""]"
308254	"[""R06AX05""]"
309208	"[""R01BA02"", ""R06AB04""]"
311689	"[""J01CA10""]"
797955	"[""D01AE12""]"
797274	"[""D10AF01""]"
755471	"[""A06AD11""]"
876533	"[""C09DB04""]"
880454	"[""D04AB04""]"
898348	"[""C09BB13""]"
905350	"[""J01AA01""]"
93253	"[""C03EA01""]"
977978	"[""D07AC21""]"
992441	"[""R06AD02""]"
308486	"[""D06AX04"", ""D06AX05""]"
310312	"[""B03AA02""]"
310878	"[""A07EA02""]"
198358	"[""N03AX10""]"
198463	"[""N02BA01""]"
199672	"[""P02CA03""]"
2001439	"[""D04AB01""]"
204887	"[""D11AC06""]"
205532	"[""R05CB13""]"
207346	"[""C01DA02""]"
996179	"[""G04BE09""]"
313335	"[""R06AD03""]"
318178	"[""C04AE04""]"
351914	"[""S01LA01""]"
834167	"[""D08AC02""]"
897698	"[""N02AA03""]"
309486	"[""R05DA04"", ""R06AB04""]"
722279	"[""N04BC09""]"
748868	"[""G03AA07""]"
727542	"[""L03AA13""]"
861160	"[""C01BC03""]"
876858	"[""A11JB""]"
308516	"[""M03BX01""]"
308848	"[""A11HA01"", ""A12AA03"", ""N03AA02""]"
309491	"[""M04AC01""]"
310346	"[""G04CB01""]"
310880	"[""D07CA01""]"
198550	"[""A12AA05""]"
205362	"[""N02BE01"", ""R01BA01"", ""R06AB04""]"
206513	"[""S02CA03""]"
206851	"[""C01DA08""]"
206960	"[""J01GB04""]"
207355	"[""J01AA08""]"
314059	"[""M01AE03""]"
901557	"[""N04BC05""]"
309219	"[""R06AB04""]"
309349	"[""D08AH30"", ""D07AA02""]"
309192	"[""S01AX10""]"
200224	"[""R03DC03""]"
995752	"[""R01BA01"", ""R05CA03"", ""R05DA04""]"
313811	"[""R01BA02"", ""R06AX09""]"
966282	"[""H03AA01""]"
617768	"[""A06AX03""]"
633189	"[""M09AX01""]"
637146	"[""A07BC01""]"
700903	"[""D02AE01""]"
728126	"[""D04AB01"", ""D04AB06""]"
722253	"[""N04BC09""]"
749833	"[""C09DA07""]"
695930	"[""A02AA04"", ""A02BC01"", ""B05CB04"", ""G04BX01""]"
756299	"[""A14AB02""]"
763252	"[""C10AB05""]"
790888	"[""D01AE12""]"
797583	"[""V10XA53""]"
800066	"[""B05DB""]"
861654	"[""C10AA08""]"
863623	"[""G04BD04""]"
884225	"[""N02CX02""]"
992858	"[""R06AD02""]"
204707	"[""D10AB02""]"
702572	"[""M01AX05""]"
727634	"[""B05CB01""]"
755980	"[""R05FB02""]"
795813	"[""A09AA04""]"
796918	"[""H01AC01""]"
863836	"[""A09AA01""]"
892279	"[""H03AA01""]"
897659	"[""C08DA01""]"
993924	"[""N02BE01"", ""R01BA03"", ""R05DA04"", ""R06AB04""]"
308382	"[""A11GA01""]"
308587	"[""N03AA02""]"
310470	"[""S01AA11""]"
310994	"[""L04AB02""]"
311647	"[""V03AB17"", ""V04CG05""]"
311661	"[""G03BA02""]"
312832	"[""N05AX08""]"
309887	"[""C01AA04""]"
1989873	"[""G03AA05""]"
1992841	"[""D08AC02""]"
1994764	"[""G03AA11""]"
199671	"[""L02BB02""]"
2044375	"[""D04AB04"", ""D08AX05""]"
996550	"[""R05CA03"", ""R05DA04""]"
997285	"[""R05DA04""]"
998191	"[""L01EG02""]"
998485	"[""D01AC02""]"
314041	"[""R03AC07"", ""R03CC06""]"
317146	"[""D08AG02""]"
343050	"[""A12BA01""]"
801015	"[""B05BA01""]"
994059	"[""N02BE01"", ""R05DA04""]"
309299	"[""A02BA01""]"
791939	"[""J01CA04""]"
991616	"[""A03AA07""]"
206511	"[""S02CA03""]"
861417	"[""J01FA10""]"
308974	"[""N03AF01""]"
311295	"[""A16AA01""]"
198224	"[""C03EA01""]"
198952	"[""A11HA02""]"
206698	"[""J04AB02"", ""J04AC01"", ""J04AK01""]"
207846	"[""S01AA12""]"
313045	"[""A01AA01""]"
898353	"[""C09BB13""]"
903958	"[""J01FA01""]"
904425	"[""M05BA04""]"
992799	"[""A03BB06"", ""A07DA02""]"
310160	"[""J01FA01""]"
310793	"[""C09DA04""]"
618606	"[""A11JC""]"
700855	"[""C01EB09""]"
643943	"[""A07BC04""]"
686443	"[""N05AX13""]"
748370	"[""R01BA02"", ""R05DB05""]"
748857	"[""G03AA12""]"
728118	"[""G03CA03""]"
731229	"[""B03XA02""]"
748029	"[""R06AB01""]"
754503	"[""N05AH03""]"
791944	"[""J01CA04""]"
861783	"[""A10BD05""]"
866103	"[""N05AX13""]"
891631	"[""D07AC03""]"
895014	"[""N02AA01""]"
895194	"[""N02AA01""]"
900175	"[""L01AA06"", ""V03AF01""]"
1088191	"[""A06AC07""]"
758523	"[""N02CC01""]"
746642	"[""R05CA03""]"
756085	"[""P02CB01""]"
861447	"[""N02AB02""]"
861422	"[""S01ED01""]"
863606	"[""J01FA01""]"
894859	"[""D05BB02""]"
897655	"[""N02AA03""]"
968663	"[""D02AA""]"
993472	"[""C01CA17""]"
993942	"[""N02BE01"", ""R05DA04""]"
308701	"[""C08EA02""]"
309852	"[""N01BX01""]"
309941	"[""R06AA07""]"
310594	"[""S01AA30""]"
312373	"[""D08AE03"", ""D10AX02"", ""N01BX03""]"
312548	"[""D02BA01""]"
312555	"[""G01AX11""]"
198903	"[""A12CB02""]"
199353	"[""C09AA10""]"
199521	"[""N03AG04""]"
1996293	"[""N01BB09""]"
200034	"[""N05AH03""]"
2045140	"[""J01AA02""]"
205657	"[""R05CA03""]"
205736	"[""H01AA01""]"
206257	"[""C10AA02""]"
996267	"[""R01BA02"", ""R05CA03"", ""R05DA04""]"
998513	"[""D01AC02""]"
998685	"[""C07AB04""]"
313304	"[""R03DA04""]"
313626	"[""A11GA01"", ""B03AA02"", ""B03BB01""]"
347669	"[""A01AA01""]"
809400	"[""A03AX13""]"
904620	"[""D02AE01"", ""D10AF06""]"
966618	"[""D07AC10""]"
308932	"[""A06AC08""]"
308940	"[""D04AX""]"
309043	"[""J01DC04""]"
311625	"[""L01BA01""]"
311967	"[""A11HA01""]"
904876	"[""N02AE01""]"
905170	"[""N06AA11""]"
1090941	"[""R02AA06"", ""R02AD01""]"
2000007	"[""L03AX13""]"
205643	"[""D02AX""]"
979115	"[""A06AH01""]"
637149	"[""D02AB""]"
637560	"[""J01MA15""]"
705159	"[""A03AX13""]"
637254	"[""R05CA03""]"
669146	"[""A02AB01""]"
860928	"[""C05AD03""]"
705921	"[""G03BA02""]"
797452	"[""D10AF02""]"
763088	"[""G03AC03"", ""G03AD01""]"
864767	"[""N07BC02""]"
897288	"[""J01DD14""]"
885857	"[""A07EC04""]"
966186	"[""H03AA01""]"
198891	"[""B03BA01""]"
1996204	"[""B03BB01""]"
762823	"[""J07BJ01""]"
792132	"[""A09AA01""]"
861045	"[""A10BX05""]"
861171	"[""C01BC03""]"
895749	"[""D04AB04""]"
967919	"[""A11CC05""]"
978772	"[""C01AA04""]"
991188	"[""N05AA01""]"
891894	"[""N02AA01""]"
966236	"[""H03AA01""]"
309844	"[""N05BA01""]"
310140	"[""C09CA02""]"
310176	"[""G03CA03""]"
311983	"[""C08CA07""]"
312171	"[""V03AN01""]"
1086936	"[""J01AA06""]"
1993219	"[""N02BE01"", ""R05CA03"", ""R05DA09""]"
199764	"[""N05AH01""]"
199832	"[""A11CC01""]"
2001424	"[""J05AR11""]"
2044355	"[""C03XA01""]"
2048568	"[""L04AF01""]"
205301	"[""H02AB07""]"
205879	"[""A10BB01""]"
204906	"[""N02BA01""]"
998715	"[""N02BE01"", ""N06BC01""]"
315219	"[""J01EB05""]"
351261	"[""A02BC03""]"
351712	"[""A01AD07"", ""R03DX01""]"
801031	"[""B05BA01""]"
803371	"[""J07BC01""]"
312793	"[""D10AB02""]"
1086918	"[""R06AB01""]"
630939	"[""B06AA03""]"
204623	"[""A11HA04""]"
2058891	"[""L01BC05""]"
313428	"[""L02BA02""]"
312078	"[""N05AH03""]"
312452	"[""P03AC01""]"
198683	"[""V06DC01""]"
198774	"[""R06AX04""]"
201747	"[""N03AA03""]"
205349	"[""R01BA01"", ""R01BA03"", ""R06AB04""]"
205536	"[""M03AC07""]"
205818	"[""J01CA01""]"
206788	"[""L01BB02""]"
207192	"[""H02AB04""]"
204901	"[""V06DD""]"
996746	"[""R01BA03"", ""R05DA04"", ""R06AA02""]"
997006	"[""C10AA02""]"
997555	"[""A01AA01""]"
999649	"[""D10AE01""]"
313251	"[""J01AA07""]"
313947	"[""S01CA01""]"
373901	"[""B05XA03""]"
314986	"[""N02BA71""]"
809288	"[""A09AA01""]"
827726	"[""R01BA02"", ""R05CA03""]"
831255	"[""C08DB01""]"
833567	"[""M01CB01""]"
834154	"[""D08AC02""]"
313805	"[""N02BA01"", ""R06AC01""]"
352336	"[""C09DA02""]"
809547	"[""A02AC01"", ""A12AA04""]"
845493	"[""H02AB07""]"
847939	"[""L03AB05""]"
848155	"[""C09DX01""]"
848746	"[""N05AX14""]"
856861	"[""N06AA09""]"
857463	"[""R06AA04""]"
207386	"[""C01DA02"", ""C05AE01""]"
207476	"[""C04AD03""]"
207490	"[""N05AB03""]"
207645	"[""J06BB04""]"
208029	"[""C03AA01"", ""C07AA12""]"
208088	"[""C02AA02"", ""C03AA03""]"
208468	"[""D10AE01""]"
209704	"[""J01XX10""]"
211609	"[""S01KA02""]"
212048	"[""A02AB01"", ""A02AB02""]"
212389	"[""C07AG02""]"
212739	"[""G01AX11""]"
213360	"[""L04AX02""]"
213541	"[""D07AC01""]"
213900	"[""R01BA01"", ""R06AB04""]"
2168789	"[""N02BE01"", ""R01BA02"", ""R05DA09"", ""R06AB04""]"
2180661	"[""D06AA04""]"
1092578	"[""D08AE05""]"
1095510	"[""R05CA02"", ""V03AB21""]"
1098198	"[""D08AX08""]"
1099593	"[""R01BA02"", ""R06AX07""]"
1100501	"[""R01BA03"", ""R06AB04""]"
1101791	"[""D01AE04""]"
1101852	"[""R02AA19""]"
1101919	"[""M01AE01""]"
1110809	"[""R06AC01""]"
1111101	"[""R06AB04""]"
1113001	"[""N03AX21""]"
805579	"[""J07BH01""]"
360074	"[""R01BA02"", ""R05CA03""]"
2119467	"[""L03AX14""]"
1115468	"[""L02AE02""]"
1116150	"[""S01AA03"", ""S01AA18"", ""S01AA32"", ""S01BA02""]"
1119422	"[""B05CB04""]"
1191684	"[""D08AX08""]"
1234576	"[""R01AA04""]"
1233685	"[""N01AH01"", ""N01BB09"", ""N02AB03""]"
402109	"[""J05AE07""]"
402100	"[""L02BX01""]"
403943	"[""B03XA02""]"
403975	"[""A03AE01""]"
404702	"[""C01AA05"", ""V03AB24""]"
419168	"[""N07BA01""]"
543484	"[""D07AC08""]"
544176	"[""R01BA02"", ""R06AA08""]"
544393	"[""M01AE01""]"
581626	"[""J05AH02""]"
582119	"[""V03AB23""]"
597291	"[""J05AF09""]"
617115	"[""R05DB05"", ""R06AB04""]"
857911	"[""C01BA02""]"
859141	"[""R01BA03"", ""R05DA03"", ""R06AB04""]"
859338	"[""R05CA03"", ""R05DA03""]"
860281	"[""R05CA03"", ""R05DA03""]"
860543	"[""R01BA02"", ""R05CA03"", ""R05DA03""]"
1000066	"[""N06AA12""]"
1009253	"[""C08CA01"", ""C09XA02""]"
1011820	"[""A01AD01"", ""B02BC09"", ""C01BB01"", ""C01CA24"", ""C05AD01"", ""N01BB02"", ""R03AA01""]"
1011981	"[""S01CA02""]"
1012253	"[""C01BB01"", ""C05AD01"", ""N01BB01"", ""N01BB02""]"
1014367	"[""D07AA02"", ""D01AC08""]"
1020479	"[""R06AA02""]"
1039281	"[""D07AA02""]"
1040031	"[""N05AE05""]"
104490	"[""C10AA01""]"
1048450	"[""C10AC02""]"
1049623	"[""N02AA05""]"
1050385	"[""R01BA03""]"
1052416	"[""N02BE01""]"
1053276	"[""D01AE12""]"
1053753	"[""D07CB01""]"
1086240	"[""H02AB08""]"
2185293	"[""N02BE01"", ""R05CA03"", ""R05DA09"", ""R06AA09""]"
237649	"[""B05BA03""]"
237777	"[""B03BA01""]"
243326	"[""R03DA04""]"
244051	"[""A12CA01"", ""B05CB01""]"
248333	"[""R03DA01""]"
248678	"[""D02AF""]"
251380	"[""D11AF""]"
252016	"[""J06BB03""]"
253113	"[""L01AB01""]"
284254	"[""N05AB04""]"
284391	"[""N03AX14""]"
1654037	"[""C01EB10""]"
1659287	"[""J01DD02""]"
1654169	"[""C01EB10""]"
856364	"[""N06AX05""]"
2106884	"[""A06AB06""]"
2173854	"[""R01BA02"", ""R05CA03"", ""R05DA09""]"
1095693	"[""D11AF""]"
403840	"[""J01AA08""]"
542351	"[""N01AB06""]"
859002	"[""R05CA09"", ""R05DA03""]"
859926	"[""R01BA02"", ""R05CA03"", ""R05DA03""]"
1012257	"[""A01AC02"", ""C01BB01"", ""C05AA09"", ""C05AD01"", ""H02AB02"", ""N01BB02"", ""S03BA01""]"
1038810	"[""B03AB02""]"
1049191	"[""N02AJ17""]"
1049901	"[""R06AA02""]"
1085769	"[""D07AB09""]"
1049650	"[""N02AJ17""]"
1098924	"[""A01AA01""]"
1052950	"[""D08AJ01""]"
1086041	"[""H02AB08""]"
311430	"[""A12CC10""]"
1988414	"[""D01AE18""]"
199130	"[""D08AX08""]"
199984	"[""A10BG01""]"
200257	"[""A10BX02""]"
2043308	"[""J06BB05""]"
204405	"[""D05AC01""]"
204510	"[""D07AB19""]"
205359	"[""C01BD02""]"
205731	"[""J01CA04""]"
206241	"[""G03CA03""]"
206812	"[""M01AB08""]"
207077	"[""G01AC01""]"
207111	"[""C01DA02"", ""C05AE01""]"
996736	"[""R05FA02""]"
996994	"[""N02AJ07""]"
998465	"[""D01AC02""]"
999965	"[""A03AB02""]"
313190	"[""L04AD02""]"
313365	"[""N05AF04""]"
332451	"[""M01AC06""]"
346806	"[""B05CX01""]"
351761	"[""C09CA03""]"
352314	"[""M01AH01""]"
313532	"[""V04CF01""]"
802559	"[""R02AD01""]"
807251	"[""A06AB02""]"
830798	"[""C08DB01""]"
824194	"[""J01CR02""]"
848732	"[""N05AX14""]"
849493	"[""C01EB09""]"
855628	"[""M01AB05"", ""M02AA15"", ""S01BC03""]"
855657	"[""M01AB05""]"
857385	"[""N02BE01"", ""R05DA03""]"
857527	"[""R05DA03""]"
857754	"[""R01BA03"", ""R05DA03"", ""R06AB04""]"
208332	"[""D10AD01""]"
208652	"[""R06AC04""]"
209172	"[""D07AC11""]"
209469	"[""A01AD05"", ""B01AC06"", ""N02BA01"", ""N02BE01"", ""N06BC01""]"
210351	"[""M02AB01""]"
2104586	"[""R02AA06""]"
210588	"[""A03AX10"", ""N02BE01"", ""N05CC04""]"
213040	"[""L01XX24""]"
213695	"[""M03BA02""]"
2168863	"[""N06BA04""]"
2174105	"[""G03CA03""]"
2182348	"[""R01BA02"", ""R06AB04""]"
237832	"[""V03AB06""]"
1090707	"[""N02BE01"", ""R01BA02""]"
1091523	"[""R01BA02"", ""R06AA08""]"
1098397	"[""D04AB01"", ""D06AX04"", ""D06AX05""]"
1101529	"[""N02BE01""]"
1110798	"[""C05AX04""]"
1115464	"[""L02AE02""]"
1147526	"[""R01AX""]"
349092	"[""D10AF02""]"
1112201	"[""C03CA01""]"
312379	"[""V04CH03""]"
108780	"[""J05AB11""]"
200258	"[""A10BX02""]"
201354	"[""C02AB01""]"
204938	"[""A06AB05""]"
206316	"[""D07AA02""]"
206798	"[""A07EC02""]"
206856	"[""C01DA14""]"
207772	"[""C08CA05""]"
995837	"[""R01BA01"", ""R05CA03"", ""R05DA04""]"
999832	"[""B03AA02"", ""B03BB01""]"
313523	"[""J01MA13""]"
347721	"[""L01DB07""]"
351173	"[""A16AX04""]"
389216	"[""G03GA06""]"
807356	"[""A02AB01"", ""A02AB02""]"
825325	"[""L02AE02""]"
833197	"[""C08DB01""]"
992208	"[""J01XX05""]"
200328	"[""L01BC06""]"
828353	"[""M03BX08""]"
849383	"[""A07EC02""]"
854984	"[""C09AA04""]"
856556	"[""C07AA05""]"
856804	"[""D01AC01""]"
858262	"[""H05BX03""]"
208262	"[""R03DA04""]"
209363	"[""N02BE01""]"
209390	"[""N02BE01""]"
209542	"[""A06AA01""]"
210056	"[""B03AA07""]"
2102715	"[""N05BA09""]"
210669	"[""A06AC08""]"
210744	"[""G03CA57"", ""N05BC01""]"
211519	"[""R03DA05""]"
211815	"[""J01MA12""]"
212792	"[""D08AE03"", ""N01BX03""]"
2167165	"[""J06BA01""]"
237212	"[""G04BE01""]"
1095368	"[""D11AX11""]"
1114383	"[""D08AX01""]"
1115267	"[""H03AA01""]"
1147619	"[""R01BA03""]"
1234972	"[""N02AA08"", ""R01BA02"", ""R06AB01""]"
486042	"[""G04BC""]"
604396	"[""A11HA03""]"
857964	"[""C01BA02""]"
858118	"[""M01AE04""]"
858605	"[""C08CA04""]"
858986	"[""R01BA02"", ""R05CA09"", ""R05DA03""]"
860215	"[""L02AB01""]"
860266	"[""R05CA03"", ""R05DA03""]"
1001060	"[""R01AA05""]"
1006558	"[""A01AA01""]"
1010604	"[""N07BC51""]"
1011762	"[""G03BA03"", ""G03CA03""]"
1012929	"[""D04AB01""]"
1046593	"[""D08AJ01""]"
1046553	"[""D10AE01""]"
104719	"[""N05BA06""]"
104775	"[""N05AH02""]"
1052633	"[""N01BA05""]"
241063	"[""R03DA01""]"
243327	"[""R03DA04"", ""R05CA03""]"
243374	"[""A06AB06""]"
284024	"[""D01AE12""]"
1728786	"[""N02AA01""]"
1729201	"[""C09AA02""]"
1729091	"[""B02BD02""]"
1732138	"[""N02AA01""]"
433801	"[""N05BA12""]"
484980	"[""R01BA01"", ""R01BA02"", ""R05CA03""]"
486099	"[""D02AE01""]"
860236	"[""R01BA03"", ""R05CA03"", ""R05DA03""]"
242679	"[""J05AF06""]"
261186	"[""N02AB03""]"
262197	"[""B05BB""]"
308078	"[""A02AB01""]"
1661567	"[""J01GB01""]"
1719013	"[""L01BC05""]"
1726842	"[""P03AX05""]"
1728085	"[""J01XA03""]"
1737851	"[""V03AB17"", ""V04CG05""]"
1739827	"[""N06BA01""]"
1739821	"[""N06BA01""]"
1740250	"[""D04AB04"", ""D08AJ01""]"
1191691	"[""D11AF""]"
476628	"[""A11JA""]"
485788	"[""R01BA03"", ""R05CA03""]"
540582	"[""J01AA02""]"
581577	"[""J01DC10""]"
581584	"[""J01DC02""]"
859228	"[""R05DA03"", ""R06AB04""]"
1001081	"[""R01AA05""]"
1014645	"[""R06AE07""]"
1043598	"[""S01GA01""]"
1046957	"[""A03CB31""]"
1049770	"[""R01BA02""]"
105450	"[""V04CD01""]"
106302	"[""D10AD01""]"
1086282	"[""A16AX05""]"
1086705	"[""R05CA09"", ""R05DA09""]"
248656	"[""J01FA10""]"
251294	"[""D01AE12""]"
261329	"[""R07AA02""]"
1724479	"[""B05CB04"", ""B05XA02""]"
1728053	"[""A04AA05""]"
211087	"[""R01BA01""]"
859188	"[""N04BD01""]"
1047895	"[""A03BA03""]"
1049505	"[""N02AA05""]"
1053295	"[""R02AD01""]"
248684	"[""D01AE12""]"
262080	"[""G03DA04""]"
1653443	"[""D08AG03""]"
1665517	"[""J01MA12""]"
1737566	"[""C01BB01""]"
1660016	"[""C01CA24""]"
1739216	"[""D01AC02""]"
1739880	"[""D10AB02"", ""D10AF06""]"
1740900	"[""L01DC03""]"
1741405	"[""B05AA01""]"
1743855	"[""H02AB04""]"
1788947	"[""N05CM18""]"
198440	"[""N02BE01""]"
204434	"[""N05BC01""]"
2049888	"[""J01XA01""]"
205625	"[""M01AE09""]"
205726	"[""C03CA01""]"
205850	"[""S01EA01""]"
313554	"[""D02AE01""]"
392073	"[""M01AB01""]"
828757	"[""J02AX04""]"
831337	"[""C08DB01""]"
831578	"[""D08AE04""]"
359385	"[""J01FA09""]"
402698	"[""C08CA02""]"
312214	"[""A03AD01""]"
849692	"[""N02AC04"", ""N02BE01""]"
849866	"[""G04BE08""]"
852915	"[""C01BA01""]"
855816	"[""B01AC22""]"
845968	"[""D10AE01""]"
1090950	"[""R05DA09""]"
1091092	"[""D11AX12""]"
1091517	"[""R06AA08""]"
1094010	"[""R06AA08""]"
1094907	"[""J01AA06""]"
1112205	"[""R05CA03""]"
1116351	"[""M01AE02""]"
1192860	"[""S01KA01""]"
207937	"[""C03AA03""]"
208117	"[""D01AC09""]"
208277	"[""R03DA04""]"
208389	"[""N05AC02""]"
208851	"[""N06AX16""]"
208969	"[""V03AB04""]"
208985	"[""M03BA02""]"
210204	"[""D01AE13""]"
210340	"[""A07AA02""]"
2118716	"[""A01AA01"", ""A01AA02""]"
209417	"[""N02BE01""]"
237508	"[""B05XA12""]"
476287	"[""N02BE01""]"
476576	"[""J01DD15""]"
542907	"[""L02AE05""]"
577190	"[""A11GB""]"
583459	"[""A01AA04""]"
602795	"[""A06AB06""]"
616535	"[""D02AE01""]"
857251	"[""N07AB02""]"
857319	"[""N02BE01"", ""R05DA03""]"
857861	"[""R01BA03"", ""R05DA03"", ""R06AB04""]"
859195	"[""N04BD01""]"
1000670	"[""S01EB01""]"
1009147	"[""N06BA01"", ""N06BA02""]"
1010696	"[""R06AA08""]"
1020025	"[""R06AE07""]"
104377	"[""C09AA03""]"
1048906	"[""D08AE04""]"
1050400	"[""R01BA02""]"
249277	"[""A01AA01""]"
259255	"[""C10AA05""]"
307824	"[""A16AB01""]"
1723221	"[""N01AH02""]"
577819	"[""A02AA01"", ""A02AB01"", ""A02AB02"", ""A06AD01""]"
581620	"[""J01DC08""]"
604271	"[""N06BC01""]"
1049589	"[""N02AJ19""]"
1050115	"[""J01CE09""]"
241911	"[""A09AA01""]"
1656398	"[""L04AG04""]"
1724784	"[""N01BB01""]"
1725064	"[""V03AB15""]"
1658260	"[""A06AD04"", ""A12CC02"", ""B05XA05"", ""V04CC02""]"
1727450	"[""N06BA04""]"
1791723	"[""H01BB02""]"
1791861	"[""C01CE02""]"
1795149	"[""B05BB02""]"
1795254	"[""B05BB02""]"
1797871	"[""R01AC03""]"
1797907	"[""R01AD08""]"
1804806	"[""B01AD02""]"
1858984	"[""D04AB01""]"
1860172	"[""A10AE56""]"
1868839	"[""A11JA""]"
1870207	"[""C01CA24""]"
1923483	"[""R02AD01""]"
197427	"[""N02BE01""]"
197596	"[""J01CF01""]"
1237129	"[""R01BA03"", ""R06AC01""]"
1245233	"[""N02BE01"", ""R06AA09""]"
1246594	"[""S01KA51""]"
1247397	"[""N02BA01""]"
1250065	"[""S01BA07""]"
1250909	"[""R06AA02""]"
1292443	"[""J07BD54""]"
1294246	"[""S02BA01""]"
1294322	"[""R01BA03"", ""R06AA02""]"
1294366	"[""R01BA03"", ""R06AA02""]"
1294539	"[""A08AA10""]"
1297547	"[""R01BA03"", ""R05DB05"", ""R06AA02""]"
1297564	"[""R01BA03"", ""R06AA02""]"
1298199	"[""A11CC05"", ""A11HA02"", ""A11HA04"", ""B03BA01"", ""B03BB01""]"
1304108	"[""R01BA02"", ""R05DA09""]"
1309308	"[""J01EC02"", ""P01BD01""]"
1312271	"[""P02CC01""]"
1314141	"[""C05AD01""]"
1356525	"[""R01BA02"", ""R05CA03""]"
1356859	"[""R01BA03"", ""R06AB01""]"
1356909	"[""R06AB01""]"
1359114	"[""R01BA02"", ""R05DA09"", ""R06AB04""]"
1359773	"[""C01DA02"", ""C05AE01""]"
1359914	"[""C01DA02"", ""C05AE01""]"
1360633	"[""N04BC09""]"
1362213	"[""C05AA01"", ""C05AD07""]"
1364920	"[""R01BA02"", ""R05CA03""]"
1366501	"[""N02BE01"", ""R05DA09"", ""R06AA09""]"
1367230	"[""R01BA02""]"
1367306	"[""D10AE01""]"
1369728	"[""L04AX06""]"
1370962	"[""N05AA04""]"
1424361	"[""R01BA02"", ""R05CA03""]"
1425949	"[""R01BA02"", ""R05CA03""]"
197736	"[""J01GB03""]"
197750	"[""D07AD02""]"
197825	"[""G01AC01""]"
197944	"[""M03BA03""]"
1431687	"[""D04AB01""]"
1435083	"[""A06AA02"", ""C05AD03""]"
1435176	"[""N02BE01""]"
1435853	"[""A03AX10"", ""N02BE01"", ""N06BC01""]"
1440184	"[""D07AA02""]"
1484743	"[""R05FB02""]"
1485531	"[""A11JC""]"
1488675	"[""B01AC21""]"
1491795	"[""A02AA04"", ""G04BX01""]"
1494064	"[""R02AD01""]"
150892	"[""L03AB05""]"
1545166	"[""A10BD16""]"
1545297	"[""D04AB01""]"
1594951	"[""G03CA03""]"
1595748	"[""R05DA03""]"
1648369	"[""R06AA02""]"
1649014	"[""M01AC06""]"
1649491	"[""C01EB17""]"
238721	"[""B01AD01""]"
242438	"[""R03DC03""]"
242891	"[""G03CA03""]"
1668247	"[""B05XA19""]"
1720953	"[""R03AL04""]"
1746898	"[""R03DX08""]"
1791598	"[""L01AA06""]"
1797528	"[""L01XA03""]"
1921598	"[""L04AX03""]"
1246609	"[""S01KA01""]"
1247877	"[""A06AA02""]"
1247869	"[""A06AA02""]"
1247915	"[""A06AA02""]"
1248823	"[""B03XA04""]"
1250492	"[""D07AA02""]"
1250657	"[""D01AE12""]"
1293342	"[""J01BA01""]"
1293942	"[""N02BE01""]"
1294468	"[""N02BE01"", ""R01BA02"", ""R05DA09""]"
1297363	"[""N01BC01""]"
1299702	"[""R03AB02"", ""R03CB01""]"
1300206	"[""J07AJ52""]"
1303251	"[""N02BE01""]"
1313307	"[""R01BA02"", ""R05DA09""]"
1356809	"[""R05DA04""]"
1357942	"[""R01BA03"", ""R05DA03"", ""R06AB02""]"
1361048	"[""B01AB01""]"
1361607	"[""B01AB01""]"
1363391	"[""B05AA07""]"
1363511	"[""R01BA03"", ""R06AB01""]"
1364052	"[""D08AJ01""]"
1364054	"[""P03AX05""]"
1365980	"[""A11JB""]"
1367225	"[""R05CA03"", ""R06AB04""]"
1368410	"[""A10BD09""]"
197418	"[""C03CA02""]"
197685	"[""M01AB08""]"
197984	"[""J01AA08""]"
198050	"[""J01MA01""]"
1484927	"[""N02CC01""]"
1490487	"[""A02AC01""]"
1492680	"[""P02CF01""]"
150794	"[""B01AD01""]"
153031	"[""D11AX11""]"
153444	"[""G03CA03""]"
153640	"[""N05AH04""]"
1729712	"[""N01AH06""]"
1731538	"[""N02AA01""]"
1734481	"[""N01BB09""]"
1740898	"[""L01DC03""]"
1741417	"[""A11JC""]"
1743704	"[""H02AB04""]"
1743939	"[""C01CA04""]"
1745108	"[""L04AC13""]"
1745457	"[""A06AA01""]"
1791703	"[""L01BC02""]"
1795518	"[""B05BA03""]"
1796672	"[""V03AB14""]"
1860157	"[""N02AA05""]"
1868565	"[""C01DA02"", ""C05AE01""]"
1923422	"[""C07AA07""]"
197626	"[""C02CA04""]"
1248052	"[""R05FB02""]"
1251621	"[""N05CA03""]"
1290913	"[""N05CA03""]"
1293040	"[""A03BB03"", ""R06AB04""]"
1293446	"[""B05BB""]"
1293420	"[""N05CH01"", ""N06AX01"", ""N06AX02""]"
1293962	"[""R05CA03"", ""R06AA02""]"
1299811	"[""A12AX""]"
1300208	"[""R01BA02"", ""R06AB01""]"
1303131	"[""H02AB07""]"
1361692	"[""D02AA""]"
1362059	"[""B01AB01"", ""C05BA03""]"
1363027	"[""R01BA02"", ""R06AB01""]"
1364118	"[""H01CB05""]"
1366021	"[""D10AB02""]"
1366550	"[""A07EA06""]"
1429409	"[""R05DB10"", ""R06AC01""]"
1430408	"[""R01BA02"", ""R05CA03""]"
1431965	"[""N01AB06""]"
1435879	"[""D08AG03""]"
198078	"[""N05AB03""]"
1437793	"[""D01AC02""]"
1439844	"[""N06AX26""]"
1487105	"[""P02BA01""]"
1491797	"[""D08AX08""]"
1534665	"[""N02BE01""]"
1537189	"[""D01AC08"", ""D08AC02""]"
1543717	"[""D04AB01""]"
1545778	"[""L01AD02""]"
1547593	"[""N01BA05""]"
1550965	"[""G03FA01""]"
1552014	"[""R01BA02"", ""R06AB04""]"
1592727	"[""L01AA09""]"
1597130	"[""G03BA03""]"
1603365	"[""L01XH03""]"
1649526	"[""C05AD01""]"
1250921	"[""D01AE04""]"
197839	"[""C01DA08""]"
1606026	"[""D01AC01"", ""D06AX07"", ""D07AC13"", ""R03BA07"", ""S03AA06""]"
1649603	"[""L03AB13""]"
1650696	"[""A01AA01""]"
1294403	"[""R06AB04""]"
1427959	"[""D02AB""]"
1485598	"[""P03AX05""]"
1534835	"[""N02BE01"", ""R05DA09"", ""R06AA09""]"
1549435	"[""D08AC02""]"
1539248	"[""J01XA04""]"
1541933	"[""D10AB02""]"
1598059	"[""D01AC01""]"
1649988	"[""J01AA02""]"
1245283	"[""A03BB03"", ""R06AB04""]"
1543072	"[""N02BE01""]"
1599549	"[""B01AF03""]"
1806890	"[""C09AA03""]"
1863355	"[""L01CA02""]"
1865206	"[""D02AB""]"
1876392	"[""D08AJ08""]"
1920976	"[""N01BA05""]"
1923343	"[""D02AA""]"
197306	"[""A10BB31""]"
197387	"[""R06AX09""]"
197448	"[""A16AA01""]"
1248234	"[""A06AA02""]"
1250723	"[""J05AG04""]"
1293268	"[""D08AB""]"
1294248	"[""S02BA01""]"
1298110	"[""C01BC08""]"
1299203	"[""D10BA01""]"
1364581	"[""L01EX07""]"
1369403	"[""R05DB10"", ""R06AB06""]"
1424369	"[""R01BA02"", ""R05DA09""]"
1491527	"[""M01AB01""]"
1537330	"[""J01ED01""]"
1298830	"[""N02BE01""]"
198165	"[""A03AB05""]"
198200	"[""J04AB04""]"
1551300	"[""A10BJ05""]"
628953	"[""A12BA01""]"
667906	"[""D01AE12""]"
686185	"[""B05BB02""]"
707544	"[""R01AX""]"
794083	"[""J05AP01"", ""L03AB05""]"
861844	"[""M01AB15""]"
862019	"[""C02AC02""]"
891737	"[""R05DA09""]"
896184	"[""R03AK06""]"
905005	"[""M09AB03""]"
905011	"[""M05BA05""]"
204485	"[""N03AD02""]"
724411	"[""A11CA01"", ""A11CC05""]"
758019	"[""J01AA07"", ""P01AB01""]"
800003	"[""B05DB""]"
801012	"[""B05BA01""]"
759009	"[""V03AB31""]"
792576	"[""D10AE01""]"
861098	"[""S02DA03""]"
895907	"[""P02BA01"", ""P02CC01"", ""P02CF01""]"
966240	"[""H03AA01""]"
993468	"[""C01CA17""]"
896718	"[""R05CA03""]"
91792	"[""A14AA05""]"
991259	"[""D08AC02""]"
308370	"[""N02BA51""]"
308714	"[""D07XC01""]"
308760	"[""A07BC04""]"
310891	"[""D07AA02""]"
310890	"[""A07EA02""]"
312527	"[""A12BA01""]"
312594	"[""C02CA01""]"
1087285	"[""A11JB""]"
308865	"[""D05AX02""]"
198562	"[""A06AB07""]"
1997508	"[""D04AB01""]"
2003668	"[""B02BC30""]"
205914	"[""D01BA01""]"
998232	"[""S01XA20""]"
998543	"[""G01AF04""]"
829993	"[""A11CC05""]"
866404	"[""M02AC""]"
749848	"[""G03AA09""]"
876852	"[""A11JB""]"
705164	"[""R01BA03""]"
750203	"[""C10BX03""]"
861834	"[""A09AA01""]"
885205	"[""N04AC01""]"
901818	"[""M01AE01"", ""R06AA02""]"
978019	"[""A07DA03""]"
309771	"[""B05BB02""]"
312131	"[""J01CF04""]"
1086991	"[""N02BE01"", ""R05DA09"", ""R06AB04""]"
1086926	"[""R05CA03"", ""R05DA04""]"
204528	"[""J06BB09""]"
996665	"[""R01BA02"", ""R05CA03"", ""R05DA04""]"
313016	"[""B05XA03""]"
313324	"[""A11DA01""]"
314014	"[""D11AX11""]"
314029	"[""C03EA01""]"
830541	"[""N02BA01""]"
978656	"[""A08AA03""]"
309206	"[""R01BA02"", ""R06AB04""]"
992443	"[""R06AD02""]"
1088531	"[""A06AD15""]"
198748	"[""D08AK04""]"
2059297	"[""D08AC02""]"
831296	"[""C08DB01""]"
861007	"[""A10BA02""]"
900575	"[""J05AE03""]"
903724	"[""H03AA01"", ""H03AA02""]"
308238	"[""A09AA01""]"
308866	"[""H05BA01""]"
630194	"[""A01AA01""]"
643019	"[""N05AX12""]"
795583	"[""A11HA03""]"
748962	"[""G03AC01""]"
755165	"[""R01BA01"", ""R06AB04""]"
791834	"[""C10BA01""]"
866455	"[""C07BB02""]"
886664	"[""C01BC04""]"
895905	"[""P02BA01"", ""P02CC01"", ""P02CF01""]"
905064	"[""L02AE04""]"
994039	"[""R07AA02""]"
309774	"[""V06DC01""]"
310207	"[""G03CA07"", ""G03CC04"", ""G03DA04""]"
310631	"[""R01BA02"", ""R05CA03""]"
2001364	"[""N02AJ22""]"
748748	"[""J01FF01""]"
750157	"[""J01FA10""]"
756116	"[""R05CA04""]"
724165	"[""A11CC05"", ""A12AA13""]"
756156	"[""N05AA03""]"
762834	"[""H01AC01""]"
880407	"[""A06AD15""]"
895987	"[""D07AC17""]"
897743	"[""C08DA01""]"
903843	"[""N07AA02""]"
966434	"[""H03AA01""]"
992668	"[""A03BB06"", ""R05DA03""]"
995192	"[""A06AA01"", ""C05AD07""]"
308335	"[""N02BE01"", ""R01BA01""]"
308511	"[""S01AA30""]"
308846	"[""A11HA01"", ""A12AA03"", ""N03AA02""]"
311237	"[""S01GX08""]"
312077	"[""N05AH03""]"
312653	"[""N05AA03""]"
312818	"[""J05AP01""]"
309111	"[""J01DB01""]"
198232	"[""A07EC01""]"
198555	"[""M02AB01""]"
200345	"[""C10AA01""]"
206354	"[""D07AA02""]"
2057219	"[""L03AA02""]"
997658	"[""D04AB04""]"
313092	"[""A06AD18""]"
313220	"[""G04CA03""]"
829617	"[""D10AE01""]"
830873	"[""C08DB01""]"
881376	"[""C04AC01"", ""C04AC03"", ""C10AD02""]"
896225	"[""R03AK06""]"
978021	"[""A07DA03""]"
991154	"[""A03AA07"", ""N03AA02""]"
701924	"[""D10AE01""]"
865573	"[""A10BB07""]"
895521	"[""H02AB02""]"
311341	"[""J01FF02""]"
1088953	"[""R05FA02""]"
2055989	"[""G02BB01""]"
205789	"[""A03FA02""]"
995609	"[""J04AK02""]"
333834	"[""N02BA01""]"
347108	"[""V03AN01"", ""V03AN04""]"
348548	"[""M01AA01""]"
359493	"[""N02CC06""]"
800269	"[""B05BA01""]"
834346	"[""C01BD01""]"
978949	"[""G03AB08""]"
629364	"[""D10AE01""]"
730866	"[""C09DB02""]"
670026	"[""J05AE10""]"
721775	"[""N05AH02""]"
727373	"[""C01CA24""]"
727518	"[""B05BA03""]"
749841	"[""C09DA07""]"
754504	"[""N05AH03""]"
749736	"[""G03AA05""]"
905457	"[""H03AA01""]"
794239	"[""D11AX03""]"
794979	"[""H02AB06""]"
704855	"[""D06AX13""]"
762875	"[""H01AC01""]"
861039	"[""A10BX05""]"
861052	"[""L01XX02""]"
861972	"[""H03BB02""]"
863855	"[""N02AA01"", ""N07BB04""]"
897598	"[""C08DA01""]"
900368	"[""G04BA01""]"
905283	"[""N04AA01""]"
979470	"[""C09DA01""]"
903291	"[""R05DB01""]"
93130	"[""D07AC08""]"
309147	"[""A07BA01""]"
309311	"[""L01XA01""]"
309899	"[""A02AB04""]"
309954	"[""B01AC07""]"
310213	"[""G03CA57""]"
312032	"[""S01AE02""]"
198322	"[""N05AB06""]"
198870	"[""D10AB02""]"
1998457	"[""N05AX12""]"
205784	"[""N05CM08""]"
206638	"[""S01KA02""]"
995455	"[""R05FA02""]"
312881	"[""D01AE12""]"
314211	"[""N05AX08""]"
348522	"[""G03GA04""]"
351277	"[""R01BA03"", ""R06AC01""]"
833472	"[""D05AX02""]"
790247	"[""L03AB10""]"
863639	"[""G04BD04""]"
866083	"[""N05BE01""]"
978013	"[""A07DA03""]"
993524	"[""N06AX12""]"
309143	"[""A07BA01""]"
311700	"[""N05CD08""]"
311948	"[""A11JA""]"
902741	"[""N02AA03""]"
966615	"[""D07AC10""]"
902333	"[""B05BA02""]"
310926	"[""D11AX11""]"
309454	"[""N02BA51""]"
807790	"[""G03AA05""]"
94346	"[""D07AC03""]"
310811	"[""C07BA06""]"
198377	"[""L04AD02""]"
617995	"[""J01CR02""]"
795817	"[""A09AA04""]"
744830	"[""R06AX13""]"
643046	"[""A02BA02""]"
723526	"[""G03CA03""]"
756223	"[""R03DA04""]"
798421	"[""J07BC01""]"
755468	"[""A06AD11""]"
762846	"[""H01AC01""]"
885207	"[""N04AC01""]"
899559	"[""N06BA11""]"
762677	"[""G03FA01""]"
763165	"[""A09AA01""]"
863622	"[""G04BD04""]"
876214	"[""A06AD15""]"
876980	"[""D02AA""]"
966160	"[""H03AA01""]"
966204	"[""H03AA01""]"
966791	"[""N06AA12""]"
978745	"[""B01AB04""]"
993522	"[""N06AX12""]"
897667	"[""C08DA01""]"
902648	"[""C01BA03""]"
308281	"[""A01AD05"", ""B01AC06"", ""N02BA01"", ""N02BE01"", ""N06BC01""]"
309599	"[""B03BA01""]"
309682	"[""S01CA01""]"
311394	"[""B05XB03""]"
311684	"[""V04CD01""]"
312284	"[""C01DA05""]"
198945	"[""A11HA02""]"
199376	"[""A12BA02""]"
200299	"[""M01AX05"", ""M01AX25""]"
2044357	"[""C03XA01""]"
205732	"[""C03CA01""]"
995241	"[""N05BB01""]"
313896	"[""B03BA01""]"
810077	"[""G04BD11""]"
828931	"[""R03BA03""]"
992761	"[""S01FA05""]"
309049	"[""J01DB05""]"
309263	"[""A11CC05""]"
310476	"[""J01GB03""]"
311982	"[""L02BB02""]"
1087459	"[""R05DA03""]"
1088965	"[""R05FA02""]"
1089866	"[""A09AA01""]"
311361	"[""S01GX05""]"
905100	"[""M05BA07""]"
313108	"[""J05AF04""]"
403825	"[""N05AX08""]"
312047	"[""C04AA02"", ""G02CA02""]"
312356	"[""B05CB04"", ""C03BD01"", ""N03AA02"", ""R03DA07"", ""R05CA02"", ""V03AB21""]"
198260	"[""R03DA04""]"
199048	"[""A12CB02""]"
204937	"[""A06AB05""]"
206423	"[""J01DD02""]"
206612	"[""D11AX11""]"
995268	"[""N05BB01""]"
996129	"[""R01BA02"", ""R05CA03"", ""R05DA04""]"
312959	"[""A03AX13""]"
313299	"[""R03DA04""]"
313420	"[""D01AE18""]"
315131	"[""V08AB06""]"
317853	"[""A03BA04""]"
324026	"[""R06AX26""]"
348870	"[""J01AA02""]"
801057	"[""A06AD65""]"
801405	"[""B05BA01""]"
801961	"[""N05BA01""]"
806771	"[""D02AE01""]"
826877	"[""A08AA01""]"
831533	"[""G03AC01""]"
199167	"[""N03AA02""]"
206608	"[""D11AX11""]"
346650	"[""J01FA01""]"
807018	"[""R06AB02""]"
835842	"[""G03BA03""]"
809351	"[""N03AA02""]"
844813	"[""R03DA04""]"
845647	"[""R05DB05"", ""R06AB04""]"
847367	"[""D10AE01""]"
847630	"[""B05BB01""]"
848180	"[""D07AC01""]"
848579	"[""R01AX""]"
848755	"[""A01AB03""]"
849076	"[""D01AE18""]"
851753	"[""N03AX09""]"
856722	"[""N05AB03"", ""N06AA09""]"
856796	"[""N05BA02"", ""N06AA09""]"
856855	"[""N06AA09""]"
857099	"[""N02AJ22""]"
800790	"[""B05BB02""]"
855613	"[""J05AD01""]"
209368	"[""N02BE01""]"
209434	"[""N02BE01""]"
209468	"[""N02BE01""]"
210249	"[""A12CD51""]"
211048	"[""A02AD02""]"
211511	"[""J01FA10""]"
2117337	"[""R02AD01""]"
213114	"[""D10AB02"", ""D10AE01""]"
213263	"[""S01BA14""]"
213339	"[""J01CA04""]"
213488	"[""C02AB01"", ""C03AA04""]"
2167563	"[""C10AA07""]"
2168532	"[""N02BE01"", ""R05DA09"", ""R06AB04""]"
1091500	"[""N06BA04""]"
1092416	"[""R06AA02""]"
1094350	"[""R01BA02"", ""R05DA09"", ""R06AA09""]"
1094467	"[""G04BX06"", ""J01EB05""]"
1095687	"[""R06AA02""]"
1098175	"[""D08AX08""]"
1098910	"[""B03AA07""]"
1099033	"[""D03AX03"", ""D11AX12""]"
1099078	"[""R05FB02""]"
1100016	"[""D08AX08""]"
1110802	"[""A02AH""]"
1111760	"[""R01BA02"", ""R05CA03""]"
857595	"[""R01BA03"", ""R05DA03"", ""R06AB01""]"
1095532	"[""A06AC01""]"
1116094	"[""R03CA02"", ""R05CA02""]"
1116568	"[""N02BE01"", ""R05CA03""]"
1150832	"[""S01ED03""]"
1151	"[""A11GA01"", ""G01AD03"", ""S01XA15""]"
1189668	"[""B05BB02""]"
1190551	"[""A03BA01""]"
403851	"[""N04BA03""]"
404339	"[""R06AA08""]"
476327	"[""J01DC04""]"
540060	"[""R05CA03"", ""R05DA09""]"
541664	"[""N06AB05""]"
543492	"[""D07AA02""]"
546142	"[""R01BA02"", ""R05CA03"", ""R05DA04""]"
581771	"[""D02AE01""]"
608926	"[""N01BA05""]"
597823	"[""J01GB01""]"
860115	"[""M01AB15""]"
860430	"[""R01BA03"", ""R05CA03"", ""R05DA03""]"
860686	"[""R01BA01"", ""R05DA03""]"
1000054	"[""N06AA12""]"
1001603	"[""B02BC06"", ""B02BD30""]"
1011746	"[""R02AD02""]"
1011852	"[""D04AB01""]"
1012208	"[""H02AB06""]"
1012683	"[""R01BA02"", ""R06AA08""]"
1012918	"[""R06AA08""]"
1013934	"[""C02AC01""]"
1014022	"[""J01AA08""]"
1014379	"[""D07AC01""]"
1014673	"[""R06AE07""]"
1037074	"[""R01BA01"", ""R06AB05"", ""R06AC01""]"
1038768	"[""D08AJ01"", ""D08AJ08""]"
1043014	"[""D11AX12""]"
1044591	"[""H01AC06""]"
1046990	"[""A03BA03""]"
1049162	"[""R01BA02""]"
1049642	"[""N02AJ17""]"
1050315	"[""C02AC01"", ""N02CX02""]"
105392	"[""H02AB02""]"
1085618	"[""R05CA03"", ""R05DA04""]"
2184168	"[""R01BA03"", ""R05DB05"", ""R06AB04""]"
241946	"[""G03CA03""]"
242800	"[""J01DD02""]"
244661	"[""D08AJ08""]"
251140	"[""N05BA12""]"
260386	"[""G03GA04""]"
261291	"[""L01AX03""]"
283453	"[""R01BA02"", ""R05CA03""]"
284592	"[""L04AX03""]"
308106	"[""N03AA02"", ""R03DA05""]"
1659956	"[""N02BE01"", ""R01BA02"", ""R06AB04""]"
1664637	"[""D11AX12""]"
1665005	"[""J01DD04""]"
1666314	"[""B02BD04""]"
2119719	"[""L01FD01""]"
1111263	"[""A12BA04""]"
403811	"[""A04AD12""]"
1000945	"[""S01EB01""]"
1010740	"[""R02AD02""]"
1012223	"[""C05AA01""]"
103835	"[""P02CE01""]"
1044196	"[""J01CA01""]"
1049225	"[""N02AJ17""]"
1053329	"[""D01AE12""]"
1085640	"[""D07AB09""]"
858112	"[""C01BA02""]"
859343	"[""R05CA03"", ""R05DA03""]"
1050624	"[""D08AX08""]"
1052670	"[""R01BA03""]"
1052684	"[""D04AB07""]"
261400	"[""R01BA01"", ""R06AB04""]"
860438	"[""R01BA02"", ""R05CA03"", ""R05DA03""]"
104873	"[""A04AD01""]"
311426	"[""A06AA51""]"
312217	"[""A03AD01""]"
312451	"[""P03AC01""]"
2001516	"[""D11AX12""]"
2002739	"[""A11GA01""]"
2044889	"[""D10AB02""]"
2047614	"[""B03XA01""]"
206318	"[""R03DA04"", ""R05CA03""]"
206955	"[""H02AB07""]"
207234	"[""J01CF04""]"
207840	"[""G04BX16""]"
313038	"[""A01AA01""]"
313651	"[""A11CA01""]"
313777	"[""N05AE04""]"
315188	"[""G03DA04""]"
351125	"[""G03GA05""]"
830547	"[""N02BA01"", ""N02BE01"", ""N02BA05""]"
830661	"[""B05BA01""]"
834023	"[""H02AB04""]"
845959	"[""D10AE01""]"
762663	"[""G03AA07""]"
996594	"[""N06DX01""]"
848524	"[""C08DB01""]"
852989	"[""C01BA01""]"
854888	"[""J01MB02""]"
855492	"[""P02CF01""]"
855635	"[""M02AA15""]"
856760	"[""N05AB03"", ""N06AA09""]"
856940	"[""N02AJ22""]"
208658	"[""S01FA06""]"
207640	"[""C02DA01""]"
209353	"[""N02BE01""]"
210577	"[""A03AX10"", ""N02BE01"", ""N05CC04""]"
210860	"[""R05FB02""]"
2119814	"[""C05AX04""]"
212332	"[""D02AF""]"
212479	"[""J01DB08""]"
212999	"[""R01BA01"", ""R06AB04""]"
213049	"[""A16AX05""]"
2167740	"[""R05DA09"", ""R06AB04""]"
2173825	"[""R05CA03"", ""R05DA09""]"
2178081	"[""G04BX16""]"
226597	"[""G03CA03""]"
211700	"[""N06AB05""]"
1093077	"[""N02BE01""]"
1098406	"[""D11AX12""]"
1101854	"[""R02AA19""]"
1114372	"[""D08AX01""]"
1116361	"[""A11GA01"", ""A11HA03""]"
209392	"[""N02BE01""]"
312748	"[""C09AA06""]"
1089117	"[""D06AX05""]"
198579	"[]"
198629	"[""B03AA03""]"
1992160	"[""J05AP01""]"
199304	"[""A12AA13""]"
204612	"[""N02BE01""]"
2059017	"[""B01AF01""]"
207012	"[""H03BB02""]"
207836	"[""H01AC01""]"
995765	"[""R06AE05""]"
313582	"[""N06AX16""]"
313771	"[""A12CB01""]"
349168	"[""A11GA01"", ""B03BB01""]"
351265	"[""N07BC01""]"
824563	"[""A07BC01""]"
829989	"[""J07CA12""]"
199302	"[""A12CC05""]"
205959	"[""C04AE01""]"
996245	"[""R01BA02"", ""R05CA03"", ""R05DA04""]"
352228	"[""N05AE04""]"
847414	"[""D01AE13""]"
852946	"[""C01BA01""]"
855184	"[""G04BD07""]"
856484	"[""C07AA05""]"
857404	"[""R01BA01"", ""R06AA04""]"
208133	"[""J01AA07""]"
207734	"[""N07BA01""]"
209523	"[""N02BE01""]"
211047	"[""A02AD02""]"
2110503	"[""J01DD13""]"
211167	"[""N02BE01"", ""N06BC01""]"
211684	"[""C04AC01""]"
2123194	"[""G04BE08""]"
213160	"[""R05CA03""]"
213269	"[""G04BE03""]"
2182800	"[""A06AD16""]"
2183687	"[""R06AB04""]"
1091167	"[""N06BA04""]"
1091208	"[""R01BA02"", ""R01BA52"", ""R06AB04""]"
1091892	"[""D01AC08"", ""D08AE05""]"
1095231	"[""G04BD02""]"
1098680	"[""N06AX06""]"
1099026	"[""G03AA12""]"
1112948	"[""D08AX08"", ""D08AE04""]"
1116754	"[""P01BA01""]"
1116916	"[""D10AE01""]"
1150131	"[""R05FB02""]"
1232712	"[""R01AA06""]"
1235267	"[""G03AA07""]"
1235389	"[""A01AA01"", ""A11CA01"", ""A11DA01"", ""A11GA01"", ""A11HA03"", ""A11HA04"", ""B03BA01"", ""B03BB01""]"
1190770	"[""A03BA01""]"
542512	"[""S01ED01""]"
577643	"[""N05BA12""]"
597855	"[""L01XX35""]"
857894	"[""C01BA02""]"
858823	"[""C09AA02""]"
860656	"[""S01GX10""]"
1000888	"[""S01EB01""]"
1010603	"[""N07BC51""]"
1010820	"[""R01BA02"", ""R06AA08""]"
1010902	"[""N01BB02""]"
1012968	"[""R01BA02"", ""R05DA09"", ""R06AA08""]"
1012984	"[""R01BA02"", ""R05DA09"", ""R06AA08""]"
104052	"[""A03AB05""]"
1043760	"[""D01AE12""]"
1045408	"[""L01EA02""]"
1046305	"[""D06AX07""]"
1046646	"[""S01GA01""]"
1046865	"[""A03BA01"", ""A03BA03"", ""N03AA02"", ""A04AD01""]"
1048063	"[""A03BA03""]"
1049621	"[""N02AA05""]"
1052982	"[""N02BA01""]"
1053111	"[""S01GA02""]"
1053346	"[""A06AD04""]"
105398	"[""H02AB09""]"
242537	"[""D11AX12""]"
243220	"[""R01BA02"", ""R05CA03"", ""R06AB02""]"
245220	"[""B05BB02""]"
251857	"[""C09AA05""]"
259121	"[""C01EB09""]"
283693	"[""D01AE18""]"
284442	"[""H01CC02""]"
1657881	"[""J07AF01"", ""J07AM01""]"
1720961	"[""L01BC05""]"
208438	"[""M04AB02""]"
1235490	"[""R02AD01""]"
406641	"[""R05CA03""]"
580267	"[""M03BX02""]"
615111	"[""B05BB02""]"
1046569	"[""M02AB01""]"
253091	"[""V08CA05""]"
260847	"[""N02BA01""]"
1720774	"[""V03AF04""]"
1734934	"[""J05AB01""]"
1099689	"[""N03AG01""]"
1148141	"[""B06AC02""]"
242989	"[""R01AB01""]"
1739988	"[""D01AC08"", ""D08AC02""]"
1741529	"[""R01BA03""]"
1793884	"[""J05AP07""]"
1192505	"[""D08AJ08"", ""D04AB04""]"
404503	"[""R06AA08""]"
404726	"[""N03AX15""]"
412018	"[""A11HA05""]"
477144	"[""A16AX01"", ""N06BX12""]"
477343	"[""V03AE03""]"
485484	"[""M03BX02""]"
583170	"[""N02BA06""]"
583527	"[""G01AG02""]"
603820	"[""R05DB05""]"
605820	"[""N07BA01""]"
859368	"[""R01BA03"", ""R05CA03"", ""R05DA03""]"
1000884	"[""S01EB01""]"
1009249	"[""C08CA01"", ""C09XA02""]"
1011657	"[""M04AX02""]"
1043191	"[""D11AF""]"
1048051	"[""A03BA03""]"
1048130	"[""D11AX12""]"
1049214	"[""N02AJ17""]"
1049291	"[""R06AA02""]"
239982	"[""A02BA01""]"
242206	"[""A09AA04""]"
1658423	"[""J06BB04""]"
1658221	"[""B05XA05""]"
1660758	"[""D08AJ08""]"
1732124	"[""D01AC08"", ""D08AC02""]"
1735065	"[""N01AH01""]"
1657997	"[""B01AB01""]"
211108	"[""D08AG02""]"
1146688	"[""A03BA03""]"
543408	"[""D10AE01""]"
859437	"[""M03AC03""]"
860096	"[""M01AB15""]"
860195	"[""M03AX01""]"
1010835	"[""D04AB01""]"
1039329	"[""D08AX08""]"
1046501	"[""D01AE12""]"
1053339	"[""N01BA05""]"
238011	"[""G02AB03""]"
241834	"[""L04AD01""]"
283163	"[""R02AA19""]"
1658329	"[""N05AX16""]"
1665215	"[""J01MA02""]"
1735533	"[""D01AE12""]"
252995	"[""J05AF02""]"
1088752	"[""A01AA04""]"
198911	"[""D02AB""]"
200096	"[""C09CA04""]"
207070	"[""C01CA10""]"
313483	"[""H02CA01""]"
313578	"[""H01BA01""]"
314276	"[""A11CA01""]"
349544	"[""R01BA03"", ""R05CA03""]"
377740	"[""D04AB01""]"
803367	"[""J07BC01""]"
825334	"[""L02AE02""]"
826855	"[""A08AA01""]"
800786	"[""B05BB02""]"
835519	"[""B03BA01""]"
854822	"[""J01MB02""]"
856373	"[""N06AX05""]"
1090794	"[""A07BC04""]"
1091885	"[""R05CA03""]"
1091213	"[""N06BA04""]"
1099776	"[""R01BA02"", ""R06AX07""]"
1114477	"[""J01AA06""]"
1115888	"[""P03AX05""]"
1150463	"[""P03AX05""]"
1192947	"[""A01AA04""]"
210076	"[""D01AE12""]"
210591	"[""B03AA02""]"
211808	"[""A01AA01""]"
211817	"[""N03AF01""]"
212297	"[""J01DB01""]"
1092446	"[""R06AA02""]"
211395	"[""B02AA01""]"
213408	"[""C08EA02""]"
2184155	"[""R06AB04""]"
238015	"[""G03AA05""]"
213184	"[""V03AB34""]"
476977	"[""R05CA03""]"
539815	"[""G04BD08""]"
543158	"[""H01CA01"", ""V04CM01""]"
562283	"[""V08AB04""]"
581753	"[""D03BA01""]"
858136	"[""A07EA07""]"
860034	"[""R01BA03"", ""R05DA03"", ""R06AC01""]"
1006200	"[""D08AX01""]"
1012739	"[""N01BB03""]"
1014674	"[""R06AE07""]"
105259	"[""J01FA10""]"
261367	"[""R03DC03""]"
261371	"[""G03CA57""]"
1654346	"[""H01CB02""]"
1656402	"[""L04AG04""]"
1657989	"[""B01AB01""]"
2119579	"[""N06BA04""]"
413100	"[""V03AN03""]"
859186	"[""N04BD01""]"
1012910	"[""R06AA08""]"
1013665	"[""J01AA08""]"
1020023	"[""R06AE07""]"
262090	"[""N03AF02""]"
1664984	"[""J01DF01""]"
1718913	"[""M03AC04""]"
1790815	"[""A04AA04""]"
1795348	"[""B05BB02""]"
1796712	"[""N02BE01"", ""R05DA09""]"
1797895	"[""R01AC08""]"
1799212	"[""J05AP55""]"
1799305	"[""L01DB01""]"
1804375	"[""R01AX""]"
1809754	"[""B03BB01""]"
1860597	"[""D08AE05""]"
1865204	"[""P03AX06""]"
1866164	"[""R01AX""]"
1867690	"[""N02BE01"", ""R05DA09""]"
1867940	"[""N01BB02""]"
1867944	"[""N01BB02""]"
1869280	"[""V03AB16""]"
1874857	"[""A12AA13"", ""A11CC05""]"
1926601	"[""D04AA32"", ""R01AA04"", ""R06AA02"", ""S01FB01"", ""S01XA20""]"
1940587	"[""M01AE01"", ""R01BA03""]"
197533	"[""J01CF02""]"
1234982	"[""N02AA08"", ""N02BE01"", ""N06BC01""]"
1241674	"[""R01BA02"", ""R05CA03"", ""R05DA09""]"
1241981	"[""R01BA02"", ""R06AB04""]"
1244008	"[""A01AA01"", ""A11CA01"", ""A11CC05"", ""A11GA01"", ""B03AA07""]"
1244581	"[""A03BB03"", ""R06AB04""]"
1245383	"[""A12CC01""]"
1247979	"[""D01AC01""]"
1249040	"[""R01BA03"", ""R05DB05"", ""R06AB04""]"
1249110	"[""B05XA12""]"
1250488	"[""D07AA02""]"
1250693	"[""A07DA03""]"
1251327	"[""G03AA05""]"
1249717	"[""R06AA02""]"
1250743	"[""N02BE01"", ""R01BA02"", ""R05DA09""]"
1291718	"[""N02BE01"", ""R01BA02"", ""R06AA02"", ""R06AB04""]"
1293038	"[""A03BB03"", ""R06AB04""]"
1300064	"[""D01AE14""]"
1301152	"[""D08AJ01"", ""D04AB04""]"
1247254	"[""C01CA06""]"
1307147	"[""R05DA09"", ""R06AB01""]"
1307247	"[""R01BA02"", ""R05CA03""]"
1310627	"[""R05DA09"", ""R06AB04""]"
1311535	"[""G03AA11""]"
1358419	"[""R01BA02"", ""R05CA03""]"
1358623	"[""R01BA02"", ""R05CA03"", ""R05DA09""]"
1359378	"[""N02BE01"", ""R01BA02"", ""R06AB06""]"
1359705	"[""C01DA02"", ""C05AE01""]"
1362060	"[""B01AB01""]"
1364272	"[""D08AC02""]"
1368963	"[""R01BA03"", ""R05DB10"", ""R06AB04""]"
1369810	"[""M09AX01""]"
1370230	"[""R05DA09""]"
142061	"[""J06BA01""]"
1421060	"[""H03AA01""]"
1421985	"[""R05DA09"", ""R06AB04""]"
1424274	"[""R05DA09""]"
1425352	"[""D01AC02""]"
1425559	"[""A02AH""]"
1373504	"[""G03AA07""]"
197687	"[""L01CB01""]"
197696	"[""N02AB03""]"
197962	"[""C02LB01""]"
1425510	"[""D04AB01"", ""M02AB01""]"
1433894	"[""R02AA06""]"
1437975	"[""A03AB02""]"
1486452	"[""G03AA05""]"
1489127	"[""A01AA01""]"
1489300	"[""N02BE01"", ""R05DA09"", ""R06AA09""]"
1493512	"[""D01AE12"", ""D10AE01""]"
151226	"[""N03AX11""]"
153353	"[""N02CC03""]"
1535362	"[""A01AA01""]"
1535484	"[""B01AC06""]"
1545673	"[""D08AJ01""]"
1549337	"[""R06AE07""]"
1551999	"[""V03AX03""]"
1593607	"[""D11AX01""]"
1595155	"[""D04AB04""]"
1430119	"[""P02CF01""]"
237650	"[""B05BA03""]"
240793	"[""C02DD01""]"
1718936	"[""N05AH03""]"
1718928	"[""N05AH03""]"
1724354	"[""N02AA03""]"
1735537	"[""H01AC01""]"
1737568	"[""C01BB01""]"
1741905	"[""D10AX05""]"
1743549	"[""J01CF04""]"
1747567	"[""L01XX52""]"
1792142	"[""D04AB01""]"
1796101	"[""S01KA02""]"
1807509	"[""J01XA01""]"
1812421	"[""N03AX11""]"
1856424	"[""G03AA05""]"
1865193	"[""M02AB01""]"
1926055	"[""A01AA01""]"
1236707	"[""R01BA02"", ""R05DB10"", ""R06AE04""]"
1245734	"[""R01BA02""]"
1245905	"[""D08AE05""]"
1246290	"[""R03AK07""]"
1250528	"[""N02BE01"", ""R01BA02"", ""R05DA09"", ""R06AB04""]"
1251790	"[""B05CA01"", ""D08AJ03"", ""D09AA07"", ""R02AA06""]"
1293631	"[""C05AD07"", ""D04AB07""]"
1294005	"[""D07AA02"", ""D08AH30"", ""D04AB07""]"
1297967	"[""N02BE01"", ""R05DA09""]"
1300908	"[""D10AE01"", ""D01AE12""]"
1302751	"[""P03AX05""]"
1314934	"[""D08AG03""]"
1357913	"[""R05DA09""]"
1358432	"[""R01BA02"", ""R05CA03""]"
1363513	"[""R01BA02""]"
1366192	"[""N05BA09""]"
1370125	"[""R05DA09"", ""R06AB04""]"
1376380	"[""D08AJ01"", ""D04AB04""]"
1421007	"[""A09AA01""]"
1422907	"[""R01BA02"", ""R05DA09""]"
1424551	"[""N02BE01"", ""R05CA03"", ""R05DA09""]"
1426157	"[""N01AX03""]"
1437969	"[""L01AA01""]"
1438497	"[""C05AX06""]"
197634	"[""A04AD10""]"
197662	"[""G03CA57""]"
197700	"[""J02AC01""]"
197789	"[""C02AA02"", ""C03AA02""]"
197817	"[""M01AB01""]"
1534858	"[""D01AE04""]"
1742228	"[""B05AA01""]"
1790892	"[""N06AX26""]"
1795498	"[""B05BA03""]"
1798997	"[""D10AF06"", ""D10AB02""]"
1806736	"[""N02AA05"", ""N07BB04""]"
1856398	"[""G03AA05""]"
1918211	"[""R03AK06""]"
197361	"[""C08CA01""]"
197595	"[""J01CF01""]"
197781	"[""D07AA02""]"
1241994	"[""G04BE04""]"
1245937	"[""D11AX12""]"
1246250	"[""D11AX12""]"
1248083	"[""M05BA04""]"
1248825	"[""B03XA04""]"
1292897	"[""D08AJ01""]"
1297369	"[""M01AE01"", ""R01BA02"", ""R06AB04""]"
1297960	"[""D01AC08""]"
1298362	"[""S01FA04""]"
1300740	"[""D08AE03""]"
1303137	"[""H02AB07""]"
1309356	"[""P03AX05""]"
1359013	"[""R01BA01"", ""R05DA04"", ""R06AB01""]"
1424902	"[""A11GA01""]"
1430401	"[""A03BB03"", ""R01BA02"", ""R06AB04""]"
197872	"[""N04BA01""]"
1489215	"[""D10AE01""]"
1537235	"[""A11CA01"", ""A11CC05"", ""A11GA01""]"
1546588	"[""D11AF""]"
1550038	"[""R01AA05""]"
1928875	"[""D08AH""]"
197363	"[""N06AA17""]"
1298910	"[""N05AE02""]"
1601564	"[""D01AE12""]"
1605071	"[""L03AA02""]"
1648174	"[""G03CA03"", ""G03DA04""]"
1294235	"[""N02CA02"", ""N05CA01"", ""N06BC01""]"
1359979	"[""A10BJ01""]"
1376338	"[""D07AC03""]"
1542820	"[""L03AX14""]"
1546705	"[""L03AX14""]"
1599163	"[""D04AB01""]"
1607633	"[""A09AA01""]"
1652108	"[""C05AD01""]"
1243439	"[""N02BE01""]"
1369732	"[""L04AX06""]"
1494203	"[""D02AB""]"
1797923	"[""B03BA01""]"
1798549	"[""B05AA01""]"
1811918	"[""B01AC56""]"
1812427	"[""N03AX11""]"
1855732	"[""V03AB15""]"
1921017	"[""L04AB04""]"
197439	"[""C09BA01""]"
1235758	"[""M02AB01""]"
1244999	"[""D01AE12"", ""D10AB02""]"
1245771	"[""A09AA01""]"
1251610	"[""N05CA03""]"
1251918	"[""N04BC09""]"
1290936	"[""D01AE12""]"
1294621	"[""A02BD08""]"
1302176	"[""D02AB""]"
1361568	"[""B01AB01""]"
1362024	"[""B01AB01""]"
1364056	"[""P03AX05""]"
1366206	"[""S02BA08""]"
1421456	"[""S01EC04"", ""S01EC54""]"
1424257	"[""D04AB07""]"
1432281	"[""A06AA02""]"
1432885	"[""D08AG02""]"
1433755	"[""D01AE12"", ""D10AB02""]"
197653	"[""N05CD04""]"
198150	"[""N03AA03""]"
1485070	"[""C05BB02""]"
1535485	"[""S01GA01""]"
1549688	"[""B06AA03""]"
1596781	"[""G03BA03""]"
1594673	"[""A09AA01""]"
1244150	"[""R06AB04""]"
618784	"[""A11HA02""]"
629032	"[""N02AJ17""]"
636568	"[""R05DA09"", ""R06AB04""]"
643023	"[""N05AX12""]"
664704	"[""B05BB02""]"
645190	"[""R01BA02"", ""R06AB02""]"
669031	"[""R02AD01""]"
700416	"[""L04AX02""]"
708018	"[""D01AE12""]"
762897	"[""H01AC01""]"
753536	"[""G03AA05""]"
655050	"[""N02BE01""]"
665056	"[""N02BE01""]"
702313	"[""D08AL01""]"
727496	"[""V04CK01""]"
727705	"[""L04AB04""]"
731538	"[""J01CE08""]"
731572	"[""J01CE08""]"
763488	"[""H01AC01""]"
751884	"[""G03AA07""]"
756090	"[""R03DA04"", ""R05CA03""]"
884648	"[""A11CA01"", ""A11DA01"", ""A11GA01"", ""A11HA02"", ""A11HA03"", ""A11HA04"", ""B03BA01"", ""B03BB01""]"
309846	"[""C05AA01"", ""C05AD04""]"
311171	"[""J04AC01""]"
762859	"[""H01AC01""]"
643175	"[""L01EA02""]"
793867	"[""C01DA08""]"
884185	"[""C02AC01""]"
891437	"[""C01CA24""]"
892330	"[""P02BA01"", ""P02CC01""]"
892645	"[""N02AA01""]"
966188	"[""H03AA01""]"
966245	"[""H03AA01""]"
978002	"[""A07DA03""]"
994291	"[""R01BA02"", ""R05DA04"", ""R06AB01""]"
978954	"[""D07AA02""]"
966436	"[""H03AA01""]"
1090506	"[""R01BA02"", ""R05DA09""]"
198292	"[""A10BB05""]"
205803	"[""D06AX07""]"
997406	"[""R01BA02""]"
313782	"[""N02BE01""]"
315090	"[""J01FA01""]"
836468	"[""N02AX02""]"
993542	"[""N06AX12""]"
637518	"[""D04AB04""]"
750841	"[""J01FA01""]"
759697	"[""H02AB02""]"
886673	"[""C01BC04""]"
904465	"[""M05BB03""]"
979480	"[""C09CA01""]"
755982	"[""C01AA05""]"
799034	"[""R03BA08""]"
722137	"[""C09DB01""]"
885209	"[""N04AC01""]"
898396	"[""G01AX11""]"
904268	"[""A12BA01""]"
198357	"[""A03FA02""]"
198367	"[""R01BA01"", ""R01BA03"", ""R06AB01""]"
1994389	"[""N02BF02""]"
200256	"[""A10BX02""]"
205255	"[""J07AM51""]"
206832	"[""L01CB01""]"
207586	"[""N01BA02""]"
996026	"[""S01KA02""]"
313637	"[""A11GA01"", ""B03AA03"", ""B03BA01""]"
349208	"[""L04AH01""]"
349551	"[""R01BA02"", ""R05CA03""]"
803308	"[""H02AB06""]"
755433	"[""R01BA02"", ""R05CA03""]"
991683	"[""J01ED01""]"
312070	"[""H01CB02""]"
312309	"[""N04BC02""]"
308997	"[""V03AN01"", ""V03AN02""]"
312529	"[""A12BA01""]"
198247	"[""D04AB06""]"
198877	"[""D08AK06""]"
204519	"[""A12BA01"", ""B05XA01""]"
206880	"[""D10BA01""]"
351974	"[""A01AB23""]"
403807	"[""H01AX01""]"
824002	"[""J01EA01"", ""J01EC01""]"
883708	"[""C01DX19""]"
884537	"[""N06BA02""]"
758144	"[""A11HA02""]"
861440	"[""D07AD01""]"
636607	"[""M01AX05"", ""M01AX25""]"
686418	"[""J01FA01""]"
687659	"[""R01BA03"", ""R05CA03"", ""R05DB05""]"
639497	"[""D07AB09""]"
707352	"[""D02AE01""]"
668469	"[""R06AX13""]"
728132	"[""N02BE01"", ""R05DA09"", ""R06AB04""]"
729234	"[""H01AC01""]"
753411	"[""B03XA03""]"
795806	"[""A09AA04""]"
880326	"[""N02BE01""]"
967023	"[""A06AD65""]"
894942	"[""N02AA01""]"
901829	"[""D08AC02""]"
205289	"[""D01AE12""]"
205611	"[""D07AC07""]"
312967	"[""J04AA02""]"
753526	"[""R01AX""]"
763189	"[""N06AX16""]"
647237	"[""A10BD06""]"
763296	"[""A06AB06""]"
793865	"[""C01DA08""]"
861238	"[""N06BA01"", ""N06BA02""]"
861661	"[""C01DA02""]"
864646	"[""S01GX08""]"
876693	"[""A04AA01""]"
892672	"[""N02AA01""]"
903755	"[""H03AA01"", ""H03AA02""]"
865121	"[""N05AB02""]"
892615	"[""N02AA01""]"
308615	"[""C03AA01"", ""A12BA01""]"
308749	"[""A06AB02""]"
308923	"[""A12AA03""]"
309574	"[""R05CA03"", ""R06AB04""]"
312771	"[""A02BA02""]"
198437	"[""N02BE01""]"
198861	"[""A02AH""]"
995688	"[""R06AE05""]"
996450	"[""R05CA03"", ""R05DA04""]"
996757	"[""R05DA04""]"
997520	"[""N02AJ07""]"
352319	"[""N06BA09""]"
359468	"[""R03DA01"", ""R05CA03""]"
346910	"[""N02BA04""]"
863630	"[""G04BD04""]"
966183	"[""H03AA01""]"
966423	"[""H03AA01""]"
883566	"[""P02CB01""]"
308767	"[""R03AC17""]"
310378	"[""L01BC02""]"
763565	"[""L04AB04""]"
861222	"[""N06BA01"", ""N06BA02""]"
905148	"[""J01GB06""]"
309191	"[""S01AX10""]"
198884	"[""D02AE01""]"
198892	"[""A11GA01""]"
315111	"[""R03DA04"", ""R05CA03""]"
372696	"[""A06AD04"", ""B05XA05""]"
827748	"[""N02AC04""]"
762893	"[""J01DD15""]"
882504	"[""R06AA02""]"
308666	"[""D04AB04"", ""D08AE03""]"
309297	"[""A02BA01""]"
309538	"[""H01AA01""]"
636528	"[""A11HA02"", ""B03BA01"", ""B03BB01""]"
672571	"[""N05AX13""]"
643165	"[""A07BC04""]"
727488	"[""V04CK01""]"
728223	"[""J05AX09""]"
749811	"[""H01CB03""]"
864807	"[""N07BC02""]"
205259	"[""J07AM01""]"
746037	"[""D01AE15"", ""D01BA02""]"
748961	"[""G03AC01""]"
866088	"[""N05BE01""]"
881341	"[""J05AF08""]"
882559	"[""C09BA06""]"
892531	"[""N02AA01""]"
897658	"[""N02AA03""]"
966234	"[""H03AA01""]"
992403	"[""H01AC01""]"
308228	"[""A09AA01""]"
308398	"[""A11GA01"", ""B03AA02""]"
310583	"[""H01CA01"", ""V04CM01""]"
311660	"[""G03BA02""]"
311671	"[""C03BA08""]"
1090807	"[""A06AC01""]"
1992169	"[""A10AB04""]"
205175	"[""L04AD01""]"
207016	"[""M03BA03""]"
995440	"[""R05FA02""]"
995906	"[""J01CE01""]"
996634	"[""N06DX01""]"
312897	"[""R03AC12""]"
352091	"[""A03AX13""]"
834160	"[""D08AC02""]"
899705	"[""C01DA02""]"
308232	"[""A09AA01""]"
308392	"[""A11GA01""]"
310532	"[""N05CE01""]"
311081	"[""L03AB09""]"
311905	"[""A14AB01""]"
891878	"[""N02AA01""]"
1090802	"[""N02BE01"", ""N02BE51"", ""R01BA02""]"
756236	"[""B03AA07""]"
751537	"[""R06AA08""]"
647416	"[""D02AX""]"
686926	"[""C07AG02""]"
758988	"[""N01BX04""]"
790267	"[""N06AX23""]"
797233	"[""D02AB""]"
865129	"[""N05AB02""]"
207191	"[""H02AB04""]"
727761	"[""L02BA03""]"
750086	"[""A01AA04""]"
758587	"[""R05CA03""]"
754744	"[""A03BB03"", ""R01BA03"", ""R06AB04""]"
864669	"[""A12AA04"", ""A11CC05""]"
882527	"[""G04BE03""]"
898139	"[""N02AA03""]"
308136	"[""C08CA01""]"
308376	"[""A11GA01""]"
308725	"[""L01XF03""]"
309120	"[""J01DB08""]"
310294	"[""N02AB03""]"
312463	"[""L01DC02""]"
1086865	"[""R05CA03""]"
198590	"[""C01EB09""]"
1989507	"[""G03AA05""]"
206101	"[""G03CA03""]"
206512	"[""S02CA03""]"
999667	"[""D10AE01""]"
313264	"[""R03DA04""]"
343051	"[""M01CB01""]"
349626	"[""R05CA03""]"
359322	"[""M02AB01""]"
359929	"[""R01BA03"", ""R05CA03""]"
804721	"[""D10AE01""]"
309015	"[""A11CA02""]"
309115	"[""J01DB01""]"
311878	"[""R01AX06""]"
312362	"[""N03AA02""]"
978727	"[""B01AB04""]"
309318	"[""G04BC""]"
309674	"[""D07AC03""]"
997504	"[""N02BE01"", ""R05DA04""]"
884385	"[""N06BA02""]"
896273	"[""R03AK06""]"
312033	"[""G03AA05""]"
312749	"[""C09AA06""]"
1089030	"[""R05FA02"", ""R01BA02""]"
198228	"[""J01EC02""]"
198641	"[""B03BB01""]"
198993	"[""A02AA04""]"
199351	"[""C09AA10""]"
2000023	"[""L01EL01""]"
200082	"[""J05AR01""]"
204602	"[""D06AX04"", ""D06AX05""]"
206033	"[""D07AA02"", ""D08AH30""]"
206073	"[""J01FA01""]"
995289	"[""N05BB01""]"
997283	"[""R01BA03"", ""R05CA03"", ""R05DA04""]"
998525	"[""D01AC02""]"
999729	"[""N02AX02"", ""N02BE01""]"
313172	"[""M01AE07""]"
315216	"[""H01AC02""]"
347744	"[""V03AN01"", ""V03AN02"", ""V03AN04""]"
349212	"[""R01BA03"", ""R05CA03""]"
351151	"[""B03AA03""]"
204423	"[""S02CA03""]"
999406	"[""N02BE01""]"
313789	"[""D08AA02""]"
315178	"[""J01CA12""]"
349593	"[""N06BA09""]"
800928	"[""B05BB01""]"
834135	"[""A01AB03""]"
848135	"[""C09DX01""]"
848216	"[""D07AC01""]"
849295	"[""N02AC04""]"
856371	"[""N06AX05""]"
857509	"[""N02BE01"", ""N06BC01"", ""R05DA03""]"
857575	"[""R01BA02"", ""R05DA03"", ""R06AB01""]"
844372	"[""D08AE05""]"
846192	"[""H02AB02""]"
849750	"[""A11HA02""]"
207406	"[""J05AP01""]"
209129	"[""R03DA01"", ""R05CA03""]"
210133	"[""A12AA04"", ""A11CC05"", ""B03AA02""]"
2104323	"[""D01AE12""]"
211315	"[""N01BA05""]"
212110	"[""A06AB05""]"
2122343	"[""J01AA02""]"
2122909	"[""R01BA03"", ""R05CA03"", ""R05DA03""]"
213348	"[""N02BA05"", ""N02BE01""]"
2168438	"[""R01BA02"", ""R05CA03"", ""R05DA09""]"
2168448	"[""R05CA09"", ""R05DA09""]"
2173957	"[""R01BA02"", ""R05DA09"", ""R06AB02""]"
2183697	"[""R06AB04""]"
1092375	"[""N02BE01""]"
1094190	"[""G04BX06""]"
1099565	"[""N03AG01""]"
1111114	"[""R06AB04""]"
204891	"[""N03AE01""]"
213156	"[""R05CA03""]"
2167731	"[""R01BA02"", ""R05DA09"", ""R06AB01""]"
1116967	"[""M02AB01""]"
1147181	"[""D08AX08""]"
1148155	"[""R05DA09"", ""R06AB01""]"
1150118	"[""L04AX03""]"
1189310	"[""B05BA01""]"
1189630	"[""A07BC01""]"
1233682	"[""D08AC02""]"
1233684	"[""P03AX05""]"
403908	"[""S02CA06""]"
403945	"[""J01CA04""]"
403972	"[""N06CA03""]"
476828	"[""D10AX""]"
477245	"[""R06AA02""]"
486148	"[""C01DA02""]"
539469	"[""R01BA02"", ""R06AB01""]"
543666	"[""D01AE12""]"
543812	"[""D02AX""]"
597990	"[""C10BX03""]"
608696	"[""N02BA51""]"
616463	"[""D08AX05""]"
857838	"[""R05DA03"", ""R06AB04""]"
858747	"[""A05AA02""]"
859327	"[""R01BA03"", ""R05CA03"", ""R05DA03""]"
859329	"[""R01BA03"", ""R05CA03"", ""R05DA03""]"
860697	"[""N06DA04""]"
860709	"[""N06DA04""]"
1000656	"[""S01EB01""]"
1000913	"[""N07AX01""]"
1001086	"[""S01EA01"", ""S01EB01""]"
1006645	"[""P02CC01""]"
1009478	"[""G03BA03""]"
1010846	"[""N01BB02""]"
1012229	"[""C05AA01""]"
1012327	"[""C05AA01""]"
1012724	"[""N01BB03""]"
1012966	"[""D04AB01""]"
103403	"[""D07AA02""]"
1043723	"[""D04AB01""]"
1044563	"[""D08AE04""]"
1045430	"[""D08AJ08""]"
1046361	"[""S01GA01""]"
104781	"[""N05AX08""]"
104783	"[""N05AX08""]"
1049154	"[""R01BA02""]"
1049216	"[""N02AJ17""]"
1049545	"[""N02AA05""]"
1050079	"[""D04AA32""]"
105005	"[""N03AA01""]"
1050802	"[""C03AA03"", ""C08CA01"", ""C09XA02""]"
1052530	"[""D08AX08""]"
1053142	"[""D04AA32""]"
106371	"[""D06BX01""]"
238909	"[""N01BA05""]"
247760	"[""D02AE01""]"
259021	"[""G01AD01""]"
259305	"[""S01XA20""]"
260302	"[""S02CA03""]"
260406	"[""H02AB06""]"
261184	"[""N02AB03""]"
282464	"[""N02BE01""]"
307832	"[""D08AA02""]"
308119	"[""R03DA05""]"
1659151	"[""J01CR05""]"
857587	"[""R01BA02"", ""R05DA03"", ""R06AB01""]"
1111703	"[""R05CA02""]"
1113053	"[""R05DA04"", ""R06AE04""]"
1193120	"[""A11HA02"", ""B03BA01"", ""B03BB01""]"
4845	"[""M01AX05""]"
541357	"[""N06AB03""]"
562830	"[""B02BC06"", ""B02BD30""]"
584296	"[""J01AA06""]"
615968	"[""R02AD01""]"
857877	"[""R01BA03"", ""R05DA03"", ""R06AB04""]"
1001006	"[""N07AX01""]"
1011080	"[""S01CA01""]"
1041498	"[""D08AX08""]"
1041810	"[""R05DA20""]"
1046609	"[""D10AB02""]"
104782	"[""N05AX08""]"
1049232	"[""N02AJ17""]"
1049629	"[""C05AX04""]"
1049906	"[""R06AA02""]"
1053654	"[""N02AB03""]"
859818	"[""R01BA02"", ""R05CA03"", ""R05DA03""]"
1014318	"[""D07AB09""]"
1661099	"[""D11AF""]"
211865	"[""A11GA01""]"
11248	"[""B03BA01""]"
1046959	"[""A03BA01"", ""A03BA03"", ""N03AA02"", ""A04AD01""]"
1050325	"[""A03BA03"", ""J01XX05""]"
311384	"[""N05AH01""]"
311943	"[""J05AG01""]"
1087593	"[""D02AE01""]"
199164	"[""N03AA02""]"
201567	"[""R06AX11""]"
2044805	"[""D04AB07""]"
2049677	"[""J05AR22""]"
205233	"[""A02AD01""]"
2057205	"[""L03AA02""]"
207199	"[""H01CB02""]"
207404	"[""C01DA02"", ""C05AE01""]"
313835	"[""N03AA02"", ""R03DA05""]"
314214	"[""N06DA03""]"
348568	"[""M01AA01""]"
349434	"[""J02AC03""]"
351134	"[""N02CC03""]"
351541	"[""A09AA01""]"
375850	"[""D08AG03""]"
804695	"[""R05DA09"", ""R06AB04""]"
828287	"[""N05AH04""]"
834173	"[""D08AC02""]"
835956	"[""C01BD01""]"
836634	"[""J07BC02""]"
308614	"[""C03AA01""]"
2056502	"[""H03AA01""]"
313760	"[""J05AF03""]"
804544	"[""S01BA16""]"
402506	"[""N03AF01""]"
847257	"[""A10AB01"", ""A10AC01"", ""A10AD01""]"
847708	"[""A10BD04""]"
852906	"[""C01BA01""]"
855162	"[""R02AD01""]"
857323	"[""N07AB02""]"
847534	"[""D08AG02""]"
210061	"[""B03AA07""]"
210541	"[""S01AA01""]"
2108930	"[""G03FA04""]"
211890	"[""N02BA01""]"
212054	"[""J01DC04""]"
2122650	"[""L04AA40""]"
2122989	"[""P03AX05""]"
2166196	"[""H03AA01""]"
2173662	"[""N02BE01"", ""R05DA09"", ""R06AX07""]"
2173834	"[""R05CA03"", ""R05DA09""]"
2176270	"[""R06AA02""]"
2183705	"[""R06AB04""]"
1092412	"[""N02BE01"", ""R06AA02""]"
1095725	"[""R06AA04""]"
1098592	"[""D01AE12""]"
1110757	"[""A03BA03"", ""N03AA02""]"
1111267	"[""A12BA04""]"
1111680	"[""D10AE01"", ""D01AE12""]"
1113715	"[""N02BE01"", ""R05DA09"", ""R06AB04""]"
1115730	"[""A07EA02""]"
1149634	"[""G03CA03""]"
1190781	"[""A03BA01""]"
311482	"[""S01BA08""]"
1087245	"[""B03AE01""]"
108852	"[""J05AB09""]"
198534	"[""A12AA04""]"
1992837	"[""A10BD24""]"
2001749	"[""M02AB01""]"
2045632	"[""N02CD01""]"
2047602	"[""B03XA01""]"
206550	"[""D07AD02""]"
206917	"[""M01AE01""]"
995235	"[""N05BB01""]"
313209	"[""L01AX03""]"
376642	"[""V10XX01""]"
403937	"[""N02BE51""]"
824480	"[""A07BC01""]"
830876	"[""C08DB01""]"
831226	"[""C08DB01""]"
846034	"[""D10AE01""]"
846138	"[""A11CC05""]"
200194	"[""N02CC03""]"
207768	"[""D08AE01""]"
999967	"[""C09DX03""]"
313841	"[""A11GA01""]"
806763	"[""N02BE01""]"
807824	"[""A09AA01""]"
849394	"[""N04BB01""]"
855288	"[""B01AA03""]"
855334	"[""B01AA03""]"
857007	"[""N02AJ22""]"
857210	"[""V03AE02""]"
857535	"[""N02BE01"", ""R05DA03""]"
857882	"[""C01BA02""]"
857902	"[""C01BA02""]"
208086	"[""C02AA02"", ""C03AA03""]"
208178	"[""A11CC02""]"
210208	"[""D01AE13""]"
210277	"[""A03AX13""]"
211162	"[""N02BE01"", ""N06BC01""]"
211974	"[""J01DC02""]"
213211	"[""N02CC02""]"
214111	"[""N02BA03""]"
2173677	"[""R05DA09"", ""R06AB04""]"
2173839	"[""R05CA03"", ""R05DA09""]"
1091226	"[""N06BA04""]"
1094385	"[""R06AA02""]"
1094740	"[""D04AB04""]"
1098141	"[""C10AD02""]"
1099598	"[""N03AG01""]"
1100691	"[""C02CA01""]"
1147924	"[""R05FB02""]"
213279	"[""D02AX""]"
1234500	"[""R05FB02""]"
1235205	"[""D01AE12""]"
484901	"[""R01BA01"", ""R01BA02"", ""R06AB04""]"
485550	"[""A12AA13"", ""A11CC01""]"
539886	"[""A01AA01""]"
542724	"[""R01BA02"", ""R05CA03""]"
544741	"[""D10AF01""]"
545642	"[""J07AH03""]"
859256	"[""R05DA03"", ""R06AB04""]"
860118	"[""R01BA01"", ""R05DA03""]"
860456	"[""R01BA02"", ""R05CA03"", ""R05DA03""]"
860564	"[""R05CA03"", ""R05DA03""]"
1000937	"[""S01EB01""]"
1012760	"[""R06AA08""]"
1013030	"[""N01BB02""]"
1020017	"[""R06AE07""]"
1037259	"[""N02AJ17""]"
1038856	"[""D09AA11""]"
1038947	"[""R02AD04""]"
1037367	"[""R05CA03"", ""R05DB05""]"
1049582	"[""N02AJ17""]"
1049599	"[""N02AA05""]"
1049591	"[""N02AJ19""]"
105170	"[""J01DB05""]"
1053724	"[""R05CA03"", ""R05DB10""]"
1053761	"[""D01AA20""]"
252732	"[""N05CH01""]"
259221	"[""M01AX05""]"
260243	"[""G03DA04""]"
284205	"[""N02CC05""]"
1658044	"[""L04AG12""]"
1659179	"[""C10AX14""]"
1670016	"[""A10AE06""]"
1734953	"[""N06BA04""]"
1737641	"[""C01BB01""]"
211567	"[""R01BA01"", ""R05CA03""]"
2174809	"[""L01FD01""]"
1101873	"[""A01AA01""]"
1114896	"[""R01BA02"", ""R05CA03"", ""R05DA09""]"
1144964	"[""M01AX05"", ""M01AX25""]"
1233698	"[""D04AB07""]"
431737	"[""N06AX16""]"
858812	"[""C09AA02""]"
1000005	"[""C09DX03""]"
1006855	"[""P02CC01""]"
1037030	"[""A01AA04""]"
1044416	"[""C05AX04""]"
1049541	"[""R01BA02""]"
239237	"[""D01BA01""]"
240812	"[""D01AC08""]"
242324	"[""C08CX01""]"
242736	"[""D06BX01""]"
249713	"[""R01BA03"", ""R05CA03""]"
260229	"[""D01AC01""]"
261165	"[""D01AC01""]"
1657862	"[""L01FA01""]"
1674200	"[""C05AA01""]"
1719000	"[""L01BC05""]"
1148145	"[""B06AC02""]"
1739992	"[""D01AC08"", ""D08AC02""]"
1747579	"[""L01XX52""]"
1791365	"[""M01AE01""]"
1795168	"[""B05BB02""]"
1724339	"[""N02AA03""]"
562364	"[""B05AA05""]"
1729446	"[""B05AA02""]"
1191034	"[""S01HA04""]"
1193103	"[""R06AE04"", ""R01BA03""]"
1232141	"[""A06AD19"", ""P03AX05""]"
1233294	"[""J01CE08"", ""J01CE09""]"
405903	"[""D10AE01""]"
413101	"[""V03AN01""]"
477562	"[""C10AB05""]"
485536	"[""J05AF10""]"
546582	"[""A09AA01""]"
562249	"[""V03AB03""]"
562647	"[""A07DA02""]"
605686	"[""D02AE01""]"
606854	"[""H05BX02""]"
608624	"[""A03FA01""]"
859143	"[""R01BA03"", ""R05DA03"", ""R06AB04""]"
1014643	"[""R06AE07""]"
1046985	"[""A03BA03""]"
1049145	"[""R01BA02""]"
1052729	"[""D08AX05"", ""D08AG02""]"
105826	"[""M01AB08""]"
238090	"[""N05CA01""]"
239212	"[""J01FF02""]"
242706	"[""B03XA01""]"
247835	"[""D08AX08""]"
250714	"[""G03BA03""]"
261204	"[""H05BA01""]"
308103	"[""R03DA05""]"
1658087	"[""L01FD03""]"
1659218	"[""M02AB01""]"
1725177	"[""N01BB01""]"
1728766	"[""A03BA01"", ""A03BA03"", ""N03AA02"", ""A04AD01""]"
1728802	"[""N02AA01""]"
1729524	"[""C03CA04""]"
1735060	"[""N01AH01"", ""N02AB03""]"
1190331	"[""R01BA02""]"
1000983	"[""S01GA04""]"
1047087	"[""R07AB01""]"
1053188	"[""D08AJ01""]"
1085745	"[""D07AB09""]"
242120	"[""A10AB04""]"
1720768	"[""V03AF04""]"
1234242	"[""G04BE01""]"
1045623	"[""D01AC01""]"
283671	"[""L04AX03""]"
1716071	"[""N02AE01""]"
1737753	"[""D08AJ01"", ""D04AB01""]"
1788864	"[""G03AC03""]"
476345	"[""C10BA02""]"
1091185	"[""N06BA04""]"
199369	"[""A16AX03""]"
201900	"[""J02AC01""]"
204701	"[""B03AA03""]"
204796	"[""R01BA01""]"
205645	"[""A04AD10""]"
997482	"[""R06AX26""]"
313088	"[""H01AC02""]"
313561	"[""G03GA04""]"
314007	"[""J05AB06""]"
314155	"[""N05AH03""]"
340275	"[""B05AA05""]"
347823	"[""B05BA03""]"
349200	"[""C09CA03""]"
349332	"[""N06AB10""]"
351146	"[""B01AD10""]"
351945	"[""M05BA08""]"
372396	"[""R02AA12""]"
402010	"[""N05AX08""]"
800812	"[""B05BB02""]"
807730	"[""A09AA01""]"
808025	"[""R06AB01""]"
826910	"[""A08AA01""]"
828301	"[""M03BX08""]"
347166	"[""N01AX13""]"
205976	"[""S01AA03"", ""S01AA18""]"
833456	"[""A12AA04"", ""A11CC05""]"
849608	"[""B03AE10""]"
854986	"[""C09AA04""]"
855340	"[""B01AA03""]"
856656	"[""M03CA01""]"
856838	"[""N06AA09""]"
846378	"[""N03AX14""]"
1091204	"[""N06BA04""]"
1091394	"[""N06BA04""]"
1094151	"[""G04BX06""]"
1099292	"[""N06AA01""]"
1099302	"[""N06AA01""]"
1111754	"[""R01BA02"", ""R01BA52"", ""R06AB04""]"
1112989	"[""A08AA01""]"
1114338	"[""R01BA02"", ""R05DA03""]"
1146020	"[""C05AX04""]"
1149367	"[""N02AX06""]"
1235380	"[""D04AA32""]"
207440	"[""C01DA02"", ""C05AE01""]"
207456	"[""N05CA01""]"
208161	"[""N06AB06""]"
208352	"[""N01AF03"", ""N05CA19""]"
208661	"[""S01FA06""]"
209352	"[""N02BE01""]"
209443	"[""N02BE01""]"
2104630	"[""D11AX12""]"
2122641	"[""L04AA40""]"
212599	"[""D01AE12"", ""D10AB02""]"
213178	"[""D11AX10""]"
213482	"[""C09AA03""]"
404669	"[""N05AH02""]"
417547	"[""D02AA""]"
476872	"[""A02BA04""]"
477260	"[""A02BC03""]"
545353	"[""N05AH03""]"
577043	"[""A12AA04"", ""A11CC05""]"
577057	"[""N02AB03""]"
606768	"[""B03AB02""]"
616435	"[""L04AA06""]"
858125	"[""L02BX02""]"
858810	"[""C09AA02""]"
1038929	"[""A01AA01""]"
1043669	"[""A01AA01""]"
105174	"[""J01DD01""]"
105295	"[""J04AB02""]"
1086310	"[""N02AA01""]"
239195	"[""J01DC06""]"
241190	"[""A11DA01"", ""B03BA01""]"
242946	"[""C01DA02""]"
243621	"[""N05AF03""]"
244539	"[""D01AE12"", ""D10AB02""]"
246521	"[""G03AA07""]"
284069	"[""A12CX""]"
307696	"[""N02BE01""]"
1657010	"[""N02CC01""]"
854878	"[""N05CF02""]"
562387	"[""R01BA03"", ""R05CA03""]"
1001010	"[""R01AA05""]"
1046449	"[""D10AE01""]"
1049512	"[""R01BA02""]"
105071	"[""N07BA01""]"
251050	"[""R06AB04""]"
307745	"[""A02AA04"", ""A02AB01""]"
1657874	"[""J07AF01"", ""J07AM01""]"
1725083	"[""N01BB01""]"
1728792	"[""N02AA01""]"
1797913	"[""R01AD11""]"
1804449	"[""N02BE01"", ""R05DA09""]"
1809069	"[""J06BA01""]"
1809436	"[""J06BA01""]"
1809903	"[""D08AX08""]"
1857925	"[""J05AX09""]"
1866190	"[""B05BB02""]"
1867544	"[""A12BA01""]"
1868562	"[""C01DA02""]"
1870960	"[""H02AB13""]"
1923347	"[""L04AC14""]"
1926456	"[""B05XA03""]"
197444	"[""N04BA02""]"
197609	"[""A11CC02""]"
1235561	"[""D10AB02"", ""D10AX02""]"
1235874	"[""G03AA05""]"
1236458	"[""B05XA05""]"
1236716	"[""R01BA02""]"
1242325	"[""R03DA01"", ""R05CA03""]"
1242615	"[""D10BA01""]"
1243899	"[""R02AD01""]"
1244918	"[""N02BE01"", ""R05DA09"", ""R06AA09""]"
1246891	"[""D08AG02""]"
1248118	"[""A06AA02""]"
1248330	"[""R01BA02"", ""R05CA03"", ""R05DA03""]"
1250917	"[""D01AE54""]"
1293603	"[""G01AD01""]"
1297575	"[""R01BA03"", ""R06AA02""]"
1299059	"[""D01AE18""]"
1302912	"[""C05AD07"", ""D04AB07""]"
1303777	"[""R02AD01""]"
1291979	"[""G04BA01"", ""R06AA02""]"
1307063	"[""N07BC51""]"
1307869	"[""P03AX05""]"
1307996	"[""R05FB02""]"
1313061	"[""A08AA51""]"
1356302	"[""A02AC01""]"
1357866	"[""R01BA02"", ""R05DA09""]"
1357943	"[""R05CA03"", ""R05DA09""]"
1358769	"[""R06AB01""]"
1358780	"[""G03AA05""]"
1359128	"[""G03FA01""]"
1360330	"[""C01CA06""]"
1361198	"[""B01AB01""]"
1362151	"[""C05AX04""]"
1362722	"[""C01BB02""]"
1363026	"[""R01BA02"", ""R06AB01""]"
1363475	"[""R06AA02""]"
1363785	"[""R01BA03""]"
1370950	"[""D08AJ01""]"
1424457	"[""D10AD01""]"
1425337	"[""N06BA02""]"
1427379	"[""D08AJ01""]"
1428933	"[""G03AA07""]"
197952	"[""C02LA03""]"
1435502	"[""D11AX22""]"
1442871	"[""D07AA02""]"
1482807	"[""J05AP05""]"
1486188	"[""D08AG03""]"
1488563	"[""B03BA01""]"
1489103	"[""D08AX01""]"
1490491	"[""B01AB01""]"
1491717	"[""C05AX06""]"
152971	"[""J05AE03""]"
1535962	"[""R01BA02"", ""R05CA03"", ""R05DA09""]"
153735	"[""M03BX02""]"
1539762	"[""D01AC19""]"
1544402	"[""L04AX03""]"
1544639	"[""D04AB01""]"
1549690	"[""B06AA03""]"
1591976	"[""B03XA03""]"
1593569	"[""D11AX12""]"
1596455	"[""S02BA07"", ""S02AA14"", ""D01AC01""]"
1604395	"[""L01EX08""]"
1251900	"[""D08AG03""]"
1356812	"[""R01BA02"", ""R05DA09"", ""R06AB01""]"
1488366	"[""P02BA01""]"
284308	"[""A06AC08""]"
1658966	"[""N01BB08""]"
1665519	"[""J01MA12""]"
211962	"[""M01AE03""]"
1670195	"[""N03AB05""]"
1720592	"[""N06BA01""]"
1723219	"[""N01AH02""]"
1728089	"[""J01XA03""]"
1728355	"[""N02AF01""]"
1737454	"[""M05BA03""]"
1742031	"[""B05AA01""]"
1796137	"[""M02AB01""]"
1806187	"[""N06BA04""]"
1809063	"[""J06BA01""]"
1868028	"[""N01BB02""]"
1918056	"[""G03AB03"", ""G03CA01""]"
1926565	"[""N02BE01"", ""R05DA09""]"
197327	"[""D07AC11""]"
1235595	"[""J05AJ01""]"
1241796	"[""A11JB""]"
1242697	"[""R05FB02""]"
1244702	"[""R05CA03""]"
1248162	"[""A06AA02""]"
1293644	"[""C05AD07"", ""D04AB07""]"
1293660	"[""A07EA02"", ""C05AA01"", ""C05AD07"", ""D07AA02"", ""D07XA01""]"
1293743	"[""N02CA02"", ""N03AA02""]"
1294562	"[""R01BA02"", ""R06AA02""]"
1300368	"[""J07AJ52""]"
1356102	"[""R02AA12""]"
1360508	"[""N07BA01""]"
1365979	"[""J06BB03""]"
1367318	"[""R05CA03"", ""R05DA09""]"
1373333	"[""D10BA01""]"
1422525	"[""R01BA01"", ""R05CA03"", ""R05DA09""]"
1424850	"[""N02BE01"", ""R05CA03"", ""R05DA09""]"
1432948	"[""D08AX08""]"
1435115	"[""H05AA02""]"
197543	"[""H02AB10""]"
1482674	"[""M01AC06""]"
1483212	"[""D08AE05"", ""D08AX08""]"
1484411	"[""D08AG03"", ""D08AX05""]"
1734377	"[""J05AD01""]"
1736919	"[""H05BX02""]"
1737763	"[""C01BB01""]"
1790344	"[""V03AF07""]"
1797861	"[""H01BA02""]"
1808222	"[""N01AX10""]"
1809220	"[""J06BA01""]"
1870225	"[""C01CA24""]"
1876373	"[""C02DD01""]"
1919209	"[""L01AC01""]"
1241833	"[""N02BE01"", ""R01BA03"", ""R06AC01""]"
1242631	"[""D02AE01""]"
1244579	"[""A03BB03"", ""R06AB04""]"
1247988	"[""D01AE12""]"
1248136	"[""A06AA02""]"
1250903	"[""D01AE04""]"
1251557	"[""A02AA02"", ""A02AC01"", ""A06AD02"", ""A12AA04"", ""A12CC10""]"
1251909	"[""C03CC01""]"
1291677	"[""D04AB01""]"
1294371	"[""R01BA03"", ""R05DB05"", ""R06AA02""]"
1297584	"[""R01BA03"", ""R05DA03"", ""R06AA02""]"
1299911	"[""N03AG06""]"
1300092	"[""S01FB01""]"
1302741	"[""N02AF01""]"
1303358	"[""D01AE12""]"
1307235	"[""R01BA02"", ""R05CA03""]"
1356346	"[""R01BA02"", ""R05CA03""]"
1358859	"[""N02BE01""]"
1359774	"[""G04BD04""]"
1363321	"[""R06AB04""]"
1370002	"[""A03BB03"", ""R01BA03""]"
141868	"[""M02AB01""]"
1424066	"[""R05CA09"", ""R05DA09""]"
1435516	"[""A01AA04""]"
1488617	"[""G03DC02"", ""L02AE02""]"
1490785	"[""D01AE12""]"
1495476	"[""N02AJ22""]"
150945	"[""D07BA04""]"
152855	"[""N03AX11""]"
1534656	"[""R06AX13""]"
1537107	"[""M09AX01""]"
1540278	"[""D01AE12""]"
1593771	"[""N02BE01""]"
1597593	"[""L01XK01""]"
1599286	"[""A12BA05""]"
1300014	"[""D10BA01""]"
1600917	"[""N04BA02""]"
1608258	"[""M02AB01"", ""D04AB01""]"
1430404	"[""R01BA02"", ""R05CA03"", ""R05DA09""]"
197867	"[""N04BA01""]"
1544065	"[""C05AD01"", ""D04AB01""]"
1607796	"[""V03AC03""]"
1542385	"[""C01CA06""]"
1653204	"[""A10AB05""]"
1653326	"[""D04AB01""]"
1359129	"[""G03FA01""]"
1362770	"[""R06AB01""]"
1551989	"[""J05AJ02""]"
1599125	"[""D01AE18""]"
1546079	"[""R03AC19""]"
1547575	"[""N05CJ01""]"
1593775	"[""A10BD15""]"
1600700	"[""N06BA01""]"
1603369	"[""L01XH03""]"
1603498	"[""N02AB03""]"
1603861	"[""G03AB03"", ""G03CA01""]"
1653221	"[""A16AX07""]"
1359003	"[""R01BA02""]"
1360199	"[""N07BA01""]"
1376395	"[""D08AG02"", ""D09AA09"", ""D11AC06""]"
1595402	"[""N06BC01""]"
1795481	"[""B05BA03""]"
1809580	"[""J06BA01""]"
1809584	"[""J06BA01""]"
1809667	"[""J06BA01""]"
1873470	"[""A06AC01""]"
1923362	"[""R05DA09""]"
1243485	"[""R05DA09"", ""R06AB04""]"
1244565	"[""A03BB03"", ""R01BA02""]"
1247759	"[""A06AA02""]"
1248837	"[""B03XA04""]"
1251049	"[""A06AG04"", ""A06AX01""]"
1251175	"[""A06AG04"", ""A06AX01""]"
1291133	"[""D08AC02""]"
1291726	"[""B03AA03""]"
1298450	"[""D01AE23""]"
1357870	"[""R05DA09""]"
1363242	"[""R06AB04""]"
1367227	"[""R01BA03"", ""R06AB04""]"
198197	"[""C02AA02""]"
1483734	"[""R05DA09""]"
1535603	"[""R06AA02""]"
1545174	"[""A07EA02"", ""C05AA01"", ""D07AA02"", ""D07XA01""]"
1549323	"[""H01AX01""]"
1598066	"[""D08AX05""]"
1599949	"[""G03BA03""]"
1603495	"[""N02AB03""]"
1648198	"[""N06BA04""]"
1651271	"[""R03AL06""]"
1299170	"[""H03AA01""]"
1547634	"[""D10AB02""]"
643066	"[""J05AR06""]"
643074	"[""J05AE10""]"
657568	"[""S01GX08""]"
687196	"[""A12CA01"", ""B05CB01"", ""B05CX01"", ""B05XA03"", ""V04CA02"", ""V06DC01""]"
707339	"[""R01AX""]"
727494	"[""V04CK01""]"
749879	"[""G03AA05""]"
723530	"[""A01AD05"", ""B01AC06"", ""N02BA01"", ""N02BE01""]"
702494	"[""A06AD18"", ""A06AG07"", ""B05CX02"", ""V04CC01""]"
707333	"[""R01AX""]"
722113	"[""D10AD03""]"
749210	"[""V03AE02""]"
795770	"[""B03AA02""]"
800588	"[""B05BA01""]"
800074	"[""B05DB""]"
861505	"[""D07AD01""]"
898692	"[""C09AA07""]"
991692	"[""J01ED01""]"
798176	"[""D08AG02""]"
799873	"[""B05XB03"", ""N06AX02"", ""V03AB26""]"
756176	"[""A06AB06""]"
863562	"[""J05AB14""]"
892337	"[""P02BA01"", ""P02CC01""]"
895666	"[""M01AE01"", ""R06AA02""]"
898689	"[""C09AA07""]"
902313	"[""J05AP01""]"
905215	"[""C02DB02"", ""C03AA03""]"
966180	"[""H03AA01""]"
993559	"[""N06AX12""]"
993541	"[""N06AX12""]"
897117	"[""N01BB04""]"
308972	"[""N03AF01""]"
310765	"[""M03AC05""]"
312324	"[""N05AB03""]"
1087249	"[""A11GA01"", ""B03BA01"", ""B03BB01"", ""V04CX02""]"
1087268	"[""P02CC01""]"
198285	"[""C07AA06""]"
199365	"[""B03BA01""]"
200390	"[""L04AX02""]"
204726	"[""G03CA57"", ""N05BC01""]"
206510	"[""S02CA03""]"
206610	"[""D11AX11""]"
897632	"[""C08DA01""]"
308345	"[""S01EA03""]"
762675	"[""H02AB04""]"
866410	"[""N02BE01"", ""R05CA03""]"
968849	"[""N07BA01""]"
763095	"[""S02CA03""]"
700410	"[""J01AA02""]"
861476	"[""N02AB02""]"
865098	"[""A10AB04""]"
883720	"[""A06AB06""]"
892637	"[""N02AA01""]"
899497	"[""N06BA11""]"
94408	"[""J01CA04""]"
966213	"[""H03AA01""]"
308941	"[""C05BB05"", ""N01BX03""]"
1089822	"[""N02BE01"", ""R01BA02"", ""R05DA09"", ""R06AA09""]"
200036	"[""G01AF02""]"
402096	"[""G04BE08""]"
810094	"[""N04BA03""]"
898382	"[""C09BA07""]"
310313	"[""B03AA02"", ""B03BB01"", ""V04CX02""]"
753478	"[""G03AA11""]"
310209	"[""G03CA07"", ""G03CC04""]"
311423	"[""A12CA01"", ""A12CC01"", ""B05CB01"", ""B05XA03"", ""B05XA11""]"
311357	"[""N03AA02""]"
1994754	"[""A07BC01"", ""A07BC02""]"
1996212	"[""R01AD08""]"
809992	"[""N03AX18""]"
310228	"[""G03CA01"", ""G03DC06"", ""L02AA03""]"
2049378	"[""N01AX05""]"
205917	"[""B03XA01""]"
618378	"[""G03CA57""]"
763577	"[""A03BB03"", ""R01BA03""]"
665044	"[""A10BH01""]"
637216	"[""N07BB04""]"
637175	"[""J01DB01""]"
701589	"[""A09AA01""]"
748641	"[""M01AE01""]"
755432	"[""R01BA02"", ""R05CA03""]"
755799	"[""R01BA01"", ""R01BA03"", ""R06AB04""]"
755838	"[""C01CA26"", ""R03CA02"", ""R05CA03"", ""R05DA04""]"
762005	"[""G03AA05""]"
995084	"[""R05DA04""]"
749788	"[""N07BA03""]"
798061	"[""D10AD03""]"
861510	"[""D07AD01""]"
899518	"[""N06BA11""]"
905207	"[""C02DB02"", ""C03AA03""]"
966215	"[""H03AA01""]"
991251	"[""D08AC02"", ""D09AA12""]"
885131	"[""D10AE01"", ""D10AF01""]"
902310	"[""D08AG03""]"
308215	"[""A09AA01""]"
308278	"[""N02BE01""]"
308841	"[""A02AF02""]"
309315	"[""A02AA02"", ""A06AD02"", ""A09AB04"", ""A12CC10""]"
310608	"[""R01BA01"", ""R05CA03""]"
311997	"[""D08AF01"", ""D09AA03""]"
1086859	"[""R06AA02""]"
198300	"[""D10AD01""]"
2000033	"[""G04BX06""]"
200866	"[""C01DA08"", ""C05AE02""]"
205876	"[""A10BB01""]"
206715	"[""G03CA03""]"
207979	"[""G03BA03""]"
998526	"[""D01AC02""]"
313302	"[""R03DA04""]"
315006	"[""H01CA01"", ""V04CM01""]"
317282	"[""M03BC01"", ""N04AB02""]"
346228	"[""N06BA05""]"
375879	"[""A06AA01""]"
801697	"[""A05BA01""]"
808534	"[""A11JA""]"
889520	"[""N02BE01""]"
895782	"[""P02BA01""]"
896854	"[""G03GA01""]"
309956	"[""J01FA13""]"
731559	"[""J01CE08"", ""J01CE09""]"
756217	"[""N05CA01""]"
861079	"[""S01KA02""]"
966164	"[""H03AA01""]"
308667	"[""C05AD03"", ""C05BB05"", ""D04AB04"", ""D08AE03"", ""R02AA19"", ""R02AD01""]"
200104	"[""J01MA11""]"
391937	"[""A06AD11""]"
826836	"[""A08AA01""]"
308384	"[""A11GA01""]"
630422	"[""A01AA01""]"
750094	"[""A01AA04""]"
700897	"[""A07BC01""]"
705728	"[""A11CC05""]"
731372	"[""B03AB02""]"
749157	"[""G03AA11""]"
727981	"[""V08AB04""]"
791120	"[""P03AC01""]"
866157	"[""R01AA04"", ""S01FB01"", ""S01XA20""]"
903885	"[""N06AB08""]"
992582	"[""D02AX""]"
1088772	"[""A12BA04""]"
750102	"[""A01AA04""]"
756204	"[""R06AD01""]"
860769	"[""R06AA10""]"
864826	"[""N07BC02""]"
308524	"[""D03BA01""]"
309287	"[""B06AA04""]"
310014	"[""R05CB13""]"
310934	"[""S01KA02""]"
312084	"[""A04AA01""]"
312525	"[""A12BA01""]"
312521	"[""A12BA01"", ""B05XA01""]"
1088549	"[""N02BE01""]"
1087457	"[""G04BX12""]"
198378	"[""L04AD02""]"
198909	"[""A12CB02""]"
1992282	"[""D07AD01""]"
1993231	"[""D01AE04""]"
2046770	"[""N07BA01""]"
2047879	"[""C05AD01"", ""D04AB01"", ""D08AJ01"", ""D09AA11""]"
205909	"[""G03CA03""]"
998501	"[""D01AC02""]"
313147	"[""D10AB02""]"
351926	"[""A10AB05""]"
352199	"[""C09CA08""]"
387013	"[""C07AB12""]"
801579	"[""A12CA01"", ""A12CC01"", ""B05CB01"", ""B05CX01"", ""B05CX03"", ""B05XA03"", ""B05XA08"", ""B05XA11"", ""B05XB03"", ""N06AX02"", ""V03AB26"", ""V04CA02"", ""V06DC01""]"
835728	"[""N07BB03""]"
966176	"[""H03AA01""]"
979365	"[""R01AA04"", ""S01FB01"", ""S01XA20""]"
310911	"[""A01AB02"", ""B05CB04""]"
311204	"[""J02AC02""]"
311621	"[""V03AB26""]"
897678	"[""N02AA03""]"
828521	"[""A09AB04"", ""A12BA02"", ""B05CB02""]"
865133	"[""N05AB02""]"
727535	"[""L03AA02""]"
618740	"[""N05BA05""]"
685054	"[""A11CC05""]"
630176	"[""A01AA01""]"
630475	"[""A12CD01""]"
795186	"[""A02AA01"", ""A12AA04""]"
692730	"[""M02AB01""]"
861211	"[""R06AB04""]"
864110	"[""H01AC01""]"
866813	"[""D02AE01""]"
308903	"[""A02AC01"", ""A12AA04"", ""B05CX03""]"
728546	"[""D02AE01""]"
753549	"[""G03AA05""]"
863756	"[""G04BD04""]"
900621	"[""R06AB02""]"
901985	"[""P02CB01""]"
903887	"[""N06AB08""]"
905453	"[""H03AA01""]"
966456	"[""H03AA01""]"
897626	"[""C08DA01""]"
978770	"[""A06AA01""]"
309112	"[""J01DB01""]"
309123	"[""C10AA06""]"
311970	"[""P02DA01""]"
1088774	"[""A12BA04""]"
309322	"[""J01FA09""]"
198493	"[""R02AD01""]"
198871	"[""D10AB02""]"
199561	"[""A02BA02""]"
2003710	"[""G03AC03""]"
204119	"[""P03AX03""]"
206344	"[""B05XA11""]"
206413	"[""C02AC02""]"
994091	"[""G01AF15""]"
999419	"[""N02BE01""]"
999990	"[""C09DX03""]"
313134	"[""J01EE01""]"
992754	"[""A03BB06""]"
308483	"[""R06AB04""]"
311157	"[""R03AC07"", ""R03CC06""]"
1087395	"[""J06BB02""]"
1090559	"[""H01CB02""]"
645786	"[""R06AA08""]"
309289	"[""D01AE14""]"
966620	"[""C02DB02""]"
198468	"[""A01AD05"", ""B01AC06"", ""N02BA01""]"
310625	"[""R05CA03""]"
2046149	"[""L01FG01""]"
312370	"[""N03AA02""]"
198717	"[""D08AH30"", ""D09AA10""]"
2047512	"[""P02BA01""]"
2052424	"[""C02DD01""]"
2056466	"[""H03AA01""]"
206336	"[""D07AA02""]"
206594	"[""A08AA05""]"
206747	"[""C01CA11""]"
207127	"[""J02AX01""]"
994435	"[""A01AD05"", ""B01AC06"", ""N02BA01"", ""N06BC01""]"
998466	"[""D01AC02""]"
313105	"[""A01AA04""]"
314168	"[""N05AB04""]"
349352	"[""D02AE01""]"
351262	"[""R01BA02"", ""R06AB02""]"
804156	"[""G03AC03""]"
807206	"[""D07AC13""]"
831109	"[""S01GX01""]"
833143	"[""N06AX17""]"
1090456	"[""R06AA02""]"
200902	"[""C10AX01""]"
314042	"[""R03AC07"", ""R03CC06""]"
823881	"[""M01AX05"", ""M01AX25""]"
828246	"[""J01CA04""]"
835917	"[""L04AD01""]"
846953	"[""D10AD01""]"
848960	"[""S02AA15""]"
849737	"[""M01AE02""]"
852994	"[""C01BA01""]"
853023	"[""J01FF01""]"
853367	"[""C05AD03"", ""D04AA02"", ""D04AB04"", ""N01BA05""]"
854248	"[""B01AB05""]"
854812	"[""J01MB02""]"
855318	"[""B01AA03""]"
855644	"[""D11AX18""]"
856596	"[""C03AA03"", ""C07AA05""]"
857182	"[""C09BA09""]"
857354	"[""N02BE01"", ""R05DA03""]"
857508	"[""N02BE01"", ""N06BC01"", ""R05DA03""]"
836347	"[""R01AX03""]"
845315	"[""N02AX02""]"
847712	"[""A10BD04""]"
207824	"[""A02BA01""]"
207892	"[""C09AA06""]"
207954	"[""A10BB05""]"
208957	"[""A12BA01""]"
209251	"[""G03BA02"", ""G03EK01""]"
210078	"[""D01AE12""]"
2105794	"[""J01CA04""]"
2106997	"[""G03AA12""]"
211072	"[""C09BA01""]"
2108525	"[""A10AF01""]"
212360	"[""A11GA01""]"
2168006	"[""R05CA03"", ""R05DA09""]"
2168602	"[""N02BE01"", ""R01BA02"", ""R05DA09""]"
2174390	"[""R07AX31""]"
2184133	"[""A03BB03"", ""R01BA03"", ""R06AB04""]"
1099316	"[""N06AA01""]"
1099308	"[""R01BA02"", ""R06AX07""]"
1101377	"[""S01GA02""]"
1101942	"[""A01AA01""]"
1110813	"[""D11AX12""]"
1112244	"[""R01BA02"", ""R06AX18""]"
1112987	"[""A08AA01""]"
1114110	"[""R01BA02"", ""R05CA03"", ""R05DA04""]"
1115259	"[""L02AE02""]"
1115329	"[""R05DA09"", ""R06AA09""]"
211021	"[""A06AB04""]"
2168502	"[""R05CA03"", ""R05DA09""]"
1094418	"[""R06AA02""]"
1099306	"[""N06AA01""]"
213707	"[""S01ED02""]"
1116929	"[""P03AX05""]"
1119541	"[""R05CA03"", ""R05DA09""]"
1191262	"[""D10AD51""]"
1233575	"[""N02BE01""]"
407856	"[""V03AN04""]"
422737	"[""R03DA05""]"
452688	"[""C05AD03"", ""D04AB04"", ""N01BA05""]"
539789	"[""A07AA11""]"
542590	"[""S01EB04""]"
544518	"[""C10AB05""]"
562715	"[""A01AA04""]"
616541	"[""A02BC01""]"
857886	"[""C01BA02""]"
858998	"[""R05CA09"", ""R05DA03""]"
859096	"[""R03AC02"", ""R03CC02""]"
859164	"[""R01BA03"", ""R05DA03"", ""R06AB04""]"
860562	"[""R05CA03"", ""R05DA03""]"
860600	"[""R01BA03"", ""R05DA03"", ""R06AB02""]"
1012685	"[""R01BA02"", ""R06AA08""]"
1014632	"[""N02AJ17""]"
1020053	"[""D01AE12""]"
860495	"[""R05CA03"", ""R05DA03""]"
1038746	"[""D09AA11""]"
104095	"[""A02BA03""]"
1046234	"[""S01GA01""]"
1046504	"[""D01AE12""]"
1085741	"[""D07AB09""]"
2184177	"[""A03BB03"", ""R01BA02"", ""R06AB04""]"
226827	"[""J01FA10""]"
242794	"[""J01DB09""]"
245038	"[""D01AE12""]"
247086	"[""A09AA01""]"
247682	"[""D10AB02""]"
251406	"[""D01AE12""]"
259883	"[""P03AX05""]"
282465	"[""A12AA04""]"
283274	"[""N02BE01""]"
283602	"[""D01AE12""]"
1655934	"[""R07AX30""]"
1658313	"[""M02AB01""]"
213461	"[""J05AF06""]"
213575	"[""R01BA02"", ""R06AA08""]"
1091623	"[""C08DB01""]"
1094447	"[""A07EA02"", ""C05AA01"", ""C05AD07"", ""D07AA02"", ""D07XA01""]"
1099878	"[""A12AA04""]"
1148394	"[""D02AA""]"
1190184	"[""A06AA02""]"
540142	"[""A12CD01""]"
1001079	"[""S01EA01"", ""S01EB01""]"
1012164	"[""N02BE01"", ""R05DA04""]"
1039499	"[""A01AD05"", ""B01AC06"", ""N02BA01""]"
1046900	"[""A03BA01"", ""A03BA03"", ""G04BX12"", ""J01XX05"", ""V03AB17"", ""V04CG05""]"
1053187	"[""D10AE01""]"
860510	"[""C07AG02""]"
1048415	"[""A03BA03""]"
1657910	"[""A03BA03"", ""G04BX12"", ""J01XX05"", ""V03AB17"", ""V04CG05""]"
404326	"[""A06AA01""]"
1993220	"[""N02BE01"", ""R05CA03"", ""R05DA09""]"
200131	"[""N03AF01""]"
2003391	"[""R05FB02""]"
200342	"[""L01XX05""]"
2047728	"[""G03AC03""]"
205315	"[""N03AX11""]"
205626	"[""M01AE09""]"
207276	"[""C03BA08""]"
995447	"[""R05DA04"", ""R06AC01""]"
998673	"[""C02AC01""]"
999995	"[""C09DX03""]"
312982	"[""A01AA01""]"
314040	"[""C01DA08""]"
315037	"[""R06AB04""]"
317862	"[""A02AA04"", ""A02AC01"", ""A12AA04"", ""G04BX01"", ""N03AA02""]"
352231	"[""C10AA02""]"
402243	"[""L01XG01""]"
807835	"[""R01BA03"", ""R05CA09""]"
809212	"[""D10AE01""]"
809271	"[""A09AA01""]"
2049391	"[""D01AE12""]"
403978	"[""J05AE04""]"
809030	"[""C09DA03""]"
831574	"[""A11HA03""]"
847348	"[""H01AC01""]"
848149	"[""C09DX01""]"
849431	"[""M01AE02""]"
856733	"[""C07AA05""]"
856824	"[""S01AA01"", ""S03AA08""]"
856847	"[""N06AA09""]"
208081	"[""C03CA04""]"
208592	"[""S01CA01""]"
209470	"[""N02BE01"", ""N06BC01""]"
210778	"[""A02AB01""]"
211893	"[""A01AD05"", ""B01AC06"", ""N02BA01""]"
2123159	"[""C05AD01"", ""D04AB01""]"
213155	"[""R05CA03""]"
213301	"[""R05CA03""]"
2174534	"[""N02BE01"", ""R01BA01"", ""R05DA09""]"
2178057	"[""R01BA02"", ""R05DA09"", ""R06AB04""]"
2184131	"[""N02BE01"", ""R01BA03"", ""R06AB04""]"
1091339	"[""D10AF01""]"
1092552	"[""C05AD03"", ""D04AB04"", ""R02AD01""]"
1092747	"[""R06AA02""]"
1116186	"[""R03DA04""]"
1116532	"[""N02BE01"", ""N02BE51""]"
1189818	"[""A10BH51""]"
835605	"[""N02AX02""]"
208311	"[""P02CA02""]"
208645	"[""N06AA06""]"
211821	"[""A02BA04""]"
312235	"[""H02AB05""]"
312442	"[""J01CA12""]"
198542	"[""A12AA04""]"
200316	"[""B05BA02""]"
204441	"[""A02BA03""]"
204752	"[""A07BC01""]"
2048718	"[""H01BA02""]"
206178	"[""A01AB18""]"
207702	"[""N05AA03""]"
207245	"[""N05BA04""]"
996605	"[""N06DX01""]"
998329	"[""D01AE04""]"
312935	"[""A06AB06""]"
313133	"[""J01EC01""]"
313216	"[""G04CA03""]"
314075	"[""N05AH01""]"
351130	"[""R01BA02"", ""R06AB01""]"
313474	"[""N05AB06""]"
370652	"[""N02AA03""]"
801194	"[""A01AA01""]"
809309	"[""D10AE01""]"
831250	"[""C05AE03"", ""C08DB01""]"
835910	"[""C01BD01""]"
966420	"[""H03AA01""]"
314171	"[""A06AD14""]"
377832	"[""D08AE04"", ""D09AA06""]"
378763	"[""A06AB05""]"
833151	"[""N06AX17""]"
856812	"[""N06AA09""]"
857166	"[""C09BA09""]"
857373	"[""N02BE01"", ""R05DA03""]"
857489	"[""A07BC01"", ""A07BC02""]"
858100	"[""N01AH01"", ""N02AB03""]"
208316	"[""B01AC07""]"
208387	"[""N05AC02""]"
210827	"[""A02AB01""]"
210864	"[""N02BE01""]"
2122766	"[""R01BA01"", ""R05CA03""]"
212374	"[""A11CC01""]"
213048	"[""A07BC01"", ""A07BC02""]"
2170987	"[""D01AE12""]"
2173718	"[""R05DA09""]"
2178283	"[""M02AB01""]"
2179844	"[""D10AB02""]"
237406	"[""A02AC01"", ""A11CC01"", ""A12AA04""]"
1093300	"[""R06AA08""]"
1094481	"[""A03BB03"", ""R01BA03"", ""R06AB04""]"
1099304	"[""N06AA01""]"
1100928	"[""B05CA01"", ""D08AJ03"", ""D09AA07"", ""R02AA06""]"
1101934	"[""N06BA11""]"
1112224	"[""R01BA02"", ""R05DA03"", ""R06AB04""]"
1114700	"[""N02BE01""]"
1150067	"[""M01AX05"", ""M01AX25""]"
207254	"[""R03DA02""]"
211836	"[""A02AB01""]"
1233692	"[""D04AA32""]"
1235042	"[""H02AB06""]"
539759	"[""A11GA01""]"
542304	"[""V03AN01""]"
543786	"[""N01BA03""]"
544218	"[""R06AB04""]"
579334	"[""A07BA01""]"
579816	"[""R01BA03"", ""R06AC01""]"
581614	"[""J01XX08""]"
583453	"[""N02BG08""]"
860499	"[""R05CA03"", ""R05DA03""]"
860534	"[""C07AG02""]"
1000497	"[""G03FA12""]"
1005853	"[""D10AF06""]"
1006647	"[""P02CC01""]"
1006709	"[""S01AB04""]"
1009476	"[""G03BA03""]"
1012004	"[""S01CA02""]"
1044431	"[""N02BE01"", ""R05DA03""]"
1048284	"[""N01BX02"", ""R02AD04""]"
1049910	"[""R06AA02""]"
105467	"[""G04BE01""]"
1085698	"[""A01AC01"", ""C05AA12"", ""H02AB08"", ""R03BA06""]"
1085811	"[""A12CA01"", ""B05BB01"", ""B05CB01"", ""B05XA03"", ""S01XA03""]"
238405	"[""D02AB""]"
240448	"[""L03AB03""]"
244593	"[""D11AX11""]"
247551	"[""R01AD05""]"
248642	"[""N06AB03""]"
251404	"[""D01AE12""]"
251457	"[""D08AE04""]"
260127	"[""A01AC04"", ""A07EA01"", ""C05AA04"", ""H02AB06"", ""S03BA02""]"
284498	"[""J05AF02""]"
1656599	"[""B01AB01""]"
1666545	"[""J01AA02""]"
1719231	"[""B02BD02""]"
1723189	"[""L01XX44""]"
1733859	"[""D04AB01""]"
1736778	"[""L01XA03""]"
1738354	"[""N02BG08""]"
211682	"[""C04AC01"", ""C10AD02""]"
1010053	"[""N01BB02""]"
1046442	"[""D08AJ01""]"
1046867	"[""A01AA02""]"
1047862	"[""A03BA01"", ""A03BA03"", ""A04AD01"", ""N03AA02"", ""N05CM05""]"
1048873	"[""A03BA03"", ""J01XX05""]"
1085977	"[""C05AA12"", ""D07AB09"", ""D07XB02""]"
1664359	"[""D07AA02""]"
1729710	"[""N01AH06""]"
242787	"[""J01DB03""]"
245020	"[""D01AE12""]"
1737638	"[""C01BB01"", ""C05AD01"", ""N01BB02""]"
1791599	"[""L01AA06""]"
1791701	"[""L01BC02""]"
616810	"[""D08AX08""]"
1189100	"[""M03BB03""]"
1233700	"[""N02AA03""]"
1233878	"[""C10AA02""]"
404636	"[""G04BE09""]"
411081	"[""A16AX01""]"
485023	"[""L04AA06""]"
539433	"[""J01CA04""]"
539554	"[""R03DA04"", ""R05CA03""]"
541892	"[""N06BA01"", ""N06BA02""]"
577785	"[""C09CA06""]"
582299	"[""B02AA01""]"
602185	"[""R06AX13""]"
603103	"[""M01AE02""]"
607232	"[""G01AD01""]"
859941	"[""R01BA03"", ""R05CA03"", ""R05DA03""]"
860055	"[""A03AX13""]"
860522	"[""C07AG02""]"
1009433	"[""D04AB01""]"
1012726	"[""N01BB03""]"
1012707	"[""N01BB04""]"
1047907	"[""A03BA03""]"
1050670	"[""D08AE04"", ""D09AA06""]"
239239	"[""D01BA01""]"
240029	"[""A11CC05""]"
243421	"[""A07BC04""]"
307828	"[""D06BA05"", ""D08AA02"", ""J01EB06""]"
1665444	"[""J01DC02""]"
1668154	"[""A03BA01"", ""V04CX07""]"
1735487	"[""R05DB10""]"
1232113	"[""N02AA01""]"
860143	"[""R01BA03"", ""R05DA03"", ""R06AC01""]"
1086767	"[""R06AA02""]"
1670353	"[""N03AB02""]"
1724880	"[""N01BB01""]"
1737565	"[""C01BB01"", ""C05AD01"", ""N01BB02""]"
1743374	"[""B02BD02""]"
1744041	"[""D01AE12""]"
1790351	"[""V03AF07""]"
404179	"[""A02AC01""]"
198312	"[""C03DB02""]"
198483	"[""A07BC04""]"
206847	"[""C01DA08"", ""C05AE02""]"
206946	"[""C03BA11""]"
995776	"[""R01BA01"", ""R05CA03"", ""R05DA04""]"
315105	"[""M03AC02""]"
343017	"[""A06AA01""]"
349545	"[""N05AX12""]"
351936	"[""J01DC04""]"
349478	"[""G04BE09""]"
801962	"[""N05BA01""]"
826867	"[""A08AA01""]"
829926	"[""L01XX27""]"
205859	"[""G03CA01"", ""L02AA03""]"
313214	"[""G04CA03""]"
349404	"[""D02AB""]"
833146	"[""N06AX17""]"
833703	"[""C05AE03"", ""C08DB01""]"
833704	"[""C08DB01""]"
833711	"[""N02AX02""]"
849321	"[""N02AC04""]"
849450	"[""N02CC51""]"
849928	"[""N06BC01""]"
855213	"[""B03BA01""]"
1090849	"[""A12CX""]"
1099886	"[""N05CA01""]"
1100896	"[""A02AC01"", ""A11CC01"", ""A12AA04""]"
1112867	"[""G02CA01""]"
1115449	"[""L02AE02""]"
1189687	"[""H03AA01""]"
1191376	"[""C05AA01"", ""D07AA02"", ""D07XA01""]"
208112	"[""C03EA01""]"
208323	"[""C05AA11"", ""D07AC08""]"
208942	"[""A12BA01""]"
209329	"[""N06AA10""]"
210274	"[""A03AX13""]"
210540	"[""S01AA01"", ""S03AA08""]"
1234498	"[""R05FB02""]"
213825	"[""J01DB05""]"
2175104	"[""N02BE01"", ""R05CA03"", ""R05DA09""]"
237420	"[""A12AA04""]"
2168869	"[""N06BA04""]"
404334	"[""R05FB02""]"
416684	"[""D02AB""]"
540263	"[""A01AA01""]"
545118	"[""S01AE05""]"
562251	"[""J01CR02""]"
577862	"[""A11HA07""]"
597967	"[""C10BX03""]"
616487	"[""N05AH04""]"
617309	"[""J01CR02""]"
857022	"[""N02BE01"", ""R05DA03""]"
857413	"[""R01BA01"", ""R06AA04""]"
857468	"[""C10AA""]"
857764	"[""R01BA03"", ""R05DA03"", ""R06AB04""]"
860754	"[""R06AA10""]"
1020059	"[""D10AB02"", ""D10AF06""]"
1037147	"[""R01BA02"", ""R06AB05"", ""R06AC01""]"
1052660	"[""J05AG04""]"
106834	"[""N06AA06""]"
1085767	"[""A01AC01""]"
245043	"[""A11GA01"", ""B03AA02""]"
261283	"[""A11CC04""]"
261309	"[""N04BC04""]"
261359	"[""J06BD01""]"
282486	"[""C03CA02""]"
307676	"[""N02BE01""]"
1667882	"[""R03BB04""]"
2123047	"[""A07BC01""]"
210665	"[""A06AC08""]"
1658345	"[""N05AX16""]"
1661208	"[""B02AB02""]"
1791371	"[""A16AA01""]"
1797845	"[""R01AX03""]"
1797906	"[""R01AD11""]"
1798541	"[""D01AE12""]"
1806195	"[""N06BA04""]"
1864414	"[""N07BC51""]"
1867997	"[""N01BB02""]"
1870952	"[""H02AB13""]"
1873704	"[""G03AA05"", ""B03AA02""]"
1876132	"[""H05BX04""]"
1946727	"[""C05AD03"", ""D04AB04"", ""N01BA05""]"
197483	"[""R01BA01"", ""R06AB04"", ""R06AX04""]"
197541	"[""M04AC01""]"
1863967	"[""A12BA01"", ""A12CA01"", ""B05CB01"", ""B05CX01"", ""B05XA01"", ""B05XA03"", ""V04CA02"", ""V06DC01""]"
1234941	"[""N02AA08"", ""R06AB04""]"
1241824	"[""R01BA03"", ""R05CA03""]"
1245298	"[""R01BA02"", ""R05DA09"", ""R06AB04""]"
1245449	"[""C10BA02""]"
1245985	"[""M09AX01""]"
1246628	"[""C05AD01"", ""D04AB01"", ""D08AJ01"", ""D09AA11""]"
1250983	"[""N02BE01"", ""R05CA03"", ""R05DA09"", ""R06AB04""]"
1251039	"[""R05DA09"", ""R06AB04""]"
1292314	"[""D04AA32""]"
1294471	"[""N02BE01"", ""R01BA02"", ""R05CA03"", ""R05DA09""]"
1294547	"[""A08AA10""]"
1300739	"[""N02BE01""]"
1304511	"[""A02AA02"", ""A02AC01"", ""A06AA02"", ""A06AD02"", ""A11CC05"", ""A11DA01"", ""A11GA01"", ""A11HA01"", ""A11HA02"", ""A11HA04"", ""A12AA04"", ""A12CC10"", ""B03BA01"", ""B03BB01"", ""V04CX02""]"
1305786	"[""R01BA02"", ""R05DA03""]"
1305775	"[""R01BA02"", ""R05DA09"", ""R06AB02""]"
1307874	"[""P03AX05""]"
1314882	"[""N04BC04""]"
1356866	"[""R01BA02"", ""R06AB01""]"
1357405	"[""R01BA01"", ""R06AB01""]"
1358781	"[""G03AA05""]"
1359135	"[""G03AA05""]"
1359709	"[""N07BA01""]"
1360635	"[""J01CA04""]"
1366022	"[""N02BE01"", ""R05DA09"", ""R06AB04""]"
1366879	"[""R01BA02"", ""R05DA03"", ""R06AB04""]"
1370213	"[""R05DA09""]"
1370770	"[""D07AB02""]"
1372891	"[""D04AB01""]"
1374408	"[""A01AC02"", ""C05AA09"", ""H02AB02"", ""S03BA01""]"
141963	"[""J01FA10""]"
1422103	"[""D04AB01""]"
1422901	"[""R01BA02"", ""R05DA09""]"
1423080	"[""J01AA02""]"
1423720	"[""R05DA09""]"
1425110	"[""L01EE01""]"
197719	"[""D07AC07""]"
197844	"[""D10BA01""]"
197898	"[""J01DC08""]"
197953	"[""C02LA03""]"
198005	"[""C07AA12""]"
1431977	"[""L04AD02""]"
1432149	"[""P02CC01""]"
1435480	"[""N06AX23""]"
1442585	"[""D01AC03""]"
1540847	"[""B03AA02""]"
1541781	"[""N01BX04""]"
1545163	"[""A10BD16""]"
1545290	"[""D04AB01""]"
1547672	"[""R03BA09""]"
1596445	"[""R03BB07""]"
1604352	"[""L01EX08""]"
1546894	"[""J05AR13""]"
1648776	"[""C10AX12""]"
1432119	"[""C05AD03"", ""D04AB04"", ""D08AJ01"", ""D09AA11"", ""N01BA05""]"
244309	"[""S02DA03""]"
1655938	"[""A11HA01""]"
308117	"[""R03DA05""]"
1658148	"[""J06BB04""]"
1670351	"[""N03AB02""]"
1718975	"[""B02BD02""]"
1723206	"[""N01AH02""]"
1729053	"[""B01AC27""]"
1729419	"[""L01CA04""]"
1731340	"[""L01AX04""]"
1737457	"[""M05BA03""]"
1741406	"[""B05AA01""]"
1742399	"[""B05AA01""]"
1793135	"[""B02BC06""]"
1798388	"[""A10AF01""]"
1798385	"[""D08AX08""]"
1801283	"[""D07AC08""]"
1876674	"[""J06BA01""]"
1919512	"[""L01FF03""]"
1927024	"[""P03AX05""]"
1943497	"[""R05DB10""]"
1236092	"[""P03AX05""]"
1242787	"[""G03AA05""]"
1243328	"[""J05AF07""]"
1246074	"[""C05AD07"", ""D04AB07""]"
1247756	"[""A06AA02""]"
1248050	"[""R05FB02""]"
1250755	"[""D01AE04""]"
1251562	"[""D01AE12""]"
1251813	"[""R05DA09"", ""R06AB04""]"
1291951	"[""N02BE01"", ""R01BA02"", ""R05DA09""]"
1293975	"[""R01BA02"", ""R06AA02""]"
1297551	"[""R01BA03"", ""R05DB05"", ""R06AA02""]"
1298452	"[""D01AE23""]"
1306916	"[""C05AX04""]"
1310954	"[""A12AX""]"
1356837	"[""R01BA02"", ""R05DA03"", ""R06AB01""]"
1363034	"[""A03BB03"", ""R01BA02"", ""R06AB04""]"
1365866	"[""S01BC10""]"
1366822	"[""N02BE01"", ""R01BA02"", ""R05DA09"", ""R06AB04""]"
1376066	"[""C05AA09"", ""D07AB19"", ""D07XB05"", ""D10AA03""]"
1422081	"[""G03AA09""]"
1436155	"[""D01AE12""]"
1436940	"[""D01AE13""]"
197388	"[""L04AX01""]"
197625	"[""C02CA04""]"
197912	"[""A08AA05""]"
1442590	"[""D01AC03""]"
1486665	"[""A06AG04"", ""A06AX01""]"
1534833	"[""D02AA""]"
153639	"[""N05AH04""]"
1292470	"[""M01AA01""]"
1741407	"[""B02BD02""]"
1790246	"[""C08CA16""]"
1790317	"[""A16AX04""]"
1791065	"[""A06AC01""]"
1795346	"[""B05BB01""]"
1801294	"[""A12BA01""]"
1807510	"[""J01XA01""]"
1808849	"[""P02BA01"", ""P02CC01""]"
1809438	"[""J06BA01""]"
1855519	"[""G03AC03""]"
1859373	"[""B05BA02""]"
1860464	"[""A12BA01"", ""B05XA01""]"
1872272	"[""N02AA03""]"
1926332	"[""A10AB04""]"
1927290	"[""L04AB02""]"
1943551	"[""A01AC02"", ""C05AA09"", ""H02AB02"", ""S03BA01""]"
197511	"[""J01MA02""]"
197536	"[""N05AH02""]"
197695	"[""M01AE04""]"
1869381	"[""M09AX01""]"
1244921	"[""R05DA04""]"
1245461	"[""A06AA02""]"
1245539	"[""D01AE18""]"
1293876	"[""S02CA03""]"
1299179	"[""H03AA01""]"
1299799	"[""R05DA09""]"
1307421	"[""A06AX04""]"
1310820	"[""D08AJ01""]"
1310944	"[""A03BB03"", ""R06AB04""]"
1312429	"[""A10BH51""]"
1312408	"[""L01EX05""]"
1356310	"[""R01BA02"", ""R05CA03""]"
1357428	"[""R01BA01"", ""R06AB01""]"
1359027	"[""G03AA05""]"
1359347	"[""D06AX04"", ""D06AX05""]"
1363499	"[""R01AA07"", ""R01AB06""]"
1368431	"[""A10BD09""]"
1372459	"[""R05CA03"", ""R05DA09""]"
1422101	"[""C10BA05""]"
1436931	"[""D08AX01"", ""D11AX25""]"
198208	"[""A04AD01"", ""N05CM05""]"
1442881	"[""D02AE01""]"
1483558	"[""G03AA05"", ""B03AA02""]"
1493691	"[""C05AX04""]"
152932	"[""J05AF05""]"
1536882	"[""R01BA03""]"
1596783	"[""G03BA03""]"
1421987	"[""R05DA09"", ""R06AB04""]"
1606283	"[""L01XC16""]"
1606305	"[""B03BA01""]"
1247658	"[""A03AB02""]"
1358765	"[""G03AA05""]"
1545669	"[""C05AX06""]"
1547952	"[""G04BX12""]"
1922476	"[""N04BD03""]"
1923433	"[""S01ED51""]"
1294128	"[""A09AA01""]"
1364114	"[""H01CB05""]"
1601098	"[""C05AD01"", ""D04AB01""]"
153845	"[""A10BB12""]"
1539190	"[""G03FA01""]"
1540675	"[""R05FB02""]"
1543394	"[""D10AE01""]"
1544394	"[""L04AX03""]"
1544971	"[""C05AX06""]"
1547620	"[""J01XA05""]"
1551886	"[""V03AE03""]"
1597822	"[""H01CB05""]"
1600776	"[""N04BA02""]"
1423773	"[""C08CA06""]"
197379	"[""C07AB03""]"
1806683	"[""G03FA01""]"
1860151	"[""N02AA05""]"
1871446	"[""N02AA01""]"
1918042	"[""L02BX03""]"
1923428	"[""S01ED01""]"
1236173	"[""N02AA08""]"
1245286	"[""A03BB03"", ""R06AB04""]"
1249083	"[""A08AA01""]"
1301259	"[""N01AX03""]"
1302633	"[""D04AX""]"
1358776	"[""G03AA05""]"
1364807	"[""R06AA02""]"
1373327	"[""A09AA01""]"
197941	"[""H03BB02""]"
198037	"[""C08CA06""]"
1440065	"[""M02AC""]"
1441567	"[""C01AA05""]"
1442992	"[""L01EL01""]"
1483318	"[""A02BC04""]"
1488053	"[""R06AX26""]"
1490493	"[""B01AB01""]"
152942	"[""J05AF04""]"
153128	"[""J05AE02""]"
1595772	"[""R05DA03""]"
1595760	"[""R05DA03""]"
1597620	"[""J01DI54""]"
1598471	"[""A02AF02""]"
1601091	"[""S01GX09""]"
791947	"[""J01CA04""]"
896271	"[""R03AK06""]"
731560	"[""J01CE08"", ""J01CE09""]"
702434	"[""D10AB02"", ""D10AX02""]"
731171	"[""B03XA02""]"
749785	"[""G03AA11""]"
721773	"[""N05AH02""]"
755803	"[""R01BA02"", ""R06AB04""]"
885211	"[""N04AC01""]"
885228	"[""R02AD01""]"
892684	"[""N02AA01""]"
896009	"[""R03BA05""]"
897700	"[""C08DA01""]"
992774	"[""G01AF04""]"
993518	"[""N06AX12""]"
308181	"[""J01CA04""]"
308366	"[""A01AD05"", ""B01AC06"", ""N02BA01"", ""N06BC01""]"
311639	"[""D08AJ08"", ""R02AA09""]"
312193	"[""S01AB04"", ""S01BA04"", ""S01CB02"", ""S01FB01"", ""S01GA05"", ""S03BA02""]"
665122	"[""J05AF11""]"
795737	"[""N07BA03""]"
800220	"[""B05BA01""]"
876433	"[""J01EA01"", ""J01EC01""]"
884770	"[""N02BE01""]"
892830	"[""R02AD01""]"
897586	"[""C08DA01""]"
91349	"[""D08AX01""]"
966922	"[""A06AD65""]"
992749	"[""S01FA05""]"
995077	"[""R05DA04""]"
881272	"[""N03AX18""]"
308579	"[""D03AX06""]"
308763	"[""A07BC04""]"
310248	"[""L01CB01""]"
310405	"[""C10AA04""]"
312614	"[""H02AB06""]"
312807	"[""J06BB01""]"
198332	"[""J01EA01""]"
2044886	"[""D07XA01""]"
205899	"[""S01EA01"", ""S01EB01""]"
995615	"[""B03AA07""]"
998514	"[""D01AC02""]"
317174	"[""N05AH04""]"
351358	"[""S02CA03""]"
403967	"[""N03AX15""]"
802059	"[""A07EA02""]"
308898	"[""A02AC01"", ""A12AA04"", ""N03AA02""]"
311552	"[""N05AC03""]"
198818	"[""D08AG02""]"
901814	"[""M01AE01"", ""R06AA02""]"
904467	"[""C10AA03""]"
904938	"[""M05BA06""]"
905093	"[""M05BA07""]"
979099	"[""A06AD65""]"
310376	"[""S01BA07""]"
198234	"[""M04AB02""]"
198266	"[""R03DA04"", ""R05CA03""]"
198270	"[""N05AC02""]"
1986437	"[""V03AN04""]"
1988786	"[""L01ED04""]"
315243	"[""B05BC02""]"
824295	"[""N03AF03""]"
829759	"[""A11JB""]"
845494	"[""A07EA03"", ""H02AB07""]"
755310	"[""R05CA03"", ""R05DB05""]"
905257	"[""P02BA01"", ""P02CC01""]"
992445	"[""R06AD02""]"
308482	"[""J01XX05"", ""N02BA05""]"
861156	"[""C01BC03""]"
876679	"[""A11JA""]"
1090529	"[""J01GB03"", ""S03AA06""]"
311935	"[""N07AA01""]"
1088977	"[""R01BA02"", ""R05CA03"", ""R05DA04""]"
204829	"[""A12AA01""]"
830778	"[""C01EB09""]"
896004	"[""R03BA05""]"
310180	"[""G03CA03""]"
903438	"[""H03AA02""]"
617333	"[""J01CR02""]"
637218	"[""N04BD02""]"
656809	"[""A01AA01""]"
644097	"[""R06AB04""]"
730869	"[""C09DB02""]"
618644	"[""A09AB01""]"
643173	"[""L01EA02""]"
753454	"[""A09AA01""]"
753423	"[""B03XA03""]"
728113	"[""J05AH02""]"
656808	"[""A01AA01""]"
749244	"[""A07BC01""]"
751563	"[""N03AX09""]"
727970	"[""V08AB04""]"
746030	"[""C07CB03""]"
749206	"[""V03AE02""]"
796462	"[""A02AD02""]"
865571	"[""A10BB07""]"
310537	"[""A10BB01""]"
755357	"[""N03AD01""]"
861742	"[""A10BD02""]"
866479	"[""C07BB02""]"
876529	"[""C09DB04""]"
890786	"[""G01AF15""]"
891815	"[""A11JB""]"
896762	"[""C07AG01""]"
898362	"[""C09BA07""]"
992708	"[""N05AA01""]"
994521	"[""M03BC01""]"
991239	"[""N05AA01""]"
308192	"[""J01CA04""]"
308692	"[""D10AE01""]"
309060	"[""J01DC06""]"
312018	"[""C01DA02""]"
312834	"[""N06DA03""]"
199105	"[""D04AB01""]"
200123	"[""M01AX05"", ""M01AX25""]"
995281	"[""N05BB01""]"
998483	"[""D01AC02""]"
313452	"[""D10AD01""]"
314047	"[""M01AE01""]"
315158	"[""D08AF01"", ""D09AA03""]"
317570	"[""J01AA06""]"
351594	"[""A12AA04""]"
404176	"[""A02AF02""]"
404284	"[""D07AA02""]"
830263	"[""J07BC01""]"
895777	"[""P02BA01""]"
991247	"[""P02CB01""]"
310095	"[""N03AA02"", ""R03DA04"", ""R05CA03""]"
310433	"[""N02BF01""]"
759869	"[""R01BA02"", ""R05CA03""]"
92752	"[""L01BC02""]"
309097	"[""J01DC02""]"
309377	"[""N05AH02""]"
198404	"[""B03AA02"", ""B03BB01"", ""V04CX02""]"
200820	"[""C03DA01""]"
313333	"[""R06AD03""]"
373896	"[""B05XA02""]"
388054	"[""S01ED51""]"
402094	"[""J05AE08""]"
801486	"[""A12CA01"", ""A12CC01"", ""B05CB01"", ""B05CX01"", ""B05CX03"", ""B05XA03"", ""B05XA08"", ""B05XA11"", ""B05XB03"", ""N06AX02"", ""V03AB26"", ""V04CA02"", ""V06DC01""]"
310531	"[""N05CE01""]"
310874	"[""S03CA04""]"
311662	"[""G03BA02"", ""G03EK01""]"
643105	"[""L01EA02""]"
672193	"[""D10AX01""]"
644991	"[""R06AB02""]"
706960	"[""H05BX01""]"
727533	"[""N01AX07""]"
656843	"[""A01AA01""]"
724859	"[""N06BA13""]"
727703	"[""L04AB04""]"
729830	"[""A03AX13""]"
731463	"[""A10BD06""]"
749158	"[""G03AA11""]"
755783	"[""R05CA03"", ""R05DA03""]"
759473	"[""J05AH01""]"
758486	"[""A02BC03"", ""M01AE02""]"
724606	"[""N04BA02""]"
725023	"[""N06DA03""]"
756301	"[""B03BA01"", ""B03BB01""]"
884014	"[""P02CF01""]"
896112	"[""D01AE22""]"
966200	"[""H03AA01""]"
991284	"[""D08AG03""]"
897044	"[""H01AC01""]"
349547	"[""N05AX12""]"
748800	"[""G03AA12""]"
861850	"[""N05AB02""]"
892746	"[""N06AA04""]"
900438	"[""M01AE01""]"
90176	"[]"
992496	"[""D10AE01""]"
308182	"[""J01CA04""]"
310326	"[""B03AA07"", ""B03BB01"", ""V04CX02""]"
310377	"[""S01BA07""]"
310619	"[""R03DA04"", ""R05CA03""]"
311371	"[""J01DC08""]"
311624	"[""L01BA01"", ""L04AX03""]"
198487	"[""N01BA05""]"
199107	"[""P02CC01""]"
2057158	"[""C09CA07""]"
206970	"[""N01AX03""]"
206992	"[""M01AE03""]"
995443	"[""R05CA03"", ""R05DA04""]"
313720	"[""A11HA03""]"
348724	"[""V03AN01""]"
861370	"[""V03AE02""]"
900441	"[""D09AA13""]"
966589	"[""D07AC10""]"
311179	"[""A03AB09"", ""N05AB04""]"
311196	"[""C01DA14""]"
865144	"[""N05AB02""]"
310465	"[""D06AX07""]"
311214	"[""A07AA08"", ""J01GB04""]"
312266	"[""J01CE01""]"
199390	"[""M01AB08""]"
205305	"[""C09CA07""]"
997226	"[""N06DA02""]"
359570	"[""M01AX05""]"
347980	"[""A09AA01""]"
311386	"[""N05AH01""]"
645884	"[""H01AC01""]"
759471	"[""J05AH01""]"
731184	"[""B03XA02""]"
707680	"[""R06AB04""]"
727316	"[""C01CA24""]"
750104	"[""A01AA04""]"
762333	"[""G03AA11""]"
897712	"[""N02AA03""]"
968670	"[""R06AB06""]"
701502	"[""P02CC01""]"
757667	"[""B02BD30""]"
864804	"[""N07BC02""]"
884534	"[""N06BA02""]"
896862	"[""G03GA01""]"
904663	"[""C10BX02""]"
991328	"[""N05AA01""]"
992481	"[""R06AD02""]"
992927	"[""D03AX11""]"
991013	"[""A01AA01""]"
991338	"[""N05AA01""]"
310541	"[""S01XA20""]"
311258	"[""A07FA01""]"
1087258	"[""A11JB""]"
198342	"[""D02AE01""]"
1990869	"[""A10BJ01""]"
206275	"[""R03DA04"", ""R05CA03""]"
313945	"[""J01CF01""]"
352272	"[""N06AB10""]"
801005	"[""A12CA01"", ""B05CB01"", ""B05CX01"", ""B05XA03"", ""B05XA17"", ""V04CA02"", ""V06DC01""]"
823934	"[""C09DA04""]"
730441	"[""N06AB04""]"
979334	"[""R03AB03"", ""R03CB03""]"
310813	"[""C03AA03""]"
204969	"[""D04AB04""]"
312106	"[""A07DA02"", ""N02AA02""]"
1087026	"[""D04AA32""]"
1087682	"[""D02AA""]"
1090657	"[""R01BA02"", ""R05CA03""]"
1090709	"[""N02BE01"", ""R01BA02""]"
198901	"[""A12CB02""]"
199359	"[""A11HA03""]"
2046145	"[""L01FG01""]"
2055008	"[""D10AD01""]"
206785	"[""N05BC01""]"
995230	"[""R05CA03"", ""R05DA04""]"
998369	"[""R01BA03"", ""R05DA04"", ""R06AB02""]"
999613	"[""D10AF06""]"
312960	"[""A03AX13""]"
313788	"[""A02AF02""]"
348325	"[""V03AN01"", ""V03AN02""]"
349607	"[""R01BA03"", ""R05CA03""]"
351427	"[""N07BA01""]"
352345	"[""L04AA15""]"
374038	"[""R03CC03""]"
384518	"[""A12AA04""]"
360422	"[""A12AX""]"
805017	"[""D10AF02""]"
805010	"[""L03AB10""]"
805464	"[""N07XX06""]"
805855	"[""C09DA06""]"
809010	"[""N04BA02""]"
828286	"[""H02AB10""]"
833463	"[""D05AX02""]"
834158	"[""D08AC02"", ""D09AA12""]"
999547	"[""V03AN01"", ""V03AN02""]"
313090	"[""B05CX02""]"
827693	"[""R07AX01""]"
832923	"[""D11AX11""]"
835603	"[""N02AX02""]"
844832	"[""R03DA04""]"
847213	"[""A10AB04"", ""A10AD04""]"
847716	"[""A10BD04""]"
848197	"[""C05AA05"", ""D07AC01"", ""D07XC01""]"
854861	"[""G03AC03"", ""G03AD01""]"
855342	"[""B01AA03""]"
855626	"[""M01AB05""]"
856849	"[""N06AA09""]"
857218	"[""V03AE02""]"
207373	"[""L01XX23""]"
208123	"[""S01FA02""]"
208441	"[""M01AB02""]"
208513	"[""G03CA57""]"
208590	"[""S01CA01""]"
208450	"[""N02CC01""]"
209814	"[""A12AA04""]"
2099686	"[""G03BA03""]"
210298	"[""A03AX13""]"
210659	"[""A06AC08""]"
211525	"[""A12CB01""]"
2122642	"[""L04AA40""]"
2123072	"[""R03AC02""]"
213561	"[""C05AA05"", ""D07AC01"", ""D07XC01""]"
213915	"[""R01BA01"", ""R06AB04""]"
2168521	"[""N02BE01"", ""R05DA09""]"
2168517	"[""R05DA09"", ""R06AB06""]"
2173857	"[""R05CA03"", ""R05DA09""]"
1093230	"[""D01AC01""]"
1094168	"[""R06AA02""]"
1094136	"[""G04BX06""]"
1094383	"[""N01BX04""]"
1094538	"[""N02BE01"", ""R05DA09""]"
1098155	"[""D10AE01""]"
1099650	"[""N03AG01""]"
1101389	"[""S01GA02""]"
1101546	"[""N02BE01"", ""R01BA02""]"
1101928	"[""N06BA11""]"
1113050	"[""R01BA02"", ""R05DA04"", ""R06AE04""]"
1114500	"[""J01DD02""]"
351913	"[""D01AE14""]"
213329	"[""R05CA03""]"
1091200	"[""R01BA02"", ""R01BA52"", ""R06AB04""]"
1098930	"[""R05FB02""]"
1115575	"[""N01AH01"", ""N02AB03""]"
1116629	"[""C05AD01"", ""D04AB01""]"
1190804	"[""A03BA01""]"
1232410	"[""P03AC01""]"
1233623	"[""M02AB01""]"
1234560	"[""G04BD04""]"
1234594	"[""D01AE12""]"
1116148	"[""R05CA03""]"
402058	"[""L03AX03""]"
402273	"[""G04BE09""]"
404044	"[""D07AA02""]"
404127	"[""D10AE01""]"
404542	"[""R01BA02"", ""R05CA03""]"
476179	"[""N05AH02""]"
540800	"[""R01BA02"", ""R06AB04""]"
562300	"[""A01AC03""]"
583030	"[""G03GA07""]"
857890	"[""C01BA02""]"
1000081	"[""N06AA12""]"
1000046	"[""D08AC02"", ""D09AA12""]"
1000929	"[""S01EB01""]"
1011707	"[""N01BB02""]"
1011987	"[""S01CA02""]"
1012942	"[""R01BA02"", ""R06AA08""]"
1013011	"[""C05AD01"", ""D04AB01""]"
1037153	"[""R01BA03"", ""R05CA03"", ""R05DB05""]"
1037205	"[""D08AG02""]"
1014571	"[""R01BA02""]"
1044218	"[""D08AG02"", ""D08AG03"", ""D09AA09"", ""D11AC06""]"
1047939	"[""D08AE04"", ""D09AA06""]"
1049553	"[""D08AG03""]"
1049635	"[""N02AJ17""]"
1052709	"[""A01AB02"", ""D08AX01""]"
1053282	"[""D01AE12""]"
1053364	"[""C05AD03"", ""D04AB04"", ""N01BA05""]"
108329	"[""D01AC08""]"
1085773	"[""D07AB09""]"
2184158	"[""R01BA03"", ""R06AB04""]"
245619	"[""D11AX12""]"
262095	"[""C10AA05""]"
283279	"[""D02AF""]"
284453	"[""R01AX""]"
1654351	"[""H01CB02""]"
1658262	"[""B05XA05""]"
1659174	"[""B05CB04""]"
1659161	"[""C10AX14""]"
1661740	"[""R05FB02""]"
1664328	"[""A10BD20""]"
1666798	"[""N05CD08""]"
1099709	"[""R01BA02"", ""R05DA04"", ""R06AX07""]"
1190831	"[""R01BA02""]"
1234466	"[""R05FB02""]"
540411	"[""N05CF04""]"
540921	"[""J01EA01"", ""J01EC01""]"
541660	"[""N06AB05""]"
543685	"[""D07AA02""]"
616906	"[""R01BA03"", ""R05DB05"", ""R06AB04""]"
858984	"[""R01BA02"", ""R05CA09"", ""R05DA03""]"
1011705	"[""D04AB01""]"
1020375	"[""R02AD01""]"
1044982	"[""D11AX12""]"
1048386	"[""A03BA03""]"
105184	"[""J01DD07""]"
543806	"[""R02AD01""]"
283420	"[""D08AX01""]"
104726	"[""N05CB01""]"
1001056	"[""S01EB01""]"
312237	"[""A07BC01"", ""A07BC02""]"
312456	"[""P03AC01""]"
312453	"[""P03AC01""]"
199425	"[""N05CH01""]"
1999389	"[""R07AX31""]"
205735	"[""J01CA04""]"
206078	"[""J01FA01""]"
206794	"[""L01AD02""]"
207090	"[""C03AA08""]"
207638	"[""S01CA02""]"
313043	"[""A01AA01""]"
347115	"[""V03AN01"", ""V03AN02"", ""V03AN04""]"
348328	"[""V03AN01"", ""V03AN02""]"
352050	"[""J05AF07""]"
352125	"[""A02BC02""]"
352310	"[""N05AX12""]"
392275	"[""J01FF01""]"
352046	"[""B03XA02""]"
805378	"[""J07CA02""]"
809382	"[""A03AX13""]"
809521	"[""A02AC01"", ""A12AA04""]"
833104	"[""A06AD17"", ""A06AG01"", ""A12BA01"", ""A12CA01"", ""A12CC01"", ""B05CB01"", ""B05CX01"", ""B05CX03"", ""B05XA01"", ""B05XA03"", ""B05XA09"", ""B05XA11"", ""B05XB03"", ""N06AX02"", ""V03AB26"", ""V03AG05"", ""V04CA02"", ""V06DC01""]"
835886	"[""L04AD01""]"
849438	"[""M01AE02""]"
853021	"[""J01FF01""]"
855290	"[""B01AA03""]"
208274	"[""R03DA04""]"
208676	"[""G03GA04""]"
208975	"[""P02BA01""]"
209347	"[""D01AA08"", ""D01BA01""]"
210177	"[""D01AE12"", ""D10AB02""]"
211151	"[""A07BC04""]"
211958	"[""J01CA03""]"
2122099	"[""R05DA09""]"
212593	"[""D02AE01""]"
213958	"[""A16AB01""]"
2168926	"[""R05CA03""]"
2176463	"[""R01BA02"", ""R05DA09"", ""R06AB01""]"
2183893	"[""R06AB04""]"
1091245	"[""A02AA02"", ""A02AC01"", ""A06AD02"", ""A11CC05"", ""A12AA04"", ""A12CC10""]"
1099687	"[""N03AG01""]"
1101456	"[""N01AB08""]"
1101534	"[""R01BA03""]"
1111055	"[""D01AE12""]"
1111197	"[""A11GA01"", ""B03BA01"", ""B03BB01""]"
1114024	"[""D10AE01""]"
1114891	"[""R01BA02"", ""R05CA03"", ""R05DA09""]"
1189316	"[""N02BE01"", ""R05DA09""]"
836366	"[""R03AL02""]"
2119575	"[""N06BA04""]"
310639	"[""R01BA03"", ""R05CA03""]"
310693	"[""V03AN03""]"
311068	"[""L03AB04""]"
311454	"[""A06AD16"", ""N03AA02""]"
312107	"[""A03DB"", ""A07DA02""]"
198436	"[""N02BE01""]"
199423	"[""D10AE01""]"
1995143	"[""C05AX04""]"
2003797	"[""N03AX09""]"
2058881	"[""L01BC05""]"
206206	"[""A02BC03""]"
313250	"[""J01AA07""]"
313284	"[""R03DA04""]"
313963	"[""S01EA01""]"
314965	"[""A09AA01""]"
346618	"[""J01FA09""]"
346805	"[""V03AB16"", ""B05BA03""]"
352350	"[""A01AA01""]"
360368	"[""N05AH02""]"
827180	"[""A02BA02""]"
831300	"[""C08DB01""]"
834348	"[""C01BD01""]"
847042	"[""C09DA08""]"
312738	"[""A11HA02""]"
848949	"[""C10AC01""]"
855298	"[""B01AA03""]"
208434	"[""D10AE01""]"
208712	"[""H02AB09""]"
209529	"[""N02BE01""]"
210639	"[""L01AA01""]"
211508	"[""C01CA26""]"
2119862	"[""N03AF01""]"
2118730	"[""N02AJ22""]"
213400	"[""B06AB01""]"
214083	"[""C03BA04""]"
2168011	"[""R05CA03"", ""R05DA09""]"
2181311	"[""R01BA53""]"
237205	"[""C01DA02""]"
1092373	"[""N02BE01""]"
1094498	"[""A03BB01""]"
1233883	"[""C10AA02""]"
1234532	"[""D04AB07""]"
562646	"[""R01BA01"", ""R06AB04""]"
605094	"[""N06BC01""]"
616765	"[""V03AB16"", ""V03AZ01""]"
857762	"[""R01BA03"", ""R05DA03"", ""R06AB04""]"
857836	"[""R01BA03"", ""R05DA03"", ""R06AB04""]"
858114	"[""C01BA02""]"
858974	"[""R01BA02"", ""R05DA03"", ""R06AB04""]"
859192	"[""N04BD01""]"
860272	"[""R01BA01"", ""R01BA03"", ""R05CA03"", ""R05DA03"", ""R06AB05""]"
860599	"[""R05DA03""]"
860752	"[""R06AA10""]"
1000048	"[""N06AA12""]"
1012381	"[""N01BB01""]"
1012888	"[""R01BA02"", ""R06AA08""]"
1013038	"[""N01BB02""]"
1038799	"[""D08AJ01""]"
104099	"[""A02BC01""]"
1046272	"[""S01GA01""]"
1046965	"[""A03BA01"", ""A03BA03"", ""A04AD01"", ""N03AA02"", ""N05CM05""]"
1047125	"[""D01AE12""]"
1049167	"[""R01BA02""]"
1049197	"[""N02AJ17""]"
1049245	"[""D08AJ01""]"
1050506	"[""R01BA02""]"
1053206	"[""D08AJ01""]"
1052519	"[""N02BE01"", ""R05CA03"", ""R05DA09""]"
240422	"[""V07AB""]"
242538	"[""M09AB03""]"
242623	"[""A02AA04"", ""A02AC01""]"
245640	"[""D01AE12""]"
250820	"[""N03AG04""]"
259853	"[""D08AE05""]"
260401	"[""H02AB06""]"
283523	"[""N02BF01""]"
307829	"[""D08AA02"", ""J01EB05"", ""S01AB02""]"
1653792	"[""A07DA06""]"
1664321	"[""A10BD20""]"
1716031	"[""A11CA01"", ""A11CC05""]"
1734930	"[""N06BA04""]"
1736053	"[""N03AX14""]"
1737735	"[""C01BB01""]"
210544	"[""N02CA02"", ""N03AA02""]"
1190546	"[""A03BA01""]"
1000654	"[""S01AB04"", ""S01FB01"", ""S01GA05""]"
1010763	"[""N01BB02""]"
1039716	"[""D01AE12""]"
1049888	"[""D04AA32""]"
1086386	"[""V06DC01""]"
261337	"[""N05AH03""]"
307760	"[""A02AA04"", ""A02AB01""]"
1656287	"[""D01AE12""]"
1673373	"[""A04AD14""]"
249711	"[""R05FB02""]"
1726676	"[""L01DC01""]"
1736656	"[""G03AA05""]"
1742220	"[""B05AA01""]"
1789199	"[""D01AE12""]"
1789746	"[""R06AA02""]"
1790888	"[""N06AX26""]"
1791493	"[""L01DB06""]"
1794886	"[""B05BB01""]"
106339	"[""D10AB02"", ""D11AC30""]"
1000948	"[""D10AB02"", ""D10AF06""]"
1724792	"[""N01BB01""]"
1189814	"[""A10BH51""]"
1234244	"[""C01EA01"", ""G04BE01""]"
413107	"[""V03AN01"", ""V03AN02""]"
487064	"[""M01AX05""]"
602365	"[""R06AX13""]"
615869	"[""B06AA03""]"
860090	"[""R01BA01"", ""R01BA03"", ""R05DA03"", ""R06AB05"", ""R06AC01""]"
860221	"[""L02AB01""]"
1005806	"[""D10AB02"", ""D10AF06""]"
1005819	"[""D10AF06""]"
1006047	"[""B03BA01""]"
1006122	"[""S01AB04""]"
1006691	"[""D10AF06""]"
104232	"[""C03DA01""]"
1043031	"[""J01DD08""]"
1039991	"[""D08AJ01""]"
1046986	"[""A03BA03""]"
1048075	"[""R05FB02""]"
1053005	"[""C05AX04""]"
238936	"[""D10AF02""]"
243508	"[""A04AD01"", ""N05CM05""]"
259306	"[""A03AE01""]"
259760	"[""B03AA02""]"
261177	"[""D01AA01""]"
284419	"[""G03GA05""]"
285028	"[""J05AR04""]"
307667	"[""N02BE01""]"
1657976	"[""L04AC07""]"
1660191	"[""J05AP07""]"
1665088	"[""J01DE01""]"
1665107	"[""J01DC01""]"
1716200	"[""V03AB37""]"
1724794	"[""N01BB01""]"
214077	"[""J01DD13""]"
562815	"[""N06AB05""]"
597993	"[""C10BX03""]"
608652	"[""N02BE01""]"
616238	"[""A10AE05""]"
1040025	"[""H01AA01""]"
1046595	"[""D10AE01""]"
1048965	"[""A03BA03"", ""G04BX06""]"
1669854	"[""G03CA03""]"
1670344	"[""R06AX26""]"
1731352	"[""V03AC01""]"
1736588	"[""V03AF02""]"
1006439	"[""A01AA01""]"
602598	"[""G03AA12""]"
308074	"[""A02AA04"", ""A02AB01""]"
205488	"[""C03CA02""]"
206201	"[""N03AX09""]"
206893	"[""M01AE01""]"
207351	"[""L03AX04""]"
205709	"[""N06AA17""]"
997422	"[""R06AX26""]"
314020	"[""C03AA03""]"
315056	"[""B03BA01""]"
360176	"[""L04AX02""]"
402095	"[""J05AE08""]"
403841	"[""R06AX27""]"
318211	"[""A12BA05""]"
805515	"[""J05AE09""]"
831576	"[""A11HA03""]"
834073	"[""J01CE02""]"
846918	"[""A02AA01"", ""A06AD01""]"
847362	"[""J01DD16""]"
848752	"[""N05AX14""]"
849050	"[""N03AX09""]"
1094560	"[""D02AB""]"
1099279	"[""A06AA02""]"
1101593	"[""A03BA03""]"
1116448	"[""N05AA04""]"
1120008	"[""R05DA09""]"
1149632	"[""G03CA03""]"
1193337	"[""L01EJ01""]"
207955	"[""A10BB05""]"
208561	"[""C07AA06""]"
209675	"[""D01AE18""]"
209826	"[""N02BE01""]"
210239	"[""R05CA01""]"
210887	"[""A02AA04""]"
2166148	"[""H03AA01""]"
238083	"[""N01AX03""]"
208452	"[""N02CC01""]"
403944	"[""R06AA08""]"
434102	"[""R01BA03"", ""R05CA03""]"
477221	"[""R01BA02"", ""R06AA08""]"
616287	"[""L01EX01""]"
616483	"[""N05AH04""]"
616489	"[""N05AH04""]"
857185	"[""C09AA09""]"
857332	"[""N07AB02""]"
857896	"[""C01BA02""]"
859040	"[""N04BC05""]"
860512	"[""C07AG02""]"
1000923	"[""S01EB01""]"
1043673	"[""S01GA01""]"
1046291	"[""S01GA01""]"
104850	"[""N06AB03""]"
1665691	"[""N02AB02""]"
1722934	"[""J01DH02""]"
2118728	"[""N02AJ22""]"
2122799	"[""R05CA03""]"
602135	"[""A11GA01""]"
857529	"[""N02BA01"", ""R05DA03""]"
860516	"[""C07AG02""]"
1020065	"[""M05BA07""]"
1038800	"[""A01AA01""]"
1049086	"[""D04AB04"", ""D08AJ08""]"
251960	"[""A01AA01""]"
261093	"[""A12AA04""]"
1657705	"[""L01FE02""]"
1658157	"[""J07BC01""]"
1794882	"[""B05BB02""]"
1804802	"[""B01AD02""]"
1805004	"[""L01AA09""]"
1806937	"[""L01XG02""]"
1807550	"[""B05XA03""]"
1809209	"[""J06BA01""]"
1809477	"[""J06BA01""]"
1810869	"[""D08AJ01""]"
1812194	"[""H02AB02""]"
1855527	"[""L04AB04""]"
1856275	"[""B01AB01""]"
1860080	"[""D08AX08""]"
1861581	"[""A07AA02"", ""D01AA01"", ""G01AA01""]"
1863554	"[""D04AB01""]"
1865144	"[""D07AA02""]"
1867942	"[""N01BB02""]"
1927849	"[""N02BE01"", ""R05CA03"", ""R05DA09"", ""R06AA09""]"
1929118	"[""A09AA01""]"
1942489	"[""L01XK01""]"
197546	"[""C04AX01""]"
1234953	"[""N02AA08"", ""R06AB04""]"
1235462	"[""N02BE01""]"
1236083	"[""N02AA08"", ""R06AB04""]"
1242769	"[""V07AB""]"
1243780	"[""N02AJ06"", ""R01BA03"", ""R05CA03""]"
1244908	"[""B03AA02"", ""G03AA05""]"
1246375	"[""R05DA09""]"
1248206	"[""N02BE01""]"
1293729	"[""D07XA01""]"
1294035	"[""D07AA02"", ""D04AB07""]"
1294192	"[""R06AA02"", ""R01BA03""]"
1297407	"[""R01BA02"", ""R05CA03"", ""R05DA09""]"
1297952	"[""D07AA02"", ""D04AA32""]"
1300082	"[""R01BA02"", ""R06AB01""]"
1300797	"[""G04BD12""]"
1302671	"[""A01AB23"", ""J01AA08""]"
1307253	"[""R01BA02"", ""R05CA03"", ""R05DA09""]"
1307265	"[""R01BA02"", ""R05CA03""]"
1312747	"[""M02AB01""]"
1313112	"[""N03AB02""]"
1313925	"[""A11JC""]"
1314629	"[""C01CA06""]"
1356838	"[""R01BA02"", ""R05DA09"", ""R06AB01""]"
1359359	"[""D06AX05"", ""D04AB07""]"
1359608	"[""A03BA01""]"
1359743	"[""N01BB02""]"
1362223	"[""C05AA01"", ""C05AD07""]"
1367414	"[""A11CC01""]"
1371196	"[""R05DA09"", ""R06AA09""]"
1374842	"[""A07AA01""]"
1424050	"[""C05AA01"", ""C05AD01""]"
1426565	"[""D08AJ01""]"
197905	"[""C10AA02""]"
198151	"[""C10AX02""]"
1431235	"[""N05AE05""]"
1435897	"[""D08AC02""]"
1437775	"[""N02BE01"", ""R06AB04""]"
1437718	"[""R05DA09""]"
1483772	"[""D01AE12""]"
1487251	"[""N02BE01""]"
1494041	"[""D08AJ01""]"
153183	"[""D10AD03""]"
153667	"[""C09CA04""]"
1537053	"[""A12BA04""]"
1549367	"[""R01AA07""]"
1552231	"[""D04AB04""]"
1602594	"[""N06DA52""]"
1552241	"[""D08AG03"", ""D08AX05""]"
1595754	"[""R05DA03""]"
1086356	"[""D11AF""]"
2184108	"[""R01BA53""]"
247139	"[""D10AB02"", ""D10AX02""]"
284430	"[""D11AX16""]"
284531	"[""C09CA07""]"
1660934	"[""R03AK09""]"
1721455	"[""A07BC04""]"
1722407	"[""J06BB19""]"
1734476	"[""N01BB09""]"
1741758	"[""B05AA01""]"
1797113	"[""G03CA03""]"
1808219	"[""N01AX10""]"
1856552	"[""J01CE08"", ""J01CE09""]"
1860083	"[""D02AB""]"
1861926	"[""R05FB02""]"
1865292	"[""D04AB01""]"
1869605	"[""H02AB02""]"
1245732	"[""A06AA02"", ""B03AA02""]"
1248158	"[""A06AA02""]"
1248157	"[""A06AA02""]"
1249588	"[""N05CD08""]"
1251031	"[""R05CA03"", ""R05DA09""]"
1251771	"[""R01BA02"", ""R06AA02""]"
1293466	"[""B05BB""]"
1293987	"[""C05AD07"", ""D04AB07""]"
1294019	"[""R05CA03""]"
1294216	"[""N02CA02"", ""N05CA01"", ""N06BC01""]"
1294336	"[""C05AD07"", ""D04AB07""]"
1298908	"[""N05AE02""]"
1299077	"[""M01AE51"", ""R01BA02""]"
1299969	"[""D01AC01""]"
1300354	"[""A12CB01""]"
1300541	"[""R05FB02""]"
1301161	"[""R02AD01""]"
1305135	"[""A06AA02"", ""A11CC05"", ""A11GA01"", ""A11HA02"", ""B03AA02"", ""B03BB01""]"
1299963	"[""C09AA13""]"
1307073	"[""A03BB03"", ""R01BA02"", ""R06AB04""]"
1314626	"[""A11DA01"", ""A11HA01"", ""A11HA02"", ""A11HA04"", ""B03BA01""]"
1359083	"[""N02BA51""]"
1361679	"[""D08AG03""]"
1366844	"[""N02BE01"", ""R01BA02""]"
1372451	"[""R05CA03"", ""R05DA09""]"
1374395	"[""R05DA09"", ""R06AB04""]"
1430406	"[""R01BA02"", ""R05CA03""]"
1433635	"[""A11HA01"", ""C01EB10""]"
197683	"[""N03AB01""]"
1441385	"[""A02AC01"", ""A12AA04""]"
1485332	"[""G03AA05""]"
1488333	"[""D04AB01""]"
1489299	"[""D04AX""]"
1491834	"[""N02AJ17""]"
1432482	"[""D04AB01""]"
1729444	"[""B05AA02""]"
1738805	"[""N06AB05""]"
1743877	"[""C01CA04""]"
1791374	"[""A16AA01""]"
1791376	"[""A16AA01""]"
1795609	"[""B05BA03""]"
1872269	"[""N02AA03""]"
1921723	"[""G03AB03"", ""G03CA01""]"
1922727	"[""R01BA02"", ""R06AA02""]"
1943549	"[""H02AB02""]"
197737	"[""A10BB01""]"
1241883	"[""R05DA09""]"
1242088	"[""R05FB02""]"
1242106	"[""N02AB02""]"
1243052	"[""R07AX02""]"
1243393	"[""A12AX""]"
1245036	"[""A11HA02"", ""N05CH01""]"
1250726	"[""D01AC01""]"
1298408	"[""R01BA02"", ""R05CA03""]"
1299890	"[""C09BA13""]"
1300803	"[""G04BD12""]"
1312963	"[""B03AB02""]"
1363490	"[""D11AX22"", ""P02CF01""]"
1363648	"[""R01BA03"", ""R06AB01""]"
1422935	"[""R05DA09""]"
198110	"[""C03AA05""]"
1482656	"[""D01AC08"", ""D08AC02""]"
1489070	"[""R02AD01""]"
1491882	"[""D04AB01""]"
1538142	"[""L04AG05""]"
1541115	"[""S01CB03""]"
1544708	"[""D02AE01""]"
1547664	"[""R03BA09""]"
1550957	"[""M01AE57""]"
1551498	"[""S02AA14"", ""S02BA07""]"
1592796	"[""D11AX22"", ""P02CF01""]"
1593295	"[""A01AA01""]"
1599803	"[""N06DA52""]"
1427410	"[""D02AB""]"
1600927	"[""N02BA03"", ""N06BC01""]"
1606208	"[""D11AC"", ""A11HA02"", ""A12CB02""]"
1362791	"[""R01BA03"", ""R05DA03"", ""R06AB02""]"
1363504	"[""R06AB06""]"
1372560	"[""M02AC""]"
1441398	"[""A11GA01""]"
1600974	"[""D04AB04""]"
1650976	"[""N05AX13""]"
1245463	"[""A06AA02""]"
1365899	"[""G03AA11""]"
1536470	"[""A02AH""]"
1547231	"[""A16AX10""]"
1549308	"[""D08AE04"", ""D02AB""]"
1544873	"[""R05DA09""]"
1649964	"[""L03AA02""]"
1799001	"[""A16AX04""]"
1803893	"[""A10BJ03""]"
1804844	"[""D01AE12""]"
1808552	"[""A08AA11""]"
1946520	"[""L02AE02""]"
197324	"[""D10AX01""]"
197386	"[""M01CB03""]"
1244632	"[""G03AB03"", ""G03CA01""]"
1248032	"[""A06AA02"", ""A06AB04""]"
1291099	"[""R02AA06"", ""R02AD01""]"
1297387	"[""A01AA01""]"
1360388	"[""C01DA02""]"
1363279	"[""L01EX07""]"
1363733	"[""R05DA09""]"
1372905	"[""P03AC01""]"
1373034	"[""R01BA02""]"
1373124	"[""A07BC04""]"
1425120	"[""N05CH01""]"
1437492	"[""A02BC04""]"
197464	"[""N05BA05""]"
197665	"[""G03EK01""]"
197929	"[""N05BC01""]"
197989	"[""L01DB07""]"
1482642	"[""D10AE01""]"
1542988	"[""N02AJ23""]"
1551512	"[""A06AD19""]"
1592285	"[""L04AX05""]"
1594962	"[""S01XA20""]"
1601107	"[""D01AE18""]"
1604564	"[""A07FA51""]"
1605195	"[""H03AA01""]"
1487296	"[""A12AA05""]"
628955	"[""A12BA01""]"
700599	"[""R05CA03""]"
637551	"[""B05BB01""]"
701851	"[""D01AE18""]"
688701	"[""S01CB03""]"
747236	"[""B01AC06""]"
795728	"[""N02BA01""]"
731227	"[""B03XA02""]"
755469	"[""A06AD11""]"
755618	"[""N05CC01""]"
861962	"[""N06BA13""]"
904469	"[""C10AA03""]"
992739	"[""A03BB06""]"
310809	"[""C09BA06""]"
758020	"[""J01AA07"", ""P01AB01""]"
761977	"[""G03AB03""]"
863843	"[""R05CA03"", ""R05DB05""]"
876861	"[""A11JA""]"
890953	"[""D10AF02""]"
966916	"[""A06AD65""]"
967028	"[""A12BA01"", ""B05XA01""]"
978682	"[""A08AA03""]"
979097	"[""P01BA02""]"
892589	"[""N02AA01""]"
308183	"[""J01CA04""]"
311933	"[""D06AX04""]"
108959	"[""D05AX02""]"
2043455	"[""D04AB04"", ""D08AJ01""]"
205542	"[""G03CA57""]"
206989	"[""H02AB07""]"
207289	"[""J01XD01"", ""P01AB01""]"
996728	"[""R01BA02"", ""R05DA04""]"
352172	"[""J01AA02""]"
809232	"[""A09AA01""]"
834108	"[""J01CE02""]"
795853	"[""J01AA02""]"
308188	"[""J01CA04""]"
308929	"[""A11DA01"", ""A12AA05""]"
645669	"[""D10AD01""]"
753522	"[""V07AB""]"
876514	"[""C09DB04""]"
861210	"[""S01EA05""]"
308849	"[""A11HA01"", ""A12AA03"", ""N03AA02""]"
310687	"[""S02CA03""]"
310877	"[""D07AA02""]"
310872	"[""D07BA""]"
312364	"[""N03AA02""]"
312255	"[""D06BB06""]"
198405	"[""M01AE01""]"
1989804	"[""B02BX06""]"
1994337	"[""D01AC08"", ""D08AC02""]"
200221	"[""N04BX01""]"
206368	"[""D07AA02""]"
998211	"[""N05CD08""]"
998675	"[""C02AC01""]"
313498	"[""N06AA06""]"
804752	"[""M02AB01""]"
835911	"[""L04AD01""]"
992528	"[""D01AE15""]"
308274	"[""S02CA03"", ""S02DA03""]"
685574	"[""J01FF01""]"
205769	"[""J01MA02""]"
995504	"[""P02BA01""]"
831248	"[""C08DB01""]"
762868	"[""H01AC01""]"
905287	"[""N04AA01""]"
995073	"[""R05DA04""]"
665042	"[""A10BH01""]"
722256	"[""N04BC09""]"
686403	"[""D02AA""]"
746189	"[""R03CC02""]"
757705	"[""C10AA01""]"
686924	"[""C07AG02""]"
763029	"[""N05BA06""]"
884192	"[""C02AC01"", ""C03BA04""]"
884386	"[""N06BA02""]"
966222	"[""H03AA01""]"
204913	"[""H03CA""]"
664741	"[""J05AE08""]"
748596	"[""M02AB01""]"
760029	"[""L03AB10""]"
763390	"[""G03AA05""]"
861363	"[""B01AX05""]"
861570	"[""A02BC05""]"
876403	"[""J01DC09""]"
901336	"[""N03AX11""]"
903456	"[""H03AA02""]"
905401	"[""C02AA02"", ""C02DB02"", ""C03AA03""]"
966244	"[""H03AA01""]"
991151	"[""A03AA07""]"
994535	"[""M03BC01""]"
892265	"[""H03AA01""]"
994237	"[""N02AJ07""]"
308164	"[""N05CA02""]"
308977	"[""N03AF01""]"
309414	"[""R05DA04"", ""R06AB01""]"
311036	"[""A10AB01""]"
312220	"[""A03AD01"", ""G04BE02""]"
312376	"[""A06AB04""]"
198475	"[""N02BA01""]"
201142	"[""M01AE01""]"
204391	"[""C10AX01""]"
2045900	"[""J01AA02""]"
2058491	"[""P02BA01""]"
206032	"[""D08AH30"", ""D07AA02""]"
312962	"[""C10AA01""]"
313005	"[""A12CA01""]"
313363	"[""N05AF04""]"
317119	"[""N05AH01""]"
845988	"[""D10AE01""]"
880878	"[""D02AA""]"
309984	"[""C01CA07""]"
309431	"[""R01BA03"", ""R05DA04"", ""R06AB05""]"
2000027	"[""L01EL01""]"
206445	"[""H02AB10""]"
313271	"[""R03DA04""]"
351909	"[""C10AB05""]"
644088	"[""A04AD12""]"
656659	"[""C02KX01""]"
756061	"[""R06AD04""]"
752870	"[""N06AX11""]"
645644	"[""D11AX11""]"
688645	"[""C02AB01"", ""C03AA03""]"
723801	"[""R05CA02""]"
744628	"[""C09DB02""]"
748869	"[""G03AB03""]"
753451	"[""N03AX09""]"
755298	"[""J05AF01""]"
755702	"[""H02AB06""]"
860947	"[""R06AA10""]"
309098	"[""J01DC02""]"
791881	"[""A02BC03""]"
729935	"[""D02AB""]"
861771	"[""A10BD07""]"
861985	"[""H02CA01""]"
864735	"[""N01BA05""]"
866307	"[""N03AF01""]"
880340	"[""A11CC05""]"
892349	"[""N02AA01""]"
898572	"[""J06BB01""]"
899761	"[""V03AN01"", ""V03AN04""]"
966221	"[""H03AA01""]"
993470	"[""C01CA17""]"
901551	"[""N04BC05""]"
992440	"[""R06AD02""]"
992876	"[""R06AD02""]"
309587	"[""R06AB04""]"
311496	"[""D10AB02""]"
312604	"[""S01BA04""]"
312821	"[""J04AB02""]"
198235	"[""J01EB05""]"
1995460	"[""D07AD01""]"
2003190	"[""D10AB02"", ""D10AX02""]"
201239	"[""N03AX09""]"
202131	"[""S01EC01""]"
206520	"[""S02CA03""]"
995213	"[""R05DA04"", ""R06AB04""]"
999927	"[""D10AD01""]"
313824	"[""N02BA05"", ""N02BE01"", ""N06BC01""]"
314152	"[""H01CB02""]"
349419	"[""R01BA02"", ""R06AB01""]"
389201	"[""N05AH04""]"
392046	"[""A01AA01""]"
809277	"[""A09AA01""]"
992456	"[""R06AD02""]"
905224	"[""C02DB02""]"
968810	"[""L01BC01""]"
978676	"[""B03BA01"", ""B03BB01""]"
861385	"[""J02AX05""]"
1998461	"[""N05AX12""]"
807012	"[""D02AE01""]"
828576	"[""N02AC04""]"
352211	"[""B01AC21""]"
646830	"[""L01DB02""]"
656137	"[""H05BX01""]"
744793	"[""R02AD01""]"
722289	"[""L01EG01""]"
729434	"[""H03BB02""]"
730880	"[""G03CA57""]"
731235	"[""B03XA02""]"
751984	"[""A06AB02""]"
795141	"[""L02BG03""]"
881407	"[""A10BB01""]"
883501	"[""D02AF"", ""D11AC"", ""D11AF""]"
884524	"[""N06BA02""]"
891806	"[""D02AB""]"
892253	"[""H03AA01""]"
896023	"[""R03BA05""]"
901483	"[""R03CC02""]"
1087968	"[""G03DA03""]"
686429	"[""A07EC02""]"
669025	"[""N01BA05""]"
860805	"[""S01GX07""]"
861503	"[""D07AD01""]"
864801	"[""N07BC02""]"
880853	"[""A06AC01""]"
885578	"[""B03AA07""]"
900963	"[""A06AD15""]"
902624	"[""A02BC06""]"
903735	"[""H03AA01"", ""H03AA02""]"
904390	"[""R05DB01""]"
966250	"[""H03AA01""]"
992471	"[""R06AD02""]"
993348	"[""P02CA06""]"
897649	"[""C08DA01""]"
308688	"[""D10AE01""]"
308852	"[""D03AX01""]"
309045	"[""J01DC04""]"
309376	"[""N05AH02""]"
310156	"[""J01FA01""]"
311620	"[""J01CF03""]"
311988	"[""J01XE01""]"
309633	"[""C03AA09""]"
199148	"[""J05AF05""]"
199190	"[""D07AA02""]"
199680	"[""D02AA""]"
2001264	"[""C10AA08""]"
2045477	"[""M01AE01""]"
206343	"[""A16AA01""]"
207059	"[""L03AB08""]"
207138	"[""H02AB04""]"
998474	"[""J02AB01""]"
998539	"[""D01AC02""]"
313009	"[""A12CA01""]"
315160	"[""C01DA02"", ""C05AE01""]"
317104	"[""A06AX01""]"
802503	"[""B03AE""]"
823938	"[""C09DA04""]"
310235	"[""N04AA05""]"
992801	"[""N01BA04""]"
205862	"[""S01EA01""]"
995466	"[""B05XA12""]"
996636	"[""R01BA02"", ""R05DA04""]"
900384	"[""A01AA01""]"
312310	"[""N04BC02""]"
311540	"[""D08AK04""]"
198706	"[""D07AA02""]"
1999531	"[""J05AB06""]"
204442	"[""M01AE01""]"
2044646	"[""N02BE01""]"
205281	"[""N02BA51""]"
206887	"[""M01AE01""]"
206978	"[""D01AC08""]"
206828	"[""N05BA06""]"
995019	"[""C01DA02""]"
995578	"[""N05BB01"", ""R03DA04""]"
313353	"[""N05AC02""]"
313629	"[""A11GA01"", ""A11HA03"", ""A12CB01""]"
313989	"[""N06AB03""]"
315086	"[""N03AA02"", ""R03DA04"", ""R05CA03""]"
348381	"[""V03AN01""]"
349563	"[""A03BB03"", ""R01BA03"", ""R06AB04""]"
359144	"[""R03CC02""]"
359329	"[""R05FB02""]"
807786	"[""P03AX05""]"
825190	"[""S01CB03""]"
835572	"[""N06AA02""]"
835829	"[""G03BA03""]"
311916	"[""M01AE02""]"
2059266	"[""N07XX02""]"
825421	"[""B02BX05""]"
833096	"[""A06AD17"", ""A06AG01"", ""A09AB01"", ""A12BA01"", ""A12CA01"", ""A12CC01"", ""B05CB01"", ""B05CX01"", ""B05CX03"", ""B05XA01"", ""B05XA03"", ""B05XA09"", ""B05XA11"", ""B05XB01"", ""B05XB03"", ""V03AG05"", ""V04CA02"", ""V06DC01""]"
313847	"[""L01XF02""]"
847217	"[""D01AE14""]"
847753	"[""J05AE03""]"
848131	"[""C09DX01""]"
854907	"[""C07AB07""]"
855202	"[""H01CC01""]"
857078	"[""N02BE01"", ""R05DA03""]"
857159	"[""N02BE01"", ""R05DA03""]"
857325	"[""N07AB02""]"
857523	"[""N02BA01"", ""R05DA03""]"
855300	"[""B01AA03""]"
207489	"[""N05AB03""]"
208305	"[""D04AB04""]"
208406	"[""J01EE01""]"
209136	"[""R03DA01"", ""R05CA03""]"
209902	"[""N02BE01""]"
210581	"[""A03AX10"", ""N02BE01"", ""N05CC04""]"
2105904	"[""A06AC01""]"
210817	"[""R05FB02""]"
211154	"[""R01AA04"", ""R01AB01""]"
211194	"[""N02BE01""]"
2120915	"[""R05DA09""]"
212219	"[""B03XA01""]"
1091839	"[""R03DX07""]"
1092571	"[""C02AC02""]"
1094019	"[""G04BX06"", ""J01AA06"", ""J01EB02""]"
1095227	"[""G03AB03""]"
1100057	"[""D01AE14""]"
1102136	"[""J05AP03""]"
1112906	"[""N02BE01"", ""R05DA09"", ""R06AB04""]"
1113429	"[""R01BA02"", ""R05DA04"", ""R06AB04""]"
995216	"[""R05DA04"", ""R06AB04""]"
212978	"[""A02AD03""]"
1094087	"[""B05XB01"", ""B05XB03""]"
1145610	"[""D08AX08""]"
1148482	"[""N02AX02""]"
1150120	"[""N01BB02""]"
1190589	"[""R01BA02"", ""R06AB04""]"
404084	"[""B03AD02""]"
406503	"[""H05BX03""]"
477234	"[""P01AB02""]"
541144	"[""H01AC01""]"
545041	"[""C03CA01""]"
562127	"[""J07BC01""]"
541918	"[""J01CA04""]"
562662	"[""H02AB06""]"
581539	"[""R06AB01""]"
596930	"[""N06AX21""]"
858364	"[""S01BC05""]"
858806	"[""C09AA02""]"
859029	"[""R01BA03"", ""R05DA03"", ""R06AB04""]"
859250	"[""R05DA03"", ""R06AB04""]"
859387	"[""R05CA03"", ""R05DA03""]"
860030	"[""R01BA03"", ""R05DA03"", ""R06AC01""]"
860741	"[""R06AA10""]"
1000919	"[""S01EB01""]"
1006863	"[""P02CC01""]"
1009324	"[""C08CA01"", ""C09XA02""]"
1010069	"[""G03BA03"", ""G03CA03""]"
1010811	"[""R01BA02"", ""R06AA08""]"
1011839	"[""D08AJ01"", ""D04AB01""]"
1012021	"[""S01CA02""]"
1012465	"[""M03CA01""]"
103918	"[""C10AA04""]"
1039227	"[""D04AB04""]"
1039545	"[""C05AD07"", ""D04AB07""]"
1043353	"[""N01BA05""]"
104384	"[""C09AA05""]"
1046799	"[""N02BE01"", ""R06AB04""]"
1046760	"[""A03BA01"", ""A03BA03"", ""A04AD01"", ""N03AA02"", ""N05CM05""]"
1048445	"[""C10AC02""]"
1048969	"[""D02AB""]"
105230	"[""J01AA06""]"
1053239	"[""N01BA05""]"
1053200	"[""D02AA""]"
1053716	"[""D01AA01"", ""D07XB02""]"
1085750	"[""H02AB08""]"
1086263	"[""H02AB08""]"
240060	"[""A12BA05""]"
244267	"[""S01CB01""]"
245650	"[""D04AB04""]"
248273	"[""A11GA01""]"
307672	"[""N02BA05"", ""N02BE01""]"
307707	"[""V07AB""]"
1658106	"[""J07BC02""]"
1659131	"[""J01CR05""]"
1659805	"[""N02BE01"", ""R05CA03"", ""R05DA09"", ""R06AA09""]"
1659993	"[""D08AX08""]"
1660938	"[""R03AK09""]"
1664440	"[""L04AD02""]"
1664543	"[""R05DA04""]"
209717	"[""D06AX04"", ""D06AX05""]"
2122090	"[""D10AB02"", ""D10AE01""]"
1116912	"[""A03BA01""]"
476845	"[""M01AX05"", ""M01AX25""]"
616527	"[""C05AX04""]"
858074	"[""N05AX13""]"
1012068	"[""N01BB02""]"
1045341	"[""D04AB04""]"
1046643	"[""S01GA01""]"
1047747	"[""R07AB01""]"
105590	"[""L01BB03""]"
105630	"[""L02BA01""]"
1114865	"[""C05AX06""]"
545871	"[""N02BA51""]"
1037261	"[""N02AJ17""]"
198427	"[""N03AX09""]"
199371	"[""A07BC01""]"
1999724	"[""G03AA12""]"
204479	"[""G01AD01""]"
2045134	"[""V03AB38""]"
206288	"[""J01DC10""]"
313487	"[""N03AC02""]"
313570	"[""A07AA09""]"
315014	"[""A02AC01"", ""A07BC01""]"
352001	"[""C09CA03""]"
352143	"[""J05AG03""]"
801958	"[""N05BA01""]"
802759	"[""B03AE""]"
804547	"[""S01BA16""]"
809408	"[""A09AA01""]"
831233	"[""C08DB01""]"
844814	"[""R03DA04""]"
309110	"[""J01DB01""]"
800122	"[""A09AB01"", ""B05CX01"", ""B05CX03"", ""B05XB01"", ""B05XB03"", ""V04CA02"", ""V06DC01""]"
833543	"[""A01AA01""]"
847121	"[""A12AX""]"
847247	"[""H01AC01""]"
848144	"[""C09DX01""]"
850087	"[""N03AX09""]"
850457	"[""J05AE10""]"
854876	"[""N05CF02""]"
856537	"[""C07AA05""]"
857744	"[""R01BA03"", ""R05DA03"", ""R06AB04""]"
855873	"[""N03AB02""]"
857742	"[""R01BA03"", ""R05DA03"", ""R06AB04""]"
208059	"[""N02BA06""]"
208055	"[""N02BA06""]"
208090	"[""C02AA02"", ""C03AA03""]"
208150	"[""M03AC06""]"
208594	"[""N03AC02""]"
209884	"[""D11AX12""]"
210580	"[""A03AX10"", ""N02BE01"", ""N05CC04""]"
2122097	"[""R05DA09""]"
213072	"[""A06AB06""]"
212584	"[""D11AC""]"
212586	"[""D11AC""]"
2178097	"[""R01BA02"", ""R05CA03"", ""R05DA09"", ""R06AB04""]"
2102938	"[""D04AB01""]"
1091220	"[""N06BA04""]"
1093295	"[""D02AE01""]"
1099024	"[""R05CA03""]"
1099644	"[""N02BE01"", ""R01BA02"", ""R06AX07""]"
1099631	"[""R01BA03"", ""R05DA04"", ""R06AB04""]"
1099872	"[""N02BE01""]"
1100070	"[""M01AE51""]"
1102185	"[""D08AJ01""]"
1112908	"[""N02BE01"", ""R05DA09"", ""R06AB04""]"
1113051	"[""R05DA04"", ""R06AE04""]"
1113380	"[""R01BA02"", ""R06AB04""]"
1114064	"[""N05AA04""]"
1115833	"[""R03CA02"", ""R05CA03""]"
1116084	"[""N03AA02"", ""R03DA05""]"
1119742	"[""R05DA09""]"
996187	"[""R01BA02"", ""R05CA03"", ""R05DA04""]"
310876	"[""S01CB03""]"
200215	"[""M09AB03""]"
830839	"[""C08DB01""]"
313988	"[""C03CA01""]"
312146	"[""R03DA02""]"
1999021	"[""S01EA05""]"
199919	"[""C09CA03""]"
200044	"[""N02BA03""]"
2045493	"[""L04AE01""]"
206208	"[""D10AX01""]"
206615	"[""D11AX11""]"
206783	"[""N05BC01""]"
206873	"[""A02BA03""]"
206979	"[""J01CF06""]"
207712	"[""N07BA01""]"
996484	"[""R05CA03"", ""R05DA04""]"
996991	"[""N02AJ07""]"
997223	"[""N06DA02""]"
9997	"[""C03DA01""]"
312893	"[""D02AF""]"
313249	"[""S01AA09""]"
313802	"[""N02BA51"", ""M03BC01""]"
313996	"[""J01GB03""]"
314039	"[""R03AC07"", ""R03CC06""]"
315201	"[""N05CA06""]"
352334	"[""L04AB04""]"
801965	"[""N05BA01""]"
809220	"[""D10AE01""]"
828525	"[""B05XA07""]"
849304	"[""N02AC04""]"
849876	"[""C01BD01""]"
852974	"[""C01BA01""]"
856769	"[""N06CA01""]"
856966	"[""N02BE01"", ""R05DA03""]"
857299	"[""N06AA04""]"
857970	"[""C01BA02""]"
210040	"[""A02AA04"", ""A02AB01""]"
210756	"[""A12CC03""]"
2123034	"[""J05AR12""]"
212390	"[""C07AG02""]"
212996	"[""D10AB02"", ""D11AC30""]"
213196	"[""A16AX03""]"
2180650	"[""R06AX13""]"
2184159	"[""R06AB04""]"
1098498	"[""R01BA02""]"
1111662	"[""N02BE01""]"
1111756	"[""R01BA02"", ""R06AB04""]"
1115005	"[""A06AA02""]"
1115708	"[""R02AD04""]"
1116572	"[""N02BE01"", ""R05CA03"", ""R05DA09""]"
1115457	"[""L02AE02""]"
1117525	"[""J01XB01""]"
1120000	"[""J01EB03""]"
211336	"[""N02BA71""]"
1148485	"[""N02AX02""]"
1193111	"[""R01BA53""]"
1234569	"[""R01AA04""]"
1235472	"[""R02AD01""]"
1235507	"[""R01BA02""]"
1146982	"[""R06AX13""]"
483169	"[""G03CA03""]"
541365	"[""N06BA01"", ""N06BA02""]"
544183	"[""J01DC04""]"
579996	"[""S01XA20""]"
603117	"[""V03AE03""]"
607113	"[""A09AA01""]"
858932	"[""R01BA02"", ""R05DA03"", ""R06AB04""]"
859035	"[""N04BC05""]"
860129	"[""R01BA01"", ""R05DA03""]"
1000502	"[""R05CA03"", ""R05DA09""]"
1001567	"[""D08AG03""]"
1011482	"[""R06AE07""]"
1013702	"[""J01AA06""]"
1044427	"[""N02AJ22""]"
1044524	"[""A02AC01""]"
1046698	"[""R02AA12""]"
1053401	"[""M02AC""]"
242339	"[""A14AA07""]"
282402	"[""A11GA01""]"
283402	"[""H01CC02""]"
1653438	"[""V06DC01""]"
1657147	"[""N02BE01"", ""R05CA03"", ""R05DA09"", ""R06AA09""]"
1721434	"[""N02BA04""]"
1722676	"[""G03AA11""]"
1734347	"[""N01BB09""]"
1737761	"[""C01BB01""]"
210634	"[""B03AA03""]"
1233297	"[""S01KA02""]"
541894	"[""N06BA01"", ""N06BA02""]"
543725	"[""R02AD01""]"
859213	"[""R01BA02"", ""R05DA03"", ""R06AB04""]"
860665	"[""R05CA03"", ""R05DA03""]"
1000638	"[""S01EB01""]"
1047041	"[""G03AA05""]"
105369	"[""A10BB02""]"
250244	"[""G03BA03""]"
1665212	"[""J01MA02""]"
1721476	"[""J01CA01""]"
1726414	"[""R05CA03"", ""R05DA09""]"
1738806	"[""N06AB05""]"
1739207	"[""H02AB08""]"
1741379	"[""B05AA01""]"
1741424	"[""B05AA01""]"
1792495	"[""B03XA03""]"
285024	"[""D06BA03""]"
259590	"[""A12AA04""]"
1191414	"[""D07BA""]"
1232418	"[""J02AC02""]"
422098	"[""R01BA53""]"
543739	"[""C05BB04""]"
577185	"[""A06AB06""]"
577315	"[""H05BX02""]"
603136	"[""N02BE01""]"
603810	"[""R05DB05"", ""R06AB04""]"
616450	"[""L04AA06""]"
860248	"[""R05CA03"", ""R05DA03""]"
1000491	"[""G03FA12""]"
1048447	"[""C10AC02""]"
1049278	"[""D08AJ01""]"
1049566	"[""N02AA05""]"
1049773	"[""R01BA02""]"
259240	"[""A02AA02"", ""A06AD02"", ""A12CC10""]"
261385	"[""B03AA03""]"
1658256	"[""B05XA05""]"
1659903	"[""A11HA05""]"
1660680	"[""R05DA09""]"
1665023	"[""J01DD04""]"
1665900	"[""C10AX13""]"
1673947	"[""D04AB01""]"
1718906	"[""N05CM18""]"
1729013	"[""B01AC27""]"
1736050	"[""N03AX14""]"
212443	"[""D05AX02""]"
1148487	"[""N02AX02""]"
580261	"[""R03BB04""]"
1001054	"[""R01AA05""]"
104896	"[""A04AA01""]"
105183	"[""J01DD07""]"
239201	"[""J01GB04""]"
242166	"[""L01XD01""]"
261290	"[""L01AX03""]"
1654919	"[""D10AB02"", ""D10AF06""]"
1741907	"[""D10AX05""]"
1745860	"[""P03AX05""]"
1790679	"[""C10AA01""]"
198750	"[""A06AC06""]"
199903	"[""C03AA03""]"
201358	"[""C02AB01""]"
2056453	"[""A11HA05""]"
205773	"[""H01AA01""]"
207292	"[""J01XD01"", ""P01AB01""]"
206913	"[""M01AE01""]"
995628	"[""R06AE05""]"
996588	"[""R01BA03"", ""R05DA04"", ""R06AC01""]"
996615	"[""N06DX01""]"
996655	"[""R01BA02"", ""R05DA04""]"
999939	"[""C10AD52""]"
313362	"[""N05AF04""]"
352077	"[""D02AE01""]"
360394	"[""C08CA05""]"
805007	"[""L03AB10""]"
824299	"[""N03AF03""]"
826918	"[""A08AA01""]"
831224	"[""C08DB01""]"
966190	"[""H03AA01""]"
997222	"[""N06DA02""]"
831723	"[""A01AA04""]"
834067	"[""J01CE02""]"
836649	"[""N05CF02""]"
848195	"[""D07AC01""]"
1092428	"[""D04AA32""]"
1094180	"[""G04BX06"", ""J01EB05""]"
1094130	"[""G04BX06""]"
1094473	"[""R06AA02""]"
1111091	"[""R05DA09""]"
1115473	"[""L02AE02""]"
1188411	"[""P03AX05""]"
2110505	"[""J01DD13""]"
211909	"[""A07BC04""]"
2119393	"[""A03AX13""]"
2121074	"[""A07BC04""]"
212118	"[""J05AE04""]"
346204	"[""A11GA01""]"
847720	"[""A10BD04""]"
213170	"[""A10BF01""]"
213996	"[""J01DC09""]"
214104	"[""A11HA30""]"
2167152	"[""J06BA01""]"
237739	"[""A11HA03""]"
410597	"[""C01EB09""]"
413206	"[""D08AE04""]"
596918	"[""A02BC03""]"
597722	"[""J05AP01""]"
604651	"[""D01AC08""]"
607026	"[""N02BF02""]"
858625	"[""N04BC05""]"
1000074	"[""N06AA12""]"
1006801	"[""N05AH02""]"
1010298	"[""D04AB01""]"
1012859	"[""R01BA02"", ""R06AA08""]"
1043044	"[""D08AE05""]"
1046444	"[""D08AE05""]"
1053185	"[""D10AE01""]"
1085940	"[""D10AB02""]"
241773	"[""M04AC01""]"
244458	"[""D11AX12""]"
261101	"[""J04AB05""]"
261353	"[""J01EA01""]"
1655957	"[""L01BA01""]"
1658259	"[""B05XA05""]"
1663224	"[""C01BD01""]"
1665449	"[""J01DC02""]"
1721428	"[""D08AE05""]"
1721685	"[""B03XA01""]"
260333	"[""C09AA05""]"
261356	"[""N03AF02""]"
616838	"[""R01BA02"", ""R05DB05""]"
1798546	"[""D01AC08"", ""D08AC02""]"
1799959	"[""B05BA02""]"
1866143	"[""N02BE51""]"
1872891	"[""D04AB01""]"
1940494	"[""D01AC02"", ""D08AC02""]"
1942346	"[""C05AX04""]"
1945044	"[""R03AL08""]"
197320	"[""M04AA01""]"
197661	"[""G03CA57""]"
1242611	"[""D10BA01""]"
1243239	"[""D08AJ01""]"
1245530	"[""D04AB04""]"
1246066	"[""A11JB""]"
1246061	"[""V03AB03""]"
1247875	"[""A06AA02"", ""A06AB04""]"
1251427	"[""R01BA02"", ""R06AB04""]"
1251411	"[""A07BA01""]"
1251625	"[""N05CA03""]"
1251725	"[""G03DA04""]"
1291266	"[""R05DA09"", ""R06AB04""]"
1293640	"[""D07BA"", ""D04AB07""]"
1293726	"[""D08AE04""]"
1294552	"[""C03XA02""]"
1299143	"[""R01BA02""]"
1299917	"[""N03AG06""]"
1300272	"[""D01AC08""]"
1310491	"[""R01BA02""]"
1313294	"[""R01BA03"", ""R05CA03"", ""R05DA03""]"
1358762	"[""G03AA05""]"
1361038	"[""B01AB01""]"
1370127	"[""R05DA09"", ""R06AB04""]"
1370969	"[""D11AX22""]"
1373239	"[""D07AA02""]"
1374387	"[""H02AB02""]"
1423812	"[""B05XA14""]"
197840	"[""C01DA08""]"
198000	"[""C07BA12""]"
198043	"[""G03AA""]"
1432799	"[""R01BA02"", ""R05CA03"", ""R05DA09""]"
1482527	"[""N03AF04""]"
1494088	"[""P03AX05""]"
1495169	"[""D01AC08"", ""D08AC02""]"
1495199	"[""D01AC08"", ""D08AC02""]"
1495472	"[""N02AJ22""]"
1537029	"[""R05DA09"", ""R06AB04""]"
1541254	"[""D10AE01""]"
1542899	"[""B05CA01"", ""D08AJ03"", ""D09AA07"", ""R02AA06""]"
1545786	"[""R05FB02""]"
1547981	"[""S01FA02"", ""S01FB01"", ""S01GA05""]"
1592004	"[""D08AF01""]"
1594418	"[""G03GA05""]"
1596950	"[""N01BB04""]"
1608499	"[""N01BB02""]"
1648227	"[""R06AA02""]"
1363777	"[""R01BA03""]"
243665	"[""N02BA04""]"
260452	"[""A11HA02""]"
581757	"[""D03BA01""]"
582595	"[""B01AC11""]"
1718965	"[""B02BD02""]"
1726319	"[""L01CE02""]"
1726325	"[""L01CE02""]"
1735007	"[""N01AH01""]"
1739337	"[""N02CC01""]"
1743118	"[""D01AE12""]"
1788989	"[""V03AB17""]"
1792394	"[""D01AE04""]"
1796730	"[""C01CA26""]"
1809514	"[""J06BA01""]"
1809666	"[""J06BA01""]"
1810268	"[""J01CA04""]"
1860148	"[""N02AA05""]"
1870230	"[""C01CA24""]"
1924604	"[""D07AA02""]"
1927894	"[""L01FA01""]"
1244712	"[""R01BA02"", ""R06AB04""]"
1246896	"[""D08AG02""]"
1246918	"[""D08AG02""]"
1249123	"[""R06AX26""]"
1249758	"[""D04AB01""]"
1250433	"[""N02AA03""]"
1250470	"[""D01AE12""]"
1252027	"[""D08AG03""]"
1291244	"[""M01AX05""]"
1294312	"[""A16AX05"", ""D08AE05""]"
1294556	"[""C03XA02""]"
1297412	"[""D04AA32""]"
1298420	"[""R01BA02"", ""R05CA03""]"
1301039	"[""R01BA02"", ""R06AB01""]"
1306298	"[""J05AR09""]"
1356311	"[""R01BA02"", ""R05CA03""]"
1356538	"[""D01AE18""]"
1366789	"[""C05AD01""]"
1369968	"[""N02BE01"", ""R05DA09""]"
1374382	"[""D01AC01""]"
1376068	"[""H02AB02""]"
1422078	"[""C05AD01""]"
197720	"[""D07AC07""]"
198007	"[""C07AA12""]"
1442143	"[""C02KX04""]"
1442975	"[""D01AE12""]"
1486031	"[""D02AB""]"
1492675	"[""N02BE01"", ""R05DA03""]"
1421555	"[""R01BA01"", ""R05CA03"", ""R05DA09""]"
1436149	"[""P02CB01""]"
1726260	"[""A16AB02""]"
1789232	"[""D01AE12"", ""N02BA04""]"
1809102	"[""N01AH03""]"
1872265	"[""N02AA03""]"
1919076	"[""N02BE01"", ""R05DA09""]"
197459	"[""N05CC01""]"
197460	"[""N05CC01""]"
197604	"[""C01AA05""]"
197694	"[""M01AE04""]"
1236684	"[""D01AE14""]"
1244677	"[""R01BA02"", ""R05CA03""]"
1245183	"[""R05FB02""]"
1245376	"[""A06AA02""]"
1297562	"[""V01AA07""]"
1297763	"[""A02BC05""]"
1299859	"[""C09BA13""]"
1307431	"[""G04BE03""]"
1308408	"[""D08AE05""]"
1358775	"[""G03AA05""]"
1359867	"[""B05CB01"", ""B05XA03""]"
1363032	"[""R01BA02"", ""R06AB04""]"
1366343	"[""G03AC03""]"
1375125	"[""R01BA02"", ""R05DB05"", ""R06AC01""]"
198215	"[""A01AA01""]"
1487294	"[""R06AB01""]"
1487524	"[""R03AL03""]"
1495070	"[""P01CX04""]"
152943	"[""J05AF04""]"
1536439	"[""A12BA01""]"
1540340	"[""D06AX04""]"
1545776	"[""L01AD02""]"
1549631	"[""D08AE05""]"
1549717	"[""D02AB""]"
1550534	"[""G01AF08""]"
1591964	"[""B03XA03""]"
1593151	"[""R01BA02"", ""R05CA03""]"
1595784	"[""D04AB01"", ""D04AB04"", ""M02AB01""]"
1596108	"[""N02AA08"", ""N02BE01"", ""N06BC01""]"
1597581	"[""A03BA03"", ""J01XX05""]"
1605075	"[""L03AA02""]"
1651391	"[""D01AC02""]"
1243478	"[""D01AE18""]"
1245919	"[""G03AA07""]"
1375948	"[""R06AA09""]"
1537116	"[""N02AJ17""]"
1943339	"[""D02AB""]"
1536680	"[""N02BA51""]"
1536921	"[""A12AA13""]"
1537337	"[""D11AC30""]"
1546038	"[""D06AA04""]"
1597607	"[""D08AG03"", ""D08AX05""]"
1599660	"[""A11JB""]"
1605193	"[""H03AA01""]"
1298226	"[""R01BA02""]"
1300108	"[""R01BA02"", ""R06AB01""]"
197593	"[""V03AH01""]"
1809464	"[""J06BA01""]"
1809521	"[""J06BA01""]"
1855072	"[""H05BX05""]"
1858562	"[""L03AX14""]"
1876441	"[""D11AX12""]"
1941461	"[""D08AE05""]"
1947382	"[""B02BB01""]"
197452	"[""J01DC10""]"
1241613	"[""D10AE01""]"
1242233	"[""L04AX04""]"
1244064	"[""A06AH01""]"
1251756	"[""D04AA32""]"
1294306	"[""R06AA02"", ""R06AB01""]"
1297381	"[""A01AA01""]"
1300022	"[""R01BA02"", ""R05CA03""]"
1312627	"[""S01BA14""]"
1363222	"[""R01BA02"", ""R05CA03""]"
1363323	"[""R06AB04""]"
1363512	"[""R06AB01""]"
197506	"[""A02BA01""]"
197797	"[""L01XX05""]"
198041	"[""A02BA04""]"
198184	"[""N05CD10""]"
198192	"[""A02BA02""]"
198190	"[""A02BA02""]"
1488067	"[""A06AD15""]"
1489934	"[""N02BA04""]"
1495184	"[""A07BC01""]"
1536601	"[""D08AL01""]"
1550947	"[""D08AE05""]"
1595029	"[""N01BB08""]"
1595452	"[""A11HA01""]"
1607016	"[""L03AX14""]"
1650446	"[""J01AA02""]"
1431647	"[""L04AB06""]"
198226	"[""A14AA02""]"
1609070	"[""R06AA02""]"
617973	"[""D08AG02""]"
647325	"[""N06AB03""]"
656680	"[""M01AE01""]"
630050	"[""D02AE01""]"
705919	"[""G03EA01""]"
705617	"[""L01AX03""]"
753106	"[""D01AE15"", ""D01BA02""]"
759761	"[""R03AA01""]"
892833	"[""D04AB04""]"
904295	"[""A11GA01""]"
966458	"[""H03AA01""]"
706547	"[""D07AC18""]"
748867	"[""G03AB03""]"
750215	"[""C10BX03""]"
861789	"[""A10BD14""]"
895780	"[""P02BA01""]"
904450	"[""M05BA04""]"
308418	"[""B01AC06"", ""N02BA01""]"
308600	"[""A03BA04""]"
308769	"[""B01AE06""]"
311355	"[""N05AN01""]"
311679	"[""D06BX01""]"
312299	"[""N05CA01""]"
1088854	"[""R01BA03"", ""R06AA02""]"
1987647	"[""D04AB01""]"
2047766	"[""C07AB02""]"
2049223	"[""R05CA03""]"
205173	"[""D11AC30""]"
205476	"[""C02AA05"", ""C03AA03""]"
996529	"[""R05FB02""]"
998726	"[""A03BA03""]"
313776	"[""N05AE04""]"
314006	"[""A10BB07""]"
348519	"[""V03AN01"", ""V03AN02""]"
644301	"[""S01LA04""]"
899127	"[""R01BA03"", ""R05DA03"", ""R06AC01""]"
966550	"[""R03BA01""]"
966809	"[""R03AC08"", ""R03CC07""]"
993755	"[""N02AJ06""]"
866297	"[""D11AX22"", ""P02CF01""]"
895487	"[""D07AC17""]"
991084	"[""A03AA07""]"
310638	"[""R01BA01"", ""R05CA03""]"
311605	"[""R06AD04""]"
312360	"[""N03AA02"", ""V03AB08""]"
1088805	"[""A11JB""]"
2055291	"[""D02AF""]"
205873	"[""A10BB01""]"
206417	"[""G03CA03""]"
996105	"[""R01BA02"", ""R05CA03"", ""R05DA04""]"
865217	"[""N04BD01""]"
900164	"[""N03AX09""]"
863609	"[""G04BD04""]"
993804	"[""G03AA12""]"
311683	"[""P01AB01""]"
200064	"[""L02BG04""]"
317152	"[""D02AF""]"
617503	"[""D08AE05""]"
645683	"[""D02AE01""]"
754506	"[""N05AH03""]"
753601	"[""A02BC01""]"
756337	"[""A12BA01""]"
761907	"[""C10AD52""]"
763181	"[""H02AB07""]"
794074	"[""J05AP01"", ""L03AB05""]"
750184	"[""S01AA03"", ""S01AA18"", ""S01AA32""]"
755278	"[""A06AB06""]"
861006	"[""A10BA02""]"
861449	"[""D07AD01""]"
861733	"[""A10BD02""]"
864681	"[""P01BB51""]"
892522	"[""N02AA01""]"
896029	"[""R03BA05""]"
900470	"[""B01AC06"", ""N02BA01""]"
864822	"[""N07BC02""]"
750145	"[""S01XA03""]"
756260	"[""A03CB02""]"
753477	"[""G03AA05""]"
763597	"[""A11JA""]"
763103	"[""J07BF03""]"
898725	"[""C09AA07""]"
92584	"[""D07AC13""]"
994014	"[""N02BE01"", ""R05DA04"", ""R06AB04""]"
992477	"[""R06AD02""]"
308231	"[""A09AA01""]"
308487	"[""S01AA03"", ""S01AA18"", ""S01AA32"", ""S01CB03""]"
308491	"[""S01AA03"", ""S01AA18"", ""S01AA32"", ""S01CB03""]"
308824	"[""R03DA04"", ""R05CA03""]"
309371	"[""A01AB18""]"
309406	"[""N01BC01"", ""R02AD03""]"
309953	"[""B01AC07""]"
311191	"[""C01DA08""]"
311615	"[""J01XX05""]"
200079	"[""M01AX05"", ""M01AX25""]"
200171	"[""L04AC01""]"
207053	"[""A14AB01""]"
998499	"[""D01AC02""]"
313652	"[""A11CA01""]"
313762	"[""N05CF03""]"
347699	"[""J07AH04"", ""J07AH08""]"
349533	"[""R06AB01""]"
351177	"[""M09AX01""]"
904667	"[""C10BX02""]"
904954	"[""M05BA06""]"
978030	"[""D11AX22""]"
994537	"[""M03BC01""]"
310004	"[""C01BD04""]"
311373	"[""R06AX13""]"
798417	"[""V04CF01""]"
904023	"[""D02AE01""]"
311107	"[""G01AC01""]"
700387	"[""L04AJ01""]"
795107	"[""B02BD02""]"
894976	"[""N02AA01""]"
903879	"[""N06AB08""]"
979434	"[""C07AB09""]"
993569	"[""N06AX12""]"
308806	"[""M09AB03""]"
310437	"[""N06DA04""]"
310905	"[""A01AA04"", ""A01AA01""]"
1997444	"[""D08AX08""]"
352230	"[""J05AF05""]"
309362	"[""B01AC04""]"
310273	"[""A02BA03""]"
644794	"[""A11JA""]"
656862	"[""D03BA01""]"
669214	"[""D04AB04""]"
700788	"[""R05DB05"", ""R06AB04""]"
701392	"[""A02AC01""]"
750121	"[""S01XA03""]"
797701	"[""D10AE01""]"
672909	"[""N03AF01""]"
748798	"[""G03AA12""]"
880945	"[""B03BA01"", ""B03BB01""]"
904396	"[""M05BA04""]"
206842	"[""C01DA08""]"
686389	"[""J01EB05"", ""J01FA01""]"
723778	"[""D01AE12""]"
763091	"[""G03AA07""]"
797892	"[""D01AE12""]"
799037	"[""R03BA08""]"
876177	"[""R06AX13""]"
898607	"[""H01CB02""]"
903312	"[""H03AA02""]"
966555	"[""R06AB01""]"
979094	"[""P01BA02""]"
979482	"[""C09CA01""]"
992780	"[""G01AF04""]"
904665	"[""C10BX02""]"
994095	"[""G01AF15""]"
308589	"[""A03CB02""]"
309148	"[""A07BA01""]"
310116	"[""C01CA24""]"
310215	"[""G03CA57""]"
310862	"[""D07AA02""]"
310971	"[""S01AD01""]"
311962	"[""C10AD02"", ""R06AB05""]"
1086720	"[""R01BA03"", ""R06AA02""]"
1086908	"[""A11GA01""]"
1088761	"[""N02BE01""]"
108878	"[""N05AC02""]"
2003557	"[""D01AC02"", ""D08AC02""]"
205596	"[""H02AB02""]"
995734	"[""R01BA01"", ""R05CA03"", ""R05DA04""]"
997005	"[""R05DA04""]"
314229	"[""G04BE03""]"
317848	"[""N03AA02""]"
318218	"[""J01EB03"", ""J01EC02"", ""J01ED07""]"
351540	"[""A09AA01""]"
800954	"[""B05BA01""]"
807734	"[""A09AA01""]"
752867	"[""G01AD01""]"
904535	"[""M05BA01""]"
309090	"[""J01DD04""]"
309236	"[""R01BA01"", ""R06AB04""]"
309294	"[""A02BA01""]"
310118	"[""C01CA24""]"
312592	"[""N05BA11""]"
995237	"[""N05BB01""]"
199352	"[""C09AA10""]"
664144	"[""M03BX01""]"
665033	"[""A10BH01""]"
749802	"[""C10AB05""]"
790290	"[""N06AX23""]"
749882	"[""G03FA01""]"
795751	"[""N05AH04""]"
861404	"[""C04AX02""]"
882496	"[""P02CC01""]"
897021	"[""N07XX07""]"
311294	"[""A16AA01""]"
1991411	"[""H01BA02""]"
750265	"[""G03AA06""]"
705936	"[""D01AE18""]"
752872	"[""D10AE01""]"
886662	"[""C01BC04""]"
892627	"[""N02AA01""]"
894871	"[""A07BC04""]"
896777	"[""C07AG01""]"
897025	"[""N07XX07""]"
991065	"[""A03AA07""]"
992462	"[""R06AD02""]"
979529	"[""R06AB01""]"
309044	"[""J01DC04""]"
1089741	"[""B03BB01""]"
108782	"[""N03AX09""]"
198760	"[""C04AC01""]"
198845	"[""D01AE12""]"
1989506	"[""J05AR21""]"
1992571	"[""A03AB02""]"
200009	"[""D10AE01""]"
2001564	"[""N06BA04""]"
204452	"[""C02AB01""]"
2045339	"[""D04AB01""]"
207201	"[""H01CB02""]"
994498	"[""D11AX22""]"
313819	"[""J01CA01""]"
313961	"[""J05AF02""]"
349148	"[""D10AF02""]"
360349	"[""N01BA05""]"
373522	"[""A12BA01""]"
402696	"[""C08CA02""]"
312966	"[""B05XA08""]"
310964	"[""M01AE01""]"
311277	"[""A02BC03""]"
311972	"[""N07BA01""]"
312835	"[""N06DA03""]"
312811	"[""J06BB01""]"
198240	"[""L02BA01""]"
198633	"[""B03AA07""]"
1992531	"[""A07BC01""]"
2050369	"[""R01BA02"", ""R05DA09""]"
205484	"[""D05AC01""]"
205922	"[""B03XA01""]"
995264	"[""N05BB01""]"
995276	"[""N05BB01""]"
999515	"[""D10AE01""]"
314153	"[""A08AB01""]"
346968	"[""G03BA03""]"
359720	"[""A16AA01""]"
807724	"[""A09AA01""]"
824889	"[""H02AB06""]"
831430	"[""B05BA01""]"
207200	"[""H01CB02""]"
315066	"[""J01CA12""]"
827746	"[""C01EB10""]"
314914	"[""N02BE01"", ""R01BA01"", ""R06AB04""]"
847189	"[""A10AB01"", ""A10AC01"", ""A10AD01""]"
847785	"[""B05BA01""]"
848134	"[""C09DX01""]"
848214	"[""D07AC01""]"
849051	"[""N03AX09""]"
849302	"[""N02AC04"", ""N02BE01""]"
853395	"[""A01AA04""]"
855944	"[""M01AB05""]"
856999	"[""N02AJ22""]"
857121	"[""N02AJ""]"
857461	"[""R06AA04""]"
853328	"[""D02AE01""]"
207468	"[""N05CA01""]"
208097	"[""A02BX02""]"
208939	"[""A12BA01""]"
209364	"[""N02BE01""]"
209464	"[""N06AA10""]"
2099700	"[""H02AB02""]"
2121948	"[""D01AC02""]"
212239	"[""A07BC04""]"
213262	"[""S01BA14""]"
213970	"[""A07DA02"", ""N02AA02""]"
2178059	"[""R01BA02"", ""R05DA09"", ""R06AB04""]"
1091520	"[""R01BA02"", ""R05CA03""]"
1091635	"[""C08DB01""]"
1092360	"[""N03AF03""]"
1094410	"[""R05DB10"", ""R06AX07""]"
1099310	"[""R01BA02"", ""R06AX07""]"
1099606	"[""R01BA02"", ""R06AX07""]"
1101738	"[""R01BA03"", ""R05CA03"", ""R05DB05""]"
1111013	"[""D08AJ01""]"
1111841	"[""D08AG02""]"
1112730	"[""C05AX04""]"
1114087	"[""M05BA08""]"
1114361	"[""R05DA09"", ""R06AB04""]"
1116146	"[""R05CA03""]"
1145114	"[""A11JC""]"
211101	"[""D08AG02""]"
213320	"[""S02CA03""]"
1149629	"[""B05BB01""]"
1189678	"[""B05BA01""]"
1189611	"[""B05BA01""]"
1189776	"[""B01AC06"", ""N02BA01""]"
1190225	"[""R03AL02""]"
1193358	"[""N03AX14""]"
416784	"[""A01AA04""]"
476673	"[""N02BF01""]"
539817	"[""G04BD08""]"
540914	"[""J01MA02""]"
541713	"[""M01AE01""]"
541832	"[""R01BA01"", ""R06AB04""]"
541878	"[""N06BA01"", ""N06BA02""]"
583247	"[""B03BA05""]"
596818	"[""R01BA01"", ""R05CA03"", ""R05DA04""]"
603112	"[""V03AE03""]"
606990	"[""M01AE01""]"
607028	"[""N02BF02""]"
616805	"[""D08AX08""]"
858788	"[""R01BA03"", ""R05DA03"", ""R06AB04""]"
859075	"[""R05CA09"", ""R05DA03""]"
859376	"[""R01BA03"", ""R05CA03"", ""R05DA03""]"
860546	"[""R05CA03"", ""R05DA03""]"
860592	"[""R01BA03"", ""R05CA03"", ""R05DA03""]"
1000664	"[""S01EB01""]"
1000915	"[""N07AX01""]"
1006679	"[""D02AE01""]"
1006859	"[""P02CC01""]"
1010654	"[""M03BA03""]"
1010774	"[""D04AB01""]"
1012304	"[""D08AC02""]"
1012594	"[""D04AB01""]"
1012908	"[""S01AB04"", ""S01CB02""]"
1013017	"[""R01BA02"", ""R05DA09"", ""R06AA08""]"
1020122	"[""D02AE01""]"
1020365	"[""D08AJ01""]"
1037234	"[""J01XX05""]"
1038910	"[""D08AG02""]"
1048393	"[""A03BA03""]"
1049517	"[""R01BA02""]"
105152	"[""J01CA04""]"
1053269	"[""D02AF""]"
1085985	"[""H02AB08""]"
1085968	"[""R06AA02""]"
1086000	"[""H02AB08""]"
238101	"[""N05BA06""]"
239207	"[""J01GB07""]"
244509	"[""D02AE01""]"
245663	"[""D02AB""]"
250511	"[""D01AC14""]"
261106	"[""N02AB03""]"
261268	"[""A10BG03""]"
1661352	"[""B02BD02"", ""B02BD10""]"
1664658	"[""N02BA03"", ""R06AA02""]"
1665190	"[""N05BA06""]"
1667886	"[""R03BB04""]"
856375	"[""N06AX05""]"
207843	"[""S01AA12""]"
210667	"[""A06AC08""]"
1113368	"[""R05FB02""]"
1147993	"[""V06DC01""]"
1234456	"[""D01AE12""]"
540836	"[""M01AB08""]"
578355	"[""A09AA03"", ""A09AB02""]"
858782	"[""R01BA03"", ""R05DA03"", ""R06AB04""]"
1012233	"[""C05AA01""]"
1012312	"[""A07EA02"", ""C05AA01"", ""C05AD01""]"
1037338	"[""H02AB09""]"
1043359	"[""N01BA05""]"
1049890	"[""D04AA32""]"
1052943	"[""S01GA02""]"
1657343	"[""J06BD01""]"
1658719	"[""B01AB01""]"
282751	"[""M02AB01""]"
284520	"[""D11AH01""]"
1720616	"[""G03AA07""]"
1729421	"[""L01CA04""]"
1730925	"[""C01CA19""]"
1012933	"[""R01BA02"", ""R06AA08""]"
2184150	"[""A03BB03"", ""R01BA03"", ""R06AB04""]"
198317	"[""N05CD05""]"
198316	"[""C03EA01""]"
199192	"[""J05AB09""]"
201263	"[""C03BA04""]"
201545	"[""R03DA04""]"
205531	"[""D07AB08""]"
206563	"[""C02AA02"", ""C03AA02""]"
207190	"[""H02AB04""]"
207965	"[""C09BA03""]"
995868	"[""R05FA02""]"
999922	"[""D08AG03""]"
313654	"[""A11CA01""]"
315134	"[""A16AA01""]"
315135	"[""A16AA01""]"
315218	"[""J01GA01""]"
348017	"[""V03AN01""]"
348701	"[""R01BA02"", ""R06AB04""]"
351224	"[""C10AA02""]"
351543	"[""G03EA01""]"
352200	"[""C09CA08""]"
807736	"[""A09AA01""]"
809031	"[""D11AX01""]"
313422	"[""D01AE18""]"
313657	"[""A11CA01""]"
315167	"[""N05CA01""]"
402244	"[""L01XG01""]"
848139	"[""C09DX01""]"
849930	"[""N06BC01""]"
854255	"[""B01AB05""]"
854875	"[""N05CF02""]"
855666	"[""M01AB05""]"
855687	"[""D10AD01""]"
856463	"[""C07AA05""]"
857592	"[""R01BA02"", ""R05DA03"", ""R06AB01""]"
831360	"[""C08DB01""]"
208092	"[""C02AA02"", ""C03AA03""]"
208104	"[""B02AA02""]"
208955	"[""A12BA01""]"
210275	"[""A03AX13""]"
2109053	"[""D11AC30""]"
211020	"[""S01EA03""]"
211233	"[""A02AA04"", ""A02AC01"", ""A03AX13""]"
210994	"[""C09AA01""]"
211848	"[""S01AX10""]"
211874	"[""N02BA01""]"
211877	"[""B01AC06"", ""N02BA01""]"
212630	"[""N05CC01""]"
213500	"[""A01AB02""]"
213569	"[""H05BA01""]"
2168394	"[""D08AE05""]"
2173953	"[""R01BA02"", ""R05DA09"", ""R06AB02""]"
1090975	"[""A11JB""]"
1091088	"[""D11AX12""]"
1092195	"[""M01AC06""]"
1094364	"[""G04BX06""]"
1098240	"[""C05AX04""]"
1098426	"[""D11AX12""]"
1114842	"[""H02AB08""]"
1115585	"[""A16AX01""]"
1147928	"[""R05FB02""]"
1189645	"[""B05BA01""]"
1190568	"[""A07DA01""]"
1190917	"[""A03BA01"", ""N02AB02""]"
1094177	"[""R06AA02""]"
991063	"[""A03AA07""]"
966194	"[""H03AA01""]"
311951	"[""C04AC01""]"
1087463	"[""R05DA03""]"
198852	"[""A03AX13""]"
200068	"[""A01AA04""]"
2001750	"[""M02AC""]"
2001748	"[""M02AB01""]"
204642	"[""D01AE13""]"
996670	"[""R01BA02"", ""R05DA04""]"
997157	"[""P01BC01""]"
313035	"[""A01AA01""]"
313565	"[""J05AB11""]"
314078	"[""N05AH01""]"
802798	"[""R06AB04""]"
823883	"[""M01AX05"", ""M01AX25""]"
827318	"[""N02BE01""]"
834239	"[""M04AA03""]"
991310	"[""D08AG03""]"
2003714	"[""N02AA01""]"
998533	"[""D01AC02""]"
853248	"[""A01AA01""]"
854228	"[""B01AB05""]"
856571	"[""C07AA05""]"
858615	"[""C08CA04""]"
208192	"[""D04AB04""]"
209348	"[""D01AA08"", ""D01BA01""]"
209878	"[""D01AE13""]"
210037	"[""A02AD01""]"
2108859	"[""G03CA03""]"
2122805	"[""R05CA03""]"
213469	"[""M01AH01""]"
213725	"[""M03BX01""]"
213917	"[""R01BA01"", ""R06AB04""]"
2169138	"[""R05CA03"", ""R05DA09""]"
2170427	"[""N01BA""]"
237371	"[""B05XA08""]"
1090992	"[""G03AA05""]"
1091020	"[""M01AX05"", ""M01AX25""]"
1094427	"[""R06AA02""]"
1098433	"[""D08AE05""]"
1101350	"[""D02AA""]"
1101441	"[""R06AA09""]"
1111451	"[""P03AX05""]"
213826	"[""J01DB05""]"
1111663	"[""R05FB02""]"
1233035	"[""R05FB02""]"
1233908	"[""L04AD01""]"
1116191	"[""R03CA02""]"
404639	"[""G04BE09""]"
477437	"[""A11HA03"", ""C01EB09""]"
485560	"[""A01AD""]"
542744	"[""R01BA02"", ""R05CA03""]"
543791	"[""N01BA03"", ""N01BA05""]"
543801	"[""N01BA05""]"
544455	"[""A06AD11""]"
562771	"[""G03BA02""]"
562806	"[""D11AH02""]"
577372	"[""A12AA03""]"
581662	"[""D08AX08""]"
597971	"[""C10BX03""]"
603879	"[""R01BA03"", ""R05DB05"", ""R06AB01""]"
607022	"[""N02BF02""]"
616819	"[""R03BA02""]"
858828	"[""C09BA02""]"
858905	"[""R01BA03"", ""R05DA03"", ""R06AB06""]"
860120	"[""R01BA01"", ""R05DA03""]"
1000355	"[""G03FA12""]"
1005834	"[""D10AF06""]"
1011741	"[""C09XA02""]"
1013042	"[""N01BB02""]"
1020039	"[""D05AX02""]"
1040058	"[""N07XX59""]"
1044991	"[""R05CA03""]"
104836	"[""N06AF03""]"
1050074	"[""D10AE01""]"
1052441	"[""D10AE01""]"
242825	"[""J01GB01""]"
261983	"[""N06BA05""]"
284146	"[""D02AE01""]"
284206	"[""L01EA01""]"
1657068	"[""L01FG01""]"
1665109	"[""J01DC01""]"
1729057	"[""B01AC27""]"
1729578	"[""N01AH06""]"
1662280	"[""J01XX08""]"
1726645	"[""R02AD01""]"
207272	"[""C03BA08""]"
210137	"[""D11AF""]"
1012425	"[""N01BB01""]"
1039628	"[""D02AF""]"
244127	"[""V06DC02""]"
249066	"[""H02AB06""]"
283433	"[""N05CH01""]"
1234475	"[""R05FB02""]"
1049668	"[""R01BA02""]"
1114096	"[""L01EX04""]"
1114365	"[""R05DA09"", ""R06AB04""]"
1116339	"[""M01AE02""]"
1150492	"[""D02AF""]"
1191136	"[""D02AB""]"
1232159	"[""S01LA05""]"
597455	"[""J01FA09""]"
858937	"[""R01BA02"", ""R05DA03"", ""R06AB04""]"
859310	"[""R01BA03"", ""R05CA03"", ""R05DA03""]"
859747	"[""C10AA07""]"
1000124	"[""L02AB02""]"
1000479	"[""A06AB02"", ""A06AD65""]"
1000886	"[""S01EB01""]"
1012956	"[""R01BA02""]"
1020050	"[""D10AE01""]"
1039558	"[""D02AF""]"
1039779	"[""A07BC01""]"
1043400	"[""N02BE01"", ""R05DA09"", ""R06AA09""]"
1046402	"[""M05BX04""]"
1046626	"[""R05FB02""]"
1048081	"[""D08AE03""]"
1048499	"[""N02BA05"", ""N02BE01""]"
1049206	"[""N02AJ17""]"
1052946	"[""D02AF""]"
242325	"[""C08CX01""]"
252617	"[""J05AE05""]"
261362	"[""A03AE01""]"
1653579	"[""L03AX03""]"
1659278	"[""J01DD02""]"
1665516	"[""J01MA12""]"
1666620	"[""M03BX01""]"
1719291	"[""C03CA01""]"
1722937	"[""J01DH02""]"
1724884	"[""N01BB01""]"
1659929	"[""V03AB15""]"
211634	"[""A02AD01""]"
1233687	"[""N01AH01"", ""N01BB09""]"
484152	"[""C03AA04""]"
860135	"[""R01BA02"", ""R05DA03""]"
1006643	"[""P02CC01""]"
1043205	"[""M02AB01""]"
1046378	"[""R01BA53""]"
1086782	"[""N01BX04""]"
238006	"[""G03EA01""]"
242213	"[""A14AA07""]"
245133	"[""V03AE07""]"
245536	"[""A12CB02""]"
251273	"[""D10AX01""]"
1657673	"[""J07BC01""]"
865123	"[""N05AB02""]"
899549	"[""N06BA11""]"
896775	"[""C07AG01""]"
312733	"[""P02CC01""]"
198430	"[""N03AX09""]"
198578	"[""N02BA03""]"
204398	"[""M03AC07""]"
2057212	"[""L03AA02""]"
205912	"[""B03XA01""]"
207341	"[""N05CD08""]"
995958	"[""D03BA01""]"
996552	"[""R05CA03"", ""R05DA04""]"
315047	"[""N05AH02""]"
315060	"[""H02AA03""]"
317805	"[""C05AX04""]"
351266	"[""N07BC51""]"
804617	"[""A11JA""]"
809256	"[""A09AA01""]"
824983	"[""D01AE12""]"
828755	"[""J02AX04""]"
834133	"[""A01AB03""]"
835574	"[""N06AA02""]"
835915	"[""P01BC02""]"
847749	"[""J05AR10""]"
849756	"[""A01AD""]"
1094111	"[""G04BX06""]"
1099056	"[""L03AB10""]"
1101858	"[""A03BB03"", ""R06AB04""]"
1115552	"[""A16AX01""]"
1117522	"[""J01XB01""]"
1148636	"[""L03AX14""]"
1190542	"[""A03BA01""]"
1191028	"[""S01HA04""]"
1235783	"[""A01AA01""]"
207680	"[""N05AB04""]"
208711	"[""C03AA06""]"
209253	"[""G03EA01""]"
210031	"[""A02AD01""]"
2104634	"[""D11AX12""]"
2117335	"[""R02AD01""]"
211970	"[""R01BA01"", ""R06AB04""]"
212824	"[""D02AE01""]"
213069	"[""D05BB02""]"
214118	"[""D05AC01""]"
2180350	"[""D10AE01""]"
226437	"[""B01AE02""]"
404419	"[""P01AX11""]"
476177	"[""N05AH02""]"
485584	"[""A10BX01""]"
542772	"[""R01BA03"", ""R05CA03""]"
544684	"[""B03BA01""]"
607033	"[""N02BF02""]"
616447	"[""L04AA06""]"
617296	"[""J01CR02""]"
857631	"[""R03AC03""]"
858053	"[""N05AX13""]"
860538	"[""R01BA02"", ""R05CA03"", ""R05DA03""]"
860749	"[""R06AA10""]"
1000116	"[""L02AB02""]"
1005845	"[""D10AB02"", ""D10AF06""]"
1037057	"[""D01AE13""]"
1049400	"[""H02AB02""]"
240725	"[""D10AB02""]"
247463	"[""R02AA12""]"
248390	"[""J01AA06""]"
284250	"[""L01CD01""]"
284499	"[""J05AF02""]"
307695	"[""N02BE01""]"
1665093	"[""J01DE01""]"
1665097	"[""J01DE01""]"
1235569	"[""S01GA02""]"
2118732	"[""N02AJ22""]"
404686	"[""B03XA02""]"
606433	"[""A11GA01""]"
1006110	"[""D10AF06""]"
1010571	"[""A05BA01""]"
1011326	"[""D04AB01""]"
1718932	"[""N05AH03""]"
1723234	"[""H01BA02""]"
1794902	"[""B05BB01""]"
1797853	"[""R01AC01""]"
1798298	"[""N02BE01"", ""R05DA09"", ""R06AA09""]"
1863148	"[""J05AP01""]"
1863607	"[""B05BB01""]"
1863975	"[""B05BB01""]"
1866223	"[""A06AX01""]"
1867943	"[""N01BB02""]"
1927619	"[""N06BA01"", ""N06BA02""]"
1945048	"[""R03AL08""]"
197409	"[""D07AC01""]"
197454	"[""J01DB01""]"
1235779	"[""D02AF""]"
1242513	"[""D11AX12""]"
1243802	"[""N02BE01"", ""R01BA03"", ""R05CA03""]"
1245904	"[""D05AC01""]"
1248321	"[""R01BA02"", ""R05CA03"", ""R05DA03""]"
1250170	"[""N01BB02""]"
1251614	"[""N05CA03""]"
1251898	"[""D08AG03""]"
1291085	"[""A07EA02"", ""C05AA01""]"
1291158	"[""R02AA06"", ""R02AD01""]"
1294356	"[""R05DA04""]"
1294641	"[""L02AE05""]"
1298083	"[""C01BC08""]"
1299163	"[""H03AA01""]"
1299897	"[""C09AA13""]"
1305281	"[""A06AA02"", ""A11CC05"", ""A11GA01"", ""A11HA02"", ""B03AA02"", ""B03BB01""]"
1307267	"[""R01BA01"", ""R05CA03""]"
1308436	"[""R01BA02"", ""R05CA03""]"
1311503	"[""D10AE01""]"
1358746	"[""D07CA02""]"
1359105	"[""M01AB55""]"
1363794	"[""R01BA03"", ""R06AC01""]"
1366652	"[""A07AA01""]"
1367380	"[""D01AC02""]"
1368006	"[""A10BH04""]"
1368424	"[""A10BD09""]"
1370232	"[""R01BA02"", ""R05CA03""]"
1370763	"[""D07AB02""]"
1370756	"[""D07AA02""]"
1421058	"[""H03AA01""]"
1421168	"[""D01AE12""]"
1422076	"[""D08AC02"", ""D08AJ01""]"
1422892	"[""B05CB02"", ""R05CA03"", ""R05DA09""]"
1423691	"[""N05CH01""]"
197682	"[""N03AD01""]"
197725	"[""M01AE09""]"
197786	"[""D07AA02""]"
1430522	"[""R01BA02""]"
1430517	"[""R01BA02"", ""R05CA03"", ""R05DA09""]"
1432125	"[""J01FF01""]"
1435262	"[""C05AD03"", ""D04AB04"", ""D08AE03""]"
1435365	"[""D11AX12""]"
1438760	"[""R06AA02""]"
1438777	"[""C05AX04""]"
1441553	"[""D02AX""]"
1483218	"[""D07AA02""]"
1485182	"[""D01AC08"", ""D08AC02""]"
1534809	"[""G03AA13""]"
1536490	"[""L01BB02""]"
1536434	"[""A12BA01""]"
1538130	"[""G03AA07""]"
1540241	"[""D10AF51""]"
1544390	"[""L04AX03""]"
1547773	"[""S01HA03""]"
1549223	"[""D04AB01""]"
1549390	"[""R01AA07""]"
1608065	"[""R01BA03"", ""R06AA02""]"
1649002	"[""D02AF""]"
1307427	"[""G04BE03""]"
1424370	"[""R01BA02"", ""R05CA03"", ""R06AB04""]"
1796546	"[""D02AE01""]"
1797910	"[""R01AD01""]"
1797912	"[""R01AD01""]"
1811632	"[""B01AC06"", ""A02BC01""]"
1867554	"[""A12BA01""]"
1872886	"[""D04AB01""]"
1875613	"[""A01AA01""]"
197310	"[""J05AB01""]"
197328	"[""D07AC11""]"
1236148	"[""M01AX05"", ""M01AX25""]"
1242508	"[""D11AX22"", ""P02CF01""]"
1242613	"[""D10BA01""]"
1244233	"[""N01AF01""]"
1249715	"[""R06AA02""]"
1250508	"[""N02BA05"", ""N02BE01"", ""N06BC01""]"
1293629	"[""C05AD07"", ""D04AB07""]"
1294199	"[""R01BA03"", ""R06AA02""]"
1294367	"[""R06AA02""]"
1299669	"[""R03AB02""]"
1300719	"[""D02AF""]"
1303736	"[""N02AA01""]"
1305335	"[""J01EB03""]"
1358997	"[""R01BA02"", ""R05DA09"", ""R06AB01""]"
1362831	"[""B01AB01""]"
1363776	"[""R01BA03""]"
1371989	"[""D08AG03""]"
1376075	"[""D08AJ08""]"
1423292	"[""D08AJ01""]"
1426841	"[""D08AJ01""]"
1436239	"[""N03AX11""]"
197532	"[""G01AF02""]"
197556	"[""G03XA01""]"
197575	"[""D07AC03""]"
197749	"[""D07AD02""]"
198085	"[""N03AA02""]"
198097	"[""R01BA01"", ""R01BA03"", ""R05CA03""]"
1439992	"[""R05FB02""]"
1483329	"[""N02BE01""]"
1486251	"[""R01BA02"", ""R05DA03"", ""R06AB04""]"
1487363	"[""L03AX13""]"
1489307	"[""D08AX08""]"
1491643	"[""N03AF04""]"
1537437	"[""D08AX08""]"
153823	"[""C09CA06""]"
1546240	"[""A01AA01""]"
1547450	"[""B05BB01""]"
1552200	"[""R05CA03"", ""R05DA09""]"
1592802	"[""P02CF01""]"
1595453	"[""G03AA05"", ""B03AA02""]"
1648203	"[""N02BE01"", ""R05DA09"", ""R06AA09""]"
1650608	"[""D08AG03""]"
1737571	"[""C01BB01""]"
1741538	"[""S01XA20"", ""S01GA02""]"
1797888	"[""N07BA01""]"
1798370	"[""A05AA04""]"
1803432	"[""N02BE01""]"
1806650	"[""L01XD04""]"
1809668	"[""J06BA01""]"
1811007	"[""A10BD16""]"
1813424	"[""J06BA01""]"
1859370	"[""B05BA02""]"
1867612	"[""N01BB01""]"
1944656	"[""G03AA05"", ""B03AA02""]"
1235245	"[""L04AD02""]"
1235252	"[""A06AB06""]"
1242520	"[""D08AJ08""]"
1244630	"[""A03BB03"", ""R01BA02"", ""R06AB04""]"
1246328	"[""R03AC13""]"
1247388	"[""A09AA01""]"
1247883	"[""A06AA02"", ""A06AB04""]"
1248600	"[""D08AG03""]"
1292881	"[""A16AB11""]"
1293943	"[""S02CA03""]"
1294559	"[""R01BA02"", ""R06AA02""]"
1299089	"[""M01AE51"", ""R01BA02""]"
1313818	"[""C05AX06""]"
1363370	"[""R01BA02"", ""R05CA03""]"
1369963	"[""N02BE01"", ""R01BA02"", ""R05DA09""]"
1376340	"[""D07AC03""]"
141998	"[""M02AA13""]"
1424281	"[""D02AX""]"
1424249	"[""D08AG03""]"
1437739	"[""N05CH01""]"
197521	"[""J04BA01""]"
197645	"[""A11CC01""]"
1441273	"[""N02BE01"", ""R05DA09"", ""R06AA09""]"
1544377	"[""P03AX05""]"
1544968	"[""C05AX06""]"
1547234	"[""A02AH""]"
1594591	"[""M03AB01""]"
1597120	"[""G03BA03""]"
1600991	"[""B01AC06""]"
1606490	"[""N05AH05""]"
1603294	"[""R05CA03"", ""R05DA09""]"
1743941	"[""C01CA04""]"
1791403	"[""B05BC01""]"
1796692	"[""G03DA03""]"
1797876	"[""R01AC03""]"
1805420	"[""N06DA52""]"
1807715	"[""D01AE18""]"
197518	"[""J01FF01""]"
1244562	"[""A03BB03"", ""R01BA02""]"
1251792	"[""N05CA03""]"
1292020	"[""D04AB01"", ""D08AJ08""]"
1294380	"[""R01BA03"", ""R05DA03"", ""R06AA02""]"
1297753	"[""C07AB05""]"
1299249	"[""C01BG01""]"
1356319	"[""N02AX06""]"
1357389	"[""R06AB01""]"
1359117	"[""G03AA05""]"
1359134	"[""G03AA05""]"
1364062	"[""A06AA01""]"
1373254	"[""C05AX04""]"
141918	"[""R06AX12""]"
1425339	"[""N06BA02""]"
1435920	"[""D08AG03""]"
197950	"[""C03AA08""]"
198025	"[""A11HA01""]"
198142	"[""H02AB06""]"
1490040	"[""C01CA27""]"
1491516	"[""D02AE01""]"
153080	"[""C09CA03""]"
1537209	"[""G03AA05""]"
1539752	"[""D08AC02""]"
1549863	"[""N01AB06""]"
1591970	"[""B03XA03""]"
1593632	"[""A12BA05""]"
1593756	"[""R05DB10""]"
1595457	"[""A09AA01""]"
1596023	"[""V03AE08""]"
1605455	"[""L04AA32""]"
1649425	"[""J01AA02""]"
1652673	"[""J01AA02""]"
1369420	"[""R05DB10""]"
198034	"[""C08CA05""]"
1435119	"[""H05AA02""]"
1541816	"[""N01BA05""]"
1922518	"[""L01FD01""]"
1359779	"[""R03AK06""]"
629319	"[""J01FF01""]"
630200	"[""A01AA01""]"
665113	"[""R01BA02"", ""R05DA03"", ""R06AB01""]"
686893	"[""B05BB02""]"
707793	"[""D07AA02""]"
701882	"[""S01XA20""]"
728227	"[""B03AB02""]"
763531	"[""D01AC08"", ""D11AX12""]"
686890	"[""B05BB02""]"
797730	"[""D08AG02""]"
643127	"[""H02AB06""]"
672347	"[""N06BX12""]"
746609	"[""L01EA03""]"
755465	"[""A06AD11""]"
756080	"[""P02CB01""]"
748878	"[""G03AA07""]"
884207	"[""C02AC01"", ""C03BA04""]"
884684	"[""N06BA02""]"
896006	"[""R03BA05""]"
899521	"[""C01DA02""]"
834841	"[""R01BA02"", ""R06AB01""]"
745647	"[""D02AE01""]"
748594	"[""A03BB03"", ""R01BA03"", ""R06AB04""]"
800106	"[""B05BA01""]"
863995	"[""S01GA02""]"
866912	"[""C10AC04""]"
885717	"[""R01BA02"", ""R05CA03""]"
891451	"[""V06DC01""]"
904475	"[""C10AA03""]"
905367	"[""C02AA02"", ""C02DB02"", ""C03AA03""]"
977860	"[""N06BA03""]"
978070	"[""G01AD02""]"
904158	"[""A06AD65""]"
309290	"[""D01AE14""]"
311153	"[""R03AC07"", ""R03CC06""]"
312068	"[""H01CB02""]"
312652	"[""N05AA03""]"
1090482	"[""R05CA03""]"
198412	"[""B05BB03""]"
1986870	"[""M02AB01""]"
204504	"[""C01AA05""]"
2049409	"[""R01BA02"", ""R05CA03"", ""R05DA09"", ""R06AB01""]"
995239	"[""R05CA03"", ""R05DA04""]"
312872	"[""A16AB06""]"
348869	"[""J01AA02""]"
359221	"[""N02BE01""]"
809858	"[""C09BA06""]"
810083	"[""N04BA03""]"
898346	"[""C09BB13""]"
727854	"[""L03AB04""]"
897646	"[""C08DA01""]"
901537	"[""N04BC05""]"
905154	"[""J01GB06""]"
310154	"[""J01FA01""]"
199292	"[""V06DD""]"
861025	"[""A10BA02""]"
903287	"[""H03AA01"", ""H03AA02""]"
993506	"[""N06AX12""]"
896228	"[""R03AK06""]"
308649	"[""A02BX12"", ""A04AD02""]"
310170	"[""G03CA03""]"
310873	"[""D07CA01""]"
1992281	"[""D07AD01""]"
205513	"[""D05AC01""]"
206957	"[""H02AB07""]"
204515	"[""C03AA06""]"
996198	"[""R01BA02"", ""R05CA03"", ""R05DA04""]"
314184	"[""A07AA06""]"
314231	"[""C10AA01""]"
802748	"[""B03AE""]"
829546	"[""D04AB04""]"
877425	"[""A11HA03"", ""C01EB09""]"
800474	"[""B05DB""]"
897596	"[""C08DA01""]"
308743	"[""A11HA05""]"
205114	"[""G01AD01""]"
900409	"[""D07AA02""]"
617993	"[""J01CR02""]"
755661	"[""R06AX27""]"
705622	"[""A11CA01""]"
725108	"[""L01EG01""]"
702519	"[""N03AA02""]"
706548	"[""D11AC03""]"
746815	"[""R03BA07""]"
798072	"[""N01BA05""]"
798428	"[""J07BC01""]"
725846	"[""R05CA09""]"
756352	"[""R03DA04"", ""R05CA03""]"
891793	"[""A11JB""]"
895525	"[""H02AB02""]"
994239	"[""N02AJ""]"
199248	"[""A09AB02"", ""A16AA06""]"
692479	"[""R01BA03""]"
727505	"[""G03GA08""]"
752814	"[""A02AA02"", ""A11HA02""]"
762394	"[""G03CA03""]"
904955	"[""M05BA06""]"
977526	"[""N02BE01"", ""N06BC01""]"
905227	"[""C02DB02""]"
308409	"[""N02BA01""]"
310236	"[""N04AA05""]"
311195	"[""C01DA08""]"
311414	"[""A02AD02""]"
1087167	"[""A06AC01""]"
1088707	"[""N01BA05""]"
198480	"[""N02BA01"", ""N06BC01""]"
199168	"[""N03AA02""]"
996535	"[""R01BA01"", ""R05CA03"", ""R05DA04""]"
999913	"[""D10AE01""]"
313405	"[""J01CA13""]"
309240	"[""R01BA02"", ""R06AB04""]"
309575	"[""A03BB03"", ""R01BA03"", ""R06AB04""]"
310246	"[""M01AB08""]"
311626	"[""L01BA01"", ""L04AX03""]"
312332	"[""P03AC01""]"
308771	"[""L01DC01""]"
861848	"[""N05AB02""]"
866482	"[""C07BB02""]"
897751	"[""N02AA03""]"
966161	"[""H03AA01""]"
966585	"[""D07AC10""]"
198586	"[""C01EB09""]"
404406	"[""R03DC03""]"
877516	"[""L01XH02""]"
966616	"[""C02AA02"", ""C02DB02""]"
617320	"[""C10AA05""]"
643102	"[""M01AE01""]"
688242	"[""G03CA57""]"
723562	"[""D04AB04""]"
754509	"[""A04AD12""]"
755945	"[""N02BE01"", ""N06BC01""]"
763570	"[""B01AD04""]"
795949	"[""R06AB01""]"
866433	"[""M01AX05"", ""M01AX25""]"
891889	"[""N02AA01""]"
994045	"[""N02BE01"", ""R05DA04""]"
312019	"[""C01DA02"", ""C05AE01""]"
750199	"[""C10BX03""]"
763576	"[""C08CA07""]"
730794	"[""M03BA02""]"
860898	"[""N03AG04""]"
894891	"[""A07BC04""]"
896108	"[""D01AE22""]"
966410	"[""H03AA01""]"
979466	"[""C09DA01""]"
992478	"[""R06AD02""]"
902736	"[""N02AA03""]"
308224	"[""A09AA01""]"
309309	"[""J01MA02""]"
309329	"[""J01FF01""]"
310134	"[""S01EA01""]"
310151	"[""J01FA01""]"
311428	"[""A02AA04""]"
312773	"[""A02BA02""]"
312775	"[""C02AA04""]"
1090558	"[""H01CB02""]"
1090917	"[""A06AC01""]"
1090915	"[""A11HA03"", ""C01EB09""]"
198507	"[""A11HA05""]"
2043457	"[""D02AF""]"
205304	"[""C09CA07""]"
206278	"[""N05AH01""]"
205915	"[""D01BA01""]"
996460	"[""R05CA03"", ""R05DA04""]"
999638	"[""G01AC30""]"
312968	"[""J04AA02""]"
313030	"[""A01AA01""]"
317168	"[""P03AX06""]"
347126	"[""N01AX13""]"
349275	"[""B03XA02""]"
352063	"[""M01AH03""]"
393256	"[""H01AA02""]"
805375	"[""J07CA""]"
809536	"[""A12AX""]"
892516	"[""N02AA01""]"
900454	"[""D11AX22"", ""P02CF01""]"
702157	"[""A12AA02""]"
309034	"[""A06AB05""]"
312175	"[""V03AN01""]"
351114	"[""M05BA08""]"
617316	"[""J01CR02""]"
617621	"[""J06BA01""]"
630890	"[""N05AX08""]"
701361	"[""R05CA03""]"
672605	"[""D02AE01""]"
702648	"[""D02AX""]"
647283	"[""A16AX05""]"
630375	"[""A01AA01""]"
644104	"[""A16AB09""]"
672912	"[""J01MA02""]"
753398	"[""G03AA05""]"
751999	"[""A07FA02""]"
797882	"[""D10AE01""]"
861061	"[""J01AA02""]"
905174	"[""N06AA11""]"
797580	"[""V10XA53""]"
861495	"[""D07AD01""]"
861364	"[""B01AX05""]"
863538	"[""J01CE01""]"
866142	"[""R06AX02""]"
884231	"[""C02LC01""]"
885221	"[""N04AC01""]"
892249	"[""H03AA01""]"
966989	"[""A02BA01""]"
309088	"[""J01DD07""]"
309243	"[""R06AB04""]"
310580	"[""M01CB01""]"
310761	"[""D08AE01""]"
311247	"[""A09AA04""]"
311296	"[""J01MA12""]"
1086836	"[""V03AB06"", ""V03AB08""]"
312100	"[""N02BA01"", ""N06BC01"", ""A07DA02"", ""R05CA04""]"
312844	"[""M01AH02""]"
1087030	"[""D04AA32""]"
198751	"[""D08AX""]"
199041	"[""D07AC11""]"
1998449	"[""A07BC04""]"
1999673	"[""J05AR20""]"
205252	"[""A06AA01""]"
206174	"[""M03AC10""]"
205529	"[""D07AB08""]"
994055	"[""N02BE01"", ""R05DA04""]"
312958	"[""A03AX13""]"
313139	"[""D06BA05"", ""J01EB06""]"
314021	"[""D07AA02""]"
315061	"[""H02AB02""]"
402131	"[""N05AX12""]"
801559	"[""B05BA01""]"
861498	"[""D07AD01""]"
905059	"[""L02AE04""]"
1090579	"[""A01AA01""]"
200317	"[""B05BA02""]"
313115	"[""J01GA01""]"
352188	"[""A06AX06""]"
801142	"[""B05XA30""]"
805451	"[""A04AA05""]"
310472	"[""J01GB03""]"
310766	"[""N01AF02"", ""N05CA16""]"
311152	"[""R03AC07"", ""R03CC06""]"
311952	"[""C10AD02""]"
312589	"[""N05BA11""]"
1090754	"[""D01AC02""]"
311264	"[""N03AX09""]"
199864	"[""D04AB04""]"
200090	"[""D02AA""]"
2049380	"[""A10AB01"", ""A10AC01"", ""A10AD01""]"
205082	"[""A12AA03""]"
205913	"[""B03XA01""]"
995260	"[""N05BB01""]"
996520	"[""R05FB02""]"
997494	"[""R06AX26""]"
998032	"[""A04AA01""]"
312874	"[""N02BA05""]"
314988	"[""N02BA01"", ""N06BC01"", ""R05DA04""]"
315223	"[""N02CC01""]"
349198	"[""N03AE01""]"
392038	"[""A01AA01""]"
824961	"[""N04BC04""]"
826818	"[""R05CA03"", ""R05DB05""]"
829971	"[""J07AF01"", ""J07AM01""]"
351449	"[""B01AD01""]"
352202	"[""R06AA08""]"
207035	"[""L03AB05""]"
847469	"[""C04AD03""]"
854815	"[""J01MB02""]"
856441	"[""D02AF"", ""D10AE01""]"
856450	"[""C07AA05""]"
857118	"[""N02AJ22""]"
207769	"[""C08CA05""]"
208435	"[""D06BA05"", ""J01EB06""]"
209169	"[""N02CC01""]"
209301	"[""S01AA01"", ""S01AA18"", ""S01CB03""]"
209365	"[""N02BE01""]"
209391	"[""N06AA10""]"
210587	"[""A03AX10"", ""N02BE01"", ""N05CC04""]"
2106105	"[""D10AE01""]"
2106585	"[""D07AC21""]"
210918	"[""A12CC06""]"
210958	"[""A12CC10""]"
2110774	"[""G03CA03""]"
211176	"[""A07BC04""]"
211228	"[""D03BA01""]"
2117381	"[""D01AE12""]"
211891	"[""N02BA01""]"
212470	"[""A11DA01""]"
213128	"[""L03AC02""]"
213816	"[""R03CC02""]"
214105	"[""H02AB06""]"
2168003	"[""R05DA09"", ""R06AB04""]"
2168518	"[""R05DA09"", ""R06AB06""]"
2173654	"[""R05DA09"", ""R06AB04""]"
2173848	"[""R05DA09""]"
2173833	"[""R01BA02"", ""R05CA03"", ""R05DA09""]"
2178170	"[""R01BA02"", ""R05DA09"", ""R06AB04""]"
2178281	"[""R06AC01""]"
1091506	"[""G03BA03"", ""G03CA03""]"
1098418	"[""L01EX04""]"
1100578	"[""A02AA02"", ""A02AC01"", ""A06AD02"", ""A11CA02"", ""A11CC05"", ""A11DA01"", ""A11GA01"", ""A11HA01"", ""A11HA02"", ""A11HA04"", ""A12AA04"", ""A12CC10"", ""B03BA01"", ""B03BB01"", ""D02BB01"", ""S01XA26""]"
1100924	"[""R02AA06""]"
1113316	"[""N02AA05""]"
1114342	"[""A11EX""]"
1116136	"[""N03AA02"", ""R03DA04""]"
1146692	"[""N03AX09""]"
828536	"[""N02CC04""]"
857076	"[""N02AJ22""]"
2103317	"[""D04AB01""]"
212432	"[""D02AE01""]"
213526	"[""S02AA10"", ""S02BA01""]"
2166928	"[""R03AL06""]"
2167676	"[""R01BA02"", ""R05CA03"", ""R05DA09""]"
1098219	"[""D08AG02"", ""D08AX08""]"
1114836	"[""D10AB02""]"
1190692	"[""A03BA01""]"
1192959	"[""R01BA02"", ""R06AB01""]"
1193362	"[""N03AX14""]"
1101540	"[""N02BE01""]"
406694	"[""D10AE01""]"
484850	"[""N01BA02""]"
596936	"[""A06AX01""]"
615100	"[""B05BB02""]"
857847	"[""R01BA03"", ""R05DA03"", ""R06AB04""]"
858138	"[""A07EA07""]"
859087	"[""R05CA09"", ""R05DA03""]"
860557	"[""R01BA02"", ""R05CA03"", ""R05DA03""]"
1000980	"[""R01AA05""]"
1005712	"[""C01DA05"", ""N03AA02""]"
1006554	"[""P02CF01""]"
1009332	"[""P02CC01""]"
1010769	"[""D04AB01""]"
1010878	"[""N01BB02""]"
1010931	"[""D04AB01""]"
1011703	"[""S01HA07""]"
1012249	"[""D07AA02"", ""D04AB01""]"
1012727	"[""R01BA02"", ""R05DA03"", ""R06AA08""]"
102166	"[""A03AB02""]"
1037185	"[""G03AA05"", ""B03AA02""]"
1037389	"[""R06AB01""]"
1039201	"[""D08AE05""]"
1039927	"[""D11AX11""]"
1042673	"[""D02AF""]"
1049230	"[""D08AJ01""]"
1050077	"[""D04AA32""]"
1052453	"[""D11AX12""]"
1053177	"[""D10AE01""]"
1053584	"[""R01BA02"", ""R06AB04""]"
2184172	"[""A03BB03"", ""R01BA02"", ""R06AB02""]"
2196391	"[""J06BA01""]"
238233	"[""C01CA11""]"
239056	"[""M03AA02""]"
283511	"[""L04AX03""]"
28889	"[""R06AX13""]"
1657026	"[""N01BB02""]"
1658178	"[""R03AA01""]"
1661314	"[""R05CA03"", ""R05DA09""]"
1119308	"[""P01BA01"", ""P01BA03""]"
1147026	"[""B03BA01"", ""B03BB01""]"
1190890	"[""A03CB03""]"
545293	"[""L03AB05""]"
857839	"[""R01BA03"", ""R05DA03"", ""R06AB04""]"
1000154	"[""L02AB02""]"
1011728	"[""D04AB01""]"
1046283	"[""S01GA01""]"
1049595	"[""N02AA05""]"
1052688	"[""C05AD07"", ""D04AB07""]"
1052614	"[""D02AE01""]"
1086369	"[""A12CB02""]"
260392	"[""H02AB06""]"
1669859	"[""G03CA03""]"
1673095	"[""A01AA01""]"
1719862	"[""N05AD01""]"
1724786	"[""N01BB01""]"
1727569	"[""C03CA02""]"
1728099	"[""B02BX04""]"
1736028	"[""R05FB02""]"
1049276	"[""D08AJ01""]"
240209	"[""D07AC01""]"
1657880	"[""J07AF01"", ""J07AM01""]"
1723478	"[""B01AE07""]"
198289	"[""C01BB03""]"
198291	"[""A10BB05""]"
2053519	"[""R07AX30""]"
206982	"[""J01CF06""]"
207370	"[""M01CC01""]"
199305	"[""A06AC05""]"
997166	"[""R05DA04""]"
997229	"[""N06DA02""]"
997643	"[""D10AD01""]"
998185	"[""R01BA03"", ""R05DA04"", ""R06AA02""]"
998711	"[""N02BA05"", ""N02BE01"", ""N06BC01""]"
312936	"[""H01AC04"", ""V04CD03""]"
313865	"[""S01AX07""]"
314188	"[""D08AG02""]"
348368	"[""V03AN01"", ""V03AN04""]"
351291	"[""S01XA18""]"
403957	"[""G04BE08""]"
359931	"[""R01BA03"", ""R05CA03""]"
823971	"[""C09BA03""]"
831254	"[""C08DB01""]"
845314	"[""N02AX02""]"
311568	"[""C01CA09""]"
2003344	"[""A12CB01"", ""V03AB20""]"
847014	"[""A01AA01""]"
849699	"[""B01AB01""]"
854894	"[""N05CF02""]"
855503	"[""A09AA01""]"
855671	"[""N03AB02""]"
856607	"[""J05AC02""]"
857107	"[""N02AJ22""]"
857334	"[""N02BE01"", ""R05DA03""]"
857566	"[""G04BD09""]"
208449	"[""D10AE01""]"
209071	"[""B03BA01""]"
209288	"[""J01MA06""]"
208479	"[""R06AX12""]"
2107522	"[""A10AE06""]"
211057	"[""A02AD02""]"
211879	"[""B01AC06"", ""N02BA01""]"
2173645	"[""M01AE01"", ""R01BA03""]"
2196992	"[""D08AC02""]"
2168782	"[""N02BE01"", ""R05DA09"", ""R06AB04""]"
221124	"[""C07AB02""]"
237786	"[""B03BB01""]"
2167161	"[""J06BA01""]"
1089751	"[""R01BA02""]"
1091389	"[""N06BA04""]"
1092093	"[""R06AA02""]"
1092193	"[""N02BE01"", ""R06AA02""]"
1094559	"[""A01AA01""]"
1095229	"[""G04BD02""]"
1111065	"[""R05DB10"", ""R06AB01""]"
1114427	"[""D08AG03""]"
1114868	"[""M01AE02""]"
1190433	"[""A06AX01""]"
1190614	"[""A03BA01""]"
1190921	"[""N02AA01""]"
857702	"[""M01AB05""]"
1116090	"[""R03CA02"", ""R05CA03"", ""R06AB04""]"
977861	"[""N06BA03""]"
991194	"[""N05AA01""]"
994809	"[""M03BC01"", ""N02BE01""]"
310189	"[""G03CA03""]"
310410	"[""B03BB01""]"
1088465	"[""R06AA02""]"
311602	"[""A14AA03""]"
204625	"[""A11HA04""]"
204807	"[""A02AA04"", ""A06AB07""]"
2056470	"[""H03AA01""]"
206958	"[""M01AX01""]"
995122	"[""R05DA04""]"
998035	"[""A04AA01""]"
313504	"[""R06AC04""]"
313724	"[""A11HA03""]"
313968	"[""J01FA01""]"
317075	"[""J01DD07""]"
333831	"[""A11GA01""]"
352335	"[""C09DA02""]"
358334	"[""C08CA02""]"
996742	"[""N06DX01""]"
347107	"[""N01AX13""]"
349114	"[""J01AA02""]"
807832	"[""N03AX14""]"
809240	"[""A09AA01""]"
824174	"[""J01CA04""]"
828558	"[""N02BE01""]"
2058883	"[""L01BC05""]"
207243	"[""M01AE12""]"
313473	"[""N05AB06""]"
809002	"[""N04BA02""]"
849400	"[""M01AE02""]"
849578	"[""M01AE02""]"
849697	"[""N02AC04"", ""N02BE01""]"
856612	"[""J05AG02""]"
857610	"[""R01BA03"", ""R05DA03"", ""R06AB01""]"
857892	"[""C01BA02""]"
207941	"[""C03AA03""]"
209361	"[""N02BE01""]"
2108912	"[""A07EC02""]"
211148	"[""P02CA03""]"
2118448	"[""J01XA01""]"
2120199	"[""N02CD01""]"
212595	"[""N05CC01""]"
213897	"[""R03AC17""]"
2168769	"[""A09AB04""]"
210604	"[""P03AC01""]"
1111641	"[""L03AX13""]"
1111640	"[""L03AX13""]"
1234563	"[""R01AA04""]"
562260	"[""A01AD01"", ""B02BC09"", ""C01CA24"", ""R03AA01""]"
578330	"[""C09DA06""]"
597984	"[""C10BX03""]"
603282	"[""A12BA02""]"
616568	"[""A12AA01"", ""N05CH01""]"
860433	"[""R01BA03"", ""R05CA03"", ""R05DA03""]"
1011715	"[""C09XA52""]"
1012715	"[""D08AJ01""]"
1041516	"[""D02AA""]"
104701	"[""N05BA01""]"
104906	"[""N02BE01""]"
1049376	"[""D04AB07"", ""D08AE05"", ""D08AJ01"", ""D09AA11"", ""R02AA16""]"
1053386	"[""D02AA""]"
1053582	"[""R01BA02"", ""R06AB04""]"
106310	"[""D10AE01""]"
1086285	"[""A16AX05""]"
238160	"[""N02BE01""]"
251478	"[""N02BE01""]"
259218	"[""G03AC03"", ""G03AD01""]"
284201	"[""N02CC03""]"
1653940	"[""R06AE09"", ""R06AX13""]"
1658311	"[""D01AE12""]"
1661220	"[""B02AB02""]"
1661502	"[""N01BB03""]"
1663747	"[""D10AD03""]"
1666334	"[""B01AC24""]"
1724358	"[""N02AA03""]"
1726313	"[""M03AX01""]"
1729076	"[""B01AC27""]"
1731354	"[""L01BC01""]"
1737723	"[""C01BB01""]"
213390	"[""J05AG03""]"
428899	"[""M01AX05"", ""M01AX25""]"
562618	"[""M02AB01""]"
596940	"[""D08AG03""]"
602395	"[""J05AR02""]"
1013096	"[""C01BB01"", ""C05AD01"", ""N01BB02""]"
1039474	"[""D08AX08""]"
1048288	"[""N01BX02"", ""R02AD04""]"
1085714	"[""C05AA12"", ""D07AB09"", ""D07XB02""]"
245199	"[""D01AE12""]"
248119	"[""R01BA01"", ""R05CA03""]"
1661488	"[""N01BB03""]"
1667678	"[""N05AX15""]"
1670201	"[""N03AB05""]"
1721619	"[""J05AR18""]"
1728351	"[""N02AF01""]"
1728785	"[""N02AA01""]"
1729205	"[""C09AA02""]"
284514	"[""N05AH03""]"
1743953	"[""C01CA04""]"
1745001	"[""D01AE12""]"
858616	"[""C08CA04""]"
1042688	"[""N02BE01"", ""R05DA09"", ""R06AB04""]"
1189657	"[""A12BA01"", ""A12CA01"", ""A12CC01"", ""B05CB01"", ""B05CX01"", ""B05XA01"", ""B05XA03"", ""B05XA08"", ""B05XA11"", ""V04CA02"", ""V06DC01""]"
1189781	"[""B01AC06""]"
1190189	"[""A06AA02""]"
1190955	"[""G03BA03""]"
1191222	"[""V03AB15""]"
1232298	"[""D08AJ01"", ""D09AA11""]"
1234585	"[""R01AA04""]"
404604	"[""R05CA03""]"
543014	"[""G04BC""]"
544915	"[""L01BB06""]"
562508	"[""J01CR02""]"
860279	"[""R05CA03"", ""R05DA03""]"
1014123	"[""D10AF06""]"
1020510	"[""S01BC11""]"
1039279	"[""D07AA02""]"
1049576	"[""N02AA05""]"
1053592	"[""R01BA02"", ""R06AB04""]"
1053666	"[""N02AB03""]"
238030	"[""N01BA02""]"
284303	"[""M02AB01""]"
284534	"[""B01AE06""]"
307683	"[""N02BE01"", ""R06AC01""]"
1721965	"[""G03AA05""]"
1726274	"[""L01DC04""]"
2168347	"[""A11CC05"", ""B03BB01""]"
584302	"[""H01BB02""]"
616640	"[""A11JB""]"
1046771	"[""A03BA03""]"
1047476	"[""J01AA06""]"
1232591	"[""N06AX12""]"
831359	"[""C08DB01""]"
861517	"[""N02AB02""]"
309271	"[""N02BA03""]"
311168	"[""J04AC01""]"
199389	"[""M01AX05""]"
199703	"[""N04BC06""]"
201824	"[""J01DB09""]"
204930	"[""A06AB07""]"
206264	"[""R03DA04"", ""R05CA03""]"
206964	"[""C07AA12""]"
207339	"[""N05CD08""]"
2003656	"[""A02BC01""]"
995605	"[""J04AK02""]"
999496	"[""N02BE01""]"
313643	"[""A11CA01""]"
347996	"[""J01DB01""]"
403884	"[""N03AX14""]"
352119	"[""A16AX04""]"
801391	"[""A12AA07"", ""A12BA01"", ""A12CA01"", ""A12CC01"", ""B05CB01"", ""B05XA01"", ""B05XA03"", ""B05XA07"", ""B05XA08"", ""B05XA11"", ""G04BA03""]"
825435	"[""R05CA03""]"
831305	"[""C08DB01""]"
2049264	"[""G03AA07""]"
313142	"[""A07EC01""]"
831309	"[""C08DB01""]"
836647	"[""N05CF02""]"
845945	"[""D10AE01""]"
846045	"[""A11GA01""]"
847368	"[""D10AE01""]"
853002	"[""C01BA01""]"
856459	"[""C07AA05""]"
1091392	"[""N06BA04""]"
1093284	"[""N01AB08""]"
1101465	"[""M01AB08""]"
209068	"[""B03BA01""]"
2101530	"[""M02AB01""]"
2108857	"[""G03CA03""]"
213118	"[""J01MA11""]"
213212	"[""N02CC02""]"
213337	"[""A16AB06""]"
2166204	"[""R03BB04""]"
540817	"[""B01AC07""]"
608796	"[""A02BC01""]"
857679	"[""R03CC03""]"
858744	"[""A05AA02""]"
860597	"[""R05DA03""]"
860680	"[""R01BA01"", ""R05DA03""]"
1010609	"[""N07BC51""]"
1037272	"[""C05AX04""]"
1039149	"[""D02AA""]"
1049081	"[""D04AB04"", ""N01BA05"", ""D08AJ08""]"
1049156	"[""R01BA02""]"
1050413	"[""R01BA02""]"
261361	"[""N07AX03""]"
283641	"[""A02BA03""]"
1664458	"[""L04AD02""]"
1719669	"[""N05AD01""]"
1115587	"[""A16AX01""]"
213071	"[""A06AB06""]"
434413	"[""A07BC01""]"
582969	"[""H01AC01""]"
603642	"[""R01BA03"", ""R05DB05"", ""R06AC01""]"
859046	"[""N04BC05""]"
860028	"[""R01BA03"", ""R05DA03"", ""R06AC01""]"
1012769	"[""N01BB03""]"
1720276	"[""A16AB13""]"
602639	"[""A02BA02""]"
1045621	"[""D08AE05""]"
1738808	"[""N06AB05""]"
1792289	"[""D07AA02""]"
1797655	"[""N02AE01"", ""N07BC01""]"
1803669	"[""N02BE01"", ""R05DA09""]"
1809511	"[""J06BA01""]"
1810273	"[""J01CA04""]"
1860135	"[""A12BA01"", ""B05XA01""]"
1866515	"[""N01BB03""]"
197425	"[""N02BE01""]"
197446	"[""M03BA02""]"
1235157	"[""C09DA09""]"
1236127	"[""N02AA08"", ""R01BA02"", ""R05CA03""]"
1236208	"[""N02AA08"", ""N06BC01""]"
1244695	"[""R05CA03""]"
1244769	"[""R01BA02"", ""R05CA03"", ""R05DA03""]"
1245723	"[""R01BA02"", ""R05DA09""]"
1248002	"[""A06AA02""]"
1251325	"[""G03AA05""]"
1251486	"[""R02AA16""]"
1251619	"[""R02AA06""]"
1291869	"[""D04AA32""]"
1292836	"[""B05CB04""]"
1301158	"[""D04AB04"", ""D08AJ01"", ""D08AJ08""]"
1300396	"[""J07AF01"", ""J07AM01""]"
1305099	"[""A02AH""]"
1307056	"[""N07BC51""]"
1309978	"[""D01AE12""]"
1310621	"[""R01BA02"", ""R05CA03""]"
1310827	"[""P03AX05""]"
1311820	"[""A03BB03"", ""R06AB04""]"
1356074	"[""G03AA07""]"
1359983	"[""C01DA02"", ""C05AE01""]"
1363246	"[""R06AB04""]"
1366804	"[""D01AC02"", ""D08AE04"", ""D09AA06""]"
1368403	"[""A10BD09""]"
1374574	"[""J01GB01""]"
1423711	"[""R01BA02"", ""R05DA09"", ""R06AB04""]"
1423961	"[""D08AG03""]"
1424045	"[""R01BA01"", ""R05DA09"", ""R06AB04""]"
198039	"[""C01DA02""]"
198104	"[""C07AA03""]"
198152	"[""M04AB01""]"
1430402	"[""R01BA02"", ""R05CA03"", ""R05DA09""]"
1440936	"[""D07AA02""]"
1441376	"[""R05DB10""]"
1485099	"[""R01BA03"", ""R06AC01""]"
1489372	"[""D07AA02""]"
1494775	"[""N03AX11""]"
150932	"[""A11HA03""]"
153638	"[""N05AH04""]"
1536503	"[""R05DA09"", ""R06AA09""]"
1539995	"[""R05CA03""]"
1598099	"[""D06AX05""]"
1599133	"[""N02BE01""]"
1608012	"[""D04AB01"", ""M02AB01""]"
1649008	"[""D04AB01""]"
197554	"[""G03XA01""]"
1362041	"[""D01AE04""]"
1364539	"[""D02AA""]"
1860136	"[""A12BA01""]"
1866401	"[""D04AB04""]"
1870205	"[""C01CA24""]"
1872752	"[""N02AA03""]"
1923056	"[""L01EF02"", ""L02BG04""]"
1923579	"[""D01AE12"", ""D10AB02""]"
1928858	"[""N01BB08""]"
1946589	"[""R01AD08""]"
1809214	"[""J06BA01""]"
1252021	"[""D08AX01""]"
1291374	"[""C05AA01""]"
1302353	"[""B03AA02""]"
1308002	"[""R05FB02""]"
1356677	"[""R01BA02"", ""R06AA08""]"
1359148	"[""N02BE01"", ""R01BA02"", ""R05CA03"", ""R05DA04""]"
1362054	"[""B01AB01"", ""C05BA03""]"
1362047	"[""D08AG03""]"
1363291	"[""R06AB04""]"
1367208	"[""N02BE01"", ""R01BA03"", ""R05CA03""]"
1368020	"[""A10BH04""]"
1368430	"[""A10BD09""]"
1369818	"[""N02BE01"", ""R01BA02""]"
1370204	"[""R05DA09"", ""R06AB04""]"
1370768	"[""D07AB02""]"
1371355	"[""D07AA02"", ""D04AB07""]"
1421982	"[""R01BA02"", ""R05CA03"", ""R05DA09""]"
1424016	"[""D01AC08"", ""D08AC02""]"
1425431	"[""D08AX01"", ""D11AX25""]"
197961	"[""C02LB01""]"
1535250	"[""R01BA03"", ""R06AB04""]"
1545652	"[""A03AX13""]"
1546204	"[""D08AX01""]"
1601102	"[""A11CC05"", ""B03BB01""]"
1809439	"[""J06BA01""]"
1809672	"[""J06BA01""]"
1299022	"[""M01AE51"", ""R01BA02""]"
1298433	"[""R01BA02"", ""R05DA09"", ""R06AB02""]"
1366835	"[""N02BE01"", ""R01BA02""]"
1795598	"[""G03AC03"", ""G03AD01"", ""G03CA01"", ""L02AA03""]"
1808221	"[""N01AX10""]"
1809545	"[""B06AA03""]"
1812425	"[""N03AX11""]"
1857913	"[""J05AX09""]"
1860498	"[""R05DA03""]"
1874139	"[""D10AE01""]"
1876614	"[""D04AB04""]"
1919088	"[""L01EX10""]"
1941599	"[""D11AC30""]"
1946651	"[""J01DH52""]"
1245706	"[""R01BA03"", ""R05DB10"", ""R06AB04""]"
1251008	"[""D01AE04""]"
1251034	"[""D01AE04""]"
1251787	"[""R06AA02""]"
1293083	"[""C05AX04""]"
1297660	"[""A02BC05""]"
1303840	"[""B03BA05""]"
1313884	"[""N03AB02""]"
1358761	"[""H02AB04""]"
1360264	"[""G03CA03""]"
1361023	"[""C04AB01""]"
1361708	"[""A02AH""]"
1362069	"[""B01AB01"", ""C05BA03""]"
1364362	"[""L01EA05""]"
1370097	"[""D10AB02"", ""D10AX02""]"
1370427	"[""R05CA03""]"
1425847	"[""N06BA02""]"
1429284	"[""N07AA01""]"
197843	"[""D10BA01""]"
198068	"[""N06BA05""]"
198105	"[""C07AA03""]"
1491511	"[""D03AX05""]"
1494742	"[""D10AE01""]"
151720	"[""G03CA03""]"
1535468	"[""L01ED02""]"
1540004	"[""R05FB02""]"
1541261	"[""D10AE01""]"
1542859	"[""D01AE12""]"
1542835	"[""D06AA04""]"
1595249	"[""C01BB01"", ""C05AD01"", ""M09AX01"", ""N01BB02""]"
1595736	"[""R05DA03""]"
259132	"[""C10AA""]"
261300	"[""C09CA02""]"
1722376	"[""L01EE02""]"
1723160	"[""J01GB06""]"
859871	"[""N05AD01""]"
1664463	"[""L04AD02""]"
1726296	"[""M03AX01""]"
1728999	"[""N02AA01""]"
1736057	"[""D01AE12""]"
1741292	"[""B05AA01""]"
1856402	"[""G03AA05""]"
1863349	"[""L01CA02""]"
1866543	"[""N02AF02""]"
1921228	"[""L01ED04""]"
197498	"[""C03BA04""]"
197591	"[""N05BA01""]"
197699	"[""J02AC01""]"
197816	"[""C03BA11""]"
1250896	"[""D01AE04""]"
1294560	"[""R01BA02"", ""R06AA02""]"
1298335	"[""R01BA02"", ""R05CA03"", ""R05DA09""]"
1302475	"[""A01AA01""]"
1302437	"[""D10AE01""]"
1303807	"[""N05CH01""]"
1357007	"[""G03CA03""]"
1357931	"[""R01BA03"", ""R05CA03""]"
1358165	"[""R05DB10"", ""R06AE04""]"
1361515	"[""R01BA02""]"
1362952	"[""B01AB01"", ""C05BA03""]"
1367205	"[""N02BE01"", ""R05DA09""]"
1428927	"[""R06AX07""]"
197976	"[""G03BA02""]"
197988	"[""L01XX23""]"
198193	"[""A02BA02""]"
1486787	"[""D01AE18"", ""D08AE04"", ""D09AA06""]"
1490065	"[""G03XC01""]"
1491506	"[""A02AA04"", ""A02AB01"", ""A02AB02"", ""G04BX01""]"
1536586	"[""G03AA13""]"
1547563	"[""D10BA01""]"
1605185	"[""H03AA01""]"
1650604	"[""R01AA05"", ""R01AB07""]"
1741763	"[""B05AA01""]"
1804745	"[""J02AX06""]"
1356112	"[""R02AA12""]"
1361029	"[""B01AB01""]"
1424677	"[""A01AD05"", ""B01AC06"", ""N02BA01"", ""R01BA02"", ""R06AD02""]"
1535849	"[""R05DA09""]"
1370765	"[""D07AB02""]"
1442854	"[""C05AX04""]"
1486183	"[""D08AG03""]"
1807917	"[""A10BA02""]"
1247614	"[""D08AE04"", ""D09AA06""]"
1250976	"[""D01AE04""]"
1358429	"[""R01BA02"", ""R05CA03""]"
1598999	"[""N01AX10""]"
1485784	"[""R05CA03""]"
639566	"[""A11HA02""]"
646836	"[""P03AC01""]"
670086	"[""A07EA04"", ""C05AA05"", ""H02AB01"", ""R03BA04"", ""S03BA03""]"
702309	"[""G01AG02""]"
749804	"[""C10AB05""]"
668366	"[""N02AB03""]"
746075	"[""D10AE01""]"
755786	"[""R01BA01"", ""R05CA03""]"
763183	"[""H02AB07""]"
746036	"[""D01AE15"", ""D01BA02""]"
749795	"[""B01AC06""]"
752869	"[""N06AX11""]"
861487	"[""D07AD01""]"
902219	"[""D07AA02""]"
968100	"[""D01AE12""]"
991326	"[""D08AX01""]"
898367	"[""C09BA07""]"
309170	"[""S01AA01"", ""S01BA02"", ""S01CB03"", ""S03AA08""]"
309875	"[""L02AA01""]"
756325	"[""R06AB05"", ""R06AC01""]"
745049	"[""J01CE08"", ""J01CE09""]"
755434	"[""R03DA04"", ""R05CA03""]"
861752	"[""A10BD02""]"
861808	"[""A10BD03""]"
866475	"[""C07BB02""]"
884223	"[""N02CX02""]"
886634	"[""N02AF01""]"
891709	"[""A11JB""]"
900038	"[""A08AA01""]"
900434	"[""M01AE01""]"
966399	"[""H03AA01""]"
992691	"[""N05AA01""]"
994835	"[""R01BA03"", ""R05DA04"", ""R06AB01""]"
308273	"[""S02DA03""]"
309883	"[""C01AA03""]"
309955	"[""B01AC07""]"
309961	"[""C01BA03""]"
310026	"[""J01AA02""]"
310791	"[""A09AB03""]"
312181	"[""A01AB07"", ""R02AA14""]"
312372	"[""C05BB05"", ""N01BX03""]"
1087406	"[""B03AE04""]"
198623	"[""B03AA02""]"
1999989	"[""D04AB01""]"
313813	"[""R03CC02""]"
343011	"[""R05CA03""]"
823877	"[""M01AX05"", ""M01AX25""]"
824170	"[""J01CA04""]"
834350	"[""C01BD01""]"
630208	"[""R03AC02""]"
866511	"[""C07AB02""]"
310119	"[""A01AD01"", ""B02BC09"", ""C01CA24"", ""R03AA01""]"
724592	"[""R01AX""]"
762002	"[""G03AA09""]"
891885	"[""N02AA01""]"
905092	"[""M05BA07""]"
905355	"[""C02AA02"", ""C02DB02"", ""C03AA03""]"
966587	"[""C02DB02"", ""C03AA03""]"
992766	"[""G01AF04""]"
308306	"[""N02BA05"", ""N02BE01"", ""R01BA01"", ""R06AB04""]"
308624	"[""R02AA16"", ""R02AD01""]"
308856	"[""N06BC01""]"
309227	"[""R01BA03"", ""R06AB04""]"
1087037	"[""R01BA03"", ""R06AA02""]"
1989085	"[""C02KX01""]"
1989117	"[""C01CA24""]"
199381	"[""A12BA02""]"
204501	"[""C02LA01""]"
2050125	"[""N01AX10""]"
207072	"[""V08AA03""]"
996121	"[""R01BA02"", ""R05CA03"", ""R05DA04""]"
312961	"[""C10AA01""]"
348323	"[""V03AN01"", ""V03AN02""]"
801663	"[""A11CC05""]"
809273	"[""A09AA01""]"
834144	"[""A01AB03"", ""R02AA05""]"
800209	"[""A09AB01"", ""B05CX03"", ""B05XB01"", ""B05XB03"", ""N06AX02"", ""V03AB26""]"
895865	"[""N02AA01""]"
309719	"[""N06BA02""]"
312482	"[""C02LE01""]"
310636	"[""R01BA03"", ""R05CA03""]"
2059178	"[""D11AX12""]"
996103	"[""R01BA02"", ""R05CA03"", ""R05DA04""]"
999640	"[""G01AC30""]"
313541	"[""V08AC09""]"
617632	"[""D08AE05""]"
644787	"[""A11JA""]"
727537	"[""L03AA02""]"
727762	"[""L02BA03""]"
754865	"[""R01BA02"", ""R06AB01""]"
797819	"[""D10AE01""]"
861223	"[""N06BA01"", ""N06BA02""]"
896185	"[""R03AK06""]"
896868	"[""G03GA01"", ""G03GA08""]"
895893	"[""P02BA01"", ""P02CC01"", ""P02CF01""]"
902220	"[""D07AA02""]"
311640	"[""A06AC06""]"
705170	"[""R01BA03""]"
757969	"[""A02BC03"", ""J01CA04"", ""J01FA09""]"
702169	"[""C10AB05""]"
756008	"[""C01EX""]"
759721	"[""J01DB01""]"
876690	"[""A04AA01""]"
904537	"[""M05BA01""]"
966540	"[""R03BA01""]"
966914	"[""A06AD65""]"
979452	"[""R03AB03"", ""R03CB03""]"
992775	"[""G01AF04""]"
308410	"[""B01AC06"", ""N02BA01"", ""N02BA51""]"
308502	"[""S01AA03"", ""S01AA18"", ""S01AA32"", ""S03AA01"", ""S03AA03""]"
308512	"[""D06AX05""]"
308697	"[""D10AE01""]"
308709	"[""H02AB01""]"
309204	"[""D08AE05""]"
310477	"[""J01GB03""]"
310856	"[""R05DA03""]"
312007	"[""C01DA02"", ""C05AE01""]"
312140	"[""D01AC11""]"
996778	"[""A01AD05"", ""B01AC06"", ""N02BA01"", ""N02BE01"", ""R05DA04""]"
966201	"[""H03AA01""]"
991456	"[""A11CB""]"
995088	"[""R05DA04""]"
308964	"[""C09AA01""]"
310863	"[""D07AA02"", ""G01AC01""]"
1087302	"[""B03AE""]"
310459	"[""C10AB04""]"
891890	"[""N02AA01""]"
861731	"[""A10BD02""]"
995038	"[""R01BA03"", ""R05CA02"", ""R05DA04"", ""R06AB04"", ""V03AB21""]"
1992554	"[""D01AE12""]"
199281	"[""N02BA01""]"
2002728	"[""D08AE05""]"
207215	"[""G03BA02""]"
995591	"[""A06AD14"", ""C01DA05"", ""N05BB01""]"
998476	"[""A01AB09"", ""A07AC01"", ""J02AB01""]"
312981	"[""A01AA01""]"
313219	"[""G04CA03""]"
313232	"[""G03BA03""]"
308162	"[""N05CA02""]"
309597	"[""B03BA01"", ""B03BB01""]"
644120	"[""R01BA03"", ""R05CA03""]"
702320	"[""N06BC01""]"
700860	"[""R01BA02"", ""R06AB02""]"
751568	"[""H01AC01""]"
755464	"[""A06AD11""]"
861599	"[""P01CX01""]"
886666	"[""C01BC04""]"
896315	"[""D08AE05""]"
992164	"[""J01XX05""]"
748738	"[""L01CE01""]"
744624	"[""C09DB02""]"
731533	"[""M01AE01""]"
861167	"[""C01BC03""]"
884538	"[""N06BA02""]"
885585	"[""D04AB04"", ""D04AB06""]"
890785	"[""G01AF15""]"
890918	"[""G03CA03""]"
892352	"[""N02AA01""]"
892554	"[""N02AA01""]"
895887	"[""P02BA01"", ""P02CC01"", ""P02CF01""]"
990988	"[""S01EB05""]"
308476	"[""A03BA04""]"
308616	"[""A12BA01"", ""C02AA04""]"
309033	"[""D08AE03""]"
310214	"[""G03CA57""]"
311212	"[""N02BA04"", ""N02BA12""]"
312535	"[""A12BA05""]"
198592	"[""D03AX03""]"
1993075	"[""A01AA01""]"
1996189	"[""N02AE01""]"
1999330	"[""D02AX""]"
2043864	"[""M05BX05""]"
204403	"[""R03DA01""]"
207010	"[""H03BB02""]"
995118	"[""R05DA04""]"
315147	"[""A14AA03""]"
351383	"[""D01AE14""]"
352121	"[""A16AX04""]"
830898	"[""C08DB01""]"
966175	"[""H03AA01""]"
309960	"[""C01BA03""]"
198356	"[""A03FA02""]"
2055289	"[""D01AE12""]"
830552	"[""J07AF01"", ""J07AM01""]"
309058	"[""J01DD08""]"
748806	"[""G03AA01""]"
708127	"[""A02AD01""]"
706829	"[""N05AX08""]"
656858	"[""J01FF02""]"
688509	"[""G03CA03""]"
730440	"[""N06AB04""]"
753481	"[""G03AA11""]"
860884	"[""C10AB05""]"
745464	"[""J01CE01"", ""J01CE08"", ""J01CE09""]"
751868	"[""G03AA05""]"
731167	"[""B03XA02""]"
731179	"[""B03XA02""]"
861592	"[""N01BB08""]"
866905	"[""C10AC04""]"
884254	"[""J01CA12"", ""J01CG02""]"
891140	"[""M09AX01""]"
897653	"[""N02AA03""]"
966211	"[""H03AA01""]"
309650	"[""L01DB02""]"
1087051	"[""R06AX13""]"
897756	"[""N02AA03""]"
966559	"[""D10AX01""]"
979446	"[""R03AB03"", ""R03CB03""]"
991186	"[""N05AA01""]"
308241	"[""A09AA01""]"
308268	"[""B02BD02"", ""B02BD14""]"
310674	"[""D01AE11""]"
311538	"[""N05BC01""]"
311619	"[""J01CF03""]"
1089988	"[""R01BA02"", ""R01BA52"", ""R06AB04""]"
198250	"[""J01AA07""]"
198313	"[""C03DB02""]"
199103	"[""A12CB02""]"
1992171	"[""A10AB04""]"
199247	"[""A10BB12""]"
1992545	"[""L01XX27""]"
207265	"[""A03FA01""]"
994277	"[""A01AD05"", ""B01AC06"", ""N02BA01"", ""N06BC01"", ""R05DA04""]"
999618	"[""D11AC30""]"
999656	"[""D10AE01""]"
313254	"[""J01AA07""]"
315208	"[""J01GB01""]"
347022	"[""V03AN03""]"
348224	"[""V03AN01"", ""V03AN03""]"
996648	"[""R01BA02"", ""R05DA04"", ""R06AX07""]"
804173	"[""H02AB04""]"
861375	"[""V03AE02""]"
309314	"[""N06AB04""]"
1090041	"[""J01CE01"", ""J01CE09""]"
199115	"[""S01BA13""]"
2049388	"[""C05AA05"", ""D06AX07"", ""D07AC01"", ""D07XC01""]"
205533	"[""N02AE01""]"
995690	"[""R06AE05""]"
311239	"[""A05BA01""]"
198464	"[""N02BA01""]"
199126	"[""D01AE18""]"
199132	"[""A12AA03""]"
199257	"[""N03AD03""]"
2047180	"[""D01AE12""]"
205786	"[""J01MA04""]"
207359	"[""J01AA08""]"
997162	"[""P01BC01""]"
315003	"[""D04AB04""]"
351529	"[""B03BA01""]"
352331	"[""R01BA01"", ""R06AB04""]"
800979	"[""A12CA01"", ""B05CB01"", ""B05XA03"", ""B05XB03"", ""N06AX02"", ""V03AB26""]"
807283	"[""G03AC03""]"
831730	"[""R01BA02"", ""R06AB01""]"
834148	"[""A01AB03""]"
835560	"[""M01AE02""]"
206246	"[""R03AC07"", ""R03CC06""]"
995493	"[""P02CF01""]"
351247	"[""B03XA02""]"
351292	"[""C09DA02""]"
1992428	"[""B01AF02""]"
348320	"[""V03AN02"", ""V03AN04""]"
835925	"[""L04AD01""]"
836641	"[""N05CF02""]"
848333	"[""G03CA03""]"
848726	"[""N05AX14""]"
849452	"[""N02CC51""]"
852893	"[""C01BA01""]"
855858	"[""N04BC07""]"
856557	"[""C07AA05""]"
857344	"[""N07AB02""]"
207437	"[""V04CG04""]"
208463	"[""N05CD07""]"
208959	"[""A12BA01""]"
209039	"[""R05CA03""]"
209360	"[""N02BE01""]"
209415	"[""N02BE01""]"
2099327	"[""A11CC05""]"
211106	"[""D08AG02"", ""D09AA09"", ""D11AC06""]"
211175	"[""N02BE01"", ""N06BC01""]"
211138	"[""D08AG02"", ""D09AA09"", ""D11AC06""]"
211611	"[""S01KA02""]"
2119569	"[""N06BA04""]"
212224	"[""A07BA01""]"
212843	"[""D01AE12""]"
213340	"[""J01CA04""]"
213394	"[""L04AA06""]"
213562	"[""C05AA05"", ""D07AC01"", ""D07XC01""]"
214042	"[""S02DA03""]"
2168771	"[""N02BE01"", ""R01BA01"", ""R05DA09"", ""R06AB04""]"
2170634	"[""J06BA01""]"
2173500	"[""N05CD08""]"
2173738	"[""R05CA03"", ""R05DA09""]"
2173849	"[""R05DA09""]"
2176461	"[""R01BA01"", ""R05CA03"", ""R05DA09"", ""R06AB01""]"
2177921	"[""R05CA03"", ""R05DA09"", ""R06AB04""]"
214091	"[""D05AC01""]"
1098483	"[""A01AA01""]"
1113421	"[""R01BA02"", ""R05DA04"", ""R06AB04""]"
856710	"[""N06AA09"", ""N05AB03""]"
1232200	"[""N05CF02""]"
1234322	"[""D07XA01""]"
1234871	"[""N02AJ01""]"
1190120	"[""S02DA03""]"
404553	"[""N04BA03""]"
406589	"[""R05CA03""]"
416750	"[""D02AB""]"
483442	"[""N02BF02""]"
543989	"[""R01AC01""]"
544241	"[""A07AA02""]"
545786	"[""A02BC03""]"
562704	"[""N04BC04""]"
579315	"[""R01BA03"", ""R05CA03""]"
616763	"[""D08AX08""]"
602696	"[""R01BA03"", ""R05CA03""]"
857756	"[""R01BA03"", ""R05DA03"", ""R06AB04""]"
859092	"[""R05CA09"", ""R05DA03""]"
860524	"[""C07AG02""]"
1006698	"[""S01AB04""]"
1014130	"[""R01AX""]"
1039300	"[""R05CA03""]"
1039965	"[""A06AB06""]"
1042684	"[""N02BE01"", ""R05DA09"", ""R06AA09""]"
1046351	"[""R02AD01""]"
1046954	"[""A03CB02""]"
1046926	"[""A03BA01"", ""A03BA03"", ""A04AD01"", ""N03AA02"", ""N05CM05""]"
1048132	"[""R02AD04""]"
1049094	"[""D08AJ08""]"
1049293	"[""D08AJ01"", ""D09AA11""]"
1050398	"[""R01BA02""]"
1050665	"[""D01AE12""]"
1053590	"[""R01BA02"", ""R06AB04""]"
108513	"[""L04AD02""]"
1085688	"[""C05AA12"", ""D07AB09"", ""D07XB02""]"
1085635	"[""C05AA12"", ""D07AB09"", ""D07XB02""]"
1043483	"[""D11AX18"", ""M02AA15""]"
2191891	"[""D01AE12"", ""D10AE01""]"
237703	"[""A11GB""]"
237847	"[""A01AA04""]"
238003	"[""G03CA03""]"
247911	"[""D08AG03""]"
247990	"[""D01AE12""]"
253021	"[""S01KA02""]"
260125	"[""H02AB06""]"
260239	"[""D02AX""]"
260462	"[""D01AE13""]"
284420	"[""D10AD03""]"
307743	"[""A02AB01"", ""A02AB02"", ""M01AA01""]"
308087	"[""A02AB01"", ""A02AB02""]"
308122	"[""J04AA01""]"
1655179	"[""D08AC02""]"
1658245	"[""B05XA05""]"
1661076	"[""D08AC02""]"
1099672	"[""N03AG01""]"
1190334	"[""R01BA02""]"
543682	"[""J01DD01""]"
858863	"[""R01BA03"", ""R05DA03"", ""R06AB04""]"
860747	"[""C05AD03"", ""R06AA10""]"
1010692	"[""N01BB02""]"
1012081	"[""D08AJ01"", ""D08AJ08""]"
1012912	"[""R01BA02"", ""R06AA08""]"
105607	"[""L01XX08""]"
238581	"[""D01AE13""]"
284515	"[""C05AA05"", ""D01AC01"", ""D07AC01"", ""D07XC01""]"
1659197	"[""B01AB01""]"
543027	"[""G04BD10""]"
1668240	"[""J01FA10""]"
1716090	"[""N02AE01""]"
1723868	"[""D08AC02""]"
1724486	"[""D04AA32""]"
1725082	"[""N01BB01""]"
1726846	"[""L04AB04""]"
260688	"[""G01AX11""]"
1049181	"[""N02BE01"", ""R01BA02""]"
198262	"[""R03DA04""]"
199189	"[""M02AB01""]"
2003239	"[""A06AB06""]"
204463	"[""N03AC01""]"
206407	"[""J01DD02""]"
313586	"[""N06AX16""]"
313792	"[""A02AA04"", ""A02AB01"", ""A02AB02"", ""G04BX01""]"
314131	"[""C10AD02""]"
318212	"[""N02BA04""]"
343009	"[""R05CA03""]"
347021	"[""V03AN04""]"
351100	"[""J06BB01""]"
351229	"[""D10AE01""]"
404473	"[""S01AE07""]"
830533	"[""N02BA01""]"
836344	"[""R03BB01""]"
198445	"[""N02BE01""]"
313492	"[""R06AA10""]"
346298	"[""D01AE12""]"
402000	"[""N02CC03""]"
854232	"[""B01AB05""]"
856806	"[""N06AA09"", ""N05AB03""]"
857083	"[""N02AJ22""]"
857350	"[""N02BE01"", ""R05DA03""]"
857457	"[""R01BA01""]"
209663	"[""D01AE18""]"
210058	"[""D01AE12""]"
210297	"[""A03AX13""]"
211271	"[""A01AA01""]"
211887	"[""N02BA01""]"
213190	"[""J01MA13""]"
213268	"[""L01BC02""]"
237718	"[""A11GA01""]"
1091139	"[""N06BA04""]"
1091868	"[""N02BE01""]"
1093062	"[""G03GB02""]"
1094070	"[""R06AA02""]"
1094214	"[""R06AA02""]"
1098346	"[""C05AX04""]"
1099281	"[""A06AA02""]"
1100711	"[""G03BA03""]"
1101366	"[""R06AB04""]"
1101637	"[""G04BX12""]"
1112982	"[""A08AA01""]"
1190034	"[""D04AB04"", ""D08AJ08""]"
1190284	"[""N02AA01""]"
998721	"[""R01BA03"", ""R06AB04""]"
904880	"[""N02AE01""]"
978686	"[""A08AA03""]"
979477	"[""R03CB03""]"
992902	"[""R06AD02""]"
310295	"[""N02AB03""]"
1090445	"[""R06AB04""]"
2044644	"[""D08AJ08""]"
205257	"[""J07AM51""]"
2056486	"[""H03AA01""]"
205710	"[""H02AB02""]"
205903	"[""D01AA08"", ""D01BA01""]"
206781	"[""N05AN01""]"
207446	"[""S01BA13""]"
995295	"[""N05BB01""]"
995872	"[""R05FA02""]"
312955	"[""D08AL01""]"
313773	"[""A12CB01""]"
314234	"[""A02BX02""]"
347023	"[""V03AN02""]"
347047	"[""V03AN01"", ""V03AN02""]"
349386	"[""R03DA01"", ""R05CA03""]"
351380	"[""D01AE14""]"
377930	"[""D01AE13""]"
830557	"[""J07CA""]"
832917	"[""D02AE01""]"
835840	"[""G03BA03""]"
206901	"[""S01EC05""]"
207249	"[""D01AC11""]"
349561	"[""R05CA03""]"
847734	"[""P01BF01""]"
849314	"[""A01AD05"", ""B01AC06"", ""N02AC04"", ""N02BA01"", ""N06BC01""]"
853066	"[""J01CA13""]"
857845	"[""R01BA03"", ""R05DA03"", ""R06AB04""]"
208469	"[""G04CA03""]"
209074	"[""B03BA01""]"
209125	"[""R03DA01"", ""R05CA03""]"
2102713	"[""N05BA09""]"
2105835	"[""L01FA01""]"
2106766	"[""D01AE18""]"
2110510	"[""R03AK06""]"
2122389	"[""R05DA09""]"
2168530	"[""N02BE01"", ""R05DA09""]"
2170286	"[""B02AA02""]"
2181521	"[""R06AB02""]"
2182355	"[""R01BA03"", ""R05DA03"", ""R06AB04""]"
1098682	"[""N06AX06""]"
1100079	"[""L02BX03""]"
1110811	"[""D11AX12""]"
1112715	"[""G03AA07""]"
1234327	"[""M02AB01""]"
1234886	"[""N02AA08"", ""R06AB04""]"
477367	"[""G04BD08""]"
562791	"[""N06AB05""]"
606731	"[""A02BC05""]"
1000946	"[""D10AF06""]"
1001014	"[""S01EB01""]"
1005847	"[""D10AB02"", ""D10AF06""]"
1006733	"[""S01AB04""]"
1012008	"[""S01AB04"", ""S01BA04"", ""S01CB02"", ""S03BA02""]"
1012687	"[""R01BA02"", ""R06AA08""]"
1014471	"[""N02BE01""]"
103161	"[""M01AB03""]"
1037322	"[""R01BA02"", ""R06AA08""]"
1038886	"[""D10AE01""]"
1042821	"[""D01AE12""]"
1048134	"[""R02AD04""]"
1049618	"[""N02AA05""]"
1085742	"[""C05AA12"", ""D07AB09"", ""D07XB02""]"
1085908	"[""D08AX08""]"
239186	"[""J01CA12""]"
251575	"[""D06BA03""]"
1654662	"[""M02AX""]"
1720166	"[""B02BD02""]"
1720773	"[""V03AF04""]"
1734942	"[""D02AB""]"
2173724	"[""R01BA01"", ""R05DA09""]"
1112869	"[""G02CA01""]"
1147228	"[""L01EC01""]"
436525	"[""D02AB""]"
543835	"[""G01AG02""]"
562648	"[""A07DA02"", ""N02AA02""]"
581736	"[""D04AX""]"
616462	"[""D08AX05""]"
1009330	"[""P02CC01""]"
1010238	"[""D10AF06""]"
1048118	"[""A03BA01"", ""A03BA03"", ""A04AD01"", ""N05CM05"", ""R01BA03"", ""R06AB04""]"
1049228	"[""D08AJ01""]"
242969	"[""C01CA03""]"
248478	"[""G03CA03""]"
259081	"[""B01AC07""]"
283156	"[""A02AC01"", ""A12AA04"", ""A12BA01"", ""A12CA01"", ""B05CB01""]"
307673	"[""M03BB03"", ""N02BE01""]"
1731999	"[""N02AA01""]"
1736546	"[""C07AB09""]"
1738541	"[""D07AC01""]"
859312	"[""R01BA03"", ""R05CA03"", ""R05DA03""]"
1012926	"[""R01BA02"", ""R06AA08""]"
1738503	"[""N06AB05""]"
1001012	"[""R01AA05"", ""R01AB07""]"
1660001	"[""B02BD03""]"
1114982	"[""D08AJ01"", ""D09AA11""]"
1115594	"[""A11JC""]"
1145955	"[""P03AX05""]"
1147679	"[""A03AX13""]"
1234328	"[""C01EB09""]"
1234865	"[""N02AA08"", ""R01BA02"", ""R06AB04""]"
430902	"[""M03BX01""]"
483448	"[""N02BF02""]"
485020	"[""L04AA06""]"
542358	"[""N01AB06""]"
562595	"[""N02BE01""]"
581285	"[""J01CA01"", ""J01CG01""]"
583282	"[""J01AA08""]"
858949	"[""R05CA09"", ""R05DA03""]"
1000151	"[""G03AC06"", ""G03CA03"", ""G03DA02"", ""L02AB02""]"
1000907	"[""S01EB01""]"
1006057	"[""D10AF06""]"
1012473	"[""N01BB10""]"
1012737	"[""N01BB03""]"
1013679	"[""J01AA06""]"
1044932	"[""D02AA""]"
1048955	"[""A03BA03""]"
1050814	"[""C03AA03"", ""C08CA01"", ""C09XA02""]"
105171	"[""J01DB05""]"
105225	"[""J01AA08""]"
1053146	"[""S01XA20""]"
1053597	"[""R01BA02"", ""R06AB04""]"
1053852	"[""N02BE01""]"
107047	"[""L04AA04""]"
237717	"[""A11GA01""]"
238719	"[""B02AA01""]"
242276	"[""L03AX13""]"
242892	"[""G03CA03""]"
243447	"[""A02AB01""]"
245477	"[""A11GA01""]"
307749	"[""A02AA04"", ""A02AB01"", ""A02AB02"", ""A02AC01"", ""A12AA04"", ""G04BX01""]"
1664981	"[""J01DF01""]"
1665700	"[""N02AB02""]"
209899	"[""N02BE01""]"
2122648	"[""L04AA40""]"
1117570	"[""A03AX13""]"
404081	"[""B03AA02"", ""B03BB01""]"
540102	"[""R05DA09""]"
582692	"[""B06AA03""]"
859052	"[""N04BC05""]"
860223	"[""L02AB01""]"
1010613	"[""G03BA03""]"
1039333	"[""D01AE18""]"
1043048	"[""A07BC04""]"
1049601	"[""N02AA05""]"
245963	"[""N05AB04""]"
259089	"[""D10AE01""]"
307674	"[""M03BB03"", ""N02BE01""]"
762836	"[""H01AC01""]"
309470	"[""N02BE01"", ""R05DA04""]"
1088744	"[""D01AC02""]"
198249	"[""J01AA07""]"
198369	"[""C03CA04""]"
1992273	"[""D07AD01""]"
1998783	"[""L01BC05""]"
2001268	"[""C10AA08""]"
201340	"[""C07AA06""]"
201883	"[""J01XE01""]"
204503	"[""C01AA04""]"
205489	"[""C03CA02""]"
206076	"[""J01FA01""]"
313096	"[""C03DA01""]"
313246	"[""D04AB06""]"
314055	"[""C01DA08""]"
315085	"[""P01AX02""]"
315172	"[""N03AA02""]"
348327	"[""V03AN01"", ""V03AN02""]"
349466	"[""A06AX06""]"
351249	"[""N06AB10""]"
351906	"[""R05DB01""]"
359934	"[""R01BA03"", ""R05CA03""]"
800497	"[""N04BC04""]"
809540	"[""A11CC05""]"
825140	"[""J06BB04""]"
198294	"[""A10BB03""]"
845523	"[""A11CC05""]"
847736	"[""P01BE02""]"
856935	"[""S01BA07"", ""S01CB05""]"
1098416	"[""L01EX04""]"
1099679	"[""N03AG01""]"
1110815	"[""D11AX12""]"
1111086	"[""A07BC01""]"
1113390	"[""R01BA03"", ""R05DA04"", ""R06AD02""]"
1113714	"[""C05AX04""]"
1148400	"[""P03AX05""]"
1191	"[""A01AD05"", ""B01AC06"", ""N02BA01""]"
1193462	"[""R06AE03""]"
208411	"[""S01BA07"", ""S01CB05""]"
313522	"[""J01MA13""]"
1114479	"[""N04BC05""]"
211759	"[""C03AA03""]"
211776	"[""R03DC01""]"
212778	"[""J01BA01""]"
2175894	"[""N06BA01""]"
413247	"[""D08AE04""]"
486188	"[""A06AA01""]"
540468	"[""N02BE01""]"
562445	"[""M02AB01""]"
579782	"[""L04AX03""]"
858778	"[""N02AJ23""]"
1006065	"[""G03AA07""]"
1049108	"[""D04AB04"", ""D08AJ08""]"
284185	"[""J05AF02""]"
307758	"[""A02AA04"", ""A02AB01"", ""A02AB02"", ""G04BX01""]"
307764	"[""A02AA04"", ""A02AB01"", ""A02AB02"", ""G04BX01""]"
1720617	"[""D07AB09""]"
1720737	"[""L01AD02""]"
1724338	"[""N02AA03""]"
1101332	"[""D02AA""]"
1234583	"[""R01AA04"", ""R01AB01"", ""R01BA03""]"
210280	"[""A03AX13""]"
857224	"[""V03AE02""]"
1000139	"[""L02AB02""]"
1012278	"[""A01AD01"", ""B02BC09"", ""C01CA24"", ""N01BB07"", ""R03AA01""]"
1043646	"[""S01GA01""]"
1667778	"[""P02CA06""]"
1653433	"[""J01AA02""]"
1654849	"[""B05BA02""]"
1739844	"[""C05AD07"", ""D04AB07""]"
1740866	"[""L01BB05""]"
1741739	"[""J05AR19""]"
1747301	"[""D08AX01""]"
1790208	"[""H05BX03""]"
1797849	"[""D07AC17"", ""R01AD08"", ""R03BA05"", ""S01GX07""]"
1804836	"[""D08AX08""]"
1807546	"[""A12CA01"", ""B05CB01"", ""B05XA03""]"
1808600	"[""D08AE04"", ""D08AE05"", ""D09AA06""]"
1812480	"[""L01DC03""]"
1855387	"[""P02CA01""]"
1862084	"[""D04AB01""]"
1862150	"[""D08AJ08""]"
1868563	"[""C01DA02"", ""C05AE01""]"
1874537	"[""G03AA07""]"
1918194	"[""R03AK06""]"
1918215	"[""R01BA02"", ""R05DA09"", ""R06AA08""]"
1945076	"[""C05AX04""]"
197563	"[""C02AA05"", ""C03AA03""]"
197582	"[""H02AB02""]"
197663	"[""G03CA57""]"
1866214	"[""N02BE01"", ""R05CA03""]"
1236428	"[""N02BE01"", ""R01BA02"", ""R06AA09""]"
1244592	"[""A03BB03"", ""R01BA02"", ""R06AB04""]"
1244715	"[""R01BA02"", ""R06AB04""]"
1244936	"[""A12AX""]"
1249710	"[""A01AC02"", ""C05AA09"", ""H02AB02"", ""S03BA01""]"
1249586	"[""N05CD08""]"
1292313	"[""D04AA32""]"
1292901	"[""N02BE01"", ""R01BA02"", ""R05DA09""]"
1293508	"[""N02CA02"", ""N02CA52""]"
1297306	"[""D11AX12""]"
1300178	"[""R01BA02"", ""R06AB01""]"
1303746	"[""C01EX""]"
1311150	"[""N02BE01"", ""R05DA09"", ""R06AA09""]"
1314402	"[""R01BA02"", ""R05CA03""]"
1314932	"[""D07AA02""]"
1356775	"[""N02BE01"", ""R01BA02"", ""R05CA03""]"
1357925	"[""R05FB02""]"
1359031	"[""G03AA05""]"
1359125	"[""G03FA01""]"
1360159	"[""R03BC01""]"
1360638	"[""R05DA09"", ""R06AA09""]"
1360956	"[""D07XA01""]"
1360949	"[""D07AA02""]"
1363507	"[""N02BE01"", ""R01BA03"", ""R06AB06""]"
1373014	"[""J01DD08""]"
1421075	"[""H03AA01""]"
1422560	"[""D01AE12""]"
1426997	"[""D01AC01""]"
1428948	"[""D04AB01""]"
197784	"[""D07AA02""]"
1432971	"[""N02AE01""]"
1435089	"[""R05FB02""]"
1437709	"[""D11AX21""]"
1483194	"[""D04AB04"", ""D08AJ01"", ""D09AA11""]"
1485227	"[""R02AA06""]"
1493510	"[""D01AE12"", ""D10AE01""]"
1536474	"[""A02AH""]"
1537024	"[""B01AC06""]"
1537198	"[""D07AA02"", ""D04AB01"", ""D04AB07""]"
1539891	"[""R03AK10""]"
1540030	"[""J01FF02""]"
1543074	"[""D04AA04""]"
1551488	"[""D11AX22"", ""P02CF01""]"
1593831	"[""A10BD15""]"
1599173	"[""D01AE12""]"
1605086	"[""G03AA09""]"
1649593	"[""L03AB13""]"
1293286	"[""P03AX05""]"
1791495	"[""L01DB06""]"
1794186	"[""N01BA04""]"
1797878	"[""H01CA02""]"
1798358	"[""D04AB01""]"
1799704	"[""B05BA02""]"
1867996	"[""N01BB02""]"
1876502	"[""N05AD01""]"
1942485	"[""L01XK01""]"
1944113	"[""A01AD05"", ""B01AC06"", ""N02BA01"", ""N02BE01"", ""N06BC01""]"
1944788	"[""M04AA01"", ""M04AB05""]"
197426	"[""N02BE01""]"
1236632	"[""J05AE10""]"
1243843	"[""A10BD07""]"
1244571	"[""A03BB03"", ""R01BA03"", ""R06AB04""]"
1245759	"[""A09AA01""]"
1292828	"[""J07BL01""]"
1293494	"[""R01BA03"", ""R06AB04"", ""R06AC01""]"
1294253	"[""D08AC02"", ""D09AA12""]"
1298273	"[""R01BA02"", ""R06AA02""]"
1298876	"[""C02BB01""]"
1299185	"[""H03AA01""]"
1299628	"[""S01XA03""]"
1300310	"[""J07AJ52""]"
1300351	"[""A12CB01""]"
1302342	"[""D08AX08""]"
1307168	"[""R01BA02"", ""R05CA03""]"
1356781	"[""R01BA02"", ""R05CA03""]"
1362816	"[""R01BA02"", ""R06AB04""]"
1363013	"[""R01BA02"", ""R06AB01""]"
1363317	"[""R06AB04""]"
1367692	"[""D08AX08""]"
1427300	"[""G03AA05""]"
1428828	"[""A11AA""]"
1431083	"[""N07BC51""]"
1435855	"[""A03AX10"", ""N02BE01"", ""N06BC01""]"
1438528	"[""C05AA05"", ""D06AX07"", ""D07AC01"", ""D07XC01""]"
1430534	"[""R01BA02"", ""R06AB01""]"
197461	"[""N05CC01""]"
197739	"[""A03AB02""]"
197738	"[""A03AB02""]"
197754	"[""N05AD01""]"
1441831	"[""R01BA03"", ""R06AA09""]"
1442970	"[""D01AE12""]"
1486191	"[""A01AB23"", ""J01AA08""]"
1486981	"[""A10BK01""]"
1494769	"[""N03AX11""]"
150840	"[""G03CA57""]"
1539267	"[""A11JA""]"
1545794	"[""V03AN01"", ""V03AN02""]"
1546183	"[""L03AB13""]"
1548714	"[""S01BA04"", ""S01CB02"", ""S03BA02""]"
1549692	"[""B06AA03""]"
1594593	"[""M03AB01""]"
1599302	"[""M02AC""]"
1600722	"[""C09BB04""]"
1648759	"[""J01XE01""]"
1245017	"[""M01AX05""]"
1364441	"[""B01AF02""]"
1369788	"[""M03BX01""]"
1736543	"[""C07AB09""]"
1737470	"[""B01AC17""]"
1740923	"[""G02AB01""]"
1742037	"[""D08AC02""]"
1747577	"[""L01XX52""]"
1791721	"[""H01BB02""]"
1803932	"[""V03AF03""]"
1806193	"[""N06BA04""]"
1809416	"[""J06BA01""]"
1870631	"[""J01GB03""]"
1922334	"[""J06BB07""]"
1927959	"[""R05DA09""]"
1244754	"[""R01BA02"", ""R05CA03"", ""R05DA03""]"
1247402	"[""N02BA51""]"
1249763	"[""D04AB01""]"
1250234	"[""D08AB""]"
1251013	"[""D01AE04""]"
1294342	"[""D04AB07""]"
1302676	"[""J01AA08""]"
1313885	"[""N03AB02""]"
1358714	"[""R01BA02"", ""R05CA03"", ""R05DA09""]"
1362062	"[""B01AB01""]"
1363510	"[""R05DA09"", ""R06AB01""]"
1368300	"[""D01AE12""]"
1368417	"[""A10BD09""]"
1424386	"[""R01BA02"", ""R06AC04""]"
1430407	"[""R01BA02"", ""R05CA03""]"
1431237	"[""N05AE05""]"
1433750	"[""D11AC08"", ""D11AC30""]"
1436938	"[""D02AE01""]"
197610	"[""A11CC02""]"
197770	"[""C03AA03""]"
198201	"[""J04AB02""]"
1536999	"[""N02BE01"", ""R05DA09"", ""R06AA09""]"
1601660	"[""J05AR15""]"
1655062	"[""D10AF06""]"
1657196	"[""L01FF01""]"
1718996	"[""B02BD02""]"
1727572	"[""C03CA02""]"
1734206	"[""N01BB09""]"
1735501	"[""H01AC01""]"
1737334	"[""S01KA02""]"
1737451	"[""M05BA03""]"
1790649	"[""V03AN02""]"
1795607	"[""B05BA03""]"
1804735	"[""B01AE03""]"
1944949	"[""S01XA22""]"
197370	"[""D05AC01""]"
197512	"[""J01MA02""]"
197636	"[""A04AD10""]"
1243786	"[""B02BD30""]"
1247913	"[""A06AA02""]"
1293834	"[""C05AA01"", ""C05AD07""]"
1299636	"[""D08AX07""]"
1300155	"[""D04AB04"", ""D08AJ08""]"
1305089	"[""G03AA06""]"
1373335	"[""D10BA01""]"
1373745	"[""J05AG01""]"
1433543	"[""P02CC01""]"
197986	"[""C02DC01""]"
1487086	"[""G03AA05""]"
1495160	"[""D08AJ01"", ""D09AA11""]"
152571	"[""G04BE01""]"
1534850	"[""C05AX04""]"
1539435	"[""S01KA01""]"
1598808	"[""N05CH01""]"
1599652	"[""M02AB01""]"
1600909	"[""N06BA04""]"
1602607	"[""N05AX12""]"
1652849	"[""A01AA01""]"
1427404	"[""A06AA01""]"
1542815	"[""D06AA04""]"
1494206	"[""D02AB""]"
1596947	"[""R05DA09""]"
1549533	"[""D08AJ08""]"
636767	"[""V06DD""]"
643058	"[""N05AX12""]"
643109	"[""L01EA02""]"
702306	"[""H02AB06""]"
730065	"[""J01AA02""]"
751877	"[""G03AC01"", ""G03CA01"", ""G03DC02"", ""L02AA03""]"
724547	"[""N02AJ18""]"
686405	"[""J01FA01""]"
706544	"[""C05AA01""]"
727531	"[""N01AX07""]"
758583	"[""R05CA03""]"
790288	"[""N06AX23""]"
724590	"[""R01AX""]"
727822	"[""B05XA03""]"
861381	"[""J02AX05""]"
866452	"[""C07BB02""]"
876863	"[""A11DA01"", ""A11HA03"", ""A11GA01"", ""A11CC05"", ""A11CA01"", ""A11HA04"", ""B03AA07"", ""C04AC01"", ""C10AD02""]"
896771	"[""C07AG01""]"
900157	"[""N03AX09""]"
992757	"[""S01FA05""]"
205868	"[""S01EA01""]"
752899	"[""L02AE02""]"
755438	"[""R03DA04"", ""R05CA03""]"
755556	"[""R01BA02"", ""R05CA03"", ""R06AB04""]"
755970	"[""R01BA02"", ""R01BA52"", ""R06AB01""]"
762839	"[""H01AC01""]"
798430	"[""J07BC01""]"
861430	"[""C01BC03""]"
904786	"[""D02AE01""]"
979494	"[""C09CA01""]"
992770	"[""G01AF04""]"
992797	"[""A03BB06"", ""N03AA02""]"
993257	"[""D08AX01"", ""D11AX25""]"
966415	"[""H03AA01""]"
308720	"[""S01ED02""]"
310933	"[""S01KA02""]"
311486	"[""M01AC06""]"
311603	"[""A03AB07""]"
1089194	"[""S01GA05""]"
1090623	"[""R05CA03""]"
1999035	"[""C07AB02""]"
2003798	"[""N03AX09""]"
204525	"[""J07AM51""]"
999676	"[""D10AE01""]"
315065	"[""J01MA01""]"
313911	"[""R06AE03""]"
725064	"[""N06CA03""]"
668658	"[""H02AB06""]"
749750	"[""A16AX03""]"
756295	"[""N03AA02"", ""R03DA04"", ""R05CA03""]"
905341	"[""J01AA01""]"
805661	"[""N06BA13""]"
966548	"[""R03BA01""]"
979118	"[""B01AC06""]"
310007	"[""A04AA04""]"
310467	"[""S01AA11""]"
311393	"[""H01BA03""]"
312509	"[""A12BA01""]"
1088546	"[""N02BE01"", ""R01BA03""]"
2002420	"[""A10AE04""]"
204638	"[""D01AE12"", ""D11AC08""]"
206522	"[""S02CA03""]"
1996206	"[""B03BB01""]"
313550	"[""D01AE04""]"
315004	"[""R02AD01""]"
402105	"[""C03DA04""]"
863628	"[""G04BD04""]"
882550	"[""D10AD01""]"
904255	"[""A12CX""]"
199647	"[""N05CH01""]"
200817	"[""C03DA01""]"
998689	"[""C07AB04""]"
347717	"[""V03AN01"", ""V03AN04""]"
864789	"[""N07BC02""]"
896019	"[""R03BA05""]"
617314	"[""C10AA05""]"
746606	"[""L01EA03""]"
725076	"[""N06CA03""]"
755543	"[""R01BA01"", ""R06AB04""]"
701858	"[""D10AX05""]"
731577	"[""J01CE08""]"
763116	"[""N02BE01""]"
763489	"[""H01AC01""]"
795778	"[""N03AX09""]"
756231	"[""R03DA02"", ""R05CA03""]"
861164	"[""C01BC03""]"
861226	"[""N06BA01"", ""N06BA02""]"
861479	"[""N02AB02""]"
905162	"[""A07EC03""]"
311994	"[""J01XE01""]"
791942	"[""J01CA04""]"
863559	"[""J05AB14""]"
863964	"[""A09AA01""]"
866214	"[""D02AB"", ""D02AC""]"
884664	"[""R01BA02"", ""R05DA09"", ""R06AB04""]"
898350	"[""C09BB13""]"
905310	"[""P02BA01"", ""P02CC01""]"
977840	"[""A10AB05"", ""A10AD05""]"
966286	"[""H03AA01""]"
308480	"[""N03AA02"", ""R06AB04""]"
308668	"[""R02AD01""]"
308909	"[""A02AF02""]"
308922	"[""A12AA03""]"
309295	"[""A02BA01""]"
309696	"[""H02AB02""]"
310673	"[""N05AD01""]"
311759	"[""R03DC03""]"
312288	"[""N02AD01"", ""N02BE01""]"
311413	"[""A02AD02""]"
198293	"[""A10BB05""]"
198384	"[""J04AM05""]"
199119	"[""A02BC01""]"
206266	"[""R03DA04"", ""R05CA03""]"
206971	"[""M01AB01""]"
995418	"[""N05BB01""]"
996727	"[""R05CA03"", ""R05DA04""]"
351299	"[""L04AA15""]"
387090	"[""N02BA01""]"
753457	"[""D06AX04"", ""D06AX05""]"
966170	"[""H03AA01""]"
993520	"[""N06AX12""]"
308295	"[""N02BA05"", ""N02BE01"", ""N06BC01""]"
308894	"[""A02AF02""]"
310688	"[""S01CA03""]"
977988	"[""A07DA03""]"
308151	"[""G04BA01"", ""R05CA04""]"
202098	"[""M01AE01""]"
2059044	"[""J01AA06""]"
206308	"[""R03DA04"", ""R05CA03""]"
831836	"[""A01AA01""]"
876399	"[""L01AA03""]"
309259	"[""J01AA03""]"
618670	"[""B05CX03""]"
630196	"[""A01AA01""]"
629697	"[""J01AA08""]"
631803	"[""D02AA"", ""D02AC""]"
647328	"[""R01BA53"", ""R05CA03""]"
644148	"[""R01AX""]"
727954	"[""L02BA03""]"
724156	"[""N04BC09""]"
749787	"[""G03AA06""]"
880695	"[""D01AE12""]"
672567	"[""N05AX13""]"
695932	"[""A02BC01""]"
701128	"[""C05AA01""]"
753438	"[""N06BA04""]"
728225	"[""J05AX09""]"
897693	"[""C08DA01""]"
966795	"[""N06AA12""]"
308914	"[""A02AC01""]"
705757	"[""R05CA03""]"
795712	"[""J01AA02""]"
866464	"[""C07BB02""]"
876439	"[""S01EC01""]"
896975	"[""C03AA03"", ""C07AG01""]"
897755	"[""N02AA03""]"
898371	"[""C09BA07""]"
883637	"[""R06AB01""]"
892583	"[""N02AA01""]"
311555	"[""N05AC03""]"
311666	"[""A03FA01""]"
1088934	"[""M03BB03""]"
310490	"[""A10BB07""]"
198290	"[""C01BB03""]"
198327	"[""N05AA05""]"
198572	"[""D08AE05""]"
199172	"[""N05CH01""]"
2001430	"[""J05AR11""]"
201896	"[""J02AB02""]"
204900	"[""N02BE01""]"
996007	"[""R01BA02"", ""R05CA03"", ""R05DA04""]"
314209	"[""N02CC04""]"
351258	"[""C03DA04""]"
371774	"[""B05BB01""]"
800420	"[""B05BA01""]"
801957	"[""N05BA01""]"
831117	"[""C08DB01""]"
864737	"[""N07BC02""]"
896821	"[""N02AA02""]"
309616	"[""C04AX01""]"
998538	"[""D01AC02""]"
388517	"[""D05AX03""]"
645649	"[""D10AD01""]"
705619	"[""L01AX03""]"
756276	"[""R01BA01"", ""R05DA04"", ""R06AB04""]"
750124	"[""S01XA03""]"
791879	"[""A02BC03""]"
749572	"[""G03AA07""]"
751876	"[""G03AA05""]"
795182	"[""A02AA01"", ""A12AA04""]"
865562	"[""M01AB08""]"
884540	"[""N06BA02""]"
892257	"[""H03AA01""]"
885213	"[""N04AC01""]"
308214	"[""V03AB22""]"
1988772	"[""L01ED04""]"
880963	"[""D10AE01""]"
884709	"[""G03CA03""]"
966179	"[""H03AA01""]"
978579	"[""C07AA15""]"
991334	"[""N05AA01""]"
309117	"[""J01DB03""]"
309368	"[""G01AF02""]"
310005	"[""C01BD04""]"
310436	"[""N06DA04""]"
310599	"[""A04AA02""]"
311681	"[""P01AB01""]"
311447	"[""B05BC01""]"
198335	"[""J01EE01""]"
198380	"[""G01AF08""]"
1995466	"[""A07AA01""]"
201867	"[""J04AB02""]"
2047596	"[""B03XA01""]"
2056506	"[""H03AA01""]"
205746	"[""A02BA01""]"
2058485	"[""P02BA01""]"
206199	"[""H02AB07""]"
206789	"[""N02BA01""]"
996559	"[""H01AC01""]"
996611	"[""N06DX01""]"
997512	"[""R01BA02""]"
348987	"[""V03AN04""]"
352099	"[""R05FB02""]"
349251	"[""J05AF07""]"
800662	"[""A12BA01"", ""A12CA01"", ""B05CB01"", ""B05CX01"", ""B05XA01"", ""B05XA03"", ""B05XA15"", ""V04CA02"", ""V06DC01""]"
808753	"[""N06AX16""]"
898715	"[""N02BF02""]"
310641	"[""R01BA01"", ""R05CA03""]"
2049397	"[""A09AA01""]"
313262	"[""R03DA04""]"
351429	"[""N07BA01""]"
809346	"[""D01AE20""]"
310986	"[""J05AE02""]"
311604	"[""N03AA30""]"
311957	"[""A11HA01"", ""N03AA02""]"
1088538	"[""A11CC05""]"
198237	"[""D10AB02"", ""D10AE01""]"
198315	"[""C03EA01""]"
1986365	"[""D01AE12""]"
1988316	"[""C08DB01""]"
1989817	"[""B02BX06""]"
199373	"[""A06AB06""]"
1998463	"[""N05AX12""]"
205534	"[""D07AB08""]"
205816	"[""J01CA01""]"
995095	"[""R05DA04""]"
999632	"[""V03AN01"", ""V03AN02""]"
999687	"[""D10AE01""]"
313564	"[""J05AB11""]"
314079	"[""J01XX08""]"
315222	"[""M01AB02""]"
347122	"[""V03AN01"", ""V03AN04""]"
367792	"[""B03AB02""]"
351957	"[""R03CC02""]"
807259	"[""N01BX01""]"
807361	"[""R05CA03""]"
809323	"[""D10AE01""]"
826808	"[""A08AA01""]"
828600	"[""N02AC04"", ""N06BC01""]"
830642	"[""V03AE07""]"
834164	"[""D08AC02""]"
834175	"[""D08AC02""]"
207094	"[""C02AA02"", ""C03AA08""]"
317130	"[""M03AC10""]"
343043	"[""R01BA02"", ""R05CA03""]"
349391	"[""N05BA12""]"
352051	"[""R03AC02"", ""R03CC02""]"
835923	"[""L04AD01""]"
845489	"[""C09AA05""]"
849284	"[""N02AC04""]"
849546	"[""D07AA02""]"
855673	"[""N03AB02""]"
856366	"[""N06AX05""]"
857336	"[""N07AB02""]"
208386	"[""N05AC02""]"
208420	"[""S01BA07""]"
210117	"[""A02AC01""]"
2101281	"[""N02BE01"", ""R05DA09""]"
210390	"[""A07AA02""]"
2105785	"[""D01AA01"", ""D06AX04"", ""D07AB09""]"
211327	"[""J05AG01""]"
211333	"[""N06BC01""]"
2119805	"[""D04AB01""]"
213495	"[""R02AD01""]"
2168451	"[""R05FB02""]"
2169276	"[""A10BD21""]"
2178168	"[""R01BA02"", ""R05DA09"", ""R06AB04""]"
2183684	"[""R01BA53""]"
2167729	"[""R01BA02"", ""R05DA09"", ""R06AB01""]"
1093060	"[""G03GB02""]"
1094192	"[""G04BX06""]"
1094122	"[""G04BX06""]"
1095682	"[""M02AB01"", ""M02AC""]"
1098404	"[""D11AX12""]"
1099897	"[""B03AA02"", ""G03AA05""]"
1100010	"[""N02BE01""]"
1100933	"[""N01BX04""]"
1101635	"[""D11AX12""]"
1101849	"[""N01BX03""]"
1113431	"[""R01BA02"", ""R05DA04"", ""R06AB04""]"
1145972	"[""R01BA02"", ""R05DA04""]"
204466	"[""J01CE08"", ""J01CE09""]"
857608	"[""R01BA53"", ""R05DA03"", ""R06AB51""]"
213125	"[""A04AD01""]"
1101111	"[""R06AA02""]"
1101773	"[""L01CD02""]"
1113023	"[""R05FB02""]"
1149388	"[""A01AA01""]"
1189206	"[""D07AA02""]"
1190208	"[""R05DA09""]"
404588	"[""L01EA01""]"
485348	"[""S01CA03""]"
542035	"[""V03AN01"", ""V03AN02""]"
562622	"[""N02BA05"", ""N02BE01"", ""N06BC01"", ""R01BA01""]"
577324	"[""H05BX02""]"
584503	"[""S02DA03""]"
603589	"[""R01BA53"", ""R06AB54""]"
858830	"[""C09BA02""]"
1000137	"[""G03DA02""]"
1000373	"[""G03AC06"", ""G03DA02"", ""L02AB02""]"
1000405	"[""G03AC01""]"
1001082	"[""S01EA01"", ""S01EB01""]"
1006547	"[""P02CF01""]"
1012025	"[""S01CA02""]"
1012354	"[""C05AA01"", ""C05AD01""]"
1012645	"[""R05DA09"", ""R06AA08""]"
1014573	"[""R01BA02""]"
1037049	"[""B01AE07""]"
1041807	"[""D08AX08""]"
1043708	"[""S01GA01""]"
1046307	"[""S01AA11""]"
1046605	"[""D08AE04""]"
1047813	"[""A03BA03"", ""G04BX06""]"
1049178	"[""D08AJ08""]"
1050808	"[""C03AA03"", ""C08CA01"", ""C09XA02""]"
1053304	"[""D01AE12""]"
1053736	"[""D01AA01"", ""D07AB09""]"
1053705	"[""D01AA01"", ""D07AB09""]"
105626	"[""L02BG01""]"
2173952	"[""R01BA02"", ""R05DA09"", ""R06AB02""]"
239238	"[""D01BA01""]"
248328	"[""R01AX""]"
284408	"[""N03AX15""]"
1657016	"[""N01BB52""]"
1666098	"[""J01AA02""]"
607273	"[""J05AB06"", ""S01AD09""]"
859753	"[""C10AA07""]"
859867	"[""N05AD01""]"
1000890	"[""S01EB01""]"
1012235	"[""C05AA01""]"
1013053	"[""N01BB02""]"
1039685	"[""D01AE12""]"
284275	"[""H02AB06""]"
307650	"[""J05AR04""]"
1658180	"[""D01AE12""]"
597957	"[""G02AD02""]"
1012002	"[""S01CA02""]"
261214	"[""D01AC01""]"
1716083	"[""N02AE01""]"
1716042	"[""A11CA01"", ""A11CC05""]"
1716268	"[""V03AC02""]"
1719222	"[""B02BD02""]"
1724341	"[""N02AA03""]"
1724668	"[""R03DA05""]"
1732007	"[""N02AA01""]"
1668250	"[""B05XA19""]"
582926	"[""D06BB04""]"
1047945	"[""A03BA03"", ""G04BX12"", ""J01XX05""]"
1010673	"[""N01BB02""]"
1014454	"[""R01BA02"", ""R06AB04""]"
1720960	"[""L01BC05""]"
199213	"[""D01AE12""]"
1994404	"[""D01AE12""]"
201825	"[""J01DB09""]"
207774	"[""C08CA05""]"
312997	"[""R01AX""]"
314088	"[""A03BB03""]"
347110	"[""N01AX13"", ""V03AN02""]"
348345	"[""V03AN01""]"
352080	"[""J01AA02""]"
805009	"[""L03AB10""]"
808097	"[""R01BA02"", ""R06AB01""]"
824590	"[""A11JB""]"
828299	"[""M03BX08""]"
310664	"[""C02LF01""]"
2047868	"[""N03AG04""]"
200395	"[""J01MA11""]"
801644	"[""B05BA01""]"
847131	"[""D10AE01""]"
849290	"[""N02AC04""]"
849490	"[""C01EB09""]"
849522	"[""H01BA02""]"
854880	"[""N05CF02""]"
854892	"[""J01MB02""]"
855189	"[""G04BD07""]"
856844	"[""N05AB03"", ""N06AA09""]"
208221	"[""D04AB04""]"
208635	"[""D10AE01""]"
207790	"[""J01XE01""]"
209498	"[""N02BE01""]"
210241	"[""A06AB06""]"
2109606	"[""D08AJ01"", ""D08AX08""]"
211297	"[""N06BC01""]"
212355	"[""G03CA07"", ""G03CC04""]"
212841	"[""D01AE12""]"
2179635	"[""N02AX02""]"
1091451	"[""R06AA08""]"
1091495	"[""N06BA04""]"
1091626	"[""C08DB01""]"
1092633	"[""R06AA02""]"
1098881	"[""R01BA02"", ""R05DB10"", ""R06AX07""]"
1099602	"[""R01BA52"", ""R06AX07""]"
1100366	"[""N06AA10""]"
1115454	"[""L02AE02""]"
1145348	"[""A11JA""]"
1150840	"[""S01ED03""]"
1188388	"[""N02BE01"", ""N06BC01""]"
1188440	"[""N02BE01"", ""N06BC01""]"
857466	"[""A11CC05""]"
211943	"[""R06AB04""]"
1117122	"[""A01AA01""]"
902716	"[""N06AB03""]"
308685	"[""D10AE01""]"
311643	"[""A06AC06""]"
199109	"[""C05AX04""]"
202107	"[""M04AB01""]"
2043312	"[""J06BB05""]"
203970	"[""J01AA07""]"
2048946	"[""G04BX06""]"
206225	"[""D10AF02""]"
207933	"[""L02AA04""]"
998687	"[""C07AB04""]"
312973	"[""B05XA02""]"
314110	"[""G03BA02""]"
349273	"[""B03XA02""]"
82112	"[""N06AX05""]"
830785	"[""A11GA01""]"
835954	"[""C01EB09""]"
846921	"[""A12CC09""]"
205286	"[""L04AK01""]"
314107	"[""N05CE02""]"
848060	"[""R05CA03"", ""R05CA09""]"
849279	"[""N02AC04""]"
849309	"[""N02AC04"", ""N02BE01""]"
849683	"[""A06AC01""]"
853202	"[""N05AH04""]"
855482	"[""D07AB10""]"
855820	"[""B01AC22""]"
856797	"[""N06CA01""]"
858091	"[""N01AH01"", ""N02AB03""]"
208680	"[""H02AB09""]"
208979	"[""C02CA01""]"
207349	"[""N06AB05""]"
208493	"[""N05AF04""]"
210339	"[""A07AA02""]"
2105822	"[""N02AJ17""]"
210716	"[""N07BB01""]"
210780	"[""A11GA01"", ""B03AA07""]"
2110527	"[""R06AE05""]"
2122655	"[""L04AA40""]"
212427	"[""D02AE01""]"
213092	"[""A04AA04""]"
213486	"[""A10BF02""]"
1091158	"[""N06BA04""]"
1091497	"[""N06BA04""]"
1092421	"[""R06AA02""]"
1095283	"[""B02BD07""]"
1099869	"[""A12AX""]"
1100005	"[""N02BE01""]"
1111350	"[""A01AA01""]"
1112878	"[""G02CA01""]"
857962	"[""C01BA02""]"
1111073	"[""L01CD02""]"
419995	"[""R05CA03"", ""R05DA09""]"
422998	"[""D01AE12""]"
582966	"[""A11GA01""]"
859153	"[""R01BA53"", ""R05DA03"", ""R06AB54""]"
1000153	"[""L02AB02""]"
1000976	"[""D10AF06""]"
1006683	"[""D10AF06""]"
1012272	"[""N01BB57""]"
1012733	"[""N01BB03""]"
1013731	"[""R01BA53"", ""R06AC01""]"
1038911	"[""D08AE05""]"
1043032	"[""D08AE05""]"
1043662	"[""S01GA01""]"
1045354	"[""R05CA03"", ""R05DA09""]"
1046596	"[""S01GA01""]"
1046704	"[""D08AJ01""]"
1049176	"[""D04AA32"", ""D08AJ08""]"
1049660	"[""N02AJ17""]"
1053859	"[""D02AE01""]"
108287	"[""J05AF02""]"
1085987	"[""H02AB08""]"
241856	"[""A12BA04""]"
244399	"[""D07CC03""]"
245454	"[""A11HA02""]"
245607	"[""D10AB02""]"
261386	"[""B03AA03""]"
283224	"[""M02AB01"", ""M02AC""]"
1656320	"[""J01DD01""]"
1658091	"[""L01FD03""]"
1658308	"[""D01AE12""]"
1658647	"[""B01AB01""]"
1668267	"[""J01FA01""]"
476516	"[""R06AA08""]"
604585	"[""D10AE01""]"
860103	"[""S01BC05""]"
1000682	"[""S01AB04""]"
1000864	"[""S01EB01""]"
1012455	"[""N01BB01""]"
105586	"[""L04AX03""]"
261223	"[""J01CA04""]"
284215	"[""J01FF01""]"
104849	"[""N06AB03""]"
1739875	"[""D04AB01""]"
1743369	"[""N02BE01"", ""R05CA03"", ""R05DA09"", ""R06AB04""]"
1738136	"[""A03BA03"", ""J01XX05""]"
1115980	"[""R03CA02"", ""R05CA02""]"
1116971	"[""M02AB01"", ""M02AC""]"
404457	"[""H01AX01""]"
485607	"[""R06AB01""]"
581578	"[""J01DC10""]"
597922	"[""C08CA07""]"
603281	"[""A12BA02""]"
603646	"[""R01BA53"", ""R05DB05"", ""R06AC01""]"
860164	"[""R01BA53"", ""R05CA03"", ""R05DA03""]"
860450	"[""R01BA02"", ""R05CA03"", ""R05DA03""]"
1009422	"[""G03BA03""]"
1010616	"[""G03BA03"", ""G03CA03""]"
1042818	"[""D01AE12""]"
1043539	"[""M02AB01""]"
1012831	"[""R01BA02"", ""R06AA08""]"
1039339	"[""D08AX08""]"
1046961	"[""A03BA03"", ""N03AA02""]"
243998	"[""H03CA""]"
245613	"[""D10AB02""]"
252960	"[""A10BB01""]"
1654951	"[""B03XA02""]"
1726656	"[""D11AX12""]"
1734205	"[""N01BB09""]"
1734479	"[""N01BB09""]"
2171002	"[""G03AC10""]"
616469	"[""A07BC01""]"
1049630	"[""R06AA02""]"
1053752	"[""A01AA04""]"
244642	"[""D02AA""]"
283417	"[""R05DB01""]"
1659964	"[""N02BE01""]"
213828	"[""J01DB05""]"
831196	"[""C08DB01""]"
904415	"[""N02AF02""]"
968847	"[""D08AG03""]"
311368	"[""J05AR10""]"
311412	"[""A02AD02""]"
198373	"[""D05AX02""]"
2003662	"[""B02BC30""]"
2048722	"[""H01BA02""]"
204919	"[""D02AB""]"
2052609	"[""L04AD02""]"
205734	"[""J01CA04""]"
207290	"[""P01AB01""]"
313189	"[""D11AH01""]"
314145	"[""R03DA02""]"
314271	"[""S01EE02""]"
402092	"[""S01XA18""]"
826842	"[""A08AA01""]"
884202	"[""C02AC01"", ""C03BA04""]"
313094	"[""J01XX04""]"
833713	"[""N02AX02""]"
834071	"[""J01CE02""]"
835587	"[""N06AA02""]"
836636	"[""J07BC02""]"
849831	"[""C03XA01""]"
854803	"[""S01BC03""]"
854852	"[""N06BA12""]"
856528	"[""C07AA05""]"
1091391	"[""N06BA04""]"
1091604	"[""D08AE05""]"
1095536	"[""A06AC01""]"
1098161	"[""D03AX05""]"
1099812	"[""D10AE01""]"
1101845	"[""N01BX03""]"
1112455	"[""D01AC01""]"
1114393	"[""D11AX11""]"
1116635	"[""B01AC24""]"
1235247	"[""N05AE05""]"
209011	"[""V03AE07""]"
209479	"[""D01AE20""]"
2106103	"[""D02AB""]"
210804	"[""A02AB01""]"
828700	"[""L03AX16""]"
213468	"[""M01AH01""]"
404032	"[""D10AF01""]"
545243	"[""S01BA07""]"
562266	"[""J01FF01""]"
581583	"[""J01DC02""]"
596843	"[""A02BC03""]"
603288	"[""A03AX13""]"
616452	"[""D08AX05""]"
857189	"[""C09AA09""]"
858815	"[""C09AA02""]"
1010040	"[""G03BA03""]"
1012283	"[""N01BB07""]"
1012757	"[""R01BA53"", ""R06AA08""]"
1046769	"[""C05AX04""]"
1047444	"[""M03BX01""]"
1048961	"[""A03BA03""]"
1053426	"[""R02AD01""]"
240516	"[""B03BA01""]"
247683	"[""D10AB02""]"
252478	"[""N03AX09""]"
252479	"[""N03AX09""]"
282739	"[""R01BA53"", ""R06AB54"", ""R06AC01""]"
307732	"[""D10AD03""]"
308077	"[""A02AD01""]"
1658333	"[""N05AX16""]"
1665050	"[""J01DB04""]"
1667670	"[""N05AX15""]"
1673147	"[""N01BB51""]"
208113	"[""C03EA01""]"
404460	"[""J05AX07""]"
427726	"[""M01AX01""]"
616015	"[""L04AA24""]"
616279	"[""L01EX01""]"
857971	"[""C01BA02""]"
1000407	"[""G03AC01""]"
1049110	"[""D04AB04"", ""D08AJ08""]"
1010296	"[""D04AB01""]"
1052637	"[""N02BE01""]"
1666328	"[""B02BD04""]"
1720963	"[""D10AE01""]"
1723763	"[""L01XG03""]"
1740883	"[""D04AB01""]"
1791840	"[""C01CE02""]"
1792775	"[""A02AF02""]"
1800500	"[""G03AA11""]"
1803018	"[""V03AF05""]"
1803903	"[""A10BJ03""]"
1811011	"[""A10BD16""]"
1860241	"[""A12BA01""]"
1865665	"[""M05BA08""]"
1867999	"[""N01BB02""]"
1868020	"[""L04AX05""]"
1939335	"[""J05AP56""]"
197383	"[""C07CB03""]"
197564	"[""C02AA05"", ""C03AA03""]"
197572	"[""D07AB08""]"
1245718	"[""N02BE01"", ""R01BA02"", ""R05DA09""]"
1246244	"[""D11AX12""]"
1248183	"[""N02BE01"", ""R05CA03"", ""R05DA09""]"
1251335	"[""G03FA01""]"
1252016	"[""G03AA09""]"
1291688	"[""D08AG03""]"
1293472	"[""R01BA53"", ""R06AB54""]"
1293512	"[""N02CA52"", ""N06BC01""]"
1293731	"[""C05AA01"", ""C05AD07""]"
1294350	"[""R01BA53"", ""R06AA52""]"
1294368	"[""R06AA52""]"
1294567	"[""N02BE01"", ""R01BA52"", ""R06AA52""]"
1298457	"[""R01BA02"", ""R05CA03"", ""R05DA03""]"
1299764	"[""R03AB02""]"
1299896	"[""C09AA13""]"
1300363	"[""D01AE12""]"
1300733	"[""N02BE01"", ""R01BA02"", ""R05DA09"", ""R06AB04""]"
1305722	"[""R01BA02"", ""R05DB05""]"
1306932	"[""C05AX04""]"
1308445	"[""R01BA02"", ""R05CA03"", ""R05DA09""]"
1310720	"[""P03AX05""]"
1313785	"[""S01XA21""]"
1356330	"[""M02AB01"", ""M02AC""]"
1356527	"[""P02BA01"", ""P02CC01"", ""P02CF01""]"
1357394	"[""R06AB01""]"
1357897	"[""R05DA09"", ""R06AB04""]"
1359141	"[""N02BE01"", ""R01BA02"", ""R05CA03"", ""R05DA04""]"
1359352	"[""D04AB07"", ""D06AX04"", ""D06AX05""]"
1361698	"[""R01BA02"", ""R05DB10"", ""R06AE04""]"
1363770	"[""R01BA03""]"
1364392	"[""D01AE12""]"
1364498	"[""C10AX12""]"
1365698	"[""M01AA01""]"
1367212	"[""N02BE01"", ""R01BA53""]"
1368908	"[""B03BA01""]"
198001	"[""C07BA12""]"
1430132	"[""N02BE01"", ""R01BA02""]"
1432785	"[""D08AE03""]"
1437704	"[""R03AL02""]"
1442280	"[""D01AE12""]"
1442714	"[""D01AE12""]"
1486245	"[""B03BA01""]"
1487167	"[""A03AX10"", ""N02BE01"", ""N06BC01""]"
1536140	"[""R06AB04""]"
1537095	"[""N02BE01"", ""R01BA53"", ""R05CA03"", ""R06AA52""]"
1537071	"[""D04AB01"", ""D08AJ01""]"
1546164	"[""D11AX22""]"
1591949	"[""J05AP51""]"
1371365	"[""D01AC08"", ""D08AC02""]"
1595048	"[""N01BB04""]"
1791582	"[""N02AA05""]"
1797843	"[""R01AD13""]"
1802215	"[""J05AE03"", ""J05AP09""]"
1805288	"[""N02BE01"", ""R05DA09"", ""R06AA09""]"
1808851	"[""P02BA01"", ""P02CC01""]"
1813420	"[""J06BA01""]"
1857717	"[""J01AA06""]"
1918199	"[""R03AK06""]"
1918252	"[""A01AA30""]"
1923423	"[""C07AA07""]"
197380	"[""C07AB03""]"
1245259	"[""D08AG02""]"
1247574	"[""D01AC02""]"
1247899	"[""A06AA02""]"
1292988	"[""A03BB03"", ""R01BA53"", ""R06AB54""]"
1293665	"[""B01AC06""]"
1299774	"[""C01CA02"", ""R03AB02"", ""R03CB01""]"
1300085	"[""R01BA02"", ""R06AB01""]"
1304117	"[""R05CA03""]"
1302845	"[""A08AA51""]"
1357871	"[""R01BA03""]"
1358377	"[""R01BA02"", ""R05CA03""]"
1360343	"[""N07BA01""]"
1366855	"[""R01BA02"", ""R06AB04""]"
1367214	"[""N02BE01"", ""R01BA53""]"
1372652	"[""R05CA03"", ""R05DA09""]"
1373128	"[""R05DA09""]"
1373130	"[""D04AB01""]"
1422568	"[""D01AE18""]"
1430400	"[""A03BB03"", ""R01BA52"", ""R06AB54""]"
1435267	"[""D07CC01""]"
1435634	"[""D08AE03"", ""N01BX02""]"
1435889	"[""M02AB01"", ""M02AC""]"
197496	"[""A10BB02""]"
198014	"[""M01AE02""]"
198075	"[""N05AB03""]"
198182	"[""P01BD01""]"
1486983	"[""A06AG10""]"
1534818	"[""M02AB01""]"
1542929	"[""G01AF04""]"
1547746	"[""N01AB06""]"
1591995	"[""D01AE12""]"
1594682	"[""D01AE12""]"
1649341	"[""R02AD01""]"
1364494	"[""C10AX12""]"
1362708	"[""C01BB02""]"
1737758	"[""C01BB01""]"
1739866	"[""C05AX04""]"
1796421	"[""L01BA05""]"
1799178	"[""A11GA01"", ""B03AA""]"
1800795	"[""A06AB06""]"
1807896	"[""H05BX02""]"
1863347	"[""L01CA02""]"
1870676	"[""J01GB03""]"
1873995	"[""L01EF02""]"
1942757	"[""D01AE12"", ""D05AA"", ""D11AC06""]"
1246100	"[""C05AD07"", ""D04AB07""]"
1291386	"[""D08AE05"", ""D08AJ03""]"
1294116	"[""N02CA02"", ""N03AA02""]"
1297641	"[""M02AB01"", ""M02AC""]"
1304971	"[""R02AA06""]"
1313888	"[""N03AB02""]"
1314636	"[""A11DA01"", ""A11HA01"", ""A11HA02"", ""A11HA04"", ""B03BA01""]"
1358471	"[""R06AX13""]"
1358619	"[""H02AB04""]"
1362706	"[""C01BB02""]"
1366149	"[""A11JA""]"
1366950	"[""R06AB04""]"
1373747	"[""J05AG01""]"
142034	"[""D10AE01""]"
1421473	"[""A16AA04""]"
1423967	"[""R06AA04""]"
1424374	"[""A03BB03"", ""R01BA53"", ""R06AB54""]"
1426573	"[""G02AD01""]"
1428025	"[""D02AE01""]"
197638	"[""R03DA01""]"
197771	"[""C02LA01""]"
197895	"[""L01AD02""]"
1494798	"[""D02AE01""]"
1535249	"[""R06AB04""]"
1537082	"[""A12BA04""]"
1546074	"[""C05AD01""]"
1546056	"[""C03CA01""]"
1547639	"[""D02AE01""]"
1548870	"[""D10AE01""]"
1591982	"[""D02AA"", ""D02AB""]"
1592912	"[""J01EE02""]"
1439838	"[""N06AX26""]"
243618	"[""N05AF03""]"
285007	"[""A01AA01""]"
1719225	"[""B02BD02""]"
1719670	"[""N05AD01""]"
1726324	"[""L01CE02""]"
1732014	"[""N02AA01""]"
1734480	"[""N01BB09""]"
1737757	"[""C01BB01""]"
1740467	"[""A04AA01""]"
1805278	"[""D04AB01"", ""D04AB07""]"
1876355	"[""D08AJ08""]"
1243498	"[""R01BA02""]"
1246373	"[""D01AE12"", ""D11AX12""]"
1293456	"[""D05AX05""]"
1308569	"[""N06DA03""]"
1310489	"[""R01BA02""]"
197863	"[""V03AF03""]"
1491554	"[""P03AX05""]"
1540024	"[""R05CA03""]"
1595766	"[""R05DA03""]"
1605187	"[""H03AA01""]"
1424919	"[""R01BA02"", ""R05CA03"", ""R05DA09""]"
1432143	"[""D08AX05"", ""P03AX06""]"
1605844	"[""R05FB02""]"
1300294	"[""D04AB04"", ""D08AJ08""]"
1357930	"[""R05CA03""]"
1371195	"[""A11CC05""]"
1490667	"[""G03BA03""]"
1491521	"[""D02AE01""]"
1600737	"[""B05CA01"", ""D08AJ03"", ""D09AA07"", ""R02AA06""]"
1539189	"[""R06AB06""]"
1427396	"[""H03AA01""]"
1487267	"[""A01AA01""]"
618350	"[""N02BE01"", ""R05CA03""]"
646358	"[""V03AN01"", ""V03AN04""]"
792052	"[""D07AA02""]"
636574	"[""R05CA03""]"
639888	"[""J05AR03""]"
706831	"[""N05AX08""]"
731541	"[""J01CE08""]"
756336	"[""B03AB02""]"
798179	"[""D08AG02""]"
800241	"[""B05BA01""]"
861358	"[""B01AX05""]"
865565	"[""M01AB08""]"
884535	"[""N06BA02""]"
994528	"[""M03BC01""]"
311996	"[""D08AF01""]"
797848	"[""D02AE01""]"
763453	"[""L04AC04""]"
861790	"[""A10BD14""]"
864820	"[""G04BD04""]"
876429	"[""J01EA01"", ""J01EC01""]"
900580	"[""R01AX""]"
901800	"[""D01AE15"", ""D01BA02""]"
904563	"[""C07AA07""]"
966460	"[""H03AA01""]"
885257	"[""A02BC02""]"
308293	"[""N02BE01"", ""N06BC01"", ""R01BA53"", ""R06AB54"", ""R06AC01""]"
310634	"[""R01BA02"", ""R05CA03""]"
310767	"[""N05CA16""]"
1087410	"[""B03AE04""]"
1089063	"[""R01BA02"", ""R05CA03"", ""R05DA04""]"
1089817	"[""A14AA07""]"
311369	"[""J05AR10""]"
198624	"[""B03AA02""]"
198741	"[""A12CC10""]"
1995988	"[""R01AD09""]"
2003378	"[""M02AB01"", ""M02AC""]"
206980	"[""M01AE03""]"
207352	"[""J01AA08""]"
207457	"[""N05CA01""]"
207850	"[""S01AA12""]"
315104	"[""D08AX05""]"
351455	"[""J01AA07""]"
892331	"[""P02BA01"", ""P02CC01""]"
895966	"[""A06AX01""]"
746756	"[""A01AA01""]"
790879	"[""S01CA01""]"
905375	"[""N05BA02""]"
308712	"[""D07AC01""]"
756272	"[""R01BA01"", ""R06AB01""]"
864763	"[""N07BC02""]"
892494	"[""N02AA01""]"
896783	"[""C07AG01""]"
308495	"[""S01AA30""]"
310810	"[""C02AA02"", ""C03AA03""]"
2048979	"[""V03AZ01""]"
205287	"[""N02BE01"", ""N06BC01"", ""R05CA03""]"
996288	"[""N01BA05""]"
313863	"[""A06AB02""]"
346210	"[""A12AA04""]"
352052	"[""R03AC02"", ""R03CC02""]"
831285	"[""C08DB01""]"
898316	"[""C08DA01""]"
753436	"[""N06BA04""]"
904238	"[""A12BA01""]"
312398	"[""C05AX06""]"
1089027	"[""R01BA52"", ""R05FA02""]"
207362	"[""J01AA08""]"
314050	"[""L03AB04""]"
828751	"[""L02BX02""]"
861816	"[""A10BD03""]"
199424	"[""N05CH01""]"
827141	"[""S01KA02""]"
643123	"[""H02AB06""]"
644133	"[""D08AX07""]"
721795	"[""N05AH04""]"
724891	"[""C09DB01""]"
745051	"[""J01CE08"", ""J01CE09""]"
750239	"[""C10BX03""]"
797973	"[""D10AE01""]"
754806	"[""C02CA01"", ""C03AA05""]"
861032	"[""J05AE04""]"
899993	"[""A10BD05""]"
727848	"[""L03AB04""]"
749816	"[""H01CB03""]"
756271	"[""R01BA01"", ""R06AB01""]"
799038	"[""R03BA08""]"
861672	"[""N02CA01""]"
884175	"[""C02AC01""]"
892582	"[""N02AA01""]"
895664	"[""M01AE01"", ""R06AA52""]"
895996	"[""R03BA05""]"
905407	"[""C02AA02"", ""C02DB02"", ""C03AA03""]"
905413	"[""C02AA02"", ""C02DB02"", ""C03AA03""]"
966270	"[""H03AA01""]"
309340	"[""J01FF01""]"
309715	"[""B05AA05""]"
310045	"[""R03DA01"", ""R05CA03""]"
310147	"[""C01DA13""]"
1087427	"[""R05DA03"", ""R06AB04""]"
310239	"[""A14AB02""]"
198241	"[""N05CD07""]"
1986356	"[""A10AB05""]"
1992526	"[""R01BA53"", ""R06AA52""]"
2049636	"[""D08AL01""]"
995990	"[""R01BA02"", ""R05CA03"", ""R05DA04""]"
996243	"[""R01BA02"", ""R05CA03"", ""R05DA04""]"
997557	"[""A01AA01""]"
999663	"[""D10AE01""]"
359229	"[""L04AX01""]"
351774	"[""R05CA03""]"
834100	"[""J01CE02""]"
835899	"[""L04AD01""]"
758165	"[""B03XA03""]"
905199	"[""C02DB02""]"
311406	"[""D06BA03""]"
312647	"[""N05AA03""]"
1088243	"[""A02AA04""]"
905353	"[""C02AA02"", ""C02DB02"", ""C03AA03""]"
992846	"[""A09AA03""]"
312011	"[""C01DA02"", ""C05AE01""]"
199161	"[""D01AE12""]"
200094	"[""C09CA04""]"
349276	"[""B03XA02""]"
351519	"[""H02AB06""]"
352220	"[""J02AC03""]"
900476	"[""P02CB01""]"
308745	"[""A06AG02""]"
310183	"[""G03CA03""]"
826666	"[""A08AA01""]"
645216	"[""V03AE07""]"
656866	"[""D03BA01""]"
637197	"[""C01EB16""]"
688211	"[""D11AX11""]"
727584	"[""L03AB04""]"
793872	"[""C01DA08""]"
795716	"[""H02AB02""]"
762833	"[""H01AC01""]"
877408	"[""A11CC01""]"
894805	"[""N02AA01""]"
979316	"[""R03AB03""]"
991345	"[""N05AA01""]"
903893	"[""N06AB08""]"
702103	"[""R01AA04"", ""S01FB01"", ""S01XA20""]"
763168	"[""C10AD02""]"
797061	"[""A02BC01""]"
861365	"[""B01AX05""]"
861426	"[""C01BC03""]"
866900	"[""C10AC04""]"
876401	"[""J01DC09""]"
894865	"[""D05BB02""]"
895384	"[""J01EB05"", ""J01FA01""]"
898344	"[""C09BB13""]"
899228	"[""A06AD19"", ""A12AA05"", ""A12BA01"", ""A12CA01"", ""A12CC04"", ""B05CB01"", ""B05CB03"", ""B05CX01"", ""V04CA02"", ""V06DC01""]"
901555	"[""N04BC05""]"
905518	"[""N05BA02""]"
966574	"[""C02DB02"", ""C03AA03""]"
967043	"[""J07AM01""]"
977882	"[""C03DB01""]"
978000	"[""A07DA03""]"
994220	"[""N02BE01"", ""R05DA04""]"
896893	"[""N02BA05"", ""N06BC01""]"
966283	"[""H03AA01""]"
979409	"[""R03CB03""]"
308691	"[""D10AE01""]"
308727	"[""A07BC01"", ""A07BC02""]"
308793	"[""S01AX07""]"
309124	"[""C10AA06""]"
309449	"[""N02BE01"", ""R05DA04""]"
310595	"[""S01AA30""]"
312296	"[""N05CA01""]"
1090641	"[""D07AB09""]"
312022	"[""N01AX13""]"
1998482	"[""H02AB02""]"
205577	"[""A11CC06"", ""H05BX05""]"
205795	"[""S01AA11""]"
207208	"[""J01MA01""]"
206346	"[""A16AA01""]"
347741	"[""V03AN01"", ""V03AN03"", ""V03AN04"", ""V04CX08""]"
351852	"[""M09AX01""]"
358975	"[""A01AB02""]"
827750	"[""N02AC04""]"
884675	"[""N01AX10""]"
310003	"[""C01BD04""]"
863586	"[""A03FA01""]"
904421	"[""M05BA04""]"
2050977	"[""D08AX08""]"
996738	"[""R05FA02""]"
313218	"[""G04CA03""]"
308496	"[""S01AA30""]"
309054	"[""J01DD15""]"
644278	"[""A04AD12""]"
636106	"[""D03BA01""]"
794063	"[""J05AP01"", ""L03AB05""]"
708076	"[""N01BA05""]"
701714	"[""J05AF04""]"
758575	"[""R05CA03""]"
761979	"[""J01MA14""]"
762660	"[""G04BE08""]"
864716	"[""N07BC02""]"
991332	"[""N05AA01""]"
731176	"[""B03XA02""]"
792002	"[""G02AB03""]"
798411	"[""V04CF01""]"
861373	"[""V03AE02""]"
864685	"[""P01BB51""]"
865137	"[""N05AB02""]"
866907	"[""C10AC04""]"
876417	"[""J01MA01""]"
891178	"[""D01BA02""]"
892259	"[""H03AA01""]"
895943	"[""A09AA01""]"
896760	"[""C07AG01""]"
901446	"[""C08DA01""]"
903845	"[""N07AA02""]"
905156	"[""J01GB06""]"
993074	"[""R01BA53"", ""R05DA04"", ""R06AD52""]"
966417	"[""H03AA01""]"
308390	"[""A11GA01"", ""C10AD02""]"
308705	"[""A11CA01"", ""A11CA02""]"
309172	"[""S01AA01""]"
310547	"[""A06AX01""]"
310624	"[""R03DA02"", ""R05CA03""]"
311158	"[""R03AC07"", ""R03CC06""]"
1089731	"[""R01BA02""]"
1994316	"[""A10AE06""]"
199648	"[""N05CH01""]"
2001752	"[""A07BC01"", ""A07BC02""]"
205188	"[""B03AD03""]"
995624	"[""R06AE05""]"
313326	"[""A11DA01""]"
352273	"[""N06AB10""]"
387003	"[""N03AX14""]"
803310	"[""H02AB06""]"
826612	"[""G04CA04""]"
892596	"[""N02AA01""]"
199163	"[""N05CH01""]"
2000686	"[""A02AF02""]"
2055672	"[""N05AX08""]"
207334	"[""A03AD01""]"
402101	"[""L02BX01""]"
310758	"[""D08AE01""]"
312399	"[""R01AB01""]"
1988319	"[""C08DB01""]"
200311	"[""C10AB05""]"
2053512	"[""R07AX30""]"
206853	"[""J05AB09""]"
999398	"[""N02BE01""]"
313171	"[""M01AE07""]"
313199	"[""D05AX05""]"
313325	"[""A11DA01""]"
313416	"[""J01GB01""]"
313580	"[""N06AX16""]"
313932	"[""A11CC04""]"
314142	"[""A10BX03""]"
314973	"[""A11GA01"", ""B03AA02""]"
315015	"[""A12AA04""]"
801432	"[""B05BA01""]"
806392	"[""S01KX""]"
808921	"[""J01XX01""]"
809984	"[""N03AX18""]"
823777	"[""G03AA05""]"
827565	"[""V03AN01"", ""V03AN04""]"
828585	"[""N02AC04""]"
311963	"[""C10AD02""]"
2055815	"[""J05AR24""]"
351944	"[""D05AX05""]"
352083	"[""D05BA02""]"
800884	"[""B05BA01""]"
847205	"[""A10AB01""]"
847254	"[""A10AB04"", ""A10AD04""]"
848208	"[""D07AC01""]"
849547	"[""D07AA02""]"
853008	"[""R03DA04""]"
853610	"[""D08AG02""]"
854762	"[""M01AE01""]"
855812	"[""B01AC22""]"
856460	"[""C07AA05""]"
856912	"[""N02BE01"", ""R05DA03""]"
857389	"[""N02AJ22"", ""N06BC01""]"
857432	"[""R06AA04""]"
856942	"[""N02AJ22""]"
207974	"[""G03BA03""]"
208265	"[""R03DA04""]"
208416	"[""J01EE01""]"
208659	"[""S01FA06""]"
208850	"[""N06AX16""]"
209006	"[""A11CC04""]"
209977	"[""D06BB03""]"
210072	"[""D01AE12""]"
2101495	"[""A03AB02""]"
211023	"[""A09AA04""]"
211165	"[""N02BE01"", ""N06BC01""]"
211699	"[""N06AB05""]"
2123045	"[""D02AB""]"
213438	"[""S01EX02""]"
213538	"[""D07AC01""]"
214041	"[""S02DA03""]"
2168601	"[""N02BE01"", ""R05CA03"", ""R05DA09""]"
2173852	"[""R05FB02""]"
1094172	"[""G04BX06""]"
1094549	"[""N02BE01"", ""R05DA09"", ""R06AA09""]"
1098616	"[""D04AB01""]"
1101486	"[""A12AA03""]"
1101857	"[""A03BB03"", ""R06AB54""]"
1101914	"[""D04AB04"", ""D08AJ08""]"
1116083	"[""N03AA02"", ""R03DA05"", ""R05CA03""]"
1117536	"[""D08AL01""]"
1117562	"[""R01BA02""]"
1119402	"[""L01EG02""]"
1147496	"[""N02AJ06"", ""N02BA05"", ""N06BC01""]"
214082	"[""C03BA04""]"
1091387	"[""M02AX10""]"
1098496	"[""N02BE01"", ""R05DA09"", ""R06AB04""]"
1098890	"[""R01BA02"", ""R05CA03"", ""R05DA09""]"
1101947	"[""R01BA53"", ""R05CA03""]"
1117392	"[""R01BA02"", ""R05DA09"", ""R06AB04""]"
1149353	"[""R01BA02"", ""R05CA03""]"
1190608	"[""A03BA01""]"
1190795	"[""A03BA01""]"
1190888	"[""A03BA01"", ""A07BC02"", ""N03AA02""]"
1191341	"[""A06AX01""]"
1192857	"[""R01AX""]"
1193349	"[""L01EJ01""]"
1191683	"[""H02AB06""]"
403828	"[""A02AF02""]"
404539	"[""A16AA06""]"
476466	"[""R05FB02""]"
477560	"[""C10AB05""]"
477585	"[""R05CA03""]"
484925	"[""A11JA""]"
485486	"[""M03BX02""]"
541140	"[""A12BA01""]"
541879	"[""N06BA01"", ""N06BA02""]"
544162	"[""N05AC02""]"
544445	"[""J01MA12""]"
583391	"[""R06AB04""]"
616845	"[""M01AX05"", ""M01AX25""]"
857738	"[""R01BA53"", ""R05DA03"", ""R06AB54""]"
857859	"[""R01BA53"", ""R05DA03"", ""R06AB54""]"
857901	"[""C01BA02""]"
859003	"[""R05DA03"", ""R06AB04""]"
859218	"[""R01BA02"", ""R05DA03"", ""R06AB04""]"
1000989	"[""R01AA05""]"
1005820	"[""D10AB02"", ""D10AF06""]"
1010077	"[""D04AB01""]"
1011755	"[""C09XA52""]"
1014676	"[""R06AE07""]"
1039550	"[""D04AB07""]"
1044345	"[""D08AC02""]"
1046820	"[""A03BA03"", ""G04BX12"", ""J01XX05""]"
1046842	"[""D01AE12""]"
1048162	"[""A03BA03"", ""N03AA02""]"
1048390	"[""A03BA03"", ""N03AA02""]"
1052678	"[""B01AC06""]"
1085732	"[""D07AB09""]"
226917	"[""A08AB01""]"
238145	"[""N02BA01""]"
238657	"[""B06AB01""]"
245152	"[""R01BA02"", ""R05DA09""]"
259090	"[""D02AA""]"
282742	"[""A06AB06""]"
1656313	"[""J01DD01""]"
1660690	"[""G03AA09""]"
1663735	"[""D08AX08""]"
1665675	"[""M01AB15""]"
1112788	"[""D07AB08""]"
1115459	"[""L02AE02""]"
1150310	"[""M01AX05"", ""M01AX25""]"
404725	"[""N03AX15""]"
428633	"[""A02AA02"", ""A02AA04"", ""A12AA04""]"
860088	"[""N02CC01""]"
860258	"[""R05CA03"", ""R05DA03""]"
1000736	"[""D10AF06""]"
1000992	"[""R01AA05""]"
1010768	"[""N01BB02""]"
1012431	"[""N01BB01""]"
1012621	"[""D04AB01"", ""D07AA02""]"
1012855	"[""R01BA02"", ""R06AA08""]"
1012974	"[""R01BA02"", ""R05DA09"", ""R06AA08""]"
1013034	"[""D10AB02"", ""D10AF06""]"
1020030	"[""D10AE01""]"
1037115	"[""R01BA51"", ""R06AB05"", ""R06AC01""]"
104206	"[""C01AA05""]"
1049091	"[""D04AA32"", ""D08AJ08""]"
1049615	"[""N02AA05""]"
105028	"[""N02BF01""]"
1085638	"[""D07AB09""]"
226668	"[""N06DA03""]"
239200	"[""J01BA01""]"
285032	"[""S01EE04""]"
1661335	"[""B02BD02"", ""B02BD10""]"
1723740	"[""R06AA02""]"
1736477	"[""B01AC16""]"
541975	"[""R01BA02"", ""R05CA03""]"
1005855	"[""D10AB02"", ""D10AF06""]"
244366	"[""D10AB02""]"
1085783	"[""D07AB09""]"
245667	"[""D08AX01"", ""D11AX25""]"
1990745	"[""N07BC02""]"
199134	"[""D01AE12""]"
1996297	"[""N01BB09""]"
205884	"[""A06AX01""]"
207014	"[""M03BA03""]"
207779	"[""C08CA06""]"
995682	"[""R06AE05""]"
996590	"[""R01BA53"", ""R05DA04"", ""R06AC01""]"
312965	"[""B05XA08""]"
313992	"[""N02AB03""]"
315155	"[""A14AB01""]"
347167	"[""V03AN01"", ""V03AN04""]"
347722	"[""V03AN01"", ""V03AN04""]"
351581	"[""N02BE01""]"
359296	"[""V03AE07""]"
828703	"[""L03AX16""]"
831325	"[""C08DB01""]"
315214	"[""A01AA01""]"
313497	"[""N06AA06""]"
846101	"[""D01AE12"", ""J01AA02""]"
850309	"[""S01AE08""]"
854241	"[""B01AB05""]"
854868	"[""A02BC04""]"
855168	"[""R06AE09""]"
856980	"[""N02AJ22""]"
857540	"[""N02BE01"", ""R05DA03""]"
857681	"[""R03CC03""]"
208365	"[""R05DB01""]"
208364	"[""H02AB08""]"
208707	"[""C03AA06""]"
208124	"[""C03EA01""]"
209611	"[""A06AB02""]"
209765	"[""D06AX04""]"
210578	"[""A03AX10"", ""N02BE01"", ""N05CC04""]"
2108828	"[""J01CA04""]"
212228	"[""A07BA01""]"
212392	"[""D02AE01""]"
2168019	"[""R05CA03"", ""R05DA09""]"
2168002	"[""R01BA02"", ""R05DA09"", ""R06AB02""]"
2173830	"[""R01BA02"", ""R05CA03"", ""R05DA09""]"
237779	"[""B03BA01""]"
208558	"[""B01AC05""]"
1092351	"[""N02BE01"", ""R06AA52""]"
1094022	"[""A12AX""]"
1094355	"[""R01BA02""]"
1098468	"[""A01AA01""]"
1099781	"[""R01BA02"", ""R06AX07""]"
1101782	"[""D01AE18""]"
1113396	"[""R06AB04""]"
1113417	"[""R01BA02"", ""R05DA04"", ""R06AB04""]"
1116123	"[""N03AA02"", ""R03DA04""]"
1117233	"[""D08AJ08""]"
1144910	"[""N02BE01"", ""R01BA01"", ""R05DA09"", ""R06AB04""]"
1145689	"[""A03AX13""]"
1148128	"[""D11AX11""]"
1190620	"[""A03BA01""]"
832919	"[""A12AX""]"
903458	"[""H03AA02""]"
993274	"[""D08AG03""]"
309666	"[""S01EB04""]"
310028	"[""J01AA02""]"
310200	"[""G03CA57""]"
311282	"[""V03AF03""]"
312055	"[""A07AA02""]"
312499	"[""A12BA04""]"
200268	"[""A09AA01""]"
2003767	"[""L04AC14""]"
204779	"[""R01AB01""]"
205228	"[""D08AG03""]"
205364	"[""C02AA02"", ""C03BA04""]"
205891	"[""S01EA01"", ""S01EB01""]"
206221	"[""D10AF02""]"
207136	"[""H02AB04""]"
999946	"[""C10AD52""]"
312971	"[""B05CB04""]"
313910	"[""C04AX01""]"
314002	"[""S01AA30""]"
315107	"[""A10BB07""]"
347114	"[""V03AN02"", ""V03AN03""]"
348177	"[""A09AA01""]"
359697	"[""M01AE03""]"
347052	"[""A01AA01""]"
824586	"[""A06AC01""]"
828275	"[""D02AE01""]"
831150	"[""C08DB01""]"
831274	"[""C08DB01""]"
834357	"[""C01BD01""]"
2055637	"[""D10AX01""]"
359275	"[""M09AB03""]"
849694	"[""N02AC04"", ""N02BE01""]"
857397	"[""N04AA02""]"
857898	"[""C01BA02""]"
835342	"[""J01FA09""]"
854238	"[""B01AB05""]"
857311	"[""N02BE01"", ""R05DA03""]"
207953	"[""A10BB05""]"
208455	"[""N06DA01""]"
208673	"[""D02AE01""]"
208813	"[""S01CA01""]"
207945	"[""C03AA03""]"
208051	"[""N02BA06""]"
209898	"[""N02BE01""]"
2122270	"[""R01BA01"", ""R05DA09""]"
213204	"[""S01GX06""]"
213909	"[""R01BA01"", ""R06AB04""]"
2178102	"[""R05DA09"", ""R06AB04""]"
1091638	"[""C08DB01""]"
1095626	"[""N02BE01""]"
1099298	"[""N06AA01""]"
1100075	"[""L02BX03""]"
1235563	"[""A03BB03"", ""R01BA53"", ""R06AB54""]"
407879	"[""N01AX13""]"
542854	"[""C03AA03""]"
545074	"[""D01AE12""]"
562501	"[""B01AC09""]"
581395	"[""A11CA01"", ""A11HA03""]"
598025	"[""J01CA04""]"
608692	"[""R06AX27""]"
608930	"[""B01AD04""]"
859106	"[""R05CA09"", ""R05DA03""]"
859317	"[""N02AJ23""]"
860227	"[""L02AB01""]"
860519	"[""C07AG02""]"
860571	"[""R01BA53"", ""R05DA03"", ""R06AB54""]"
1000588	"[""D06BX01""]"
1001758	"[""A11CC01"", ""A12AA13""]"
1011712	"[""C09XA52""]"
1013930	"[""C02AC01""]"
1037369	"[""R05CA03"", ""R05DB05""]"
1040043	"[""N05AE05""]"
1043636	"[""D02AX""]"
1046781	"[""R01BA03""]"
1046817	"[""A03BA03"", ""N03AA02""]"
1048056	"[""A03BA03""]"
1049270	"[""N02AJ17""]"
1053651	"[""N02AB03""]"
108395	"[""J01DD14""]"
1085736	"[""D07AB09""]"
240738	"[""V04CG30""]"
242674	"[""D08AE04""]"
244071	"[""V03AB20""]"
244451	"[""D05AC01""]"
251856	"[""C09AA05""]"
248410	"[""D10AB02""]"
259682	"[""C05CX03""]"
259870	"[""A11CB""]"
261168	"[""G01AF02""]"
261301	"[""C09CA02""]"
285127	"[""N05AE04""]"
1654914	"[""D08AJ08""]"
1655032	"[""N02AE01""]"
1655058	"[""N02AB02""]"
1656634	"[""L04AG06""]"
1658264	"[""B05XA05""]"
1661560	"[""J01GB01""]"
1666311	"[""B02BD04""]"
1716075	"[""N02AE01""]"
1723218	"[""N01AH02""]"
1725775	"[""N01BB01""]"
1737472	"[""B01AC17""]"
1738589	"[""H02AB09""]"
857226	"[""V03AE02""]"
208716	"[""C03AA05""]"
208951	"[""A12BA01""]"
209280	"[""G01AE10""]"
1094556	"[""A01AA01""]"
542925	"[""B06AA03""]"
1037121	"[""R05CA03"", ""R05DB05""]"
104385	"[""C09AA05""]"
1046789	"[""A03BA03"", ""N03AA02""]"
1049521	"[""R01BA02""]"
1085121	"[""D01AA01"", ""D07AB09""]"
242993	"[""R01AB01""]"
261220	"[""G03CA57""]"
283594	"[""R01BA02"", ""R05CA03""]"
307691	"[""N02BE01""]"
307746	"[""A02AF02""]"
308091	"[""A02AB03""]"
1659991	"[""B01AB02""]"
1722245	"[""G03AA05""]"
1728767	"[""V03AN02"", ""V03AN04""]"
1744049	"[""N02BE01"", ""R05DA09"", ""R06AB04""]"
1006608	"[""N06BA11""]"
1147395	"[""N02BE01"", ""R05DA03""]"
1147793	"[""A07EC01""]"
1192685	"[""R05DB10""]"
1232646	"[""D04AA32""]"
1234458	"[""D11AX12""]"
406396	"[""G03AA11""]"
476540	"[""G03CA57""]"
484814	"[""G04BE08""]"
542167	"[""V03AN01"", ""V03AN03""]"
542623	"[""R05CA03""]"
544400	"[""J05AP01""]"
598006	"[""J01FA01""]"
616968	"[""R01BA03"", ""R05DB05"", ""R06AC01""]"
859979	"[""N05AH05""]"
860123	"[""R01BA01"", ""R05DA03""]"
860581	"[""N02BA05"", ""R01BA01"", ""R05CA03"", ""R05DA03""]"
1012384	"[""N01BB01""]"
1012762	"[""N01BB03""]"
1013867	"[""B02AB02""]"
1014195	"[""D08AE05"", ""D04AB07""]"
1020026	"[""R06AE07""]"
1039016	"[""D08AJ01"", ""D08AJ08""]"
1043056	"[""D01AE12""]"
1045382	"[""M02AB01""]"
1052679	"[""R01BA03""]"
1052635	"[""D02AE01""]"
1085752	"[""H02AB08""]"
1086243	"[""A01AA01""]"
1086267	"[""H02AB08""]"
1086634	"[""R01BA03"", ""R05DA04"", ""R06AB01""]"
242694	"[""B05BA03""]"
244400	"[""D06AX04"", ""D07AC07""]"
259184	"[""R01BA03"", ""R05CA03""]"
283234	"[""A06AB06""]"
284411	"[""H05BX03""]"
284551	"[""L02BB02""]"
1657751	"[""L01FF02""]"
1728789	"[""N02AA01""]"
1735057	"[""N01AH01"", ""N02AB03""]"
210295	"[""A03AX13""]"
545278	"[""C01DA02""]"
1005848	"[""D10AB02"", ""D10AF06""]"
1042619	"[""D08AX05""]"
1049587	"[""N02AA05""]"
284449	"[""S01EE02""]"
1658244	"[""B05XA05""]"
1659149	"[""J01CR05""]"
104722	"[""N05BC01""]"
1053624	"[""R01BA02"", ""R06AB04""]"
993505	"[""N06AX12""]"
309596	"[""B03BA01"", ""B03BB01""]"
310043	"[""R03DA01""]"
310552	"[""A06AG04"", ""A06AX01""]"
311667	"[""A03FA01""]"
312076	"[""N05AH03""]"
1090054	"[""G03AA07""]"
1992043	"[""N01BA05""]"
2001508	"[""N03AX09""]"
2047112	"[""L03AX14""]"
206779	"[""N05AN01""]"
206808	"[""N05AC03""]"
997491	"[""R06AX26""]"
999674	"[""D10AE01""]"
318076	"[""A12AA04""]"
318240	"[""G03BA03""]"
352308	"[""N05AX12""]"
359601	"[""R05CA03""]"
803194	"[""A10AB06""]"
809305	"[""A09AA01""]"
828537	"[""N02CC04""]"
2056069	"[""A07BC01""]"
802905	"[""D10AE01""]"
834054	"[""J01CE02""]"
854245	"[""B01AB05""]"
855863	"[""N03AB02""]"
854239	"[""B01AB05""]"
855302	"[""B01AA03""]"
1091225	"[""N06BA04""]"
1091420	"[""R06AA08""]"
1094109	"[""G04BX06""]"
1098366	"[""S01GA01""]"
1111772	"[""R01BA02""]"
1114470	"[""C05AE01""]"
1115467	"[""L02AE02""]"
1190570	"[""S01FA01""]"
1190957	"[""G03BA03""]"
1190572	"[""A07DA01""]"
209870	"[""N02BE01""]"
210677	"[""M03AC11""]"
210770	"[""A11GA01""]"
2121705	"[""A11GA01""]"
213169	"[""B01AC04""]"
214003	"[""N05BA12""]"
2173851	"[""R01BA02"", ""R05DA09""]"
237928	"[""A06AB06""]"
404061	"[""D10BA01""]"
404638	"[""G04BE09""]"
477347	"[""V03AE03""]"
485434	"[""J05AF10""]"
486501	"[""A02BC05""]"
541809	"[""R05CA03""]"
562395	"[""G01AE10""]"
584640	"[""R06AB01""]"
857169	"[""C09AA09""]"
857881	"[""C01BA02""]"
859296	"[""R05CA03"", ""R05DA03""]"
1000076	"[""N06AA12""]"
1000717	"[""D10AF06""]"
1005908	"[""D07AC21""]"
1020052	"[""D10AE01""]"
105032	"[""N05BA01""]"
106346	"[""D06AX09""]"
239166	"[""V06DC01""]"
241975	"[""H01AC01""]"
282765	"[""A10BX01""]"
284481	"[""J01MA12""]"
1663612	"[""R01BA53""]"
1665210	"[""J01MA02""]"
1723157	"[""J01GB06""]"
208825	"[""C02AA02"", ""C03AA05""]"
211399	"[""A03FA02""]"
237654	"[""B05BA03""]"
1011646	"[""N01BB08""]"
1011689	"[""J01AA06""]"
105899	"[""M01AE02""]"
240912	"[""A04AA02""]"
1006689	"[""D10AF06""]"
1045318	"[""D08AG03""]"
1746532	"[""B01AX01""]"
1747492	"[""D04AB01""]"
1791501	"[""L01DB06""]"
1795581	"[""R06AA08""]"
1798548	"[""N02BE01"", ""R05CA03"", ""R05DA09"", ""R06AA09""]"
1802849	"[""M02AB01""]"
1804185	"[""D04AB07""]"
1807571	"[""B05XA03""]"
1858385	"[""D04AB06""]"
1860486	"[""L01CD02""]"
1867547	"[""A12BA01""]"
1870686	"[""J01GB03""]"
1874539	"[""A02AD01""]"
1921010	"[""L04AB04""]"
1944540	"[""N02AA05""]"
1944785	"[""M04AA01"", ""M04AB05""]"
197372	"[""D05AC01""]"
1866047	"[""G03AA09""]"
1236624	"[""D10AE01""]"
1245003	"[""B02BX05""]"
1245232	"[""D08AC02""]"
1245392	"[""D08AC02""]"
1245729	"[""R01BA02"", ""R05DA09""]"
1248750	"[""R01BA03"", ""R05DB10"", ""R06AB04""]"
1250490	"[""D07AA02""]"
1251284	"[""D04AB07""]"
1291363	"[""R02AA06""]"
1298407	"[""R01BA02"", ""R05CA03""]"
1299141	"[""R01AA04""]"
1300911	"[""G03AA05""]"
1302643	"[""D01AE12""]"
1305143	"[""A06AA02"", ""A11CC05"", ""A11GA01"", ""A11HA02"", ""B03AA02"", ""B03BB01""]"
1307998	"[""R05FB02""]"
1359026	"[""G03AA05""]"
1359126	"[""G03FA01""]"
1360059	"[""N01BB02""]"
1363751	"[""R01BA03"", ""R06AC01""]"
1363779	"[""R01BA03""]"
1367316	"[""R05CA03"", ""R05DA09""]"
1369397	"[""R01BA02"", ""R05CA03"", ""R05DB10""]"
1369753	"[""R01BA02""]"
1370292	"[""D10AE01""]"
1423423	"[""B03BA01""]"
1424673	"[""R01BA02"", ""R05CA03"", ""R06AB01""]"
1424666	"[""R01BA02"", ""R06AB04""]"
1425498	"[""D08AX01"", ""D11AX25""]"
1487528	"[""R03AL03""]"
1490656	"[""R06AA02""]"
151228	"[""N03AX11""]"
152997	"[""A12BA01""]"
153734	"[""M03BX02""]"
1549539	"[""S03CA06""]"
1594942	"[""D11AX12""]"
1603292	"[""R05CA03""]"
1603470	"[""D08AJ01""]"
1603501	"[""N02AB03""]"
1607790	"[""V03AC03""]"
1653139	"[""N02BA03"", ""R01BA03"", ""R06AA02""]"
1248120	"[""A06AA02"", ""A06AB04""]"
1541221	"[""L04AX03""]"
1797883	"[""R01AC03""]"
1804762	"[""A16AB04""]"
1807630	"[""B05XA03""]"
1918205	"[""R03AK06""]"
1944382	"[""N04BB01""]"
197450	"[""J01DD08""]"
1943345	"[""C03DA01""]"
1242114	"[""R05FB02""]"
1242618	"[""N02BE01""]"
1242785	"[""A12CA01""]"
1251401	"[""R05CA03"", ""R05DA09""]"
1251791	"[""N05CA03""]"
1291711	"[""N02BE01"", ""R01BA02"", ""R06AA02""]"
1298120	"[""N05CD01""]"
1298147	"[""V06DC01""]"
1298924	"[""N05AE02""]"
1298922	"[""N05AE02""]"
1299040	"[""M01AE51"", ""R01BA02""]"
1299973	"[""N03AG06""]"
1300370	"[""J07AJ52""]"
1307242	"[""R01BA02"", ""R05CA03""]"
1356806	"[""R05DA04""]"
1356834	"[""R01BA02"", ""R06AB01""]"
1356817	"[""R06AB01""]"
1357873	"[""R01BA03""]"
1357894	"[""R05DA09"", ""R06AB04""]"
1358772	"[""R06AB01""]"
1361205	"[""D04AB01""]"
1361577	"[""B01AB01""]"
1363238	"[""R05CA03""]"
1363749	"[""R01BA03"", ""R06AC01""]"
1367108	"[""D08AG03""]"
1368416	"[""A10BD09""]"
1369910	"[""N02BE01"", ""R01BA02"", ""R06AB04""]"
1370473	"[""R05FB02""]"
1373136	"[""D04AB01""]"
1374851	"[""D08AJ01""]"
1375978	"[""M02AB01""]"
141952	"[""N03AF01""]"
1423313	"[""A12BA05""]"
1425970	"[""R01BA02"", ""R05CA03""]"
1426606	"[""D01AE12""]"
1432525	"[""J01CE01"", ""J01CE08"", ""J01CE09""]"
1438136	"[""J01CE09""]"
197639	"[""R03DA01""]"
197702	"[""J02AX01""]"
197957	"[""C02AB01""]"
198203	"[""J04AM02""]"
1441418	"[""L04AX03""]"
1442155	"[""D04AB04"", ""D08AE03""]"
1488045	"[""D10AD01""]"
1491722	"[""C05AA01""]"
1494972	"[""D11AX02""]"
152955	"[""N04BC04""]"
153666	"[""C09CA04""]"
1540663	"[""D04AB01""]"
1549618	"[""D08AE05""]"
1598268	"[""A10BJ02""]"
1600923	"[""A16AX05""]"
1602019	"[""C05AD01""]"
1605773	"[""N01AX03""]"
1294541	"[""A08AA10""]"
1373322	"[""D04AB04""]"
1425118	"[""L01EE01""]"
1426579	"[""R05CA03""]"
198103	"[""N05AG02""]"
1741421	"[""B05AA01""]"
1790210	"[""H05BX03""]"
1791229	"[""C08DB01""]"
1791497	"[""L01DB06""]"
1791404	"[""B05BC01""]"
1791560	"[""N02AA05""]"
1796087	"[""D04AB01""]"
1809204	"[""N02AF01""]"
1809479	"[""J06BA01""]"
1923049	"[""H03AA01""]"
1923484	"[""B05XA02""]"
1245096	"[""D11AX12""]"
1250560	"[""D01AE04""]"
1251903	"[""C03CC01""]"
1291286	"[""N05CH01""]"
1291956	"[""N02BE01"", ""R01BA02"", ""R06AA02""]"
1293974	"[""A16AX05"", ""D08AE05""]"
1294602	"[""N02BE01"", ""R06AA02""]"
1300375	"[""D01AE18""]"
1304215	"[""N06BC01""]"
1314976	"[""P03AX06""]"
1359020	"[""G03AA05""]"
1359256	"[""P02CC01"", ""P02CF01""]"
1362072	"[""M09AX01""]"
1363736	"[""R05DA09""]"
1376450	"[""D08AG03""]"
1424372	"[""N02BE01"", ""R01BA02""]"
1432118	"[""D06AX05""]"
1436947	"[""D07AA02"", ""G01AC01""]"
197394	"[""C03AA01""]"
198008	"[""C07AA12""]"
1442405	"[""D01AE12""]"
1486532	"[""A01AA01""]"
1535506	"[""D01AC01""]"
1539544	"[""N02BE01""]"
1544645	"[""D08AJ01""]"
1600730	"[""C09BB04""]"
1606347	"[""C07AB02""]"
1648185	"[""N06BA04""]"
1649946	"[""L03AA02""]"
260479	"[""A11HA03""]"
1041732	"[""D08AE04""]"
1726333	"[""L01CE02""]"
1727001	"[""V03AB35""]"
1734484	"[""N01BB09""]"
1739815	"[""N06BA01""]"
1790103	"[""L01DB01""]"
1805007	"[""L01AA09""]"
1806931	"[""A09AA01""]"
1809513	"[""J06BA01""]"
1810489	"[""A04AA02""]"
1856546	"[""G03AC03""]"
1859007	"[""S01KA02""]"
1918044	"[""L02BX03""]"
1923426	"[""C07AA07""]"
1925211	"[""L04AC01""]"
197597	"[""B01AA01""]"
197746	"[""C02AC02""]"
1236272	"[""N01BX04""]"
1244514	"[""A03BB03"", ""R01BA02"", ""R06AB04""]"
1244634	"[""D07AC01""]"
1293634	"[""D04AB07""]"
1293865	"[""S02CA03""]"
1298073	"[""S01FA04"", ""S01FB01"", ""S01GA05""]"
1303330	"[""C05AX04""]"
1303363	"[""D11AX11""]"
1305459	"[""R01BA02"", ""R05CA03"", ""R05DA09""]"
1356502	"[""D08AE05""]"
1360654	"[""A02BA03""]"
141991	"[""A11GA01""]"
1421637	"[""D02AE01""]"
1424051	"[""R05DA09""]"
1433987	"[""D01AE04""]"
1437923	"[""A07BC04""]"
1439901	"[""C02KX05""]"
1484737	"[""A02AC01""]"
1487765	"[""R06AA09""]"
1540359	"[""C05AX04""]"
1591990	"[""D03AX11""]"
1595023	"[""D04AB01""]"
1602046	"[""H05AA03""]"
1603361	"[""L01XH03""]"
1549099	"[""D01AE12"", ""D10AE01""]"
1809077	"[""J06BA01""]"
1430530	"[""R01BA02"", ""R06AB01""]"
1489405	"[""M02AB01""]"
1490671	"[""R06AX07""]"
1373115	"[""D09AA13""]"
1549356	"[""C05AX04""]"
1549678	"[""N01AB04""]"
1599805	"[""N06DA52""]"
1652084	"[""G03AA05""]"
629987	"[""A01AA01""]"
618797	"[""A11HA02""]"
643720	"[""L04AX04""]"
686919	"[""R03DA04"", ""R05CA03""]"
643722	"[""L04AX04""]"
702167	"[""A02AD01""]"
644789	"[""A11JA""]"
707329	"[""R01AX""]"
643714	"[""L04AX04""]"
645508	"[""R02AD01""]"
646833	"[""R06AA08""]"
701718	"[""J05AF04""]"
695935	"[""R03AC13""]"
731535	"[""M01AE01""]"
753407	"[""B03XA03""]"
727759	"[""N01AH01""]"
758498	"[""A02BC03"", ""M01AE02""]"
795354	"[""R03AC02"", ""R03CC02""]"
800957	"[""B05BA01""]"
861740	"[""A10BD02""]"
894816	"[""N02AA01""]"
899463	"[""N06BA11""]"
992449	"[""R06AD02""]"
995043	"[""R05DA04""]"
745752	"[""R03AC02""]"
762003	"[""G03AA11""]"
796480	"[""D01AE12""]"
800666	"[""B05BB01""]"
861738	"[""A10BD02""]"
885489	"[""A11CC05""]"
891077	"[""B05DB""]"
992792	"[""G01AF04""]"
91691	"[""C08CA05""]"
308290	"[""N02BA01"", ""N02BE01"", ""N06BC01""]"
308416	"[""B01AC06""]"
308598	"[""N03AA02""]"
310129	"[""R03AA01""]"
310379	"[""L01BC02""]"
312196	"[""R01BA01"", ""R01BA02"", ""R01BA03""]"
312633	"[""C05AD05"", ""N01BA02""]"
198527	"[""A12AA04""]"
199858	"[""D08AE03""]"
202248	"[""J01EB05""]"
204630	"[""B03AA07""]"
207833	"[""B02BA01""]"
746340	"[""R03BC01""]"
750100	"[""A01AA04""]"
966249	"[""H03AA01""]"
883576	"[""P02CB01""]"
903746	"[""H03AA01"", ""H03AA02""]"
905222	"[""C02DB02""]"
308617	"[""C03AA01""]"
308979	"[""N03AF01""]"
309861	"[""B01AA01""]"
310409	"[""B03BB01""]"
310626	"[""R01BA03"", ""R05CA03""]"
310858	"[""D07AA02""]"
311536	"[""A06AD14"", ""C01DA05"", ""N05BC01""]"
312058	"[""A07AA02""]"
1087365	"[""G04BX12""]"
1088126	"[""S01GA02""]"
1090522	"[""D08AG""]"
198841	"[""D01AE12"", ""D05AA""]"
312875	"[""N02BA05""]"
314124	"[""B05CA09""]"
330396	"[""A02BC02""]"
807371	"[""B05BA01""]"
800933	"[""B05BA01""]"
992910	"[""R01BA03"", ""R06AD02""]"
310048	"[""S01EB03""]"
311930	"[""D06AX04""]"
1086966	"[""A02AB01""]"
198907	"[""A12CB02""]"
996481	"[""R05CA03"", ""R05DA04""]"
358922	"[""M02AB01""]"
846031	"[""D10AE01""]"
310165	"[""J01FA01""]"
617954	"[""D04AX""]"
630720	"[""G03CA57""]"
637129	"[""D02AB""]"
636109	"[""D03BA01""]"
646817	"[""V04CH30""]"
672152	"[""L01EH01""]"
688067	"[""D01AE12""]"
665038	"[""A10BH01""]"
686402	"[""J01FA01""]"
700669	"[""R06AB06"", ""R06AC01""]"
702256	"[""S01EB04""]"
708020	"[""D01AE12""]"
749671	"[""S02AA16""]"
755973	"[""R06AB04""]"
861821	"[""A10BD07""]"
896872	"[""G03GA01""]"
900462	"[""J01FF01""]"
308900	"[""A02AD01""]"
757707	"[""G04BE08""]"
860983	"[""A10BA02""]"
882533	"[""G01AA10""]"
884383	"[""C10AA02""]"
898358	"[""C09BB13""]"
902720	"[""N06AB03""]"
977853	"[""N06BA03""]"
993528	"[""N06AX12""]"
995132	"[""R05DA04"", ""R06AB04""]"
308220	"[""A09AA01""]"
309114	"[""J01DB01""]"
309540	"[""H01AA01""]"
309577	"[""R01BA01"", ""R01BA02"", ""R06AB04"", ""R06AC01""]"
311246	"[""A09AA04""]"
312635	"[""N05AB04""]"
198296	"[""M01AB03""]"
199420	"[""A02BA04""]"
199888	"[""N03AX11""]"
205230	"[""M03BB02""]"
206282	"[""D07AA02""]"
206593	"[""A08AA05""]"
996249	"[""R01BA02"", ""R05CA03"", ""R05DA04""]"
998437	"[""D01AC02""]"
313583	"[""N06AX16""]"
314165	"[""S01BA04""]"
315193	"[""C02AA02"", ""C03BA02""]"
348622	"[""B03AE01""]"
351901	"[""L04AH01""]"
358917	"[""D10AF51""]"
404550	"[""G03CA57""]"
833696	"[""C05AE03"", ""C08DB01""]"
905397	"[""C02DB02""]"
308700	"[""C08EA02""]"
309920	"[""G02AD01""]"
310478	"[""J01GB03""]"
95267	"[""B05CX01"", ""V04CA02"", ""V06DC01""]"
792560	"[""D10AE01""]"
892581	"[""N02AA01""]"
1992300	"[""S01ED01""]"
995253	"[""N05BB01""]"
359938	"[""A12BA02"", ""R01BA03"", ""R05CA03""]"
806513	"[""B03BA01"", ""B03BB01""]"
809260	"[""A09AA01""]"
754802	"[""C02CA01"", ""C03AA05""]"
745309	"[""J01CE01"", ""J01CE08""]"
309372	"[""J01CF02""]"
1089775	"[""R05CA03""]"
827346	"[""D07AA02""]"
904407	"[""M05BA04""]"
637190	"[""N07BA03""]"
645671	"[""D10AD01""]"
755847	"[""R01BA01"", ""R05CA03"", ""R05DA04""]"
897065	"[""N04BD01""]"
747193	"[""L01CE01""]"
758172	"[""B03XA03""]"
762849	"[""H01AC01""]"
724614	"[""N02AJ18""]"
745300	"[""J01CE01"", ""J01CE08"", ""J01CE09""]"
755277	"[""A06AB06""]"
762873	"[""H01AC01""]"
790302	"[""S02AA01""]"
861066	"[""N06AB06""]"
862021	"[""C02AC02""]"
992532	"[""D01AE15"", ""D01BA02""]"
762008	"[""G03AA06""]"
795461	"[""J06AA03""]"
755976	"[""H02AB02""]"
860914	"[""M02AC""]"
861428	"[""C01BC03""]"
864162	"[""D01AE18""]"
865427	"[""A02BA03""]"
866513	"[""C07AB02""]"
897710	"[""N02AA03""]"
991346	"[""N05AA01""]"
308165	"[""N05CA02""]"
308807	"[""M09AB03""]"
310285	"[""N03AX10""]"
312124	"[""G03AA05""]"
1087798	"[""D01AE12""]"
1090655	"[""N02BA05"", ""N02BE01""]"
198257	"[""R03DA04""]"
1991329	"[""C01CA24""]"
200172	"[""D11AX10""]"
204425	"[""L01XX10""]"
207103	"[""C01DA02"", ""C05AE01""]"
996253	"[""R01BA02"", ""R05CA03"", ""R05DA04""]"
314160	"[""A06AD14"", ""C01DA05""]"
349408	"[""B01AC21""]"
313136	"[""J01EA01"", ""J01EC01""]"
807289	"[""B02AB01""]"
834043	"[""J01FA10""]"
834102	"[""J01CE02""]"
860773	"[""R06AA10""]"
308198	"[""N06BA01"", ""N06BA02""]"
308235	"[""A09AA01""]"
309617	"[""C04AX01""]"
310247	"[""M01AB08""]"
993948	"[""N02BE01""]"
905275	"[""N04AA01""]"
1994392	"[""N02BF02""]"
313966	"[""R03DA04""]"
617947	"[""N06BA09""]"
686379	"[""M01AH01""]"
701250	"[""B03AA02""]"
751870	"[""G03AA05""]"
756331	"[""N03AA02""]"
647118	"[""A16AB09""]"
731457	"[""A10BD06""]"
795749	"[""L03AB07""]"
723846	"[""A08AB01""]"
730778	"[""A16AA02""]"
797582	"[""V10XA53""]"
748335	"[""N01BX04""]"
762843	"[""H01AC01""]"
795143	"[""G03GA04""]"
897067	"[""N04BD01""]"
898603	"[""H01CB02""]"
966203	"[""H03AA01""]"
727595	"[""R05CA03""]"
749863	"[""G03FA01""]"
727977	"[""V08AB04""]"
861597	"[""P01CX01""]"
992212	"[""R05CA03""]"
905371	"[""N05BA02""]"
991633	"[""R03AB03"", ""R03CB03""]"
311170	"[""J04AC01""]"
311877	"[""D06AX09""]"
312137	"[""N03AF02""]"
312188	"[""J01AA06""]"
312650	"[""N05AA03""]"
310988	"[""J05AE02""]"
198902	"[""A12CB02""]"
2003130	"[""R05DA09"", ""R06AB04""]"
204596	"[""A06AA01"", ""A06AB04""]"
205712	"[""H02AB02""]"
2058934	"[""L01BC05""]"
995607	"[""J04AK02""]"
996237	"[""D01AE15"", ""D01BA02""]"
998236	"[""S01XA20""]"
999472	"[""B03BA01"", ""B03BB01""]"
347112	"[""V03AN02"", ""V03AN04""]"
828293	"[""A11AA""]"
904591	"[""C07AA07""]"
310380	"[""L01BC02""]"
199652	"[""C01EB09""]"
2048713	"[""N02BE01"", ""R05DA09"", ""R06AA09""]"
351433	"[""N07BA01""]"
1089057	"[""R05FA02""]"
1090860	"[""N02BE01"", ""N02BE51"", ""R01BA02""]"
198587	"[""C01EB09""]"
198794	"[""R01BA01""]"
202263	"[""C02CC02""]"
2044720	"[""N04BB01""]"
204622	"[""A11HA04""]"
2048002	"[""L03AX14""]"
2048916	"[""G03CA03""]"
995026	"[""N02BA04"", ""N06BC01"", ""R01BA03"", ""R05DA04"", ""R06AB05""]"
996734	"[""R05DA04""]"
313793	"[""A02AD01""]"
349479	"[""G04BE09""]"
359297	"[""A12AA04""]"
360072	"[""R01BA02"", ""R05CA03""]"
810096	"[""G03AB03""]"
826879	"[""A08AA01""]"
830166	"[""N01BA03""]"
834098	"[""J01CE02""]"
206848	"[""C01DA08"", ""C05AE02""]"
313599	"[""A11JA""]"
379019	"[""A07FA01""]"
810015	"[""A02BC03"", ""M01AE02""]"
835927	"[""L04AD01""]"
856840	"[""N06CA01""]"
856987	"[""N02AJ22""]"
857120	"[""N02BE01"", ""R05DA03""]"
856859	"[""N06AA09""]"
208427	"[""D06BA05"", ""J01EB06""]"
208591	"[""S01CA01""]"
209069	"[""B03BA01""]"
2101293	"[""R01BA02"", ""R05DA09"", ""R06AB01""]"
2109253	"[""D01AE12""]"
211053	"[""C09BA01""]"
211319	"[""N01BA05""]"
211637	"[""A02AD01""]"
212318	"[""D01AE12""]"
213577	"[""R01BA02"", ""R06AA08""]"
213694	"[""J05AB01""]"
215101	"[""M01AE02""]"
2167750	"[""R05DA09"", ""R06AB04""]"
2168506	"[""R01BA02"", ""R05CA03"", ""R05DA09""]"
2168865	"[""N06BA04""]"
1094393	"[""R06AA02""]"
1100471	"[""A11HA02""]"
1111758	"[""R01BA02"", ""R05CA03""]"
1116081	"[""N03AA02"", ""R03DA05"", ""R05CA03""]"
1116454	"[""D04AB04"", ""D08AJ01""]"
1117106	"[""D06AX05""]"
835594	"[""N06AA02""]"
1095364	"[""N01BA05""]"
1110988	"[""N02BE01"", ""R05CA03"", ""R05DA09""]"
1188532	"[""R01BA02"", ""R05DB10"", ""R06AB04""]"
1190113	"[""S01KA51""]"
1190444	"[""R01BA02"", ""R06AA02""]"
1190814	"[""R05DA09""]"
1234482	"[""A11AA""]"
404421	"[""N07BA01""]"
404656	"[""G03CA03""]"
417994	"[""D02AB""]"
435020	"[""A11CC05""]"
4511	"[""B03BB01"", ""V04CX02""]"
476545	"[""G03CA03""]"
485102	"[""A02AA04""]"
485514	"[""N06AX01""]"
486131	"[""D10AE01""]"
542527	"[""S01EE01""]"
544195	"[""J01DC04""]"
545875	"[""N02BA01"", ""N02BA05"", ""N02BE01"", ""N06BC01""]"
546627	"[""V03AE01""]"
583257	"[""A07EC02""]"
603086	"[""J01GB01""]"
859424	"[""C10AA07""]"
859822	"[""R01BA02"", ""R05CA03"", ""R05DA03""]"
1000660	"[""S01EB01""]"
1000636	"[""D02AA""]"
1006817	"[""P02CA03""]"
1009241	"[""B05XA02""]"
1010844	"[""C01BB01""]"
1012238	"[""D07XA01""]"
102250	"[""A07EA02""]"
1042695	"[""N02BE01"", ""R05CA03"", ""R05DA09""]"
1043033	"[""D08AE05""]"
1046534	"[""D01AE12"", ""D03AX03""]"
1046630	"[""R05FB02""]"
1046815	"[""A03CB""]"
1049580	"[""N02AJ17""]"
105030	"[""N02BF01""]"
1086776	"[""N06AX24""]"
239009	"[""S02DA03""]"
245224	"[""C05AX06""]"
248280	"[""N01BA05""]"
261160	"[""D01AC01""]"
262077	"[""N05AX08""]"
283219	"[""P03AC01""]"
307710	"[""S02AA10"", ""D07AB08""]"
1654083	"[""L04AC05""]"
1660014	"[""C01CA24""]"
1095547	"[""A06AC01""]"
1000141	"[""L02AB02""]"
1045335	"[""N01BA05""]"
1052466	"[""N02BE01""]"
106892	"[""A10AB01"", ""A10AC01"", ""A10AD01""]"
238154	"[""N02BE01""]"
284405	"[""C01BD04""]"
307686	"[""N02BE01"", ""N02BE51""]"
1663812	"[""D08AX08""]"
1665099	"[""J01DE01""]"
213505	"[""C02AA02"", ""C03AA04""]"
1043063	"[""D07AA02""]"
1719803	"[""N05AD01""]"
1722107	"[""N01BA53""]"
1723750	"[""L01FE03""]"
1726416	"[""S01XA20""]"
1727521	"[""G03AA05""]"
1658300	"[""A12BA01""]"
1734356	"[""N01BB09""]"
581580	"[""J01DD14""]"
1053423	"[""D01AE12""]"
106248	"[""D07AA02""]"
251322	"[""N03AD01""]"
311422	"[""B05XA11""]"
200133	"[""N03AF01""]"
200206	"[""J05AB06""]"
200304	"[""D02AE01""]"
2052064	"[""G03AC01""]"
205704	"[""R03DA01""]"
206075	"[""J01FA01""]"
206074	"[""J01FA01""]"
206831	"[""L01CB01""]"
207125	"[""J02AX01""]"
996107	"[""R01BA02"", ""R05CA03"", ""R05DA04""]"
998213	"[""N02AA01""]"
999434	"[""A03BB03"", ""R01BA03"", ""R06AB04""]"
313141	"[""J01EB04""]"
315021	"[""J01CA03""]"
346966	"[""R01BA02"", ""R06AB01""]"
402110	"[""J05AE07""]"
800444	"[""B05BA01""]"
804973	"[""D10AF01""]"
806299	"[""N05AX08""]"
829031	"[""J01XX05""]"
829500	"[""M01AG01""]"
206905	"[""M01AE01""]"
996488	"[""R05CA03"", ""R05DA04""]"
997024	"[""N02CC01""]"
313356	"[""N05AC02""]"
313633	"[""B03AE01""]"
403966	"[""N03AX15""]"
847673	"[""N03AX14""]"
848951	"[""C10AC01""]"
849582	"[""J01EA01"", ""J01EC01""]"
853284	"[""N02BE01"", ""R05CA03""]"
856915	"[""R05CA03"", ""R05DA03""]"
857368	"[""D01AC03""]"
857560	"[""G04BD09""]"
857716	"[""R01BA03"", ""R05DA03"", ""R06AB01""]"
208312	"[""B05XA02""]"
209063	"[""J05AF02""]"
209107	"[""R05CA03""]"
209304	"[""G04BC""]"
209636	"[""A07BC04""]"
209674	"[""D01AE18""]"
210818	"[""R05FB02""]"
211009	"[""S01EB07""]"
2110786	"[""G03CA03""]"
212233	"[""N06AB06""]"
212810	"[""L04AD01""]"
2173930	"[""R05FB02""]"
238135	"[""N02BA51""]"
1095225	"[""G03AA05""]"
1098170	"[""D08AX08""]"
1098227	"[""R01BA02"", ""R05CA03"", ""R05DA09""]"
1099288	"[""N06AA01""]"
1101741	"[""A03BB03"", ""R01BA03"", ""R06AB04""]"
1192741	"[""D02AA""]"
209339	"[""N06AA10""]"
904878	"[""N02AE01""]"
312004	"[""C01DA02""]"
1088930	"[""C01EX""]"
199019	"[""C02BA01""]"
199690	"[""D05BB02""]"
206864	"[""A02BA03""]"
206967	"[""N01AX03""]"
206981	"[""M01AE03""]"
207275	"[""C05AE01""]"
207212	"[""A02BC01""]"
207685	"[""N05AB04""]"
996261	"[""R01BA02"", ""R05CA03"", ""R05DA04""]"
996597	"[""N06DX01""]"
997007	"[""C10AA02""]"
997951	"[""A11JA""]"
312891	"[""D01AE12""]"
313101	"[""A01AA04""]"
313456	"[""D07AB09""]"
313936	"[""C10AA06""]"
352321	"[""N06BA09""]"
806637	"[""A09AB01""]"
823879	"[""M01AX05"", ""M01AX25""]"
830795	"[""C08DB01""]"
834243	"[""M04AA03""]"
313185	"[""N06DA01""]"
835960	"[""C01BD01""]"
848151	"[""C09DX01""]"
849080	"[""C10AX06""]"
855205	"[""D06BB11""]"
855664	"[""M01AB05""]"
856562	"[""J05AG02""]"
857410	"[""R01BA01"", ""R06AA04""]"
208183	"[""A11CC02""]"
210095	"[""B03AA07""]"
2107062	"[""D01AE12""]"
211329	"[""D10AE01""]"
211370	"[""B05BA03"", ""V06DC01""]"
2117659	"[""D10AD01""]"
2123387	"[""C10AC04""]"
212549	"[""C08CA01""]"
213543	"[""D07AC01""]"
2173929	"[""R01BA02"", ""R05CA03"", ""R05DA09""]"
213552	"[""G03CA07"", ""G03CC04""]"
213218	"[""A10BX02""]"
486146	"[""C01DA02""]"
540687	"[""H05BX03""]"
562193	"[""B05AA05""]"
605132	"[""R02AD01""]"
858939	"[""R05CA09"", ""R05DA03""]"
858960	"[""R05CA09"", ""R05DA03""]"
859132	"[""G04BE01""]"
859225	"[""R01BA03"", ""R05DA03"", ""R06AB04""]"
1000658	"[""S01EB01""]"
1001574	"[""H03AA01""]"
1006725	"[""S01AB04""]"
1011739	"[""C09XA02""]"
1012745	"[""N01BB03""]"
1014018	"[""J01AA08""]"
1043521	"[""D11AX12""]"
1050098	"[""N01AX03""]"
244541	"[""D01AE12"", ""D10AB02""]"
248244	"[""R01BA03"", ""R05CA03""]"
260394	"[""A01AC04"", ""A07EA01"", ""H02AB06"", ""S03BA02""]"
283406	"[""N06AX11""]"
284244	"[""J01DC08""]"
308121	"[""R03DA05""]"
1658102	"[""J07BC02""]"
1658144	"[""J07BC01""]"
1667692	"[""J01GB03""]"
1721311	"[""J02AC01""]"
1730425	"[""D01AE12""]"
1725046	"[""N01BB01""]"
2102717	"[""N05BA09""]"
1099725	"[""R01BA02"", ""R06AX07""]"
1100052	"[""N02BE01""]"
1112803	"[""B03BA01""]"
544147	"[""J01DD13""]"
546310	"[""R01BA02"", ""R06AB04""]"
577927	"[""S01XA20""]"
860117	"[""R01BA03"", ""R05DA03""]"
860589	"[""R05CA03"", ""R05DA03"", ""R06AX04""]"
1000666	"[""S01EB01""]"
1011648	"[""N01BB08""]"
1014605	"[""N02AJ17""]"
1046266	"[""S01GA01""]"
1046577	"[""D10AB02"", ""D10AE01""]"
1049648	"[""D08AC02"", ""D08AX08""]"
243783	"[""C04AC01"", ""C10AD02""]"
244124	"[""B05BA03""]"
244323	"[""R02AD01""]"
261265	"[""M04AA01""]"
1730213	"[""N02BE01"", ""R06AA09""]"
105641	"[""L02AE03""]"
1741903	"[""B05AA01""]"
1743557	"[""J01DC05""]"
1743729	"[""H02AB04""]"
1115991	"[""R05CA03""]"
1147596	"[""A06AA01""]"
1190552	"[""A03BA01""]"
540391	"[""G03CA57""]"
544351	"[""R01BA03"", ""R06AC01""]"
577040	"[""A12AA04""]"
577090	"[""A11HA03""]"
582043	"[""C10BA01""]"
596928	"[""N06AX21""]"
606730	"[""A02BC05""]"
859128	"[""G04BE01""]"
859193	"[""N04BD01""]"
1000000	"[""C09DX03""]"
1000135	"[""L02AB02""]"
1000994	"[""R01AA05""]"
1001679	"[""A11JB""]"
1012469	"[""N01BB10""]"
1012461	"[""N01BB01""]"
1012982	"[""R06AA08""]"
1037181	"[""B01AE07""]"
1042829	"[""R01BA03"", ""R06AB04"", ""R06AC01""]"
1043567	"[""A10BD10""]"
1014472	"[""N02BE01""]"
104885	"[""A04AD11""]"
1053444	"[""N01BA05""]"
237941	"[""A06AB04""]"
242692	"[""J05AF05""]"
1658303	"[""A12BA01""]"
1659294	"[""J01DD02""]"
1723156	"[""J01GB06""]"
404162	"[""N02BE01""]"
860669	"[""R05CA03"", ""R05DA03""]"
1043605	"[""P03AX05""]"
108515	"[""L04AD02""]"
1658341	"[""N05AX16""]"
1050338	"[""C02AC01""]"
1085945	"[""R06AA02""]"
261342	"[""N06AB04""]"
876553	"[""S01EB09""]"
312298	"[""N05CA01""]"
312694	"[""V08AD03""]"
312791	"[""C02AA01""]"
1089060	"[""R05FA02""]"
198434	"[""N02BE01""]"
198520	"[""N06BC01""]"
198630	"[""B03AA03""]"
199178	"[""B03AA02""]"
2048918	"[""G03CA03""]"
205073	"[""B05XA31""]"
205968	"[""C04AE01""]"
206962	"[""C01EB03"", ""M01AB01""]"
998428	"[""D01AC02""]"
999548	"[""V03AN01""]"
313772	"[""A12CB01""]"
314099	"[""H02AB04""]"
317055	"[""A02AD01""]"
349409	"[""B01AC21""]"
825161	"[""J06BB04""]"
977992	"[""D07AC21""]"
199995	"[""A16AX05""]"
994005	"[""M01AE52""]"
313297	"[""R03DA04""]"
347131	"[""V03AN01"", ""V03AN04""]"
831313	"[""C05AE03"", ""C08DB01""]"
847958	"[""G03GA05""]"
849070	"[""R05CA03""]"
852913	"[""C01BA01""]"
853019	"[""J01FF01""]"
855861	"[""N03AB02""]"
855480	"[""D07AB10""]"
1091072	"[""N01BB08""]"
1091712	"[""R01BA02"", ""R06AA02""]"
1099296	"[""N06AA01""]"
1101339	"[""N02BF01""]"
1112894	"[""A07FA51""]"
1191212	"[""V03AB15""]"
1235747	"[""D07AA02""]"
208318	"[""D07AC08""]"
208980	"[""C02CA01""]"
209062	"[""A11CA01""]"
209638	"[""A11CC05""]"
2102705	"[""L03AA13""]"
210601	"[""P03AC01""]"
2110455	"[""G04BE08""]"
211498	"[""M01AB08""]"
211979	"[""J01DC02""]"
2184110	"[""R06AB02""]"
237378	"[""G01AD01""]"
238014	"[""G02AD04""]"
404628	"[""R06AB01""]"
476679	"[""N02BF01""]"
540407	"[""N05CF04""]"
577634	"[""N05BA12""]"
579314	"[""R05CA03""]"
616283	"[""L01EX01""]"
1001016	"[""S01EB01""]"
1006063	"[""D10AB02"", ""D10AF06""]"
1010567	"[""A05BA01""]"
1010698	"[""R06AA08""]"
1020022	"[""R06AE07""]"
104422	"[""C01DB01""]"
1045353	"[""D10AE01""]"
1046254	"[""S01GA01""]"
1049207	"[""B05XA12""]"
1049898	"[""D04AA32""]"
1052610	"[""D08AJ08""]"
239984	"[""L04AG01""]"
240425	"[""V03AE07""]"
244250	"[""B05AA05""]"
249360	"[""R06AB04""]"
284988	"[""J05AF02""]"
1656650	"[""L04AC02""]"
1658137	"[""A01AA01""]"
1673875	"[""N05CA01""]"
1716099	"[""D05AX02""]"
1115698	"[""J05AH02""]"
1145932	"[""L04AA24""]"
208849	"[""N06AX16""]"
209247	"[""A10BF01""]"
2175697	"[""C05AX04""]"
577212	"[""J05AE09""]"
577799	"[""N02BA03"", ""N07AX02""]"
1006641	"[""P02CC01""]"
105050	"[""N04BC01""]"
1086685	"[""C01EB09""]"
1725702	"[""N01BB01""]"
485485	"[""M03BX02""]"
261345	"[""D01AE14""]"
1794905	"[""B05BB01""]"
1797919	"[""R01AD08""]"
1803896	"[""A10BJ03""]"
1805281	"[""D04AB01"", ""D04AB07""]"
1806712	"[""N02AA05"", ""N07BB04""]"
1807549	"[""B05XA03""]"
1812013	"[""C08CA05""]"
1812079	"[""H02AB02""]"
1860132	"[""A12BA01""]"
1862701	"[""A10BD20""]"
1866540	"[""A01AB02""]"
1875868	"[""N03AX14""]"
1923338	"[""L04AC14""]"
1923430	"[""S01ED01""]"
1923421	"[""G03AA09""]"
1939379	"[""V03AF02""]"
197465	"[""N05BA05""]"
197624	"[""N07BB01""]"
1237099	"[""R01BA02"", ""R06AB04""]"
1237035	"[""N02BE01"", ""R01BA02"", ""R05DA09"", ""R06AA09""]"
1241639	"[""D01AE12""]"
1241720	"[""B03AA02""]"
1242148	"[""D11AX12""]"
1244146	"[""A11DB""]"
1244638	"[""N01AF01""]"
1245981	"[""M09AX01""]"
1246336	"[""C05AD07""]"
1246385	"[""R05DA09""]"
1248347	"[""D01AE12""]"
1248486	"[""R01BA03"", ""R05DB05"", ""R06AB04""]"
1250980	"[""D01AE04""]"
1251334	"[""G03AA05""]"
1293648	"[""N01BB02""]"
1293874	"[""S02CA03""]"
1293983	"[""D04AX""]"
1294313	"[""R01BA03"", ""R06AA02"", ""R06AB01""]"
1294348	"[""R01BA03"", ""R06AA02""]"
1307630	"[""L01EA04""]"
1314399	"[""A11DA01"", ""A11HA01"", ""A11HA02"", ""A11HA04"", ""A11HA30"", ""B03BA01""]"
1356584	"[""N03AX22""]"
1358395	"[""R01BA03"", ""R05CA09""]"
1358460	"[""R01BA02"", ""R05CA03"", ""R05DA09""]"
1359024	"[""G03AA05""]"
1366653	"[""N02BE01"", ""R06AB04""]"
1368312	"[""D01AE12""]"
1370760	"[""D07AB02""]"
1372925	"[""D01AE12"", ""D10AB02"", ""D10AE01""]"
1374397	"[""A07BC04""]"
1376084	"[""L01CD04""]"
1422927	"[""R01BA02"", ""R05DA09""]"
1423416	"[""R01BA03"", ""R05CA03""]"
197782	"[""H02AB09""]"
197841	"[""C01DA08""]"
197940	"[""S01EC05""]"
197948	"[""D05AD02""]"
198021	"[""S01CB01""]"
198207	"[""N05CM05""]"
1431682	"[""D04AB01""]"
1436945	"[""D01AE13""]"
1441185	"[""D07AA02""]"
1483726	"[""R05DA09""]"
1491624	"[""N05CH03""]"
1494174	"[""D10AF06""]"
1534822	"[""A10BJ04""]"
1535855	"[""R05CA03"", ""R05DA09""]"
1537434	"[""D04AB01"", ""D08AJ01""]"
1546217	"[""R03AA01""]"
1551401	"[""J01ED01""]"
1593156	"[""B02BD14""]"
1598339	"[""D08AX08""]"
1599160	"[""D10AB02""]"
1649517	"[""A02AA04"", ""A03AX13"", ""A12AA04""]"
1650282	"[""L03AB07""]"
1806926	"[""A09AA01""]"
1809501	"[""J06BA01""]"
1810270	"[""J01CA04""]"
1812461	"[""N02BE01"", ""R05CA03"", ""R05DA09""]"
1927366	"[""G03AA05""]"
1927639	"[""N06BA01"", ""N06BA02""]"
1941204	"[""R05DB10""]"
1947301	"[""A04AA05""]"
197437	"[""C09BA01""]"
1241621	"[""N02BE01"", ""R06AA02""]"
1242404	"[""C02CA04""]"
1246919	"[""A06AA02"", ""B03AA02""]"
1247453	"[""S01JA01""]"
1250496	"[""N02BA05"", ""N02BE01"", ""N06BC01""]"
1250631	"[""D08AJ01""]"
1292982	"[""D08AX08""]"
1294013	"[""C05AX04""]"
1294330	"[""C05AX04""]"
1294395	"[""N02CA02"", ""N03AA02"", ""N06BC01""]"
1306900	"[""N02AA03""]"
1310939	"[""A06AA01""]"
1358767	"[""R06AB01""]"
1359132	"[""G03AA05""]"
1367834	"[""D11AX12""]"
1368438	"[""A10BD09""]"
141927	"[""N05BA12""]"
1426293	"[""D04AB04""]"
1429367	"[""L04AX04""]"
1430128	"[""N06AB05""]"
1437500	"[""A07DA03""]"
1438494	"[""D08AX05""]"
197540	"[""M04AC01""]"
198084	"[""N03AA02""]"
198139	"[""H03BC01""]"
1486338	"[""A01AA01""]"
1491657	"[""R06AB06""]"
1494781	"[""N03AX11""]"
1535958	"[""R01BA02"", ""R05CA03"", ""R05DA09""]"
1542997	"[""N02AE01""]"
1545716	"[""D04AB01"", ""D08AJ08""]"
1591961	"[""B03XA03""]"
1597269	"[""D01AE12""]"
1605257	"[""G03AC03""]"
1650143	"[""J01AA02""]"
1246252	"[""R05DA09""]"
1300401	"[""J07AF01"", ""J07AM01""]"
1737461	"[""M05BA03""]"
1738807	"[""N06AB05""]"
1741049	"[""L04AF01""]"
1742229	"[""B05AA01""]"
1791736	"[""L01BC02""]"
1797898	"[""R01AC08""]"
1799310	"[""L01DB01""]"
1863565	"[""M09AX07""]"
1867596	"[""N01BB01""]"
1871461	"[""N06BA12""]"
1918209	"[""R03AK06""]"
1235313	"[""C03BA04""]"
1242251	"[""A07BC01""]"
1245977	"[""M09AX01""]"
1251004	"[""D01AE04""]"
1251566	"[""D01AE12""]"
1251905	"[""C03CC01""]"
1293036	"[""A03BB03"", ""R06AB04""]"
1298834	"[""C04AA01""]"
1304254	"[""A01AA01""]"
1356778	"[""R01BA02"", ""R05CA03"", ""R05DA09""]"
1356868	"[""R01BA02"", ""R06AB01""]"
1357859	"[""R01BA01"", ""R05DA09"", ""R06AB01""]"
1363223	"[""R01BA02"", ""R05CA03""]"
1372490	"[""D08AJ08""]"
197602	"[""N02BA11""]"
197659	"[""G03CA03""]"
197684	"[""M01AB08""]"
197691	"[""A02BA03""]"
197978	"[""C03BA08""]"
1540246	"[""D10AF51""]"
1540361	"[""S01KA02""]"
1606291	"[""N02BE01"", ""R05CA03"", ""R05DA09""]"
1649908	"[""G03CA03""]"
260005	"[""C05AX04""]"
307731	"[""D10AD03""]"
1727722	"[""C05AX04""]"
1733853	"[""C05AX04""]"
1734207	"[""N01BB09""]"
1736931	"[""H05BX02""]"
1737244	"[""J01FF01""]"
1791500	"[""L01DB06""]"
1801279	"[""C10AC01""]"
1860502	"[""R05DA03""]"
1861411	"[""L01CD02""]"
1868016	"[""L04AX05""]"
1871459	"[""N06BA12""]"
1926461	"[""M02AB01""]"
197507	"[""A02BA01""]"
1245443	"[""C01AA05""]"
1246340	"[""R05DA09""]"
1248210	"[""A12BA05""]"
1251190	"[""A06AD11""]"
1251476	"[""A03AX13""]"
1294033	"[""D04AB07""]"
1297542	"[""V01AA07""]"
1297932	"[""R01BA03"", ""R05DA03"", ""R06AA02""]"
1297983	"[""R01BA02"", ""R06AA02""]"
1299159	"[""H03AA01""]"
1299251	"[""C01BG01""]"
1311810	"[""M02AB01"", ""N01BX04""]"
1313887	"[""N03AB02""]"
1358835	"[""N02BE01""]"
1361041	"[""B01AB01""]"
1362080	"[""D01AE04""]"
1365688	"[""D08AE05""]"
1367381	"[""R01BA02"", ""R06AX12""]"
1368640	"[""A01AA01""]"
1369784	"[""M03BX01""]"
1425181	"[""A02AC01""]"
1435514	"[""A01AA01""]"
197826	"[""G01AC01""]"
197959	"[""C02LB01""]"
198195	"[""C02AA04""]"
1543709	"[""P03AX05""]"
1545703	"[""M02AB01""]"
1649495	"[""C01EB17""]"
1374776	"[""R06AA08""]"
1488304	"[""B02BD11""]"
1597123	"[""G03BA03""]"
1425854	"[""N06BA02""]"
1534829	"[""S01KA01""]"
1653155	"[""N02BA03"", ""R01BA03"", ""R05CA03""]"
1358007	"[""D10AE01""]"
197589	"[""N05BA01""]"
1484873	"[""J01CE09""]"
1591973	"[""B03XA03""]"
1594759	"[""L01BA01"", ""L04AX03""]"
153665	"[""C09CA04""]"
668995	"[""R01BA02"", ""R05DA09"", ""R06AB04""]"
730872	"[""C09DB02""]"
672569	"[""N05AX13""]"
668566	"[""D02AE01""]"
721787	"[""N06CA03""]"
749858	"[""G03AA05""]"
795772	"[""N03AX09""]"
725080	"[""N06CA03""]"
753603	"[""A02BC01""]"
861086	"[""A06AC06""]"
861650	"[""C10AA08""]"
885735	"[""C08CA03""]"
896245	"[""R03AK06""]"
897071	"[""N04BD01""]"
966280	"[""H03AA01""]"
1995536	"[""N02AA08"", ""N02BE01"", ""N06BC01""]"
800033	"[""B05BA01""]"
728659	"[""R01AA04"", ""S01FB01"", ""S01XA20""]"
748987	"[""G03AC01""]"
756219	"[""R06AB05"", ""R06AC01""]"
800061	"[""B05DB""]"
892099	"[""P02BA01"", ""P02CC01""]"
904477	"[""C10AA03""]"
966197	"[""H03AA01""]"
992438	"[""R06AD02""]"
892255	"[""H03AA01""]"
310796	"[""C09BA06""]"
312444	"[""J01CA12""]"
199184	"[""B03BA01""]"
204636	"[""A12AA04""]"
205121	"[""A06AG06""]"
207366	"[""N06BA05""]"
996273	"[""R01BA02"", ""R05CA03"", ""R05DA04""]"
997016	"[""R01BA02"", ""R05CA03"", ""R05DA04""]"
998713	"[""N02BE01"", ""N06BC01""]"
313188	"[""N06DA01""]"
359008	"[""D02AE01""]"
801192	"[""R01BA03"", ""R06AC01""]"
805012	"[""L03AB10""]"
884077	"[""D07AA02""]"
744980	"[""C05AD03""]"
966464	"[""H03AA01""]"
311265	"[""N03AX09""]"
758864	"[""D07AA02""]"
904807	"[""D10AE01""]"
991039	"[""N05AA01""]"
308606	"[""N05BC01""]"
310353	"[""J02AC01""]"
311904	"[""A14AB01""]"
1088846	"[""R01BA03"", ""R06AA02""]"
312056	"[""A07AA02""]"
315231	"[""N05AC02""]"
351524	"[""S02DA03""]"
352120	"[""A16AX04""]"
831349	"[""C08DB01""]"
798429	"[""J07BC01""]"
892789	"[""C02AC01"", ""N02CX02""]"
903305	"[""H03AA02""]"
903849	"[""N07AA02""]"
93181	"[""R03DA01""]"
967021	"[""D06BB10""]"
205022	"[""A02AD01""]"
206552	"[""C03AA02""]"
997502	"[""R06AX26""]"
313402	"[""J01CA13""]"
310892	"[""S01BA02""]"
629362	"[""D10AE01""]"
642346	"[""A07BC04""]"
700883	"[""L01AX03""]"
727452	"[""A01AB23"", ""J01AA08""]"
727714	"[""L04AC03""]"
665111	"[""R01BA02"", ""R05DA09"", ""R06AB04""]"
724895	"[""C09DB01""]"
725938	"[""R05CA03"", ""R05CA09""]"
746686	"[""J01AA02""]"
749881	"[""G03AA05""]"
753476	"[""G03AA05""]"
756059	"[""N05AN01""]"
796413	"[""A06AB06""]"
753108	"[""D01AE15"", ""D01BA02""]"
756363	"[""R03DA04""]"
762667	"[""J01MA12""]"
892798	"[""N01BA05""]"
898578	"[""J06BB01""]"
966172	"[""H03AA01""]"
966987	"[""A02BA01""]"
1992695	"[""A10BD23""]"
2049283	"[""N02BE01"", ""R01BA02"", ""R05DA09"", ""R06AB04""]"
748865	"[""G03AA07""]"
731526	"[""G03BA02"", ""G03EK01""]"
861355	"[""D07AD01""]"
866506	"[""C07BB02""]"
899487	"[""N06BA11""]"
899863	"[""D02AB""]"
902633	"[""D04AA32"", ""M01AE01"", ""M01AE14"", ""M02AA13"", ""R06AA02""]"
904575	"[""M05BA01""]"
991553	"[""C09BA06""]"
900641	"[""S01GA01""]"
904541	"[""C10AA03""]"
966603	"[""C02AA02"", ""C02DB02""]"
308206	"[""A07AA07"", ""J01AA07""]"
308310	"[""N02BE01""]"
309141	"[""M03BA04"", ""N02BA05"", ""N02BE03"", ""N06BC01""]"
309421	"[""R05CA03"", ""R05DA04"", ""R06AB05""]"
310146	"[""C01DA13""]"
310991	"[""M01AB01""]"
311646	"[""V03AB17"", ""V04CG05""]"
312000	"[""C01DA02"", ""C05AE01""]"
1088245	"[""A06AA02""]"
200049	"[""D11AX12""]"
2046597	"[""N07BC04""]"
206765	"[""C09AA03""]"
997284	"[""R05DA04""]"
314216	"[""A03AX13""]"
347690	"[""S02CA03""]"
668350	"[""D07AB08""]"
866491	"[""C07BB02""]"
891876	"[""N02AA01""]"
309469	"[""N02BE01"", ""N06BC01"", ""R05DA04""]"
310928	"[""B03BA03"", ""V03AB33""]"
311663	"[""N05CE02""]"
763474	"[""G04BE01""]"
905411	"[""C02AA02"", ""C02DB02"", ""C03AA03""]"
991685	"[""J01ED01""]"
312010	"[""C01DA02""]"
313903	"[""R01BA01"", ""R06AB04""]"
404168	"[""D01AE18""]"
894875	"[""D11AX22""]"
308291	"[""N02BA01"", ""N02BA05"", ""N02BE01"", ""N06BC01""]"
310910	"[""A01AB02"", ""R02AA15""]"
2003796	"[""N03AX09""]"
617624	"[""A01AA01""]"
656838	"[""A01AA01""]"
706467	"[""G03CA03""]"
749813	"[""H01CB03""]"
755546	"[""R01BA03"", ""R05DA04"", ""R06AB04""]"
750090	"[""A01AA04""]"
728481	"[""M02AB01""]"
705816	"[""B03AA02""]"
762970	"[""C10AD52""]"
762424	"[""D01AE18""]"
800105	"[""B05BA01""]"
861497	"[""D07AD01""]"
884655	"[""N06BA01""]"
993770	"[""N02AJ06""]"
309081	"[""J01DC10""]"
312242	"[""N06AB05""]"
860984	"[""A10BA02""]"
884375	"[""D01AA01""]"
992783	"[""G01AF04""]"
993344	"[""V03AB20""]"
310310	"[""B03AA02""]"
310413	"[""G03GA05""]"
310871	"[""D07AA02"", ""G01AC01""]"
1088869	"[""B03AA07""]"
1090463	"[""R05DA09"", ""R06AB01""]"
1091187	"[""N06BA04""]"
198297	"[""M01AB03""]"
198895	"[""A11GA01""]"
1996298	"[""N01BB09""]"
1996291	"[""N01BB09""]"
200346	"[""J01DD15""]"
205641	"[""A04AD10""]"
349516	"[""N02BA01""]"
352131	"[""S01KA01""]"
824178	"[""J01CA04""]"
829764	"[""B05XA05""]"
897855	"[""C09BB10""]"
902515	"[""D08AX08""]"
991055	"[""N05AA01""]"
891479	"[""A12CB01""]"
309851	"[""N01BX01""]"
892603	"[""N02AA01""]"
198269	"[""L01BB03""]"
198466	"[""N02BA01""]"
199146	"[""D10AE01""]"
200371	"[""N06AB04""]"
315181	"[""A12BA01"", ""B05XA01""]"
6574	"[""A12CC""]"
636337	"[""V06DD""]"
702055	"[""C10AB05""]"
670615	"[""R05CA03""]"
729440	"[""H03BB02""]"
762334	"[""G03AA09""]"
762390	"[""J01AA02""]"
992759	"[""S01FA05""]"
993075	"[""R05DA04"", ""R06AD02""]"
198230	"[""J01EB02""]"
730905	"[""A11GA01""]"
791949	"[""J01CA04""]"
883706	"[""C01DX19""]"
892079	"[""B03BA01""]"
902738	"[""N02AA03""]"
903841	"[""N07AA02""]"
94406	"[""J01CA04""]"
966156	"[""H03AA01""]"
966185	"[""H03AA01""]"
966227	"[""H03AA01""]"
993300	"[""P02CC01""]"
308242	"[""A09AA01""]"
309686	"[""H02AB02""]"
309872	"[""J05AF02""]"
312792	"[""C02AA01""]"
1087609	"[""N02BE01""]"
1087757	"[""H02AB02""]"
311971	"[""A11HA01"", ""R05CA02""]"
198531	"[""A02AC01"", ""A12AA04""]"
198635	"[""B03AA07""]"
1988416	"[""D01AE18""]"
199842	"[""A11GA01""]"
204461	"[""M03AA04""]"
204474	"[""C02DA01""]"
205918	"[""B03XA01""]"
206286	"[""D07AA02""]"
999731	"[""A02AA02"", ""A06AD02"", ""A12CC10"", ""M03BX08""]"
314933	"[""C05AD03"", ""C05BB05"", ""N01BA05"", ""N01BX03""]"
801035	"[""B05BA01""]"
894914	"[""N02AA01""]"
198286	"[""C07AA06""]"
352096	"[""A02AC01"", ""A12AA04""]"
830655	"[""B05BA01""]"
198444	"[""N02BE01""]"
198490	"[""R02AD01""]"
198547	"[""A12AA03""]"
199362	"[""A11CC05""]"
204801	"[""B02BC09""]"
205336	"[""A01AB02""]"
205368	"[""D05AC01""]"
205904	"[""D01BA01""]"
206109	"[""J01FA01""]"
206184	"[""J01CF02""]"
206819	"[""N05BA06""]"
995416	"[""N05BB01""]"
349595	"[""N06BA09""]"
351910	"[""G03BA03""]"
807391	"[""B05BB02""]"
809353	"[""N03AA02""]"
827689	"[""R07AX01""]"
831102	"[""C08DB01""]"
831267	"[""R03BC01""]"
832739	"[""A12BA01""]"
834156	"[""D08AC02""]"
835593	"[""N06AA02""]"
314905	"[""N02BE01"", ""R05DA04""]"
805379	"[""J07AM51""]"
830684	"[""B05BA01""]"
845518	"[""L01EG02""]"
848166	"[""N02BA01""]"
849572	"[""J01EA01"", ""J01EC01""]"
855306	"[""B01AA03""]"
855929	"[""N03AA02"", ""N03AB02""]"
856538	"[""C07AA05""]"
207662	"[""C04AC01"", ""C10AD02""]"
209459	"[""N02BE01""]"
2099522	"[""S01JA01""]"
210141	"[""D01AE12""]"
210592	"[""B03AA02""]"
210828	"[""A02AD01""]"
2108920	"[""D04AB01""]"
2110516	"[""R03AK06""]"
2118713	"[""A06AB06""]"
2121105	"[""P02CF01""]"
2121931	"[""M02AC""]"
212240	"[""D06AX05""]"
212246	"[""D04AB04""]"
212573	"[""R01BA01"", ""R05CA03""]"
213528	"[""S02CA03""]"
213635	"[""S01CA03""]"
2178934	"[""N02BE01"", ""R03CA02"", ""R05CA03"", ""R06AB04""]"
1091163	"[""N06BA04""]"
1091153	"[""N06BA04""]"
1091879	"[""M01AC06""]"
1098674	"[""N06AX06""]"
1098891	"[""R01BA02"", ""R05CA03""]"
1113388	"[""R01BA02"", ""R06AB04""]"
1114385	"[""D08AX01"", ""D11AX25""]"
1116731	"[""D02AA""]"
1117759	"[""J06BB01""]"
1147235	"[""D04AB01""]"
351706	"[""D07BA""]"
852869	"[""A01AB22"", ""J01AA02""]"
207841	"[""J05AF02""]"
1148253	"[""S01KA02""]"
1149658	"[""D08AG02""]"
1150296	"[""M01AX25""]"
1189106	"[""H03AA01""]"
1190639	"[""A03BA01"", ""A07DA01""]"
1234393	"[""D07XA01""]"
1234586	"[""R01AA04""]"
1234581	"[""R01AA04""]"
404420	"[""N06AB10""]"
417545	"[""P03AX05""]"
486955	"[""J01FA01""]"
542379	"[""J01AA06""]"
543018	"[""A09AB04"", ""B05CB02""]"
545096	"[""P03AB02""]"
546975	"[""R05FB02""]"
562776	"[""R01BA01"", ""R06AB04""]"
562781	"[""S01BA04"", ""S01CB02"", ""S03BA02""]"
597195	"[""L01XA02""]"
597667	"[""D10AE01""]"
605818	"[""N07BA01""]"
857734	"[""R01BA03"", ""R05DA03"", ""R06AB04""]"
858735	"[""A05AA02""]"
859048	"[""N04BC05""]"
859137	"[""R01BA03"", ""R05DA03"", ""R06AB04""]"
860441	"[""A07AA09"", ""J01XA01""]"
1005789	"[""D10AB02"", ""D10AF06""]"
1010038	"[""G03BA03""]"
1012705	"[""N01BB04""]"
1012779	"[""N01BB03""]"
1012729	"[""R01BA02"", ""R05DA03"", ""R06AA08""]"
1014024	"[""J01AA08""]"
1014678	"[""R06AE07""]"
1038787	"[""V06DC01""]"
1037274	"[""N02BE01""]"
1039923	"[""D07AA02"", ""D07XA01""]"
1044988	"[""A11HA05""]"
1044910	"[""D08AC02"", ""D09AA12""]"
1047926	"[""A03BA03""]"
1050493	"[""G03AA12""]"
1053334	"[""D10AB02""]"
1053618	"[""R01BA52""]"
1085633	"[""D07AB09""]"
1085779	"[""D07AB09"", ""D07XB02""]"
2196491	"[""J06BA01""]"
250494	"[""N02BE01""]"
259711	"[""B03BA01"", ""B03BA05""]"
261266	"[""A10BG03""]"
1654645	"[""D08AX08""]"
1661424	"[""B05XA03""]"
1666615	"[""M03BX01""]"
211816	"[""J01MA12""]"
1112220	"[""R01BA02"", ""R05DA03"", ""R06AB04""]"
1114085	"[""M05BA08""]"
1117090	"[""S01AA03"", ""S01AA32""]"
859356	"[""R05CA03"", ""R05DA03""]"
1038754	"[""A01AA01""]"
1046238	"[""M01AX05"", ""M01AX25""]"
1086453	"[""H02AB08""]"
243638	"[""R01BA01""]"
1656318	"[""J01DD01""]"
1665057	"[""C08DA01""]"
1666309	"[""B02BD04""]"
1039248	"[""R02AD01""]"
1721473	"[""J01CA01""]"
1722333	"[""M01AE01"", ""M01AE14""]"
1729393	"[""N06BC01""]"
1732122	"[""D01AC08"", ""D08AC02"", ""D09AA12""]"
1731537	"[""N02AA01""]"
1734921	"[""L01AA01""]"
1736474	"[""B01AC16""]"
1011766	"[""D04AB01"", ""N01BB02""]"
1012741	"[""N01BB03""]"
1039811	"[""D08AX08""]"
1047935	"[""A03BA03""]"
1053626	"[""R01BA02"", ""R06AB04""]"
834768	"[""G03AA09""]"
485436	"[""J05AF10""]"
1000097	"[""N06AA12""]"
252592	"[""N01BA03""]"
312673	"[""A03AB05""]"
198503	"[""D10AE01""]"
199885	"[""J01MA12""]"
2003464	"[""D02AB""]"
205218	"[""G04BA01""]"
205924	"[""B03XA01""]"
207198	"[""H01CB02""]"
207214	"[""G03BA02"", ""G03EK01""]"
313149	"[""D10AB02""]"
351228	"[""G03CA57""]"
371160	"[""N01BB01""]"
809854	"[""C09BA06""]"
845960	"[""D10AE01""]"
806298	"[""N05AX08""]"
847627	"[""B05BB01""]"
847935	"[""L03AB05""]"
849391	"[""N04BB01""]"
856696	"[""M03CA01""]"
857687	"[""R03CC03""]"
857109	"[""N02BE01"", ""R05DA03""]"
209397	"[""N02BE01""]"
211058	"[""A02AD02""]"
211394	"[""N02BA03"", ""N07AX02""]"
212218	"[""B03XA01""]"
213487	"[""A10BF02""]"
2166401	"[""R07AX02""]"
2173832	"[""R01BA02"", ""R05CA03"", ""R05DA09""]"
2173946	"[""R05DA09"", ""R06AB06""]"
237735	"[""A11HA03""]"
1089738	"[""A11CC05"", ""A11HA03""]"
1091325	"[""A11HA03"", ""A16AA01"", ""C01EB09""]"
1091379	"[""N06BA04""]"
1092466	"[""R06AA02""]"
1094911	"[""J01CE09""]"
1116195	"[""R03CA02""]"
1116266	"[""N03AA02"", ""R03DA04""]"
1193110	"[""A12BA04""]"
209130	"[""R03DA01"", ""R05CA03""]"
2101459	"[""L03AA02""]"
2117976	"[""D08AH30"", ""D09AA10""]"
1115759	"[""D04AB01"", ""D06AX05"", ""N01BB02""]"
310818	"[""C03EA01""]"
1090048	"[""D01AE12""]"
1989109	"[""R03DX10""]"
1989815	"[""B02BX06""]"
1993224	"[""N01BB04""]"
1994352	"[""J07BC01""]"
2046644	"[""L01XG02""]"
2047646	"[""D07AC21""]"
205168	"[""L04AD01""]"
207232	"[""S01ED04""]"
996633	"[""N06DX01""]"
997012	"[""P01BC01""]"
313361	"[""N05AF04""]"
314032	"[""P01BX01""]"
315170	"[""G04BX06""]"
315184	"[""A12BA05""]"
347145	"[""J07AM01""]"
351256	"[""C03DA04""]"
352045	"[""B03XA02""]"
352349	"[""A01AA01""]"
371226	"[""B05XA19""]"
404011	"[""C10BX03""]"
801451	"[""B05BB02""]"
826131	"[""A08AA01""]"
845992	"[""D10AE01""]"
207250	"[""R03DA02""]"
2058928	"[""L01BC05""]"
358929	"[""N05AH02""]"
805462	"[""N07XX06""]"
836338	"[""R06AX13""]"
825425	"[""B02BX05""]"
854873	"[""N05CF02""]"
856429	"[""C07BA05""]"
856962	"[""N02AJ22""]"
857237	"[""N02AD01""]"
857338	"[""N07AB02""]"
858726	"[""D08AC02""]"
208182	"[""R03DA04""]"
2105800	"[""J01CA04""]"
210779	"[""A11GA01"", ""B03AA07""]"
211691	"[""A02BC01""]"
2122790	"[""R01BA01"", ""R05CA03""]"
213800	"[""R03CC02""]"
213823	"[""J01DB05""]"
214101	"[""M03BB03""]"
2175891	"[""N06BA01""]"
2196297	"[""J06BA01""]"
1099659	"[""R01BA53""]"
1101729	"[""D11AC"", ""D11AX12""]"
1112895	"[""A07BC01"", ""A07FA51""]"
2056748	"[""S01EE01""]"
209359	"[""N02BE01""]"
210753	"[""A02AB01""]"
1232088	"[""B01AF01""]"
404630	"[""S02CA06""]"
476137	"[""D08AJ08""]"
476556	"[""J05AR03""]"
562847	"[""A16AA06""]"
604669	"[""R01BA53""]"
858763	"[""R01BA03"", ""R05DA03"", ""R06AB04""]"
858784	"[""C01EB16"", ""M01AE01"", ""R05DA03""]"
858795	"[""R01BA03"", ""R05DA03"", ""R06AB04""]"
858854	"[""R01BA03"", ""R05DA03"", ""R06AB04""]"
860525	"[""C07AG02""]"
1000122	"[""G03AC06"", ""G03DA02"", ""L02AB02""]"
1010218	"[""G03BA03"", ""G03CA03""]"
1011814	"[""N01BB02""]"
1012388	"[""N01BB01""]"
1012626	"[""R01BA02"", ""R06AA08""]"
104096	"[""A02BA04""]"
1042815	"[""D01AE12""]"
1043322	"[""D09AA11""]"
104367	"[""C02CA04""]"
1044290	"[""R01AA04""]"
1045299	"[""D01AE18""]"
1053661	"[""N02AB03""]"
106309	"[""D10AE01""]"
108514	"[""L04AD02""]"
1052422	"[""D10AE01""]"
240754	"[""L01BB04""]"
241864	"[""N02BE01""]"
244981	"[""A12CC03""]"
252115	"[""P03AX05""]"
259029	"[""M01AX05""]"
261097	"[""B01AC16""]"
261179	"[""D01AA01""]"
261322	"[""J05AF02""]"
1719015	"[""L01BC05""]"
1724790	"[""N01BB01""]"
1737459	"[""M05BA03""]"
209204	"[""A10BB03"", ""V04CA01""]"
1112791	"[""R05DA09"", ""R06AB04""]"
616798	"[""D04AB04"", ""D08AX08""]"
859749	"[""C10AA07""]"
1006710	"[""S01AB04""]"
1012556	"[""R01BA02"", ""R06AA08""]"
1012970	"[""R05DA09"", ""R06AA08""]"
1039681	"[""N01BX04""]"
1046631	"[""R05FB02""]"
1048963	"[""N02BE01""]"
1049425	"[""D01AE12""]"
1085944	"[""D10AB02""]"
243459	"[""A02AD01""]"
245135	"[""N02AB03""]"
284591	"[""N06AB04""]"
308112	"[""R03DA05""]"
1721082	"[""M09AX01""]"
1737764	"[""C01BB01""]"
1670200	"[""N03AB05""]"
1743726	"[""H02AB04""]"
1114098	"[""D02AX""]"
1114019	"[""D01AE12""]"
1114376	"[""D08AX01""]"
413248	"[""D08AE04"", ""D09AA06""]"
416206	"[""D10AE01""]"
540335	"[""N04BA02""]"
581531	"[""J01AA12""]"
581901	"[""D02AE01""]"
596926	"[""N06AX21""]"
607091	"[""D02AE01""]"
858978	"[""R01BA02"", ""R05CA09"", ""R05DA03""]"
859751	"[""C10AA07""]"
1013619	"[""R01BA03"", ""R06AB04""]"
104094	"[""A02BA03""]"
1049093	"[""D08AJ08""]"
1049551	"[""R01BA02""]"
1050123	"[""D01AE12""]"
1053652	"[""N02AB03""]"
105648	"[""L03AC01""]"
1086309	"[""D10AB02""]"
240000	"[""B03XA01""]"
242668	"[""A11GA01"", ""B03AE""]"
244557	"[""D04AB04""]"
251407	"[""D01AE12"", ""D11AF""]"
261207	"[""J05AE05""]"
261247	"[""H05BX03""]"
261295	"[""C10AB05""]"
284199	"[""A02AC01"", ""A12AA04""]"
284283	"[""A06AB02""]"
1654041	"[""C01EB10""]"
1656293	"[""D10AE01""]"
1657771	"[""J07AF01"", ""J07AM01""]"
1665679	"[""M01AB15""]"
1666542	"[""J01AA02""]"
1666823	"[""N05CD08""]"
1719240	"[""B02BD13""]"
435191	"[""A01AA01""]"
562101	"[""V08AC06""]"
616913	"[""R01BA03"", ""R05DB05"", ""R06AB04""]"
1001000	"[""S01EB01""]"
1043619	"[""A01AB""]"
1086253	"[""H02AB08""]"
242814	"[""A01AB04"", ""A01AB13"", ""A07AA07"", ""J01AA07"", ""J02AA01""]"
260375	"[""J01EB05""]"
284465	"[""G03GA01"", ""G03GA08""]"
307684	"[""N02BE01""]"
1653470	"[""N06AX24""]"
1659656	"[""J05AE03""]"
433799	"[""N05BA12""]"
309542	"[""H02AB10""]"
199143	"[""C10AD02""]"
1992536	"[""J06BB05""]"
1992700	"[""A10BD23""]"
200031	"[""C07AG02""]"
204735	"[""A11GA01"", ""B03AA02""]"
206755	"[""H02AB07""]"
206886	"[""M01AE01""]"
312885	"[""D11AC"", ""D11AX12""]"
391873	"[""A02BC05""]"
403921	"[""J01MA02""]"
803369	"[""J07BC01""]"
809317	"[""D10AE01""]"
826915	"[""A08AA01""]"
828248	"[""H02AB10""]"
828355	"[""M03BX08""]"
830877	"[""C08DB01""]"
832082	"[""M03AC01""]"
833530	"[""C01BD01""]"
835570	"[""N06AA02""]"
847466	"[""N05AA02""]"
849520	"[""H01BA02""]"
855182	"[""G04BD07""]"
848744	"[""N05AX14""]"
1092454	"[""D04AA32""]"
1095689	"[""D01AE12"", ""D11AF""]"
1111457	"[""R02AA19""]"
1116271	"[""N03AA02"", ""R03CA02""]"
1147823	"[""R05DA09""]"
1191058	"[""N05BA09""]"
1191187	"[""C07AA23""]"
1234256	"[""C07AG01""]"
208057	"[""N02BA06""]"
208080	"[""C03CA04""]"
208603	"[""D10AE01""]"
209028	"[""N03AX10""]"
209285	"[""G01AG02""]"
209609	"[""A06AB02""]"
209909	"[""N02BE01""]"
2099302	"[""D11AH05""]"
210025	"[""A02AA04"", ""A02AB01"", ""G04BX01""]"
211199	"[""B01AC09""]"
213395	"[""L03AA09""]"
404131	"[""D10AE01""]"
476809	"[""N06AX11""]"
602737	"[""N06DA04""]"
616148	"[""J05AF09""]"
616918	"[""R01BA03"", ""R05DB05""]"
857301	"[""N06AA04""]"
857685	"[""R03CC03""]"
858116	"[""M01AE04""]"
859139	"[""R01BA03"", ""R05DA03"", ""R06AB04""]"
859797	"[""R01BA02"", ""R05CA03"", ""R05DA03""]"
859865	"[""J05AE01""]"
860743	"[""C05AD03"", ""R06AA10""]"
1001020	"[""R01AA05""]"
1006729	"[""S01AB04""]"
1009216	"[""B01AC09""]"
103456	"[""D07AC08""]"
1037240	"[""N02BE01""]"
1037424	"[""R01BA02"", ""R06AA08""]"
104491	"[""C10AA01""]"
1045541	"[""R05DA09""]"
1045553	"[""R01BA01"", ""R06AB05"", ""R06AC01""]"
238271	"[""B06AA03""]"
240376	"[""N02AX03""]"
261962	"[""C09AA05""]"
1723210	"[""N01AH02""]"
1189629	"[""B05BB02""]"
213321	"[""N02CC04""]"
213914	"[""R01BA01"", ""R06AB04""]"
2179758	"[""L01FD01""]"
2186001	"[""D04AX"", ""P03AX05""]"
859745	"[""M03AC03""]"
1000895	"[""D10AF06""]"
1039003	"[""D08AE05""]"
1053427	"[""D01AE12""]"
282708	"[""R02AA19""]"
1005858	"[""D10AB02"", ""D10AF06""]"
1730928	"[""C01CA19""]"
1732165	"[""M03AX01""]"
1659600	"[""J01CR04""]"
603724	"[""N02BE01""]"
103919	"[""C10AA04""]"
1737562	"[""C01BB01""]"
1741944	"[""R05CA03"", ""R05DA09""]"
1793145	"[""B02BC06""]"
1796673	"[""V03AB14""]"
1799890	"[""B05BA02""]"
1801289	"[""N06AX12""]"
1805422	"[""N06DA52""]"
1807516	"[""J01XA01""]"
1809083	"[""J01EE01""]"
1809643	"[""J06BA01""]"
1809636	"[""R01BA03"", ""R06AA02""]"
1810789	"[""A02BC05""]"
1864958	"[""C05AD03""]"
1925504	"[""A10BD21""]"
197381	"[""C07AB03""]"
197481	"[""R01BA01"", ""R05CA03"", ""R06AB04""]"
1235200	"[""S01GA01""]"
1236395	"[""N02BE01"", ""R01BA02"", ""R05DA09"", ""R06AA09""]"
1242779	"[""R01AX""]"
1243585	"[""S01BC04""]"
1246618	"[""M09AX01""]"
1250569	"[""R02AD01""]"
1292342	"[""N02BE01"", ""R05DA09"", ""R06AB04""]"
1294353	"[""C05AD07"", ""D04AB07""]"
1297366	"[""R01BA02"", ""R05DA03"", ""R06AB04""]"
1297755	"[""C07AB05""]"
1298339	"[""R01BA02"", ""R05CA03"", ""R05DA09""]"
1298906	"[""N05AE02""]"
1299254	"[""R01BA02"", ""R05CA03"", ""R05DB10""]"
1299873	"[""C09BA13""]"
1299871	"[""C09BA13""]"
1300436	"[""R05CA03"", ""R05DB05""]"
1303797	"[""R05DA09"", ""R06AB06""]"
1306898	"[""N02AA03""]"
1308373	"[""R05CA03""]"
1311206	"[""D01AE12""]"
1356349	"[""R01BA02"", ""R05CA03""]"
1357888	"[""H02AB04""]"
1359097	"[""C01EB16"", ""M01AE01""]"
1362029	"[""B01AB01""]"
1367319	"[""R05FB02""]"
1367416	"[""A11CC01""]"
1370748	"[""D07AB11""]"
1422494	"[""R01BA01"", ""R05CA03"", ""R05DA09""]"
1424446	"[""R05FB02""]"
197900	"[""N05BA06""]"
197963	"[""C02LB01""]"
198148	"[""H02AB07""]"
1433630	"[""B01AC06"", ""N02BA01"", ""N02BA51""]"
1433734	"[""D01AE22""]"
1483199	"[""D04AB04"", ""D08AJ01""]"
1486841	"[""J05AJ01""]"
1486846	"[""D01AC02""]"
1487361	"[""L03AX13""]"
1487770	"[""D04AB01""]"
1489373	"[""D07AA02"", ""D07XA01""]"
1495202	"[""D01AC08"", ""D08AC02"", ""D09AA12""]"
1537340	"[""D04AA32"", ""D07AA02"", ""D07XA01""]"
1543754	"[""M02AB01"", ""N01BX04""]"
1547775	"[""S01HA03""]"
1596778	"[""A07EA06""]"
1598322	"[""V06DC01""]"
1600520	"[""A03BA03"", ""G04BX12"", ""J01XX05""]"
1648201	"[""N06BA04""]"
1648997	"[""D07AB09""]"
1242891	"[""A06AG04"", ""A06AX01""]"
1546702	"[""N02BE01"", ""R06AB06""]"
1806177	"[""N06BA04""]"
1807518	"[""J01XA01""]"
1809503	"[""J06BA01""]"
1810578	"[""M09AX06""]"
1939382	"[""N02BE01"", ""R05DA09""]"
1944704	"[""L01FX02""]"
197313	"[""J05AB01""]"
197371	"[""D05AC01""]"
1236122	"[""N02AA08"", ""R05CA03""]"
1247251	"[""D04AB07""]"
1248056	"[""R05FB02""]"
1248360	"[""R06AA02""]"
1292887	"[""C01CA04""]"
1297354	"[""A01AD05"", ""B01AC06"", ""N02BA01"", ""R01BA02""]"
1298288	"[""N02BE01"", ""R01BA02"", ""R05DA09""]"
1299021	"[""R01BA02""]"
1299675	"[""R03AB02""]"
1300293	"[""L03AX14""]"
1300539	"[""R05FB02""]"
1302428	"[""N02BE01"", ""R05CA03"", ""R06AB04""]"
1302801	"[""N02BE01"", ""N06BC01""]"
1305268	"[""C01CA24""]"
1305603	"[""R05CA03""]"
1362065	"[""B01AB01""]"
1363306	"[""R06AB04""]"
1364515	"[""J04AK05""]"
1366736	"[""D08AC02""]"
1369960	"[""A07BC01"", ""A07BC02""]"
1370433	"[""R05CA03""]"
1370686	"[""R06AB02""]"
1370758	"[""D07AB02""]"
1375960	"[""V06DC01""]"
1423779	"[""R05CA03"", ""R05DA09""]"
1430059	"[""M02AB01"", ""N01BX04""]"
198186	"[""P01BC01""]"
1442145	"[""D10AB02"", ""D10AF06""]"
1486801	"[""G03AA05""]"
1487080	"[""D11AC"", ""D11AX12""]"
1487500	"[""J05AP01""]"
1493160	"[""D08AJ01""]"
1484963	"[""B01AD12"", ""B02BD04"", ""B02BD05"", ""B02BD13""]"
1537012	"[""N02BA01""]"
1543735	"[""G03AC03"", ""G03AD01""]"
1549085	"[""D11AX22""]"
1595997	"[""D06AX07"", ""D07AC01"", ""D07XC01""]"
1600378	"[""R02AD01""]"
1602588	"[""N06DA52""]"
1605695	"[""D04AB01"", ""N01BB02""]"
1648647	"[""N05AH04""]"
1648755	"[""J01XE01""]"
1653049	"[""A12AA04""]"
1809665	"[""J06BA01""]"
1248817	"[""B03XA04""]"
1251290	"[""A03BA03"", ""G04BX"", ""J01XX05""]"
1298068	"[""S01FA04""]"
1360637	"[""J01CA04""]"
1294001	"[""R01BA03"", ""R05DB05"", ""R06AA02""]"
1310062	"[""D01AE12""]"
1546194	"[""S02AA14"", ""S02BA07"", ""S03AA06"", ""S03BA03""]"
1738511	"[""N06AB05""]"
1789514	"[""R06AX07""]"
1790175	"[""L01EX07""]"
1790219	"[""H05BX03""]"
1798459	"[""N02BE01"", ""R06AB06""]"
1799886	"[""B05BA02""]"
1803930	"[""V03AF03""]"
1809431	"[""J06BA01""]"
1874559	"[""N06AX23""]"
1939348	"[""L04AG04""]"
1939308	"[""V03AF02""]"
1944945	"[""C05AX04""]"
1942710	"[""A01AB02""]"
1242845	"[""C05AX04""]"
1243440	"[""N02BE01""]"
1245731	"[""R01BA02""]"
1250685	"[""A07DA03""]"
1251456	"[""A06AB02""]"
1251922	"[""N04BC09""]"
1297389	"[""A12AX""]"
1297965	"[""D01AC08""]"
1298453	"[""R01BA02"", ""R05CA03""]"
1299164	"[""H03AA01""]"
1301882	"[""N02BE01""]"
1310212	"[""N02BE01"", ""R05DA03""]"
1310718	"[""A11HA01"", ""A11HA02"", ""B03BB01""]"
1313298	"[""R01BA02"", ""R05DA09""]"
1356865	"[""R06AB01""]"
1356910	"[""R05DA09"", ""R06AB01""]"
1358770	"[""G03AA05""]"
1363651	"[""A03BB03"", ""R01BA03"", ""R06AB04""]"
1366819	"[""N02BE01"", ""R01BA02"", ""R06AB04""]"
1368274	"[""N01AX03""]"
1369792	"[""M03BX01""]"
1424612	"[""D01AE12"", ""D02AF""]"
1435635	"[""D08AG03""]"
197583	"[""H02AB02""]"
1441747	"[""D08AG03""]"
1483184	"[""D01AE12""]"
1486186	"[""D08AG03""]"
1486687	"[""A16AX07""]"
1535503	"[""D01AC02"", ""G01AF04""]"
1535618	"[""N01BB02"", ""N01BB52""]"
1536144	"[""R03BA07""]"
1539441	"[""D04AB01"", ""D08AJ01"", ""N01BB02""]"
1542941	"[""A07AA09"", ""J01XA01""]"
1547777	"[""S01HA03""]"
1549551	"[""J01CE09""]"
1600698	"[""N06BA01""]"
1657192	"[""L01FF01""]"
1726216	"[""J01DH51""]"
1729581	"[""N01AH06""]"
1731020	"[""N03AX14""]"
1860466	"[""A12BA01""]"
1872088	"[""N02BA01""]"
1895	"[""A12AA""]"
1924315	"[""J05AJ01""]"
1945071	"[""A01AC02"", ""H02AB02""]"
197753	"[""D01AE11""]"
1242702	"[""A03BA03""]"
1245946	"[""D01AE13""]"
1246326	"[""R03AC13""]"
1298427	"[""D11AX22""]"
1300889	"[""M02AB01""]"
1301242	"[""A09AB04""]"
1313070	"[""P02CC01"", ""P02CF01""]"
1359293	"[""G03AC01"", ""G03CA01"", ""G03DC02"", ""L02AA03""]"
1362937	"[""D01AE18""]"
1363558	"[""A01AA01""]"
1364061	"[""M01AC06""]"
141862	"[""P03AB02""]"
1421658	"[""R05CA03""]"
197899	"[""J01DC08""]"
198202	"[""J04AB02""]"
1441321	"[""A06AG04"", ""A06AX01""]"
1487627	"[""D08AJ08""]"
1490659	"[""R03BA01""]"
1537335	"[""J01ED01""]"
153892	"[""R03DC03""]"
1600786	"[""A01AA01""]"
1601095	"[""D04AB01"", ""M02AC"", ""N01BB02"", ""N01BX04""]"
1603290	"[""R05CA03""]"
1652674	"[""J01AA02""]"
1923329	"[""M02AC"", ""N01BX04""]"
1484922	"[""J05AP08""]"
617325	"[""C03CC01""]"
707916	"[""R01BA03"", ""R06AC01""]"
630724	"[""G03CA57""]"
637231	"[""R01BA02"", ""R05DB05""]"
647556	"[""N06AB03""]"
644256	"[""A11CC05"", ""A12AA13""]"
731407	"[""A03AX10"", ""N02BE01"", ""N05CC04""]"
657440	"[""D04AB04""]"
754463	"[""A06AB02""]"
702428	"[""D07AA02""]"
745303	"[""J01CE09""]"
751566	"[""H01AC01""]"
754471	"[""A11GA01"", ""R01BA01""]"
754902	"[""R03CC02""]"
755369	"[""R01BA02"", ""R05CA03""]"
761361	"[""D01AE12""]"
762004	"[""G03FA01""]"
798440	"[""J07BB01"", ""J07BB02"", ""J07BC01""]"
861115	"[""B03BA01""]"
861353	"[""D07AD01""]"
891692	"[""A11CC05""]"
895670	"[""N05AH04""]"
905521	"[""N05BA02""]"
797697	"[""D07AC07""]"
753443	"[""N06BA04""]"
801000	"[""B05BA01""]"
798443	"[""J07BB01"", ""J07BB02"", ""J07BC01""]"
861185	"[""D01AE12""]"
884995	"[""S02AA10""]"
892281	"[""H03AA01""]"
895899	"[""P02BA01"", ""P02CC01"", ""P02CF01""]"
96058	"[""D08AF01""]"
991687	"[""J01ED01""]"
991147	"[""N07BC02""]"
308459	"[""J01FA10""]"
311753	"[""D07AC13""]"
312071	"[""H01CB02""]"
312528	"[""A12BA01"", ""B05XA01""]"
312556	"[""G01AX11""]"
309332	"[""D10AF01""]"
311732	"[""M03AC10""]"
199240	"[""B03BA01"", ""B03BB01""]"
204527	"[""J07AM01""]"
2048895	"[""A01AC01"", ""H02AB08""]"
206352	"[""D07AA02""]"
998493	"[""D01AC02""]"
313368	"[""N05AF04""]"
313450	"[""D10AD01""]"
349373	"[""C09CA08""]"
804934	"[""L03AB04""]"
825324	"[""L02AE02""]"
636676	"[""N07BA03""]"
701425	"[""A02AA04"", ""A03AX13"", ""A12AA04""]"
753401	"[""B03XA03""]"
903705	"[""H03AA02""]"
308664	"[""D04AB04""]"
809477	"[""G04CA04""]"
795713	"[""J01MA02""]"
759719	"[""A07EA02"", ""C05AA01"", ""D07AA02"", ""D07XA01""]"
905373	"[""N05BA02""]"
994507	"[""D11AX22""]"
904874	"[""N02AE01""]"
994008	"[""M01AE52""]"
308716	"[""D07AC01"", ""D07XC01""]"
308962	"[""C09AA01""]"
309335	"[""J01FF01""]"
310792	"[""C09DA04""]"
312609	"[""H02AB06""]"
205826	"[""S01CA02""]"
207345	"[""C01DA02"", ""C05AE01""]"
999789	"[""V03AN01"", ""V03AN02""]"
317012	"[""J01XX05""]"
353538	"[""C01DA14""]"
404070	"[""D06AX09""]"
828587	"[""A01AD05"", ""B01AC06"", ""N02AC04"", ""N02BA01"", ""N06BC01""]"
900424	"[""J01FF01""]"
996111	"[""R01BA02"", ""R05CA03"", ""R05DA04""]"
347681	"[""N02BE01"", ""R01BA01"", ""R06AB04""]"
376698	"[""J01CF04""]"
881350	"[""D07AA02"", ""D07XA01""]"
617312	"[""C10AA05""]"
617423	"[""J01CR02""]"
636141	"[""A06AD17""]"
700949	"[""R05DA09"", ""R06AB04""]"
705013	"[""R05FB02""]"
744632	"[""C09DB02""]"
646344	"[""A02BC01""]"
686350	"[""J01FA01""]"
724598	"[""N04BA02""]"
762866	"[""H01AC01""]"
647442	"[""N06AB03""]"
705726	"[""A11CB""]"
896758	"[""C07AG01""]"
991233	"[""L01XF03""]"
894790	"[""N02AA01""]"
898701	"[""N06AX05""]"
730063	"[""S01KA02""]"
756237	"[""B03AA07""]"
685855	"[""B05CX01"", ""V06DC01""]"
748743	"[""J01FF01""]"
800111	"[""B05DB""]"
861490	"[""D07AD01""]"
861512	"[""D07AD01""]"
881409	"[""A10BB01""]"
883726	"[""A06AB06""]"
892309	"[""P02BA01"", ""P02CC01""]"
896750	"[""J01DB08""]"
901534	"[""N04BC05""]"
902743	"[""N02AA03""]"
904417	"[""N02AF02""]"
991370	"[""A02AC01""]"
992457	"[""R06AD02""]"
892574	"[""N02AA01""]"
308209	"[""J01CA01""]"
308985	"[""J01CA03""]"
310316	"[""B03AA07""]"
311066	"[""L03AB04""]"
311178	"[""A03AB09"", ""N05AB04""]"
312025	"[""A02BA04""]"
1086997	"[""N02BE01"", ""R05DA09""]"
2047623	"[""B03XA01""]"
2056073	"[""R05CA03"", ""R05DA09"", ""R06AA09""]"
206806	"[""N05AC03""]"
204967	"[""A07BC04""]"
314113	"[""A12CC10""]"
351137	"[""R03AC02""]"
352304	"[""C10AX09""]"
800988	"[""B05BB02""]"
806573	"[""L01FD01""]"
966195	"[""H03AA01""]"
308363	"[""N02BA01"", ""N02BA05"", ""N06BC01""]"
310363	"[""D07AC08""]"
310539	"[""A10BB01""]"
883806	"[""R03AA01""]"
900599	"[""C01EB09""]"
992446	"[""R06AD02""]"
309068	"[""J01DD01""]"
309445	"[""N02BE01"", ""R05DA04""]"
310205	"[""G03CA57""]"
312507	"[""A12BA01""]"
311370	"[""J01DC08""]"
198258	"[""R03DA04""]"
313026	"[""B05CB02""]"
349401	"[""C09CA08""]"
800192	"[""B05BA01""]"
809313	"[""D10AE01""]"
763111	"[""N02BE01""]"
966242	"[""H03AA01""]"
990993	"[""S01EB01"", ""S01EB05""]"
312491	"[""A12BA01"", ""A12BA04""]"
993691	"[""N06AX12""]"
629695	"[""J01AA08""]"
669519	"[""D01AC01""]"
644831	"[""R05CA03""]"
672922	"[""C08CA07""]"
701625	"[""A11CA01""]"
727517	"[""B05BA03""]"
731281	"[""A10AB04"", ""A10AD04""]"
865212	"[""N04BD01""]"
755593	"[""N02BA04"", ""N02BA12"", ""N06BC01"", ""R01BA03"", ""R06AB05""]"
901857	"[""D08AC02"", ""D09AA12""]"
904577	"[""M05BA01""]"
905385	"[""D10AD03""]"
966192	"[""H03AA01""]"
991302	"[""D08AG03""]"
892658	"[""N02AA01""]"
993280	"[""D08AG03""]"
308508	"[""S01AA32""]"
308517	"[""M03BX01""]"
308891	"[""A02AC01""]"
309246	"[""R06AB04""]"
311895	"[""J01CF06""]"
312189	"[""J01AA06""]"
312423	"[""B02BA01""]"
1090715	"[""N02BE01"", ""R01BA02""]"
1991327	"[""D01AE12""]"
1992305	"[""S01ED01""]"
199297	"[""A12AA03""]"
1996193	"[""N02AE01""]"
200209	"[""M01AX05"", ""M01AX25""]"
205111	"[""B03AA07""]"
205541	"[""G03CA57""]"
995570	"[""N05BB01"", ""R03DA04""]"
996285	"[""R05CA03"", ""R05DA04""]"
996497	"[""R05CA03"", ""R05DA04""]"
313310	"[""R03DA04""]"
343037	"[""R01BA03"", ""R05CA03""]"
806374	"[""R01BA02"", ""R06AB01""]"
828348	"[""M03BX08""]"
834082	"[""J01CE02""]"
759469	"[""G03AA07""]"
308356	"[""A01AD05"", ""B01AC06"", ""N02BA01"", ""N06BC01""]"
308892	"[""A02AC01""]"
309477	"[""A01AD05"", ""B01AC06"", ""N02BA01"", ""N06BC01"", ""R05DA04""]"
206385	"[""N04BA01""]"
686355	"[""J01FA01""]"
701716	"[""J05AF04""]"
723739	"[""A12CC10""]"
755428	"[""R05CA03""]"
688603	"[""R05CA03""]"
729438	"[""H03BB02""]"
748746	"[""J01FF01""]"
755809	"[""R06AB04""]"
795852	"[""J01AA02""]"
861010	"[""A10BA02""]"
866146	"[""R06AX02""]"
897666	"[""C08DA01""]"
798451	"[""J07AG01""]"
865119	"[""N05AB02""]"
866357	"[""A01AD""]"
866406	"[""A11CC05""]"
867506	"[""L01EX03""]"
884712	"[""H01BA02""]"
885133	"[""D10AF51""]"
901522	"[""C08DA01""]"
905511	"[""A03CB01""]"
966199	"[""H03AA01""]"
992816	"[""G01AF04""]"
905525	"[""N05BA02""]"
993564	"[""N06AX12""]"
308177	"[""J01CA04""]"
308595	"[""N03AA02""]"
308934	"[""A06AC08""]"
308988	"[""N04BA02""]"
311704	"[""G03XB01""]"
1089788	"[""R01BA02"", ""R05CA03""]"
312745	"[""N05AH04""]"
198324	"[""N05AB06""]"
198689	"[""R05CA03""]"
199519	"[""P01AB02""]"
199283	"[""N06AA10""]"
2001686	"[""D04AB01"", ""M02AC"", ""N01BB02"", ""N01BX04""]"
2002003	"[""R05DA09""]"
203457	"[""R06AA02"", ""D04AA32""]"
2047185	"[""D01AE12"", ""D11AX12""]"
2054157	"[""L01EX08""]"
205885	"[""A03AB02""]"
351071	"[""D04AB01"", ""D06AX04"", ""D06AX05"", ""N01BB02""]"
359906	"[""R01BA03""]"
809125	"[""N02BA05"", ""N02BE01"", ""R01BA03"", ""R06AB04""]"
810071	"[""G04BD11""]"
826085	"[""R06AB01""]"
891441	"[""A11CC05""]"
312496	"[""A12BA04""]"
198722	"[""A07BC01"", ""A07BC02""]"
1992547	"[""L01XX27""]"
1998442	"[""D02AB""]"
200285	"[""C09DA03""]"
2049329	"[""R05FB02""]"
205621	"[""J01AA02""]"
206255	"[""R03AC07"", ""R03CC06""]"
206349	"[""D07AA02""]"
206764	"[""C09AA03""]"
207142	"[""N07AA01""]"
998332	"[""D01AE04""]"
313081	"[""V03AB06""]"
352346	"[""L04AA15""]"
809835	"[""S01EB01"", ""S01ED02""]"
826135	"[""A08AA01""]"
830677	"[""B05CX03"", ""B05XB01"", ""B05XB03"", ""N06AX02"", ""V03AB26""]"
993503	"[""N06AX12""]"
199639	"[""N05CH01""]"
352309	"[""N05AX12""]"
204777	"[""A06AB04""]"
836268	"[""A11GA01"", ""B03AE"", ""B03BA01"", ""B03BB01""]"
847745	"[""J05AR10""]"
848210	"[""D07AC01"", ""D07XC01""]"
849501	"[""H01BA02""]"
853356	"[""L04AC05""]"
856462	"[""C07AA05""]"
856481	"[""C07AA05""]"
856851	"[""N06AA09""]"
857002	"[""N02AJ22""]"
857328	"[""N07AB02""]"
857612	"[""R01BA03"", ""R05DA03"", ""R06AB01""]"
857683	"[""R03CC03""]"
209065	"[""B03BA01""]"
209248	"[""A10BF01""]"
209375	"[""N02BE01""]"
2105780	"[""D01AA01"", ""D06AX04""]"
2106107	"[""D02AB""]"
210759	"[""A12CC03""]"
210805	"[""R05FB02""]"
211796	"[""S02AA10""]"
211968	"[""R01BA01"", ""R06AB04""]"
213224	"[""J01MA02""]"
213282	"[""L01XX05""]"
2168021	"[""R01BA02"", ""R05CA03"", ""R05DA09""]"
2178160	"[""R01BA02"", ""R05DA09"", ""R06AB04""]"
213841	"[""L01BC02""]"
1094734	"[""D08AJ01""]"
1095545	"[""A06AC01""]"
1100467	"[""A02AA02"", ""A02AC01"", ""A06AD02"", ""A11CA02"", ""A11CC05"", ""A11DA01"", ""A11GA01"", ""A11HA01"", ""A11HA02"", ""A11HA04"", ""A12AA04"", ""A12CC10"", ""B03BA01"", ""B03BB01""]"
1114030	"[""R05CA03"", ""R05DA04""]"
1116374	"[""R01AX""]"
1117765	"[""J06BB01""]"
1125500	"[""A11CC05""]"
826091	"[""A02AC01"", ""A11HA02"", ""A12AA04"", ""B03BA01"", ""B03BB01""]"
855660	"[""M01AB05""]"
857421	"[""R06AA04""]"
1147327	"[""L01FX05""]"
856799	"[""N06CA01""]"
1189269	"[""A12AA07"", ""A12BA01"", ""A12CA01"", ""A12CC01"", ""B05CB01"", ""B05CX01"", ""B05CX03"", ""B05XA01"", ""B05XA03"", ""B05XA07"", ""B05XA11"", ""B05XB01"", ""B05XB03"", ""N06AX02"", ""V03AB26"", ""V04CA02"", ""V06DC01""]"
1189281	"[""A12AA07"", ""A12BA01"", ""A12CA01"", ""A12CC01"", ""B05CB01"", ""B05CX01"", ""B05CX03"", ""B05XA01"", ""B05XA03"", ""B05XA07"", ""B05XA11"", ""B05XB01"", ""B05XB03"", ""N06AX02"", ""V03AB26"", ""V04CA02"", ""V06DC01""]"
1190233	"[""R01BA03"", ""R06AE04""]"
1190919	"[""J07AM01""]"
403790	"[""N02BE01"", ""R01BA02""]"
410226	"[""N02BE01""]"
476553	"[""A02AF02""]"
477484	"[""L04AG03""]"
542045	"[""B03BA01"", ""B03BB01""]"
542967	"[""N05BA05""]"
543162	"[""H01CA01"", ""V04CM01""]"
543549	"[""D01AA01""]"
545229	"[""S01AA17""]"
545837	"[""L02AE02""]"
546651	"[""D04AB01"", ""N01BB04""]"
584513	"[""D07AB08""]"
616480	"[""N01BX03""]"
616880	"[""R01BA03"", ""R05DB05"", ""R06AB04""]"
858062	"[""J01AA08""]"
858856	"[""R01BA03"", ""R05DA03"", ""R06AB04""]"
859103	"[""R05CA09"", ""R05DA03""]"
859861	"[""J05AE01""]"
859931	"[""R05CA03"", ""R05DA03""]"
1000133	"[""L02AB02""]"
1009392	"[""D06AX04""]"
1010057	"[""D04AB01""]"
1010091	"[""G03BA03"", ""G03CA03""]"
1011841	"[""D04AB01"", ""D08AJ01"", ""D08AJ08"", ""D09AA11"", ""N01BB02""]"
1011983	"[""D04AB01"", ""D08AJ01"", ""N01BB02""]"
1012553	"[""R01BA02"", ""R06AA08""]"
1012589	"[""R01BA02"", ""R06AA08""]"
1012996	"[""D04AB01"", ""D06AX04"", ""N01BB02""]"
1043543	"[""R05CA03"", ""R05DA09""]"
1043719	"[""D02AX""]"
1046410	"[""C01BD01""]"
1046602	"[""R01AA08""]"
1049606	"[""N02AA05""]"
1051006	"[""D10AE01""]"
1085666	"[""H02AB08""]"
1086259	"[""H02AB08""]"
2184171	"[""A03BB03"", ""R01BA02"", ""R06AB02""]"
237653	"[""B05BA03""]"
245136	"[""N02AB03""]"
247138	"[""A01AD05"", ""B01AC06"", ""N02BA01"", ""N02BA51""]"
308114	"[""R03DA05""]"
1659520	"[""R05DA09""]"
1659967	"[""N02BE01"", ""R05DA09""]"
1110806	"[""D07AB09""]"
1114334	"[""R01BA02"", ""R05DA03""]"
1115990	"[""R03CA02"", ""R05CA03""]"
404172	"[""N02BE51""]"
542776	"[""R05CA03""]"
544634	"[""B03BA01""]"
859150	"[""R01BA03"", ""R05DA03"", ""R06AB04""]"
860098	"[""M01AB15""]"
1010075	"[""G03BA03"", ""G03CA03""]"
1012221	"[""C05AA01""]"
1037117	"[""D04AB04""]"
1047809	"[""A03BA03"", ""G04BX06""]"
1053741	"[""R05FB02""]"
238784	"[""C05AD04""]"
242972	"[""C10AC01""]"
249710	"[""R05FB02""]"
1670324	"[""L01BC59""]"
1726322	"[""L01CE02"", ""L01XX19""]"
860684	"[""R01BA01"", ""R05DA03""]"
1020420	"[""D04AB01"", ""M02AC"", ""N01BB02"", ""N01BX04""]"
1049586	"[""N02AA05""]"
1049657	"[""D08AX05""]"
240559	"[""D01AE12"", ""D11AF""]"
104700	"[""N05BA01""]"
259093	"[""C05AX03"", ""C05AX06""]"
198337	"[""J01FA08""]"
198474	"[""N02BA01"", ""N02BA51""]"
199378	"[""N03AF01""]"
200065	"[""A10BG01""]"
2003375	"[""G03AA12""]"
204705	"[""B03AA03""]"
205292	"[""J05AG03""]"
312938	"[""N06AB06""]"
313884	"[""A02AC01""]"
314122	"[""C01DA02""]"
349392	"[""N05BA12""]"
359739	"[""A12CC05""]"
403853	"[""C09DA08""]"
809268	"[""A09AA01""]"
809559	"[""A12AX""]"
825252	"[""N02BE01"", ""R05DA03""]"
826832	"[""A08AA01""]"
828451	"[""N06AB05""]"
830614	"[""R03DA01"", ""R05CA03""]"
830837	"[""C08DB01""]"
205700	"[""R03DA01""]"
206258	"[""C10AA02""]"
207086	"[""A03BB03""]"
997289	"[""R05DA04""]"
828362	"[""C05AA01""]"
847540	"[""D08AG02"", ""D09AA09"", ""D11AC06""]"
848748	"[""N05AX14""]"
854921	"[""C07BB07""]"
857162	"[""N02BE01"", ""R05DA03""]"
857208	"[""V03AE02""]"
857564	"[""G04BD09""]"
208421	"[""J01EA01"", ""J01EC01""]"
208470	"[""G04CA03""]"
208601	"[""S01CA01""]"
209362	"[""N02BE01""]"
209433	"[""N02BE01""]"
211259	"[""A08AA04""]"
211892	"[""A01AD05"", ""B01AC06"", ""N02BA01"", ""N02BA51""]"
212822	"[""D02AE01""]"
213226	"[""J01MA02""]"
213554	"[""D07AC01"", ""D07XC01""]"
213626	"[""D06AX05""]"
2168030	"[""R01BA02"", ""R05CA03"", ""R05DA09""]"
2173954	"[""R01BA02"", ""R05DA09"", ""R06AB02""]"
2177922	"[""R05CA03"", ""R05DA09"", ""R06AB04""]"
2184157	"[""M01AE01"", ""M01AE14""]"
1099676	"[""R01BA02"", ""R06AX07""]"
1112246	"[""R01BA02"", ""R01BA52"", ""R06AX18""]"
1147337	"[""J05AR08""]"
1191228	"[""V03AB15""]"
996572	"[""N06DX01""]"
832731	"[""A12BA01""]"
847617	"[""B05BB01""]"
1090577	"[""D02AB""]"
903881	"[""N06AB08""]"
904571	"[""C07AA07""]"
966229	"[""H03AA01""]"
308650	"[""A02AA01"", ""A02AC01"", ""A06AD01"", ""A12AA04"", ""N03AA02""]"
308690	"[""D10AE01""]"
311664	"[""N05CE02""]"
1088604	"[""D02AA"", ""P03AX05""]"
198859	"[""A02AH"", ""B05CB04"", ""B05XA02""]"
2050367	"[""R01BA02"", ""R05DA09""]"
205809	"[""J01CA01""]"
206959	"[""M01AX01""]"
207270	"[""M03AA04""]"
207287	"[""A01AB17"", ""J01XD01"", ""P01AB01""]"
2000695	"[""G03AA01""]"
995665	"[""R06AE05""]"
312860	"[""A10BG02""]"
314008	"[""L02AE03""]"
351842	"[""C10AB05""]"
403849	"[""G03CA57""]"
828446	"[""N06AB05""]"
834171	"[""D08AC02"", ""D09AA12""]"
835809	"[""G03BA03""]"
807367	"[""A02AB01""]"
343033	"[""H02AB02""]"
849827	"[""C03XA01""]"
853354	"[""L04AC05""]"
857834	"[""R01BA03"", ""R05DA03"", ""R06AB04""]"
209217	"[""C01CA03""]"
207537	"[""N05BA01""]"
2099769	"[""J01AA02""]"
210660	"[""A06AC08""]"
2107621	"[""N04BA01""]"
2109512	"[""D04AB07""]"
211312	"[""A01AD05"", ""B01AC06"", ""N02BA01"", ""N06BC01""]"
2122902	"[""R01BA03"", ""R05CA03"", ""R05DA03""]"
212839	"[""D01AE12""]"
213272	"[""S01EC04""]"
213291	"[""N06AB05""]"
213372	"[""D10AX02""]"
214081	"[""C03BA04""]"
2166193	"[""H03AA01""]"
2175893	"[""N06BA01""]"
1090840	"[""N02BE01"", ""N02BE51"", ""R01BA02""]"
1091843	"[""R03DX07""]"
1095628	"[""N02BE01""]"
1098678	"[""N06AX06""]"
1111020	"[""A16AX07""]"
403920	"[""J01XX09""]"
2178073	"[""N02CC01""]"
1233767	"[""A07BC04""]"
1234994	"[""N02AA08"", ""N02BE01"", ""N06BC01""]"
1098676	"[""N06AX06""]"
404551	"[""N04BA03""]"
416916	"[""D02AE01""]"
452361	"[""S01AD02""]"
476349	"[""C10BA02""]"
476731	"[""A10BX01""]"
477180	"[""D02AB""]"
541951	"[""A01AB22"", ""J01AA02""]"
562122	"[""B01AD01""]"
562592	"[""S01FB01""]"
607573	"[""R06AX27""]"
616817	"[""R03BA02""]"
858752	"[""A05AA02""]"
859005	"[""R05DA03"", ""R06AB04""]"
859807	"[""R01BA02"", ""R05CA03"", ""R05DA03""]"
860275	"[""R05CA03"", ""R05DA03""]"
1001643	"[""V03AN01"", ""V03AN02""]"
1001690	"[""A06AD04"", ""A06AD13""]"
1012100	"[""D04AB01""]"
1012417	"[""N01BB01""]"
1012747	"[""N01BB03""]"
1012706	"[""N01BB04""]"
1012949	"[""R06AA08""]"
1012979	"[""R06AA08""]"
1014594	"[""A11GA01"", ""B03BB01""]"
1037358	"[""R05CA03"", ""R05DB05""]"
104112	"[""A07EC02""]"
1046812	"[""D08AE04"", ""D09AA06""]"
1047873	"[""A03BA01"", ""A03BA03"", ""G04BX12"", ""J01XX05""]"
1049880	"[""D04AA32""]"
106303	"[""D10AD01""]"
1085686	"[""D07AB09""]"
252762	"[""C01EB09""]"
260351	"[""C01AA05""]"
260395	"[""H02AB06""]"
261318	"[""N04BX02""]"
282670	"[""D08AE05""]"
284008	"[""S01EE04""]"
307680	"[""N02BE01"", ""R01BA02""]"
1668264	"[""J01FA01""]"
1724793	"[""N01BB01""]"
1735008	"[""N01AH01""]"
2173716	"[""R05DA09"", ""R06AB04""]"
577317	"[""H05BX02""]"
859033	"[""N04BC05""]"
1010807	"[""R01BA02"", ""R06AA08""]"
1049613	"[""N02AA05""]"
1053318	"[""C05AD03"", ""D04AB04"", ""R02AD01""]"
243810	"[""B02BA02""]"
252203	"[""A02AD03""]"
285027	"[""J05AF02""]"
307679	"[""N02BE01"", ""N03AA02""]"
308071	"[""D10AX01"", ""D11AA""]"
1733870	"[""D04AB06""]"
1739800	"[""A16AX13""]"
1742420	"[""N01BA05""]"
1747294	"[""M01AE01""]"
283672	"[""N06AB04""]"
417424	"[""D01AE12""]"
1743878	"[""C01CA04""]"
1115013	"[""N02BF01""]"
1115562	"[""A16AX01""]"
1143676	"[""D08AE05""]"
1190629	"[""A03BA01"", ""A07DA01""]"
1191695	"[""A07BC04""]"
1234017	"[""R02AA12""]"
1234480	"[""R05FB02""]"
404165	"[""A06AB02""]"
406424	"[""R06AB04""]"
430393	"[""N05AB06""]"
541524	"[""G03BA02""]"
543372	"[""D02AE01""]"
579177	"[""N02BE01""]"
602745	"[""A07FA02""]"
616883	"[""H01AC05""]"
860530	"[""R01BA02"", ""R05CA03"", ""R05DA03""]"
860566	"[""R05CA03"", ""R05DA03""]"
1000872	"[""S01EB01""]"
1001089	"[""S01EA01"", ""S01EB01""]"
1012756	"[""N01BB03""]"
1012906	"[""R06AA08""]"
1043129	"[""D08AE05""]"
104478	"[""B01AD03""]"
1049527	"[""R01BA02""]"
1049666	"[""N02AJ17""]"
106366	"[""D01AC09""]"
237731	"[""A11HA03""]"
240416	"[""L01BC01""]"
259126	"[""A06AB06""]"
261351	"[""A10BB01""]"
1658048	"[""L04AG12""]"
1665326	"[""N05BA06""]"
1718991	"[""A06AB02"", ""A06AD65""]"
1719005	"[""L01BC05""]"
1729023	"[""N02AA01""]"
214107	"[""A10BB31""]"
1098199	"[""D08AJ01""]"
859246	"[""R01BA02"", ""R05DA03"", ""R06AB04""]"
860437	"[""R01BA03"", ""R05CA03"", ""R05DA03""]"
1011485	"[""R06AE07""]"
1085744	"[""D07AB09"", ""D07XB02""]"
252599	"[""D08AE04""]"
260258	"[""B05BA03""]"
1655571	"[""N02BE01"", ""R05DA09"", ""R06AB04""]"
1656316	"[""J01DD01""]"
1654725	"[""D02AX""]"
1655968	"[""L01BA01""]"
830803	"[""C08DB01""]"
977996	"[""A07DA03""]"
991149	"[""N07BC02""]"
308618	"[""A12BA01"", ""C03AA01""]"
310142	"[""A11CC01""]"
198243	"[""N05CD07""]"
198879	"[""D08AE04"", ""D09AA06""]"
1994320	"[""N02BA03""]"
1995238	"[""P03AX05""]"
199985	"[""A10BG01""]"
205869	"[""N05AD01""]"
206796	"[""L01AD02""]"
207360	"[""C01DA02""]"
205497	"[""N02AX03""]"
207331	"[""C01DA02""]"
997972	"[""V03AN03""]"
313718	"[""A11HA03""]"
313931	"[""N03AF01""]"
313995	"[""N06AB03""]"
314116	"[""C04AC01"", ""C10AD02""]"
317077	"[""N05BA02""]"
809396	"[""A03AX13""]"
831103	"[""C08DB01""]"
349462	"[""N02CC07""]"
315119	"[""R05DA03""]"
835568	"[""N06AA02""]"
847488	"[""J01MA02""]"
849079	"[""A11HA03""]"
855310	"[""B01AA03""]"
848119	"[""J01FA01""]"
1091133	"[""N06BA04""]"
1091145	"[""N06BA04""]"
1098490	"[""A01AA01"", ""A12CD01""]"
1101879	"[""A01AA01""]"
1111339	"[""S01GX09""]"
1146128	"[""D02AA"", ""P03AX05""]"
1190764	"[""A03BA01""]"
1232194	"[""N05CF02""]"
207588	"[""L01XB01""]"
208082	"[""C03CA04""]"
209264	"[""A07AA09"", ""J01XA01""]"
211103	"[""D08AG02""]"
2181301	"[""A03BB03"", ""R01BA03"", ""R06AB04""]"
2184166	"[""A04AD01"", ""N05CM05"", ""R01BA03"", ""R06AB04""]"
237511	"[""B05XA18""]"
543013	"[""N05AH02""]"
604377	"[""G03GA06""]"
857087	"[""N02BE01"", ""R05DA03""]"
857766	"[""R01BA03"", ""R05DA03"", ""R06AB04""]"
859211	"[""R01BA02"", ""R05DA03"", ""R06AB04""]"
1000720	"[""D10AF06""]"
1009341	"[""S01EE03""]"
1012938	"[""R01BA02"", ""R06AA08""]"
1041495	"[""S01EE03""]"
1045385	"[""M02AC"", ""N01BX04""]"
1045328	"[""D02AX""]"
1046858	"[""N07BA01""]"
1048991	"[""D08AG03""]"
1048957	"[""A03BA03""]"
1053175	"[""D10AE01""]"
1086328	"[""A01AC01"", ""H02AB08""]"
245299	"[""R01BA02"", ""R06AB04""]"
260690	"[""G01AD02""]"
261249	"[""P03AX03""]"
284496	"[""D05AX05""]"
284549	"[""N05AE04""]"
284594	"[""L04AX03""]"
308081	"[""A02AB01"", ""A02AB02""]"
1659292	"[""J01DD02""]"
1667666	"[""N05AX15""]"
1722355	"[""M01AC06""]"
210761	"[""A11GA01"", ""B03AA02""]"
404408	"[""N06AB10""]"
542947	"[""R01BA02"", ""R06AB01""]"
1006207	"[""D08AG03""]"
1086786	"[""N06AX24""]"
238910	"[""N01BA05""]"
1724787	"[""N01BB01""]"
1732006	"[""N02AA01""]"
1739770	"[""N03AX23""]"
1798453	"[""N02BE01""]"
1801519	"[""A06AH01""]"
1805001	"[""L01AA09""]"
1807579	"[""A12CA01"", ""B05BB01"", ""B05CB01"", ""B05XA03""]"
1807646	"[""B05XA03""]"
1809652	"[""J06BA01""]"
1809905	"[""B03AA02"", ""G03AA05"", ""G03CA01"", ""G03DC02""]"
1862692	"[""A10BD20""]"
1870950	"[""H02AB13""]"
1871453	"[""D04AB01""]"
1872261	"[""L04AC12""]"
1872984	"[""L04AB04""]"
1941536	"[""R03BA05""]"
1237055	"[""N02AB03""]"
1237034	"[""R01BA02""]"
1244950	"[""A11HA02"", ""N05CH01""]"
1246227	"[""N01BB02"", ""R02AD02""]"
1248127	"[""A06AA02"", ""B03AA02""]"
1248739	"[""N05CH01""]"
1251907	"[""C03CC01""]"
1291103	"[""A07EA02"", ""C05AA01""]"
1294201	"[""R01BA02""]"
1294491	"[""R06AB04""]"
1298327	"[""R05FB02""]"
1299137	"[""R01AA04"", ""R01AB01""]"
1299971	"[""N03AG06""]"
1300438	"[""R05FB02""]"
1356350	"[""R01BA02"", ""R05CA03""]"
1356789	"[""R05CA03""]"
1356827	"[""S01XA22""]"
1357883	"[""R01BA53""]"
1358993	"[""R01BA02"", ""R05DA09"", ""R06AB01""]"
1359133	"[""G03AA05""]"
1359113	"[""A06AA01"", ""C05AX06""]"
1360954	"[""C05AA01"", ""C05AD07""]"
1362058	"[""B01AB01""]"
1363387	"[""A02AC01"", ""A02AD05"", ""A12AA04"", ""B05CB04""]"
1363830	"[""N02BE01""]"
1369775	"[""R01BA03""]"
1370440	"[""N02BE01"", ""R05DA09"", ""R06AB04""]"
1424379	"[""R01BA02"", ""R05CA03"", ""R06AA08""]"
198211	"[""C10AA01""]"
1436161	"[""D01AE12""]"
1438297	"[""A01AD05"", ""B01AC06"", ""N02BA01"", ""N02BE01"", ""N06BC01""]"
1441413	"[""L04AX03""]"
1482513	"[""N03AF04""]"
1483721	"[""R05DA09""]"
1484793	"[""P03AC01""]"
1484928	"[""N02CC01""]"
1487369	"[""R05CA03"", ""R05DA09""]"
1494824	"[""D10AF06""]"
1495050	"[""R01AX""]"
1534658	"[""M02AB01"", ""N01BX04""]"
1537440	"[""A12BA04""]"
1543553	"[""G03AA12""]"
1544383	"[""L04AX03""]"
1546601	"[""L01CD01""]"
1549474	"[""S01AA03"", ""S01BA02""]"
1551395	"[""N05CD08""]"
1599282	"[""A12BA05""]"
1605181	"[""H03AA01""]"
1607990	"[""B03AA02"", ""G03AA05"", ""G03CA01"", ""G03DC02""]"
1247766	"[""A06AA02""]"
1489158	"[""D08AJ01"", ""D09AA11"", ""P03AX06""]"
1747580	"[""L01XX52""]"
1789192	"[""D01AE12""]"
1789753	"[""N02BE01"", ""R05DA03""]"
1789947	"[""A03AD01""]"
1797867	"[""R01AC03""]"
1801146	"[""A11CC05"", ""B03BB01""]"
1803724	"[""D01AE12""]"
1871469	"[""N06BA12""]"
1876397	"[""G03AA07"", ""G03AA08"", ""G03AB03"", ""G03CA01""]"
1919516	"[""L01FF03""]"
1926470	"[""D06AA04""]"
197456	"[""J01DB09""]"
1242246	"[""R06AB04""]"
1243218	"[""C05AX04""]"
1244204	"[""M09AX01""]"
1291944	"[""P02CC01""]"
1297770	"[""C01EB09""]"
1298411	"[""R01BA02"", ""R05CA03""]"
1298863	"[""N06AA21""]"
1299083	"[""R01AA04"", ""R01AB01""]"
1301239	"[""R02AD01""]"
1304535	"[""R01BA02"", ""R06AB01""]"
1310270	"[""N02BE01"", ""R05DA03""]"
1312784	"[""R06AA02""]"
1357422	"[""R01BA01"", ""R05DA09"", ""R06AB01""]"
1358630	"[""R01BA01"", ""R05CA03""]"
1359859	"[""R03AK06""]"
1360744	"[""R01BA03"", ""R05DB10"", ""R06AC06""]"
1361035	"[""B01AB01""]"
1363631	"[""R01BA03"", ""R06AB01""]"
1368036	"[""A10BH04""]"
1369815	"[""N02BE01"", ""R01BA02""]"
1376210	"[""D01AE12""]"
1426594	"[""D04AB01"", ""D08AE03"", ""N01BB02""]"
1432541	"[""D04AB01"", ""M02AC"", ""N01BB02"", ""N01BX04""]"
197580	"[""H02AB02""]"
197896	"[""L01AD02""]"
197906	"[""L04AA03""]"
198031	"[""N07BA01""]"
1438508	"[""D01AE18""]"
1442580	"[""D08AG03""]"
1487109	"[""P02BA01""]"
1487279	"[""M01AA01""]"
1491648	"[""D01AE12""]"
1493269	"[""N02BE01"", ""N02BE51""]"
152960	"[""P01AX07""]"
153579	"[""G03DA04""]"
1535937	"[""R01BA02"", ""R05CA03"", ""R05DA09""]"
1537091	"[""D01AE12""]"
1541268	"[""D01AE12""]"
1542397	"[""N02BE01"", ""R05DA09"", ""R06AA09""]"
1541086	"[""P03AX05""]"
1543711	"[""A06AA01""]"
1550940	"[""M04AC01""]"
1599273	"[""D04AB01"", ""N01BB02""]"
1599563	"[""N02BE01"", ""R01BA02""]"
1648148	"[""D11AC""]"
1650201	"[""G03AA05""]"
1862688	"[""A10BD20""]"
1424654	"[""R01BA02"", ""R05CA03""]"
1430169	"[""R01BA02""]"
1544187	"[""D08AG02""]"
1427301	"[""G03AA05""]"
1737469	"[""B01AC17""]"
1740002	"[""S02AA15""]"
1795616	"[""B05BA03""]"
1796384	"[""B02BD02""]"
1806189	"[""N06BA04""]"
1812015	"[""C08CA05""]"
1867618	"[""N01BB01""]"
1867921	"[""N01BB51""]"
1869723	"[""A01AB03""]"
1918214	"[""D08AC02""]"
1242042	"[""N02BE01"", ""R06AB06""]"
1244154	"[""R06AB04""]"
1251059	"[""A06AX01""]"
1251365	"[""A02AD03""]"
1251608	"[""R02AA06"", ""R02AD01""]"
1292872	"[""C05AD01"", ""D04AB01""]"
1294394	"[""N02CA02""]"
1314499	"[""A02AF02""]"
1356799	"[""R05DA04""]"
1356843	"[""R06AB01""]"
1367420	"[""B02BD30""]"
1372545	"[""D02AE01""]"
1424233	"[""D10AE01""]"
1424242	"[""R05CA13""]"
1426253	"[""N06BA02""]"
1429353	"[""R06AB04""]"
1430071	"[""M01AX05"", ""M01AX25""]"
1437285	"[""N03AX11""]"
197447	"[""M03BA02""]"
197455	"[""J01DB09""]"
197724	"[""M01AE09""]"
197985	"[""J01AA08""]"
1441424	"[""L04AX03""]"
1491634	"[""A16AA07""]"
1491878	"[""R06AX07""]"
152772	"[""J05AF01""]"
1534792	"[""D04AB01""]"
1545801	"[""D03BA01""]"
1605123	"[""C05AD01"", ""D04AB01"", ""M02AB01""]"
1650598	"[""D08AG03""]"
1363484	"[""S01KA02""]"
284404	"[""C01BD04""]"
1654355	"[""H01CB02""]"
1718970	"[""B02BD02""]"
1720975	"[""L01BC05""]"
1045360	"[""D10AE01""]"
1734919	"[""L01AA01""]"
1731993	"[""N02AA01""]"
1739774	"[""N03AX23""]"
1739833	"[""N06BA01""]"
1743547	"[""J01CF04""]"
1792386	"[""S02AA15"", ""S02BA08""]"
1809647	"[""J06BA01""]"
1810582	"[""M09AX06""]"
1813415	"[""J06BA01""]"
1918242	"[""L01XK02""]"
1923327	"[""M02AB01""]"
1237103	"[""N02BE01"", ""R01BA02"", ""R05DA09"", ""R06AA09""]"
1242215	"[""B05CB01""]"
1291671	"[""D08AG03""]"
1293637	"[""D04AB07""]"
1302686	"[""A11HA03""]"
1356979	"[""G03CA03""]"
1358629	"[""R05CA03""]"
1363295	"[""R06AB04""]"
1368022	"[]"
1425418	"[""D08AC02""]"
1442443	"[""A11CC55""]"
1486566	"[""A01AA01""]"
153046	"[""N05AH03""]"
153095	"[""H04AA01""]"
1537021	"[""A01AD05"", ""B01AC06"", ""N02BA01""]"
1537761	"[""C05AX04""]"
1594589	"[""M03AB01""]"
1426827	"[""A07DA03""]"
1482821	"[""N02BF01""]"
1649944	"[""L03AA02""]"
1357013	"[""R01BA53""]"
198160	"[""N05AB04""]"
1308539	"[""R05CA03""]"
1597902	"[""D08AC02""]"
1652069	"[""N06AX21""]"
1299174	"[""H03AA01""]"
1538456	"[""N02BE01""]"
668752	"[""R01BA02"", ""R05DA09"", ""R06AB04""]"
729783	"[""R02AD01""]"
688596	"[""H05BA01""]"
706943	"[]"
731097	"[""D01AE12""]"
746763	"[""R03AC02""]"
748864	"[""G03AA01""]"
792119	"[""S02CA03""]"
800213	"[""A09AB01"", ""B05CX03"", ""B05XB01"", ""B05XB03"", ""N06AX02"", ""V03AB26""]"
800449	"[""B05BA01""]"
866305	"[""N03AF01""]"
883808	"[""D01AE12""]"
902652	"[""C01BA03""]"
903857	"[""N07AA02""]"
905369	"[""N05BA02""]"
902574	"[""D08AX08""]"
309558	"[""R01BA02"", ""R05CA03"", ""R06AB04""]"
685543	"[""J01FA09""]"
753483	"[""G03AA01""]"
892473	"[""N02AA01""]"
892591	"[""N02AA01""]"
896001	"[""R03BA05""]"
898352	"[""C09BB13""]"
905034	"[""M05BA07""]"
905172	"[""N06AA11""]"
993926	"[""N02BE01"", ""R01BA03"", ""R05DA04"", ""R06AB04""]"
995067	"[""R05DA04""]"
308719	"[""S01ED02""]"
309337	"[""G01AA10""]"
310468	"[""S01CA02""]"
312454	"[""P03AC01""]"
1089023	"[""R05FA02"", ""R01BA02"", ""R05CA03"", ""R05DA04""]"
311787	"[""J01MA14""]"
2049513	"[""S03CA06""]"
207765	"[""C08CA05""]"
1996246	"[""J01XX09""]"
995576	"[""N05BB01"", ""R03DA04""]"
352219	"[""J02AC03""]"
835577	"[""N06AA02""]"
993837	"[""N02AJ06""]"
751988	"[""A06AB02""]"
731375	"[""B03AB02""]"
751553	"[""G03AA07""]"
864712	"[""N07BC02""]"
895045	"[""B05CB02"", ""B05CX01"", ""V04CA02"", ""V06DC01"", ""V06DC02""]"
892299	"[""N02AA01""]"
994289	"[""R05DA04""]"
978680	"[""B03BA01"", ""B03BB01""]"
308498	"[""D04AB01"", ""D06AX04"", ""D06AX05""]"
308969	"[""S01EB02""]"
311906	"[""A14AB01""]"
1087367	"[""G04BX12""]"
1088249	"[""A06AA02""]"
1997002	"[""D11AX12""]"
1997458	"[""D08AE04""]"
204449	"[""V08AA03""]"
204765	"[""N02BE01"", ""R01BA01"", ""R05CA03"", ""R06AB04""]"
997484	"[""R06AX26""]"
998728	"[""A03BA03""]"
865087	"[""A11CC55""]"
309085	"[""J01DD14""]"
313902	"[""D08AE05"", ""D10AB02"", ""D10AX02""]"
351973	"[""N02BF01""]"
809543	"[""A11CC05""]"
308221	"[""A09AA01""]"
647346	"[""C10AD02""]"
670299	"[""S01AA30""]"
672154	"[""J01FF02""]"
701919	"[""D06BX01""]"
708074	"[""C05AX04""]"
637077	"[""D08AX08""]"
686381	"[""M01AH01""]"
707677	"[""B05CB01""]"
722152	"[""G03AA07""]"
725942	"[""R05CA03"", ""R05CA09""]"
749870	"[""G03AA05""]"
725072	"[""N06CA03""]"
753437	"[""N06BA04""]"
861366	"[""B01AX05""]"
861489	"[""D07AD01""]"
863619	"[""G04BD04""]"
884532	"[""N06BA02""]"
896969	"[""V04CF01""]"
904788	"[""D02AE01""]"
308396	"[""A11GA01""]"
309245	"[""R06AB04""]"
309632	"[""L04AD01""]"
707251	"[]"
758027	"[""L03AB07""]"
727415	"[""V03AB54""]"
865208	"[""N04BD01""]"
894814	"[""N02AA01""]"
894889	"[""A07BC04""]"
897661	"[""C08DA01""]"
900388	"[""J01FF01""]"
905273	"[""N04AA01""]"
94048	"[""N02BE01""]"
966232	"[""H03AA01""]"
968851	"[""N07BA01""]"
991336	"[""N05AA01""]"
992168	"[""L01AA05""]"
892560	"[""N02AA01""]"
905347	"[""J01AA01""]"
992536	"[""D01AE15""]"
993892	"[""N02BE01"", ""R05DA04""]"
308358	"[""A01AD05"", ""B01AC06"", ""N02BA01"", ""N05BC01""]"
308374	"[""A11CA01"", ""A11GA01"", ""A11HA01""]"
309002	"[""V03AN01"", ""V03AN02""]"
309237	"[""R01BA01"", ""R06AB04""]"
311207	"[""P02CF01""]"
311644	"[""A06AC06""]"
205074	"[""A02AC01""]"
205905	"[""D01AA08"", ""D01BA01""]"
206517	"[""S02CA03""]"
206372	"[""C05AA01"", ""D07AA02"", ""D07AB02"", ""D07AB11"", ""D07AC16"", ""D07XA01""]"
206749	"[""N03AB04""]"
206772	"[""N01BX01""]"
995803	"[""R01BA01"", ""R05CA03"", ""R05DA04""]"
998704	"[""A02AC01""]"
343030	"[""R05FB02""]"
351109	"[""R03BA02""]"
404413	"[""N07BC01""]"
795559	"[""B03AA02""]"
892648	"[""N02AA01""]"
309012	"[""L01AD01""]"
348804	"[""G03AA07""]"
646459	"[""N02BE01""]"
746811	"[""R03BA07""]"
723896	"[""M01AX05""]"
749762	"[""G03AB03""]"
861797	"[""A10BD03""]"
630974	"[""N05AX08""]"
757682	"[""R05CA03""]"
861173	"[""C01BC03""]"
866510	"[""C07AB02""]"
891172	"[""R01BA03"", ""R05CA03"", ""R05DA03""]"
891301	"[""R05CA03""]"
892275	"[""H03AA01""]"
894887	"[""J01EE02""]"
897783	"[""C09BB10""]"
309036	"[""A06AB05""]"
2003712	"[""D08AX08""]"
729201	"[""J05AX09""]"
790300	"[""S01AA01"", ""S03AA08""]"
731564	"[""J01CE08""]"
763507	"[""A04AA02""]"
792568	"[""D10AE01""]"
885859	"[""A07EC04""]"
895021	"[""N06BA09""]"
966747	"[""P02CF01""]"
978001	"[""A07DA03""]"
994228	"[""A01AD05"", ""B01AC06"", ""M03BA02"", ""N02BA01"", ""R05DA04""]"
991298	"[""D08AG03""]"
993688	"[""N06AX12""]"
308728	"[""A02AA01"", ""A02AC01"", ""A02BX12"", ""A06AD01"", ""A12AA04""]"
309125	"[""C10AA06""]"
310006	"[""A04AA04""]"
310571	"[""B05CX03""]"
310665	"[""C02CC02""]"
310660	"[""R03DA04"", ""R05CA03""]"
311033	"[""A10AB01""]"
1090743	"[""R01BA02""]"
311955	"[""C10AD02""]"
1988330	"[""C08DB01""]"
1988421	"[""D01AE18""]"
198996	"[""A11GA01"", ""B03AA07""]"
2043464	"[""J05AR11""]"
2049281	"[""N02BE01"", ""R01BA02"", ""R05DA09""]"
2054170	"[""B05AA01""]"
206424	"[""J01DD02""]"
206272	"[""N05AH01""]"
207051	"[""A14AB01""]"
205833	"[""J01CA01""]"
995595	"[""C07AG01"", ""N05BB01""]"
996251	"[""R01BA02"", ""R05CA03"", ""R05DA04""]"
996525	"[""R05FB02""]"
996603	"[""N06DX01""]"
313323	"[""A11DA01""]"
313981	"[""B03AA07""]"
349253	"[""C02KX01""]"
389031	"[""A01AC04"", ""A07EA01"", ""C05AA04"", ""H02AB06"", ""S03BA02""]"
315112	"[""R01BA02"", ""R05CA03""]"
826828	"[""A08AA01""]"
829974	"[""J07AF01"", ""J07AM01""]"
834061	"[""J01CE02""]"
692688	"[""G03BA01""]"
308230	"[""A09AA01""]"
311219	"[""A07BC01"", ""A07BC02""]"
198365	"[""N05AB04""]"
2000031	"[""L01EL01""]"
352058	"[""N02CC07""]"
359278	"[""R01BA53""]"
825318	"[""R03BA08""]"
617425	"[""J01CA04""]"
618469	"[""A05AA01""]"
647888	"[""N02BE01""]"
672519	"[""A11HA05""]"
647123	"[""N03AX14""]"
745718	"[""A03AX13""]"
728231	"[""C01EB18""]"
687059	"[""D03AX01""]"
705008	"[""J01DD08""]"
746746	"[""A01AA01""]"
749184	"[""R01BA03"", ""R05CA03""]"
753486	"[""G03AA07""]"
724602	"[""N04BA02""]"
744846	"[""J05AJ01""]"
790473	"[""A06AB06""]"
881411	"[""A10BB01""]"
894801	"[""N02AA01""]"
308216	"[""A09AA01""]"
310204	"[""G03CA57""]"
665096	"[""R01BA03"", ""R05DB05""]"
744808	"[""J01DH04""]"
799048	"[""J01AA02""]"
797544	"[""D08AX05""]"
860918	"[""N05AB02""]"
863181	"[""D05AC01""]"
889622	"[""A03CA02""]"
895895	"[""P02BA01"", ""P02CC01"", ""P02CF01""]"
897844	"[""C09BB10""]"
991359	"[""N05AA01""]"
308973	"[""N03AF01""]"
308971	"[""N03AF01""]"
309816	"[""C10AX01""]"
310296	"[""N02AB03""]"
312138	"[""N03AF02""]"
312512	"[""A12BA01""]"
1088146	"[""S01XA20""]"
1088217	"[""S01XA20""]"
199308	"[""D01AE12""]"
205802	"[""N05CM08""]"
205739	"[""S01EB03""]"
994514	"[""A02BC01""]"
313137	"[""J01EE01""]"
313941	"[""D01AE14""]"
314240	"[""R03DA04""]"
349199	"[""C09CA03""]"
349320	"[""D08AG03""]"
996712	"[""R05FA02"", ""R01BA02"", ""R05CA03"", ""R05DA04""]"
806656	"[""S01XA03""]"
831338	"[""C08DB01""]"
966820	"[""D07AC10""]"
997218	"[""N06DA02""]"
899439	"[""N06BA11""]"
1091012	"[""N02BE01"", ""R06AB04""]"
1986378	"[""B05BA02""]"
1994395	"[""N02BF02""]"
205908	"[""N05AD01""]"
206878	"[""M01AE01""]"
996989	"[""N02AJ07""]"
997518	"[""G04BA01"", ""R01BA03"", ""R05DA04"", ""R06AB04""]"
313496	"[""N06AA06""]"
314111	"[""N06AX11""]"
315106	"[""C10AB04""]"
347696	"[""V03AN01"", ""V03AN04""]"
374391	"[""A02BA03""]"
801878	"[""A12AA07"", ""A12CA01"", ""A12CC01"", ""B05CB01"", ""B05CX01"", ""B05XA03"", ""B05XA07"", ""B05XA11"", ""V04CA02"", ""V06DC01""]"
806859	"[""R02AD01""]"
809132	"[""R01BA01"", ""R01BA03"", ""R05CA03"", ""R06AB04"", ""R06AC01""]"
809316	"[""D10AE01""]"
824574	"[""R02AD01""]"
827679	"[""R05CA03""]"
830456	"[""A02AC01"", ""A07BA01""]"
996563	"[""N06DX01""]"
313407	"[""S01ED01""]"
313644	"[""A11CA01""]"
349167	"[""H03BB02""]"
827744	"[""C01EB10""]"
834786	"[""A01AD05"", ""B01AC06"", ""N02AC04"", ""N02BA01"", ""N06BC01""]"
836397	"[""N02AJ13""]"
847626	"[""B05BB01""]"
849524	"[""H01BA02""]"
854988	"[""C09AA04""]"
856777	"[""N06AA09""]"
856781	"[""N05BA02"", ""N06AA09""]"
857377	"[""N02BE01"", ""R05DA03""]"
857521	"[""R05CA03"", ""R05DA03""]"
854990	"[""C09AA04""]"
857303	"[""N06AA04""]"
857718	"[""R01BA03"", ""R05DA03"", ""R06AB01""]"
207496	"[""N03AX07""]"
208093	"[""C02AA02"", ""C03AA03""]"
210325	"[""A07AA02""]"
2106377	"[""V03AF04""]"
2109438	"[""D08AC02""]"
211292	"[""N02BA51""]"
212282	"[""A10BG01""]"
2123076	"[""R03AC02""]"
2168599	"[""N02BE01"", ""R01BA02"", ""R05CA03"", ""R05DA09""]"
2174531	"[""R05DA09""]"
2177914	"[""R01BA02"", ""R05DA09"", ""R06AB04""]"
1098244	"[""C05AD07""]"
1099490	"[""R01BA52""]"
1099785	"[""R06AX07""]"
2101296	"[""R01BA02"", ""R05DA09"", ""R06AB01""]"
212112	"[""A09AA04""]"
212345	"[""R03AA01""]"
212397	"[""D10AB02""]"
212405	"[""N05AH03""]"
213439	"[""C03AA04""]"
1100375	"[""A11CC05"", ""A11HA02"", ""A12AA13"", ""B03BB01""]"
1116560	"[""C01EB09""]"
1149622	"[""N05BA05""]"
1193341	"[""L01EJ01""]"
1193454	"[""N02BE01""]"
1233850	"[""G03AA12""]"
1234549	"[""D04AB07""]"
401968	"[""C09AA05""]"
413249	"[""D08AE04""]"
484839	"[""R01BA01"", ""R01BA02"", ""R05CA03""]"
487261	"[""D08AL01""]"
562654	"[""A01AC04"", ""A07EA01"", ""C05AA04"", ""H02AB06"", ""S03BA02""]"
579304	"[""R01BA03"", ""R05CA03""]"
597730	"[""J05AR10""]"
602191	"[""R05CA03""]"
608844	"[""D01AC08""]"
857726	"[""R01BA02"", ""R05CA03"", ""R05DA03"", ""R06AB04""]"
857772	"[""R01BA03"", ""R05DA03"", ""R06AB04""]"
859824	"[""N05AB02""]"
860568	"[""R05CA03"", ""R05DA03""]"
1000981	"[""S01GA04""]"
1005711	"[""A06AD14"", ""C01DA05"", ""N05BC01""]"
1010751	"[""N01BB02""]"
1011825	"[""N01BB52""]"
1012880	"[""R01BA02"", ""R06AA08""]"
1020409	"[""D10AE01""]"
102787	"[""J01FF02""]"
1037273	"[""N02BE01""]"
1037307	"[""R01BA01"", ""R06AB05"", ""R06AC01""]"
1038759	"[""D08AG02""]"
1046908	"[""A03BA01"", ""A03BA03"", ""A16AX11"", ""G04BX12"", ""J01XX05"", ""V03AB17"", ""V04CG05""]"
1048059	"[""A03BA03""]"
1048316	"[""A03BA03"", ""G04BX12"", ""J01XX05""]"
1049182	"[""R01BA03""]"
1050241	"[""A01AD05"", ""B01AC06"", ""N02BA01""]"
1085614	"[""C05AA12"", ""D01AA01"", ""D07AB09"", ""D07XB02""]"
1085807	"[""R03BA06""]"
2167732	"[""R01BA02"", ""R05DA09"", ""R06AB01""]"
237776	"[""B03BA01""]"
238754	"[""H02AB09""]"
242691	"[""G04BE01""]"
244523	"[""D01AE12""]"
284544	"[""D10AE01"", ""D10AF01""]"
308118	"[""R03DA05""]"
1658757	"[""R06AA02""]"
1659927	"[""L01XJ02""]"
1661427	"[""B05XA03""]"
1666374	"[""C01CA06""]"
208631	"[""J01EA01""]"
1117539	"[""N02BE01""]"
404595	"[""N03AX14""]"
577648	"[""N05BA12""]"
596934	"[""N06AX21""]"
859938	"[""R05CA03"", ""R05DA03""]"
1000500	"[""G03FA12""]"
1010745	"[""N01BB02""]"
1011738	"[""C09XA02""]"
1011724	"[""C09CA03"", ""C09XA02""]"
1044608	"[""A03BA03""]"
1046648	"[""S01GA01""]"
104895	"[""A04AA01""]"
1048981	"[""D11AX11""]"
1050119	"[""P02CC01""]"
1053350	"[""C05AD03"", ""D04AB04"", ""R02AD01""]"
1085805	"[""R03BA06""]"
237631	"[""B05CX01"", ""V04CA02"", ""V06DC01""]"
238144	"[""A01AD05"", ""B01AC06"", ""N02BA01""]"
240093	"[""N02BE01""]"
249465	"[""C05AX06""]"
260350	"[""C01AA05""]"
252965	"[""D08AG02""]"
577378	"[""J01FA10""]"
349625	"[""R01BA03"", ""R05CA03""]"
832909	"[""A11CC55""]"
836370	"[""R03BB01""]"
861482	"[""N02AB02""]"
966237	"[""H03AA01""]"
308687	"[""D10AE01""]"
311975	"[""N07BA01""]"
1087208	"[""B03AE01""]"
198708	"[""D11AX11""]"
1992832	"[""A10BD24""]"
2001100	"[""L01DB01""]"
2044732	"[""N04BB01""]"
204759	"[""A02AA04"", ""G04BX01""]"
205247	"[""C04AC01"", ""C10AD02""]"
206048	"[""D07AB21""]"
206605	"[""P02CA01""]"
206972	"[""N01AX03""]"
206963	"[""C01EB03"", ""M01AB01""]"
315120	"[""C05AA01"", ""D07AA02"", ""D07AB02"", ""D07AB11"", ""D07AC16"", ""D07XA01"", ""D10AB02""]"
316156	"[""C09AA03""]"
318202	"[""D10AF02""]"
384788	"[""A09AA01""]"
806013	"[""C01EB16"", ""M01AE01"", ""M01AE14""]"
807016	"[""D02AE51""]"
807213	"[""A06AB02""]"
831054	"[""C08DB01""]"
833695	"[""C05AE03"", ""C08DB01""]"
833709	"[""N02AX02""]"
311167	"[""J04AC01""]"
1988324	"[""C08DB01""]"
996202	"[""S01GA02"", ""S01XA20""]"
834351	"[""C01BD01""]"
853499	"[""N02BA01""]"
855675	"[""N03AB02""]"
856662	"[""M03CA01""]"
857518	"[""R05CA03"", ""R05DA03""]"
208076	"[""C03CA04""]"
208678	"[""N05CD05""]"
209016	"[""N02AX03""]"
209442	"[""N02BE01""]"
210513	"[""D08AK06""]"
211835	"[""A01AD05"", ""B01AC06"", ""N02BA01""]"
2122526	"[""J05AR25""]"
212837	"[""D01AE12""]"
213557	"[""G04BX03""]"
2169295	"[""A06AB06""]"
2197238	"[""N01BA05""]"
237165	"[""C01AA05""]"
237788	"[""V03AF03""]"
237792	"[""A11HA02""]"
1090699	"[""R01BA02""]"
309286	"[""B06AA04""]"
312172	"[""V03AN01""]"
1088255	"[""L01EB02""]"
204691	"[""A06AB05""]"
205326	"[""C09AA03""]"
205316	"[""N03AX11""]"
206279	"[""N05AH01""]"
206629	"[""S01FA06""]"
207936	"[""C03AA03""]"
995255	"[""N05BB01""]"
313525	"[""N06AX02""]"
313661	"[""A11CA01""]"
315175	"[""A06AB04""]"
347697	"[""V03AN01"", ""V03AN03""]"
823982	"[""C09BA03""]"
844591	"[""R03DA04""]"
845977	"[""D10AE01""]"
849512	"[""H01BA02""]"
851750	"[""N03AX09""]"
852903	"[""R05CB03""]"
854801	"[""S01BC03""]"
857216	"[""V03AE02""]"
830871	"[""C05AE03"", ""C08DB01""]"
832924	"[""A11CC55""]"
857822	"[""R01BA03"", ""R05DA03"", ""R06AB04""]"
858617	"[""C08CA04""]"
208417	"[""J01EA01"", ""J01EC01""]"
208484	"[""D10AE01""]"
209075	"[""B03BA01""]"
2121061	"[""L01ED02""]"
214119	"[""D05AC01""]"
1092602	"[""D08AC02""]"
1092680	"[""D01AC08"", ""D08AE05""]"
1098443	"[""N02BE01"", ""R05CA03"", ""R05DA09""]"
1098896	"[""R05CA03"", ""R05DA09"", ""R06AB01""]"
1100258	"[""A06AA02"", ""A11CC05"", ""A11DA01"", ""A11GA01"", ""A11HA01"", ""A11HA02"", ""A11HA04"", ""A12AA13"", ""B03BB01"", ""R05CA02"", ""V03AB21""]"
1101840	"[""N01BX03""]"
1111099	"[""R05CA03""]"
1113009	"[""N03AX21""]"
1114074	"[""L01EX04""]"
1116088	"[""L02AE02""]"
1147659	"[""D01AE12""]"
1189191	"[""H03AA01""]"
1091188	"[""N06BA04""]"
1099097	"[""G03AA07""]"
1102142	"[""D01AE18""]"
1188452	"[""R01BA01""]"
1190897	"[""A03BA01"", ""R03CA02"", ""R06AB04""]"
1193240	"[""A01AA01""]"
425319	"[""R01BA53""]"
477225	"[""D02AE01""]"
578325	"[""C09DA06""]"
582330	"[""N02CC01""]"
582976	"[""H01AC01""]"
583182	"[""R03DA01"", ""R05CA03""]"
602617	"[""N02BE01"", ""R05CA03""]"
858746	"[""A05AA02""]"
858851	"[""R01BA03"", ""R05DA03"", ""R06AB04""]"
859341	"[""R05CA03"", ""R05DA03""]"
860092	"[""M01AB15""]"
860454	"[""R01BA02"", ""R05CA03"", ""R05DA03""]"
1006685	"[""D10AF06""]"
1038791	"[""D08AJ01""]"
1039942	"[""D08AX08""]"
1044470	"[""D08AC02""]"
1045314	"[""N02BE01"", ""N06BC01""]"
1046598	"[""S01GA01""]"
1046862	"[""A03BA01"", ""A03BA03"", ""A04AD01"", ""N03AA02"", ""N05CM05""]"
1047451	"[""D08AJ01""]"
1048309	"[""A03BA03"", ""G04BX12"", ""J01XX05""]"
1049696	"[""N02AA05""]"
1049725	"[""D04AA32""]"
1049904	"[""R06AA02""]"
1086242	"[""A01AC01"", ""C05AA12"", ""H02AB08"", ""R03BA06""]"
1086249	"[""A01AC01"", ""C05AA12"", ""H02AB08"", ""R03BA06""]"
242333	"[""G03CA03""]"
242446	"[""S02AA16""]"
245249	"[""D01BA01""]"
261370	"[""M01AH02""]"
284422	"[""B01AD11""]"
1655728	"[""L04AB04""]"
1658659	"[""B01AB01""]"
1661325	"[""R05DA04"", ""R06AX07""]"
1720002	"[""C05AX06""]"
1730192	"[""N02BE01"", ""R05CA03"", ""R05DA09""]"
1734686	"[""J01DH03""]"
1737636	"[""C01BB01""]"
1092357	"[""N03AF03""]"
1093073	"[""G03GB02""]"
1101368	"[""R06AB04""]"
1116098	"[""D08AJ01""]"
1189683	"[""A12AA07"", ""A12BA01"", ""A12CA01"", ""A12CC01"", ""B05CB01"", ""B05CX01"", ""B05XA01"", ""B05XA03"", ""B05XA07"", ""B05XA08"", ""B05XA11"", ""G04BA03"", ""V04CA02"", ""V06DC01""]"
485416	"[""N05BA12""]"
604664	"[""R01BA53""]"
858601	"[""C08CA04""]"
860264	"[""R05CA03"", ""R05DA03""]"
1000905	"[""S01EB01""]"
1038841	"[""A01AA01""]"
1041524	"[""S02DA30""]"
1041846	"[""D01AA01""]"
1046969	"[""A03BA01"", ""A03BA03"", ""A04AD01"", ""N03AA02"", ""N05CM05""]"
1049563	"[""N02AA05""]"
243324	"[""R03DA04"", ""R05CA03""]"
240377	"[""B03XA01""]"
1233711	"[""B02AB02""]"
428898	"[""M01AX05"", ""M01AX25""]"
579299	"[""R05CA03""]"
602964	"[""N05AX12""]"
603208	"[""L01EB02""]"
608618	"[""H03BB02""]"
860532	"[""C07AG02""]"
1001691	"[""A11CC55"", ""B02BA01""]"
1005844	"[""D10AB02"", ""D10AF06""]"
1043753	"[""D10AX03""]"
1047766	"[""A03BA01"", ""A03BA03"", ""A04AD01"", ""N03AA02"", ""N05CM05""]"
1049905	"[""R06AA02""]"
243587	"[""D04AB04""]"
248426	"[""D08AE04""]"
249364	"[""L01BC01""]"
259533	"[""A02AA04"", ""A02AB01"", ""A02AB02"", ""G04BX01""]"
261169	"[""D01AC01""]"
285018	"[""A10AE04""]"
1665060	"[""J01DB04""]"
1670198	"[""N03AB05""]"
1730211	"[""N02BE01"", ""R05CA03"", ""R05DA09"", ""R06AA09""]"
212339	"[""J01DB01""]"
2196792	"[""R03BA07""]"
1092462	"[""R06AA02""]"
1192980	"[""A01AD05"", ""A09AB04"", ""B01AC06"", ""B05CB04"", ""N02BA01""]"
1233862	"[""A01AA01""]"
562319	"[""N06BA05""]"
1049693	"[""N02AJ18""]"
238159	"[""N02BE01""]"
245593	"[""A01AA01""]"
1716036	"[""A11CA01"", ""A11CC05""]"
1720258	"[""B03BB01""]"
1721458	"[""J01CF06""]"
1734665	"[""D01AC01"", ""D06AX07"", ""D07AC13"", ""R03BA07"", ""S03AA06""]"
1721571	"[""L01EB04""]"
1049549	"[""A01AC02"", ""C05AA09"", ""H02AB02"", ""S03BA01""]"
1745438	"[""C05AD01""]"
1788841	"[""A03AX13""]"
1788839	"[""D08AX08""]"
1791240	"[""C08DB01""]"
1793760	"[""D10AB02""]"
1795169	"[""B05BB02""]"
1795170	"[""B05BB01""]"
1796460	"[""N02BE01""]"
1797880	"[""H01CA02""]"
284589	"[""N02CC05""]"
284412	"[""G03CA03""]"
310411	"[""B03AA02"", ""B03BB01""]"
311248	"[""A09AA04""]"
312497	"[""A12BA02"", ""A12BA04""]"
312563	"[""D08AG02""]"
312190	"[""J01AA06""]"
199249	"[""J05AE03""]"
1994362	"[""L01EL01""]"
200139	"[""M02AB01""]"
205848	"[""G03CA01"", ""L02AA03""]"
205880	"[""A10BB01""]"
201653	"[""N05AG02""]"
313217	"[""G04CA03""]"
313252	"[""J01AA07""]"
313869	"[""N03AA02""]"
314076	"[""C09AA03""]"
314242	"[""A11DA01""]"
315199	"[""L03AA09""]"
343013	"[""C01DA08"", ""C05AE02""]"
359145	"[""R03CC02""]"
802550	"[""J01CA04""]"
805663	"[""N06BA13""]"
809998	"[""N03AX18""]"
826614	"[""G04CA04""]"
827189	"[""A02BA02""]"
2001441	"[""A11DA01""]"
207089	"[""C03AA08""]"
809246	"[""A09AA01""]"
829029	"[""J01XX05""]"
831844	"[""N06BX12""]"
832086	"[""M03AC01""]"
1093280	"[""L01CD02""]"
1095715	"[""J05AG01""]"
1098670	"[""N06AX06""]"
1111110	"[""A07AA12""]"
1111343	"[""S01GX09""]"
1116145	"[""R05CA03""]"
1116143	"[""R03CA02"", ""R05CA03""]"
1116331	"[""M01AE02""]"
1150838	"[""S01ED03""]"
1150843	"[""S01ED03""]"
1190920	"[""A03BA01"", ""N02AB02""]"
1234882	"[""N02AA08"", ""R06AB04""]"
209399	"[""N02BE01""]"
211344	"[""B03BA03"", ""V03AB33""]"
213405	"[""J05AG01""]"
2173847	"[""R05DA09""]"
2181302	"[""A03BB03"", ""R01BA03"", ""R06AB04""]"
409823	"[""J01DD08""]"
417863	"[""D10AB02""]"
485442	"[""N05CF04""]"
208266	"[""R03DA04""]"
487129	"[""J01FA01""]"
541754	"[""N05BC01""]"
543021	"[""G04BD10""]"
602855	"[""J01FA15""]"
616116	"[""L04AX04""]"
858900	"[""R01BA03"", ""R05DA03"", ""R06AB06""]"
859939	"[""R01BA03"", ""R05CA03"", ""R05DA03""]"
860147	"[""R01BA03"", ""R05DA03""]"
1012754	"[""R06AA08""]"
1040022	"[""H01AA01""]"
1043389	"[""D07AD01""]"
1044936	"[""P03AX05""]"
1046575	"[""M02AB01""]"
1046775	"[""A03BA03""]"
1053658	"[""N02AB03""]"
1053854	"[""D07AC21""]"
1049423	"[""A06AD15""]"
260054	"[""D08AE04""]"
284428	"[""A09AA01""]"
308047	"[""N05BA12""]"
1655054	"[""B02BC30""]"
1657212	"[""R03DX05""]"
1665473	"[""A16AX13""]"
1673951	"[""J01BA01""]"
1006120	"[""S01AB04""]"
1052936	"[""D11AX12""]"
105825	"[""M01AB08""]"
250582	"[""J01DB01""]"
284140	"[""P03AX05""]"
1657173	"[""N02CC01""]"
1726440	"[""L01FC01""]"
1728783	"[""N02AA01""]"
1729418	"[""L01CA04""]"
1730077	"[""N05AA01""]"
1736478	"[""B01AC16""]"
260299	"[""J07AF01""]"
1747697	"[""J05AR17""]"
1793062	"[""N02CC01""]"
1797865	"[""R01AD09""]"
1801298	"[""A12BA01""]"
1807547	"[""B05CB01"", ""B05XA03""]"
1807513	"[""J01XA01""]"
1790877	"[""B03BB01""]"
1658149	"[""J07BC01""]"
1722916	"[""J01DC05""]"
1807636	"[""B05XA03""]"
1808194	"[""R01BA53""]"
1809067	"[""J06BA01""]"
1809422	"[""J06BA01""]"
1859009	"[""M03AC01""]"
1860139	"[""A12BA01""]"
1862697	"[""A10BD20""]"
1868494	"[""C01DA02""]"
1869797	"[""D04AB01""]"
1921589	"[""L01XK03""]"
1927026	"[""R05DA09"", ""R06AB04""]"
1939340	"[""D04AB01""]"
1944254	"[""N02BE01"", ""R05CA03"", ""R05DA09""]"
1870112	"[""M02AB01""]"
1241948	"[""R01BA02"", ""R06AB04""]"
1242123	"[""R02AA19""]"
1244576	"[""A03BB03"", ""R06AB04""]"
1244968	"[]"
1247831	"[""A06AA02"", ""A06AB04""]"
1248057	"[""R01BA53""]"
1251355	"[""A02AD03""]"
1251612	"[""N05CA03""]"
1291292	"[""A07EA02"", ""D07AA02"", ""D07XA01""]"
1292826	"[""J07BL01""]"
1293298	"[""N02BE01"", ""R01BA02"", ""R05DA09"", ""R06AB04""]"
1293580	"[""D10AB02"", ""D10AE01""]"
1293506	"[""N02CA52""]"
1293841	"[""C05AD07"", ""D04AB07""]"
1293854	"[""C05AD07"", ""C05AX06""]"
1293997	"[""D04AB07"", ""D07AA02"", ""D08AH30""]"
1297759	"[""C07AB05""]"
1297956	"[""R01BA53""]"
1300211	"[""R01BA02"", ""R06AB01""]"
1300288	"[]"
1312265	"[""C05AD01"", ""D04AB01""]"
1314768	"[""J01GB01""]"
1359015	"[""R01BA01"", ""R05DA04"", ""R06AB01""]"
1359154	"[""N02BE01"", ""R01BA02"", ""R05CA03"", ""R05DA09""]"
1362052	"[""B01AB01""]"
1362221	"[""C05AA01"", ""C05AD07""]"
1363308	"[""R06AB04""]"
1363787	"[""R01BA03""]"
1364579	"[""P03AX06""]"
1366794	"[""C05AD01""]"
1368280	"[""D01AA01"", ""D06AX04"", ""D07AB09"", ""D07XB02""]"
1368960	"[""A07EC02""]"
1369903	"[""N02BE01"", ""R01BA02"", ""R05DA09"", ""R06AB04""]"
1370026	"[""N02BE01"", ""R01BA02"", ""R05DA09""]"
1372449	"[""C05AD03"", ""D04AB04""]"
1372890	"[""C05AA01"", ""C05BB05"", ""D07AA02"", ""D07AB02"", ""D07AB11"", ""D07AC16"", ""D07XA01"", ""D08AE03""]"
1373142	"[""D04AB01""]"
1373137	"[""D04AB01""]"
1424008	"[""D01AE12"", ""D10AB02"", ""D10AE01""]"
1428830	"[""D06AX05""]"
1429568	"[""A07BC04""]"
197726	"[""L02BB01""]"
197887	"[""C09BA03""]"
197960	"[""C02LB01""]"
198071	"[""M01CC01""]"
1439896	"[""C02KX05""]"
1441371	"[""A11GA01""]"
1542981	"[""N02AJ22""]"
1362720	"[""C01BB02""]"
1534855	"[""D01AE04""]"
1721474	"[""J01CA01""]"
1723168	"[""R02AD01""]"
1726682	"[""R06AA10""]"
1730076	"[""N05AA01""]"
1731355	"[""L01BC01""]"
1736585	"[""V03AF02""]"
1737789	"[""P02CA01""]"
1738483	"[""N06AB05""]"
1739890	"[""J01DC01""]"
1743879	"[""C01CA04""]"
1789958	"[""M03AX01""]"
1790382	"[""J06BB01""]"
1806966	"[""A09AA01""]"
1809448	"[""J06BA01""]"
1860494	"[""R05DA03""]"
1876729	"[""D04AB01""]"
1939299	"[""L04AG04""]"
1947133	"[""H02AB08""]"
1243495	"[""R01BA02""]"
1244014	"[""A11CC05""]"
1244508	"[""C05AX04""]"
1245095	"[""D11AX12""]"
1246317	"[""R03AK07""]"
1248171	"[""A06AA02""]"
1249528	"[""A12BA05""]"
1251020	"[""D01AE04""]"
1251371	"[""R02AA06""]"
1251788	"[""D08AJ03"", ""D09AA07""]"
1293862	"[""N02CA02""]"
1297521	"[""R06AA02""]"
1298113	"[""C01BC08""]"
1305257	"[""N02BE01"", ""R01BA02""]"
1291987	"[""A02BC01"", ""J01CA04"", ""J01FA09""]"
1305902	"[""B02BB01"", ""B02BC06"", ""B02BD30""]"
1310624	"[""R01BA02"", ""R05CA03""]"
1313300	"[""R01BA02"", ""R05DA09""]"
1356588	"[""N03AX22""]"
1357556	"[""N02BE01"", ""R01BA02"", ""R06AB01""]"
1359371	"[""R01BA01"", ""R06AB01""]"
1360100	"[""G03CA03""]"
1367702	"[""S03CA06""]"
1371202	"[""R05DA09"", ""R06AA09""]"
1373024	"[""D08AG03""]"
1373503	"[""G03AB03""]"
1424042	"[""C05AD01"", ""D04AB01"", ""D08AE05""]"
1425967	"[""R01BA02"", ""R05CA03""]"
1427002	"[""D04AB01""]"
1433550	"[""P02CC01""]"
197508	"[""A02BA01""]"
197549	"[""L01AA01""]"
197712	"[""G03BA01""]"
197769	"[""C03AA03""]"
197807	"[""M01AE01""]"
197818	"[""M01AB01""]"
197901	"[""N05BA06""]"
197956	"[""C02AB01""]"
197977	"[""C03BA08""]"
198052	"[""A04AA01""]"
198107	"[""M01AC01""]"
198114	"[""A12BA02"", ""B05CB02""]"
1489542	"[""D08AX01""]"
1490677	"[""R06AX07""]"
1492052	"[""R05DA09"", ""R06AX07""]"
152698	"[""M01AC06""]"
153580	"[""G03DA04""]"
1543567	"[""D01AE18""]"
1549696	"[""B06AA03""]"
1552226	"[""D04AB04""]"
1308577	"[""R01BA03"", ""R05DA03""]"
1812419	"[""N03AX11""]"
1870294	"[""A12CC01""]"
1927957	"[""G03AA05""]"
1939361	"[""R06AX07""]"
1944266	"[""C10AA01""]"
1945212	"[""N05CH01"", ""N06AX01""]"
1244496	"[""P03AX05""]"
1251495	"[""G03FA01""]"
1251783	"[""R06AA02""]"
1291949	"[""N02BE01"", ""R01BA02"", ""R05DA09""]"
1294374	"[""N02CA02"", ""N03AA02""]"
1294545	"[""A08AA10""]"
1312280	"[""J01ED01""]"
1356786	"[""R01BA02"", ""R05CA03""]"
1358435	"[""R01BA01"", ""R05CA03"", ""R05DA09""]"
1358510	"[""H02AB04""]"
1363371	"[""R01BA02"", ""R05CA03""]"
1363788	"[""R01BA03"", ""R06AC01""]"
1366116	"[""D06AX05""]"
1375110	"[""R01BA03"", ""R05DB05"", ""R06AB02""]"
1375107	"[""A01AC02"", ""C05AA09"", ""H02AB02"", ""S03BA01""]"
1423319	"[""D01AE12""]"
197869	"[""N04BA01""]"
197886	"[""C09BA03""]"
198146	"[""H02AB07""]"
198204	"[""N02BE01""]"
1596460	"[""S03CA06""]"
1606985	"[""P03AX05""]"
1648217	"[""P02BA01"", ""P02CF01""]"
1652093	"[""R05DA04""]"
1862280	"[""R06AX13""]"
1251276	"[""A03BB03"", ""R01BA02""]"
1421073	"[""H03AA01""]"
1432488	"[""N02BE01"", ""R05CA03"", ""R05DA09""]"
1598039	"[""D08AJ01"", ""P03AX06""]"
1650982	"[""R05CA03"", ""R05DA03""]"
1806718	"[""N02AA05"", ""N07BB04""]"
1860480	"[""L01CD02""]"
1864425	"[""S01LA04""]"
1942846	"[]"
197366	"[""N06AA17""]"
1236115	"[""N02AA08"", ""R05CA03""]"
1242740	"[""R05FB02""]"
1245700	"[""A06AA02"", ""A06AB04""]"
1245736	"[""R01BA02""]"
1298066	"[""S01FA04""]"
1298900	"[""N05AE02""]"
1299903	"[""N03AG06""]"
1312713	"[""N02BA51""]"
1356345	"[""R05CA13""]"
1358210	"[""R05DA09""]"
1359242	"[""P02CC01"", ""P02CF01""]"
1358506	"[""D07AA01"", ""D07AC14"", ""D10AA02""]"
1360096	"[""A10BX05""]"
1360440	"[""N02AE01""]"
1373016	"[""J01DD08""]"
1421616	"[""A09AA01""]"
198077	"[""N05AB03""]"
198108	"[""M01AC01""]"
1442266	"[""D11AX11""]"
1489229	"[""A06AA01""]"
1541099	"[""D07AD01""]"
1545036	"[""D10AE01"", ""J01AA02""]"
1550946	"[""M04AC01""]"
1604323	"[""D08AJ01""]"
1300267	"[""M01AE01""]"
1359952	"[""C01DA02"", ""C05AE01""]"
1597267	"[""L01FX07""]"
1747117	"[""J01DD01""]"
197623	"[""N07BB01""]"
197745	"[""C02AC02""]"
1549456	"[""H01AX01""]"
1549708	"[""A12CB02""]"
1592764	"[""M02AX03""]"
1535978	"[""R01BA03"", ""R05DA03"", ""R06AB04""]"
1542803	"[""N01BA05""]"
672601	"[""N02BE01""]"
644487	"[""N02BE01"", ""R05CA03""]"
706958	"[""H05BX01""]"
708180	"[""R01BA02"", ""R06AA08""]"
729773	"[""P03AC01""]"
645146	"[""D11AX01""]"
668579	"[""L01XH01""]"
730976	"[""R05DB05"", ""R06AC01""]"
707327	"[""N02BE01""]"
749849	"[""G03AA09""]"
756245	"[""N02BE01""]"
757594	"[""G03AC01""]"
861012	"[""A10BA02""]"
892496	"[""N02AA01""]"
897063	"[""R06AD01""]"
897781	"[""C09BB10""]"
904311	"[]"
308488	"[""S01CA03""]"
310169	"[""G03CA03""]"
200141	"[""V06DC01""]"
756189	"[""J01EB05""]"
861221	"[""N06BA01"", ""N06BA02""]"
861787	"[""A10BD14""]"
877466	"[""A11DA01"", ""A11GA01"", ""A11HA01"", ""A11HA02"", ""A11HA04"", ""B03BA01"", ""B03BB01""]"
905399	"[""C02AA02"", ""C02DB02"", ""C03AA03""]"
991549	"[""C09BA06""]"
992795	"[""A03BB06""]"
308636	"[""D04AB04"", ""D08AJ08""]"
309472	"[""A01AD05"", ""B01AC06"", ""N02BA01"", ""N06BC01"", ""R05DA04""]"
310203	"[""G03CA57""]"
310899	"[""H02AB09""]"
312539	"[""R05CA02""]"
312515	"[""A12BA01""]"
201860	"[""J04AB30""]"
2049454	"[""N02BE01"", ""R05CA03"", ""R05DA09"", ""R06AA09""]"
205352	"[""R01BA01"", ""R01BA03"", ""R06AB04"", ""R06AC01""]"
205715	"[""G01AX06""]"
2058529	"[""J01AA08""]"
206952	"[""A07AA08"", ""J01GB04""]"
313807	"[""A01AD05"", ""B01AC06"", ""N02BA01""]"
313927	"[""R01BA03"", ""R05DA04"", ""R06AB04""]"
318193	"[""R01BA02"", ""R05CA03"", ""R06AB04""]"
898372	"[""C09BA07""]"
722116	"[""C02KX02""]"
797450	"[""D10AF01""]"
762967	"[""C05BB05"", ""D01AE12"", ""D08AE03""]"
861822	"[""A10BD05""]"
886671	"[""C01BC04""]"
977836	"[""G03AC01""]"
308715	"[""D07XC01""]"
310324	"[""B03AA07""]"
310355	"[""C02LA08"", ""A12BA01"", ""C02AA04""]"
201415	"[""C01DA08""]"
204393	"[""D05AC01""]"
2049505	"[""S03CA06""]"
206285	"[""D07AA02""]"
995283	"[""N05BB01""]"
314203	"[""C09AA06""]"
806450	"[""N06BC01""]"
808513	"[""B03BA01"", ""B03BB01""]"
882548	"[""D10AD01""]"
993763	"[""N02BE01"", ""R05DA04""]"
899932	"[""A06AC07""]"
308346	"[""S01EA03""]"
199655	"[""R03DC01""]"
204874	"[""S01CA03""]"
2050059	"[""J07BC01""]"
205854	"[""C01CE01""]"
207369	"[""M01CC01""]"
998550	"[""A01AB09""]"
314035	"[""N05AD01""]"
349094	"[""R03BA02""]"
807839	"[""R01BA03"", ""R05CA09""]"
826919	"[""A08AA01""]"
846026	"[""N02BE01"", ""R01BA02"", ""R06AB04""]"
977859	"[""N06BA03""]"
978950	"[""G03AB08""]"
669623	"[""R02AA12""]"
628918	"[""G03BA02"", ""G03EK01""]"
705166	"[""R01BA03""]"
701734	"[""A11CA01"", ""A11CC01""]"
727509	"[""B03BA01""]"
687045	"[""N06BA01"", ""N06BA02""]"
750084	"[""D01AE13""]"
751774	"[""A09AA01""]"
754900	"[""R03CC02""]"
756235	"[""B03AA07""]"
755466	"[""A06AD11""]"
861153	"[""R01BA02"", ""R06AB01""]"
861513	"[""D07AD01""]"
896976	"[""C07BG01""]"
904593	"[""C07AA07""]"
979473	"[""C09DA01""]"
889624	"[""A03CA02""]"
701327	"[""R05CA03""]"
749857	"[""G03AB04""]"
797277	"[""D10AF01""]"
758179	"[""B03XA03""]"
795727	"[""N02BA51""]"
797022	"[""H02AB02""]"
863664	"[""G04BD04""]"
863847	"[""N02AA01"", ""N07BB04""]"
864718	"[""N07BC02""]"
864796	"[""N07BC02""]"
866910	"[""C10AC04""]"
880838	"[""N05CH01""]"
883748	"[""A11GA01"", ""A11HA02"", ""B03AA02"", ""B03BB01""]"
897368	"[""M03AX01""]"
901649	"[""A01AC02"", ""C05AA09"", ""H02AB02"", ""S03BA01""]"
905523	"[""N05BA02""]"
93462	"[""J01GB07""]"
966623	"[""R03BA01""]"
993336	"[""P02CA06""]"
995064	"[""R05DA04""]"
966162	"[""H03AA01""]"
993772	"[""N02BE01"", ""R05DA04""]"
309266	"[""C10AC01""]"
309594	"[""B03BA01""]"
310882	"[""S01BA02""]"
311035	"[""A10AB01""]"
311364	"[""J01MA07""]"
311659	"[""H02AB04""]"
312570	"[""S01AX18""]"
312740	"[""R06AC01""]"
198323	"[""N05AB06""]"
198473	"[""N02BA01""]"
204884	"[""N02BE01"", ""R01BA01"", ""R06AB04""]"
205291	"[""J05AG03""]"
313630	"[""A11GA01"", ""B03AA02"", ""B03BA01"", ""B03BB01"", ""V03AB20""]"
313839	"[""G04BE07"", ""N04BC07""]"
795726	"[""G04BA01""]"
731591	"[""J01CE08"", ""J01CE09""]"
992186	"[""J01XX05""]"
308844	"[""A12AA04""]"
312513	"[""A12BA01""]"
1087926	"[""N01AX03""]"
198521	"[""N06BC01""]"
198584	"[""C01EB09""]"
207141	"[""H02AB04""]"
387790	"[""R01AA07""]"
351603	"[""A03AX13""]"
665078	"[""R06AX13""]"
730876	"[""R01BA52""]"
706820	"[""S01XA20""]"
756306	"[""R01BA02"", ""R03DA04"", ""R05CA03""]"
861601	"[""P01CX01""]"
863841	"[""A09AA01""]"
866054	"[""D10AE01""]"
904433	"[""M05BA04""]"
966296	"[""H03AA01""]"
749151	"[""G03AB04""]"
756329	"[""N03AA02""]"
756296	"[""N03AA02"", ""R03DA04""]"
861492	"[""D07AD01""]"
966228	"[""H03AA01""]"
978015	"[""A07DA03""]"
895952	"[]"
966207	"[""H03AA01""]"
309684	"[""H02AB02""]"
309699	"[""R01AD03""]"
309952	"[""B01AC07""]"
309502	"[""A07AA10"", ""J01XB01""]"
198268	"[""P02CA02""]"
198448	"[""N02BE01""]"
2003123	"[""R05CA03""]"
200857	"[""C07AA03""]"
205337	"[""A02AA01""]"
205567	"[""R05CA03""]"
206359	"[""D07AA02"", ""D07AB02"", ""D07AB11""]"
996060	"[""P02BA01"", ""P02CC01""]"
996828	"[""G02AB01""]"
313186	"[""N06DA01""]"
315213	"[""A01AA01""]"
348518	"[""V03AN01"", ""V03AN03""]"
801417	"[""B05BA10""]"
831485	"[""A07EB01"", ""R03BC01""]"
310429	"[""C03CA01""]"
629324	"[""J01FF01""]"
637185	"[""N04BD02""]"
749784	"[""G03AA11""]"
701680	"[""J01CF01""]"
727974	"[""V08AB04""]"
748977	"[""G03AC01""]"
760039	"[""L03AB10""]"
795767	"[""J01FA13""]"
798447	"[""J07AG01""]"
891867	"[""C01EB03"", ""M01AB01""]"
892289	"[""P02BA01""]"
992682	"[""A03BB06"", ""R05DA03""]"
308369	"[""A01AD05"", ""B01AC06"", ""N02BA01"", ""N06BC01""]"
665019	"[""J02AC04""]"
755272	"[""A02BA02""]"
754869	"[""N02BA04"", ""N02BA12"", ""N06BC01"", ""R01BA03"", ""R06AB05""]"
866924	"[""C07AB02""]"
977990	"[""D07AC21""]"
978715	"[""B01AB10""]"
992811	"[""N01BA04""]"
993111	"[""J01CA01"", ""J01CG01""]"
897590	"[""C08DA01""]"
966426	"[""H03AA01""]"
309284	"[""M09AB01""]"
312279	"[""C01DA05""]"
312530	"[""A12BA02""]"
198953	"[""A11HA02""]"
199422	"[""J05AG01""]"
200190	"[""C01EB09""]"
206726	"[""C05AD01"", ""D04AB01""]"
995828	"[""R01BA01"", ""R05CA03"", ""R05DA04""]"
996097	"[""G04CA52""]"
996752	"[""N06DX01""]"
999749	"[""B03AE01""]"
314238	"[""S01FA06""]"
314230	"[""L04AH01""]"
802321	"[""J05AE09""]"
866049	"[""R03AC12""]"
900577	"[""J05AE03""]"
402011	"[""N05AX08""]"
904440	"[""N02AF02""]"
905379	"[""C02DB02""]"
309374	"[""N05AH02""]"
311973	"[""N07BA01""]"
312769	"[""A02BA02"", ""A02BA07""]"
312772	"[""A02BA02""]"
1090627	"[""R01BA02"", ""R05CA03""]"
199206	"[""N07XX02""]"
199906	"[""N06AX02""]"
204675	"[""A03BB03"", ""R01BA01"", ""R06AB04""]"
2056494	"[""H03AA01""]"
996777	"[""R05DA04""]"
997398	"[""R05DA04""]"
313336	"[""D08AK06""]"
313595	"[""S01LA01""]"
314108	"[""J01AA08""]"
314244	"[""C04AB02""]"
315096	"[""G03AA01"", ""G03DC06""]"
809159	"[""L04AB01""]"
827187	"[""A02BA02""]"
827757	"[""R05CA03""]"
835598	"[""N06AA02""]"
309611	"[""B03BA01""]"
198625	"[""B03AA02""]"
2054227	"[""B05AA01""]"
824457	"[""D10AE01""]"
826590	"[""A08AA01""]"
845491	"[""A07EA03"", ""H02AB07""]"
846062	"[""N02BE01"", ""R01BA02"", ""R06AB04""]"
847628	"[]"
856602	"[""J05AC02""]"
857249	"[""N07AB02""]"
857297	"[""N06AA04""]"
857567	"[""G04BD09""]"
847245	"[""H01AC01""]"
208229	"[""R03DA04""]"
208633	"[""J01EA01""]"
209135	"[""R03DA01"", ""R05CA03""]"
209265	"[""R06AC04""]"
2105805	"[""J01CA04""]"
2107511	"[""D04AB01"", ""M02AB01""]"
211641	"[""A02AA04"", ""A02AB01"", ""A02AB02"", ""G04BX01""]"
211747	"[""D08AG02""]"
212567	"[""D07AA02""]"
2122659	"[""L04AA40""]"
2167800	"[""R05CA03"", ""R05DA09""]"
2168270	"[""N01AH01""]"
2173720	"[""R01BA02"", ""R05CA03"", ""R05DA09""]"
2173735	"[""R05CA03"", ""R05DA09""]"
2173947	"[""R05CA03"", ""R05DA09"", ""R06AB02""]"
2183700	"[""R01BA02""]"
1091600	"[""D01AE12""]"
1099074	"[""R05FB02""]"
1099719	"[""R01BA02""]"
1101385	"[""S01GA02""]"
210073	"[""D01AE12""]"
213109	"[""M02AB01""]"
2183676	"[""R01BA52""]"
1113064	"[""R01BA03"", ""R05DA04"", ""R06AE04""]"
1113392	"[""R01BA03"", ""R05DA04"", ""R06AD02""]"
1113437	"[""R01BA02"", ""R05DA04"", ""R06AB04""]"
1114135	"[""A09AA01""]"
1115016	"[""N02BF01""]"
1116107	"[""D01AC02"", ""D08AC02""]"
1116450	"[""N05AA04""]"
1117564	"[""D08AJ01""]"
1145622	"[""N02BE01"", ""R05CA03"", ""R05DA09""]"
1190817	"[""S01FA01""]"
1191716	"[""A01AA01""]"
1192981	"[""A06AA02"", ""C05AD03""]"
1189695	"[""H03AA01""]"
403822	"[""A16AB05""]"
405856	"[""N06BA01"", ""N06BA02""]"
406695	"[""D10AE01""]"
413262	"[""D08AE05""]"
476325	"[""J01DC04""]"
578758	"[""A11HA03"", ""C01EB09""]"
616785	"[""C05AD03"", ""D04AB04"", ""D08AX05""]"
858113	"[""C01BA02""]"
858733	"[""A05AA02""]"
859989	"[""V03AB34""]"
860738	"[""C01EB18""]"
1000126	"[""L02AB02""]"
1000856	"[""D06BB04""]"
1000917	"[""S01EB01""]"
1000943	"[""S01EB01""]"
1010082	"[""G03BA03"", ""G03CA03""]"
1010606	"[""N07BC51""]"
1012596	"[""R01BA02"", ""R05DA09"", ""R06AA08""]"
1014322	"[""D08AG03""]"
1037245	"[""R01BA03"", ""R05CA03"", ""R05DB05""]"
1038795	"[""D08AJ01""]"
1039286	"[""R05CA03"", ""R05DA09""]"
1043145	"[""D11AX12""]"
1045362	"[""R05CA03"", ""R05DA09""]"
1048525	"[""R05CA03"", ""R05DB05""]"
1049251	"[""N02AJ17""]"
1049682	"[""D10AE01""]"
1050111	"[""J01CE09""]"
1085691	"[""H02AB08""]"
237510	"[""A12CB02""]"
237867	"[""A02AF02""]"
243450	"[""A02AB01"", ""A02AB02""]"
245248	"[""D01BA01""]"
248113	"[""J05AB03""]"
260126	"[""A07EA01"", ""H02AB06"", ""S03BA02""]"
260405	"[""A01AC04"", ""A07EA01"", ""C05AA04"", ""H02AB06"", ""S03BA02""]"
1659147	"[""B05CB04""]"
1659183	"[""C10AX14""]"
1660196	"[""J05AP07""]"
1667913	"[""C01CA02"", ""R03AB02"", ""R03CB01""]"
213499	"[""A01AB02""]"
1112703	"[""D08AJ03"", ""D09AA07""]"
1189779	"[""C03AA03""]"
1191224	"[""V03AB15""]"
606786	"[""D10AE51""]"
858871	"[""R01BA03"", ""R05DA03"", ""R06AB04""]"
1045558	"[""R01BA01"", ""R06AB05"", ""R06AC01""]"
1046529	"[""D08AJ01""]"
1048871	"[""A03BA03""]"
1049253	"[""N02AJ17""]"
1049611	"[""N02AA05""]"
106517	"[""N05CD08""]"
1085785	"[""C05AA12"", ""D07AB09"", ""D07XB02""]"
239202	"[""A07AA08"", ""J01GB04""]"
248747	"[""N05AH01""]"
259290	"[""J01FG02""]"
260323	"[""M01AE04""]"
1658125	"[""J06BB04""]"
1092591	"[""D01AC08"", ""D08AE05""]"
607220	"[""G01AD01""]"
1037336	"[""R01BA01"", ""R06AB05"", ""R06AC01""]"
241514	"[""J01GB01""]"
1116277	"[""C01CA26"", ""R03CA02""]"
1049568	"[""D08AX08""]"
1050789	"[""D01AE12""]"
1014615	"[""N02AJ17""]"
1049882	"[""D04AA32""]"
828367	"[""C05AD07""]"
831718	"[""A01AA01""]"
894911	"[""N02AA01""]"
991294	"[""D08AG03""]"
966158	"[""H03AA01""]"
308762	"[""A07BC04""]"
311354	"[""C09AA03""]"
198326	"[""N05AA05""]"
198906	"[""A12CB02""]"
199890	"[""N03AX11""]"
201126	"[""M01AE01""]"
2047882	"[""G03BA03""]"
2056474	"[""H03AA01""]"
995293	"[""N05BB01""]"
995684	"[""R06AE05""]"
996524	"[""R05FB02""]"
999479	"[""A01AA01""]"
313421	"[""D01AE18""]"
313477	"[""S01AD02""]"
404414	"[""N07BC01""]"
804186	"[""J07BD52""]"
808669	"[""A11GA01""]"
824916	"[""D10AE01""]"
832088	"[""M03AC01""]"
834069	"[""J01CE02""]"
836374	"[""R03BB01""]"
308888	"[""A12AA04""]"
2049401	"[""A09AA01""]"
835596	"[""N06AA02""]"
847961	"[""G03GA05""]"
854927	"[""C09AA04""]"
857098	"[""N02BE01"", ""R05DA03""]"
208355	"[""N01AF03"", ""N05CA19""]"
209128	"[""R03DA01"", ""R05CA03""]"
210086	"[""N02BE01""]"
210629	"[""G03CA57"", ""N05BC01""]"
211322	"[""N06AX11""]"
2119561	"[""N06BA04""]"
213540	"[""D07AC01""]"
213995	"[""M04AA01""]"
2166129	"[""R01BA53""]"
2167157	"[""J06BA01""]"
2168504	"[""R01BA01"", ""R05CA03"", ""R05DA09""]"
2169362	"[""L01FD01""]"
2173843	"[""R01BA02"", ""R05CA03"", ""R05DA09""]"
2176487	"[""R05DA09"", ""R06AB01""]"
1090518	"[""A02BA02""]"
995278	"[""N05BB01""]"
857130	"[""N02BE01"", ""R05DA03""]"
208135	"[""C01AA05""]"
2168603	"[""N02BE01"", ""R01BA02"", ""R05DA09"", ""R06AB04""]"
310311	"[""B03AA02"", ""B03BB01""]"
310587	"[""G03GA01""]"
312643	"[""G03DA04""]"
312674	"[""N01AX10""]"
312849	"[""N04BC04""]"
201901	"[""J02AC01""]"
205075	"[""A02AC01"", ""A12AA04""]"
313067	"[""C02DD01""]"
313322	"[""P02CA02""]"
313759	"[""J05AF03""]"
317831	"[""R03DA04""]"
349556	"[""C10AX09""]"
351750	"[""D06BB04""]"
809006	"[""N04BA02""]"
826916	"[""A08AA01""]"
834206	"[""D08AC02""]"
206961	"[""C07AA12""]"
995666	"[""R06AE05""]"
854859	"[""C01BD07""]"
856586	"[""C03AA03"", ""C07AA05""]"
857366	"[""D01AC03""]"
857748	"[""R01BA03"", ""R05DA03"", ""R06AB04""]"
208228	"[""R03DA04""]"
208334	"[""D10AD01""]"
208437	"[""A07EC01""]"
208471	"[""G04CA03""]"
209441	"[""N02BE01""]"
209662	"[""D01AE18""]"
209769	"[""D06AX04"", ""D06AX05""]"
2108527	"[""A10AF01""]"
211155	"[""N02BE01"", ""N06BC01""]"
211237	"[""S01EB02""]"
213208	"[""A02AA04"", ""A12AA04""]"
2167159	"[""J06BA01""]"
2174532	"[""R05DA09""]"
1095271	"[""A01AB02""]"
1101425	"[""S01GA02""]"
1116341	"[""M01AE02""]"
1145624	"[""S02BA06"", ""S03BA01""]"
1150360	"[""A06AB06""]"
1189597	"[""P03AX05""]"
1091157	"[""N06BA04""]"
1099300	"[""N06AA01""]"
1114697	"[""L01AA09""]"
1115304	"[""R05CA03""]"
1234958	"[""N02AA08"", ""R06AB01""]"
409388	"[""P03AX05""]"
413104	"[""V03AN01"", ""V03AN02""]"
413257	"[""D08AE05""]"
543398	"[""D10AE01""]"
602228	"[""N06BC01""]"
602630	"[""R05FB02""]"
606971	"[""R05CB01""]"
859421	"[""C10AA07""]"
1005860	"[""D10AB02"", ""D10AF06""]"
1006707	"[""S01AB04""]"
1012961	"[""R01BA02"", ""R05DA09"", ""R06AA08""]"
1012943	"[""R01BA03"", ""R05DA03"", ""R06AA08""]"
1020118	"[""D08AE04""]"
1046846	"[""D10AB02""]"
1049678	"[""D10AE01""]"
1049894	"[""R06AB04""]"
1052676	"[""D11AX12""]"
1053855	"[""D08AE04""]"
1085700	"[""H02AB08""]"
1049559	"[""N02AA05""]"
242461	"[""B01AC23""]"
244496	"[""D04AB02"", ""D07AA02""]"
248341	"[""D04AB04""]"
251154	"[""A11CC05""]"
261208	"[""J05AE05""]"
261335	"[""N03AX14""]"
307675	"[""N02BE01""]"
307753	"[""A02AD01""]"
1653767	"[""N02CC01""]"
1658016	"[""J07BK01""]"
1667909	"[""C01CA02""]"
1669873	"[""L01BC02""]"
1729061	"[""B01AC27""]"
1736776	"[""L01XA03""]"
1101055	"[""J01AA02""]"
1115269	"[""H03AA01""]"
1116155	"[""D04AB07""]"
541840	"[""M03BB03"", ""N02BE01""]"
546606	"[""A03BA03"", ""A09AA01""]"
1006688	"[""D10AF06""]"
1048336	"[""G04BX12""]"
105019	"[""N03AX09""]"
238755	"[""H02AB09""]"
1099290	"[""N06AA01""]"
404465	"[""A04AD12""]"
404589	"[""L01EA01""]"
486419	"[""L01BB06""]"
542059	"[""J05AF02""]"
544185	"[""J01DC04""]"
544743	"[""D01AE14""]"
562502	"[""B01AC09""]"
562802	"[""H01AC04"", ""V04CD03""]"
5640	"[""C01EB16"", ""G02CC01"", ""M01AE01"", ""M02AA13"", ""R02AX02""]"
577651	"[""N05BA12""]"
583490	"[""N02AB03""]"
584201	"[""J01AA12""]"
858827	"[""C09BA02""]"
1011093	"[""C01BB01""]"
1014638	"[""D08AX05""]"
1037288	"[""R01BA01"", ""R06AB05"", ""R06AC01""]"
1043755	"[""D10AX03""]"
860667	"[""R05CA03"", ""R05DA03""]"
1046924	"[""A03CB02""]"
1047795	"[""G04BX12""]"
1047916	"[""A03BA03""]"
1052767	"[""R01BA03""]"
238151	"[""A07EC02""]"
243774	"[""N01AH51""]"
244542	"[""D02AF"", ""D10AB02""]"
252062	"[""A06AX01""]"
259191	"[""A11HA02"", ""B03BA01"", ""B03BB01""]"
261278	"[""A03AX13""]"
284548	"[""N05AE04""]"
308105	"[""R03DA05""]"
1657469	"[""J07AF01"", ""J07AM01""]"
1719246	"[""B02BD02""]"
1734208	"[""N01BB09""]"
1736558	"[""C07AB09""]"
1737345	"[""C01BB01""]"
858057	"[""N05AX13""]"
2172091	"[""D08AE05""]"
1234566	"[""R01AA04""]"
416910	"[""D02AF""]"
1014331	"[""R01BA02"", ""R05DB10"", ""R06AB01""]"
1049235	"[""N02AJ17""]"
106387	"[""P03AC04""]"
241162	"[""B01AC13""]"
244967	"[""S01AA30""]"
262219	"[""N02AB03""]"
283880	"[""A09AA01""]"
284194	"[""L03AB10""]"
1666954	"[""N03AB02"", ""N05CA01""]"
1667684	"[""D08AC02"", ""D08AJ08""]"
1673142	"[""N01BB01""]"
1728301	"[""D04AB01"", ""M02AC""]"
211181	"[""A02BA02"", ""A02BA07""]"
1037347	"[""R01BA02"", ""R06AB05"", ""R06AC01""]"
1797844	"[""R01AX03""]"
1797874	"[""R01AD04""]"
1798297	"[""D01AC08"", ""D08AC02""]"
1805285	"[""D01AC08"", ""D08AC02""]"
310759	"[""D07BA04""]"
311415	"[""A02AF01""]"
312183	"[""J01AA06""]"
1090046	"[""S01GX08""]"
199079	"[""N02BE01""]"
2055286	"[""S01BA14""]"
206935	"[""C08CA03""]"
996584	"[""R01BA03"", ""R05DA04"", ""R06AC01""]"
996923	"[""N05AH02""]"
997220	"[""N06DA02""]"
999394	"[""N02BE01""]"
313800	"[""J01CA01""]"
313921	"[""D05AX02""]"
352178	"[""A06AC06""]"
373585	"[""H02AB07""]"
402481	"[""D08AX05""]"
310056	"[""S01GX06""]"
204904	"[""C05AX02""]"
314982	"[""A11GA01"", ""B03AA02"", ""B03BA01""]"
834241	"[""M04AA03""]"
835909	"[""L04AD01""]"
847249	"[""D02AE01""]"
847476	"[""N03AA02""]"
849052	"[""N03AX09""]"
849410	"[""A11CC05""]"
854898	"[""J01MB02""]"
855292	"[""B01AA03""]"
856739	"[""C07AA05""]"
1091632	"[""C08DB01""]"
1092422	"[""R06AA02""]"
1100187	"[""N06DA02""]"
1189689	"[""H03AA01""]"
1190664	"[""S01FA01""]"
1232204	"[""N05CF02""]"
1233032	"[""A11CC05""]"
1236048	"[""R01BA53""]"
208270	"[""R03DA04""]"
208424	"[""S01KA01""]"
209432	"[""N02BE01""]"
209532	"[""N02BE01""]"
211200	"[""B01AC09""]"
211809	"[""A01AA01"", ""A12CD01""]"
212072	"[""A02BA03""]"
213293	"[""L01BC06""]"
2171138	"[""B03BA01""]"
2183672	"[""R01BA03"", ""R06AB04""]"
237210	"[""A03AD01""]"
403930	"[""D10BA01""]"
404063	"[""D10BA01""]"
404458	"[""H01AX01""]"
487056	"[""B01AC11""]"
208330	"[""D10AD01""]"
539903	"[""A01AA01"", ""A12CD01""]"
562062	"[""J01DB04""]"
562521	"[""A06AX01""]"
603711	"[""R01BA03"", ""R05DB05""]"
604020	"[""S01AD09""]"
857131	"[""N02AJ22""]"
859050	"[""N04BC05""]"
859088	"[""R03AC02""]"
859837	"[""N05AB02""]"
1000668	"[""S01EB01""]"
1006116	"[""D10AF06""]"
1006693	"[""D10AF06""]"
1012421	"[""N01BB01""]"
1012764	"[""R01BA03"", ""R06AA08""]"
1037034	"[""A01AA04""]"
1047771	"[""R01BA02"", ""R06AC01""]"
1047881	"[""A03BA03""]"
1049169	"[""R01BA02""]"
1049504	"[""N02AA05""]"
1049884	"[""R06AA02""]"
238720	"[""B02AA02""]"
262071	"[""N02AB03""]"
283610	"[""A11CA01""]"
1658637	"[""B01AB01""]"
1665497	"[""J01MA12""]"
1668248	"[""B05XA19""]"
208264	"[""R03DA04""]"
209495	"[""N02BE01""]"
237998	"[""A09AA01""]"
606726	"[""A02BC05""]"
616114	"[""L04AX04""]"
1005856	"[""D10AF06""]"
1052462	"[""N02BE01""]"
240984	"[""J01CR04""]"
1665702	"[""N02AB02""]"
249611	"[""A12CB02""]"
283858	"[""N04BC04""]"
1664451	"[""N02BE01"", ""R05CA03"", ""R05DA09""]"
1729442	"[""B05AA02""]"
1729516	"[""G03AA05""]"
1729523	"[""C03CA04""]"
1807511	"[""J01XA01""]"
247817	"[""D10AB02""]"
1656646	"[""L04AC02""]"
1741311	"[""B05AA01""]"
1790533	"[""N02AA05""]"
1796710	"[""N02BE01"", ""R05DA09""]"
1801964	"[""N02BE01"", ""R05CA03"", ""R05DA09"", ""R06AB04""]"
1807551	"[""B05XA03""]"
1810999	"[""A10BD16""]"
1863986	"[""B05BB02""]"
1868486	"[""B05XA02""]"
1870968	"[""H02AB13""]"
1873993	"[""L01EF02""]"
1923054	"[""L01EF02"", ""L02BG04""]"
1947507	"[""N02BE01"", ""R05DA09""]"
197389	"[""J01CA06""]"
1243848	"[""A10BD07""]"
1245044	"[""N01AB08""]"
1245230	"[""D08AC02""]"
1245727	"[""R01BA02"", ""R05DA09""]"
1251398	"[""R01AX10""]"
1293628	"[""N01BB52""]"
1294196	"[""R01BA53""]"
1297549	"[""R01BA03"", ""R05DB05"", ""R06AA02""]"
1299166	"[""H03AA01""]"
1301666	"[""A07FA02""]"
1303107	"[""R03BB05""]"
1303325	"[""D01AE04""]"
1303742	"[""N02AA01""]"
1356576	"[""N03AX22""]"
1356835	"[""R01BA02"", ""R05DA03"", ""R06AB01""]"
1357408	"[""R01BA01"", ""R06AB01""]"
1357404	"[""R01BA01"", ""R05DA04"", ""R06AB01""]"
1358441	"[""R01BA02"", ""R05CA03"", ""R05DA09""]"
1359017	"[""R01BA01"", ""R05DA04"", ""R06AB01""]"
1363509	"[""R01BA03"", ""R06AB01""]"
1366873	"[""R01BA02"", ""R05DA03""]"
1373379	"[""P03AX05""]"
1430405	"[""R01BA02"", ""R05CA03"", ""R05DA09""]"
1370952	"[""D08AE05""]"
197502	"[""M03BB03""]"
198046	"[""N06AA10""]"
198055	"[""J01CF04""]"
1489163	"[""P03AX06""]"
1490668	"[""R03BA01""]"
1490774	"[""R03BA01""]"
1491539	"[""R05FB02""]"
1492387	"[""A02AC01"", ""A03AX13""]"
153747	"[""C08CX01""]"
153842	"[""A10BB12""]"
1541091	"[""D10AE01""]"
1541630	"[""R05DA04""]"
1542796	"[""D07AA02""]"
1546040	"[""D06AA04""]"
1547648	"[""D02AF""]"
1549433	"[""D08AC02""]"
1542798	"[""D07AA02""]"
1549317	"[""S01BA04"", ""S03BA02""]"
1719766	"[""A07DA06""]"
1721315	"[""J02AC01""]"
1723232	"[""H01BA02""]"
1726102	"[""L01AA09""]"
1731345	"[""V03AC01""]"
1731540	"[""J01DC05""]"
1735006	"[""N01AH01""]"
1740865	"[""L01BB05""]"
1743279	"[""A02BC05""]"
1743722	"[""H02AB04""]"
1807915	"[""A10BA02""]"
1809034	"[""J06BA01""]"
1940498	"[""A10BD15""]"
1235456	"[""A02AF02""]"
1236086	"[""N02AA08"", ""R06AB04""]"
1237125	"[""R01BA02"", ""R06AB04""]"
1247445	"[""S01JA01""]"
1249797	"[""A11HA03""]"
1293487	"[""R01BA53""]"
1293651	"[""A06AX01""]"
1294026	"[""D04AB07""]"
1294024	"[""D07XA01""]"
1294626	"[""L02AE05""]"
1297757	"[""C07AB05""]"
1314392	"[""R01BA02"", ""R05CA03""]"
1359644	"[""C01DA02"", ""C05AE01""]"
1363212	"[""R01BA02"", ""R06AB04""]"
1369971	"[""R05DB10""]"
1421626	"[""D02AF""]"
1423246	"[""R05CA03"", ""R05DA09""]"
1423483	"[""H03AA01""]"
1437295	"[""D01AE04""]"
197627	"[""C02CA04""]"
198023	"[""N07AA01""]"
1483798	"[""D10AE01""]"
1491562	"[""D01AC02""]"
1536477	"[""N02BE01"", ""R05DA09"", ""R06AB04""]"
1544758	"[""M03CA01""]"
1545668	"[""A10BK03""]"
1545789	"[""C05AD03"", ""D04AB04"", ""D08AJ01""]"
1547928	"[""S01FB01"", ""S01GA05""]"
1808235	"[""N01AX10""]"
1809471	"[""J06BA01""]"
1860492	"[""R05DA03""]"
1871467	"[""N06BA12""]"
1923622	"[""B02BA01""]"
197364	"[""N06AA17""]"
197404	"[""A11CA02""]"
197680	"[""G03CA01""]"
1236095	"[""N02AA08""]"
1246096	"[""D01AE22""]"
1248026	"[""R01BA02"", ""R05DA03""]"
1251196	"[""A06AD11""]"
1251623	"[""N05CA03""]"
1297378	"[""A11CC05""]"
1310147	"[""L01EG02""]"
1356073	"[""D08AX01""]"
1358404	"[""R05FB02""]"
1362935	"[""B01AB01""]"
1366495	"[""R06AE04""]"
1369406	"[""M01AX05""]"
197860	"[""V03AF03""]"
1482689	"[""D01AC18""]"
1488679	"[""B01AC21""]"
152695	"[""M01AC06""]"
1538468	"[""D11AX11""]"
1543162	"[""D04AB06""]"
1604384	"[""L01EX08""]"
1604544	"[""A10AE04""]"
1606483	"[""C05AA01""]"
1652363	"[""A03BA03""]"
197670	"[""G03EA01""]"
1430453	"[""L01EB03""]"
1599169	"[""D02AF""]"
1648195	"[""N06BA04""]"
1858267	"[""J05AF13""]"
1860177	"[""D10AE01""]"
1868843	"[""A06AC06""]"
1869320	"[""M09AX01""]"
1875468	"[""A01AA01"", ""R02AA06""]"
1921468	"[""L04AB04""]"
197590	"[""N05BA01""]"
1236075	"[""N02AA08"", ""R01BA01"", ""R06AB04""]"
1243040	"[""A10BD11""]"
1251011	"[""D01AE04""]"
1290918	"[""A06AC01""]"
1291225	"[""N05CA03""]"
1294376	"[""R05DA09""]"
1298275	"[""D02AF"", ""D10AE01""]"
1305916	"[""P03AX06""]"
1307233	"[""R01BA02"", ""R05CA03""]"
1359109	"[""M01AB55""]"
1362057	"[""B01AB01""]"
1364122	"[""H01CB05""]"
197709	"[""L01BC02""]"
197987	"[""C02DC01""]"
1437968	"[""L01AA01""]"
1441339	"[""N05CH01""]"
1442442	"[""A12AA04"", ""A11CC05""]"
1484809	"[""A01AA01""]"
1494826	"[""D10AF06""]"
153746	"[""C08CX01""]"
1595989	"[""N01BB02""]"
1604331	"[""C04AB02""]"
1608264	"[""D04AB01"", ""M02AB01""]"
1652832	"[""J06BB05""]"
1299242	"[""C01BG01""]"
1539341	"[""S01GA01""]"
1918203	"[""R03AK06""]"
1599557	"[""B01AF03""]"
1651282	"[""A11CC05"", ""A12AA13""]"
1591967	"[""B03XA03""]"
1595292	"[""A09AA01""]"
1596010	"[""M02AB01""]"
1605441	"[""D10AE01""]"
1652830	"[""J06BB05""]"
1806921	"[""A09AA01""]"
1596938	"[""A01AA01""]"
1602561	"[""N05CA01""]"
617311	"[""C10AA05""]"
646333	"[""M02AB01""]"
644134	"[""R01BA03"", ""R05DB05"", ""R06AB01""]"
724861	"[""N06BA13""]"
702184	"[""R01BA02"", ""R06AB02""]"
705875	"[""M05BA08""]"
723832	"[""M01AX05""]"
745286	"[""J01CE01""]"
797807	"[""D07AA02""]"
799040	"[""R03BA08""]"
731245	"[""B03XA02""]"
748368	"[""D10AE01""]"
795618	"[""D02AF""]"
800438	"[""B05BA10""]"
860880	"[""C10AB05""]"
899217	"[""D08AC02""]"
991343	"[""N05AA01""]"
992765	"[""G01AF04""]"
308662	"[""D04AB04""]"
309605	"[""B03BA01""]"
310680	"[""S01CA03""]"
311359	"[""G03AA06""]"
751885	"[""G03AA07""]"
759696	"[""H02AB02""]"
894861	"[""D05BB02""]"
898490	"[""A12BA02""]"
900145	"[""N03AX09""]"
905139	"[""P02CF01""]"
978033	"[""D11AX22""]"
966812	"[""R03AC08"", ""R03CC07""]"
308686	"[""D10AE01""]"
308513	"[""D06AX05""]"
309370	"[""D01AC01""]"
310857	"[""D07CA01""]"
311193	"[""C01DA08""]"
311880	"[""L04AA06""]"
198869	"[""D10AB02""]"
1993222	"[""P01CA02""]"
1995155	"[""A04AD12""]"
207699	"[""N03AA02""]"
995483	"[""R05FA02""]"
753396	"[""G03AA05""]"
309565	"[""N03AA02"", ""R03DA04"", ""R05CA03"", ""R06AB04""]"
797463	"[""B03AE04""]"
800298	"[""B05BA01""]"
861224	"[""N06BA01"", ""N06BA02""]"
885238	"[""D01AE18""]"
896212	"[""R03AK06""]"
993282	"[""D08AG03""]"
896193	"[""R03AK06""]"
902298	"[""J01ED01""]"
905409	"[""C02AA02"", ""C02DB02"", ""C03AA03""]"
903884	"[""N06AB08""]"
309669	"[""L01XX29""]"
309683	"[""S01CA01""]"
310520	"[""V04CA02"", ""V06DC01""]"
198622	"[""B03AA02""]"
1992418	"[""A06AC01""]"
207194	"[""H01CB02""]"
996183	"[""G04BE09""]"
999423	"[""N02BE01""]"
312859	"[""A10BG02""]"
808062	"[""N01BA05""]"
901550	"[""N04BC05""]"
308514	"[""D04AB01"", ""D06AX04"", ""D06AX05""]"
312353	"[""S01FB01"", ""R06AB05""]"
1089121	"[""D01AC02""]"
205145	"[""N02BE01"", ""R01BA01"", ""R06AB04""]"
995715	"[""R01BA01"", ""R05CA03"", ""R05DA04""]"
997010	"[""P01BC01""]"
804978	"[""D10AF01""]"
808748	"[""N06AX16""]"
833036	"[""N02AJ22""]"
845488	"[""C09AA05""]"
630237	"[""A01AA04""]"
618368	"[""G03CA57""]"
664961	"[""D01AC08""]"
635970	"[""B03AA07""]"
646456	"[""D01AA01""]"
730512	"[""C09AA05""]"
665106	"[""R01BA03"", ""R05CA03""]"
727934	"[""N01AF03"", ""N05CA19""]"
755846	"[""A12BA02"", ""R05DA04""]"
756357	"[""R03DA02""]"
763574	"[""C08CA07""]"
790884	"[""D01AE12""]"
730951	"[""D02AE01""]"
762895	"[""H01AC01""]"
794068	"[""J05AP01"", ""L03AB05""]"
797880	"[""D10AE01""]"
884619	"[""B02BX05""]"
891881	"[""N02AA01""]"
904026	"[""R06AX13""]"
896106	"[""D01AE22""]"
308768	"[""R03AC17""]"
755351	"[""R03DA01"", ""R05CA03""]"
861762	"[""A10BD03""]"
892660	"[""N02AA01""]"
897704	"[""N02AA03""]"
905306	"[""P02BA01"", ""P02CC01""]"
967012	"[""A06AD65""]"
979288	"[""N02AX02""]"
861043	"[""A10BX05""]"
903859	"[""N07AA02""]"
309003	"[""V03AN02"", ""V03AN04""]"
309016	"[""A11CA02""]"
311205	"[""J02AC02""]"
311251	"[""D02AF""]"
311353	"[""C09AA03""]"
311356	"[""N05AN01""]"
1087960	"[""D08AE04""]"
1088253	"[""L01EB02""]"
198832	"[""P01BC01""]"
2002719	"[""L01EA03""]"
2044971	"[""C03XA01""]"
205770	"[""J01MA02""]"
206375	"[""A01AC03""]"
348624	"[""V03AN04""]"
701674	"[""J01CF01""]"
896974	"[""C03AA03"", ""C07AG01""]"
309917	"[""P03AX05""]"
198462	"[""B01AC06"", ""N02BA01""]"
200089	"[""A14AA07""]"
206548	"[""D07AD02""]"
206820	"[""N05BA06""]"
995582	"[""N05BB01"", ""R03DA04""]"
998537	"[""D01AC02""]"
313714	"[""D02AX""]"
317058	"[""D10AX01""]"
205320	"[""G03GA06""]"
686868	"[""G03GA01""]"
692783	"[""R06AX13""]"
637565	"[""P03AX05""]"
795810	"[""A09AA04""]"
648024	"[""M01AX05""]"
668365	"[""N02AB03""]"
706825	"[""N05AX08""]"
750088	"[""A01AA04""]"
754890	"[""B02AA01""]"
752871	"[""N06AX11""]"
755047	"[""R05DA09""]"
758029	"[""L03AB07""]"
790284	"[""R03BA07""]"
897735	"[""C08DA01""]"
991290	"[""D08AG03""]"
310127	"[""S01EA01""]"
1090824	"[""A11CA02"", ""A11GA01"", ""A11HA03""]"
760641	"[""L03AB09""]"
862025	"[""C02AC02""]"
864010	"[""D02AX""]"
885109	"[""D02AX""]"
885712	"[""R01BA02"", ""R05CA03""]"
891775	"[""A01AA01""]"
896967	"[""P02BA01""]"
897298	"[""R03BC03""]"
905032	"[""M05BA07""]"
94462	"[""J01CF06""]"
966235	"[""H03AA01""]"
978573	"[""S01ED05""]"
991957	"[""A07BC04""]"
899155	"[""C03CA01""]"
992451	"[""R06AD02""]"
308389	"[""A11GA01"", ""B03AA02""]"
310178	"[""G03CA03""]"
310414	"[""V03AB34""]"
310610	"[""R01BA01"", ""R05CA03""]"
312174	"[""V03AN01""]"
312295	"[""N05CA01""]"
312493	"[""A12BA04"", ""B05CB04""]"
1090937	"[""R02AA06"", ""R02AD01""]"
1986382	"[""B05BA02""]"
1999031	"[""C07AB02""]"
2000690	"[""C05AX04""]"
204413	"[""C04AE01""]"
205544	"[""C02CA04""]"
205642	"[""A04AD10""]"
2058946	"[""R03DX05""]"
205906	"[""D01BA01""]"
207088	"[""N03AD03""]"
206388	"[""N04BA01""]"
996642	"[""R01BA02"", ""R05DA04"", ""R06AX07""]"
996965	"[""N02BE01"", ""R05DA04""]"
343002	"[""G03CA07""]"
345131	"[""S01BA04""]"
835600	"[""N06AA02""]"
755683	"[""A12AA02""]"
861525	"[""N02AB02""]"
896031	"[""R03BA05""]"
861710	"[""A09AA01""]"
308355	"[""N02BA71""]"
312239	"[""C02KC01""]"
1089805	"[""S01KA02""]"
205714	"[""H02AB02""]"
995940	"[""R05FA02""]"
313761	"[""N05CF03""]"
617975	"[""J01CA04""]"
643027	"[""N05AX12""]"
727988	"[""N01BA05""]"
756232	"[""R03DA02"", ""R05CA03""]"
749814	"[""H01CB03""]"
794947	"[""N06AB06""]"
860920	"[""N05AB02""]"
892267	"[""H03AA01""]"
901614	"[""J01DF01""]"
966557	"[""D10AX01""]"
993072	"[""A16AB07""]"
310216	"[""G03CA57""]"
310323	"[""B03AA07""]"
725932	"[""R05CA09""]"
748348	"[""G03DA04""]"
798502	"[""D10AE01""]"
760642	"[""L03AB09""]"
861493	"[""N02AB02""]"
861402	"[""C04AX02""]"
892643	"[""N02AA01""]"
897087	"[""J01ED01""]"
899519	"[""N06BA11""]"
901038	"[""D10AF06""]"
308144	"[""B05XA04"", ""G04BA01""]"
308191	"[""J01CA04""]"
308734	"[""A09AA03""]"
308744	"[""A11HA05""]"
308999	"[""V03AN01"", ""V03AN02""]"
309248	"[""R06AB04""]"
310212	"[""G03CA57""]"
309921	"[""G02AD02""]"
312134	"[""N05BA04""]"
309922	"[""G02AD02""]"
1090487	"[""R05DA09""]"
2002727	"[""R02AD01"", ""N01BA05""]"
2044431	"[""A04AA05""]"
204539	"[""R01BA01"", ""R01BA03"", ""R06AB04""]"
204537	"[""V03AB20""]"
2049286	"[""R05DA09"", ""R06AB01""]"
993950	"[""N02BE01"", ""N06BC01"", ""R05DA04""]"
994226	"[""M03BA02""]"
996646	"[""R01BA02"", ""R05DA04"", ""R06AX07""]"
312853	"[""S01JA02""]"
318179	"[""C04AE01""]"
349194	"[""N03AE01""]"
359383	"[""J01MA02""]"
829758	"[""A12AA04"", ""A11CC05"", ""B02BA01""]"
876518	"[""C09DB04""]"
894782	"[""N02AA01""]"
979318	"[""R03AB03""]"
992153	"[""J01XX05""]"
309175	"[""J01BA01""]"
315094	"[""G03CA07"", ""G03CA57"", ""G03CC04""]"
993511	"[""N06AX12""]"
861206	"[""S01EA05""]"
864759	"[""N07BC02""]"
866077	"[""R01BA02"", ""R05CA03"", ""R05DB05""]"
991314	"[""D08AG03""]"
992745	"[""S01BA08""]"
309029	"[""A06AB07""]"
312743	"[""N05AH04""]"
312837	"[""N02CC04""]"
1087678	"[""M01AX05"", ""M01AX25""]"
199783	"[""C08CA06""]"
2049890	"[""J01XA01""]"
2055315	"[""D01AE12""]"
205822	"[""N05CM08""]"
206224	"[""D10AF02""]"
206527	"[""S02CA03""]"
206997	"[""H02AB07""]"
313527	"[""V04CF01""]"
313655	"[""A11CA01""]"
313801	"[""J01CA01"", ""M04AB01""]"
313868	"[""N03AA02""]"
352233	"[""G03CA57""]"
808744	"[""N06AX16""]"
809014	"[""C09DA03""]"
823942	"[""C09DA04""]"
828602	"[""N02BA01"", ""N02AC04"", ""N06BC01""]"
833217	"[""C08DB01""]"
834179	"[""J01CE02""]"
315045	"[""B06AA04""]"
827751	"[""N02AC04""]"
845512	"[""L01EG02""]"
848140	"[""C09DX01""]"
856755	"[""N05AB03"", ""N06AA09""]"
856834	"[""N06AA09""]"
856857	"[""N06AA09""]"
207584	"[""N01BA02""]"
208186	"[""D06BA01""]"
208496	"[""N05AF04""]"
208581	"[""S01AD02""]"
208122	"[""C01AA05""]"
210140	"[""D11AF""]"
210573	"[""B03AA02""]"
211352	"[""M02AB01""]"
211587	"[""D07AA02""]"
2118081	"[""N02BE01"", ""R01BA02"", ""R05CA03"", ""R05DA09""]"
211822	"[""B01AC06"", ""N02BA01""]"
212019	"[""D05AA""]"
2122387	"[""R05DA09""]"
2122764	"[""R01BA01"", ""R05CA03""]"
212428	"[""D02AE01""]"
213570	"[""H05BA01""]"
2167835	"[""N02BE01"", ""R01BA02"", ""R05DA09"", ""R06AB04""]"
2173668	"[""R01BA01"", ""R05DA09"", ""R06AB04""]"
2174520	"[""R01BA01"", ""R05DA09"", ""R06AB04""]"
2183896	"[""R05DB05"", ""R06AB04""]"
1091434	"[""R05CA03"", ""R05DB05""]"
1098159	"[""D03AX05""]"
1101019	"[""J01AA02""]"
1101754	"[""N02BE01""]"
1102207	"[""B03AE04""]"
315217	"[""J05AF04""]"
1099625	"[""N03AG01""]"
1111816	"[""R01BA02""]"
1115568	"[""A16AX01""]"
1115700	"[""J05AH02""]"
1115894	"[""D10AF06""]"
1115981	"[""C01CA26""]"
1145942	"[""N02BE51""]"
1232714	"[""R01AA06""]"
1190110	"[""N06AB03""]"
404533	"[""N03AE01""]"
404552	"[""N04BA03""]"
406369	"[""D11AX11""]"
417462	"[""D10AB02""]"
430551	"[""P01CA02""]"
476271	"[""B02AA01""]"
477372	"[""G04BD08""]"
540409	"[""N05CF04""]"
542063	"[""B03BB01""]"
542320	"[""V03AN01""]"
543775	"[""H01AC01""]"
544438	"[""A01AA01"", ""A12CD01""]"
562793	"[""D10AD51""]"
577960	"[""N06BA01"", ""N06BA02""]"
584414	"[""D01AA01""]"
602635	"[""V03AE03""]"
616131	"[""J05AP01""]"
858127	"[""L02BX02""]"
858903	"[""R01BA02"", ""R05DA03"", ""R06AB04""]"
859353	"[""R05CA03"", ""R05DA03""]"
1000070	"[""N06AA12""]"
1000091	"[""D04AX01""]"
1000859	"[""D10AF06""]"
1006703	"[""S01AB04""]"
1010079	"[""G03BA03"", ""G03CA03""]"
1012224	"[""S01CA02""]"
1013036	"[""D04AB01""]"
1020142	"[""R05FB02""]"
1043507	"[""M02AB01""]"
1043757	"[""D08AG02""]"
1045366	"[""R05CA03"", ""R05DA09""]"
1049709	"[""N02AJ17""]"
1052431	"[""D04AB01"", ""D08AJ01""]"
1052928	"[""R01BA53""]"
108407	"[""A10AB01"", ""A10AC01"", ""A10AD01""]"
1085777	"[""D07AB09""]"
1085748	"[""D07AB09""]"
238100	"[""N05BA06""]"
251426	"[""A04AA02""]"
259844	"[""M01AX05"", ""M01AX25""]"
262221	"[""A01AB23"", ""J01AA08""]"
1654955	"[""B03XA02""]"
1663410	"[""D08AJ01""]"
1665105	"[""J01DC01""]"
212086	"[""N02BA01""]"
2168014	"[""R05CA03"", ""R05DA09""]"
1189623	"[""D04AB01""]"
616762	"[""D08AX08""]"
616795	"[""D08AX08""]"
859038	"[""R01BA03"", ""R05DA03"", ""R06AB04""]"
860114	"[""M01AB15""]"
1011342	"[""C01BB01"", ""N01BB02""]"
1037330	"[""H02AB09""]"
1043582	"[""A10BD10""]"
105226	"[""J01AA08""]"
2184134	"[""A03BB03"", ""R01BA03"", ""R06AB04""]"
237982	"[""V04CC03""]"
260500	"[""B05XA18""]"
1654858	"[""A10AB01"", ""A10AC01"", ""A10AD01""]"
860737	"[""C01EB18""]"
1099681	"[""N03AG01""]"
1099778	"[""R01BA02"", ""R06AX07""]"
616163	"[""V03AC03""]"
1041869	"[""D08AJ08""]"
1658141	"[""L04AC11""]"
347046	"[""N01AX13""]"
805659	"[""N06BA13""]"
828534	"[""D10AE01""]"
829734	"[""B05XA05""]"
864799	"[""N07BC02""]"
979092	"[""P01BA02""]"
309448	"[""N02BE01"", ""R05DA04""]"
312231	"[""N05CC05""]"
312654	"[""N05AA03""]"
198443	"[""N02BE01""]"
198546	"[""A12AA03""]"
1988409	"[""P03AC01""]"
1995479	"[""A09AA01""]"
199891	"[""A12CX""]"
200809	"[""C03CA01""]"
201967	"[""H01AC04"", ""V04CD03""]"
207302	"[""S01AA30""]"
207484	"[""P03AC04""]"
998430	"[""A01AB09"", ""D01AC02"", ""G01AF04""]"
998454	"[""D01AC02""]"
999717	"[""A01AA01""]"
315098	"[""G03DC06""]"
317849	"[""N03AA02""]"
347106	"[""V03AN04""]"
403971	"[""N06CA03""]"
404448	"[""G04BD04""]"
404509	"[""A02AC01"", ""A03AX13""]"
313327	"[""A11DA01""]"
404508	"[""A02AC01"", ""A03AX13""]"
802571	"[""R06AB04""]"
829502	"[""M01AG01""]"
830874	"[""C08DB01""]"
833008	"[""H01BA02""]"
349287	"[""C10AB05""]"
359050	"[""D10AD01""]"
828284	"[""H02AB10""]"
834162	"[""D08AC02""]"
847055	"[""C09DA08""]"
848200	"[""D07AC01""]"
849931	"[""N06BC01""]"
856658	"[""M03CA01""]"
856864	"[""N05BA02"", ""N06AA09""]"
857330	"[""N07AB02""]"
857416	"[""R06AA04""]"
857583	"[""R01BA03"", ""R05DA03"", ""R06AB01""]"
847186	"[""A10AB01"", ""A10AC01"", ""A10AD01""]"
857133	"[""N02BE01"", ""R05DA03""]"
208116	"[""C03EA01""]"
208331	"[""D10AD01""]"
209627	"[""A07BC04""]"
2099132	"[""S01JA01""]"
210692	"[""A02AB01"", ""A06AA01""]"
2107764	"[""D04AB01""]"
211639	"[""A02AF02""]"
212341	"[""V03AB17"", ""V04CG05""]"
2173726	"[""R05FB02""]"
2175998	"[""M01AX05"", ""M01AX25""]"
2180558	"[""M04AC01""]"
238133	"[""N02AD01""]"
2107008	"[""G03AA05""]"
2167783	"[""R01BA02"", ""R05CA03"", ""R05DA09""]"
226667	"[""N06DA03""]"
309910	"[""C04AC01"", ""C10AD02"", ""R06AA11""]"
310530	"[""N05CE01""]"
312122	"[""J05AH02""]"
1996081	"[""N02BE01"", ""R05DA09""]"
200007	"[""N05CH01""]"
206810	"[""N05AC03""]"
317161	"[""D04AB06""]"
375634	"[""B05CB02""]"
403847	"[""R05CA03""]"
359595	"[""S01XA20""]"
808005	"[""R06AB04""]"
809321	"[""A09AA01""]"
826143	"[""A08AA01""]"
826834	"[""A08AA01""]"
829187	"[""A12AA04""]"
830259	"[""J07BC01""]"
834046	"[""J01CE02""]"
360344	"[""C08CA07""]"
402705	"[""G01AD01""]"
835580	"[""N06AA02""]"
847956	"[""G03GA05""]"
849073	"[""M01AX25""]"
854249	"[""B01AB05""]"
857828	"[""R01BA03"", ""R05DA03"", ""R06AB04""]"
208094	"[""A02BX02""]"
209687	"[""S02AA03""]"
209823	"[""N02BA71""]"
210273	"[""A03AX13""]"
2103184	"[""H01BA01""]"
210346	"[""D08AE03""]"
2109948	"[""M09AX01""]"
2117971	"[""J06BA01""]"
2118078	"[""D02AX""]"
2119706	"[""S01EE51""]"
2121080	"[""D11AX01""]"
2122382	"[""R05DA09""]"
213167	"[""N02CC03""]"
213993	"[""J01DC09""]"
2179019	"[""A12AA04"", ""A12CD02""]"
2183679	"[""R01BA02"", ""R06AB04""]"
1091437	"[""D11AX12""]"
1092189	"[""N02BE01"", ""N02BE51""]"
1092683	"[""D01AC08"", ""D08AE05""]"
1098125	"[""S01KA51""]"
1099494	"[""S01XA20""]"
1111836	"[""R05FB02""]"
1114874	"[""C01CA04""]"
1115472	"[""L02AE02""]"
1150114	"[""C01BB01"", ""N01BB02""]"
1092380	"[""A11CC05""]"
1094131	"[""N02BE01"", ""R05DA09""]"
1094224	"[""R06AA02""]"
1098362	"[""S01GA01""]"
1111642	"[""L03AX13""]"
1112250	"[""R01BA02""]"
1112489	"[""R01BA03"", ""R06AB04""]"
1112980	"[""L04AA28""]"
1113005	"[""N03AX21""]"
1117394	"[""R05FB02""]"
1147029	"[""R05CA03"", ""R05DA09"", ""R06AB04""]"
1192984	"[""A06AG10""]"
1193235	"[""A06AA02""]"
1191354	"[""N04BC02""]"
1233664	"[""A11CC01""]"
1234579	"[""S01FB01""]"
413424	"[""B05XA02""]"
420905	"[""D10AE01""]"
433800	"[""N05BA12""]"
562510	"[""A01AA01""]"
562768	"[""S01AA30""]"
578759	"[""C01EB09"", ""A11HA03""]"
858094	"[""N02AB03""]"
858991	"[""R05CA09"", ""R05DA03""]"
859126	"[""G04BE01""]"
859238	"[""R01BA03"", ""R05DA03"", ""R06AB04""]"
860085	"[""R01BA01"", ""R01BA03"", ""R05DA03"", ""R06AB05"", ""R06AC01""]"
860157	"[""R05CA03"", ""R05DA03""]"
1012955	"[""D04AB01""]"
103568	"[""D01AE12""]"
1039313	"[""R05CA03""]"
104363	"[""G04CA03""]"
1012993	"[""A03BB03"", ""R01BA02"", ""R06AA08""]"
1046298	"[""D06AX07""]"
1049254	"[""D08AJ01""]"
1049262	"[""N02AJ17""]"
1049306	"[""V06DC02""]"
1049767	"[""R01BA02""]"
1049909	"[""R06AA02""]"
1086738	"[""D08AE04""]"
238850	"[""D08AG02""]"
245332	"[""A06AB06""]"
252931	"[""M04AA01""]"
282609	"[""H05BX03""]"
283342	"[""R01BA03"", ""R05CA03""]"
1655489	"[""G03AA09""]"
1655506	"[""M02AC""]"
1662278	"[""J01XX08""]"
1664631	"[""N02BE01"", ""R05CA03"", ""R05DA09""]"
1665091	"[""J01DE01""]"
1668054	"[""G04BE01""]"
1721266	"[""D08AJ01""]"
1730212	"[""N02BE01"", ""R05CA03"", ""R05DA09"", ""R06AA09""]"
1731590	"[""A03AB02""]"
261163	"[""D01AC01""]"
1734683	"[""J01DH03""]"
562444	"[""M02AB01""]"
581696	"[""D02AE01""]"
858945	"[""R05CA09"", ""R05DA03""]"
104364	"[""G04CA03""]"
1049617	"[""N02AA05""]"
102770	"[""J01GB03""]"
284530	"[""A10BX03""]"
1191056	"[""N05BA09""]"
1193292	"[""N02BE01"", ""R05DA09"", ""R06AB04""]"
483446	"[""N02BF02""]"
584222	"[""A16AB08""]"
603836	"[""C10AB05""]"
616018	"[""L04AA24""]"
616485	"[""N05AH04""]"
858804	"[""C09AA02""]"
859826	"[""N05AB02""]"
860262	"[""R05CA03"", ""R05DA03""]"
860682	"[""R01BA01"", ""R05DA03""]"
1001029	"[""R01AA05""]"
1011626	"[""S01LA03""]"
1037176	"[""R01BA02"", ""R06AA08""]"
1045616	"[""D08AX08""]"
1047479	"[""P02CF01""]"
1050494	"[""G03AA12""]"
1050671	"[""D01AE04""]"
1053196	"[""D08AJ08"", ""N01BX02""]"
1053620	"[""R01BA02"", ""R01BA52"", ""R06AB04""]"
106315	"[""D10AE01""]"
242590	"[""B03AA03""]"
245134	"[""N02AB03""]"
247812	"[""D11AX12""]"
251292	"[""A06AB06""]"
1655221	"[""D11AX12""]"
1658720	"[""B01AB01""]"
1721530	"[""M02AC""]"
1730188	"[""N02BE01"", ""R05DA09"", ""R06AA09""]"
1731350	"[""V03AC01""]"
1734932	"[""J05AB01""]"
1115928	"[""N05CA02"", ""R03CA02""]"
1189152	"[""C05AD07"", ""D04AB07""]"
1190839	"[""A03BA01"", ""R01BA02"", ""R06AB01""]"
485818	"[""C01EB09"", ""A11HA03""]"
539831	"[""N02BE01"", ""R01BA02"", ""R06AB02""]"
541836	"[""R06AB04""]"
579701	"[""R01BA02"", ""R05CA03""]"
602127	"[""A11GA01""]"
603566	"[""L01BB07""]"
1012413	"[""N01BB01""]"
1039541	"[""D04AB07""]"
240755	"[""A12AA13""]"
242181	"[""A12CC03""]"
261287	"[""N06AB03""]"
1662285	"[""J01XX08""]"
1664986	"[""J01DF01""]"
1718900	"[""N05CM18""]"
1736921	"[""H05BX02""]"
1737567	"[""C01BB01""]"
103457	"[""D07AC08""]"
1738574	"[""D07XA01""]"
1741410	"[""B05AA01""]"
1745090	"[""L01AA03""]"
1791408	"[""B05BC01""]"
1792499	"[""D02AB""]"
1794881	"[""B05BB02""]"
1795250	"[""B05BB02""]"
1795496	"[""B05BA03""]"
1797511	"[""D01AC08"", ""D08AC02""]"
1799424	"[""L01CE01""]"
1801282	"[""D04AB07"", ""D07AA02""]"
1801704	"[""N02BE01"", ""R05DA09"", ""R06AA09""]"
242690	"[""G04BE01""]"
310293	"[""N02AB03""]"
310592	"[""L02AE03""]"
999476	"[""A01AA01""]"
313659	"[""A11CA01""]"
315197	"[""C02AA02""]"
352297	"[""L03AB11""]"
802716	"[""S02DA03""]"
826101	"[""N06AB03""]"
827713	"[""A06AA01""]"
312179	"[""A03AA01""]"
2045898	"[""J01AA02""]"
206412	"[""C02AC02""]"
207361	"[""C01DA02""]"
996049	"[""P02BA01"", ""P02CC01""]"
313803	"[""A11GA01""]"
403923	"[""G03CA03""]"
314192	"[""N05AB04""]"
828448	"[""N06AB05""]"
352062	"[""M01AH03""]"
833710	"[""N02AX02""]"
834118	"[""J01CE02""]"
834127	"[""A01AB03""]"
845836	"[""D10AE01""]"
845987	"[""D10AE01""]"
847473	"[""N03AA02""]"
850424	"[""M01AE01""]"
852909	"[""C01BA01""]"
855304	"[""B01AA03""]"
855338	"[""B01AA03""]"
1094162	"[""G04BX06""]"
1094451	"[""R06AA02""]"
1100184	"[""N06DA02""]"
1125493	"[""M02AC""]"
1190759	"[""A03BA01"", ""N03AA02""]"
208719	"[""C03AA05""]"
2101534	"[""M02AB01""]"
212408	"[""R05CA03""]"
213308	"[""D10AD03""]"
2178760	"[""N01BB01""]"
485558	"[""R02AD01""]"
995485	"[""R05CA03"", ""R05DA04""]"
998719	"[""N02BE01""]"
1112231	"[""M01AE02""]"
543464	"[""G01AD01""]"
562389	"[""S01EB03""]"
582042	"[""C10BA01""]"
602802	"[""A06AB06""]"
608328	"[""N04BD02""]"
859297	"[""R05DA03""]"
1000925	"[""S01EB01""]"
1006202	"[""D08AX01""]"
1038806	"[""A02AD01""]"
104894	"[""A04AA01""]"
1053414	"[""D02AF""]"
1053657	"[""N02AB03""]"
105551	"[""L01AB01""]"
105592	"[""L01CB01""]"
238460	"[""D02AF""]"
247105	"[""R01BA01"", ""R05CA03""]"
251872	"[""A02BC02""]"
252637	"[""H01CA01"", ""V04CM01""]"
282462	"[""N03AA02""]"
1657987	"[""B01AB01""]"
1661345	"[""B02BD02"", ""B02BD10""]"
1721308	"[""R03BB06""]"
1094323	"[""D10AB02""]"
543218	"[""A04AA02""]"
582971	"[""H01AC01""]"
607024	"[""N02BF02""]"
1006701	"[""S01AB04""]"
282401	"[""N03AX09""]"
1659818	"[""N05AX12""]"
261286	"[""N05CF03""]"
1727009	"[""A01AB02""]"
1736779	"[""L01XA03""]"
1739754	"[""N03AX23""]"
1745881	"[""N02AA01""]"
1798481	"[""D04AB07""]"
1799706	"[""B05BA02""]"
1800794	"[""R06AE05""]"
1086035	"[""H02AB08""]"
1798287	"[""C09DX05""]"
261241	"[""A10BG02""]"
284245	"[""A02BA03""]"
1736034	"[""A02BC06""]"
1796922	"[""G03AA11""]"
1797870	"[""R01AD09""]"
1797851	"[""R01AC01""]"
1797882	"[""R01AD04""]"
1812262	"[""D08AX08""]"
1862110	"[""N01AX10""]"
1862220	"[""C01BA02""]"
1868482	"[""B05XA02""]"
1871172	"[""D01AE18""]"
1876014	"[""N03AX14""]"
1926518	"[""P03AX06""]"
1928689	"[""L04AC16""]"
197321	"[""N05BA12""]"
197433	"[""V03AE07""]"
197442	"[""N03AF01""]"
197458	"[""N05CC01""]"
197365	"[""N06AA17""]"
1236015	"[""C01EB09""]"
1237066	"[""N02AB03""]"
1237091	"[""R01BA02"", ""R06AB04""]"
1244909	"[""B03AA02"", ""G03AA05""]"
1245374	"[""N02BE01"", ""R06AA02""]"
1247761	"[""A06AA02""]"
1250637	"[""D08AJ08""]"
1251505	"[""R01BA03"", ""R05DA03"", ""R06AB01""]"
1251836	"[""D04AA32""]"
1294483	"[""A09AA01""]"
1305590	"[""R01BA02"", ""R06AB06"", ""R06AB56""]"
1357397	"[""R06AB01""]"
1358763	"[""G03AA05""]"
1359363	"[""D06AX04"", ""D06AX05""]"
1361217	"[""D08AE05"", ""D08AG03""]"
1362783	"[""R01BA03"", ""R05DA03"", ""R06AC01""]"
1362798	"[""R06AB01""]"
1362944	"[""B01AB01""]"
1363759	"[""A01AA01""]"
1365984	"[""A11CA01"", ""A11GA01"", ""A11CC05"", ""A12CD01""]"
1369424	"[""R05DB10""]"
1370363	"[""R01BA02"", ""R05CA03""]"
1373217	"[""D02AF""]"
1373469	"[""A10BK02""]"
1420997	"[""D04AA32""]"
1422491	"[""R05FB02""]"
1426660	"[""R01BA02"", ""R05CA03"", ""R05DA09""]"
197932	"[""A07EC02""]"
197931	"[""L01BB02""]"
198049	"[""J01MA01""]"
198083	"[""N03AA02""]"
198144	"[""H02AB07""]"
1441112	"[""D01AE12""]"
1482815	"[""R05FB02""]"
1483229	"[""N01BA05"", ""D08AJ01""]"
1483551	"[""G03FA17""]"
1484775	"[""D01AC08"", ""D08AC02""]"
1487165	"[""A03AX10"", ""N02BE01"", ""N06BC01""]"
1493170	"[""H02AB06""]"
1495055	"[""M01AC06""]"
1535923	"[""R05DA09"", ""R06AB04""]"
1540669	"[""D04AB01""]"
1542804	"[""D07CA01""]"
1544856	"[""N07BC51""]"
1544853	"[""N07BC51""]"
1547567	"[""D10BA01""]"
1547983	"[""S01FA02"", ""S01FB01""]"
1245460	"[""A06AA02""]"
1727174	"[""J01GB06""]"
1729033	"[""B01AC27""]"
1729440	"[""B05AA02""]"
1729528	"[""C03CA04""]"
1730486	"[""R05DA09""]"
1731520	"[""N02AA01""]"
1739778	"[""N03AX23""]"
1742227	"[""B05AA01""]"
1789250	"[""D02AF""]"
1796079	"[""J05AJ03""]"
1811470	"[""D04AB01""]"
1812095	"[""H02AB02""]"
1867993	"[""N01BB02""]"
1876710	"[""J07BL01""]"
1925790	"[""N02BA51""]"
1941489	"[""J01AA08""]"
1946698	"[""P01AB07""]"
1242399	"[""R01BA02""]"
1249617	"[""N02BE01""]"
1298366	"[""S01FA04""]"
1299861	"[""C09BA13""]"
1300386	"[""J07AF01"", ""J07AM01""]"
1307232	"[""R01BA02"", ""R05CA03""]"
1310473	"[""D08AJ01""]"
1311798	"[""D08AE05""]"
1356912	"[""R05DA09"", ""R06AB01""]"
1357573	"[""R01BA01"", ""R06AB01""]"
1359356	"[""D06AX04"", ""D06AX05"", ""D04AB07""]"
1361609	"[""B01AB01""]"
1365902	"[""M01AX05"", ""M01AX25""]"
1369412	"[""M01AX05""]"
1372899	"[""S02DA01""]"
1373121	"[""P02CC01""]"
141988	"[""A01AA01""]"
1423676	"[""P02CC01""]"
1424657	"[""R01BA02"", ""R05CA03""]"
1426601	"[""B03AA02"", ""G03AA05""]"
1370115	"[""N02BE01"", ""R05DA09""]"
197945	"[""M03BA03""]"
1495092	"[""G03AC01""]"
152952	"[""N04BC04""]"
1535451	"[""N06BA02""]"
1536462	"[""A01AB09"", ""D01AC02"", ""G01AF04""]"
1547926	"[""S01FB01""]"
1549386	"[""R01AA04""]"
1363795	"[""R01BA03"", ""R06AC01""]"
1544717	"[""D04AB07""]"
1809445	"[""J06BA01""]"
1809542	"[""B06AA03""]"
1876673	"[""J06BA01""]"
197500	"[""C03BA04""]"
197509	"[""J01MB06""]"
197530	"[""G01AF02""]"
1242406	"[""R01BA02""]"
1244714	"[""R01BA02"", ""R06AB04""]"
1245086	"[""M02AB01""]"
1247891	"[""A06AA02"", ""B03AA02""]"
1248017	"[""A06AB06""]"
1291468	"[""C05AX04""]"
1292454	"[""M02AB01""]"
1293484	"[""R06AB04""]"
1294268	"[""A16AX05"", ""D08AE05""]"
1297519	"[""N02BA67""]"
1298091	"[""N05CD01""]"
1298912	"[""N05AE02""]"
1308380	"[""R05CA03""]"
1310948	"[""A12AA04"", ""A11CC05""]"
1313971	"[""P02CC01"", ""P02CF01""]"
1357568	"[""R01BA01"", ""R06AB01""]"
1358620	"[""R05CA03"", ""R05DA09""]"
1361050	"[""B01AB01""]"
1364278	"[""A03BB03"", ""R01BA03"", ""R06AB04""]"
1369842	"[""N02BE01"", ""R05CA03"", ""R05DA09""]"
1370211	"[""R05DA09""]"
1370956	"[""D01AC01""]"
141935	"[""N05AD01""]"
1429439	"[""R06AX07""]"
1483739	"[""R05DA09""]"
1484879	"[""N02BE01"", ""R05CA03"", ""R05DA09""]"
1486137	"[""P03AX05""]"
1491000	"[""D06AX05""]"
152931	"[""J05AF05""]"
1535454	"[""N06BA02""]"
1536833	"[""N02BA01""]"
1539808	"[""D01AE12""]"
1540520	"[""N02BE01""]"
1593858	"[""N06BA12""]"
1595462	"[""A09AA01""]"
1599135	"[""R02AA06""]"
1600710	"[""J05AR14""]"
1604325	"[""R05CA03"", ""R05DA09""]"
1650988	"[""D07AA02""]"
1301696	"[""D07AC21""]"
1368012	"[""A10BH04""]"
1485610	"[""D08AC02""]"
1491618	"[""A12AA04"", ""A12CC10""]"
1537046	"[""A12BA01""]"
1605368	"[""N03AX14""]"
1299253	"[""C01BG01""]"
1360443	"[""R03AC12""]"
1812011	"[""C08CA05""]"
1812169	"[""C01CA07""]"
1923052	"[""H03AA01""]"
1923429	"[""S01ED01""]"
1939322	"[""C01CE02""]"
1946522	"[""L02AE02""]"
1245181	"[""D08AE05""]"
1246613	"[""M09AX01""]"
1248015	"[""A06AB06""]"
1248356	"[""R06AA02""]"
1294244	"[""S02BA01""]"
1294264	"[""S02BA01""]"
1298072	"[""S01FA04""]"
1302739	"[""N02AF01""]"
1302737	"[""D08AJ08""]"
1310533	"[""L04AK02""]"
1357399	"[""R06AB01""]"
1359124	"[""G03FA01""]"
1361615	"[""B01AB01""]"
1373008	"[""C02BB01""]"
1421983	"[""R01BA02"", ""R05CA03"", ""R05DA09""]"
1429362	"[""R05CA03"", ""R05DA09""]"
197803	"[""M01AE01""]"
1489415	"[""N01BX04""]"
1489932	"[""N02BA04""]"
1535456	"[""N06BA02""]"
1535619	"[""D04AB01""]"
1543006	"[""A09AA01""]"
1550952	"[""D02AB""]"
1593884	"[""D10AE01""]"
1367384	"[""N02BE01""]"
197902	"[""N05BA06""]"
1544384	"[""L01BA01"", ""L04AX03""]"
1592790	"[""D11AX22"", ""P02CF01""]"
1600267	"[""D10AE01""]"
1488537	"[""C03CA01""]"
1593277	"[""G03GA01""]"
1595214	"[""R05FA02""]"
1597603	"[""H01CB05""]"
1602040	"[""H05AA03""]"
1606308	"[""A11HA05""]"
1871155	"[""B05XA17""]"
1551405	"[""J01ED01""]"
1551884	"[""V03AE03""]"
1598989	"[""J05AE08""]"
1433879	"[""J05AJ03""]"
618026	"[""J01XX10""]"
623677	"[""J01CE08""]"
636188	"[""B05CB04"", ""B05XA02""]"
637562	"[""J01MA15""]"
686534	"[""B05BB02""]"
795142	"[""L02BG03""]"
701913	"[""N02BE01""]"
643125	"[""H02AB06""]"
745535	"[""J01CE01""]"
749565	"[""G03AA07""]"
752875	"[""D10AE01""]"
794080	"[""J05AP01"", ""L03AB05""]"
800472	"[""B05DB""]"
758497	"[""A02BC03"", ""M01AE02""]"
793770	"[""J05AP01"", ""L03AB05""]"
880437	"[""C08CA05""]"
891888	"[""N02AA01""]"
904326	"[""D10AF01""]"
979485	"[""C09CA01""]"
993276	"[""D08AG03""]"
310292	"[""N01AH01"", ""N02AB03""]"
995617	"[""B03AA07""]"
745294	"[""J01CE01""]"
753544	"[""G03AA07""]"
759743	"[""G03AA09""]"
864761	"[""N07BC02""]"
894876	"[""A01AA01"", ""D08AE04""]"
897620	"[""C08DA01""]"
966401	"[""H03AA01""]"
992660	"[""A03BB06"", ""R05DA03""]"
993890	"[""N02AJ06""]"
308653	"[""D04AB04"", ""D08AE05""]"
309740	"[""R05FB02""]"
309918	"[""P03AX05""]"
311924	"[""J05AE04""]"
198263	"[""R03DA04""]"
198912	"[""A12CB01""]"
201337	"[""C07AA12""]"
207569	"[""B01AC07""]"
317855	"[""N03AA02""]"
352007	"[""J05AP01""]"
978778	"[""B01AB04""]"
992656	"[""A03BB06"", ""R05DA03""]"
688704	"[""D07CA01""]"
755311	"[""R05CA03"", ""R05DB05""]"
896884	"[""N02BA05""]"
979471	"[""C09DA01""]"
731181	"[""B03XA02""]"
759717	"[""C05AA01""]"
896781	"[""C07AG01""]"
901821	"[""P02BA01"", ""P02CC01""]"
978056	"[""D07AC21""]"
308708	"[""A09AB02""]"
204760	"[""A02AA04""]"
206771	"[""C09AA03""]"
207296	"[""J01CA10""]"
995932	"[""R05CA03"", ""R05DA04""]"
996023	"[""P02BA01"", ""P02CC01""]"
801018	"[""B05BA10""]"
885580	"[""B03AA07""]"
899764	"[""V03AN01"", ""V03AN04""]"
726008	"[""R05CA03"", ""R05CA09""]"
310875	"[""S01CA03""]"
311968	"[""A11HA01""]"
795067	"[""D07AA02""]"
994404	"[""R05DA04""]"
994839	"[""R01BA03"", ""R05DA04"", ""R06AB01""]"
309305	"[""S02CA03""]"
312216	"[""A03AD01""]"
351154	"[""H05BX02""]"
351175	"[""A16AX04""]"
755166	"[""R01BA01"", ""R06AB04""]"
760273	"[""N05CA05""]"
1087262	"[""A12AA04"", ""A11HA02"", ""B03BA01"", ""B03BB01""]"
349195	"[""N03AE01""]"
861054	"[""A12AA04"", ""A12CC10"", ""A11CC05""]"
643142	"[""V06DD""]"
692849	"[""D01AE18""]"
672353	"[""A05BA01""]"
763179	"[""H02AB07""]"
707594	"[""S01GX08""]"
731536	"[""M01AE01""]"
707375	"[""R01AX10""]"
731563	"[""J01CE08"", ""J01CE09""]"
704858	"[""D06AX13""]"
722120	"[""C02KX02""]"
759742	"[""G03AA09""]"
861617	"[""N02AB02""]"
966154	"[""H03AA01""]"
311491	"[""R02AA19""]"
705214	"[""N02BE01"", ""R06AB06""]"
746813	"[""R03BA07""]"
751905	"[""G03AA11""]"
861646	"[""C10AA08""]"
866303	"[""N03AF01""]"
882492	"[""P02CC01""]"
892652	"[""N02AA01""]"
898359	"[""C09BB13""]"
901288	"[""A01AA01""]"
990986	"[""S01EB05""]"
993466	"[""C01CA17""]"
308255	"[""R06AX05""]"
308297	"[""N02BE01""]"
308886	"[""V03AE07""]"
309077	"[""J01DD13""]"
309884	"[""C01AA03""]"
311960	"[""C10AD02""]"
311985	"[""C08CA07""]"
312144	"[""R03DA02""]"
312223	"[""A11HA""]"
312541	"[""R05CA02""]"
312839	"[""N02CC04""]"
312522	"[""A12BA01""]"
311622	"[""V03AB26""]"
198467	"[""N02BA01""]"
2001751	"[""G03AA07""]"
2045344	"[""D04AB01""]"
207017	"[""N02AD51""]"
206616	"[""D11AX11""]"
999659	"[""D10AE01""]"
318217	"[""J01EB03"", ""J01EC02"", ""J01ED07""]"
901399	"[""J01AA02""]"
744812	"[""J01DH04""]"
790286	"[""J05AP01""]"
896789	"[""B03BA01"", ""B03BB01""]"
901334	"[""N03AX11""]"
966577	"[""D07AC10""]"
311048	"[""A10AB01"", ""A10AC01"", ""A10AD01""]"
311680	"[""D06BX01""]"
198264	"[""R03DA04""]"
198712	"[""A11HA07"", ""C04AC03""]"
1999890	"[""D06AX04""]"
200350	"[""A02AA01"", ""A02AC01""]"
203088	"[""D01AC08""]"
2048259	"[""D08AJ01""]"
205973	"[""S01AA30""]"
206834	"[""D05BB01""]"
996958	"[""N02AJ09""]"
997507	"[""N02BE01"", ""R05DA04""]"
313037	"[""A01AA01"", ""A12CD01""]"
315077	"[""G03CB02"", ""G03CC05"", ""L02AA01""]"
349591	"[""N06BA09""]"
352066	"[""C02KX01""]"
207244	"[""N05BA04""]"
645037	"[""N05AX08""]"
727386	"[""C01CA24""]"
702267	"[""A06AA01""]"
727930	"[""N01AF03"", ""N05CA19""]"
702354	"[""D11AX01""]"
755621	"[""N05CC01""]"
793099	"[""H02AB06""]"
730878	"[""G03CA57""]"
797811	"[""D08AX01""]"
861529	"[""N02AB02""]"
861747	"[""A10BD02""]"
867454	"[""P02CA06""]"
876419	"[""J01MA01""]"
894765	"[""N06AA04""]"
992803	"[""N01BA04""]"
310291	"[""M01AE04""]"
753439	"[""N06BA04""]"
753532	"[""G03AA07""]"
750264	"[""G03AA05""]"
861765	"[""A10BD03""]"
866090	"[""N05BE01""]"
883826	"[""B02AA02""]"
895464	"[""A01AA01"", ""A12CD01""]"
904495	"[""M05BB03""]"
966173	"[""H03AA01""]"
966271	"[""H03AA01""]"
978077	"[""G01AC30"", ""G01AD02""]"
902614	"[""D08AE04""]"
93370	"[""G01AF02""]"
309694	"[""D07CB04""]"
311155	"[""R03AC07"", ""R03CC06""]"
311893	"[""M01AX01""]"
312366	"[""N03AA02""]"
312632	"[""C05AD05"", ""N01BA02""]"
1088862	"[""N02BE01"", ""R01BA02"", ""R05CA03"", ""R05DA09""]"
198319	"[""C03AA06""]"
200938	"[""N05BA01""]"
201374	"[""C09AA01""]"
205104	"[""D11AC""]"
2054310	"[""G03CA03""]"
2055311	"[""N02AA01""]"
205669	"[""S01BA01""]"
2057666	"[""D08AJ01""]"
205863	"[""J01FA09""]"
205886	"[""A03AB02""]"
207100	"[""S01AA10""]"
995668	"[""R06AE05""]"
999672	"[""D10AE01""]"
313191	"[""N05CA07""]"
359375	"[""R01BA02"", ""R06AB04""]"
827485	"[""P03AX06""]"
833507	"[""D07AA02""]"
885880	"[""C02AC01""]"
199083	"[""A11GA01""]"
313418	"[""A10BB05""]"
315164	"[""N06BA05""]"
998516	"[""D01AC02""]"
724142	"[""N04BC09""]"
727347	"[""C01CA24""]"
727866	"[""S01KA02""]"
755990	"[""R03DA01""]"
792122	"[""N05CH01""]"
795858	"[""H02AB07""]"
793871	"[""C01DA08"", ""C05AE02""]"
860901	"[""N06DA04""]"
905381	"[""N05BA02""]"
860926	"[""C05AD03""]"
861132	"[""G04CA01""]"
861842	"[""A09AA01""]"
881156	"[""A03BB03"", ""R01BA03"", ""R06AB04""]"
894803	"[""N02AA01""]"
899350	"[""V03AF01""]"
903726	"[""H03AA01"", ""H03AA02""]"
978282	"[""D02AA""]"
991306	"[""D08AG03""]"
309467	"[""N02BE01"", ""R05DA04""]"
310023	"[""H05BX03""]"
310196	"[""G03CA57""]"
310442	"[""J05AB06""]"
311069	"[""L03AB04""]"
311385	"[""N05AH01""]"
312263	"[""J01CE08"", ""J01CE09""]"
312846	"[""N04BC04""]"
312744	"[""N05AH04""]"
198372	"[""C03CA04""]"
198687	"[""R05CA03""]"
1992873	"[""S01EX05""]"
201152	"[""C01EB16"", ""G02CC01"", ""M01AE01"", ""R02AX02""]"
205743	"[""J05AB06""]"
996133	"[""R01BA02"", ""R05CA03"", ""R05DA04""]"
313908	"[""D07BA04""]"
314004	"[""R03DA04"", ""R05CA03""]"
314277	"[""N06AX16""]"
315209	"[""J01GB01""]"
317150	"[""J05AE03""]"
313975	"[""D11AX16""]"
806527	"[""H02AB09""]"
809282	"[""A09AA01""]"
827185	"[""A02BA02""]"
866047	"[""R03AC12""]"
966233	"[""H03AA01""]"
308189	"[""J01CA04""]"
198910	"[""A12CB02""]"
904458	"[""C10AA03""]"
895697	"[""D07AC17""]"
984107	"[""A16AX03""]"
991722	"[""B02AB02""]"
308399	"[""A11GA01""]"
311724	"[""D11AX01""]"
311976	"[""C04AC02"", ""C10AD05""]"
108896	"[""S01EA03""]"
1090560	"[""H01CB02""]"
198222	"[""C03DA01""]"
198295	"[""M01AB03""]"
1996965	"[""R02AD01""]"
1998639	"[""M02AB01""]"
204590	"[""S01AX07"", ""S02AA03""]"
2047639	"[""V03AE10""]"
2055751	"[""D06AX04""]"
206793	"[""J01MA07""]"
996125	"[""R01BA02"", ""R05CA03"", ""R05DA04""]"
999604	"[""D10AF06""]"
999631	"[""V03AN01"", ""V03AN02""]"
999679	"[""D10AE01""]"
313475	"[""N05AA05""]"
314258	"[""N01AF03"", ""N05CA19""]"
317106	"[""B03BA03""]"
351349	"[""D07AA02""]"
359277	"[""R01BA03"", ""R06AB01""]"
391980	"[""C08CA05""]"
314285	"[""N03AX15""]"
806396	"[""S01KX""]"
806727	"[""R01AX""]"
831246	"[""R03BC01""]"
834112	"[""J01CE02""]"
834152	"[""D08AC02""]"
2043870	"[""M05BX05""]"
207006	"[""L03AB04""]"
849385	"[""N04BB01""]"
849760	"[""B01AB01""]"
853501	"[""N02BA01""]"
853618	"[""D02AB"", ""D10AB02""]"
855328	"[""B01AA03""]"
855332	"[""B01AA03""]"
856892	"[""N02BE01"", ""R05DA03""]"
857001	"[""N02AJ22""]"
857597	"[""R01BA03"", ""R05DA03"", ""R06AB01""]"
207893	"[""C09AA06""]"
208327	"[""D10AD01""]"
208324	"[""R06AD03""]"
209303	"[""S01AA32""]"
2105742	"[""J02AC04""]"
2107814	"[""R06AA02""]"
2110513	"[""R03AK06""]"
211904	"[""A11CA02""]"
2122366	"[""N02BE01"", ""R05DA09""]"
212570	"[""R01BA01"", ""R05CA03""]"
213271	"[""G04BE03""]"
213525	"[""S02CA03""]"
2167801	"[""R05DA09""]"
2173731	"[""R05DA09""]"
2179641	"[""S01XA20""]"
1091511	"[""D04AB01""]"
1094149	"[""G04BX06""]"
1094330	"[""R01BA02"", ""R06AB01""]"
1094718	"[""N02BE01"", ""N02BE51""]"
1095481	"[""N02BE01""]"
1098408	"[""D06AX05""]"
1099653	"[""R01BA02"", ""R05DA09"", ""R06AX07""]"
1099788	"[""R06AX07""]"
349482	"[""N07XX04""]"
375355	"[""A11GA01"", ""A11HA03""]"
857589	"[""R01BA02"", ""R05DA03"", ""R06AB01""]"
207830	"[""H01AC02""]"
210487	"[""R01AA07"", ""R01AB06""]"
212836	"[""D01AE12""]"
2178101	"[""R01BA02"", ""R05DA09"", ""R06AB04""]"
1112865	"[""N02BE01"", ""R05DA09"", ""R06AA09""]"
1113427	"[""R01BA02"", ""R05DA04"", ""R06AB04""]"
1114413	"[""D08AG03""]"
1116080	"[""N05CA02"", ""R03DA05""]"
1117243	"[""D02AB""]"
1148121	"[""A02AA01""]"
1150809	"[""D10AE01""]"
1190916	"[""J07AM01""]"
1190696	"[""A03BA01""]"
402239	"[""L04AG02""]"
403875	"[""J05AF09""]"
404186	"[""A06AB06""]"
404200	"[""A03AX10"", ""N02BE01"", ""N05CC04""]"
417425	"[""D02AB""]"
440303	"[""R01BA03"", ""R05CA03""]"
540281	"[""C10AB05""]"
540938	"[""J01EB03"", ""J01EC02"", ""J01ED07""]"
541619	"[""A04AA01""]"
542426	"[""N03AX09""]"
544138	"[""D11AX11""]"
582620	"[""A02BA04""]"
597768	"[""V03AC03""]"
616456	"[""D08AX05""]"
858813	"[""C09AA02""]"
858832	"[""R01BA03"", ""R05DA03"", ""R06AB04""]"
859025	"[""R01BA02"", ""R05DA03"", ""R06AB04""]"
859761	"[""D08AC02""]"
859997	"[""R05CA03"", ""R05DA03""]"
860428	"[""R01BA03"", ""R05CA03"", ""R05DA03""]"
1000555	"[""D10AB02"", ""D10AF06""]"
1000680	"[""S01AB04""]"
1000892	"[""S01EB01""]"
1000990	"[""R01AA05""]"
1006695	"[""D10AF06""]"
1009424	"[""G03BA03""]"
1011809	"[""N01BB02""]"
1012775	"[""R01BA02"", ""R05DA09"", ""R06AA08""]"
1012953	"[""R05DA09"", ""R06AA08""]"
1013630	"[""G03AA12""]"
1039273	"[""D07AA02""]"
1040041	"[""N05AE05""]"
1044579	"[""M02AB01""]"
1044914	"[""D08AC02""]"
1046978	"[""A03CB""]"
1046999	"[""A03CB""]"
1047415	"[""D02AF""]"
1049899	"[""D04AA32""]"
1052526	"[""D08AX08""]"
1053192	"[""D08AJ01""]"
226921	"[""G04BE01""]"
2166112	"[""D01AC01"", ""D06AX07"", ""D07AC13"", ""R03BA07"", ""S03AA06""]"
240903	"[""H01CA01"", ""V04CM01""]"
244573	"[""A01AD""]"
244613	"[""D11AA""]"
1665687	"[""N02AB02""]"
209387	"[""N02BE01""]"
213045	"[""L01BC02""]"
2183898	"[""R05DB05"", ""R06AB04""]"
210015	"[""A02AD01""]"
1099706	"[""R01BA02"", ""R05CA03"", ""R05DA04"", ""R06AX07""]"
1234238	"[""G04BE01""]"
539410	"[""A03AX10"", ""N02BE01"", ""N06BC01""]"
577787	"[""C09CA06""]"
858071	"[""M04AC01""]"
1014580	"[""R01BA02""]"
1043693	"[""N02BE01"", ""R01BA02"", ""R05CA03"", ""R05DA09""]"
105602	"[""L01XX05""]"
245314	"[""R03AC02""]"
261267	"[""A10BG03""]"
284019	"[""H01AC01""]"
1658663	"[""M02AB01""]"
1000064	"[""N06AA12""]"
1000880	"[""S01EB01""]"
1013048	"[""C01BB01"", ""N01BB02""]"
313926	"[""J01DC02""]"
804183	"[""J07BD01""]"
804754	"[""M02AB01""]"
830196	"[""A07DA02""]"
831244	"[""C08DB01""]"
881403	"[""R05CA03""]"
968689	"[""M01AX05"", ""M01AX25""]"
309395	"[""J01XX05""]"
310299	"[""V08CA07""]"
312127	"[""J01CF04""]"
199902	"[""D02AE01""]"
2044967	"[""C03XA01""]"
205335	"[""R02AD01""]"
206750	"[""N03AB01""]"
999681	"[""D10AE01""]"
313852	"[""D10AD03""]"
313951	"[""D03AX02""]"
315195	"[""A11HA03"", ""P01BC01""]"
315200	"[""A04AD01"", ""N05CM05""]"
404285	"[""D07AA02""]"
804996	"[""N06BC01""]"
827738	"[""R01AA07""]"
830750	"[""B05BA01""]"
844829	"[""R03DA04""]"
200174	"[""N05CH01""]"
312940	"[""N06AB06""]"
832908	"[""A11CC05""]"
833528	"[""C01BD01""]"
847261	"[""A10AB06""]"
848738	"[""N05AX14""]"
848772	"[""N02AJ18""]"
849426	"[""N02AC04"", ""N06BC01""]"
853372	"[""D02AB""]"
855348	"[""B01AA03""]"
856783	"[""N06AA09""]"
856917	"[""R05CA03"", ""R05DA03""]"
857091	"[""N02BE01"", ""R05DA03""]"
857127	"[""N02BE01"", ""R05DA03""]"
857381	"[""N02BE01"", ""R05DA03""]"
208492	"[""N05AF04""]"
208284	"[""R03DA04""]"
209971	"[""N01BA03""]"
2100023	"[""H03AA01""]"
211633	"[""A02AD01""]"
212053	"[""A06AB07""]"
213377	"[""L04AK01""]"
213542	"[""D07AC01""]"
2166147	"[""R02AD01""]"
2170058	"[""R05CA03"", ""R05CA09"", ""R05DA09""]"
2180345	"[""D07AD01""]"
1090034	"[""M02AB01""]"
310224	"[""N05CM08""]"
310691	"[""V03AN01"", ""V03AN03""]"
309600	"[""B03BA01""]"
199090	"[""D02AE01""]"
199607	"[""G03CA03""]"
1998483	"[""J01AA02""]"
205330	"[""A10BF02""]"
2054223	"[""B05AA01""]"
2058950	"[""R03DX05""]"
995426	"[""N05BB01""]"
996561	"[""N06DX01""]"
312954	"[""D08AL01""]"
314087	"[""A02AA04""]"
315109	"[""R01BA03"", ""R05CA03""]"
349508	"[""J01DC04""]"
351276	"[""A14AA08""]"
351293	"[""C09DA02""]"
359337	"[""A06AB07""]"
805679	"[""M03BX01""]"
828527	"[""B05XA07""]"
828581	"[""N02AC04"", ""N02BE01""]"
831209	"[""C08DB01""]"
835726	"[""N07BB03""]"
2058895	"[""L01BC05""]"
848728	"[""N05AX14""]"
858372	"[""J01AA08""]"
208053	"[""N02BA06""]"
208605	"[""D10AE01""]"
209660	"[""D01AE18""]"
210135	"[""A02AC01"", ""A12AA04""]"
2101531	"[""M02AB01""]"
2102440	"[""J06BA01""]"
211269	"[""A01AA01"", ""A12CD01""]"
2122762	"[""R01BA01"", ""R05CA03""]"
1091147	"[""N06BA04""]"
1091654	"[""C09CA09""]"
1099571	"[""N03AG01""]"
1116173	"[""C01CA26"", ""R01BA03"", ""R03CA02"", ""R05DB05"", ""R06AB04""]"
1116270	"[""N03AA02"", ""R03DA04""]"
1091454	"[""N02BE01"", ""N02BE51"", ""R01BA02""]"
1112691	"[""D10AE01""]"
1188413	"[""P03AX05""]"
1191013	"[""S01HA04""]"
415110	"[""J06BB04""]"
422410	"[""N05CD08""]"
484833	"[""R01BA01"", ""R01BA02"", ""R05CA03""]"
578649	"[""R03DA01"", ""R05CA03""]"
583084	"[""A06AX01""]"
583218	"[""L01CD01""]"
597857	"[""L01XX35""]"
603844	"[""M01AC06""]"
615172	"[""N05AX12""]"
616917	"[""R01BA03"", ""R05DB05""]"
860576	"[""R01BA03"", ""R05DA03"", ""R06AB04""]"
860659	"[""R05CA03"", ""R05DA03""]"
1009480	"[""G03BA03""]"
1011843	"[""D04AB01"", ""D08AJ08""]"
1012915	"[""R01BA02"", ""R06AA08""]"
1020477	"[""R06AA02""]"
102991	"[""B03AB02""]"
1050093	"[""R05FB02""]"
1052932	"[""D11AX12""]"
105569	"[""L01DA01""]"
106234	"[""D07BA04""]"
241793	"[""D08AG02""]"
307677	"[""N02BA01"", ""N02BE01""]"
307750	"[""A02AD01""]"
1723776	"[""R06AA02""]"
1729441	"[""B05AA02""]"
1094170	"[""G04BX06""]"
1112813	"[""M01AX05"", ""M01AX25""]"
484671	"[""N02BE01"", ""R01BA01""]"
540544	"[""R01BA02"", ""R05CA03""]"
584534	"[""S01AA17""]"
607295	"[""D10AX05""]"
617247	"[""V01AA07""]"
1012564	"[""R01BA02"", ""R06AA08""]"
1039706	"[""D08AE04""]"
1042637	"[""D08AX05""]"
1190660	"[""S01FA01""]"
1112986	"[""A08AA01""]"
404492	"[""A16AB05""]"
432400	"[""H05BX01""]"
484322	"[""A10AE05""]"
544817	"[""J01DD12""]"
579820	"[""M01AX14""]"
583165	"[""M03BX02""]"
603162	"[""N05CH02""]"
615963	"[""D10AE01""]"
616402	"[""N06AX21""]"
859011	"[""R01BA02"", ""R05DA03"", ""R06AB04""]"
1009328	"[""D08AG03""]"
1010448	"[""P02CF01""]"
1042692	"[""A11CC05"", ""A12AA13""]"
1043446	"[""D11AX22""]"
1043518	"[""D08AE05""]"
1046355	"[""S01GA01""]"
1049221	"[""N02AJ17""]"
1050951	"[""P02CF01""]"
1053405	"[""D11AX11""]"
105824	"[""N02BA11""]"
1086022	"[""D02AB""]"
244556	"[""D04AB04""]"
1664634	"[""N02AA05""]"
1665229	"[""J01MA02""]"
2183912	"[""R06AB02""]"
1112873	"[""G02CA01""]"
1234584	"[""R01AA04""]"
544118	"[""D07BA04""]"
544828	"[""D10AE01""]"
103909	"[""A04AA02""]"
1041849	"[""D08AX08""]"
238013	"[""H01BB02""]"
1658692	"[""B01AB01""]"
1659915	"[""V03AB15""]"
1667912	"[""C01CA02"", ""R03AB02"", ""R03CB01""]"
1734084	"[""N01BB09""]"
103467	"[""D07AD02""]"
1741377	"[""B05AA01""]"
1742033	"[""C05AD07"", ""D04AB07""]"
1793920	"[""M02AB01""]"
1797931	"[""R01AD05""]"
1048052	"[""A03BA03""]"
1090053	"[""A01AA01"", ""A12CD01""]"
198554	"[""A12AA01""]"
200060	"[""L04AA06""]"
206826	"[""G03FA01""]"
995367	"[""D08AE04""]"
315163	"[""H01BB02""]"
349594	"[""N06BA09""]"
800410	"[""B05BA01""]"
809311	"[""D10AE01""]"
829753	"[""A12CC01""]"
313239	"[""G03BA03""]"
849418	"[""V06DC01""]"
852879	"[""C01BA01""]"
852920	"[""C01BA01""]"
854836	"[""N06BA12""]"
1092736	"[""R06AA02""]"
1098163	"[""D03AX05""]"
1235049	"[""A07EA02""]"
207485	"[""P03AC04""]"
208141	"[""C01AA05""]"
208185	"[""D06BA01""]"
208187	"[""D06BA01""]"
208272	"[""R03DA04""]"
208276	"[""R03DA04""]"
210041	"[""A02AD01""]"
211105	"[""D08AG02""]"
211465	"[""B02AA01""]"
237382	"[""B05XA17""]"
237872	"[""A02AD01""]"
404125	"[""D10AE01""]"
426904	"[""D11AX12""]"
483427	"[""C10AB05""]"
854144	"[""N02AX06""]"
583214	"[""L01CD01""]"
615882	"[""H01AC03""]"
857342	"[""N07AB02""]"
1010042	"[""G03BA03""]"
1012735	"[""N01BB03""]"
1012899	"[""L04AE01""]"
1020021	"[""R06AE07""]"
245462	"[""A11GA01""]"
260218	"[""N06BA07""]"
262222	"[""N05AX08""]"
1657007	"[""L01FX04""]"
1657864	"[""L01FA01""]"
1665504	"[""J01MA12""]"
855926	"[""M01AB05""]"
1114485	"[""N04BC05""]"
1145629	"[""A03BA01""]"
209032	"[""D07AC11""]"
2122907	"[""R01BA03"", ""R05CA03"", ""R05DA03""]"
580285	"[""A07FA02""]"
606765	"[""B03AB02""]"
1046982	"[""A03BA03""]"
1716037	"[""G03AA09""]"
1723222	"[""N01AH02""]"
1730187	"[""R05DA09"", ""R06AA09""]"
284183	"[""J05AF02""]"
1726268	"[""A16AB02""]"
1741569	"[""A02AF02""]"
1806948	"[""J01AA02""]"
1049241	"[""N02AJ17""]"
262073	"[""J01CA04""]"
1658325	"[""N05AX16""]"
1719290	"[""C03CA01""]"
1724807	"[""N01BB01""]"
1726984	"[""A16AB14""]"
1743871	"[""C01CA04""]"
1747123	"[""J01DD01""]"
1788852	"[""M01AC06""]"
1793915	"[""D02AB""]"
1807136	"[""N01BX04""]"
1807578	"[""B05XA03""]"
1809421	"[""J06BA01""]"
1859165	"[""D08AJ01""]"
1860463	"[""A12BA01""]"
1867998	"[""N01BB02""]"
1869279	"[""V03AZ01""]"
1871479	"[""R02AD01""]"
1874008	"[""D04AA32""]"
1876117	"[""R01BA53""]"
1939343	"[""N02BE01"", ""R05CA03""]"
197419	"[""C03CA02""]"
1862595	"[""L01XK03""]"
1242502	"[""N02BE01"", ""R05DA09"", ""R06AA09""]"
1243894	"[""D08AJ08""]"
1245026	"[""R01AX""]"
1245373	"[""C01AA05""]"
1246076	"[""D04AB07""]"
1248331	"[""D01AE12""]"
1291096	"[""A07EA02""]"
1291607	"[""D08AE05"", ""D08AJ03""]"
1297832	"[""N01BA05""]"
1298348	"[""N02BE01""]"
1300361	"[""D01AE12""]"
1304105	"[""R05DA09"", ""R06AB01""]"
1305222	"[""A11JA""]"
1300384	"[""J07AJ52""]"
1308486	"[""R05FB02""]"
1308535	"[""R05CA03""]"
1314779	"[""C05AX06""]"
1357938	"[""R01BA02"", ""R05DB05"", ""R06AC01""]"
1358508	"[""D07AA01""]"
1359028	"[""G03AA05""]"
1359362	"[""D06AX04""]"
1362061	"[""B01AB01""]"
1367222	"[""R01BA03"", ""R06AB04""]"
1368392	"[""A10BD13""]"
1374383	"[""D04AB01""]"
1424660	"[""R01BA02"", ""R05CA03"", ""R05DA09""]"
197499	"[""C03BA04""]"
197605	"[""C01AA05""]"
197768	"[""A09AB03"", ""B05XA13""]"
1439775	"[""N02BE01"", ""R06AB04""]"
1440003	"[""R05DA04""]"
1486208	"[""D01AE12"", ""D02AE01""]"
1486985	"[""A06AG10""]"
1487076	"[""M02AA15""]"
1487100	"[""P02BA01""]"
1488667	"[""B01AC21""]"
1490021	"[""R05CA03""]"
1494173	"[""D10AF06""]"
1535143	"[""V06DC01""]"
1536604	"[""G01AF04""]"
1541109	"[""D01AE12""]"
1542380	"[""D10AF06""]"
1542994	"[""D07CC02""]"
1544490	"[""A10AF01""]"
1545303	"[""G03AC03""]"
1314672	"[""B03AE""]"
1720280	"[""A16AB13""]"
1724796	"[""N01BB01""]"
1726680	"[""R06AA10""]"
1741268	"[""B03AC""]"
1741312	"[""B05AA01""]"
1741375	"[""B05AA01""]"
1742330	"[""B05AA01""]"
1790660	"[""N05CH01""]"
1791232	"[""C08DB01""]"
1791569	"[""N02AA05""]"
1791588	"[""L01AA06""]"
1797521	"[""L04AD01""]"
1805009	"[""L01AA09""]"
1806197	"[""N06BA04""]"
1809578	"[""J06BA01""]"
1855393	"[""B05AA07""]"
1859553	"[""A02BA02""]"
1875866	"[""N03AX14""]"
1923702	"[""N02BE01""]"
1942189	"[""N01BA05""]"
1236150	"[""N02AA08"", ""R01BA02"", ""R05CA03""]"
1244760	"[""R01BA02"", ""R05CA03"", ""R05DA03""]"
1244721	"[""R05FB02""]"
1245378	"[""N01BA05""]"
1245468	"[""A06AA02""]"
1246093	"[""C05AD07"", ""D04AB07""]"
1246677	"[""D01AE22""]"
1291371	"[""G04BE10""]"
1294616	"[""D04AA04"", ""D04AA32""]"
1298228	"[""R05FB02""]"
1299634	"[""D08AX07""]"
1300901	"[""D01AE12""]"
1245168	"[""A06AD19""]"
1360515	"[""G03CA03""]"
1361032	"[""B01AB01""]"
1367116	"[""D06AX09""]"
1367521	"[""N05AH01""]"
1370222	"[""R01BA02"", ""R05CA03"", ""R05DA09""]"
1421461	"[""G03AA05"", ""B03AA02""]"
1424029	"[""R05CA03"", ""R05DA09""]"
1432969	"[""N02AE01""]"
1436557	"[""N02BA03"", ""N06BC01""]"
197462	"[""L01AA02""]"
197477	"[""C02LA01""]"
1442165	"[""C10AB05""]"
1494046	"[""D08AJ01""]"
1494035	"[""D07AA02""]"
1534805	"[""A10BJ04""]"
1541594	"[""A12BA01""]"
1544388	"[""L04AX03""]"
197520	"[""D07AB21""]"
1549399	"[""D04AB07"", ""D08AE05""]"
1867697	"[""J01DB01""]"
1941470	"[""A16AX04""]"
1946481	"[""D02AC""]"
1946577	"[""M02AB01""]"
197397	"[""R05DB01""]"
197783	"[""H02AB09""]"
1243771	"[""B02BD30""]"
1244951	"[""N02BE01"", ""R06AB04""]"
1245268	"[""G03XB01""]"
1246383	"[""R05DA09""]"
1247893	"[""A06AA02"", ""A06AB06""]"
1250169	"[""C01BB01"", ""N01BB02""]"
1250549	"[""D01AE04""]"
1251274	"[""A03BB03"", ""R01BA02""]"
1300081	"[""R01BA02"", ""R06AB01""]"
1309062	"[""R05CA03""]"
1310125	"[""D02AA""]"
1358645	"[""R05CA03""]"
1358704	"[""R01BA02"", ""R05CA03"", ""R05DA09""]"
1360383	"[""A10AB05"", ""A10AD05""]"
1367320	"[""R01BA02"", ""R05CA03""]"
141962	"[""J01FA10""]"
1426881	"[""G03AC03""]"
1430050	"[""D01AE04""]"
1436949	"[""D07BA04""]"
1367219	"[""R01BA03"", ""R06AB01""]"
197939	"[""S01EC05""]"
197947	"[""D05BA02""]"
198158	"[""N01BA02""]"
1440303	"[""A07DA03""]"
1484488	"[""M02AB01""]"
152854	"[""J02AC02""]"
1535364	"[""A01AA01"", ""A12CD01""]"
1535372	"[""R05DA09""]"
1549680	"[""N01AB04""]"
1593609	"[""D11AX01""]"
1601386	"[""L01EF01""]"
1606353	"[""S02CA03""]"
1607309	"[""A02AA04"", ""A12AA04""]"
1649007	"[""M02AB01""]"
1650901	"[""L03AB07""]"
1651564	"[""R01BA02"", ""R05CA03"", ""R05DA03""]"
1652638	"[""G04BC""]"
1795519	"[""B05BA03""]"
1299177	"[""H03AA01""]"
1651394	"[""D01AC02""]"
1858414	"[""A06AB06""]"
1858833	"[""B01AC21""]"
1876671	"[""J06BA01""]"
197405	"[""D07AC01""]"
197647	"[""C04AE01""]"
1251616	"[""N05CA03""]"
1251785	"[""P03AX05""]"
1356791	"[""R05CA03""]"
1367307	"[""D10AE01""]"
1423794	"[""R05FB02""]"
197806	"[""M01AE01""]"
197877	"[""N01BB04""]"
198022	"[""N07AA01""]"
1482523	"[""N03AF04""]"
1492064	"[""R06AX07""]"
153473	"[""L01XX03""]"
1537948	"[""D11AX01""]"
1549081	"[""A06AG04"", ""A06AX01""]"
1549206	"[""D10AE01""]"
1549428	"[""A09AA01""]"
1549867	"[""D08AJ01""]"
1592783	"[""D11AX22"", ""P02CF01""]"
1598073	"[""D11AX22""]"
1607012	"[""D04AB06""]"
1242561	"[""N02BE01"", ""R05DA09"", ""R06AA09""]"
1370291	"[""N02BE01"", ""N06BC01""]"
1439918	"[""D01AE12""]"
1440937	"[""G03AA05""]"
1598284	"[""R05FA02""]"
1607973	"[""J01AA06""]"
1650127	"[""N02BE01""]"
197845	"[""D10BA01""]"
198047	"[""N06AA10""]"
1486763	"[""A12AA03""]"
1594432	"[""G03GA05""]"
1595393	"[""N06BC01""]"
1606850	"[""R05CA03""]"
1370297	"[""P03AX01""]"
197534	"[""J01CF02""]"
1442520	"[""D11AC""]"
1607798	"[""V03AC03""]"
618582	"[""D06AX01""]"
630726	"[""G03CA57""]"
667904	"[""D02AF"", ""D11AC""]"
761649	"[""D07AA02""]"
687023	"[""N05BA12""]"
722131	"[""C09DB01""]"
636371	"[""B03BA01""]"
686514	"[""B05BB02""]"
694009	"[""R02AD01""]"
728550	"[""D01AC08""]"
730781	"[""B05XA03""]"
745533	"[""J01CE01""]"
755467	"[""A06AD11""]"
763141	"[""B01AD07""]"
800405	"[""B05BA01""]"
636811	"[""N05CH01""]"
756221	"[""B03AB02""]"
799835	"[""A06AH02""]"
861753	"[""A10BD02""]"
892097	"[""P02BA01"", ""P02CC01""]"
896175	"[""R03AK06""]"
993242	"[""J01FF01""]"
308412	"[""N02BA01""]"
310617	"[""R03DA04"", ""R05CA03""]"
762001	"[""G03AA09""]"
861072	"[""A11GA01"", ""B03AA07"", ""B03BB01""]"
863853	"[""N02AA01"", ""N07BB04""]"
897645	"[""N02AA03"", ""R05CA03""]"
897702	"[""N02AA03""]"
900169	"[""N03AX09""]"
979387	"[""J06AA03""]"
901484	"[""R03CC02""]"
993557	"[""N06AX12""]"
993945	"[""N02BE01"", ""N06BC01"", ""R05DA04""]"
311448	"[""B05BC01""]"
312611	"[""S01BA04""]"
1991422	"[""N01BA05""]"
2044969	"[""C03XA01""]"
205323	"[""M01AH01""]"
996255	"[""R01BA02"", ""R05CA03"", ""R05DA04""]"
996546	"[""R01BA01"", ""R05CA03"", ""R05DA04""]"
389242	"[""V03AC02""]"
806728	"[""R01AX""]"
809376	"[""A03AX13""]"
665036	"[""A10BH01""]"
656708	"[""R01AA04"", ""S01FB01"", ""S01XA20""]"
745284	"[""J01CE01""]"
750227	"[""C10BX03""]"
762813	"[""G03AA06""]"
884173	"[""C02AC01""]"
894813	"[""N02AA01""]"
966220	"[""H03AA01""]"
991000	"[""S01EB05""]"
978757	"[""B01AB04""]"
892357	"[""N02AA01""]"
308245	"[""A09AA01""]"
309059	"[""J01DC06""]"
1086840	"[""A11HA03"", ""C01EB09""]"
1090087	"[""R01BA03""]"
205817	"[""J01CA01""]"
313280	"[""R03DA04""]"
317859	"[""A09AA01""]"
351381	"[""C01DA08""]"
809129	"[""R01BA01"", ""R06AB04""]"
826802	"[""A08AA01""]"
828379	"[""C10AB05""]"
833705	"[""C08DB01""]"
755555	"[""R01BA01"", ""R01BA02"", ""R05CA03"", ""R06AB04""]"
864771	"[""N07BC02""]"
308490	"[""S01CA03""]"
308803	"[""C01BD02""]"
310157	"[""J01FA01""]"
310868	"[""C05AA01""]"
2002008	"[""D04AB01""]"
204509	"[""J01XB02""]"
205860	"[""J01FA09""]"
315159	"[""V03AN01"", ""V03AN04""]"
352193	"[""R01BA02"", ""R06AB04""]"
833694	"[""C08DB01""]"
630287	"[""A01AA04""]"
687024	"[""N05BA12""]"
723533	"[""N02BE01""]"
762420	"[""J01AA08""]"
642349	"[""A07BC04""]"
628958	"[""A12BA01""]"
706552	"[""R03DA04""]"
753462	"[""A06AB06""]"
755473	"[""J01FF02""]"
731590	"[""J01CE08"", ""J01CE09""]"
750223	"[""C10BX03""]"
753350	"[""D06BB12""]"
756004	"[""R03DA02""]"
755482	"[""A03FA01""]"
891883	"[""N02AA01""]"
884203	"[""C02LC01""]"
308462	"[""J01CA09""]"
309608	"[""B03BA01""]"
752889	"[""L02AE02""]"
746020	"[""B03AA07""]"
861041	"[""A10BX05""]"
865163	"[""M02AB01""]"
866111	"[""N05BE01""]"
897133	"[""C05AX04""]"
897758	"[""N02AA03""]"
898517	"[""A12BA02""]"
904483	"[""C10AA03""]"
863588	"[""A03FA01""]"
901803	"[""N02CC03""]"
992689	"[""N05AA01""]"
308234	"[""A09AA01""]"
308227	"[""A09AA01""]"
308364	"[""N06BC01"", ""R06AB04""]"
308816	"[""R06AE01""]"
309078	"[""J01DD13""]"
310173	"[""G03CA03""]"
310211	"[""G03CA07"", ""G03CC04""]"
310432	"[""N02BF01""]"
311928	"[""D06AX04""]"
312186	"[""S01AA30""]"
198231	"[""J01EC01""]"
2001474	"[""C10AD02""]"
206614	"[""D11AX11""]"
206809	"[""N05AC03""]"
206026	"[""D07BA04""]"
995234	"[""N05BB01""]"
995632	"[""R06AE05""]"
404528	"[""A01AB23"", ""J01AA08""]"
998740	"[""A06AB06""]"
797851	"[""D02AE01""]"
800118	"[""B05BA01""]"
861637	"[""S01ED01""]"
900428	"[""J01FF01""]"
966184	"[""H03AA01""]"
309373	"[""N05AH02""]"
1086847	"[""A11HA03"", ""C01EB09""]"
311034	"[""A10AB01""]"
198233	"[""M04AB02""]"
199212	"[""M03AC11""]"
201912	"[""P01BD01""]"
206937	"[""D11AX13""]"
646041	"[""J02AC01""]"
628582	"[""J01CA04""]"
670003	"[""N05AN01""]"
672908	"[""N03AF01""]"
728542	"[""R05CA03""]"
688236	"[""J01CF01""]"
725098	"[""G03DA04""]"
728122	"[""G03CA03""]"
729929	"[""N06AX16""]"
749837	"[""C09DA07""]"
761973	"[""G03AA09""]"
724887	"[""C09DB01""]"
756209	"[""J05AF01""]"
861494	"[""N02AB02""]"
865093	"[""A11HA02"", ""N05CH01""]"
966454	"[""H03AA01""]"
966562	"[""R03BA01""]"
992706	"[""N05AA01""]"
199834	"[""A11GA01""]"
748672	"[""A11HA02"", ""B03BA01"", ""B03BB01""]"
750219	"[""C10BX03""]"
750255	"[""G03AA01""]"
861159	"[""C01BC03""]"
861526	"[""D07AD01""]"
880387	"[""N04BD01""]"
886624	"[""N02AF01""]"
890854	"[""A02AA02"", ""A06AD02"", ""A12CC10""]"
895989	"[""D07AC17""]"
898721	"[""C09AA07""]"
966675	"[""R03BA01""]"
966770	"[""M03AC04""]"
991236	"[""N05AA01""]"
992784	"[""G01AF04""]"
863829	"[""A09AA01""]"
886622	"[""N02AF01""]"
966157	"[""H03AA01""]"
308244	"[""A09AA01""]"
309279	"[""A12CB01"", ""B05XA18"", ""V03AB20""]"
310469	"[""S01CA02""]"
311177	"[""A03AB09"", ""N05AB04""]"
311539	"[""A03AB08"", ""N05BC01""]"
311945	"[""C10AD02""]"
311946	"[""C10AD02""]"
1086986	"[""R06AA02""]"
311950	"[""C10AD02""]"
198581	"[""C10AX""]"
2003664	"[""B02BC06""]"
2045502	"[""S01LA04""]"
206331	"[""D07AA02""]"
206345	"[""A16AA01""]"
315156	"[""S01AA30""]"
379186	"[""N01BB09""]"
803293	"[""N06AB03""]"
826865	"[""A11DA01"", ""A11GA01"", ""A11HA01"", ""A11HA02"", ""A11HA04"", ""A11HA05"", ""A11HA31"", ""B03AA02"", ""B03BA05"", ""B03BB01""]"
308704	"[""A11CA02""]"
198470	"[""N02BA01""]"
205730	"[""J01CA04""]"
994487	"[""A06AB06""]"
375983	"[""J01XA01""]"
833219	"[""C08DB01""]"
636724	"[""A01AA01""]"
705610	"[""A02BA02""]"
672356	"[""N05AX12""]"
749198	"[""B01AC04""]"
725021	"[""N06DA03""]"
749861	"[""G03AA11""]"
731380	"[""J06BB01""]"
795735	"[""N07BA03""]"
795819	"[""A09AA04""]"
755472	"[""A06AD11""]"
901543	"[""N04BC05""]"
309065	"[""J01DD01""]"
2052925	"[""R02AD04""]"
749859	"[""G03AA05""]"
748302	"[""D02AE01""]"
861424	"[""C01BC03""]"
901812	"[""A16AB10""]"
905024	"[""M05BA07""]"
966524	"[""R03BA02""]"
308147	"[""G04BA01""]"
309579	"[""R01BA01"", ""R06AB04"", ""R06AC01""]"
310471	"[""S01AA11""]"
310861	"[""D07AA02""]"
311949	"[""C10AD02""]"
312617	"[""H02AB07""]"
1089069	"[""D02AB""]"
309888	"[""C01AA05""]"
2003590	"[""A07BC04""]"
200801	"[""C03CA01""]"
2056934	"[""D04AB01""]"
205897	"[""S01EA01"", ""S01EB01""]"
199310	"[""L04AX01""]"
206298	"[""J01DC10""]"
996036	"[""S01KA02""]"
317153	"[""D01AE12"", ""D10AB02""]"
807396	"[""B05BB01""]"
727619	"[""A03FA01""]"
876519	"[""C09DB04""]"
897676	"[""C08DA01""]"
966163	"[""H03AA01""]"
309028	"[""A06AB07""]"
309041	"[""J01DC04""]"
309062	"[""J01DD12""]"
897732	"[""N02AA03""]"
966193	"[""H03AA01""]"
309561	"[""R01BA03"", ""R05CA03"", ""R06AB04""]"
311159	"[""R03AC07"", ""R03CC06""]"
311965	"[""A11HA01""]"
312391	"[""M01AA01""]"
198275	"[""N05AC02""]"
198420	"[""J01EB05""]"
198735	"[""V06DD""]"
207140	"[""N07AA01""]"
994530	"[""M03BC01""]"
996921	"[""N05AH02""]"
997964	"[""D01AE12""]"
999494	"[""A01AA01""]"
312861	"[""A10BG02""]"
352210	"[""V03AF01""]"
359541	"[""A11HA02"", ""B03BA01"", ""B03BB01""]"
801177	"[""A11DA01"", ""A11HA01"", ""A11HA02"", ""A11HA04""]"
807276	"[""J07AF01"", ""J07AM01""]"
824303	"[""N03AF03""]"
828541	"[""J02AX04""]"
832891	"[""A12BA01""]"
834344	"[""C01BD01""]"
999996	"[""C09DX03""]"
313152	"[""D10AB02""]"
351133	"[""C10AB05""]"
847060	"[""C09DA08""]"
854247	"[""B01AB05""]"
854995	"[""S02CA03""]"
855911	"[""N03AB02""]"
856618	"[""C03AA03"", ""C07AA05""]"
856996	"[""N02BE01"", ""R05DA03""]"
857082	"[""N02BE01"", ""R05DA03""]"
857294	"[""N02BE01"", ""R05DA03""]"
857383	"[""N02AJ22""]"
857594	"[""R01BA02"", ""R05DA03"", ""R06AB01""]"
207706	"[""N05AA03""]"
207895	"[""C09AA06""]"
208602	"[""S01CA01""]"
208677	"[""S01CA01""]"
209249	"[""G03CA57""]"
210036	"[""A02AD01""]"
210861	"[""R03DA05"", ""R05CA03""]"
211114	"[""D08AG02""]"
2119545	"[""A06AA01""]"
2121065	"[""N02BE01"", ""R05DA09"", ""R06AB04""]"
212354	"[""G03CA07"", ""G03CC04""]"
213194	"[""J01GB01""]"
213706	"[""J05AB01""]"
2173657	"[""R01BA02"", ""R05DA09"", ""R06AB04""]"
2175997	"[""M01AX05"", ""M01AX25""]"
2176457	"[""N02BE01"", ""R01BA02"", ""R05DA09""]"
2177912	"[""R05CA03"", ""R05DA09"", ""R06AB04""]"
2182349	"[""R01BA03"", ""R05DA03"", ""R06AB04""]"
1091182	"[""N06BA04""]"
1095636	"[""N02BE01""]"
2168525	"[""N02BE01"", ""R01BA02"", ""R05DA09"", ""R06AB04""]"
2173678	"[""R05DA09"", ""R06AB04""]"
1101606	"[""J01EB03""]"
1111752	"[""A11DA01"", ""A11HA01"", ""A11HA02"", ""A11HA04"", ""A11HA30"", ""A12CB01"", ""B03BA01""]"
1114003	"[""R01BA02"", ""R05DA04"", ""R06AB04""]"
1114356	"[""A11GA01"", ""B03AA02"", ""B03BA01""]"
1114695	"[""L01AA09""]"
1190910	"[""A03BA01"", ""R01BA01"", ""R06AB04""]"
1192655	"[""D01AE12""]"
1232621	"[""D04AB07"", ""D08AE05""]"
402097	"[""G04BE08""]"
413246	"[""D08AE04""]"
485414	"[""N05BA12""]"
540358	"[""R06AB01""]"
541963	"[""N01AB08""]"
562507	"[""D01AE12""]"
562828	"[""G03GA01""]"
577055	"[""A11CC05"", ""A12AA13""]"
578806	"[""H02AB01""]"
597987	"[""C10BX03""]"
602800	"[""A06AB06""]"
616449	"[""L04AA06""]"
616507	"[""D02AB"", ""D08AX08"", ""D10AB02""]"
562359	"[""G04BX13""]"
860107	"[""S01BC05""]"
1000093	"[""D04AX01""]"
1006712	"[""S01AB04""]"
1012152	"[""S01CA02""]"
1012628	"[""C05AA01"", ""C05AD01"", ""D04AB01"", ""D07AA02"", ""D07XA01""]"
1014137	"[""R01AX""]"
1014583	"[""R01BA02""]"
103577	"[""D06AX01""]"
1037238	"[""N02BA05"", ""N02BE01""]"
1042982	"[""V03AB26""]"
1043013	"[""D08AE05""]"
1043499	"[""R01BA02"", ""R06AB04""]"
1047001	"[""A03CB""]"
1049123	"[""D04AB07""]"
1050080	"[""D04AA32""]"
1086257	"[""H02AB08""]"
2175793	"[""D08AE03""]"
240571	"[""D07AC01""]"
241887	"[""N02BE01"", ""R01BA02""]"
243808	"[""B02BA02""]"
252730	"[""N05CH01""]"
307779	"[""R03AC02""]"
1659137	"[""J01CR05""]"
208382	"[""N05AC02""]"
1113406	"[""D01AE18""]"
403806	"[""H01AX01""]"
1005767	"[""D10AF06""]"
1012066	"[""N01BB02""]"
1037186	"[""D08AG03""]"
1048124	"[""R01BA02""]"
1049402	"[""D08AJ01""]"
1052358	"[""A06AX01""]"
1052641	"[""N02BE01""]"
1086463	"[""R01BA53""]"
240803	"[""R01BA02"", ""R06AB04""]"
241907	"[""R01BA03"", ""R05CA03"", ""R06AB01""]"
248397	"[""A12AA05""]"
261110	"[""N02AB03""]"
284478	"[""G03XB01""]"
1659947	"[""D08AG02""]"
1000862	"[""S01EB01""]"
1661176	"[""G01AF08""]"
1673797	"[""R06AE05""]"
859936	"[""R05CA03"", ""R05DA03""]"
1000158	"[""L02AB02""]"
404203	"[""A06AC08""]"
541603	"[""C08CA05""]"
1012650	"[""R05DA09"", ""R06AA08""]"
1657980	"[""L04AC07""]"
808596	"[""A11CC05"", ""A12AA04""]"
834393	"[""C08DB01""]"
835962	"[""C01BD01""]"
992735	"[""A03BB06""]"
308753	"[""A06AB02""]"
309300	"[""A02BA01""]"
309313	"[""N06AB04""]"
311288	"[""N03AX14""]"
312645	"[""G03DA04""]"
1087184	"[""C05AX04""]"
198239	"[""M01AB02""]"
2049278	"[""N05AX17""]"
205923	"[""B03XA01""]"
206537	"[""B05BC01""]"
207839	"[""B02BA01""]"
2003757	"[""L04AC14""]"
205671	"[""S01BA01""]"
996740	"[""N06DX01""]"
999416	"[""N02BE01""]"
313713	"[""A11HA03""]"
347132	"[""V03AN01"", ""V03AN03""]"
352344	"[""P01BX01""]"
404422	"[""N07BA01""]"
374862	"[""R02AD01""]"
801442	"[""B05CB01"", ""B05XA03"", ""B05XA05""]"
834114	"[""J01CE02""]"
836409	"[""N02AX02""]"
206205	"[""A02BC03""]"
313625	"[""A11GA01"", ""B03AA02"", ""B03BA01"", ""B03BB01""]"
315144	"[""N05AC03""]"
808354	"[""D01AC08"", ""D07AA02""]"
848343	"[""G03CA03""]"
851212	"[""A11DA01"", ""A11HA04"", ""B03BA01"", ""M01AE01"", ""N06BC01""]"
853201	"[""N05AH04""]"
855928	"[""M01AB05""]"
856766	"[""N06AA09""]"
857105	"[""N02BE01"", ""R05DA03""]"
857221	"[""G01AD01""]"
857348	"[""N02BE01"", ""R05DA03""]"
208191	"[""C05AD03"", ""D04AB04""]"
209015	"[""N02AX03""]"
208958	"[""A12BA01""]"
209607	"[""A06AB02""]"
209710	"[""A06AA01"", ""A06AB04""]"
2105413	"[""N07AA01""]"
211765	"[""D10AA""]"
212448	"[""J05AB11""]"
212645	"[""D02AX""]"
212812	"[""D11AF""]"
213073	"[""A06AB06""]"
213539	"[""D07AC01""]"
238084	"[""N01AX03""]"
238129	"[""N02AE01""]"
351174	"[""A16AX04""]"
349010	"[""N03AX09""]"
2184167	"[""R01BA03"", ""R05DB05"", ""R06AB04""]"
312440	"[""A10BG03""]"
1090532	"[""R01BA03"", ""R06AB04""]"
1090078	"[""R06AA02""]"
198529	"[""A12AA04""]"
201117	"[""N02BA03""]"
202109	"[""M03BX01""]"
2056681	"[""N02CD01""]"
206035	"[""S01AA17""]"
206786	"[""N05AN01""]"
207834	"[""H01AC01""]"
996066	"[""R06AE05""]"
996277	"[""R01BA02"", ""R05CA03"", ""R05DA04""]"
349485	"[""C08CA13""]"
349541	"[""R01BA03"", ""R05CA03""]"
351894	"[""D07AC01""]"
360347	"[""D04AB04""]"
801701	"[""A05BA01""]"
824166	"[""J01CA04""]"
826868	"[""A08AA01""]"
828322	"[""M03BX08""]"
828594	"[""N02AC04""]"
830736	"[""A11HA02"", ""B03BA01"", ""B03BB01""]"
830863	"[""C08DB01""]"
831137	"[""C08DB01""]"
835837	"[""D02AE01""]"
313990	"[""N06AB03""]"
347965	"[""V03AN01"", ""V03AN02""]"
375959	"[""V04CF01""]"
834048	"[""J01CE02""]"
849508	"[""H01BA02""]"
854896	"[""N05CF02""]"
855875	"[""N03AB02""]"
857183	"[""C09AA09""]"
858044	"[""A10BH03""]"
858111	"[""C01BA02""]"
208129	"[""J01AA07""]"
208842	"[""R06AB02""]"
208497	"[""N05AF04""]"
2102470	"[""J06BA01""]"
210324	"[""A07BA01""]"
213284	"[""L01XX05""]"
213355	"[""D02AE01""]"
2173943	"[""R01BA02"", ""R05CA03"", ""R05DA09"", ""R06AB06""]"
1091197	"[""N06BA04""]"
1093291	"[""D02AE01""]"
1111750	"[""A11DA01"", ""A11HA01"", ""A11HA02"", ""A11HA04"", ""A11HA30"", ""A12CB01"", ""B03BA01""]"
1113442	"[""R01BA02"", ""R05DA04"", ""R06AB04""]"
1146211	"[""N02BE01"", ""R01BA03"", ""R06AA02""]"
1146867	"[""R03DA04"", ""R05CA03""]"
1148478	"[""N02AX02""]"
1149378	"[""N02AX06""]"
1149355	"[""A03BA03""]"
1154465	"[""A12AX""]"
1190587	"[""R05DA04""]"
1150129	"[""R05FB02""]"
1091324	"[""N06BA04""]"
1098704	"[""B03BA01"", ""B03BB01""]"
1099800	"[""D10AE01""]"
1100453	"[""N03AB02"", ""N05CA01""]"
1101446	"[""R06AA09""]"
1112233	"[""M01AE02""]"
1115584	"[""A16AX01""]"
1116289	"[""C01CA26"", ""R03CA02""]"
1146876	"[""D10AE01""]"
1147685	"[""R05FB02""]"
1148247	"[""D11AX11""]"
1235022	"[""D04AB01"", ""D08AJ01""]"
431806	"[""R01BA03"", ""R05CA03""]"
483444	"[""N02BF02""]"
486960	"[""J01FA01""]"
541752	"[""N05BC01""]"
542399	"[""A12BA02"", ""B05CB02""]"
543732	"[""C05BB04""]"
543789	"[""N01BA03""]"
545289	"[""L03AB05""]"
577027	"[""G03CA03""]"
602633	"[""R05FB02""]"
603011	"[""A06AD17""]"
860560	"[""R05CA03"", ""R05DA03""]"
860671	"[""R05CA03"", ""R05DA03""]"
1000556	"[""S01CA07""]"
1011849	"[""D04AB01""]"
1039012	"[""D08AJ01""]"
104084	"[""A02BA02""]"
1043748	"[""D10AX03""]"
1045432	"[""D04AB01""]"
1046310	"[""D08AJ01""]"
1048302	"[""R02AD04""]"
1049260	"[""N02AJ17""]"
1049686	"[""N02AA05""]"
1052616	"[""R02AD01""]"
238996	"[""R01AA04""]"
244492	"[""D07AA02""]"
283217	"[""P03AC01""]"
1657777	"[""L01FG02""]"
1665370	"[""D08AX08""]"
1673242	"[""N01BB01"", ""N01BB51""]"
1718909	"[""N05CM18""]"
1721014	"[""M02AB01""]"
1726119	"[""L01FX08""]"
1729521	"[""C03CA04""]"
1733892	"[""B02BC09"", ""D04AB01""]"
1733871	"[""D04AB06""]"
1738596	"[""H02AB09""]"
476152	"[""N02BE01"", ""N06BC01""]"
1000731	"[""D10AF06""]"
1005831	"[""H02AB06""]"
1010728	"[""D08AG03""]"
1013040	"[""C01BB01"", ""N01BB02""]"
1046601	"[""D10AE01""]"
1049502	"[""N02AA05""]"
411090	"[""R03DA04""]"
420071	"[""D10AE01""]"
433849	"[""C10AA02""]"
483090	"[""N04BA02""]"
484658	"[""N02BE01""]"
486152	"[""C01DA02""]"
542169	"[""V03AN01"", ""V03AN03""]"
543546	"[""D01AA01""]"
577769	"[""A11HA05""]"
859099	"[""R05CA09"", ""R05DA03""]"
859315	"[""N02AJ23""]"
860582	"[""R01BA03"", ""R05CA03"", ""R05DA03""]"
1001409	"[""A11CC01"", ""A12AA04""]"
1006060	"[""D10AB02"", ""D10AF06""]"
104308	"[""C07AB03""]"
1046980	"[""A03CB""]"
1048069	"[""N01BA05""]"
1053138	"[""D04AA32""]"
238134	"[""N02BA71""]"
241109	"[""S01KA02""]"
241922	"[""D08AJ08"", ""R02AA09""]"
244374	"[""D10AF51""]"
252294	"[""A03AX13""]"
252619	"[""J05AE05""]"
259216	"[""R07AA02""]"
282485	"[""N05AD08""]"
1657151	"[""N02CC01""]"
1657868	"[""L01FA01""]"
1661483	"[""N01BB08""]"
1718760	"[""B02AA01""]"
1734033	"[""D09AA06""]"
2168772	"[""N02BE01"", ""R01BA01"", ""R05DA09"", ""R06AB04""]"
1000941	"[""S01EB01""]"
1042624	"[""D11AX11""]"
105686	"[""B03BA01""]"
284588	"[""N02CC05""]"
1654008	"[""N01AX07""]"
1659134	"[""J01CR05""]"
1731591	"[""A03AB02""]"
858800	"[""N02AJ23""]"
244449	"[""D05AC01""]"
1737762	"[""C01BB01""]"
1741899	"[""B05AA01""]"
1744007	"[""J05AR03""]"
1789689	"[""H02AA03""]"
1791597	"[""L01AA06""]"
1797902	"[""R01AD01""]"
1798276	"[""J01AA02""]"
309986	"[""C01CA07""]"
312225	"[""D02BA01""]"
198429	"[""N03AX09""]"
1989515	"[""A06AB02""]"
198997	"[""A11GA01"", ""B03AA07""]"
199078	"[""M02AB01""]"
201355	"[""C02AB01""]"
205322	"[""M01AH01""]"
994051	"[""N02BE01"", ""R05DA04""]"
313040	"[""A01AA01"", ""A12CD01""]"
313200	"[""D05AX05""]"
801373	"[""A09AA01""]"
828320	"[""M03BX08""]"
830605	"[""J01AA02""]"
1997017	"[""B01AE06""]"
2058499	"[""A06AC01""]"
351156	"[""J01MA14""]"
848164	"[""L04AB06""]"
847241	"[""A10AE05""]"
852877	"[""C01BA01""]"
854903	"[""C07AB07""]"
1099079	"[""R05FB02""]"
1099735	"[""N06AA01""]"
1101345	"[""N02BE01""]"
1148646	"[""R03BA05""]"
1149361	"[""D01AC08"", ""D11AX12""]"
1149617	"[""D03BA02""]"
1234990	"[""N02AA08"", ""N02BE01"", ""N06BC01""]"
1235208	"[""D01AE12""]"
1234957	"[""N02AA08"", ""R06AB04""]"
210240	"[""A06AB06""]"
210777	"[""A11GA01"", ""B03AA07""]"
211616	"[""C01DA14""]"
212075	"[""J01DC02""]"
213219	"[""A10BX02""]"
213839	"[""J01DB05""]"
213840	"[""J01DB05""]"
413261	"[""D08AE05""]"
544962	"[""R03DA01""]"
577962	"[""N06BA01"", ""N06BA02""]"
580286	"[""A07EC02""]"
583122	"[""C10AB05""]"
584596	"[""H02AA03""]"
598014	"[""L03AB01""]"
604579	"[""D10AE01""]"
857706	"[""M01AB55""]"
859340	"[""R05CA03"", ""R05DA03""]"
860145	"[""R01BA03"", ""R05DA03""]"
1010736	"[""P02CC01""]"
1020047	"[""D10AE01""]"
1020132	"[""N02BE01""]"
1043244	"[""D11AX12""]"
1043704	"[""S01GA01""]"
1044335	"[""R01BA02"", ""R06AA08""]"
105914	"[""M01AE02""]"
239999	"[""B03XA01""]"
240675	"[""A02AD01""]"
250387	"[""P03AC04""]"
251016	"[""R05DA09""]"
1673024	"[""A12CC04""]"
1148491	"[""N02AX02""]"
1235867	"[""G03AA05""]"
484668	"[""R03DA05""]"
539676	"[""R05CA03""]"
1006105	"[""D10AF06""]"
1012396	"[""N01BB01""]"
1013629	"[""G03AA12""]"
1043025	"[""J01DD08""]"
259549	"[""D11AX12""]"
1654038	"[""C01EB10""]"
1656333	"[""M02AB01""]"
605697	"[""A11HA01""]"
1723220	"[""N01AH02""]"
1731518	"[""N02AA01""]"
285004	"[""M01AB08""]"
1788949	"[""V03AN04""]"
247402	"[""D08AX05""]"
253017	"[""A02AA04""]"
261021	"[""B03AB02""]"
262063	"[""L01DB09""]"
284407	"[""L02AE02""]"
1670023	"[""A10AE06""]"
1731729	"[""J01CE09""]"
581698	"[""D08AX05""]"
284175	"[""A09AA01""]"
1741304	"[""B05AA01""]"
1741762	"[""B05AA01""]"
1743870	"[""C01CA04""]"
1792144	"[""H02AB08""]"
1796096	"[""A10BD11""]"
1797835	"[""R01AX03""]"
1809499	"[""J06BA01""]"
1809531	"[""B06AA03""]"
1866559	"[""B05BB01""]"
1872065	"[""J05AB06""]"
1872972	"[""D04AB01""]"
1876413	"[""D04AB01""]"
1921240	"[""L04AB04""]"
1927027	"[""D08AJ01""]"
1945074	"[""D11AX05""]"
1236131	"[""N02AA08"", ""R01BA02"", ""R05CA03""]"
1242883	"[""D08AJ01""]"
1244697	"[""R01BA02"", ""R05CA03""]"
1245471	"[""R01BA03"", ""R06AA02""]"
1245406	"[""A12AA04"", ""A12CC01""]"
1247754	"[""A06AA02""]"
1248125	"[""A06AA02""]"
1250461	"[""D07AA02""]"
1251321	"[""R01BA02"", ""R06AE04""]"
1251774	"[""R02AA06""]"
1291101	"[""A07EA02""]"
1291367	"[""G04BE10""]"
1291372	"[""A01AA01"", ""A12CD01"", ""R02AA06""]"
1294025	"[""C05AA01""]"
1294237	"[""D08AJ08""]"
1299066	"[""D01AE18""]"
1299219	"[""A01AB03""]"
1299700	"[""R03AB02""]"
1299909	"[""N03AG06""]"
1300277	"[""D08AG02""]"
1301627	"[""M03BX01""]"
1304564	"[]"
1312438	"[""J01DB01""]"
1314792	"[""B03AE04""]"
1356071	"[""D04AB01""]"
1359354	"[""D04AB07"", ""D06AX04"", ""D06AX05""]"
1362211	"[""C05AA01""]"
1363423	"[""D06AX07""]"
1363780	"[""R01BA02"", ""R06AB04""]"
1366825	"[""N02BE01"", ""R01BA02"", ""R05DA09"", ""R06AB04""]"
1369927	"[""N02BE01"", ""R01BA02"", ""R05DA09""]"
1370113	"[""N02BE01"", ""R05DA09""]"
1370119	"[""N02BE01"", ""R01BA02"", ""R05DA09""]"
1421888	"[""R01BA02"", ""R05CA03"", ""R05DA09""]"
1422886	"[""R05DA09"", ""R06AB04""]"
1423422	"[""R05CA03""]"
1423410	"[""D08AE03""]"
1425866	"[""D01AC02""]"
1432276	"[""D08AC02""]"
1435578	"[""P02CF01""]"
1435989	"[""D08AE05""]"
197628	"[""C02CA04""]"
1440875	"[""G04BX12""]"
1482584	"[""D01AE18""]"
1483328	"[""D08AX07""]"
1488693	"[""R06AA02""]"
1491881	"[""A07BC04""]"
152970	"[""J05AE03""]"
1534811	"[""G03AA13""]"
1535968	"[""R01BA02"", ""R05CA03"", ""R05DA09""]"
1537947	"[""D11AX01""]"
1541213	"[""D07AA02"", ""D08AC02""]"
1542452	"[""R05FB02""]"
1542999	"[""N02AE01""]"
1544404	"[""L04AX03""]"
1545144	"[""C05AX04"", ""C05AX06""]"
1549388	"[""R01AA04""]"
1300191	"[""J07AJ52""]"
1488074	"[""A01AA01""]"
1544471	"[""L01EM01""]"
1718594	"[""L01CX01""]"
1731530	"[""N02AA01""]"
1734865	"[""S01KA01""]"
1737579	"[""J01FF01""]"
1741295	"[""B05AA01""]"
1790886	"[""N06AX26""]"
1791595	"[""L01AA06""]"
1794552	"[""N05BB01""]"
1812482	"[""L01DC03""]"
1860240	"[""A12BA01"", ""B05XA01""]"
1860500	"[""R05DA03""]"
1870232	"[""C01CA24""]"
1923427	"[""C07AA07""]"
1946954	"[""R05FB02""]"
197322	"[""N05BA12""]"
1242391	"[""R01BA02""]"
1243033	"[""A10BD11""]"
1244529	"[""R06AB01""]"
1247879	"[""A06AA02"", ""A06AB06""]"
1248024	"[""A06AA02""]"
1248152	"[""A06AA02"", ""A06AB03"", ""A11HA31""]"
1251296	"[""R01BA02"", ""R05CA03"", ""R05DA09""]"
1291090	"[""C05AA01""]"
1292321	"[""D04AA32"", ""D04AB07""]"
1294372	"[""R01BA03"", ""R05DB05"", ""R06AA02""]"
1299145	"[""R01BA03""]"
1301246	"[""R05DA09""]"
1302279	"[""A06AA02""]"
1302636	"[""A14AA07""]"
1302661	"[""A01AB23"", ""J01AA08""]"
1299240	"[""C01BG01""]"
1307061	"[""N07BC51""]"
1310130	"[""P03AX05""]"
1357392	"[""R06AB01""]"
1357566	"[""R01BA01"", ""R06AB01""]"
1360175	"[""C01DA02"", ""C05AE01""]"
1366783	"[""P03AX05""]"
1366875	"[""R01BA02"", ""R05DA03""]"
1367439	"[""G02BB01""]"
1370210	"[""R01BA02"", ""R05DA09""]"
1423494	"[""D01AE12""]"
197805	"[""M01AE01""]"
198096	"[""R01BA01""]"
1535708	"[""R01BA03"", ""R06AA02""]"
1537320	"[""A03AX13""]"
1540539	"[""A12AA04""]"
1544973	"[""C05AX06""]"
1546054	"[""C03CA01""]"
1551559	"[""A09AB04"", ""B05CB04"", ""N02BA01""]"
1812470	"[""R07AX30""]"
1858567	"[""D11AX12""]"
1922472	"[""N04BD03""]"
1944543	"[""N02AA05""]"
197374	"[""N02BA01""]"
1237059	"[""N02AB03""]"
1243833	"[""A10BD07""]"
1246321	"[""R03AC13""]"
1246313	"[""R03AK09""]"
1250911	"[""D01AE04""]"
1251323	"[""G03AA05""]"
1293468	"[""R01BA03"", ""R06AB04"", ""R06AC01""]"
1297935	"[""R01BA03"", ""R05DA03"", ""R06AA02""]"
1297974	"[""N02BE01"", ""R05DA09""]"
1298287	"[""D04AA32""]"
1298857	"[""N06AA21""]"
1299856	"[""N02BE01""]"
1302666	"[""J01AA08""]"
1303110	"[""D09AA11""]"
1310494	"[""R01BA02""]"
1360120	"[""C02AC01""]"
1360266	"[""G03FA01""]"
1360516	"[""N02AE01""]"
1362063	"[""B01AB01""]"
1362053	"[""B01AB01""]"
1363226	"[""R01BA02"", ""R05CA03""]"
1372463	"[""R05FB02""]"
1375374	"[""A11CC05""]"
1376336	"[""S01BA04""]"
1421163	"[""J01AA06""]"
1431987	"[""L04AD02""]"
1437352	"[""P03AX05""]"
1437774	"[""R06AA02""]"
1441184	"[""C05AX04""]"
1441837	"[""R06AA09""]"
1483629	"[""D01AE12""]"
1487498	"[""J05AP01""]"
1492748	"[""L04AA32""]"
1494169	"[""D10AF06""]"
1540984	"[""N01AB06""]"
1593765	"[""N02BE01""]"
1605191	"[""H03AA01""]"
1650972	"[""N05AX13""]"
1653206	"[""A10AB05""]"
1928954	"[""A04AD10""]"
1365660	"[""N03AF02""]"
198042	"[""G03AC01""]"
1543207	"[""A10AF01""]"
1549328	"[""D01AE13""]"
1809649	"[""J06BA01""]"
1859502	"[""B05XA08""]"
197478	"[""G03CA06""]"
1236013	"[""C01EB09""]"
1243227	"[""J05AF07""]"
1245291	"[""R01BA02"", ""R05DA09"", ""R06AB04""]"
1245545	"[""A03BB03"", ""R01BA02"", ""R06AB04""]"
1247381	"[""A09AA01""]"
1248193	"[""D04AB07""]"
1251501	"[""G03FA01""]"
1297359	"[""N01BC01""]"
1309341	"[""P03AX05""]"
1359263	"[""P02CC01"", ""P02CF01""]"
1365850	"[""N03AF02""]"
1373343	"[""P02CC01""]"
141990	"[""A11GA01""]"
1423489	"[""A09AA01""]"
197795	"[""D11AX11""]"
198112	"[""C03AA05""]"
1433885	"[""J01FA01""]"
1495064	"[""C07AA05""]"
1547464	"[""B05BB01""]"
1551302	"[""A10BJ05""]"
1595624	"[""D04AB01""]"
1606866	"[""R07AX02""]"
1600774	"[""N04BA02""]"
1648115	"[""D08AC02""]"
1651279	"[""A11CC05"", ""A12AA13""]"
1247907	"[""A06AA02""]"
1601553	"[""G04BX06""]"
1552450	"[""M02AB01""]"
1598277	"[""M02AB01""]"
1653225	"[""L04AB01""]"
1367206	"[""R05CA03""]"
1487154	"[]"
1605197	"[""H03AA01""]"
1596785	"[""G03BA03""]"
1648162	"[""H01AC01""]"
197557	"[""J04BA02""]"
630796	"[""B05BB02""]"
630923	"[]"
643022	"[""N05AX12""]"
686894	"[""B05BB02""]"
748662	"[""R06AB01""]"
708129	"[""S01XA20""]"
792242	"[""M01AE01""]"
798455	"[""J07BC01""]"
799832	"[""N04BC04""]"
763548	"[""D01AE12"", ""D07AA02"", ""D10AB02""]"
892815	"[""R02AD01""]"
901792	"[""P02CF01""]"
968817	"[]"
904617	"[""D02AE01"", ""D10AF06""]"
756143	"[""N03AA02""]"
749761	"[""G03AA07""]"
763418	"[""G03AA07""]"
795358	"[""R03AC02"", ""R03CC02""]"
861582	"[""N02AB02"", ""R06AD02""]"
876523	"[""C09DB04""]"
891706	"[]"
896222	"[""R03AK06""]"
308237	"[""A09AA01""]"
309473	"[""N02BA51""]"
309866	"[""J05AF02""]"
309958	"[""C01BA03""]"
310645	"[""R01BA02"", ""R05CA03""]"
310666	"[""C02CC02""]"
311156	"[""R03AC07"", ""R03CC06""]"
311702	"[""N05CD08""]"
312590	"[""N05BA11""]"
1088432	"[""A11CC05"", ""A12AA01""]"
312185	"[""D06AA03""]"
198479	"[""N02BA51""]"
1991174	"[""D08AJ01""]"
2049725	"[""M02AB01""]"
205331	"[""A10BF02""]"
205481	"[""R01AD05""]"
205810	"[""J01CA01""]"
999971	"[""C09DX03""]"
313215	"[""G04CA03""]"
351270	"[""L03AB11""]"
308908	"[""A02AC01"", ""A03AX13""]"
728213	"[""M01AX05""]"
754508	"[""A04AD12""]"
791878	"[""A02BC03""]"
864089	"[""C05AX06""]"
93252	"[""C03EA01""]"
966538	"[""R03BA01""]"
902312	"[""J05AP01""]"
308827	"[""N03AA02"", ""N05CA06""]"
309450	"[""N02BA71""]"
1087047	"[""R01AA04""]"
1088950	"[""A02AF02""]"
1089103	"[""D04AB01"", ""D06AX04"", ""D06AX05""]"
312234	"[""H02AB05""]"
1990751	"[""D01AE12""]"
2001756	"[""G03AA09""]"
201410	"[""C01DA02"", ""C05AE01""]"
999642	"[""V03AN01"", ""V03AN02""]"
403888	"[""A12BA01""]"
801554	"[""B05BA01""]"
802780	"[""D02AE01""]"
877318	"[""A11CC05"", ""A12AA13""]"
2000543	"[""D01AE12""]"
311320	"[""D04AB01"", ""N01BB04""]"
1087414	"[""B03AE01""]"
1089355	"[""A06AC01""]"
310760	"[""D08AE01""]"
1988809	"[""R03CA02"", ""R05CA03""]"
801584	"[""B05BA10""]"
755383	"[""R01BA02"", ""R05CA03"", ""R05DA03""]"
668367	"[""N02AB03""]"
686892	"[""B05BB02""]"
700418	"[""L04AX02""]"
700885	"[""L01AX03""]"
756346	"[""R03DA04""]"
656640	"[""R01BA03"", ""R05CA03""]"
702285	"[""R01AA04"", ""S01FB01"", ""S01XA20""]"
722126	"[""C09DB01""]"
731381	"[""J06BB01""]"
753442	"[""N06BA04""]"
755974	"[""R06AB04""]"
751139	"[""N03AX09""]"
865078	"[""A11CC05"", ""B02BA01""]"
904481	"[""C10AA03""]"
352326	"[""A04AA02""]"
748804	"[""G03AA01""]"
755478	"[""R06AX13""]"
798102	"[""B02BD08""]"
753095	"[""D01AE12""]"
884520	"[""N06BA02""]"
891719	"[]"
93319	"[""N05BC01""]"
991204	"[""B03BB01""]"
898706	"[""N06AX05""]"
899495	"[""N06BA11""]"
308404	"[""N02BA51""]"
308417	"[""N02BA01""]"
309061	"[""J01DD12""]"
309113	"[""J01DB01""]"
309882	"[""C01AA03""]"
310428	"[""G01AX06""]"
310582	"[""H01CA01"", ""V04CM01""]"
311093	"[""D08AG03""]"
311176	"[""A03AB09"", ""N05AB04""]"
311628	"[""N05AA02""]"
312763	"[""P01BC01""]"
312331	"[""P03AC01""]"
1996972	"[""D08AE05"", ""D08AX05""]"
1999033	"[""C07AB02""]"
201517	"[""C10AB01""]"
2046585	"[""L02BX03""]"
207374	"[""N02BA71""]"
2056929	"[""A04AA05""]"
207271	"[""C03BA08""]"
995489	"[""P02CF01""]"
313451	"[""D10AD01""]"
313820	"[""N02BE01""]"
351439	"[""J01CF01""]"
744842	"[""J05AJ01""]"
992490	"[""D10AE01""]"
308805	"[""S01EC04""]"
310817	"[""C03EA01""]"
1990455	"[""D04AB04""]"
199322	"[""N03AX09""]"
313415	"[""S01AA12""]"
313505	"[""R06AC04""]"
348302	"[""V03AN01""]"
403924	"[""B01AC06""]"
310102	"[""N03AA02"", ""R03DA04""]"
403808	"[""H01AX01""]"
617318	"[""C10AA05""]"
642452	"[""V03AE03""]"
618786	"[""A11HA02""]"
672918	"[""C08CA05""]"
731567	"[""J01CE08""]"
701150	"[""H01CA01"", ""V04CM01""]"
668956	"[""R03AC13""]"
756269	"[""R01BA01"", ""R01BA03"", ""R06AB01""]"
756261	"[""N03AA02""]"
861736	"[""A10BD02""]"
885770	"[""D02AE01""]"
894918	"[""N02AA01""]"
896110	"[""D01AE22""]"
312014	"[""C01DA02"", ""C05AE01""]"
731383	"[""J06BB01""]"
860978	"[""A10BA02""]"
861578	"[""N02AB02""]"
862010	"[""C02AC02""]"
904460	"[""C10AA03""]"
966152	"[""H03AA01""]"
966472	"[""H03AA01""]"
978010	"[""A07DA03""]"
993464	"[""C01CA17""]"
308967	"[""S01EB02""]"
310149	"[""S01AA17""]"
311342	"[""J01FF02""]"
311668	"[""A03FA01""]"
312637	"[""N05AB04""]"
312644	"[""G03DA04""]"
1086838	"[""A11HA03"", ""C01EB09""]"
201185	"[""D06BA03""]"
204793	"[""D08AG02""]"
205729	"[""J01CA04""]"
205960	"[""C04AE01""]"
206795	"[""L01AD02""]"
206852	"[""C01DA08""]"
995956	"[""R05CA03"", ""R05DA04""]"
998458	"[""D01AC02""]"
998706	"[""N02BE01""]"
999685	"[""R02AD01""]"
313798	"[""J01CA04""]"
313899	"[""J01DB08""]"
351963	"[""R01BA02"", ""R05CA03""]"
352274	"[""C09CA03""]"
373112	"[""C01CA03""]"
318242	"[""J07AM01""]"
835559	"[""H02AB08""]"
701591	"[""A09AA01""]"
729945	"[""R01BA02"", ""R06AC01""]"
748998	"[""G03AA05""]"
979464	"[""C09DA01""]"
2049736	"[""H01CB05""]"
1986791	"[""G03AA05""]"
204797	"[""A02AF02""]"
313349	"[""N01AF03"", ""N05CA19""]"
668398	"[""R05CA03"", ""R05DB05""]"
750267	"[""G03AA05""]"
749196	"[""B01AC04""]"
753485	"[""G03AA07""]"
861113	"[""B03BA01""]"
731007	"[""R01BA03"", ""R06AB01""]"
672910	"[""N03AF01""]"
701587	"[""A09AA01""]"
729232	"[""H01AC01""]"
687066	"[""L01XD01""]"
749856	"[""G03AA05""]"
864706	"[""N07BC02""]"
865423	"[""A02BA03""]"
894997	"[""N02AA01""]"
905158	"[""L04AH01""]"
966224	"[""H03AA01""]"
977994	"[""A07DA03""]"
310671	"[""N05AD01""]"
998677	"[""C02AC01""]"
728207	"[""J01AA02""]"
750191	"[""R02AB30""]"
727979	"[""V08AB04""]"
862027	"[""C02AC02""]"
885235	"[""D01AE12""]"
895019	"[""N06BA09""]"
897722	"[""C08DA01""]"
905507	"[""N05BA02""]"
966174	"[""H03AA01""]"
309121	"[""J01DB09""]"
309678	"[""D07AB19""]"
311645	"[""C02AB01""]"
199129	"[""D08AE05""]"
199264	"[""A07AA07""]"
200966	"[""N05AD01""]"
201388	"[""C02KB01""]"
2049247	"[""G03AC03""]"
205674	"[""N01AH01"", ""N05AD08""]"
996263	"[""R01BA02"", ""R05CA03"", ""R05DA04""]"
996466	"[""R05CA03"", ""R05DA04""]"
999608	"[""D10AB02"", ""D10AF06""]"
313649	"[""A11CA01""]"
317127	"[""J01AA08""]"
351298	"[""L04AA15""]"
999991	"[""C09DX03""]"
803354	"[""A08AA01""]"
823986	"[""C09BA03""]"
830761	"[""D07AA02""]"
861500	"[""D07AD01""]"
884221	"[""N02CX02""]"
308968	"[""S01EB02""]"
753562	"[""A02BC01""]"
966452	"[""H03AA01""]"
994093	"[""G01AF15""]"
308878	"[""A11CC05""]"
309598	"[""B03BA01"", ""B03BB01""]"
310181	"[""G03CA03""]"
310364	"[""D07AC08""]"
310384	"[""N06AB03""]"
310584	"[""H01CA01"", ""V04CM01""]"
312135	"[""N05BA04""]"
312222	"[""A03AD01""]"
312747	"[""P01AX05""]"
198580	"[""N02BA03""]"
1986386	"[""B05BA02""]"
198807	"[""B03AB02""]"
198897	"[""A11GA01""]"
1994397	"[""D10AB02"", ""D10AX02""]"
1994750	"[""D06AX14""]"
199524	"[""J05AB01""]"
1996997	"[""D11AX12""]"
200193	"[""N02CC03""]"
204768	"[""N02BA05"", ""N02BE01"", ""R06AB04""]"
206536	"[""B05BC01""]"
995036	"[""R01BA03"", ""R05CA02"", ""R05DA04"", ""R06AB04""]"
996211	"[""R01BA02"", ""R05CA03"", ""R05DA04""]"
999504	"[""D10AE01""]"
314043	"[""R03AC07"", ""R03CC06""]"
315110	"[""R01BA01"", ""R05CA03""]"
347123	"[""V03AN01"", ""V03AN04""]"
351225	"[""C10AA02""]"
351260	"[""A02BC03""]"
329298	"[""C10AA05""]"
800808	"[""B05BB02""]"
803350	"[""A08AA01""]"
805008	"[""L03AB10""]"
825005	"[""A04AA02""]"
833712	"[""N02AX02""]"
835591	"[""N06AA02""]"
309092	"[""J01DD04""]"
806677	"[""R01AX""]"
844590	"[""R03DA04""]"
849316	"[""N02AC04""]"
849517	"[""H01BA02""]"
849580	"[""J01EE01""]"
854187	"[""M01AE01""]"
856591	"[""C03AA03"", ""C07AA05""]"
856894	"[""N02BE01"", ""R05DA03""]"
207425	"[""C01DA02"", ""C05AE01""]"
208131	"[""J01AA07""]"
208335	"[""D10AD01""]"
208821	"[""S01CA01""]"
209384	"[""N02BE01""]"
209500	"[""N02BE01""]"
209918	"[""N02BE01""]"
2107315	"[""D01AE12""]"
2110600	"[""R02AD01""]"
2120914	"[""R05DA09""]"
212111	"[""A06AB05""]"
2167782	"[""R01BA02"", ""R05CA03"", ""R05DA09""]"
2168097	"[""H02AB08""]"
2173831	"[""R05CA03"", ""R05DA09""]"
2176267	"[""R05FB02""]"
210027	"[""A02AF02""]"
212994	"[""L01AD01""]"
1091343	"[""N06BA04""]"
1092424	"[""R06AA02""]"
1092600	"[""D08AC02""]"
1093170	"[""A01AA01""]"
1101383	"[""S01GA02""]"
2058482	"[""P02BA01""]"
827179	"[""A02BA02""]"
855474	"[""D07AB10""]"
2173730	"[""R05CA03"", ""R05DA09""]"
1095608	"[""A11CC05"", ""A11DA01"", ""A11GA01"", ""A11HA02"", ""A11HA04"", ""A11HA05"", ""B03BA01"", ""B03BB01""]"
2166094	"[""D05AX05""]"
1113419	"[""R01BA02"", ""R05DA04"", ""R06AB04""]"
1146217	"[""R01AX""]"
1190600	"[""R01BA02"", ""R05DA09"", ""R06AB06""]"
1190761	"[""A03CB03""]"
1233662	"[""R06AA02""]"
1148185	"[""C05AX06""]"
1192983	"[""A06AA02"", ""C05AD03""]"
1193116	"[""R01BA03"", ""R06AE04""]"
1234516	"[""R05FB02""]"
404064	"[""D10BA01""]"
422997	"[""D01AE12""]"
484491	"[""B01AC06""]"
484873	"[""N02BE01"", ""R01BA01"", ""R05CA03"", ""R05DA04""]"
484887	"[""R01BA01"", ""R01BA02"", ""R06AB04""]"
541058	"[""J05AE02""]"
562675	"[""B05XA30""]"
604449	"[""D07AA02""]"
605730	"[""D06BX01""]"
858971	"[""R01BA02"", ""R05DA03"", ""R06AB04""]"
860007	"[""R05CA03"", ""R05DA03""]"
860159	"[""R01BA03"", ""R05DA03"", ""R06AC01""]"
860452	"[""R01BA02"", ""R05CA03"", ""R05DA03""]"
1000024	"[""J01XX05""]"
1000120	"[""G03DA02""]"
1000897	"[""S01EB01""]"
1006540	"[""P02CF01""]"
1010723	"[""B05XA19""]"
1012019	"[""N01BB02""]"
1012549	"[""R01BA02"", ""R06AA08""]"
1014366	"[""D01AC08"", ""D07AA02""]"
1038561	"[""D09AA11""]"
1038764	"[""D08AJ01"", ""D08AJ08""]"
1039078	"[""D08AE04""]"
1044944	"[""J01XX04""]"
1047484	"[""D01AE12"", ""D11AX12""]"
1047891	"[""D11AX12""]"
1049604	"[""N02AA05""]"
1049919	"[""R06AA02""]"
1050419	"[""N02AA05""]"
1052467	"[""N02BE01""]"
105930	"[""M01AC01""]"
239208	"[""J04AB30""]"
247906	"[""D08AE05""]"
248108	"[""J05AB01""]"
252870	"[""C01EB09""]"
253084	"[""B03BA01"", ""B03BB01""]"
307830	"[""D08AA02""]"
1654957	"[""B03XA02""]"
1658150	"[""J07BC01""]"
1659195	"[""B01AB01""]"
1659598	"[""J01CR04""]"
855174	"[""R06AE09""]"
857352	"[""N02BE01"", ""R05DA03""]"
2168029	"[""R01BA02"", ""R05CA03"", ""R05DA09""]"
1099700	"[""R01BA02"", ""R06AX07""]"
1233319	"[""R01BA02"", ""R05DA09""]"
562379	"[""S01BA04""]"
602424	"[""G01AA10""]"
606794	"[""D07AA02""]"
1006118	"[""D10AF06""]"
1009430	"[""G03BA03""]"
1012087	"[""S01CA02""]"
237726	"[""A11HA03""]"
238636	"[""D02AE01""]"
1656815	"[""N02BE01"", ""R05CA03"", ""R05DA09""]"
859835	"[""N05AB02""]"
1000499	"[""G03FA12""]"
1052760	"[""A06AD19""]"
1655912	"[""D10AE01""]"
580183	"[""P03AX05""]"
860551	"[""R01BA02"", ""R05CA03"", ""R05DA03""]"
1006109	"[""D10AF06""]"
262191	"[""S01CA01""]"
352030	"[""C10AB05""]"
809388	"[""A03AX13""]"
823998	"[""J01EA01"", ""J01EC01""]"
831509	"[""B02BB01""]"
861015	"[""A10BA02""]"
861420	"[""S01ED01""]"
993462	"[""C01CA17""]"
1088599	"[""A11GA01"", ""A11HA01""]"
198509	"[""A06AB02""]"
2000134	"[""A07AA09""]"
201831	"[""J01AA02""]"
202433	"[""N02BE01""]"
2048004	"[""M02AX10""]"
205828	"[""A10BB07""]"
207371	"[""D11AX01""]"
995226	"[""R05FA02""]"
995983	"[""R01BA02"", ""R05FA02""]"
313068	"[""C02DD01""]"
313476	"[""N05AA05""]"
313567	"[""L01DB09""]"
313812	"[""J05AB01""]"
313817	"[""D01AE04""]"
318270	"[""S01FB01"", ""S01GA05""]"
349472	"[""L01EB01""]"
351257	"[""C03DA04""]"
403854	"[""C09DA08""]"
809262	"[""A09AA01""]"
830880	"[""C08DB01""]"
834092	"[""J01CE02""]"
308689	"[""D10AE01""]"
1997015	"[""B01AE06""]"
855633	"[""M02AA15""]"
857434	"[""R06AA04""]"
857556	"[""R01BA02"", ""R05DA03"", ""R06AB01""]"
809994	"[""N03AX18""]"
208824	"[""N05AB06""]"
209085	"[""R05CA03""]"
209277	"[""G01AE10""]"
2099533	"[""S01HA02"", ""S01JA01""]"
2122803	"[""R05CA03""]"
212388	"[""C07AG02""]"
213382	"[""N02BE01""]"
237248	"[""R05CA03""]"
825157	"[""J06BB04""]"
352086	"[""R06AX27""]"
309178	"[""N05BA02""]"
310139	"[""C09CA02""]"
311608	"[""J01XX05""]"
1991311	"[""A10BJ06""]"
199171	"[""N05CH01""]"
199180	"[""A06AC01""]"
204651	"[""A09AA01""]"
2058893	"[""L01BC05""]"
206160	"[""N03AE01""]"
206096	"[""J01FA01""]"
313231	"[""G03BA03""]"
314154	"[""N05AH03""]"
404059	"[""D10BA01""]"
801769	"[""R02AD01""]"
809224	"[""A09AA01""]"
832084	"[""M03AC01""]"
206903	"[""M01AE01""]"
999651	"[""V03AN01"", ""V03AN02""]"
835892	"[""L04AD01""]"
845659	"[""A06AA51""]"
855324	"[""B01AA03""]"
856443	"[""C07AA05""]"
856829	"[""N05AB03"", ""N06AA09""]"
856886	"[""N01BA05""]"
857113	"[""N02BE01"", ""R05DA03""]"
857768	"[""R01BA03"", ""R05DA03"", ""R06AB04""]"
858751	"[""A05AA02""]"
834085	"[""J01CE02""]"
208237	"[""R03DA04""]"
208848	"[""N06AX16""]"
209026	"[""N03AX10""]"
209374	"[""N02BE01""]"
209601	"[""A06AB02""]"
2102456	"[""J06BA01""]"
2108833	"[""J01CA04""]"
2120550	"[""N05BA01""]"
212113	"[""A09AA04""]"
212647	"[""A02AF02""]"
213162	"[""R05CA03""]"
1090703	"[""R01BA02"", ""R06AB04""]"
1090874	"[""D08AJ01""]"
1091135	"[""N06BA04""]"
1093331	"[]"
1099585	"[""R01BA02"", ""R06AX07""]"
1113516	"[""D01AE12""]"
1116309	"[""N05CA06"", ""R03CA02""]"
11416	"[""A12CB""]"
1144761	"[""A11HA02"", ""A16AA06"", ""B03BA05"", ""B03BB01""]"
1091399	"[""A02BA03""]"
1188571	"[""D01AE12""]"
1090790	"[""N02BE01"", ""N02BE51"", ""R01BA02""]"
1091378	"[""N06BA04""]"
1094354	"[""G04BX06"", ""J01EB02""]"
1099579	"[""R01BA02"", ""R06AX07""]"
1099694	"[""R06AX07""]"
1114389	"[""D08AX01""]"
1234861	"[""N02AA08"", ""R01BA02"", ""R06AB04""]"
1232707	"[""S01KA02""]"
413251	"[""D08AE04""]"
422996	"[""D01AE12""]"
485246	"[""L01BC07""]"
544965	"[""R05CA08""]"
596932	"[""N06AX21""]"
604394	"[""A11HA03""]"
616454	"[""D01AE12"", ""D08AX05""]"
858780	"[""M01AE01"", ""R05DA03""]"
858947	"[""R01BA02"", ""R05DA03"", ""R06AB04""]"
860040	"[""R01BA01"", ""R01BA03"", ""R05DA03"", ""R06AB05"", ""R06AC01""]"
1001755	"[""D08AJ08""]"
102303	"[""C01BB03""]"
1041834	"[""A06AC07"", ""A12AA04""]"
1046857	"[""D10AB02""]"
1048141	"[""R02AD04""]"
1048519	"[""R05CA03"", ""R05DB05""]"
1049250	"[""D08AJ01""]"
1049637	"[""N02AJ17""]"
1052469	"[""N02BE01""]"
1053099	"[""D01AE12""]"
1053207	"[""D08AJ08""]"
1086794	"[""R06AE07""]"
242831	"[""D01BA01""]"
243377	"[""A06AC06""]"
248657	"[""C03CA01""]"
249357	"[""G03AA09""]"
282663	"[""D01AE12""]"
282767	"[""A11CA01""]"
283504	"[""A04AA01""]"
283879	"[""A09AA01""]"
285016	"[""C01BD04""]"
1655493	"[""D08AE05""]"
1656660	"[""B05CB04""]"
1657703	"[""L01FE02""]"
1659281	"[""J01DD02""]"
1726278	"[""L01DC04""]"
1724809	"[""N01BB01""]"
1734482	"[""N01BB09""]"
1737554	"[]"
2178058	"[""R01BA02"", ""R05DA09"", ""R06AB04""]"
2180995	"[""A02AA04""]"
1090946	"[""R05DA09""]"
1190943	"[""S01FA01""]"
484678	"[""N02BE01""]"
545357	"[""V03AF08""]"
858743	"[""B05BA02""]"
860246	"[""R01BA03"", ""R05CA03"", ""R05DA03""]"
1005852	"[""D10AB02"", ""D10AF06""]"
1005905	"[""D07AC21""]"
1039465	"[""D08AX08""]"
1043729	"[""N02BE01""]"
1046423	"[""A01AA02""]"
1659283	"[""J01DD02""]"
1193294	"[""N02BE01"", ""R01BA03"", ""R06AB04""]"
404175	"[""P02CC01""]"
485465	"[""N05CF04""]"
858895	"[""R01BA03"", ""R05DA03"", ""R06AA08""]"
1000921	"[""D10AB02"", ""D10AF06""]"
1012400	"[""N01BB01""]"
1041512	"[""R06AB06""]"
104208	"[""C01AA05""]"
104155	"[""A06AX01""]"
1046787	"[""A03CB02""]"
1049535	"[""D01AC01""]"
240741	"[""J01FA09""]"
242334	"[""S01BC11""]"
243620	"[""N05AF03""]"
245598	"[""A01AA01""]"
261282	"[""N06AB03""]"
285122	"[""B03BB01""]"
1716079	"[""N02AE01""]"
1719646	"[""N05AD01""]"
1721475	"[""J01CA01""]"
1731737	"[""D08AJ01""]"
1094126	"[""G04BX06""]"
545103	"[""D02AE01""]"
545206	"[""L01BC07""]"
577196	"[""A06AC05""]"
1014005	"[""R05FB02""]"
1052445	"[""N02BE01""]"
244333	"[""A01AA01""]"
249709	"[""R05CA03""]"
284587	"[""J05AB14""]"
1666317	"[""B02BD04""]"
1673243	"[""N01BB01""]"
1719286	"[""C03CA01""]"
239983	"[""L04AX01""]"
1744001	"[""J05AR03""]"
1791842	"[""C01CE02""]"
1794904	"[""B05BB02""]"
1795150	"[""B05BB02""]"
1797115	"[""D01AC02""]"
1797892	"[""R01AD12""]"
1797857	"[""M01AB15""]"
1799416	"[""L01CE01""]"
1801299	"[""A12BA01""]"
1804176	"[""D04AB01""]"
2048988	"[""D10AE01""]"
2049891	"[""J01XA01""]"
206821	"[""N05BA06""]"
206969	"[""M01AB01""]"
995266	"[""N05BB01""]"
805859	"[""C09DA06""]"
825138	"[""J06BB04""]"
351398	"[""M01AE04""]"
833535	"[""C01BD01""]"
845652	"[""A02AA04""]"
847913	"[""A10BJ01""]"
855677	"[""N03AB02""]"
856578	"[""C07AA05""]"
1091212	"[""N06BA04""]"
1101869	"[""A01AA01""]"
1150450	"[""D10AE01""]"
207641	"[""N05AB04""]"
208326	"[""R06AD03""]"
211305	"[""V03AB26""]"
2118741	"[""L04AC16""]"
213380	"[""L04AK01""]"
213902	"[""R03AC17""]"
214112	"[""N02BA03""]"
226719	"[""L01CB01""]"
404444	"[""N02CC06""]"
418475	"[""D01AC01""]"
541411	"[""N05AF04""]"
541707	"[""J04AC01""]"
577127	"[""N02BF02""]"
603536	"[""A02BC05""]"
857399	"[""N04AA02""]"
857533	"[""R05DA03""]"
857973	"[""C01BA02""]"
860099	"[""R01BA03"", ""R05DA03"", ""R06AC01""]"
1012785	"[""N01BB03""]"
1039702	"[""D08AE04""]"
1047511	"[""R07AB01""]"
1050415	"[""R01BA02""]"
1053262	"[""R06AB01""]"
105611	"[""L04AX01""]"
1085918	"[""J01FF01""]"
238240	"[""C04AB02""]"
283377	"[""A11GA01""]"
1721964	"[""A01AA01""]"
208320	"[""D07AC08""]"
584507	"[""D02AE01""]"
103951	"[""D01AE18""]"
1052475	"[""D08AE04""]"
1053097	"[""D01AE12""]"
244450	"[""D05AC01""]"
250535	"[""A04AA02""]"
1734086	"[""N01BB09""]"
1736044	"[""N03AX14""]"
1736780	"[""L01XA03""]"
1736857	"[""L01XA01""]"
1731542	"[""J01DC05""]"
1739221	"[""D01AE15""]"
1739846	"[""D04AB01""]"
1790171	"[""L01EX07""]"
1791496	"[""L01DB06""]"
1791593	"[""L01AA06""]"
1667272	"[""H02CA01""]"
1734478	"[""N01BB09""]"
1729356	"[""L01AB01""]"
1745889	"[""N02AA01""]"
1796665	"[""L01EX08""]"
1806707	"[""N02AA05"", ""N07BB04""]"
1808224	"[""N01AX10""]"
1809100	"[""N01AH03""]"
1858836	"[""G03AA11""]"
1859490	"[""B05XA08""]"
1860085	"[""N02BE01"", ""R05CA03"", ""R05DA09"", ""R06AA09""]"
1868029	"[""N01BB02""]"
1874747	"[""M02AB01""]"
1876751	"[""D04AB01"", ""M02AB01""]"
1876810	"[""G03AA09""]"
1236134	"[""N02AA08"", ""R01BA02"", ""R05CA03""]"
1237070	"[""N02AB03""]"
1242747	"[""N02BE01"", ""R05DA09"", ""R06AB04""]"
1243587	"[""S01BC04""]"
1243772	"[""N02BE01"", ""R01BA03"", ""R05CA03"", ""R05DA04""]"
1243889	"[""D08AJ08""]"
1245169	"[""N02BE01"", ""R05DA09"", ""R06AB04""]"
1246113	"[""N01BB02""]"
1246886	"[""G04BA01""]"
1247909	"[""A06AA02""]"
1248039	"[""R01BA02"", ""R05DA03""]"
1248142	"[""B03AE04""]"
1248354	"[""R06AA02""]"
1250494	"[""D07AA02""]"
1250563	"[""D01AE04""]"
1291380	"[""C05AA01""]"
1292998	"[""A03BB03"", ""R01BA03"", ""R06AB04""]"
1293499	"[""R01BA03"", ""R06AC01""]"
1297555	"[""V01AA07""]"
1302856	"[""A08AA51""]"
1305205	"[""A11CA01"", ""A11CC01"", ""A11DA01"", ""A11GA01"", ""A11HA01"", ""A11HA02"", ""A11HA04"", ""A11HA05"", ""A11HA30"", ""B02BA01"", ""B03BA01"", ""B03BB01""]"
1308440	"[""R05DA04"", ""R06AB01""]"
1314400	"[""R01BA02"", ""R05CA03""]"
1358455	"[""R01BA02"", ""R05CA03""]"
1358505	"[""D07CA02""]"
1358753	"[""R01BA02"", ""R05DA03"", ""R06AB04""]"
1358869	"[""A02AC01""]"
1366508	"[""N02BE01"", ""N06BC01"", ""R05CA03"", ""R06AB04""]"
1429993	"[""N02BE01"", ""R05DA09""]"
1430160	"[""R01BA02"", ""R05CA03"", ""R05DA09""]"
197516	"[""J01FA09""]"
197856	"[""M01AE03""]"
198044	"[""J01MA06""]"
198189	"[""C09AA05""]"
1439778	"[""D08AJ01""]"
1483665	"[""D08AX08""]"
1487925	"[""C05AD07"", ""C05AX06""]"
1490000	"[""R05CA03"", ""R05DA09""]"
1494656	"[""M03BX01""]"
1494766	"[""N03AX11""]"
1495165	"[""D01AC08"", ""D08AC02""]"
1536549	"[""G01AD01""]"
1542396	"[""N07BC51""]"
1546195	"[""P02CF01""]"
1728801	"[""N02AA01""]"
1729065	"[""B01AC27""]"
1732182	"[""L01DB03""]"
1730190	"[""R05DA09""]"
1738495	"[""N06AB05""]"
1741313	"[""B05AA01""]"
1742403	"[""B05AA01""]"
1794184	"[""N01BA04""]"
1801840	"[""S01XA25""]"
1806724	"[""N02AA05"", ""N07BB04""]"
1807627	"[""B05XA03""]"
1812170	"[""C01CA07""]"
1858387	"[""R05DA09"", ""R06AA09""]"
1862735	"[""D01AE12""]"
1867620	"[""N01BB01""]"
1873628	"[""M02AB01""]"
1790644	"[""R03AL07""]"
1243583	"[""A07EC04""]"
1245464	"[""A06AA02""]"
1246070	"[""C05AD07"", ""D04AB07""]"
1246247	"[""D11AX12""]"
1248048	"[""R05CA03"", ""R05DB05""]"
1248442	"[""D06BB10""]"
1297357	"[""N05AE05""]"
1298816	"[""N05AE02""]"
1299895	"[""R03AC14"", ""R03CC13""]"
1300061	"[""N02BE01"", ""R05DA09"", ""R06AA09""]"
1304074	"[""N02BE01"", ""R06AB04""]"
1312974	"[""B03AB02""]"
1313985	"[""A12CC04""]"
1357402	"[""R05DA04""]"
1357401	"[""R06AB01""]"
1358634	"[""R01BA01"", ""R05CA03""]"
1358708	"[""R01BA02"", ""R05CA03"", ""R05DA09""]"
1359516	"[""G03CA03""]"
1360718	"[""J01EA01"", ""J01EC02""]"
1361853	"[""B01AB01""]"
1362082	"[""B01AC30""]"
1362618	"[""D08AE05""]"
141878	"[""C01BB03""]"
142001	"[""S01KA02""]"
1422896	"[""G03AC01""]"
1426251	"[""N06BA02""]"
197635	"[""A04AD10""]"
197964	"[""V03AB17""]"
197980	"[""C02KB01""]"
198054	"[""J01CF04""]"
198175	"[""H03BA02""]"
1439842	"[""N06AX26""]"
1486534	"[""A01AA01""]"
1494601	"[""D04AB01""]"
1495474	"[""N02AJ22""]"
1536815	"[""N02BA51""]"
1537207	"[""D01AE12""]"
1539900	"[""D08AE05""]"
1550536	"[""G03AA05""]"
1551417	"[""D04AB06"", ""D06AX04""]"
1357936	"[""R01BA02"", ""R05DB05"", ""R06AC01""]"
1369848	"[""N02BE01"", ""R01BA02"", ""R05DA09"", ""R06AB04""]"
1812273	"[""J01AA06""]"
1872986	"[""L04AB04""]"
197451	"[""J01DD08""]"
197741	"[""R05CA03""]"
1241492	"[""D11AX11""]"
1298070	"[""S01FA04""]"
1298742	"[""R02AA06""]"
1298861	"[""N06AA21""]"
1304110	"[""R01BA02"", ""R05DA09""]"
1304566	"[""D01AE12""]"
1310535	"[""L04AK02""]"
1313914	"[""R01AA05""]"
1313927	"[""B03AE03""]"
1358647	"[""R05CA03""]"
1358837	"[""N02BE01""]"
1361563	"[""G03GA06""]"
1368311	"[""D01AE12""]"
1370099	"[""D08AE04""]"
1372896	"[""D04AB01""]"
1422098	"[""C10BA05""]"
1425912	"[]"
1437278	"[""N03AX11""]"
197925	"[""N03AA01""]"
1437966	"[""A01AB03""]"
1438778	"[""G03AA09""]"
1486691	"[""A16AX07""]"
1541083	"[""M02AB01""]"
1544475	"[""L01EM01""]"
1545306	"[""R06AB06""]"
1547998	"[""J01FF01""]"
1549484	"[""D04AB01""]"
1595473	"[""A09AA01""]"
1596782	"[""G03BA03""]"
1601982	"[""B05BA01""]"
1606021	"[""D01AC01"", ""D06AX07"", ""D07AC13"", ""R03BA07"", ""S03AA06""]"
1606988	"[""D04AB01""]"
1648189	"[""N06BA04""]"
1649605	"[""L03AB13""]"
1372873	"[""R05DA03"", ""R06AB04""]"
1806183	"[""N06BA04""]"
1808189	"[""R05DB10""]"
1809538	"[""B06AA03""]"
1860496	"[""R05DA03""]"
1921245	"[""L04AB04""]"
1926450	"[""D08AJ01""]"
1928007	"[""G03AA05""]"
197382	"[""C07CB03""]"
197435	"[""B05XA19""]"
1247873	"[""A06AA02""]"
1248241	"[""A06AA02"", ""A06AB04""]"
1248590	"[""D08AX01""]"
1250904	"[""R01BA03"", ""R06AB04""]"
1251363	"[""A02AD01""]"
1297304	"[""A11HA05""]"
1299064	"[""D01AE12""]"
1301128	"[""D08AE04""]"
1301884	"[""N02BE01""]"
1303134	"[""H02AB07""]"
1303916	"[""A11CC05""]"
1360281	"[""A10AE05""]"
1368444	"[""A10BD09""]"
1371299	"[""C05AX04""]"
1373498	"[""L04AX07""]"
197854	"[""M01AE03""]"
1436369	"[""M02AB01""]"
1483679	"[""N02CC03""]"
1540890	"[""J01XX11""]"
1541224	"[""L04AX03""]"
1600925	"[""N02BA03"", ""N06BC01""]"
1601097	"[""D04AB01"", ""M02AB01""]"
1648132	"[""D01AC08"", ""D07AA02"", ""D08AC02""]"
1652646	"[""A10AB04""]"
1308476	"[""R05FB02""]"
1358612	"[""H02AB04""]"
197870	"[""N04BA01""]"
1605362	"[""N03AX14""]"
1594587	"[""M03AB01""]"
1597132	"[""G03BA03""]"
1297843	"[""V01AA07""]"
1314649	"[""R01BA02"", ""R05CA03""]"
1363288	"[""R06AB04""]"
1442272	"[""D11AX11""]"
1543955	"[""J01AA02""]"
1605852	"[""D10AF06""]"
1648160	"[""H01AC01""]"
1592654	"[""C05AX04""]"
1605107	"[""R05DA09""]"
1650606	"[""D02AE01""]"
1652639	"[""A10AB04""]"
1243010	"[""L01EK01""]"
637549	"[""L01CE01""]"
647124	"[""R01AA04"", ""S01FB01"", ""S01XA20""]"
643070	"[""J05AR06""]"
686383	"[""J01EB05"", ""J01FA01""]"
662567	"[""R06AB04""]"
701198	"[""D09AA08""]"
706898	"[""N02AB03""]"
687025	"[""N05BA12""]"
731531	"[""M01AE01""]"
723770	"[""D01AE12""]"
639543	"[""C09CA06""]"
707347	"[""R01AX""]"
791846	"[""C10BA01""]"
797694	"[""D07AC07""]"
794022	"[""G03CA06""]"
861792	"[""A10BD14""]"
864679	"[""P01BB51""]"
892316	"[""P02BA01"", ""P02CC01""]"
899301	"[""V03AN01"", ""V03AN02"", ""V03AN04""]"
966815	"[""R03AC08"", ""R03CC07""]"
309207	"[""R01BA01"", ""R06AB04""]"
790280	"[""R03BA07""]"
860932	"[""C05AD03"", ""R06AA10""]"
861534	"[""N02AB02""]"
861588	"[""N01BB08""]"
896856	"[""G03GA01""]"
898355	"[""C09BB13""]"
903283	"[""H03AA02""]"
966607	"[""D07AC10""]"
992730	"[""A03BB06"", ""R05DA03""]"
994010	"[""M01AE52""]"
309786	"[""B05BB02""]"
312057	"[""A07AA02"", ""J01AA06""]"
1088443	"[""A16AA01"", ""C01EB09""]"
1088936	"[""M03BB03""]"
108911	"[""B01AC13""]"
198460	"[""G04BA01""]"
1998475	"[""D07AC07""]"
206370	"[""D07AA02""]"
206951	"[""J01GB04""]"
2049405	"[""R01BA02"", ""R05DA09"", ""R06AB01""]"
997230	"[""N06DA02""]"
346765	"[""S02DA30""]"
861438	"[""D07AD01""]"
966155	"[""H03AA01""]"
308222	"[""A09AA01""]"
755279	"[""A06AB06""]"
892292	"[""P02BA01""]"
991088	"[""A03AA07""]"
763106	"[""J07BF03""]"
884759	"[""A11HA02"", ""B03BA01""]"
892327	"[""P02BA01"", ""P02CC01""]"
895901	"[""P02BA01"", ""P02CC01"", ""P02CF01""]"
905221	"[""C02DB02"", ""C03AA03""]"
966529	"[""R03BA02""]"
967014	"[""A06AD65""]"
308925	"[""A12AA05""]"
310201	"[""G03CA57""]"
201903	"[""J05AB01""]"
206805	"[""R06AX13""]"
996640	"[""R01BA02"", ""R05DA04"", ""R06AX07""]"
351848	"[""R01BA02"", ""R05CA03""]"
351992	"[""N03AF02""]"
801574	"[""B05BA10""]"
894984	"[""N02AA01""]"
992152	"[""J01XX05""]"
308501	"[""D06AX04"", ""D06AX05""]"
308172	"[""N05CA02""]"
308976	"[""N03AF01""]"
311534	"[""N05BC01""]"
108758	"[""R01AX06""]"
966178	"[""H03AA01""]"
890862	"[""J01CE09""]"
352305	"[""A14AA08""]"
636760	"[""N06BX12""]"
730782	"[""B05XA03""]"
692909	"[""R05DA09""]"
763028	"[""N05BA06""]"
751901	"[""G03AA07""]"
867451	"[""P02CA06""]"
877490	"[""L01BB05""]"
892269	"[""H03AA01""]"
898376	"[""C09BA07""]"
308226	"[""A09AA01""]"
692876	"[""A08AB01""]"
753415	"[""B03XA03""]"
722134	"[""C09DB01""]"
864131	"[""P03AC01""]"
865141	"[""N05AB02""]"
866439	"[""C07AB02""]"
892673	"[""N02AA01""]"
894912	"[""N02AA01""]"
966241	"[""H03AA01""]"
978023	"[""A07DA03""]"
991153	"[""A03AA07"", ""N03AA02""]"
991196	"[""N05AA01""]"
992155	"[""J01XX05""]"
993253	"[""D08AX01""]"
308391	"[""A11GA01""]"
309001	"[""V03AN02"", ""V03AN04""]"
310536	"[""A10BB01""]"
311553	"[""N05AC03""]"
311898	"[""J01CF06""]"
312069	"[""H01CB02""]"
312441	"[""A10BG03""]"
198256	"[""R03DA04""]"
198379	"[""L04AD02""]"
198501	"[""D01AE20""]"
1991317	"[""A10BJ06""]"
199603	"[""G01AF02""]"
199689	"[""D05BB02""]"
201919	"[""A10BB02""]"
204420	"[""D07AA02""]"
2048982	"[""V03AZ01""]"
996571	"[""N06DX01""]"
998469	"[""D01AC02""]"
313334	"[""R06AD03""]"
313889	"[""J01DB09""]"
315238	"[""A11HA03""]"
342959	"[""J01DD07""]"
404094	"[""J01AA08""]"
866430	"[""C07AB02""]"
861427	"[""C01BC03""]"
991086	"[""A03AA07""]"
905281	"[""N04AA01""]"
993776	"[""D11AX22""]"
309985	"[""C01CA07""]"
2058981	"[""B02BX05""]"
206289	"[""L04AA03""]"
314908	"[""N02BE01"", ""R05DA04""]"
351859	"[""A10AB01""]"
359817	"[""N07BA01""]"
312603	"[""S01CA02""]"
636664	"[""N04BD02""]"
637550	"[""L01CE01""]"
668363	"[""N02AB03""]"
669081	"[""D07AB08""]"
647555	"[""N06AB03""]"
668364	"[""N02AB03""]"
723827	"[""J05AE07""]"
672558	"[""R06AX13""]"
687099	"[""B03AA02"", ""B03BB01""]"
706458	"[""A12BA01""]"
707348	"[""D02AE01""]"
750167	"[""A09AA01""]"
755988	"[""R03DA01""]"
792381	"[""N04BA02""]"
759481	"[""H02AB02""]"
864714	"[""N07BC02""]"
882530	"[""G04BE03""]"
901328	"[""N03AX11""]"
2048714	"[""N02BE01"", ""R05DA09"", ""R06AA09""]"
348600	"[""V03AN01"", ""V03AN03""]"
755470	"[""A06AD11""]"
794969	"[""N03AA02"", ""R03DA04"", ""R05CA03""]"
861232	"[""N06BA01"", ""N06BA02""]"
862015	"[""C02AC02""]"
884526	"[""N06BA02""]"
894772	"[""D06BA01""]"
898342	"[""C09BB13""]"
966251	"[""H03AA01""]"
967525	"[""A02BC01""]"
978060	"[""D01AE12"", ""D10AB02""]"
978671	"[""A08AA03""]"
993507	"[""N06AX12""]"
966287	"[""H03AA01""]"
966462	"[""H03AA01""]"
309606	"[""B03AE01""]"
309868	"[""J05AF02""]"
311166	"[""J04AC01""]"
311175	"[""A03AB09""]"
311891	"[""A04AD11""]"
1089782	"[""R01BA02"", ""R05CA03""]"
199047	"[""A02BA03""]"
2000133	"[""A07AA09""]"
200869	"[""C01DA08""]"
207342	"[""N03AC01""]"
998681	"[""C02AC01""]"
313298	"[""R03DA04""]"
314018	"[""C02AA02"", ""C03AA03""]"
833147	"[""N06AX17""]"
749162	"[""A11HA03"", ""C01EB09""]"
727631	"[""V03AB04""]"
749760	"[""G03AA05""]"
898420	"[""D07AC07""]"
899866	"[""G03AA01""]"
198632	"[""B03AA03""]"
199156	"[""A11HA03"", ""C01EB09""]"
1999314	"[""L01XX05""]"
206212	"[""D10AF02""]"
623695	"[""J01CE08""]"
636522	"[""R05CA03""]"
630936	"[""B06AA03""]"
645036	"[""C03CA01""]"
727816	"[""L03AB07""]"
727821	"[""B05CB01""]"
750172	"[""A01AB23"", ""J01AA08""]"
794641	"[""A06AX03""]"
797534	"[""D06BB11""]"
688892	"[""A02BA03""]"
728491	"[""B01AD12""]"
730044	"[""B03XA02""]"
794639	"[""A06AX03""]"
861473	"[""N02AB02""]"
978760	"[""B01AB04""]"
896851	"[""J01DB08""]"
991041	"[""N05AA01""]"
993271	"[""D08AG03""]"
308847	"[""A11HA01"", ""A12AA03"", ""N03AA02""]"
308893	"[""A12AA04""]"
311041	"[""A10AE04""]"
204445	"[""L03AB05""]"
763250	"[""C10AB05""]"
866058	"[""D10AE01""]"
866903	"[""C10AC04""]"
892297	"[""N02AA01""]"
904669	"[""C10BX02""]"
978320	"[""D07AC21""]"
993545	"[""N06AX12""]"
308663	"[""N01BA05""]"
309700	"[""R01AD03""]"
310197	"[""G03CA57""]"
310415	"[""S01AD08""]"
312079	"[""N05AH03""]"
312143	"[""R03DA02""]"
312283	"[""C01DA05""]"
1086867	"[""R05CA03""]"
1089087	"[""R01AX""]"
1089923	"[""R01BA02"", ""R05CA03""]"
201868	"[""J04AB02""]"
206854	"[""C01DA14""]"
207356	"[""J01AA08""]"
206626	"[""D11AX11""]"
313213	"[""L01CB02""]"
313453	"[""D10AD01""]"
352214	"[""B01AC21""]"
391865	"[""R05CA03""]"
313636	"[""A11GA01"", ""B03AA02"", ""B03BB01"", ""V03AB20""]"
803239	"[""B05XA30""]"
827075	"[""C07AB12""]"
763589	"[""C08CA07""]"
861522	"[""N02AB02""]"
637123	"[""A11GA01""]"
728111	"[""J05AH02""]"
886636	"[""N02AF01""]"
898690	"[""C09AA07""]"
897714	"[""C08DA01""]"
313201	"[""D05AX05""]"
966218	"[""H03AA01""]"
966225	"[""H03AA01""]"
978005	"[""A07DA03""]"
903873	"[""N06AB08""]"
991424	"[""S01XA20""]"
309987	"[""C01CA07""]"
1086970	"[""A02AF01""]"
1090461	"[""R06AB01""]"
198496	"[""N01BA05""]"
199211	"[""M03AC11""]"
1999408	"[""S01KA01""]"
2049414	"[""R05DA09"", ""R06AB02""]"
204902	"[""A11CA02""]"
200890	"[""C04AX01""]"
996673	"[""R01BA02"", ""R05DA04""]"
997420	"[""R06AX26""]"
997953	"[""R06AX13""]"
999482	"[""V03AN01"", ""V03AN02""]"
999748	"[""B03AE01""]"
312877	"[""D01AE12""]"
313414	"[""S01AA12""]"
313784	"[""N02BE01""]"
314256	"[""N05AB06""]"
347963	"[""V03AN01"", ""V03AN03"", ""V03AN04""]"
349222	"[""V08CA07""]"
359822	"[""P01AX11""]"
802762	"[""B03AE10""]"
828749	"[""L02BX02""]"
205943	"[""H01CA01"", ""V04CM01""]"
347862	"[""V03AN01"", ""V03AN02""]"
828252	"[""N02BE01"", ""N06BC01""]"
835958	"[""C01BD01""]"
836270	"[""B03AE01""]"
848734	"[""N05AX14""]"
853517	"[""D08AG02""]"
854140	"[""N02AX06""]"
854870	"[""A02BC04""]"
854997	"[""S02CA03""]"
857387	"[""N02BE01"", ""R05DA03""]"
857677	"[""R03CC03""]"
848740	"[""N05AX14""]"
857436	"[""R06AA04""]"
208054	"[""N02BA06""]"
208458	"[""N06DA01""]"
209061	"[""A11CA01""]"
209133	"[""R03DA01"", ""R05CA03""]"
209659	"[""D01AE18""]"
210307	"[""A11HA03""]"
210852	"[""A02AD01""]"
211350	"[""A12AA01""]"
2119083	"[""D08AE03""]"
2121410	"[""D07AC17""]"
212589	"[""D10AB02""]"
213292	"[""L01BC06""]"
213342	"[""P02CC01""]"
213483	"[""J05AF05""]"
213547	"[""R01BA02"", ""R06AX09""]"
2167163	"[""J06BA01""]"
2169129	"[""N02BE01"", ""R05CA03"", ""R05DA09""]"
2173950	"[""R05DA09"", ""R06AB02""]"
2181315	"[""R01BA03"", ""R06AB04"", ""R06AC01""]"
2182353	"[""R01BA03"", ""R05DA03"", ""R06AB04""]"
1093102	"[""R06AA02""]"
1093178	"[""S01XA18""]"
1094007	"[""R01BA02"", ""R05CA03""]"
1095618	"[""R01BA03"", ""R05DB10"", ""R06AX07""]"
1098497	"[""R01BA02"", ""R05DA09"", ""R06AB01""]"
1098601	"[""S01XA20""]"
1101885	"[""A01AA01""]"
846959	"[""N02BE01"", ""N06BC01""]"
211731	"[""G01AX11""]"
1091629	"[""C08DB01""]"
1095485	"[""D08AJ01""]"
1101926	"[""N06BA11""]"
1112687	"[""G03AA07""]"
1116639	"[""B01AC24""]"
1117531	"[""P01BA01""]"
1120066	"[""D01AE12""]"
1144131	"[""R02AD01""]"
1145012	"[""D08AA02""]"
1148398	"[""D06BX01""]"
4018	"[""A11CC01""]"
410929	"[""M01AX05"", ""M01AX25""]"
416783	"[""A01AA01""]"
477130	"[""C09DA07""]"
477174	"[]"
545236	"[""S01AA11""]"
562600	"[""D01AE12""]"
597770	"[""V03AC03""]"
604938	"[""C01EB09""]"
607076	"[""A12CC10""]"
608143	"[""N06BA09""]"
858097	"[""N02AB03""]"
858824	"[""C09BA02""]"
858892	"[""C08CA02"", ""C09AA02""]"
859146	"[""R01BA03"", ""R05DA03"", ""R06AB04""]"
1005710	"[""A12AA13""]"
1011736	"[""C09XA02""]"
1012188	"[""S01CA02""]"
1012622	"[""R01BA02"", ""R06AA08""]"
1013028	"[""D10AB02"", ""D10AF06""]"
1020066	"[""M05BA07""]"
1037344	"[""R01BA01"", ""R06AB05"", ""R06AC01""]"
1042675	"[""N02BE01"", ""R05DA09"", ""R06AA09""]"
1044190	"[""D08AX05""]"
1046276	"[""S01GA01""]"
1046382	"[""N02BE01""]"
1048047	"[""A03BA03"", ""G04BX12"", ""J01XX05""]"
1048340	"[""G04BX12""]"
1048388	"[""A03BA03"", ""N03AA02""]"
1049272	"[""N02AJ17""]"
1049670	"[""R01BA02""]"
105029	"[""N02BF01""]"
1050353	"[""R05DA09""]"
1052949	"[""D08AJ01""]"
107050	"[""L04AA04""]"
1086235	"[""H02AB08""]"
237870	"[""A02AD01""]"
259151	"[""A06AC05""]"
282755	"[""C09CA07""]"
283317	"[""C09DA07""]"
283403	"[""H01CC02""]"
284529	"[""A10BX03""]"
307702	"[""S01EC01""]"
308110	"[""R03DA05""]"
1112260	"[""R01BA02""]"
1116927	"[""H02AB02""]"
1117245	"[""N02BE01""]"
404640	"[""A03BB03""]"
562632	"[""G03CA07"", ""G03CC04""]"
562785	"[""N01BA05""]"
578037	"[""A16AB08""]"
859983	"[""N05AH05""]"
1000563	"[""D10AB02"", ""D10AF06""]"
1005861	"[""D10AB02"", ""D10AF06""]"
1006637	"[""P02CC01""]"
1014431	"[""B05BA01""]"
1043690	"[""D07AA02""]"
1044248	"[""A12CA01"", ""B05CB01"", ""B05XA03""]"
1045348	"[""C05AD03"", ""D04AB04"", ""N01BA05"", ""R02AD01""]"
1046879	"[""A03BA01"", ""A03BA03"", ""A16AX11"", ""G04BX12"", ""J01XX05"", ""V03AB17"", ""V04CG05""]"
105603	"[""L01DB07""]"
238153	"[""N02BE01""]"
242979	"[""R06AC04""]"
243615	"[""N05AB07""]"
247394	"[""D08AE05""]"
283535	"[""J01AA02""]"
1659445	"[""D07AA02""]"
1666829	"[""D01AC01"", ""D06AX07"", ""D07AC13"", ""R03BA07"", ""S03AA06""]"
282781	"[""A11HA03""]"
1012477	"[""N01BB10""]"
1049655	"[""N02AJ17""]"
1110712	"[""N01BA05""]"
1191359	"[""D07CC02""]"
1658254	"[""B05XA05"", ""A12CC02""]"
1673869	"[""N02BE01"", ""R01BA02"", ""R05CA03"", ""R05DA09""]"
809602	"[""A16AX""]"
864769	"[""N07BC02""]"
991200	"[""B03BB01""]"
308170	"[""N05CA02""]"
309959	"[""C01BA03""]"
311452	"[""B05BC01""]"
311726	"[""N06AX11""]"
312616	"[""A07EA03"", ""H02AB07""]"
1088251	"[""L01EB02""]"
2047760	"[""G03AA05""]"
314133	"[""N07BB05""]"
346887	"[""A03BA01"", ""A03BA03"", ""A04AD01"", ""N03AA02"", ""N05CM05""]"
349490	"[""N05AX12""]"
352320	"[""N06BA09""]"
392069	"[""A01AA01""]"
804614	"[""A11JB""]"
808611	"[""A11JA""]"
830900	"[""C08DB01""]"
831347	"[""C08DB01""]"
836307	"[""J01CE08""]"
844831	"[""R03DA04""]"
308400	"[""A11GA01"", ""B03AA07""]"
360577	"[""R01BA01"", ""R05CA03""]"
801153	"[""J01DB05""]"
808751	"[""N06AX16""]"
849503	"[""H01BA02""]"
854253	"[""B01AB05""]"
854818	"[""J01MB02""]"
856471	"[""C07AA05""]"
856652	"[""M03CA01""]"
857562	"[""G04BD09""]"
828373	"[""C10AB05""]"
209531	"[""N02BE01""]"
209686	"[""S01AX07""]"
209873	"[""N02BE01""]"
211275	"[""A01AA01""]"
211294	"[""N02BA51""]"
211313	"[""N02BA71""]"
211365	"[""D08AC02""]"
2119242	"[""N02BE01"", ""R05DA09"", ""R06AA09""]"
2122657	"[""L04AA40""]"
212574	"[""R01BA01"", ""R05CA03""]"
213442	"[""A10AB01"", ""A10AC01"", ""A10AD01""]"
2173674	"[""D05AX02""]"
2174533	"[""N02BE01"", ""R01BA01"", ""R05DA09"", ""R06AB04""]"
2176462	"[""R05DA09"", ""R06AB01""]"
2184127	"[""R06AB02""]"
237656	"[""B05BA03""]"
209990	"[""D10AB02""]"
310651	"[""R05CA03""]"
312132	"[""M01AE12""]"
312448	"[""P02CB01""]"
311464	"[""P02CA01""]"
200220	"[""N04BX01""]"
203105	"[""D07AA02""]"
205618	"[""A01AB22"", ""J01AA02""]"
198888	"[""A11CA01""]"
996617	"[""N06DX01""]"
996675	"[""R01BA02"", ""R05DA04""]"
998544	"[""G01AF04""]"
314121	"[""C01DA02""]"
314236	"[""N05AA05""]"
348324	"[""V03AN01"", ""V03AN02""]"
359572	"[""M01AX05""]"
809481	"[""G04CA04""]"
833144	"[""N06AX17""]"
359818	"[""N07BA01""]"
858055	"[""N05AX13""]"
207007	"[""L03AB04""]"
2100029	"[""A10AF01""]"
210455	"[""N02AD01"", ""N02BA01""]"
210521	"[""D01AE04""]"
2121441	"[""D08AX01"", ""D11AX25""]"
212361	"[""A11GA01""]"
212542	"[""C08CA01""]"
2168774	"[""D03AX11""]"
2180671	"[""H04AA01""]"
1098699	"[""R05CA03"", ""R05DB10""]"
1098703	"[""A11JA""]"
1111345	"[""S01GX09""]"
1111444	"[""R05DA09"", ""R06AB04""]"
1112882	"[""G02CA01""]"
1148502	"[""L01ED01""]"
802893	"[""R06AB02""]"
1111095	"[""R06AA02""]"
1091152	"[""N06BA04""]"
1091725	"[""S01KA01""]"
1094141	"[""N05CH01"", ""N06AX02""]"
1094438	"[""R01BA53""]"
1101883	"[""A01AA01"", ""A12CD01""]"
1112713	"[""R06AA02""]"
1113501	"[""R05CA03"", ""R05DA09""]"
1115456	"[""L02AE02""]"
1149373	"[""N02AX06""]"
1190793	"[""A03BA01""]"
1191138	"[""L01DB01""]"
1234473	"[""R05FB02""]"
1234571	"[""S01FB01""]"
477336	"[""R05FB02""]"
485819	"[""C01EX""]"
539811	"[""P01AB02""]"
542086	"[""R05CA03""]"
562344	"[""C03AA01""]"
579948	"[""A16AA""]"
603139	"[""N02BE01""]"
602697	"[""R01BA02"", ""R05CA03""]"
608793	"[""M01AE02""]"
858103	"[""N02AB03""]"
1000496	"[""G03FA12""]"
1010051	"[""G03BA03"", ""G03CA03""]"
1012006	"[""S01CA02""]"
1012423	"[""N01BB01""]"
1012781	"[""R01BA02"", ""R06AA08""]"
1037236	"[""J01XX05""]"
1038855	"[""D08AJ01""]"
1041530	"[""N02BE01""]"
1042645	"[""D02AA""]"
1044949	"[""R05CA03"", ""R05DA09""]"
104699	"[""N05BA01""]"
1049267	"[""N02AJ17""]"
1053278	"[""D01AE12""]"
1053663	"[""N02AB03""]"
308049	"[""N05BA12""]"
1657698	"[""J07BB01"", ""J07BB02"", ""J07BC01""]"
1662286	"[""J01XX08""]"
1666621	"[""M03BX01""]"
1666879	"[""D08AX05""]"
1673949	"[""J01BA01""]"
1720272	"[""A16AB13""]"
1733864	"[""M02AX""]"
1736654	"[""G03AA05""]"
213751	"[""J01DC04""]"
1098625	"[""D02AB""]"
1191060	"[""N05BA09""]"
544160	"[""N05AC02""]"
1001004	"[""N07AX01""]"
1014256	"[""R01BA53""]"
102785	"[""J01FF02""]"
1048290	"[""A03BA01"", ""A03BA03"", ""A04AD01"", ""N03AA02"", ""N05CM05""]"
108286	"[""J05AF02""]"
1086326	"[""H02AB08""]"
242462	"[""B01AC23""]"
1043142	"[""D11AX12""]"
1048276	"[""A03BA01"", ""A03BA03"", ""A04AD01"", ""N05CM05"", ""R01BA02"", ""R06AB04""]"
242680	"[""J05AF06""]"
434018	"[""J01AA02""]"
483450	"[""N02BF02""]"
485032	"[""R03BB04""]"
542865	"[""R01BA01"", ""R06AB04""]"
581829	"[""C05AX04""]"
603541	"[""L04AG03""]"
608139	"[""N06BA09""]"
1005713	"[""A06AD14"", ""C01DA05""]"
1006052	"[""D10AB02"", ""D10AF06""]"
1010047	"[""G03BA03"", ""G03CA03""]"
1037248	"[""D01AE18""]"
1041518	"[""D10AX03""]"
1044444	"[""A07BC01""]"
1049406	"[""D08AJ01""]"
237778	"[""B03BA01""]"
237780	"[""B03BA01""]"
237836	"[""A07BA01""]"
245691	"[""J01MA05""]"
251267	"[""G01AF02""]"
259931	"[""C05CX03""]"
1658337	"[""N05AX16""]"
1672919	"[""N01BB01""]"
404475	"[""L04AX01""]"
104884	"[""A03FA01""]"
1049295	"[""D08AJ01""]"
1085746	"[""D07AB09""]"
1085734	"[""D07AB09""]"
1665095	"[""J01DE01""]"
1721472	"[""N02BE01""]"
1732011	"[""N02AA01""]"
1744009	"[""J05AR03""]"
1747717	"[""C05AX04""]"
1049163	"[""R01BA02""]"
311429	"[""A12CC10""]"
312392	"[""M01AA01""]"
1088779	"[""C10AD02""]"
1991503	"[""C05AD07"", ""D04AB07""]"
1991486	"[""D11AX12""]"
2001102	"[""L01DB01""]"
201737	"[""N03AD01""]"
312884	"[""D10AB02""]"
313309	"[""R03DA04""]"
313489	"[""R06AA10""]"
313499	"[""N06AA06""]"
314164	"[""N04AA04""]"
807732	"[""A09AA01""]"
825180	"[""B01AC06""]"
828557	"[""N02BE01""]"
830867	"[""C05AE03"", ""C08DB01""]"
206624	"[""D11AX11""]"
996574	"[""N06DX01""]"
835835	"[""L04AD01""]"
848219	"[""A06AB04""]"
855940	"[""N03AB02""]"
1099683	"[""N03AG01""]"
1188405	"[""D08AE04"", ""D09AA06""]"
207482	"[""N04BC02""]"
208012	"[""A10BB03""]"
211975	"[""G03CA57""]"
2179763	"[""L01FD01""]"
1146001	"[""D08AG03""]"
212331	"[""J01DB01""]"
578459	"[""J05AF10""]"
603122	"[""V03AE03""]"
604515	"[""D07AA02""]"
858589	"[""C08CA04""]"
859843	"[""N05AB02""]"
105583	"[""L01BC02""]"
105929	"[""M01AC01""]"
1086251	"[""H02AB08""]"
261285	"[""N05CF03""]"
283597	"[""A02AD01""]"
284397	"[""N05CM18""]"
284550	"[""N05AE04""]"
1656275	"[""L04AG03""]"
1659263	"[""B01AB01""]"
1666821	"[""N05CD08""]"
1099693	"[""N03AG01""]"
2176732	"[""R06AE05""]"
857340	"[""N07AB02""]"
1000713	"[""D10AF06""]"
1049584	"[""N02AA05""]"
261118	"[""L01XX29""]"
261176	"[""D01AC01""]"
1657712	"[""L01FE02""]"
1667780	"[""P02CA06""]"
1730931	"[""C01CA19""]"
1731532	"[""D08AG02"", ""D08AX05"", ""D09AA09"", ""D11AC06""]"
1741271	"[""B03AC""]"
1743938	"[""C01CA04""]"
1744835	"[""D10AE01""]"
1801694	"[""D01AE12"", ""N02BA04"", ""N02BA12"", ""S01BC08""]"
1807634	"[""B05XA03""]"
1726115	"[""L01FX08""]"
261319	"[""G03DA04""]"
284989	"[""H01AC01""]"
1657781	"[""L01FG02""]"
1719847	"[""N05AD01""]"
1794559	"[""A11CC05""]"
1797935	"[""R01AD08""]"
1803009	"[""D08AE04"", ""D09AA06""]"
1809440	"[""J06BA01""]"
1809520	"[""J06BA01""]"
1812279	"[""G03AA07""]"
1855091	"[""M02AB01""]"
1863973	"[""B05BB01""]"
1870691	"[""C01CA26"", ""R03CA02""]"
1872479	"[""L01FX10""]"
1919073	"[""R06AA02""]"
1926847	"[""N06BA04""]"
197438	"[""C09BA01""]"
1237135	"[""R01BA02"", ""R06AB04""]"
1241829	"[""R01BA03""]"
1243480	"[""G01AC30""]"
1245725	"[""R01BA02"", ""R05DA09""]"
1246241	"[""D11AX12""]"
1246622	"[""S01KA01""]"
1246836	"[""S01KA01""]"
1247408	"[""C07AG01""]"
1248040	"[""R01BA02"", ""R05CA03"", ""R05DA03""]"
1248224	"[""A06AA02""]"
1248207	"[""A06AA02"", ""B03AA02""]"
1249738	"[""R05FB02""]"
1293872	"[""N02CA02""]"
1294386	"[""N02CA02"", ""N05CA01"", ""N06BC01""]"
1294436	"[""D08AJ01""]"
1298128	"[""N05CD01""]"
1299653	"[""D11AC""]"
1299766	"[""R03AB02""]"
1300016	"[""D10BA01""]"
1300890	"[""M03BX01""]"
1305263	"[""N01BB03""]"
1305766	"[""R05DA09"", ""R06AB01""]"
1305908	"[""B02BC30""]"
1307111	"[""R05DA09"", ""R06AB04""]"
1307984	"[""R05FB02""]"
1312422	"[""A10BH51""]"
1356500	"[""C05AD03"", ""C05BB05"", ""D04AB04"", ""D08AE03""]"
1359557	"[""C01DA02"", ""C05AE01""]"
1360043	"[""G03BA03""]"
1362055	"[""B01AB01""]"
1364854	"[""A11AA""]"
1371298	"[""N01BA05""]"
1372307	"[""D01AE12""]"
1373244	"[""P02CF01""]"
1422891	"[""R01BA02"", ""R05CA03"", ""R05DA09""]"
1423328	"[""D04AB01"", ""D08AJ01"", ""D08AJ08""]"
1423702	"[""R05DA09"", ""R06AB01""]"
1424037	"[""D04AB01"", ""D08AJ01""]"
1424365	"[""R01BA02"", ""R05CA03"", ""R05DA09""]"
1425315	"[""N02BE01"", ""R05DA09"", ""R06AB04""]"
1435874	"[""D10AE01""]"
197466	"[""N05BA05""]"
197660	"[""G03CA57""]"
197692	"[""C08CA02""]"
197785	"[""D07AA02""]"
198089	"[""N03AA02""]"
1438754	"[""D07AA02""]"
1441740	"[""G03CC07""]"
1442085	"[""D10AB02"", ""D10AF06""]"
1482912	"[""J02AC04""]"
1492673	"[""N02BE01"", ""R05DA03""]"
1493153	"[""N02BE01"", ""R05CA03"", ""R05DA09""]"
152697	"[""M01AC06""]"
153124	"[""L02BG04""]"
1537468	"[""D08AE05""]"
1540974	"[""C05AD03"", ""D04AB04""]"
1543158	"[""D04AB06""]"
1549233	"[""J01EA01"", ""J01EC01""]"
1425407	"[""D08AX08""]"
1486140	"[""R05CA03"", ""R05DA09""]"
1541084	"[""D07XA01"", ""D04AB07""]"
1545918	"[""P03AX05""]"
1720763	"[""V03AF04""]"
1723209	"[""N01AH02""]"
1729197	"[""N02AA01""]"
1731582	"[""A03AB02""]"
1732187	"[""L01DB03""]"
1734383	"[""J05AD01""]"
1741572	"[""B05AA01""]"
1791499	"[""L01DB06""]"
1808524	"[""M02AB01""]"
1855722	"[""D08AJ01""]"
1862102	"[""A10AF01""]"
1810787	"[""A02BC05""]"
1926946	"[""G03AA05""]"
1927693	"[""G03XX01""]"
1928941	"[""A16AA03""]"
1243284	"[""D04AB01""]"
1246901	"[""D01AE18""]"
1248741	"[""N05CH01""]"
1294572	"[""R01BA52""]"
1300378	"[""J07AJ52""]"
1302483	"[""A09AB04""]"
1356904	"[""R06AB01""]"
1358329	"[""R05FB02""]"
1359384	"[""R01BA02"", ""R06AB02""]"
1361495	"[""A10BB12""]"
1371036	"[""D08AX08""]"
1373011	"[""V03AN01"", ""V03AN03""]"
1422107	"[""C05AD01""]"
1423945	"[""D08AG03""]"
1424358	"[""R01BA02"", ""R05CA03""]"
1425554	"[""D01AE12""]"
1433736	"[""D01AE22""]"
197718	"[""D07AC07""]"
197853	"[""H02CA03""]"
198036	"[""C08CA05""]"
1441407	"[""L04AX03""]"
1487357	"[""H01CA01"", ""V04CM01""]"
1493173	"[""H02AB06""]"
153127	"[""J05AE02""]"
1534846	"[""D01AC08""]"
1535921	"[""R06AB04""]"
1547668	"[""R03BA09""]"
1552035	"[""J05AJ02""]"
1495080	"[""D08AC02""]"
1809517	"[""J06BA01""]"
1809648	"[""J06BA01""]"
1813038	"[""B01AC17""]"
1945173	"[""A06AG04"", ""A06AX01""]"
1946979	"[""R05DA09"", ""R06AB06""]"
197318	"[""R03CC02""]"
197436	"[""C09BA01""]"
197522	"[""C10AB01""]"
1242056	"[""R05FB02""]"
1243811	"[""R05CA10""]"
1248353	"[""R05DA09"", ""R06AA09""]"
1300712	"[""A08AA11""]"
1305595	"[""R01BA02"", ""R05CA03"", ""R05DA09""]"
1305890	"[""B02BC30""]"
1370219	"[""R05DA09""]"
1422095	"[""C10BA05""]"
1425230	"[""L01EC02""]"
1432487	"[""D04AB01""]"
198109	"[""S02AA11"", ""S02BA01""]"
150921	"[""A11DA01""]"
152944	"[""J05AF04""]"
1545292	"[""D04AB01""]"
1546177	"[""L03AB13""]"
1591934	"[""N02BE01""]"
1592809	"[""D11AX22"", ""P02CF01""]"
1593105	"[""R05DA09"", ""R06AB04""]"
1593744	"[""B03BB01""]"
1599553	"[""B01AF03""]"
1607619	"[""N06AX23""]"
1649401	"[""J01AA02""]"
1596030	"[""J01GB01""]"
1362049	"[""B01AB01""]"
1423401	"[""R05CA03"", ""R05DA09""]"
1425090	"[""M01AX05""]"
1595449	"[""M02AB01""]"
1809457	"[""J06BA01""]"
1866505	"[""N01BB03""]"
197547	"[""C04AX01""]"
1242617	"[""M03AC09""]"
1246306	"[""R03AK07""]"
1251914	"[""N04BC09""]"
1297988	"[""C01EB09""]"
1302433	"[""D10AE01""]"
1313969	"[""R01BA03""]"
1356580	"[""N03AX22""]"
1359802	"[""A10BJ01""]"
1363394	"[""B05AA07""]"
1363311	"[""R06AB04""]"
1372546	"[""D08AE04"", ""D09AA06""]"
1376078	"[""G01AD01""]"
197730	"[""C03CA01""]"
197903	"[""C10AA02""]"
197930	"[""N02BA71""]"
197973	"[""H02AB04""]"
197971	"[""H02AB04""]"
198004	"[""C07AA12""]"
1482908	"[""J02AC04""]"
152414	"[""C07AB03""]"
152880	"[""L02BA02""]"
1540223	"[""D01AC01""]"
1596780	"[""G03BA03""]"
1601390	"[""L01EF01""]"
1606870	"[""R07AX02""]"
1607794	"[""V03AC03""]"
1652831	"[""J06BB05""]"
1653144	"[""L04AB06""]"
1422179	"[""H01CA01"", ""V04CM01""]"
1484903	"[""G03AA05"", ""B03AA02""]"
1593731	"[""C07AA07""]"
1597570	"[""N07BC51""]"
1600602	"[""G03AC03""]"
1243364	"[""A12AX""]"
1249623	"[""N02BE01""]"
1297544	"[""R05DB05"", ""R06AA02""]"
1492671	"[""N02BE01"", ""R05DA03""]"
1595035	"[""N01BB08""]"
1537325	"[""R05CA03""]"
1597074	"[""G03BA03""]"
1599809	"[""C05AX04""]"
1605088	"[""D10BA01""]"
1653243	"[""L04AC10""]"
1944262	"[""C10AA01""]"
642338	"[""A02AD01""]"
724879	"[""C09DB01""]"
639539	"[""C09CA06""]"
670031	"[""A12BA01""]"
665040	"[""A10BH01""]"
750180	"[""S01AA30""]"
748859	"[""G03AA01""]"
798133	"[""D10AF02""]"
757968	"[""A02BC03"", ""J01CA04"", ""J01FA09""]"
861748	"[""A10BD02""]"
861981	"[""H02CA01""]"
308429	"[""P01AX06""]"
1087614	"[""D01AC02""]"
750261	"[""G03AA09""]"
751973	"[""A07BA01""]"
745483	"[""J01CE01""]"
755436	"[""R05CA03""]"
860975	"[""A10BA02""]"
861659	"[""C01DA02"", ""C05AE01""]"
861544	"[""N02AB02"", ""N02BE01""]"
876524	"[""C09DB04""]"
891153	"[""S02AA13"", ""S02AA11"", ""S03BA02""]"
905164	"[""A07EC03""]"
308284	"[""N02BA51""]"
309889	"[""C01AA05""]"
310675	"[""N01AB01""]"
310798	"[""C03AA03""]"
312519	"[""A12BA01"", ""A12BA05""]"
1087418	"[""B03AE""]"
198271	"[""N05AC02""]"
199071	"[""N01BA05""]"
200095	"[""C09CA04""]"
200799	"[""C03AA08""]"
205116	"[""A02AD01""]"
206027	"[""D07BA04""]"
206448	"[""N05BA13""]"
996454	"[""R05CA03"", ""R05DA04""]"
999826	"[""B03AE""]"
313551	"[""D01AE04""]"
314227	"[""N02CC01""]"
349127	"[""R01BA02"", ""R05CA03""]"
863603	"[""J01FA01""]"
979122	"[""C01BD05""]"
748832	"[""G03AA07""]"
994048	"[""N02BE01"", ""R05DA04""]"
800648	"[""B05BB02""]"
897630	"[""C08DA01""]"
966191	"[""H03AA01""]"
990982	"[""V03AB19""]"
991361	"[""N05AA01""]"
1087623	"[""A11DA01"", ""A11GA01"", ""A11HA02"", ""A11HA04"", ""A11HA05"", ""B03BA01"", ""B03BB01"", ""C04AC01"", ""C10AD02""]"
312847	"[""N04BC04""]"
205494	"[""D05AC01""]"
999514	"[""D10AE01""]"
313358	"[""N05AC02""]"
313756	"[""A12CB01"", ""G04BE04""]"
314208	"[""N04BC04""]"
801021	"[""B05BA01""]"
808118	"[""H02AB06""]"
828539	"[""J02AX04""]"
830525	"[""B01AC06"", ""N02BA01""]"
846161	"[""D07AA02""]"
993796	"[""N02BE01"", ""R05DA04""]"
310649	"[""R01BA01"", ""R05CA03""]"
312199	"[""L01CD01""]"
312424	"[""B02BA01""]"
1087774	"[""D01AE12""]"
198854	"[""A03AX13""]"
996716	"[""R05FA02""]"
831719	"[""A01AA01""]"
629384	"[""D10AX01""]"
636230	"[""N07BA03""]"
645459	"[""A01AA01""]"
643078	"[""J05AE10""]"
687048	"[""C10AA04""]"
702249	"[""B03AA07""]"
636671	"[""N07BA03""]"
688880	"[""A02AD01""]"
750137	"[""S01XA03""]"
751554	"[""G03AA07""]"
754028	"[""G03GA01""]"
656805	"[""A01AA01"", ""A12CD01""]"
762850	"[""H01AC01""]"
756226	"[""R03DA04""]"
863857	"[""N02AA01"", ""N07BB04""]"
866107	"[""D02AE01""]"
895209	"[""N02AA01""]"
978654	"[""A08AA03""]"
992475	"[""R06AD02""]"
991528	"[""R05DA09""]"
991632	"[""R03AB03""]"
309298	"[""A02BA01""]"
310223	"[""N05CM08""]"
311347	"[""J01XX08""]"
665022	"[""J02AC04""]"
865125	"[""N05AB02""]"
884215	"[""C02AC01"", ""C03BA04""]"
892625	"[""N02AA01""]"
897723	"[""C08DA01""]"
978662	"[""A08AA03""]"
992771	"[""G01AF04""]"
993822	"[""N02BE01"", ""R05DA04""]"
861377	"[""V03AE02""]"
865216	"[""N04BD01""]"
882546	"[""J01CE09""]"
905269	"[""N04AA01""]"
308397	"[""A11GA01"", ""B03AA02""]"
308593	"[""A03BA04""]"
308826	"[""R03DA04""]"
309466	"[""N02BA05"", ""N02BE01"", ""N06BC01"", ""R05DA04""]"
309541	"[""H01AA01""]"
309679	"[""S01CA01""]"
310041	"[""R03DA01""]"
310191	"[""G03CA03""]"
310202	"[""G03CA57""]"
310519	"[""V06DC01""]"
310879	"[""C05AA01""]"
1086950	"[""C05AA01"", ""D07AA02"", ""D07AB02"", ""D07AB11"", ""D07AC16"", ""D07XA01""]"
1087043	"[""R01AA04""]"
1986889	"[""A04AD14""]"
2000019	"[""L01EL01""]"
2001499	"[""B03BA01""]"
2045120	"[""D08AC02""]"
2056510	"[""H03AA01""]"
205875	"[""A10BB01""]"
206609	"[""D11AX11""]"
201905	"[""J05AB01""]"
314248	"[""A03AB08""]"
749854	"[""G03AA05""]"
754812	"[""C02CA01"", ""C03AA05""]"
790296	"[""C09BA01""]"
861027	"[""A10BA02""]"
309101	"[""J01DC02""]"
310430	"[""N02BF01""]"
312357	"[""N03AA02""]"
198350	"[""G04BE04""]"
199650	"[""R05CB01""]"
205900	"[""S01EA01"", ""S01EB01""]"
207678	"[""C02DD01""]"
352232	"[""C10AA02""]"
722111	"[""D10AD03""]"
730024	"[""M02AB01""]"
731174	"[""B03XA02""]"
749869	"[""G03AA05""]"
866144	"[""R06AX02""]"
904547	"[""M05BA01""]"
686445	"[""N05AX13""]"
731231	"[""B03XA02""]"
763160	"[""N04BC04""]"
643488	"[""D10BA01""]"
731027	"[""R01BA53""]"
753469	"[""A06AB06""]"
861643	"[""C10AA08""]"
861958	"[""N06BA13""]"
894863	"[""D05BB02""]"
901541	"[""N04BC05""]"
904442	"[""N02AF02""]"
905285	"[""N04AA01""]"
966187	"[""H03AA01""]"
991069	"[""A03AA07""]"
308219	"[""A09AA01""]"
308499	"[""D04AB01"", ""D06AX05""]"
308693	"[""D10AE01""]"
312083	"[""A04AA01""]"
1090745	"[""N02BE01"", ""N02BE51"", ""R01BA02""]"
1090842	"[""N02BE01"", ""N02BE51"", ""R01BA02""]"
1089853	"[""A11HA01"", ""B03BB01""]"
199099	"[""D02AB""]"
201370	"[""C09AA01""]"
2043465	"[""G03AC01""]"
205815	"[""J01CA01""]"
206295	"[""C05AA01"", ""D07AA02"", ""D07AB02"", ""D07AB11"", ""D07AC16"", ""D07XA01""]"
2056478	"[""H03AA01""]"
207221	"[""G03BA02"", ""G03EK01""]"
995686	"[""R06AE05""]"
312950	"[""G04BE03""]"
313581	"[""N06AX16""]"
317135	"[""A11HA01""]"
343012	"[""R01BA02"", ""R05CA03""]"
359719	"[""A11HA03"", ""A16AA01"", ""C01EB09""]"
199852	"[""D02AB""]"
199884	"[""J01MA12""]"
359542	"[""A11JA""]"
644386	"[""M01AE01""]"
668567	"[""D02AE01""]"
666857	"[""M03BX01""]"
692776	"[""R05DB05""]"
700851	"[""R06AB01""]"
749862	"[""G03FA01""]"
763457	"[""L04AC04""]"
672916	"[""C08CA05""]"
798415	"[""V04CF01""]"
899441	"[""N06BA11""]"
966159	"[""H03AA01""]"
750248	"[""G03AA01""]"
762674	"[""L01XD04""]"
860930	"[""C05AD03""]"
861174	"[""C01BC03""]"
862006	"[""C02AC02""]"
883830	"[""B02AA02""]"
892525	"[""N02AA01""]"
894788	"[""N02AA01""]"
895975	"[""N02AA01""]"
897853	"[""C09BB10""]"
991376	"[""A02AC01"", ""A11CC05"", ""A11GA01"", ""A11HA03"", ""A12AA04""]"
308928	"[""A12AA05""]"
310141	"[""A11CC01""]"
312097	"[""N02AA02"", ""N02BA01"", ""R05CA03"", ""N06BC01""]"
312829	"[""N05AX08""]"
1087779	"[""D02AB""]"
311376	"[""N05BA06""]"
198223	"[""C03DA01""]"
198620	"[""R03AA01""]"
199176	"[""D11AX11""]"
200053	"[""R05FB02""]"
205675	"[""S01BA01""]"
996677	"[""R01BA02"", ""R05DA04""]"
314994	"[""D06AX04"", ""D06AX05""]"
392147	"[""A01AA01""]"
803062	"[""A12CB01"", ""B05XA18"", ""V03AB20""]"
806575	"[""L01FD01""]"
860767	"[""R06AA10""]"
866092	"[""N05BE01""]"
897640	"[""C08DA01""]"
905473	"[""D02BA01""]"
966466	"[""H03AA01""]"
309119	"[""J01DB08""]"
979120	"[""C01BD05""]"
1997180	"[""D08AE05""]"
884528	"[""N06BA02""]"
905037	"[""R01AA04"", ""S01FB01"", ""S01XA20""]"
897126	"[""A10BJ02""]"
978741	"[""B01AB04""]"
993683	"[""N06AX12""]"
311954	"[""C04AC01"", ""C10AD02"", ""R07AB03""]"
312325	"[""N05AB03""]"
198259	"[""R03DA04""]"
199526	"[""M04AA01""]"
2002068	"[""N02BE01"", ""R05CA03""]"
200964	"[""N05AD01""]"
2050067	"[""D01AE12""]"
2058918	"[""L01BC05""]"
207074	"[""D05AD02"", ""D05BA02""]"
207112	"[""J02AC01""]"
995110	"[""R05DA04""]"
995626	"[""R06AE05""]"
996693	"[""D08AX01"", ""D11AX25""]"
999727	"[""D11AX01""]"
313143	"[""S01AB02""]"
313758	"[""R03DC01""]"
337027	"[""A09AA01""]"
342958	"[""J01DD07""]"
348225	"[""V03AN04""]"
348805	"[""G03AA07""]"
362772	"[""H02AB04""]"
801095	"[""R03AC02""]"
809018	"[""C09DA03""]"
315032	"[""D01AE07""]"
831339	"[""C05AE03"", ""C08DB01""]"
849651	"[""A11HA07"", ""C04AC03""]"
855642	"[""M02AA15""]"
856377	"[""N06AX05""]"
856666	"[""A07AA11""]"
857356	"[""N02BE01"", ""R05DA03""]"
857391	"[""N02AJ22""]"
207664	"[""C04AC01"", ""C10AD02""]"
207799	"[""D08AF01"", ""D09AA03""]"
208494	"[""N05AF04""]"
208630	"[""J01EA01""]"
209123	"[""R03DA01"", ""R05CA03""]"
209350	"[""N06AA10""]"
2103222	"[""A01AB03""]"
2108835	"[""J01CA04""]"
211117	"[""G01AX11""]"
211813	"[""D04AB06""]"
2120912	"[""R05DA09""]"
213220	"[""A10BX02""]"
213225	"[""G03XA01""]"
213629	"[""R05CB01""]"
213784	"[""R03AC02"", ""R03CC02""]"
2167728	"[""R01BA02"", ""R05DA09"", ""R06AB01""]"
2178941	"[""R01BA53""]"
1091143	"[""N06BA04""]"
1091460	"[""N02BE01"", ""N02BE51"", ""R01BA02""]"
1094543	"[""G03AA05""]"
1098640	"[""S01GA52""]"
1098893	"[""R05CA03"", ""R05DA04"", ""R06AB01""]"
1098906	"[""R05CA03"", ""R05DA03"", ""R06AB01""]"
1099448	"[""R01BA52"", ""R06AX07""]"
1099774	"[""R01BA52""]"
1101552	"[""N02BE01"", ""R01BA02""]"
213182	"[""D06AX09""]"
2178159	"[""R01BA02"", ""R05DA09"", ""R06AB04""]"
1114900	"[""A02AC01"", ""A11CC05"", ""A11DA01"", ""A11GA01"", ""A11HA02"", ""A11HA03"", ""A11HA04"", ""A12AA04"", ""B03AA02"", ""B03BA01"", ""B03BB01"", ""C04AC01"", ""C10AD02"", ""N02BA03"", ""N07AX02"", ""R05CA02"", ""S01XA04"", ""S01XA26"", ""V03AB21""]"
1115764	"[""R01BA02"", ""R05CA03"", ""R05DA04""]"
1232104	"[""D02AB""]"
1232653	"[""C01CA06""]"
404710	"[""B03AA02"", ""B03BB01""]"
415314	"[""G03GA06""]"
540617	"[""P01AX11""]"
562556	"[""A09AA01""]"
615099	"[""B05BB01""]"
616289	"[""L01EX01""]"
616539	"[""A02BC01""]"
857864	"[""R05DA20""]"
857916	"[""C01BA02""]"
860138	"[""R05CA09"", ""R05DA03""]"
860707	"[""N06DA04""]"
1001066	"[""R01AA05""]"
1006544	"[""P02CF01""]"
1011845	"[""D04AB01"", ""D08AJ08""]"
1012150	"[""S01CA02""]"
1012577	"[""R01BA02"", ""R05DA03"", ""R06AA08""]"
1013024	"[""C01BB01"", ""N01BB02""]"
1038982	"[""D01AE12""]"
1042644	"[""D08AX08""]"
1043074	"[""D07AA02""]"
1043364	"[""C05AD03"", ""D04AB04""]"
1047789	"[""A03BA03"", ""G04BX12"", ""J01XX05"", ""V03AB17"", ""V04CG05""]"
1047805	"[""A03BA03"", ""G04BX06""]"
1048366	"[""D08AJ08"", ""N01BX02""]"
1052947	"[""D08AJ01""]"
1053241	"[""N01BA05""]"
1053633	"[""R01BA02"", ""R06AB04""]"
1086707	"[""M01AC06""]"
237192	"[""C02LA01""]"
260312	"[""C05AA01""]"
284191	"[""L01BC02""]"
284595	"[""L04AX03""]"
1656351	"[""C09DX04""]"
1666549	"[""A06AD04""]"
209427	"[""N02BE01""]"
402505	"[""N03AF01""]"
477381	"[""C01EB09""]"
545835	"[""L02AE02""]"
1011081	"[""G03AA12""]"
1011748	"[""D04AB01""]"
1012244	"[""C05AA01"", ""C05AD01""]"
1012980	"[""R01BA02"", ""R06AA08""]"
1037350	"[""R05CA03"", ""R05DB05""]"
1048126	"[""A03BA01"", ""A03BA03"", ""A04AD01"", ""N05CM05"", ""R01BA02"", ""R01BA03""]"
1085998	"[""H02AB08""]"
1085921	"[""D08AJ08""]"
1654040	"[""C01EB10""]"
1659175	"[""R01BA03""]"
597977	"[""C10BX03""]"
1046967	"[""A03BA01"", ""A03BA03"", ""A04AD01"", ""N03AA02"", ""N05CM05""]"
1053768	"[""D01AA01"", ""D07XB02""]"
582929	"[""D06BB04""]"
857850	"[""R05DA20""]"
238803	"[""D08AG02"", ""D09AA09"", ""D11AC06"", ""G01AX11"", ""R02AA15"", ""S01AX18""]"
804916	"[""B05BC02""]"
831703	"[""C03BA04""]"
905464	"[""H03AA01""]"
994243	"[""A12AA04""]"
310172	"[""G03CA03""]"
1087438	"[""B03AE""]"
198245	"[""G01AG02""]"
198780	"[""A06AB04""]"
199058	"[""L04AA06""]"
1992299	"[""S01ED01""]"
200337	"[""A03AX13""]"
203948	"[""J01CA04""]"
2059045	"[""D04AA32""]"
207391	"[""J01CE01""]"
207791	"[""J01XE01""]"
995222	"[""N05BB01""]"
995634	"[""R06AE05""]"
996601	"[""R05DA20""]"
997008	"[""R05DA04"", ""R06AB04""]"
999799	"[""B03AE""]"
313472	"[""A16AX12""]"
328164	"[""A07BC04""]"
351155	"[""D02AE01""]"
806606	"[""N01BA05""]"
809280	"[""A09AA01""]"
826811	"[""A08AA01""]"
833559	"[""A01AA04""]"
996544	"[""R01BA01"", ""R05CA03"", ""R05DA04""]"
831531	"[""A02AD01""]"
846044	"[""A11GA01""]"
849506	"[""H01BA02""]"
856623	"[""N05AB04""]"
856955	"[""R05DA20""]"
857157	"[""N02BE01"", ""R05DA03""]"
829390	"[""A12CC01""]"
208351	"[""N01AF03"", ""N05CA19""]"
210229	"[""A02AD01""]"
2102472	"[""J06BA01""]"
2103397	"[""C05AA05"", ""D06AX07"", ""D07AC01"", ""D07XC01""]"
2121591	"[""B01AB01""]"
213544	"[""C05AA05"", ""D07AC01"", ""D07XC01""]"
213866	"[""J01DC03""]"
2168004	"[""R05DA09"", ""R06AB04""]"
2168404	"[""L04AA40""]"
2168531	"[""N02BE01"", ""R05DA09""]"
403794	"[""N05BA12""]"
2109620	"[""J07CA""]"
212740	"[""D08AG02"", ""D09AA09"", ""D11AC06""]"
311293	"[""S01GX02""]"
311345	"[""J01XX08""]"
312059	"[""A07AA02""]"
312085	"[""A04AA01""]"
312280	"[""A06AD14"", ""C01DA05""]"
312297	"[""N05CA01""]"
312348	"[""R01BA51""]"
312367	"[""N03AA02""]"
198481	"[""A07BC04""]"
204491	"[""C05BB04""]"
2054313	"[""G03CA03""]"
2057964	"[""N05CD08""]"
998691	"[""C07AB04""]"
313161	"[""N02CC01""]"
313794	"[""R03DA05""]"
328160	"[""L04AD01""]"
359281	"[""R06AB01""]"
359962	"[""S01XA20""]"
801109	"[""B05BB02""]"
805372	"[""D10AD01""]"
828838	"[""J01XX04""]"
834831	"[""R05CA03""]"
835701	"[""J01AA02""]"
313548	"[""D01AE04""]"
824917	"[""D10AE01""]"
848584	"[""N04BC04""]"
855322	"[""B01AA03""]"
856566	"[""A11GA01""]"
856572	"[""C07AA05""]"
857572	"[""R01BA02"", ""R05DA03"", ""R06AB01""]"
858609	"[""C08CA04""]"
207948	"[""L01AD04""]"
209341	"[""N02BE01""]"
209872	"[""N02BE01""]"
209919	"[""N02BE01""]"
210834	"[""A02AD01""]"
210007	"[""A02AD01""]"
211805	"[""A01AA01"", ""A12CD01""]"
212579	"[""C10AD02""]"
212797	"[""J04AB01""]"
213143	"[""R05CA03""]"
2178758	"[""N02BE01""]"
1090996	"[""G03AA05""]"
1091068	"[""N01BB08""]"
1091721	"[""S01KA01""]"
1099861	"[""A12AX""]"
1116758	"[""P01BA01""]"
1150834	"[""S01ED03""]"
1190179	"[""S01KA01""]"
1094128	"[""G04BX06""]"
1094107	"[""G04BX06""]"
1101457	"[""R06AA09""]"
1111741	"[""C05AD03"", ""D04AB04"", ""D08AX08""]"
1111822	"[""R01BA02""]"
1115592	"[""A11JC""]"
1115892	"[""A06AA01""]"
1143677	"[""D08AE05""]"
1145679	"[""R05DA09""]"
1151107	"[""R01BA01""]"
1234578	"[""R01AA04""]"
476350	"[""C10BA02""]"
544666	"[""D10AF06""]"
578915	"[""R01BA02"", ""R06AB01""]"
579999	"[""S01XA20""]"
616713	"[""A06AG04"", ""A06AX01""]"
859068	"[""R05CA09"", ""R05DA03""]"
859816	"[""R01BA02"", ""R05CA03"", ""R05DA03""]"
859994	"[""R05CA03"", ""R05DA03""]"
860105	"[""S01BC05""]"
860113	"[""M01AB15""]"
1012709	"[""N01BB04""]"
1043608	"[""S01GA01"", ""S01KA02""]"
1046281	"[""D01AE12""]"
1048136	"[""R02AD04""]"
1049218	"[""N02AJ17""]"
1049404	"[""D08AJ01""]"
1052707	"[""D01AE12""]"
1053631	"[""R01BA02"", ""R06AB04""]"
1085754	"[""H02AB08""]"
241621	"[""C01EB09""]"
244638	"[""D02AB""]"
248654	"[""R01BA02"", ""R05CA03""]"
253059	"[""A16AA01""]"
260494	"[""A12CB01"", ""B05XA18"", ""V03AB20""]"
260851	"[""B01AC06"", ""N02BA01""]"
282760	"[""A12AA03"", ""A12AA04""]"
1665447	"[""J01DC02""]"
1726835	"[""C05AD03"", ""D04AB04""]"
237892	"[""A09AA04""]"
1191264	"[""D10AD51""]"
860595	"[""R01BA01"", ""R05DA03""]"
1001021	"[""R01AA05""]"
1048405	"[""A03BA03""]"
1053345	"[""A06AD04""]"
105823	"[""N02BA11""]"
1086443	"[""R05DA09"", ""R06AB04""]"
239191	"[""J01CA04""]"
1191250	"[""V03AB15""]"
1192516	"[""D04AB04"", ""D08AJ08""]"
544459	"[""A06AD11""]"
547199	"[""J06BA01""]"
578124	"[""A11JC""]"
617262	"[""V01AA07""]"
860217	"[""G03AC05"", ""G03DB02"", ""L02AB01""]"
1009399	"[""G03BA03""]"
1011470	"[""A02AD01""]"
1012204	"[""D04AB01""]"
1012340	"[""D08AG03""]"
1012787	"[""R01BA02"", ""R06AA08""]"
1012903	"[""R06AA08""]"
1039147	"[""R02AD01""]"
1046835	"[""D01AE12""]"
1050805	"[""C03AA03"", ""C08CA01"", ""C09XA02""]"
237976	"[""A06AC07""]"
240375	"[""N02AX03""]"
240698	"[""A01AA01""]"
250344	"[""D01AE14""]"
253014	"[""L04AB01""]"
307831	"[""D06BA05"", ""D08AA02"", ""J01EB06""]"
1654969	"[""A01AA04""]"
1716067	"[""N02AE01""]"
1720606	"[""R03DX09""]"
1726321	"[""L01CE02""]"
212274	"[""D10AE01""]"
213120	"[""D06BX01""]"
1188443	"[""R01BA01""]"
1190635	"[""A03BA01"", ""A07DA01""]"
1192931	"[""A06AA02""]"
1234386	"[""R05DA09"", ""R06AA09""]"
581645	"[""G04BE03""]"
602910	"[""L04AX04""]"
859833	"[""N05AB02""]"
1038779	"[""N02BE01""]"
1085703	"[""H02AB08""]"
251293	"[""A03AX13""]"
261239	"[""M01AH02""]"
1659650	"[""P03AX05""]"
1737563	"[""C01BB01""]"
2186092	"[""D08AC02""]"
1739766	"[""N03AX23""]"
1740008	"[""N01AH01"", ""N02AB03""]"
1741974	"[""B05AA01""]"
1791859	"[""C01CE02""]"
1657982	"[""L04AC07""]"
310161	"[""J01FA01""]"
309035	"[""D03BA01""]"
198561	"[""A16AA01""]"
198693	"[""R02AA12""]"
2002002	"[""L01DB02""]"
201613	"[""M03BB02""]"
205290	"[""J05AG03""]"
206062	"[""J04BA01""]"
206627	"[""D11AX11""]"
206988	"[""A07EA03"", ""H02AB07""]"
207106	"[""J02AC01""]"
995692	"[""R06AE05""]"
999391	"[""D10AX01""]"
403818	"[""S01AE07""]"
829928	"[""L01XX27""]"
311409	"[""A02AD02""]"
1087169	"[""R06AE07""]"
314034	"[""N05AD01""]"
848750	"[""N05AX14""]"
849303	"[""N02AC04"", ""N02BE01""]"
849395	"[""N04BB01""]"
849833	"[""C03XA01""]"
1099870	"[""N03AG01""]"
1114838	"[""R01BA53""]"
1233871	"[""C10AA02""]"
1235243	"[""L04AD02""]"
1235249	"[""N05AE05""]"
210628	"[""N07BB01""]"
2122661	"[""L04AA40""]"
213490	"[""G03CA03""]"
213559	"[""C05AA05"", ""D07AC01"", ""D07XC01""]"
2172497	"[""R06AA09""]"
237381	"[""B05XA17""]"
486247	"[""A01AA04""]"
486912	"[""J01FA01""]"
313585	"[""N06AX16""]"
2178792	"[""C01CA24""]"
544463	"[""S01KA02""]"
597772	"[""V03AC03""]"
607020	"[""N02BF02""]"
616103	"[""V06DC01""]"
860277	"[""R05CA03"", ""R05DA03""]"
860446	"[""R01BA02"", ""R05CA03"", ""R05DA03""]"
860654	"[""S01GX10""]"
1000352	"[""G03FA12""]"
1010793	"[""C01BB01"", ""N01BB02""]"
1039657	"[""J01DH04""]"
1039900	"[""D08AX05""]"
1043348	"[""D08AJ08""]"
1046375	"[""N02BE01""]"
1049688	"[""N02AA05""]"
105562	"[""L01AA03""]"
105798	"[""N02BA06""]"
239233	"[""V03AB26""]"
241056	"[""A02AD02""]"
284379	"[""J05AE05""]"
1666111	"[""J01CA01""]"
849650	"[""D02AE01""]"
1146690	"[""N03AX09""]"
103956	"[""G04BE01""]"
262226	"[""N05AG02""]"
1658175	"[""J06BB04""]"
1666613	"[""M03BX01""]"
1731348	"[""V03AC01""]"
1735508	"[""D11AX11""]"
1737569	"[""C01BB01""]"
1737852	"[""V03AB17""]"
1740010	"[""N01AH01"", ""N02AB03""]"
1741409	"[""B02BD02""]"
1742395	"[""B05AA01""]"
1747489	"[""D01AC01""]"
1806665	"[""D10AE01""]"
1722939	"[""J01DH02""]"
108474	"[""J05AF03""]"
261288	"[""L01AX03""]"
1747187	"[""L04AX03""]"
1790383	"[""J06BB01""]"
1809670	"[""J06BA01""]"
1867716	"[""R03CC03""]"
1873991	"[""L01EF02""]"
1875600	"[""D08AC02""]"
1928545	"[""D08AC02"", ""D09AA12""]"
197430	"[""R01BA01"", ""R01BA02"", ""R06AB04""]"
1241976	"[""R01BA02"", ""R06AB04""]"
1242136	"[""V03AF09""]"
1242707	"[""R05FB02""]"
1245957	"[""A12CA01"", ""B05CB01"", ""B05XA03""]"
1248473	"[""R05DB20""]"
1293706	"[""R01BA52""]"
1294002	"[""D07BA04"", ""D04AB07""]"
1294365	"[""R01BA53""]"
1298326	"[""R05FB02""]"
1299659	"[""D01AE04""]"
1299770	"[""C01CA02"", ""R03AB02"", ""R03CB01""]"
1302195	"[""A12BA01""]"
1302755	"[""B01AC09""]"
1303845	"[""R05DB20""]"
1313116	"[""P02CC01"", ""P02CF01""]"
1356489	"[""D04AB01"", ""D08AJ01""]"
1356531	"[""P02BA01"", ""P02CC01"", ""P02CF01""]"
1357548	"[""N02BE01"", ""R01BA02"", ""R05DA09"", ""R06AB01""]"
1358759	"[""R01BA02"", ""R05DA03"", ""R06AB04""]"
1358974	"[""J01CA04""]"
1362027	"[""B01AB01""]"
1367383	"[""R01BA02"", ""R06AX12""]"
1376207	"[""A02AD01""]"
1376440	"[""H02AB08""]"
1421878	"[""A02AC01"", ""A12AA04""]"
1423814	"[""R05CA02""]"
1429887	"[""D08AJ01""]"
1429895	"[""N02BE01""]"
1430148	"[""N02BE01"", ""R01BA02"", ""R06AB04""]"
1437546	"[""D08AG03""]"
197731	"[""C03CA01""]"
197954	"[""C02LA01""]"
1442575	"[""D08AG03""]"
1534676	"[""R01BA51""]"
1541229	"[""D02AA""]"
1541609	"[""N06BA02""]"
1544183	"[""D08AG02"", ""D09AA09"", ""D11AC06""]"
1547114	"[""N05CJ01""]"
1547660	"[""R03BA09""]"
197555	"[""G03XA01""]"
1729420	"[""L01CA04""]"
1729527	"[""C03CA04""]"
1732136	"[""N02AA01""]"
1736592	"[""V03AF02""]"
1736784	"[""L01XA03""]"
1737450	"[""M05BA03""]"
1740894	"[""L01DC03""]"
1741296	"[""B05AA01""]"
1747725	"[""A01AA01"", ""A12CD01""]"
1790546	"[""L04AB02""]"
1793908	"[""L03AX14""]"
1804738	"[""B01AE03""]"
1806955	"[""A09AA01""]"
1807888	"[""A10BA02""]"
1807894	"[""A10BA02""]"
1860482	"[""L01CD02""]"
1870681	"[""J01GB03""]"
1874130	"[""H01BA02""]"
1875870	"[""N03AX14""]"
1236073	"[""N02AA08"", ""R01BA01"", ""R06AB04""]"
1236191	"[""N02AA08"", ""N02BA05"", ""N02BE01""]"
1236169	"[""N02AA08"", ""R05CA03""]"
1237072	"[""R01BA02"", ""R06AB04""]"
1248119	"[""A06AA02""]"
1293642	"[""D07BA04"", ""D04AB07""]"
1294315	"[""D08AJ01""]"
1294592	"[""D04AA32""]"
1298422	"[""R01BA02"", ""R05CA03""]"
1300210	"[""R01BA02"", ""R06AB01""]"
1313820	"[""A06AA01"", ""C05AX06""]"
1362753	"[""N05CH01""]"
1366500	"[""R06AE04""]"
1369814	"[""N02BE01""]"
1422546	"[""C05AD01""]"
1422900	"[""A12BA05""]"
1435495	"[""R02AD01""]"
197408	"[""D07AC01""]"
197463	"[""J01BA01""]"
197479	"[""G03CA06""]"
197648	"[""G02AB03""]"
197942	"[""H03BB02""]"
1442876	"[""D07AB09""]"
1491009	"[""N01BA05""]"
1491970	"[""D01AE04""]"
1535927	"[""R06AB04""]"
1544175	"[""N02BE01"", ""R05CA03"", ""R05DA09"", ""R06AA09""]"
1550963	"[""M01AE57""]"
1809502	"[""J06BA01""]"
1237062	"[""N02AB03""]"
1485599	"[""R05CA03""]"
198035	"[""C08CA05""]"
1860484	"[""L01CD02""]"
1873765	"[""A06AX07""]"
1876406	"[""D11AH05""]"
1926855	"[""N06BA04""]"
197528	"[""N03AE01""]"
197579	"[""H02AB02""]"
197787	"[""H02AB09""]"
1236060	"[""N02AA08"", ""R06AB01""]"
1244737	"[""R05CA03""]"
1248807	"[""B03XA04""]"
1251571	"[""D01AE12""]"
1251574	"[""D01AE12""]"
1299716	"[""C01CA02"", ""R03AB02"", ""R03CB01""]"
1312260	"[""N02BE01"", ""R05DA09""]"
1312465	"[""G04BA01""]"
1356848	"[""R06AB01""]"
1356906	"[""R06AB01""]"
1360044	"[""C02AC01""]"
1362950	"[""B01AB01""]"
1366815	"[""N02CC01""]"
198159	"[""N05AB04""]"
1490415	"[""R01BA53""]"
1494778	"[""N03AX11""]"
152923	"[""C10AA01""]"
1536862	"[""R05DA09"", ""R06AB04""]"
1537911	"[""D02AA""]"
1597298	"[""N02BE01""]"
1599164	"[""M02AC""]"
1648510	"[""D04AB01""]"
1650974	"[""N05AX13""]"
1246315	"[""R03AK07""]"
1305588	"[""R01BA52""]"
1430449	"[""L01EB03""]"
1439894	"[""C02KX05""]"
1600130	"[""D04AB01""]"
153303	"[""C10AA06""]"
1809583	"[""J06BA01""]"
197391	"[""M03BX01""]"
197441	"[""N03AF01""]"
197453	"[""J01DC10""]"
197529	"[""N03AE01""]"
197658	"[""G03CA03""]"
1242968	"[""A10BJ01""]"
1245951	"[""D01AE12""]"
1250565	"[""G04BD04""]"
1251192	"[""A06AD11""]"
1251589	"[""L03AB05""]"
1291231	"[""D10AB02""]"
1291692	"[""D08AG03""]"
1299018	"[""R01BA02""]"
1307415	"[""A06AX04""]"
1309349	"[""P03AX05""]"
1310487	"[""R01BA02""]"
1356091	"[""G01AD01""]"
1358452	"[""R01BA02"", ""R05CA03""]"
1358637	"[""R01BA02"", ""R05CA03""]"
1359005	"[""J01CA04""]"
1359118	"[""G03AA05""]"
1359630	"[""C01EB10""]"
1362805	"[""A12AX""]"
1364358	"[""L01EA05""]"
1366556	"[""A07EA06""]"
1367211	"[""R01BA53""]"
1370826	"[""D08AJ08""]"
141916	"[""C10AB05""]"
1426600	"[""G03AA05"", ""B03AA02""]"
1427395	"[""H03AA01""]"
198070	"[""M01CC01""]"
151227	"[""N03AX11""]"
1535449	"[""R05DA09""]"
1541226	"[""L04AX03""]"
1544918	"[""A10BJ01""]"
1598050	"[""J01GB06""]"
1601373	"[""A06AH03""]"
1602570	"[""N02BE01""]"
1648180	"[""N06BA04""]"
1652104	"[""C05AD01""]"
1549372	"[""R01AA07""]"
1648584	"[""N02BE01""]"
1248833	"[""B03XA04""]"
1593833	"[""A10BD15""]"
1594334	"[""G03GA05""]"
1596816	"[""R01BA02"", ""R06AB01""]"
1598658	"[""G03AC03""]"
1650439	"[""D01AE12""]"
1292459	"[""J07BK01""]"
1360041	"[""G03BA03""]"
1596413	"[""D03AX05""]"
1651599	"[""D11AC""]"
1251745	"[""N05CA03""]"
1599948	"[""G03BA03""]"
1001433	"[""L01CD04""]"
1007909	"[""N02AX51""]"
1010598	"[""A06AH04"", ""V03AB15""]"
10114	"[""L01AD04""]"
1013857	"[""N02BE01""]"
102313	"[""C07AB02""]"
102846	"[""A10BB04""]"
102848	"[""A10BC01""]"
103	"[""L01BB02""]"
10355	"[""N05CD07""]"
10362	"[""L01CB02""]"
1037041	"[""B01AE07""]"
1037042	"[""B01AE07""]"
1037045	"[""B01AE07""]"
1037046	"[""B01AE07""]"
1037179	"[""B01AE07""]"
1038776	"[""N02BE01""]"
104122	"[""A07EC01""]"
104123	"[""A07EC03""]"
1041527	"[""N02BE01""]"
104220	"[""C03CA01""]"
104222	"[""C03CA02""]"
104223	"[""C03CA02""]"
104230	"[""C03DA01""]"
104231	"[""C03DA01""]"
104233	"[""C03DA01""]"
1043560	"[""A10BH03""]"
1043562	"[""A10BD10""]"
1043563	"[""A10BD10""]"
1043570	"[""A10BD10""]"
1043578	"[""A10BD10""]"
1045452	"[""L01XX41""]"
1045453	"[""L01XX41""]"
1045456	"[""L01XX41""]"
1045457	"[""L01XX41""]"
104693	"[""N05CD07""]"
104706	"[""N05BA01""]"
10485	"[""L01BB03""]"
1049543	"[""N02AA05""]"
1049574	"[""N02AA05""]"
1049593	"[""N02AA05""]"
1049717	"[""N02AA05""]"
1049719	"[""N02AA05""]"
1049720	"[""N02AA05""]"
1049721	"[""N02AA05""]"
1049727	"[""N02AA05""]"
105069	"[""N07BB04""]"
1053648	"[""N02AB03""]"
1053655	"[""N02AB03""]"
105374	"[""A10BB08""]"
105567	"[""L01AB02""]"
105578	"[""L01DB04""]"
105584	"[""L01BC02""]"
105589	"[""L01BA01""]"
10633	"[""A10BB05""]"
10635	"[""A10BB03"", ""V04CA01""]"
10689	"[""N02AX02""]"
10737	"[""N06AX05""]"
10767	"[""N05CD05""]"
108379	"[""N05BA01""]"
108380	"[""N05BA01""]"
108766	"[""J05AP01""]"
1087976	"[""N02BF01""]"
108874	"[""N05AB03""]"
108875	"[""N05AB03""]"
1091620	"[""C08DB01""]"
1091642	"[""C09CA09""]"
1091643	"[""C09CA09""]"
1091646	"[""C09CA09""]"
1091647	"[""C09CA09""]"
1091652	"[""C09CA09""]"
1091836	"[""D05AX06"", ""R03DX07""]"
1091840	"[""R03DX07""]"
1095698	"[""N02BF01""]"
10996	"[""L01AD08""]"
1099882	"[""N05CA01""]"
1100002	"[""N02BE01""]"
1100699	"[""A10BH05""]"
1100702	"[""A10BH05""]"
1100703	"[""A10BH05""]"
1101333	"[""N02BF01""]"
1101338	"[""N02BF01""]"
1101342	"[""N02BE01""]"
1101769	"[""L01CD02""]"
1101770	"[""L01CD02""]"
1102129	"[""J05AP03""]"
1102132	"[""J05AP03""]"
1102261	"[""J05AP02""]"
1102280	"[""J05AP02""]"
1111071	"[""L01CD02""]"
1112198	"[""C03CA01""]"
1113314	"[""N02AA05""]"
1114195	"[""B01AF01""]"
1114198	"[""B01AF01""]"
1114199	"[""B01AF01""]"
1114693	"[""L01AA09""]"
1115547	"[""N01AH01"", ""N02AB03""]"
1115573	"[""N01AH01"", ""N02AB03""]"
1115577	"[""N01AH01"", ""N02AB03""]"
1115966	"[""R05DA04""]"
1119400	"[""L01EG02""]"
11198	"[""L01CA01""]"
11199	"[""L01CA01""]"
11202	"[""L01CA02""]"
11203	"[""L01CA02""]"
11204	"[""L01CA03""]"
11205	"[""L01CA03""]"
11289	"[""B01AA03""]"
114194	"[""B01AA03""]"
114228	"[""N06AB05""]"
114527	"[""L01CA04""]"
1145929	"[""L04AA24""]"
1147790	"[""A07EC01""]"
1148479	"[""N02AX02""]"
1148797	"[""N02AX06""]"
1148800	"[""N02AX06""]"
1148803	"[""N02AX06""]"
1148807	"[""N02AX06""]"
1148809	"[""N02AX06""]"
118463	"[""C09CA08""]"
118886	"[""S01LA01""]"
1189803	"[""A10BH51""]"
121191	"[""L01FA01""]"
1232082	"[""B01AF01""]"
1232086	"[""B01AF01""]"
1232150	"[""L01XX44"", ""S01LA05""]"
1232154	"[""S01LA05""]"
1232155	"[""S01LA05""]"
1232586	"[""N06AX12""]"
1235457	"[""N02BE01""]"
1237050	"[""N02AB03""]"
1237051	"[""N02AB03""]"
1237057	"[""N02AB03""]"
1237060	"[""N02AB03""]"
1237064	"[""N02AB03""]"
1237068	"[""N02AB03""]"
1242963	"[""A10BJ01""]"
1242964	"[""A10BJ01""]"
1243019	"[""A10BD11""]"
1243020	"[""A10BD11""]"
1243027	"[""A10BD11""]"
1243034	"[""A10BD11""]"
1243827	"[""A10BD07""]"
1243842	"[""A10BD07""]"
1243846	"[""A10BD07""]"
1245368	"[""C01AA05""]"
1251	"[""L01BC07""]"
1256	"[""L04AX01""]"
12574	"[""L01BC05""]"
1293937	"[""N02BE01""]"
1294588	"[""N05AH03""]"
1297766	"[""C10AA05""]"
1298334	"[""J05AP01""]"
1298837	"[""C03DB01""]"
1298842	"[""N06AB05""]"
1299922	"[""L01CD02""]"
1303097	"[""R03BB05""]"
1303098	"[""R03BB05""]"
1303102	"[""R03BB05""]"
1303103	"[""R03BB05""]"
1304475	"[""L01XX44""]"
1304480	"[""L01XX44""]"
1304990	"[""L01CA02""]"
1304991	"[""L01CA02""]"
1304995	"[""L01CA02""]"
1304996	"[""L01CA02""]"
1305000	"[""L01CA02""]"
1306074	"[""S01LA04""]"
1308428	"[""L01EG02""]"
1308430	"[""L01EG02""]"
1308432	"[""L01EG02""]"
1310923	"[""N02AF01""]"
1311626	"[""N06AB05""]"
131725	"[""N05CF02""]"
134547	"[""L01AA09""]"
134774	"[""N06AX11""]"
135423	"[""N05AH03""]"
135446	"[""N06DA02""]"
135447	"[""N06DA02""]"
135481	"[""C09CA06""]"
1356315	"[""N02AX06""]"
1356688	"[""L01XX40""]"
1356689	"[""L01XX40""]"
1357536	"[""L04AF01""]"
1357541	"[""L04AF01""]"
1357542	"[""L04AF01""]"
135805	"[""A10AB04""]"
1358492	"[""L04AF01""]"
1358830	"[""N02BE01""]"
1362067	"[""B01AB01""]"
1364321	"[""L01DB02""]"
1364430	"[""B01AF02""]"
1364435	"[""B01AF02""]"
1364436	"[""B01AF02""]"
1364445	"[""B01AF02""]"
1368000	"[""A10BH04""]"
1368001	"[""A10BH04""]"
1368007	"[""A10BH04""]"
1368384	"[""A10BD13""]"
1368402	"[""A10BD09""]"
1368955	"[""A07EC02""]"
1372692	"[""A10BD13""]"
1372706	"[""A10BD11""]"
1372717	"[""A10BD09""]"
1372730	"[""A10BD10""]"
1372734	"[""C09DB04""]"
1372738	"[""A10BD07""]"
1373458	"[""A10BK02""]"
1373463	"[""A10BK02""]"
1373464	"[""A10BK02""]"
1373471	"[""A10BK02""]"
139825	"[""A10AE05""]"
139953	"[""A10BX05""]"
141704	"[""L01EG02"", ""L04AH02""]"
141926	"[""N05BA01""]"
142146	"[""C07AB07""]"
1422085	"[""C10BA05""]"
1422086	"[""C10BA05""]"
1422093	"[""C10BA05""]"
1422096	"[""C10BA05""]"
1422099	"[""C10BA05""]"
142424	"[""C03DB01""]"
142433	"[""L01DB01""]"
142436	"[""N01AH01"", ""N02AB03""]"
142439	"[""R05DA03""]"
1430123	"[""N06AB05""]"
1430892	"[""C10BA04""]"
1430990	"[""N06DA52""]"
1431642	"[""L04AB06""]"
1435475	"[""N06AX23""]"
1435624	"[""C09AA02""]"
1435625	"[""C09AA02""]"
1437556	"[""L01AA05""]"
1437711	"[""L01AA05""]"
1439808	"[""N06AX26""]"
1439810	"[""N06AX26""]"
1439812	"[""N06AX26""]"
1439834	"[""N06AX26""]"
1439840	"[""N06AX26""]"
1440051	"[""A10BJ03""]"
1441402	"[""L04AX03""]"
1441403	"[""L04AX03""]"
1441411	"[""L04AX03""]"
1441416	"[""L04AX03""]"
1441422	"[""L04AX03""]"
1441527	"[""L04AC07""]"
1442523	"[""R05DA03""]"
1442693	"[""L01FA03""]"
1442694	"[""L01FA03""]"
1455099	"[""N06AX26""]"
1482790	"[""J05AP05""]"
1482813	"[""L04AB06""]"
1482820	"[""N02BF01""]"
1483793	"[""C10AA05""]"
1484518	"[""J05AP05""]"
1484911	"[""J05AP08""]"
1484916	"[""J05AP08""]"
1484917	"[""J05AP08""]"
1486192	"[""J05AP01""]"
1486197	"[""J05AP01""]"
1486202	"[""J05AP01""]"
1486436	"[""A10BD15""]"
1486966	"[""A10BK01""]"
1486972	"[""A10BK01""]"
1487366	"[""N06AX23""]"
1487512	"[""R03BB07""]"
1487514	"[""R03BB07""]"
1488564	"[""A10BK01""]"
1488569	"[""A10BK01""]"
1488574	"[""A10BK01""]"
1489987	"[""N02AF01""]"
1492727	"[""L04AA32""]"
1492732	"[""L04AA32""]"
1492733	"[""L04AA32""]"
1492738	"[""L04AA32""]"
1492740	"[""L04AA32""]"
1492742	"[""L04AA32""]"
1492744	"[""L04AA32""]"
1492747	"[""L04AA32""]"
151260	"[""N06AB03""]"
151283	"[""N05CD07""]"
151317	"[""C03DA01""]"
151325	"[""L01AA03""]"
151558	"[""C09CA01""]"
151689	"[""C03CC01""]"
151692	"[""N06AX16""]"
151826	"[""A10BF01""]"
151827	"[""A10BA02""]"
151956	"[""L01BB03""]"
151972	"[""C10AA04""]"
152092	"[""N07BB04""]"
152115	"[""L01XX08""]"
152200	"[""L01XA02""]"
152318	"[""N05AX08""]"
152620	"[""N02BE01""]"
152751	"[""N07BC02""]"
153077	"[""C09CA03""]"
153129	"[""L04AX01""]"
153165	"[""C10AA05""]"
153329	"[""L01CE02""]"
1534763	"[""A10BJ04""]"
1534800	"[""A10BJ04""]"
1534801	"[""A10BJ04""]"
1534820	"[""A10BJ04""]"
153592	"[""A10BB12""]"
1536484	"[""L01BB02""]"
1536485	"[""L01BB02""]"
153668	"[""C09CA04""]"
153718	"[""A07EC04""]"
153791	"[""N05AX08""]"
1538097	"[""L04AG05""]"
1538137	"[""L04AG05""]"
1538138	"[""L04AG05""]"
1543202	"[""A10AF01""]"
1543203	"[""A10AB01""]"
1544378	"[""L04AX03""]"
1544379	"[""L04AX03""]"
1544385	"[""L04AX03""]"
1544387	"[""L04AX03""]"
1544389	"[""L04AX03""]"
1544395	"[""L04AX03""]"
1544397	"[""L04AX03""]"
1544401	"[""L04AX03""]"
1544403	"[""L04AX03""]"
1544488	"[""A10AF01""]"
1545149	"[""A10BD16""]"
1545150	"[""A10BD16""]"
1545151	"[""A10BD16""]"
1545157	"[""A10BD16""]"
1545161	"[""A10BD16""]"
1545164	"[""A10BD16""]"
1545653	"[""A10BK03""]"
1545658	"[""A10BK03""]"
1545659	"[""A10BK03""]"
1545666	"[""A10BK03""]"
1545771	"[""L01AD02""]"
1545976	"[""R05DA04""]"
1545988	"[""L01AA01""]"
1546005	"[""L01BB03""]"
1546022	"[""C09AA03""]"
1546028	"[""L01BB02""]"
1546030	"[""A10BH03""]"
1546031	"[""A10BK02""]"
1546059	"[""R03AC19""]"
1546064	"[""R03AC19""]"
1546082	"[""R03AC19""]"
1546196	"[""C09AA07""]"
1546396	"[""R03AC19""]"
1547099	"[""N05CJ01""]"
1547104	"[""N05CJ01""]"
1547105	"[""N05CJ01""]"
1547112	"[""N05CJ01""]"
1547116	"[""N05CJ01""]"
1547573	"[""N05CJ01""]"
1549682	"[""B01AF01""]"
154985	"[""N02AF02""]"
155036	"[""L01AA05""]"
1551291	"[""A10BJ05""]"
1551295	"[""A10BJ05""]"
1551296	"[""A10BJ05""]"
1551304	"[""A10BJ05""]"
155137	"[""N06AB06""]"
1551467	"[""A08AA62""]"
1551468	"[""A08AA62""]"
1551469	"[""A08AA62""]"
15657	"[""L01BC08""]"
1591942	"[""J05AP51""]"
1591944	"[""J05AP51""]"
1592713	"[""A10BD15""]"
1593058	"[""A10BD15""]"
1593068	"[""A10BD15""]"
1593070	"[""A10BD15""]"
1593072	"[""A10BD15""]"
1593725	"[""C07AA07""]"
1593726	"[""C07AA07""]"
1594357	"[""L04AB04""]"
1594650	"[""N02AE01"", ""N07BC01""]"
1594651	"[""N02AE01"", ""N07BC01""]"
1595730	"[""R05DA03""]"
1595731	"[""R05DA03""]"
1595740	"[""R05DA03""]"
1595746	"[""R05DA03""]"
1595752	"[""R05DA03""]"
1595758	"[""R05DA03""]"
1595764	"[""R05DA03""]"
1595770	"[""R05DA03""]"
1597378	"[""J05AP53""]"
1597379	"[""J05AP53""]"
1597582	"[""L01XK01""]"
1597587	"[""L01XK01""]"
1597588	"[""L01XK01""]"
159821	"[""N02AA05""]"
1598264	"[""A10BJ02""]"
1598392	"[""A10BD19""]"
1599538	"[""B01AF03""]"
1599543	"[""B01AF03""]"
1599544	"[""B01AF03""]"
1599551	"[""B01AF03""]"
1599555	"[""B01AF03""]"
1599564	"[""B01AF03""]"
15996	"[""N06AX11""]"
1599788	"[""L04AC10""]"
1599792	"[""L04AC10""]"
1599793	"[""L04AC10""]"
1600259	"[""J05AP52""]"
1600711	"[""C09AA04""]"
1602109	"[""A10BD19""]"
1602110	"[""A10BD19""]"
1602118	"[""A10BD19""]"
1602557	"[""N05CA01""]"
1602583	"[""N06DA52""]"
1603488	"[""N05CA01""]"
1604539	"[""A10AE04""]"
1604540	"[""A10AE04""]"
1605454	"[""L04AA32""]"
1606217	"[""J05AP07""]"
1606218	"[""J05AP07""]"
1607111	"[""R03BB05""]"
161	"[""N02BE01""]"
1648646	"[""N05AH04""]"
1652064	"[""N06AX21""]"
1652097	"[""N01AH01"", ""N02AB03""]"
1652239	"[""A10AB04""]"
1652644	"[""A10AB04""]"
1652891	"[""R05DA04""]"
1653142	"[""L04AB06""]"
1653165	"[""L04AB06""]"
1653223	"[""L04AB01""]"
1653241	"[""L04AC10""]"
1654077	"[""L04AC05""]"
1654910	"[""A10AF01""]"
1655726	"[""L04AB04""]"
1656339	"[""C09DX04""]"
1656340	"[""C09DX04""]"
1656341	"[""C09DX04""]"
1656349	"[""C09DX04""]"
1656354	"[""C09DX04""]"
1656648	"[""L04AC02""]"
1656703	"[""L04AB04""]"
1657073	"[""L01FG01""]"
1657209	"[""R03DX05""]"
1657867	"[""L01FA01""]"
1657974	"[""L04AC07""]"
1657979	"[""L04AC07""]"
1657981	"[""L04AC07""]"
1658042	"[""L04AG12""]"
1658047	"[""L04AG12""]"
1658314	"[""N05AX16""]"
1658319	"[""N05AX16""]"
1658320	"[""N05AX16""]"
1658327	"[""N05AX16""]"
1658331	"[""N05AX16""]"
1658335	"[""N05AX16""]"
1658339	"[""N05AX16""]"
1658343	"[""N05AX16""]"
1659152	"[""C10AX14""]"
1659156	"[""C10AX14""]"
1659157	"[""C10AX14""]"
1659165	"[""C10AX14""]"
1659177	"[""C10AX14""]"
1659182	"[""C10AX14""]"
1660185	"[""J05AP07""]"
1660194	"[""J05AP07""]"
1661683	"[""N02BE01""]"
1664314	"[""A10BD20""]"
1664315	"[""A10BD20""]"
1664316	"[""A10BD20""]"
1664323	"[""A10BD20""]"
1664326	"[""A10BD20""]"
1664443	"[""N02AA05""]"
1665367	"[""A10BD20""]"
1665684	"[""C10AX13""]"
1665895	"[""C10AX13""]"
1665896	"[""C10AX13""]"
1665904	"[""C10AX13""]"
1666831	"[""N02AB03""]"
1666832	"[""N02AB03""]"
1666923	"[""L01BA04""]"
16681	"[""A10BF01""]"
1669868	"[""L01BC02""]"
1669869	"[""L01BC02""]"
1670007	"[""A10AE06""]"
1670011	"[""A10AE06""]"
1670012	"[""A10AE06""]"
1670021	"[""A10AE06""]"
1716057	"[""N02AE01""]"
1716058	"[""N02AE01""]"
1716065	"[""N02AE01""]"
1716069	"[""N02AE01""]"
1716073	"[""N02AE01""]"
1716077	"[""N02AE01""]"
1716081	"[""N02AE01""]"
1716086	"[""N02AE01""]"
1716278	"[""L01CX01""]"
1718589	"[""L01CX01""]"
1718590	"[""L01CX01""]"
1718925	"[""N05AH03""]"
1718930	"[""N05AH03""]"
1718934	"[""N05AH03""]"
1719767	"[""L01CE02""]"
1719768	"[""L01CE02""]"
1719772	"[""L01CE02""]"
1719773	"[""L01CE02""]"
1719777	"[""L01CE02""]"
1720597	"[""R03DX09""]"
1720601	"[""R03DX09""]"
1720602	"[""R03DX09""]"
1720735	"[""L01AD02""]"
1723187	"[""L01XX44""]"
1723193	"[""L01XX44""]"
1723476	"[""B01AE07""]"
1726098	"[""L01AA09""]"
1726844	"[""L04AB04""]"
1727493	"[""A10AE56""]"
1727500	"[""A10BD21""]"
1728072	"[""L01BA04""]"
1728077	"[""L01BA04""]"
1728791	"[""N02AA01""]"
1728805	"[""N02AA01""]"
1729320	"[""N01AH01"", ""N02AB03""]"
173	"[""A10BB31""]"
1731315	"[""A10AB01""]"
1731522	"[""N02AA01""]"
1731990	"[""N02AA01""]"
1731998	"[""N02AA01""]"
1733681	"[""L01XA04""]"
1734340	"[""L01CB01""]"
1734635	"[""J05AP54""]"
1734636	"[""J05AP54""]"
1734637	"[""J05AP54""]"
1734642	"[""J05AP54""]"
1736859	"[""A10AE04""]"
1738515	"[""N06AB05""]"
1738519	"[""N06AB05""]"
1738523	"[""N06AB05""]"
1738527	"[""N06AB05""]"
1740007	"[""N01AH01"", ""N02AB03""]"
1740009	"[""N01AH01"", ""N02AB03""]"
1741046	"[""L04AF01""]"
1745086	"[""L01AA03""]"
1745099	"[""L04AC13""]"
1745103	"[""L04AC13""]"
1745104	"[""L04AC13""]"
1745112	"[""L04AC13""]"
1746889	"[""R03DX08""]"
1746893	"[""R03DX08""]"
1746894	"[""R03DX08""]"
1747179	"[""L04AX03""]"
1747185	"[""L04AX03""]"
1747192	"[""L04AX03""]"
174742	"[""B01AC04""]"
1747556	"[""L01XX52""]"
1747561	"[""L01XX52""]"
1747562	"[""L01XX52""]"
1747572	"[""L01XX52""]"
1747574	"[""L01XX52""]"
1747575	"[""L01XX52""]"
1790115	"[""L01DB01""]"
1790127	"[""L01DB01""]"
1790128	"[""L01DB01""]"
1790131	"[""L01DB01""]"
1790527	"[""N02AA05""]"
1790528	"[""N02AA05""]"
1790539	"[""L04AB02""]"
1790541	"[""L04AB02""]"
1790542	"[""L04AB02""]"
1790881	"[""N06AX26""]"
1791558	"[""N02AA05""]"
1791567	"[""N02AA05""]"
1791574	"[""N02AA05""]"
1791580	"[""N02AA05""]"
1793882	"[""J05AP07""]"
1796089	"[""A10BD11""]"
1796094	"[""A10BD11""]"
1796419	"[""L01BA05""]"
1796424	"[""L01BA05""]"
1797650	"[""N02AE01"", ""N07BC01""]"
1797651	"[""N02AE01"", ""N07BC01""]"
1798387	"[""A10AF01""]"
1799211	"[""J05AP55""]"
1799213	"[""J05AP55""]"
1799228	"[""L04AA24""]"
1801277	"[""L04AB04""]"
1801319	"[""C10AX13""]"
1803887	"[""A10BJ03""]"
1803892	"[""A10BJ03""]"
1803894	"[""A10BJ03""]"
1803902	"[""A10BJ03""]"
1806380	"[""N02BF01""]"
1806382	"[""N02BF01""]"
1806884	"[""C09AA03""]"
1806885	"[""C09AA03""]"
1808	"[""C03CA02""]"
1810997	"[""A10BD16""]"
1811002	"[""A10BD16""]"
1811006	"[""A10BD16""]"
1811010	"[""A10BD16""]"
1811255	"[""L04AC05""]"
1819	"[""N02AE01"", ""N07BC01""]"
1828	"[""L01AB01""]"
18330	"[""L01XX27""]"
183379	"[""N06DA03""]"
1841	"[""N02AF01""]"
1855523	"[""L04AB04""]"
1855526	"[""L04AB04""]"
1855730	"[""V03AB15""]"
1856273	"[""B01AB01""]"
1858970	"[""N06DA52""]"
1858994	"[""A10AE54""]"
1858995	"[""A10AE54""]"
1858996	"[""A10AE54""]"
1860167	"[""A10AE56""]"
1860168	"[""A10AE56""]"
1860491	"[""R05DA03""]"
1860493	"[""R05DA03""]"
1860495	"[""R05DA03""]"
1860497	"[""R05DA03""]"
1860499	"[""R05DA03""]"
1860501	"[""R05DA03""]"
1862101	"[""A10AF01""]"
1862685	"[""A10BD20""]"
1862691	"[""A10BD20""]"
1862695	"[""A10BD20""]"
1862700	"[""A10BD20""]"
1864423	"[""S01LA04""]"
1870933	"[""V03AB15""]"
1871434	"[""N02AA01""]"
1871435	"[""N02AA01""]"
1871441	"[""N02AA01""]"
1871444	"[""N02AA01""]"
1872271	"[""N02AA03""]"
1872979	"[""L04AB04""]"
1872983	"[""L04AB04""]"
1872985	"[""L04AB04""]"
1873086	"[""L04AB04""]"
18747	"[""A07EC04""]"
1876376	"[""D11AH05""]"
1876401	"[""D11AH05""]"
1876402	"[""D11AH05""]"
187832	"[""N02BF02""]"
18867	"[""C09AA07""]"
18880	"[""A10BX06""]"
190353	"[""L04AC01""]"
191831	"[""L04AB02""]"
1921009	"[""L04AB04""]"
1921016	"[""L04AB04""]"
1921238	"[""L04AB04""]"
1921244	"[""L04AB04""]"
1921467	"[""L04AB04""]"
1921592	"[""L04AX03""]"
1921593	"[""L04AX03""]"
1922720	"[""C07AA07""]"
1922721	"[""C07AA07""]"
1922763	"[""C07AA07""]"
1922764	"[""C07AA07""]"
1922765	"[""C07AA07""]"
1922766	"[""C07AA07""]"
1925254	"[""L04AA24""]"
1925256	"[""L04AA24""]"
1925498	"[""A10BD21""]"
1925499	"[""A10BD21""]"
1926331	"[""A10AB04""]"
1927283	"[""L04AB02""]"
1927285	"[""L04AB02""]"
1927286	"[""L04AB02""]"
1927851	"[""B01AF04""]"
1927955	"[""B01AF04""]"
1939328	"[""J05AP56""]"
1939329	"[""J05AP56""]"
1939330	"[""J05AP56""]"
194000	"[""L01BC06""]"
1940496	"[""A10BD15""]"
1940702	"[""J05AP57""]"
1940703	"[""J05AP57""]"
1940704	"[""J05AP57""]"
1940709	"[""J05AP57""]"
1942482	"[""L01XK01""]"
1942487	"[""L01XK01""]"
1942743	"[""L01XY01""]"
1942744	"[""L01XY01""]"
1943340	"[""C03DA01""]"
1944257	"[""C10AA01""]"
1944264	"[""C10AA01""]"
1944529	"[""N02AA05""]"
1944530	"[""N02AA05""]"
1944538	"[""N02AA05""]"
1944541	"[""N02AA05""]"
1944734	"[""C10AA08""]"
19484	"[""C07AB07""]"
196102	"[""L04AC02""]"
196239	"[""L01BA03""]"
196472	"[""C09AA03""]"
196493	"[""A07EC02""]"
196495	"[""A07EC02""]"
196496	"[""A07EC02""]"
196498	"[""N02BF01""]"
196503	"[""C10AA01""]"
197117	"[""V03AB15""]"
1986350	"[""A10AB05""]"
1988303	"[""C08DB01""]"
1988974	"[""N02BF02""]"
1988977	"[""N02BF02""]"
1988980	"[""N02BF02""]"
1989100	"[""R03DX10""]"
1989104	"[""R03DX10""]"
1989105	"[""R03DX10""]"
1990866	"[""A10BJ01""]"
1991302	"[""A10BJ06""]"
1991306	"[""A10BJ06""]"
1991307	"[""A10BJ06""]"
1991316	"[""A10BJ06""]"
1992054	"[""N06AX11""]"
1992165	"[""A10AB04""]"
1992427	"[""B01AF02""]"
1992672	"[""A10BK04""]"
1992674	"[""A10BK04""]"
1992684	"[""A10BD23""]"
1992685	"[""A10BD23""]"
1992686	"[""A10BD23""]"
1992693	"[""A10BD23""]"
1992698	"[""A10BD23""]"
1992701	"[""A10BD23""]"
199275	"[""N05BA06""]"
1992810	"[""A10BK04""]"
1992811	"[""A10BK04""]"
1992816	"[""A10BK04""]"
1992819	"[""A10BK04""]"
1992821	"[""A10BK04""]"
1992825	"[""A10BD24""]"
1992826	"[""A10BD24""]"
1992827	"[""A10BD24""]"
1992835	"[""A10BD24""]"
199315	"[""L01CB01""]"
199316	"[""L01BC02""]"
199610	"[""C03CA01""]"
1996184	"[""N02AE01""]"
1996185	"[""N02AE01""]"
1996192	"[""N02AE01""]"
199622	"[""C09AA10""]"
199707	"[""C09AA08""]"
199708	"[""C09AA08""]"
199709	"[""C09AA08""]"
1998	"[""C09AA01""]"
199816	"[""C09AA10""]"
199817	"[""C09AA10""]"
199825	"[""A10BB09""]"
199937	"[""C09AA08""]"
199975	"[""N05CD07""]"
2001252	"[""C10AA08""]"
2001255	"[""C10AA08""]"
2001262	"[""C10AA08""]"
2001266	"[""C10AA08""]"
2001319	"[""R03DX07""]"
2002419	"[""A10AE04""]"
20044	"[""B01AB01""]"
2017575	"[""L01XY01""]"
202363	"[""N05BA12""]"
202370	"[""N07BC02""]"
202421	"[""B01AA03""]"
202432	"[""N02BE01""]"
202472	"[""N05BA01""]"
202479	"[""N05BA06""]"
202559	"[""L04AX01""]"
202585	"[""N03AE01""]"
202632	"[""L01BC02""]"
202633	"[""L01BC02""]"
202770	"[""A07EC01""]"
202834	"[""A07EC02""]"
202988	"[""C01AA05""]"
202991	"[""C03CA01""]"
202994	"[""L01AA02""]"
203010	"[""L01AB01""]"
203085	"[""N05CA01""]"
203114	"[""C01BD01""]"
203123	"[""C09AA02""]"
203129	"[""L01DB07""]"
203135	"[""C01BC03""]"
203143	"[""N06AB08""]"
203144	"[""C10AA03""]"
203160	"[""C09CA01""]"
203168	"[""N06AA09""]"
203170	"[""N02AF01""]"
203177	"[""N02AA03""]"
203191	"[""C07AB02""]"
203192	"[""A06AH04"", ""V03AB15""]"
203204	"[""N06AX12""]"
203211	"[""C08DB01""]"
203213	"[""L01DB03""]"
203240	"[""N02AA01""]"
203333	"[""C10AA03""]"
203344	"[""C07AB02""]"
203354	"[""N02AA01""]"
203355	"[""N02AA01""]"
203358	"[""N02AA01""]"
203472	"[""L01CE01""]"
203494	"[""C08DB01""]"
20352	"[""C07AG02""]"
203538	"[""C03CA02""]"
203588	"[""C01BD01""]"
203599	"[""L01DA01""]"
203644	"[""C09AA03""]"
203652	"[""L01CE02""]"
203680	"[""A10BB07""]"
203766	"[""L01DB03""]"
203801	"[""L01XB01""]"
203840	"[""N02AE01""]"
203841	"[""N02AE01"", ""N07BC01""]"
204257	"[""L01XX23""]"
204276	"[""J05AP01""]"
204354	"[""N05CA01""]"
2045501	"[""S01LA04""]"
2046138	"[""L01FG01"", ""S01LA08""]"
2046140	"[""L01FG01""]"
2046141	"[""L01FG01""]"
2046148	"[""L01FG01""]"
2046591	"[""N07BC04""]"
2046592	"[""N07BC04""]"
2047761	"[""C07AB02""]"
2048566	"[""L04AF01""]"
2049251	"[""N06AX11""]"
2049252	"[""N06AX11""]"
2055303	"[""N02AA01""]"
2055667	"[""N05AX08""]"
2055668	"[""N05AX08""]"
2055675	"[""N05AX08""]"
2056895	"[""L04AH02""]"
2056898	"[""L01BA04""]"
2057152	"[""C09CA07""]"
2057153	"[""C09CA07""]"
2058858	"[""L01BC05""]"
2058859	"[""L01BC05""]"
2058866	"[""L01BC05""]"
2058880	"[""L01BC05""]"
2058882	"[""L01BC05""]"
2058890	"[""L01BC05""]"
2058892	"[""L01BC05""]"
2058894	"[""L01BC05""]"
2058912	"[""L01BC05""]"
2058927	"[""L01BC05""]"
2058933	"[""L01BC05""]"
2058943	"[""R03DX05""]"
2058949	"[""R03DX05""]"
2059015	"[""B01AF01""]"
2068	"[""A10BB06""]"
209425	"[""N02BE01""]"
2099300	"[""D11AH05""]"
2100028	"[""A10AF01""]"
2102775	"[""R03BB08""]"
2102779	"[""R03BB08""]"
2102780	"[""R03BB08""]"
2102784	"[""R03BB08""]"
2103476	"[""L04AB02""]"
2103477	"[""L04AB04""]"
2103479	"[""L04AB04""]"
2103480	"[""L04AB01""]"
2105	"[""L01AD01""]"
2105824	"[""L01FA01""]"
2105826	"[""L01FA01""]"
2105827	"[""L01FA01""]"
2105834	"[""L01FA01""]"
2105844	"[""L01XJ03""]"
2105845	"[""L01XJ03""]"
2105850	"[""L01XJ03""]"
2105851	"[""L01XJ03""]"
2105856	"[""L01XJ03""]"
2105858	"[""L01XJ03""]"
2105860	"[""L01XJ03""]"
2106073	"[""L04AC07""]"
2107520	"[""A10AE06""]"
2108907	"[""A07EC02""]"
2109054	"[""L01XX67""]"
2109055	"[""L01XX67""]"
2109059	"[""L01XX67""]"
2109060	"[""L01XX67""]"
2109064	"[""L01XX67""]"
21102	"[""C09AA08""]"
21107	"[""B01AC23""]"
2117292	"[""A10BD25""]"
2122634	"[""L04AA40""]"
2122635	"[""L04AA40""]"
2122636	"[""L04AA40""]"
2122647	"[""L04AA40""]"
2122649	"[""L04AA40""]"
2122654	"[""L04AA40""]"
2122656	"[""L04AA40""]"
2122658	"[""L04AA40""]"
2122660	"[""L04AA40""]"
214354	"[""C09CA06""]"
214468	"[""L01DB02""]"
214525	"[""L01DB01""]"
214555	"[""L04AB01""]"
215008	"[""N02AB03""]"
215257	"[""N02BE01""]"
215458	"[""C09CA06""]"
215928	"[""N06AB04""]"
216221	"[""C07AG02""]"
216586	"[""N05BA01""]"
2166040	"[""L04AC18""]"
2166132	"[""L04AC18""]"
2166136	"[""L04AC18""]"
2166138	"[""L04AC18""]"
2166142	"[""L04AC18""]"
216652	"[""C09CA03""]"
2167557	"[""C10AA07""]"
2167558	"[""C10AA07""]"
2167565	"[""C10AA07""]"
2167569	"[""C10AA07""]"
2167573	"[""C10AA07""]"
216891	"[""L04AB01""]"
2169274	"[""A10BD21""]"
2170990	"[""R03DX09""]"
217115	"[""N02BE01""]"
217357	"[""L01AD01""]"
217364	"[""A10BB01""]"
2173820	"[""R03DX09""]"
217701	"[""L01AA06""]"
2178262	"[""L01AA09""]"
2178390	"[""L01XX66""]"
2178395	"[""L01XX66""]"
2178396	"[""L01XX66""]"
2178397	"[""L01XX66""]"
2178402	"[""L01XX66""]"
2178403	"[""L01XX66""]"
2178404	"[""L01XX66""]"
2178405	"[""L01XX66""]"
2178406	"[""L01XX66""]"
2178407	"[""L01XX66""]"
2178408	"[""L01XX66""]"
2178409	"[""L01XX66""]"
2178755	"[""N02BE01""]"
2179744	"[""A10AB01""]"
2179745	"[""A10AB01""]"
218088	"[""C09AA07""]"
218205	"[""N02BE01""]"
2182338	"[""L04AB01""]"
218337	"[""N07BC02""]"
218353	"[""C09CA07""]"
218986	"[""N02AA05""]"
219038	"[""C01BD01""]"
219335	"[""A10BX02""]"
219598	"[""N02BE01""]"
2196092	"[""L04AF03""]"
219610	"[""L04AB02""]"
219641	"[""N05CD07""]"
2196894	"[""L04AF03""]"
2196895	"[""L04AF03""]"
2196900	"[""L04AF03""]"
219740	"[""N02AA05""]"
219912	"[""L04AC02""]"
2200168	"[""N06AX21""]"
2200169	"[""N06AX21""]"
2200174	"[""N06AX21""]"
2200175	"[""N06AX21""]"
2200177	"[""N06AX21""]"
2200178	"[""N06AX21""]"
2200180	"[""N06AX21""]"
2200181	"[""N06AX21""]"
2200183	"[""N06AX21""]"
2200518	"[""A10BA02""]"
2200520	"[""A10BA02""]"
2200644	"[""A10BJ06""]"
2200645	"[""A10BJ06""]"
2200650	"[""A10BJ06""]"
2200652	"[""A10BJ06""]"
2200654	"[""A10BJ06""]"
2200656	"[""A10BJ06""]"
2200658	"[""A10BJ06""]"
220207	"[""N02BE01""]"
220309	"[""C08DB01""]"
220347	"[""L01CB01""]"
2203891	"[""J05AP08""]"
2203893	"[""J05AP08""]"
2203895	"[""J05AP51""]"
2203897	"[""J05AP51""]"
2203993	"[""J05AP08""]"
2203999	"[""J05AP08""]"
2204090	"[""J05AP08""]"
2204092	"[""J05AP08""]"
2204100	"[""J05AP51""]"
2204102	"[""J05AP51""]"
2204103	"[""J05AP51""]"
2204104	"[""J05AP51""]"
2204915	"[""S01LA06""]"
2204916	"[""S01LA06""]"
2204920	"[""S01LA06""]"
2204921	"[""S01LA06""]"
2204925	"[""S01LA06""]"
2205454	"[""A10AB05""]"
220562	"[""N02BE01""]"
2205632	"[""R03DX10""]"
2205634	"[""R03DX10""]"
220606	"[""N02AX02""]"
2206090	"[""A10AB01""]"
2206092	"[""A10AB01""]"
220725	"[""L01DB09""]"
220776	"[""R05DA03""]"
220961	"[""L01BC06""]"
220991	"[""L01AD04""]"
221072	"[""C10AA06""]"
221078	"[""N06AB04""]"
221085	"[""L01AA01""]"
221087	"[""L01DB02""]"
221107	"[""R05DA03""]"
221109	"[""A10AB03"", ""A10AC03"", ""A10AD03"", ""A10AE03""]"
221153	"[""N05AH04""]"
221173	"[""A10BB03"", ""V04CA01""]"
221183	"[""N05CF02""]"
224909	"[""C07AA07""]"
224911	"[""L01XX24""]"
224913	"[""N02AA03""]"
224921	"[""C09AA02""]"
224952	"[""L01DB06""]"
225064	"[""N02BE01""]"
225807	"[""N06DA03""]"
2264779	"[""N02BE01""]"
2266523	"[""L04AB02""]"
2266525	"[""L04AB02""]"
2266526	"[""L04AB02""]"
2266530	"[""L04AB02""]"
226754	"[""L01FA01""]"
2268037	"[""L01FG01"", ""S01LA08""]"
2268039	"[""L01FG01""]"
2268040	"[""L01FG01""]"
2268044	"[""L01FG01""]"
2268047	"[""L01FG01""]"
2268048	"[""L01FG01""]"
2268064	"[""A10AE04""]"
2268065	"[""A10AE04""]"
226882	"[""N02BE01""]"
227224	"[""N06AB03""]"
2272613	"[""N05BA01""]"
2272614	"[""N05BA01""]"
2272619	"[""N05BA01""]"
2272621	"[""N05BA01""]"
2272622	"[""N05BA01""]"
2272623	"[""N05BA01""]"
2272624	"[""N05BA01""]"
2272626	"[""N05BA01""]"
2272627	"[""N05BA01""]"
2272629	"[""N05BA01""]"
2272630	"[""N05BA01""]"
2272632	"[""N05BA01""]"
2272633	"[""N05BA01""]"
2272635	"[""N05BA01""]"
2272636	"[""N05BA01""]"
227278	"[""C09AA09""]"
2273113	"[""L04AF01""]"
2273115	"[""L04AF01""]"
2273510	"[""L01FA01""]"
2273512	"[""L01FA01""]"
2273513	"[""L01FA01""]"
2273517	"[""L01FA01""]"
2273520	"[""L01FA01""]"
2273521	"[""L01FA01""]"
227423	"[""N05CD05""]"
2274378	"[""L01XX72""]"
2274379	"[""L01XX72""]"
2274384	"[""L01XX72""]"
2274385	"[""L01XX72""]"
2274390	"[""L01XX72""]"
227575	"[""L01CA02""]"
2277368	"[""N02AA03""]"
2277370	"[""N02AA03""]"
2281864	"[""A10BD27""]"
2283229	"[""C10BA10""]"
2283230	"[""C10BA10""]"
2283231	"[""C10BA10""]"
2283236	"[""C10BA10""]"
2288814	"[""J05AP55""]"
2288816	"[""J05AP55""]"
233698	"[""C01BD07""]"
2346	"[""L01AA02""]"
235288	"[""A10BA01""]"
235412	"[""R05DA04""]"
235473	"[""B01AB01""]"
235737	"[""N06AA09""]"
235743	"[""A10BA02""]"
235751	"[""N02AA01""]"
235758	"[""C09AA07""]"
235759	"[""C09AA06""]"
235774	"[""N02AA01""]"
235830	"[""N06AB05""]"
235853	"[""N07BC04""]"
235857	"[""L01AA03""]"
2359279	"[""A10BD27""]"
2359280	"[""A10BD27""]"
2359285	"[""A10BD27""]"
2359288	"[""A10BD27""]"
2359290	"[""A10BD27""]"
2359351	"[""A10BD27""]"
2359353	"[""A10BD27""]"
2359356	"[""A10BD27""]"
2359358	"[""A10BD27""]"
235953	"[""A10BX06""]"
235988	"[""N06AX16""]"
236025	"[""B01AB01""]"
236066	"[""C09AA13""]"
236131	"[""R05DA04""]"
236234	"[""L01BC05""]"
236236	"[""R05DA04""]"
236559	"[""N06DA02""]"
236685	"[""N06DX01""]"
236734	"[""N06AA09""]"
236878	"[""C09CA02""]"
236883	"[""C07AB12""]"
236913	"[""N07BC05""]"
236914	"[""N07BC05""]"
236931	"[""R05DA03""]"
236991	"[""B01AC04""]"
2374360	"[""N02BE01""]"
2374361	"[""N02BE01""]"
2374729	"[""L01XX69""]"
2374733	"[""L01XX69""]"
2374734	"[""L01XX69""]"
2374738	"[""L01XX69""]"
2375327	"[""D11AH05""]"
2375329	"[""D11AH05""]"
2376838	"[""A10AB04"", ""A10AC04"", ""A10AD04""]"
2377130	"[""A10AE04""]"
2377134	"[""A10AE04""]"
2377231	"[""A10AE04""]"
2377333	"[""L04AX03""]"
2377334	"[""L04AX03""]"
2377338	"[""L04AX03""]"
2377341	"[""L04AX03""]"
2377342	"[""L04AX03""]"
2377343	"[""L04AX03""]"
2377344	"[""L04AX03""]"
2377345	"[""L04AX03""]"
2377346	"[""L04AX03""]"
2377347	"[""L04AX03""]"
2377348	"[""L04AX03""]"
2377349	"[""L04AX03""]"
2377350	"[""L04AX03""]"
2377351	"[""L04AX03""]"
2377352	"[""L04AX03""]"
2377353	"[""L04AX03""]"
2377354	"[""L04AX03""]"
2380231	"[""A10AB04""]"
2380232	"[""A10AB04""]"
2380236	"[""A10AB04""]"
2380248	"[""A10AB04""]"
2380250	"[""A10AB04""]"
2380254	"[""A10AB04""]"
2380256	"[""A10AB04""]"
2380259	"[""A10AB04""]"
2380260	"[""A10AB04""]"
2380265	"[""A10AB04""]"
2380266	"[""A10AB04""]"
2380267	"[""A10AB04""]"
2380268	"[""A10AB04""]"
2382989	"[""L01XX66""]"
2382990	"[""L01XX66""]"
2382991	"[""L01XX66""]"
2382992	"[""L01XX66""]"
2382993	"[""L01XX66""]"
2386859	"[""L01AA01""]"
239	"[""L01DB04""]"
2390949	"[""L04AG12""]"
2390950	"[""L04AG12""]"
2390954	"[""L04AG12""]"
2392140	"[""L04AB01""]"
2392142	"[""L04AB01""]"
2395777	"[""A10BJ05""]"
2395779	"[""A10BJ05""]"
2395783	"[""A10BJ05""]"
2395785	"[""A10BJ05""]"
2395808	"[""N02AX02""]"
2395809	"[""N02AX02""]"
2395814	"[""N02AX02""]"
2396764	"[""L01BC07""]"
2396765	"[""L01BC07""]"
2396770	"[""L01BC07""]"
2396772	"[""L01BC07""]"
2396774	"[""L01BC07""]"
2398511	"[""N02BF01""]"
2398512	"[""N02BF01""]"
2398841	"[""A10BJ06""]"
2398842	"[""A10BJ06""]"
2404	"[""A10BB02""]"
245273	"[""C01AA05""]"
245839	"[""L01CA03""]"
24614	"[""L01CB01""]"
2462511	"[""L04AB01""]"
2462514	"[""L04AB01""]"
2462521	"[""L04AB01""]"
2462522	"[""L04AB01""]"
246474	"[""N02AE01""]"
24698	"[""L01BB05""]"
247161	"[""A07EC02""]"
2472325	"[""L01FA01""]"
2472327	"[""L01FA01""]"
2472328	"[""L01FA01""]"
2472332	"[""L01FA01""]"
2472335	"[""L01FA01""]"
2472336	"[""L01FA01""]"
2473230	"[""L01CD01"", ""L01CD03""]"
2474267	"[""N01AH01""]"
2474269	"[""N01AH01""]"
2478433	"[""L04AF01""]"
2478437	"[""L04AF01""]"
2480095	"[""N02BE01""]"
248110	"[""J05AP01""]"
248112	"[""J05AP01""]"
248316	"[""N02BE01""]"
249220	"[""A10AB01""]"
249284	"[""L01BA03""]"
249875	"[""N02BE01""]"
250044	"[""C03CA04""]"
250426	"[""N02AE01""]"
250473	"[""N07BC06""]"
250607	"[""A07EC01""]"
250649	"[""N02BE01""]"
250650	"[""N02BE01""]"
250651	"[""N02BE01""]"
250660	"[""C03CA02""]"
25102	"[""L01BB05""]"
251201	"[""N06AB06""]"
251308	"[""C03CA01""]"
251698	"[""N02BE01""]"
251855	"[""C10AA06""]"
2531133	"[""L04AB04""]"
2531134	"[""L04AB04""]"
2531369	"[""L01AA10""]"
2531370	"[""L01AA10""]"
2531374	"[""L01AA10""]"
253182	"[""A10AB01"", ""A10AC01"", ""A10AD01"", ""A10AE01"", ""A10AF01""]"
253198	"[""A10BG02""]"
2532159	"[""N06AB03""]"
2532163	"[""N06AB03""]"
253337	"[""L01FG01"", ""S01LA08""]"
2535745	"[""C10BA06""]"
2535747	"[""C10BA06""]"
2535748	"[""C10BA06""]"
2535749	"[""C10BA06""]"
2535750	"[""C10BA06""]"
2536055	"[""C10BA06""]"
2536060	"[""C10BA06""]"
2536062	"[""C10BA06""]"
2536064	"[""C10BA06""]"
2536066	"[""C10BA06""]"
2540692	"[""L04AC18""]"
2540695	"[""L04AC18""]"
2540698	"[""L04AC18""]"
2540699	"[""L04AC18""]"
2540703	"[""V03AB15""]"
2540704	"[""V03AB15""]"
2540709	"[""V03AB15""]"
25480	"[""N02BF01""]"
2548732	"[""L01XX66""]"
2548733	"[""L01XX66""]"
2548735	"[""L01XX66""]"
2548736	"[""L01XX66""]"
2548738	"[""L01XX66""]"
2548739	"[""L01XX66""]"
2548741	"[""L01XX66""]"
2548742	"[""L01XX66""]"
2548762	"[""L01XX66""]"
2548763	"[""L01XX66""]"
2548765	"[""L01XX66""]"
2548766	"[""L01XX66""]"
2548767	"[""L01XX66""]"
2548768	"[""L01XX66""]"
2548769	"[""L01XX66""]"
2550712	"[""L04AC10""]"
2550713	"[""L04AC10""]"
2553501	"[""A10BJ06""]"
2553502	"[""A10BJ06""]"
2553506	"[""A10BJ06""]"
2553601	"[""A10BJ06""]"
2553603	"[""A10BJ06""]"
2553802	"[""A10BJ06""]"
2553803	"[""A10BJ06""]"
2553901	"[""A10BJ06""]"
2553903	"[""A10BJ06""]"
2554102	"[""A10BJ06""]"
2554104	"[""A10BJ06""]"
2555	"[""L01XA01""]"
2556	"[""N06AB04""]"
2557906	"[""J05AP57""]"
2557910	"[""J05AP57""]"
2559706	"[""D11AH05""]"
2559707	"[""D11AH05""]"
2563969	"[""A10AE04""]"
2563971	"[""A10AE04""]"
2563973	"[""A10AE04""]"
2563976	"[""A10AE04""]"
2563977	"[""A10AE04""]"
2568661	"[""L01AA01""]"
2568663	"[""L01AA01""]"
2569564	"[""N05BA06""]"
2569566	"[""N05BA06""]"
2569571	"[""N05BA06""]"
2569573	"[""N05BA06""]"
2569575	"[""N05BA06""]"
2569577	"[""N05BA06""]"
2569580	"[""N05BA06""]"
2569977	"[""C10AA05""]"
25789	"[""A10BB12""]"
25793	"[""A10BB08""]"
2583634	"[""D11AH05""]"
2583635	"[""D11AH05""]"
2584196	"[""J05AP55""]"
2584199	"[""J05AP55""]"
2584200	"[""J05AP55""]"
2584201	"[""J05AP55""]"
2584857	"[""S01LA04""]"
2584859	"[""S01LA04""]"
2584863	"[""S01LA04""]"
2586036	"[""C08DB01""]"
2587789	"[""R03DX11""]"
2587790	"[""R03DX11""]"
2587794	"[""R03DX11""]"
2587796	"[""R03DX11""]"
2587800	"[""R03DX11""]"
2587803	"[""R03DX11""]"
2587806	"[""R03DX11""]"
2588062	"[""B01AF01""]"
2588066	"[""B01AF01""]"
2589006	"[""A10AE04""]"
2589008	"[""A10AE04""]"
2589010	"[""A10AE04""]"
2589014	"[""A10AE04""]"
2589612	"[""V03AB15""]"
2589614	"[""V03AB15""]"
2589618	"[""V03AB15""]"
2589872	"[""C03CA04""]"
2589877	"[""C03CA04""]"
2589881	"[""C03CA04""]"
2589883	"[""C03CA04""]"
2589885	"[""C03CA04""]"
2589887	"[""C03CA04""]"
2590051	"[""L04AF03""]"
2590054	"[""L04AF03""]"
2590616	"[""B01AE07""]"
2590619	"[""B01AE07""]"
2590620	"[""B01AE07""]"
2590621	"[""B01AE07""]"
2590623	"[""B01AE07""]"
2590625	"[""B01AE07""]"
2590627	"[""B01AE07""]"
2590629	"[""B01AE07""]"
2590631	"[""B01AE07""]"
2590633	"[""B01AE07""]"
2590635	"[""B01AE07""]"
2590637	"[""B01AE07""]"
2590669	"[""L01BA04""]"
2590672	"[""L01BA04""]"
2590673	"[""L01BA04""]"
2590677	"[""L01BA04""]"
2591519	"[""S01LA09""]"
2591584	"[""S01LA09""]"
2591588	"[""S01LA09""]"
2591590	"[""S01LA09""]"
2591594	"[""S01LA09""]"
2591786	"[""N06AB04""]"
259319	"[""A10BG03""]"
259335	"[""C09AA16""]"
2594600	"[""N05BA06""]"
2594603	"[""N05BA06""]"
259493	"[""C09AA15""]"
2596175	"[""V03AB15""]"
2596444	"[""R03DX09""]"
2596445	"[""R03DX09""]"
2596957	"[""L04AF03""]"
2596960	"[""L04AF03""]"
2597446	"[""N06DA02""]"
2597448	"[""N06DA02""]"
2597453	"[""N06DA02""]"
2597456	"[""N06DA02""]"
2597459	"[""N06DA02""]"
2598	"[""N03AE01""]"
2599041	"[""L01FG01"", ""S01LA08""]"
2599043	"[""L01FG01""]"
2599045	"[""L01FG01""]"
2599049	"[""L01FG01""]"
2599051	"[""L01FG01""]"
2599052	"[""L01FG01""]"
2599362	"[""A10BJ06""]"
2599365	"[""A10BJ06""]"
2599846	"[""N02AE01"", ""N07BC01""]"
2599847	"[""N02AE01"", ""N07BC01""]"
2599851	"[""N02AE01"", ""N07BC01""]"
2601723	"[""A10BX16""]"
2601728	"[""L01BA04""]"
2601734	"[""A10BX16""]"
2601743	"[""A10BX16""]"
2601746	"[""A10BX16""]"
2601755	"[""A10BX16""]"
2601758	"[""A10BX16""]"
2601761	"[""A10BX16""]"
2601764	"[""A10BX16""]"
2601767	"[""A10BX16""]"
2601770	"[""A10BX16""]"
2601773	"[""A10BX16""]"
2601776	"[""A10BX16""]"
2601784	"[""A10BX16""]"
2601785	"[""A10BX16""]"
2602136	"[""L01BA04""]"
2602276	"[""S01LA06""]"
2602279	"[""S01LA06""]"
2602351	"[""S01LA04""]"
2602353	"[""S01LA04""]"
2602355	"[""S01LA04""]"
2602359	"[""S01LA04""]"
2602363	"[""L01BA04""]"
2602365	"[""L01BA04""]"
2602366	"[""L01BA04""]"
2604618	"[""L04AC18""]"
2604622	"[""L04AC18""]"
2604625	"[""L04AC18""]"
2604628	"[""L04AC18""]"
2604776	"[""L01BA04""]"
2605054	"[""L01AD01""]"
2605056	"[""L01AD01""]"
2605341	"[""L01BA04""]"
2605948	"[""N06AX16""]"
2605950	"[""N06AX16""]"
2607741	"[""N06AX16""]"
2608534	"[""D05AX06""]"
2611243	"[""C10BA05""]"
2611248	"[""C10BA05""]"
2611250	"[""C10BA05""]"
2611252	"[""C10BA05""]"
2611254	"[""C10BA05""]"
2612153	"[""L04AB04""]"
2612673	"[""S01LA04""]"
2612675	"[""S01LA04""]"
2612677	"[""S01LA04""]"
2612681	"[""S01LA04""]"
2612684	"[""S01LA04""]"
2612687	"[""S01LA04""]"
2613758	"[""L04AC18""]"
2613759	"[""L04AC18""]"
261438	"[""C09AA04""]"
261442	"[""A10BG03""]"
261504	"[""C01AA05""]"
261551	"[""A10AE04""]"
261663	"[""L01AX03""]"
261696	"[""S01LA01""]"
2619152	"[""A10BJ06""]"
2619154	"[""A10BJ06""]"
2619155	"[""L04AB04""]"
2621022	"[""C03CA01""]"
2621024	"[""C03CA01""]"
2621028	"[""C03CA01""]"
2621571	"[""A10AB04""]"
2621572	"[""A10AB04""]"
2622910	"[""L01AA09""]"
2622914	"[""L01AA09""]"
262418	"[""C09AA05""]"
2626488	"[""N05CA01""]"
2626494	"[""N05CA01""]"
2626641	"[""N05CA01""]"
2626645	"[""N05CA01""]"
2627648	"[""L01FG01"", ""S01LA08""]"
2627650	"[""L01FG01""]"
2627652	"[""L01FG01""]"
2627656	"[""L01FG01""]"
2627658	"[""L01FG01""]"
2627659	"[""L01FG01""]"
2627711	"[""L04AB04""]"
2627713	"[""L04AB04""]"
2627717	"[""L04AB04""]"
2627719	"[""L04AB04""]"
2627722	"[""L04AB04""]"
2627724	"[""L04AB04""]"
2627725	"[""L04AB04""]"
2628920	"[""R03DX11""]"
2628923	"[""R03DX11""]"
2629337	"[""N01AH01""]"
2630760	"[""C10AA05""]"
2631862	"[""C10AA05""]"
2631867	"[""C10AA05""]"
2632847	"[""N02AF01""]"
2632851	"[""N02AF01""]"
2632994	"[""L04AC18""]"
2632997	"[""L04AC18""]"
2634478	"[""L04AB04""]"
2634479	"[""L04AB04""]"
2634743	"[""N02BF01""]"
2634745	"[""N02BF01""]"
2634747	"[""N02BF01""]"
2634749	"[""N02BF01""]"
2634751	"[""N02BF01""]"
2634753	"[""N02BF01""]"
2635081	"[""N01AH01"", ""N02AB03""]"
2636033	"[""N05AX08""]"
2636035	"[""N05AX08""]"
2636039	"[""N05AX08""]"
2636041	"[""N05AX08""]"
2636042	"[""N05AX08""]"
2636043	"[""N05AX08""]"
2636044	"[""N05AX08""]"
2636045	"[""N05AX08""]"
2636046	"[""N05AX08""]"
2636047	"[""N05AX08""]"
2636048	"[""N05AX08""]"
2636049	"[""N05AX08""]"
2636050	"[""N05AX08""]"
2636051	"[""N05AX08""]"
2636052	"[""N05AX08""]"
2637347	"[""L04AC10""]"
2637348	"[""L04AC10""]"
2637353	"[""N05CF02""]"
2637879	"[""V03AB15""]"
2637958	"[""L01BA04""]"
2637960	"[""L01BA04""]"
2637964	"[""L01BA04""]"
2637966	"[""L01BA04""]"
2637967	"[""L01BA04""]"
2637968	"[""L01BA04""]"
2637969	"[""L01BA04""]"
2638675	"[""A10BK06""]"
2638683	"[""A10BK06""]"
2638684	"[""A10BK06""]"
2638689	"[""A10BK06""]"
2638691	"[""A10BK06""]"
2638693	"[""A10BK06""]"
2639021	"[""N02AE01""]"
2639023	"[""N02AE01""]"
2639027	"[""N02AE01""]"
2639029	"[""N02AE01""]"
2639030	"[""N02AE01""]"
2639031	"[""N02AE01""]"
2639032	"[""N02AE01""]"
2639033	"[""N02AE01""]"
2639034	"[""N02AE01""]"
2639036	"[""N02AE01""]"
2639039	"[""N02AE01""]"
2639041	"[""N02AE01""]"
2639042	"[""N02AE01""]"
2639043	"[""N02AE01""]"
2639044	"[""N02AE01""]"
2639351	"[""N02BE01""]"
2639649	"[""L04AB04""]"
2639651	"[""L04AB04""]"
2639653	"[""L04AB04""]"
2639657	"[""L04AB04""]"
2639659	"[""L04AB04""]"
2639662	"[""L04AB04""]"
2639664	"[""L04AB04""]"
2639665	"[""L04AB04""]"
2639666	"[""L04AB04""]"
2639667	"[""L04AB04""]"
2639728	"[""N05AX08""]"
2639732	"[""N05AX08""]"
2639734	"[""N05AX08""]"
2639736	"[""N05AX08""]"
2639738	"[""N05AX08""]"
2640287	"[""L04AB04""]"
2640296	"[""L04AB04""]"
2640300	"[""L04AB04""]"
2640302	"[""L04AB04""]"
2640305	"[""L04AB04""]"
2640387	"[""L04AB04""]"
2640389	"[""L04AB04""]"
2640391	"[""L04AB04""]"
2640395	"[""L04AB04""]"
2640397	"[""L04AB04""]"
2640400	"[""L04AB04""]"
2640402	"[""L04AB04""]"
2640404	"[""L04AB04""]"
2640406	"[""L04AB04""]"
2640410	"[""L04AB04""]"
2640412	"[""L04AB04""]"
2640415	"[""L04AB04""]"
2640417	"[""L04AB04""]"
2640418	"[""L04AB04""]"
2640419	"[""L04AB04""]"
2640422	"[""L04AB04""]"
2640425	"[""L04AB04""]"
2640428	"[""L04AB04""]"
2640430	"[""L04AB04""]"
2640432	"[""L04AB04""]"
2640849	"[""L04AB04""]"
2640851	"[""L04AB04""]"
2640853	"[""L04AB04""]"
2640857	"[""L04AB04""]"
2640859	"[""L04AB04""]"
2640862	"[""L04AB04""]"
2640864	"[""L04AB04""]"
2640865	"[""L04AB04""]"
2640869	"[""L04AB04""]"
2640870	"[""L04AB04""]"
2640883	"[""L04AB04""]"
2640885	"[""L04AB04""]"
2640889	"[""L04AB04""]"
2640891	"[""L04AB04""]"
2640892	"[""L04AB04""]"
2640893	"[""L04AB04""]"
2640894	"[""L04AB04""]"
2640895	"[""L04AB04""]"
2640898	"[""L04AB04""]"
2640900	"[""L04AB04""]"
2640901	"[""L04AB04""]"
2640902	"[""L04AB04""]"
2640903	"[""L04AB04""]"
2641642	"[""L04AB04""]"
2641644	"[""L04AB04""]"
2641646	"[""L04AB04""]"
2641650	"[""L04AB04""]"
2641653	"[""L04AB04""]"
2641654	"[""L04AB04""]"
2641655	"[""L04AB04""]"
2641658	"[""L04AB04""]"
2641660	"[""L04AB04""]"
2641661	"[""L04AB04""]"
2641662	"[""L04AB04""]"
2641663	"[""L04AB04""]"
2641664	"[""L04AB04""]"
2641665	"[""L04AB04""]"
2641666	"[""L04AB04""]"
2641667	"[""L04AB04""]"
2641668	"[""L04AB04""]"
2641669	"[""L04AB04""]"
2641670	"[""L04AB04""]"
2641671	"[""L04AB04""]"
2641672	"[""L04AB04""]"
2641673	"[""L04AB04""]"
2642808	"[""A10AB05""]"
2642809	"[""A10AB05""]"
2643444	"[""A10BH03""]"
2644396	"[""A10BX16""]"
2644399	"[""A10BX16""]"
2644401	"[""A10BX16""]"
2644403	"[""A10BX16""]"
2644405	"[""A10BX16""]"
2644407	"[""A10BX16""]"
2644409	"[""A10BX16""]"
2644411	"[""A10BX16""]"
2644413	"[""A10BX16""]"
2644415	"[""A10BX16""]"
2644417	"[""A10BX16""]"
2644419	"[""A10BX16""]"
2644738	"[""L01AA01""]"
2644751	"[""L01AA01""]"
2644768	"[""A10AF01""]"
2644769	"[""A10AF01""]"
2644824	"[""L01AA01""]"
2645305	"[""S01LA05""]"
2645308	"[""S01LA05""]"
2663901	"[""L04AB04""]"
2663904	"[""L04AB04""]"
2663906	"[""L04AB04""]"
2663907	"[""L04AB04""]"
2663908	"[""L04AB04""]"
2663910	"[""L04AB04""]"
2663912	"[""L04AB04""]"
2663913	"[""L04AB04""]"
2663914	"[""L04AB04""]"
2663915	"[""L04AB04""]"
2663917	"[""R03DX05""]"
2663918	"[""R03DX05""]"
2663920	"[""R03DX05""]"
2663923	"[""R03DX05""]"
2665419	"[""L04AB04""]"
2665422	"[""L04AB04""]"
2665424	"[""L04AB04""]"
2665426	"[""L04AB04""]"
266573	"[""L01CE01""]"
2667332	"[""L04AG05""]"
2667336	"[""L04AG05""]"
2667339	"[""L04AG05""]"
2667342	"[""L04AG05""]"
2667419	"[""L04AC10""]"
2667423	"[""L04AC10""]"
2668041	"[""L04AC21""]"
2668064	"[""L04AB04""]"
2668066	"[""L04AB04""]"
2668071	"[""L04AB04""]"
2668074	"[""L04AB04""]"
2668078	"[""L04AB04""]"
2668080	"[""L04AC21""]"
2668086	"[""L04AC21""]"
2668088	"[""L04AC21""]"
2668093	"[""L04AC21""]"
2668095	"[""L04AB04""]"
2668096	"[""L04AB04""]"
2668099	"[""L04AC21""]"
2668103	"[""L04AC21""]"
2668206	"[""N02BE01""]"
2668483	"[""L04AB04""]"
2668484	"[""L04AB04""]"
2668485	"[""L04AB04""]"
2668486	"[""L04AB04""]"
2668487	"[""L04AB04""]"
2668488	"[""L04AB04""]"
2668489	"[""L04AB04""]"
2668490	"[""L04AB04""]"
2668491	"[""L04AB04""]"
2668492	"[""L04AB04""]"
2668493	"[""L04AB04""]"
2668494	"[""L04AB04""]"
2669702	"[""A10BX16""]"
2669706	"[""A10BX16""]"
2669709	"[""A10BX16""]"
2669712	"[""A10BX16""]"
2669715	"[""A10BX16""]"
2669718	"[""A10BX16""]"
2669721	"[""A10BX16""]"
2670	"[""R05DA04""]"
2670390	"[""N02AX02""]"
2670442	"[""A10BH01""]"
2670447	"[""A10BH01""]"
2670449	"[""A10BH01""]"
2670451	"[""A10BH01""]"
2671054	"[""N02BF02""]"
2671055	"[""N02BF02""]"
2671060	"[""N02BF02""]"
2671098	"[""L04AB04""]"
2671099	"[""L04AB04""]"
2671192	"[""L01AA03""]"
2671196	"[""L01AA03""]"
2671456	"[""L04AX03""]"
2671457	"[""L04AX03""]"
2671462	"[""L04AX03""]"
2671682	"[""D05AX06""]"
2671684	"[""D05AX06""]"
2672	"[""R05DA04""]"
2673091	"[""V03AB15""]"
2673760	"[""R03DX05""]"
2673761	"[""R03DX05""]"
2673762	"[""R03DX05""]"
2673763	"[""R03DX05""]"
267476	"[""L04AX01""]"
2674931	"[""L04AC13""]"
2674932	"[""L04AC13""]"
2674933	"[""L04AC13""]"
2674934	"[""L04AC13""]"
2675321	"[""L01DB01""]"
2675326	"[""L01DB01""]"
2675350	"[""N02AA03""]"
2675742	"[""L04AB02""]"
2675744	"[""L04AB02""]"
2675749	"[""L04AB02""]"
2675753	"[""L04AB02""]"
2675757	"[""L04AB02""]"
2677156	"[""A10BD07""]"
2677162	"[""A10BD07""]"
2677164	"[""A10BD07""]"
2677776	"[""L04AB04""]"
2677780	"[""L04AB04""]"
2677782	"[""L04AB04""]"
2677787	"[""L04AB04""]"
2679071	"[""L01AA01""]"
2679073	"[""L01AA01""]"
2679317	"[""A10BX16""]"
2679319	"[""A10BX16""]"
2679321	"[""A10BX16""]"
2679323	"[""A10BX16""]"
2679325	"[""A10BX16""]"
2679327	"[""A10BX16""]"
2679427	"[""L04AC07""]"
2679431	"[""L04AC07""]"
2679433	"[""L04AC07""]"
2679438	"[""L04AC07""]"
2679440	"[""L04AC07""]"
2679441	"[""L04AC07""]"
2679442	"[""L04AC07""]"
2679443	"[""L04AC07""]"
2679499	"[""R03DX10""]"
2679502	"[""R03DX10""]"
2679504	"[""V03AB15""]"
2679779	"[""L01CD02""]"
2679780	"[""L01CD02""]"
2679784	"[""L01CD02""]"
2679786	"[""L01CD02""]"
2679787	"[""L01CD02""]"
2679788	"[""L01CD02""]"
2679793	"[""C09DX04""]"
2679797	"[""C09DX04""]"
2679800	"[""C09DX04""]"
2679802	"[""C09DX04""]"
2680283	"[""L04AC07""]"
2680287	"[""L04AC07""]"
2680289	"[""L04AC07""]"
2680294	"[""L04AC07""]"
2680296	"[""L04AC07""]"
2680297	"[""L04AC07""]"
2680298	"[""L04AC07""]"
2680299	"[""L04AC07""]"
2680735	"[""V03AB15""]"
2680741	"[""V03AB15""]"
2680743	"[""L04AB04""]"
2680746	"[""L04AB04""]"
2680748	"[""L04AB04""]"
2680750	"[""L04AB04""]"
2680756	"[""L04AB04""]"
2680757	"[""L04AB04""]"
2680759	"[""L04AB04""]"
2680760	"[""L04AB04""]"
2681015	"[""L04AF03""]"
2681019	"[""L04AF03""]"
2682429	"[""L04AA32""]"
2682430	"[""L04AA32""]"
2682431	"[""L04AA32""]"
2682432	"[""L04AA32""]"
2682555	"[""C03CA04""]"
2682556	"[""C03CA04""]"
2682561	"[""C03CA04""]"
2682564	"[""N05BA01""]"
2682565	"[""N05BA01""]"
2682570	"[""N05BA01""]"
2682571	"[""N05BA01""]"
2682573	"[""N05BA01""]"
2682575	"[""N05BA01""]"
2682577	"[""N05BA01""]"
2682578	"[""N05BA01""]"
2682580	"[""N05BA01""]"
2682581	"[""N05BA01""]"
2682583	"[""N05BA01""]"
2683305	"[""C03CA01""]"
2683306	"[""C03CA01""]"
2683419	"[""N02BE01""]"
2685197	"[""L01EG02""]"
2685202	"[""L01EG02""]"
2685204	"[""L01EG02""]"
2685206	"[""L01EG02""]"
2685208	"[""L01EG02""]"
2685612	"[""A06AH04"", ""V03AB15""]"
2686045	"[""L04AC07""]"
2686050	"[""L04AC07""]"
2686053	"[""L04AC07""]"
2686057	"[""L04AC07""]"
2687710	"[""D05AX06""]"
2687712	"[""D05AX06""]"
2688819	"[""L04AB04""]"
2688823	"[""L04AB04""]"
2688826	"[""L04AB04""]"
2688827	"[""L04AB04""]"
2688828	"[""L04AB04""]"
2688829	"[""L04AB04""]"
2689112	"[""C10AA08""]"
2689113	"[""C10AA08""]"
2689119	"[""C10AA08""]"
2689121	"[""C10AA08""]"
2689123	"[""C10AA08""]"
2689125	"[""C10AA08""]"
2689127	"[""C10AA08""]"
2692684	"[""S01LA09""]"
2692688	"[""S01LA09""]"
2692878	"[""N02AX02""]"
2693194	"[""N02AA05""]"
2693196	"[""N02AA05""]"
2693564	"[""S01LA05""]"
2693567	"[""S01LA05""]"
2696256	"[""S01LA05""]"
2696260	"[""S01LA05""]"
2696262	"[""S01LA05""]"
2696267	"[""S01LA05""]"
2696270	"[""S01LA05""]"
2696274	"[""S01LA05""]"
2696282	"[""A10BD07""]"
2696284	"[""A10BD07""]"
2696287	"[""A10BD07""]"
2697040	"[""L01CD02""]"
2697044	"[""L01CD02""]"
2699121	"[""L04AC21""]"
2699122	"[""L04AC21""]"
2699123	"[""L04AC21""]"
2699124	"[""L04AC21""]"
2699315	"[""L04AB04""]"
2699319	"[""L04AB04""]"
2699334	"[""L01BA04""]"
2699335	"[""L01BA04""]"
2699339	"[""L01BA04""]"
2699341	"[""L01BA04""]"
2699612	"[""N06AX05""]"
2699618	"[""N06AX05""]"
2700389	"[""L04AC05""]"
2700393	"[""L04AC05""]"
2700395	"[""L04AC05""]"
2700400	"[""L04AC05""]"
2700404	"[""L04AC05""]"
2700409	"[""L04AC05""]"
2700411	"[""L04AC05""]"
2700412	"[""L04AC05""]"
2700660	"[""L01FG01"", ""S01LA08""]"
2700665	"[""L04AC05""]"
2700669	"[""L04AC05""]"
2700671	"[""L04AC05""]"
2700676	"[""L04AC05""]"
2700679	"[""L04AC05""]"
2700682	"[""L04AC05""]"
2700685	"[""L04AC05""]"
2700689	"[""L04AC05""]"
2700691	"[""L04AC05""]"
2700692	"[""L04AC05""]"
2700735	"[""L01FG01""]"
2700737	"[""L01FG01""]"
2700742	"[""L01FG01""]"
2700744	"[""L01FG01""]"
2700745	"[""L01FG01""]"
2702602	"[""L04AC05""]"
2702606	"[""L04AC05""]"
2702608	"[""L04AC05""]"
2702613	"[""L04AC05""]"
2702615	"[""L04AC05""]"
2702616	"[""L04AC05""]"
2702619	"[""L04AC05""]"
2702624	"[""L04AC05""]"
2703027	"[""L01AA01""]"
2703028	"[""L01AA01""]"
2703032	"[""L01AA01""]"
2703570	"[""L01AB02""]"
2703571	"[""L01AB02""]"
2703575	"[""L01AB02""]"
2703577	"[""L01AB02""]"
2703579	"[""L01AB02""]"
2703582	"[""A10BA02""]"
2704012	"[""C03AA03""]"
2704013	"[""C03AA03""]"
2704018	"[""C03AA03""]"
2704891	"[""V03AB15""]"
2704892	"[""V03AB15""]"
2704898	"[""V03AB15""]"
2705377	"[""L04AC05""]"
2705382	"[""L04AC05""]"
2705384	"[""L04AC05""]"
2705389	"[""L04AC05""]"
2705393	"[""L04AC05""]"
2705398	"[""L04AC05""]"
2705400	"[""L04AC05""]"
2705401	"[""L04AC05""]"
2705421	"[""L04AC07""]"
2705425	"[""L04AC07""]"
2705427	"[""L04AC07""]"
2705432	"[""L04AC07""]"
2705435	"[""L04AC07""]"
2705439	"[""L04AC07""]"
2705443	"[""L04AC07""]"
2705448	"[""L04AC07""]"
2705450	"[""L04AC07""]"
2705451	"[""L04AC07""]"
2705452	"[""L04AC07""]"
2705453	"[""L04AC07""]"
2705553	"[""L04AC05""]"
2705557	"[""L04AC05""]"
2705559	"[""L04AC05""]"
2705564	"[""L04AC05""]"
2705568	"[""L04AC05""]"
2705573	"[""L04AC05""]"
2705575	"[""L04AC05""]"
2705576	"[""L04AC05""]"
2705577	"[""L04AC05""]"
2705581	"[""L04AC05""]"
2705583	"[""L04AC05""]"
2705588	"[""L04AC05""]"
2705592	"[""L04AC05""]"
2705597	"[""L04AC05""]"
2705599	"[""L04AC05""]"
2705600	"[""L04AC05""]"
2705601	"[""L04AC05""]"
2705603	"[""L04AC05""]"
2705729	"[""A10AB05"", ""A10AD05""]"
2705733	"[""A10AB05""]"
2705734	"[""A10AB05""]"
2705739	"[""A10AB05""]"
2705741	"[""A10AB05""]"
2705745	"[""A10AB05""]"
2705808	"[""N02BE01""]"
2706360	"[""N02AA03""]"
2706479	"[""S01LA05""]"
2706533	"[""S01LA05""]"
2706535	"[""S01LA05""]"
2706541	"[""S01LA05""]"
2706644	"[""L04AB04""]"
2706645	"[""L04AB04""]"
2707547	"[""A10BJ06""]"
2707549	"[""A10BJ06""]"
2707551	"[""A10BJ06""]"
2707553	"[""A10BJ06""]"
2707555	"[""A10BJ06""]"
2707557	"[""A10BJ06""]"
2708335	"[""L01XX66""]"
2708337	"[""L01XX66""]"
2708338	"[""L01XX66""]"
2708339	"[""L01XX66""]"
2708998	"[""L01AA03""]"
2708999	"[""L01AA03""]"
2709003	"[""L01AA03""]"
2709039	"[""C09CA01""]"
2709040	"[""C09CA01""]"
2709046	"[""C09CA01""]"
2709225	"[""C08DB01""]"
2709470	"[""A10BD07""]"
2709477	"[""A10BD07""]"
2709482	"[""A10BD07""]"
2709488	"[""A10BD07""]"
2709491	"[""A10BD07""]"
2709603	"[""A10BH01""]"
2709608	"[""A10BH01""]"
2709612	"[""A10BH01""]"
27100	"[""L01XX40""]"
2712044	"[""L01FG01"", ""S01LA08""]"
2712048	"[""L01FG01""]"
2712050	"[""L01FG01""]"
2712055	"[""L01FG01""]"
2712057	"[""L01FG01""]"
2712058	"[""L01FG01""]"
2712147	"[""C07AB02""]"
2712152	"[""C07AB02""]"
2712344	"[""C03CA02""]"
274332	"[""A10BX03""]"
274342	"[""L01CB01""]"
274771	"[""L01BB07""]"
274783	"[""A10AE04""]"
282443	"[""L01BA04""]"
284676	"[""L01AB01""]"
284700	"[""A07EC04""]"
284810	"[""A10AB05""]"
284871	"[""C07AA07""]"
284900	"[""L04AX03""]"
285133	"[""L01BC02""]"
287734	"[""L01BA01"", ""L04AX03""]"
28863	"[""N07BC04""]"
29046	"[""C09AA03""]"
298869	"[""C03DA04""]"
30009	"[""A10BF02""]"
3002	"[""L01AA01""]"
30131	"[""C09AA13""]"
301542	"[""C10AA07""]"
30236	"[""N02AA01""]"
302379	"[""R03DX05""]"
3041	"[""L01BC01""]"
307666	"[""N02BE01""]"
3098	"[""L01AX04""]"
3100	"[""L01DA01""]"
310351	"[""L01BC09""]"
3109	"[""L01DB02""]"
311057	"[""A10AB03""]"
31435	"[""L01DB09""]"
314659	"[""B01AB01"", ""C05BA03"", ""S01XA14""]"
314667	"[""R05DA03""]"
31555	"[""C07AB12""]"
320864	"[""C10AA07""]"
321064	"[""C09CA08""]"
321988	"[""N06AB10""]"
323828	"[""C10AA07""]"
32385	"[""A07EC03""]"
323879	"[""L01BA04""]"
32592	"[""L01XA03""]"
327361	"[""L04AB04""]"
327503	"[""C09CA08""]"
32937	"[""N06AB05""]"
32968	"[""B01AC04""]"
3304	"[""N07BC06""]"
33212	"[""N05AB03""]"
3322	"[""N05BA01""]"
33738	"[""A10BG03""]"
337521	"[""L01FG01""]"
33764	"[""L01DB08""]"
3407	"[""C01AA05""]"
34132	"[""L01XX24""]"
342280	"[""C03DA04""]"
3423	"[""N02AA03""]"
343027	"[""L01AD01""]"
3443	"[""C05AE03"", ""C08DB01""]"
348978	"[""N02BE01""]"
349113	"[""N02BE01""]"
35208	"[""C09AA06""]"
352387	"[""C10BA01""]"
352734	"[""L04AC03""]"
352741	"[""N06AB10""]"
35296	"[""C09AA05""]"
353108	"[""N06AB10""]"
353484	"[""L04AB04""]"
35636	"[""N05AX08""]"
356767	"[""R03DX05""]"
356773	"[""A10BX05""]"
356774	"[""A10BX05""]"
358355	"[""N02AA03""]"
359731	"[""C10AA02""]"
359732	"[""C10AA02""]"
3639	"[""L01DB01""]"
36437	"[""N06AB06""]"
36567	"[""C10AA01""]"
36908	"[""C09AA11""]"
37776	"[""L01AX03""]"
379804	"[""A10BB07""]"
3827	"[""C09AA02""]"
38413	"[""C03CA04""]"
38454	"[""C09AA10""]"
38508	"[""L01AB02""]"
387007	"[""N03AE01""]"
387008	"[""N03AE01""]"
388081	"[""N02BE01""]"
38865	"[""L01AA07""]"
389139	"[""A10BX03""]"
389182	"[""C09AA16""]"
389183	"[""C09AA16""]"
389184	"[""C09AA16""]"
389185	"[""C09CA02""]"
389202	"[""N06AB04""]"
392124	"[""C04AD03""]"
392262	"[""N05CA01""]"
392293	"[""N02BE01""]"
39541	"[""L01CA04""]"
39786	"[""N06AX16""]"
3995	"[""L01DB03""]"
39990	"[""C09AA15""]"
39993	"[""N05CF02""]"
400008	"[""A10AB06""]"
40048	"[""L01XA02""]"
400560	"[""A10AE05""]"
401971	"[""C09CA08""]"
402012	"[""N05AX08""]"
404872	"[""L04AX01""]"
405155	"[""B01AA03""]"
405206	"[""N06DX01""]"
405304	"[""A10BA02""]"
405349	"[""C08DB01""]"
410584	"[""N06AB06""]"
4109	"[""C03CC01""]"
41127	"[""C10AA04""]"
411434	"[""C09AA10""]"
4179	"[""L01CB01""]"
421071	"[""N02BE01""]"
422626	"[""N02BE01""]"
422657	"[""N05BA01""]"
422658	"[""N05BA01""]"
42347	"[""N06AX12""]"
42355	"[""N06AB08""]"
42463	"[""C10AA03""]"
42512	"[""L01DB01""]"
42568	"[""N06AX12""]"
425723	"[""N02BE01""]"
42686	"[""C01BC04""]"
428825	"[""C09AA15""]"
428826	"[""C09AA15""]"
42940	"[""N06AA09""]"
429926	"[""L01AA07""]"
430102	"[""A10BB01""]"
430103	"[""A10BB01""]"
430837	"[""N02BE01""]"
4337	"[""N01AH01"", ""N02AB03""]"
433844	"[""C03BA11""]"
433856	"[""A10BB09""]"
436212	"[""N06AB05""]"
437160	"[""N02BE01""]"
44151	"[""L01BB06""]"
44157	"[""L01BB04"", ""L04AA40""]"
4441	"[""C01BC04""]"
4488	"[""L01BC09""]"
4492	"[""L01BC02""]"
4493	"[""N06AB03""]"
4582	"[""L01BC03""]"
4603	"[""C03CA01""]"
461016	"[""N05CF04""]"
4637	"[""N06DA04""]"
466523	"[""L01DB01""]"
475968	"[""A10BJ02""]"
476250	"[""N06AX21""]"
477397	"[""N02AA01""]"
477468	"[""N02AA01""]"
4815	"[""A10BB01""]"
4816	"[""A10BB09""]"
4821	"[""A10BB07""]"
482574	"[""N06AX21""]"
484211	"[""C10BA02""]"
485210	"[""A10AB06""]"
486610	"[""L01CD01""]"
491095	"[""C08DB01""]"
49131	"[""A07EC03""]"
493622	"[""L01BB06""]"
495215	"[""C10BA02""]"
498509	"[""S01LA03""]"
50166	"[""C09AA09""]"
51272	"[""N05AH04""]"
51428	"[""A10AB05"", ""A10AD05""]"
51499	"[""L01CE02""]"
52175	"[""C09CA01""]"
5224	"[""B01AB01"", ""C05BA03"", ""S01XA14""]"
52582	"[""A07EC02""]"
53557	"[""L01CA04""]"
539482	"[""J05AP01""]"
540404	"[""N05CF04""]"
540618	"[""C08DB01""]"
541657	"[""N06AB05""]"
541841	"[""C10AA02""]"
544940	"[""L01BC01""]"
545038	"[""C03CA01""]"
545203	"[""L01BC07""]"
54552	"[""C09AA04""]"
5487	"[""C03AA03""]"
5489	"[""R05DA03""]"
5650	"[""L01DB06""]"
5657	"[""L01AA06""]"
56946	"[""L01CD01"", ""L01CD03""]"
57308	"[""L01CE01""]"
5764	"[""C03BA11""]"
579570	"[""L04AA06""]"
582041	"[""C10BA01""]"
582671	"[""L04AB01""]"
583099	"[""N06DA04""]"
58827	"[""N06AB03""]"
589511	"[""L01CD01""]"
593411	"[""A10BH01""]"
593441	"[""N02BF02""]"
594119	"[""S01LA03""]"
595060	"[""S01LA04""]"
596	"[""N05BA12""]"
596205	"[""N05CH02""]"
596554	"[""A10BH02""]"
596723	"[""C10AA06""]"
597355	"[""R05DA03""]"
602396	"[""N02BF01""]"
602399	"[""N02BF01""]"
602407	"[""N02BF01""]"
602411	"[""A10BD05""]"
60245	"[""C09AA16""]"
602544	"[""A10BD04""]"
602549	"[""A10BD04""]"
602550	"[""A10BD04""]"
603159	"[""N05CH02""]"
604751	"[""A10BJ01""]"
60548	"[""A10BJ01""]"
606253	"[""A10BD04""]"
607583	"[""A10AB06""]"
607999	"[""A10BD05""]"
612865	"[""L04AC07""]"
613324	"[""L01BB07""]"
61381	"[""N05AH03""]"
614348	"[""A10BD03""]"
614391	"[""L04AA24""]"
616011	"[""L04AA24""]"
621590	"[""A10BH01""]"
62349	"[""C03CC01""]"
629300	"[""C08DB01""]"
636242	"[""L01BC08""]"
636556	"[""N07BB04""]"
638596	"[""A10BH01""]"
639536	"[""C09CA06""]"
643193	"[""S01LA04""]"
644	"[""C03DB01""]"
644298	"[""S01LA04""]"
645109	"[""A10BA02""]"
645289	"[""N06AB04""]"
645290	"[""N06AB04""]"
645291	"[""N06AB04""]"
6466	"[""L01AD02""]"
6470	"[""N05BA06""]"
6472	"[""C10AA02""]"
647208	"[""A10BD06""]"
647235	"[""A10BD06""]"
657797	"[""L01EG01""]"
662019	"[""L01BA05""]"
6674	"[""L01AA05""]"
668310	"[""C07AG02""]"
668619	"[""N02AB03""]"
66925	"[""L01XB01""]"
670009	"[""N07BC02""]"
6718	"[""L01AA03""]"
6719	"[""N06DX01""]"
677229	"[""C01BD07""]"
6809	"[""A10BA02""]"
6813	"[""N07BC02""]"
683693	"[""N06AX23""]"
68446	"[""L01BA04""]"
6851	"[""L01BA01"", ""L04AX03""]"
686430	"[""A07EC02""]"
6916	"[""C03BA08""]"
6918	"[""C07AB02""]"
69749	"[""C09CA03""]"
7004	"[""L01XX23""]"
7005	"[""L01DB07""]"
7008	"[""C07AA07""]"
701408	"[""J05AP01""]"
701411	"[""J05AP01""]"
701413	"[""J05AP01""]"
703	"[""C01BD01""]"
704	"[""N06AA09""]"
7052	"[""N02AA01""]"
706895	"[""A10BD04""]"
706896	"[""A10BD04""]"
707319	"[""N02BE01""]"
709271	"[""L04AB05""]"
711372	"[""N06AX23""]"
712566	"[""L01FA02"", ""L04AG12""]"
7145	"[""L04AA06""]"
72210	"[""C09AA06""]"
722127	"[""C09DB01""]"
72260	"[""C09AA04""]"
7238	"[""N02AF02""]"
723805	"[""L01EG01""]"
7242	"[""A06AH04"", ""V03AB15""]"
7243	"[""N07BB04""]"
72435	"[""L04AC03""]"
72610	"[""A10BG01""]"
72625	"[""N06AX21""]"
727757	"[""L04AB01""]"
72875	"[""C10AA04""]"
729455	"[""C09DB01""]"
729605	"[""C10BA01""]"
72962	"[""L01CD02""]"
729704	"[""N06AB03""]"
729717	"[""A10BD07""]"
73044	"[""A10BX02""]"
734064	"[""N06AX23""]"
73494	"[""C09CA07""]"
736680	"[""C01BD07""]"
741098	"[""L01AA09""]"
74667	"[""N05CF03""]"
747195	"[""L01CE01""]"
751613	"[""C07AB12""]"
754738	"[""J05AP01""]"
756322	"[""N05CA01""]"
756323	"[""N05CA01""]"
757597	"[""J05AP01""]"
757599	"[""J05AP01""]"
757710	"[""A10BH02""]"
757712	"[""A10BH02""]"
7804	"[""N02AA05""]"
7814	"[""N02AA11""]"
787390	"[""N02AX06""]"
795081	"[""L04AB05""]"
795082	"[""L04AB05""]"
798923	"[""N02BE01""]"
8004	"[""N05CA01""]"
8011	"[""L01XX08""]"
8013	"[""C04AD03""]"
802646	"[""A10BD14""]"
803408	"[""N06AX23""]"
803409	"[""N06AX23""]"
8076	"[""N05AB03""]"
80773	"[""L01DB01""]"
809158	"[""L04AB01""]"
8129	"[""A10BA01""]"
819300	"[""L04AB06""]"
81992	"[""L01DB02""]"
81994	"[""N07BC06""]"
81999	"[""C05AE03"", ""C08DB01""]"
82063	"[""N02AA05""]"
82064	"[""N02AA11""]"
82079	"[""C01BC03""]"
82110	"[""N02AX02""]"
82118	"[""B01AA03""]"
82124	"[""L01DB06""]"
825130	"[""A07EC02""]"
825131	"[""A07EC02""]"
825169	"[""L04AB04""]"
825409	"[""N02AX06""]"
825411	"[""N02AX06""]"
825413	"[""N02AX06""]"
826103	"[""N06AB03""]"
82728	"[""N06AB06""]"
828692	"[""N05CF02""]"
828693	"[""N05CF02""]"
829877	"[""L01XX27""]"
831012	"[""C08DB01""]"
832067	"[""C01BD01""]"
83366	"[""C10AA05""]"
83367	"[""C10AA05""]"
833707	"[""C08DB01""]"
8347	"[""L01AX02""]"
83515	"[""C09CA02""]"
835486	"[""N06AX12""]"
83553	"[""N05AH04""]"
835945	"[""L01AX03""]"
836408	"[""N02AX02""]"
836466	"[""N02AX02""]"
836485	"[""N02AX02""]"
836642	"[""N05CF02""]"
83818	"[""C09CA04""]"
84108	"[""A10BG02""]"
845507	"[""L01EG02""]"
845509	"[""L01EG02""]"
845515	"[""L01EG02""]"
847083	"[""L04AC05""]"
847230	"[""A10AE04""]"
847239	"[""A10AE05""]"
847259	"[""A10AB06""]"
847910	"[""A10BJ01""]"
847915	"[""A10BJ01""]"
848160	"[""L04AB06""]"
848161	"[""L04AB06""]"
849329	"[""N02AX02""]"
849331	"[""N02AX02""]"
849561	"[""N02AX02""]"
849597	"[""L04AB05""]"
849860	"[""C08DB01""]"
849903	"[""N02AX02""]"
853350	"[""L04AC05""]"
853351	"[""L04AC05""]"
853355	"[""L04AC05""]"
854137	"[""N02AX06""]"
854856	"[""C01BD07""]"
854885	"[""N05CF02""]"
854886	"[""N05CF02""]"
855350	"[""B01AA03""]"
856381	"[""N06AX05""]"
856382	"[""N06AX05""]"
856383	"[""N06AX05""]"
856862	"[""N06AA09""]"
856865	"[""N06AA09""]"
856867	"[""N06AA09""]"
856868	"[""N06AA09""]"
857190	"[""N02AF01""]"
857492	"[""N02AX06""]"
857974	"[""A10BH03""]"
858036	"[""A10BH03""]"
858037	"[""A10BH03""]"
858042	"[""A10BH03""]"
858087	"[""N02AB03""]"
858092	"[""N02AB03""]"
858095	"[""N02AB03""]"
858098	"[""N02AB03""]"
858101	"[""N02AB03""]"
858821	"[""C09AA02""]"
86009	"[""A10AB04"", ""A10AC04"", ""A10AD04""]"
860693	"[""N06DA04""]"
861021	"[""A10BA02""]"
861042	"[""A10BX05""]"
861044	"[""A10BX05""]"
861612	"[""C10AA08""]"
861634	"[""C10AA08""]"
861640	"[""C10AA08""]"
861760	"[""A10BD03""]"
861763	"[""A10BD03""]"
861769	"[""A10BD07""]"
861795	"[""A10BD03""]"
861806	"[""A10BD03""]"
861819	"[""A10BD07""]"
8637	"[""L01AA08""]"
864984	"[""N07BC02""]"
865154	"[""C07AB07""]"
865155	"[""C07AB07""]"
865157	"[""C07AB07""]"
865159	"[""C07AB07""]"
865180	"[""L01BA05""]"
865575	"[""C07AB02""]"
8702	"[""L01XB01""]"
8754	"[""C01BC03""]"
876301	"[""L04AG12""]"
881404	"[""A10BB01""]"
885604	"[""N05AH03""]"
885779	"[""N02AA01""]"
886676	"[""C01BC04""]"
892579	"[""N02AA01""]"
892669	"[""N02AA01""]"
895016	"[""N02AA01""]"
895022	"[""N02AA01""]"
895185	"[""N02AA01""]"
895199	"[""N02AA01""]"
895201	"[""N02AA01""]"
895202	"[""N02AA01""]"
895206	"[""N02AA01""]"
895208	"[""N02AA01""]"
895213	"[""N02AA01""]"
895215	"[""N02AA01""]"
895217	"[""N02AA01""]"
895219	"[""N02AA01""]"
895221	"[""N02AA01""]"
895227	"[""N02AA01""]"
895238	"[""N02AA01""]"
895240	"[""N02AA01""]"
895248	"[""N02AA01""]"
895761	"[""L04AC07""]"
897122	"[""A10BJ02""]"
897123	"[""A10BJ02""]"
898004	"[""N02AA03""]"
898138	"[""N02AA03""]"
898611	"[""N02AA03""]"
898614	"[""N02AA03""]"
898618	"[""N02AA03""]"
898697	"[""N06AX05""]"
898704	"[""N06AX05""]"
901212	"[""C09DB04""]"
902714	"[""N06AB03""]"
902718	"[""N06AB03""]"
904622	"[""C07AA07""]"
904632	"[""C07AA07""]"
904634	"[""C07AA07""]"
904664	"[""C10AA03""]"
904668	"[""C10AA03""]"
904871	"[""N02AE01""]"
905166	"[""A07EC03""]"
91104	"[""R05DA04""]"
92881	"[""A10AB01""]"
9344	"[""J05AP01""]"
93560	"[""A10AB01""]"
9524	"[""A07EC01""]"
968804	"[""L01BC01""]"
974779	"[""L01FA03""]"
977427	"[""L04AH02""]"
977428	"[""L01EG02""]"
977438	"[""L04AH02""]"
977874	"[""N02AA11""]"
977887	"[""C03DB01""]"
977894	"[""N02AA11""]"
977902	"[""N02AA11""]"
977909	"[""N02AA11""]"
977915	"[""N02AA11""]"
977923	"[""N02AA11""]"
977929	"[""N02AA11""]"
977939	"[""N02AA11""]"
977942	"[""N02AA11""]"
9877	"[""B01AB01"", ""C05BA03"", ""S01XA14""]"
993548	"[""N06AX12""]"
993550	"[""N06AX12""]"
993567	"[""N06AX12""]"
993681	"[""N06AX12""]"
9947	"[""C07AA07""]"
994808	"[""N06DA03""]"
996051	"[""L01CD04""]"
996055	"[""L01CD04""]"
996156	"[""L01DB06""]"
996158	"[""L01DB06""]"
996160	"[""L01DB06""]"
996624	"[""N06DX01""]"
997169	"[""R05DA04""]"
997216	"[""N06DA02""]"
997301	"[""R05DA04""]"
998189	"[""L01EG02""]"
6448	"[""N05AN01""]"
203321	"[""N05AN01""]"
42351	"[""N05AN01""]"
199324	"[""N05AN01""]"
199762	"[""N05AN01""]"
248306	"[""N05AN01""]"
2597670	"[""R03AK07""]"
2107617	"[""N04BA01""]"
6375	"[""N04BA01""]"
2695775	"[""N04BA01""]"
2107616	"[""N04BA01""]"
1599847	"[""N04BA02""]"
2690265	"[""N04BA02""]"
1599245	"[""N04BA02""]"
1600773	"[""N04BA02""]"
1600914	"[""N04BA02""]"
1600916	"[""N04BA02""]"
2690281	"[""N04BA02""]"
2690260	"[""N04BA02""]"
1600775	"[""N04BA02""]"
2690279	"[""N04BA02""]"
2586027	"[""N04BA02""]"
36572	"[""N04BA02""]"
212156	"[""N04BA02""]"
2690259	"[""N04BA02""]"
2586032	"[""N04BA02""]"
2690284	"[""N04BA02""]"
2690290	"[""N04BA02""]"
103990	"[""N04BA02""]"
2690286	"[""N04BA02""]"
2690292	"[""N04BA02""]"
215459	"[""N04BA02""]"
211986	"[""N04BA02""]"
1599846	"[""N04BA02""]"
541803	"[""N04BA02""]"
541293	"[""N04BA02""]"
404786	"[""N04BA03""]"
1372713	"[""N04BA03""]"
262112	"[""N04BX02""]"
60307	"[""N04BX02""]"
2362173	"[""N04BX04""]"
2362167	"[""N04BX04""]"
2362178	"[""N04BX04""]"
2362182	"[""N04BX04""]"
2362180	"[""N04BX04""]"
2362172	"[""N04BX04""]"
153657	"[""N04BX01""]"
72937	"[""N04BX01""]"
1944371	"[""N04BB01""]"
2044715	"[""N04BB01""]"
2257015	"[""N04BB01""]"
2257014	"[""N04BB01""]"
620	"[""N04BB01""]"
282415	"[""N04BB01""]"
621	"[""N04BB01""]"
2044730	"[""N04BB01""]"
1944380	"[""N04BB01""]"
1944370	"[""N04BB01""]"
2044724	"[""N04BB01""]"
2044714	"[""N04BB01""]"
2705791	"[""N04BC07""]"
544581	"[""N04BC07""]"
2371044	"[""N04BC07""]"
2371068	"[""N04BC07""]"
2371067	"[""N04BC07""]"
1043	"[""G04BE07"", ""N04BC07""]"
71225	"[""G04BE07"", ""N04BC07""]"
2371066	"[""N04BC07""]"
2371054	"[""N04BC07""]"
2705796	"[""N04BC07""]"
2371062	"[""N04BC07""]"
2371050	"[""N04BC07""]"
2371058	"[""N04BC07""]"
2371056	"[""N04BC07""]"
2705789	"[""N04BC07""]"
2371064	"[""N04BC07""]"
2371052	"[""N04BC07""]"
2371043	"[""N04BC07""]"
389141	"[""G04BE07""]"
199929	"[""N04BC07""]"
855856	"[""N04BC07""]"
2371060	"[""N04BC07""]"
389140	"[""G04BE07""]"
1791692	"[""N05AX17""]"
1791685	"[""N05AX17""]"
1791686	"[""N05AX17""]"
2049275	"[""N05AX17""]"
2049269	"[""N05AX17""]"
282386	"[""L01EA01""]"
2699832	"[""L01EA01""]"
282388	"[""L01EA01""]"
284924	"[""L01EA01""]"
2699837	"[""L01EA01""]"
483431	"[""L01EA01""]"
2699831	"[""L01EA01""]"
411240	"[""L01EA01""]"
643170	"[""L01EA02""]"
2691832	"[""L01EA02""]"
475342	"[""L01EA02""]"
1546019	"[""L01EA02""]"
2691837	"[""L01EA02""]"
2691839	"[""L01EA02""]"
2691841	"[""L01EA02""]"
2691845	"[""L01EA02""]"
2691847	"[""L01EA02""]"
2691843	"[""L01EA02""]"
1045406	"[""L01EA02""]"
799047	"[""L01EA02""]"
643107	"[""L01EA02""]"
1045402	"[""L01EA02""]"
735866	"[""L01EA03""]"
2698565	"[""L01EA03""]"
662281	"[""L01EA03""]"
2698561	"[""L01EA03""]"
2715454	"[""L01EA03""]"
1804015	"[""L01EA03""]"
2701416	"[""L01EA03""]"
2698570	"[""L01EA03""]"
2698574	"[""L01EA03""]"
2002717	"[""L01EA03""]"
2715473	"[""L01EA03""]"
2698572	"[""L01EA03""]"
2715459	"[""L01EA03""]"
997653	"[""L01EA03""]"
2715469	"[""L01EA03""]"
2698564	"[""L01EA03""]"
1307625	"[""L01EA04""]"
1307619	"[""L01EA04""]"
1314319	"[""L01EA04""]"
2672326	"[""L01EA04""]"
2672328	"[""L01EA04""]"
2669663	"[""L01EA04""]"
1307624	"[""L01EA04""]"
1307633	"[""L01EA04""]"
2669665	"[""L01EA04""]"
1987732	"[""L01EA04""]"
1364353	"[""L01EA05""]"
1364347	"[""L01EA05""]"
1364953	"[""L01EA05""]"
2473042	"[""L01EA05""]"
1364360	"[""L01EA05""]"
1726637	"[""L01EA05""]"
2473040	"[""L01EA05""]"
1364352	"[""L01EA05""]"
2584321	"[""L01EA06""]"
2584304	"[""L01EA06""]"
2584303	"[""L01EA06""]"
2584330	"[""L01EA06""]"
2680280	"[""L01EA06""]"
2584326	"[""L01EA06""]"
2584328	"[""L01EA06""]"
2680278	"[""L01EA06""]"
2584320	"[""L01EA06""]"
356733	"[""L01XG01""]"
2693992	"[""L01XG01""]"
358258	"[""L01XG01""]"
2693996	"[""L01XG01""]"
2608952	"[""L01XG01""]"
2601542	"[""L01XG01""]"
2601544	"[""L01XG01""]"
2608948	"[""L01XG01""]"
1302971	"[""L01XG02""]"
1302966	"[""L01XG02""]"
1806934	"[""L01XG02""]"
1806940	"[""L01XG02""]"
2046642	"[""L01XG02""]"
1723758	"[""L01XG03""]"
1723735	"[""L01XG03""]"
1723734	"[""L01XG03""]"
1723765	"[""L01XG03""]"
1723757	"[""L01XG03""]"
1723770	"[""L01XG03""]"
1721952	"[""L01FC01""]"
1721947	"[""L01FC01""]"
2375130	"[""L01FC01""]"
1726439	"[""L01FC01""]"
1721951	"[""L01FC01""]"
2282024	"[""L01FC02""]"
2282018	"[""L01FC02""]"
2282019	"[""L01FC02""]"
2282028	"[""L01FC02""]"
2282032	"[""L01FC02""]"
2282031	"[""L01FC02""]"
2282023	"[""L01FC02""]"
337535	"[""L04AX04""]"
342369	"[""L04AX04""]"
1428947	"[""L04AX04""]"
1242231	"[""L04AX04""]"
1369719	"[""L04AX06""]"
1369713	"[""L04AX06""]"
1369734	"[""L04AX06""]"
1369726	"[""L04AX06""]"
1369718	"[""L04AX06""]"
1369730	"[""L04AX06""]"
323502	"[""C02KX01""]"
75207	"[""C02KX01""]"
1468845	"[""C02KX01""]"
1989081	"[""C02KX01""]"
722117	"[""C02KX02""]"
358274	"[""C02KX02""]"
1442138	"[""C02KX04""]"
1442132	"[""C02KX04""]"
1442137	"[""C02KX04""]"
2677766	"[""C02KX54""]"
2631887	"[""C02KX54""]"
2677771	"[""C02KX54""]"
2677775	"[""C02KX54""]"
2677773	"[""C02KX54""]"
2677765	"[""C02KX54""]"
1439889	"[""C02KX05""]"
1439816	"[""C02KX05""]"
1439821	"[""C02KX05""]"
1439823	"[""C02KX05""]"
1439831	"[""C02KX05""]"
1439833	"[""C02KX05""]"
1439837	"[""C02KX05""]"
2714660	"[""B01AC21""]"
857796	"[""B01AC21""]"
323640	"[""B01AC21""]"
1485753	"[""B01AC21""]"
2602768	"[""B01AC21""]"
2641912	"[""B01AC21""]"
2630671	"[""B01AC21""]"
2630669	"[""B01AC21""]"
2630667	"[""B01AC21""]"
2602770	"[""B01AC21""]"
2602772	"[""B01AC21""]"
2641914	"[""B01AC21""]"
2602774	"[""B01AC21""]"
2641907	"[""B01AC21""]"
2630666	"[""B01AC21""]"
2641913	"[""B01AC21""]"
2602771	"[""B01AC21""]"
2602769	"[""B01AC21""]"
2602767	"[""B01AC21""]"
2630670	"[""B01AC21""]"
2630668	"[""B01AC21""]"
2602773	"[""B01AC21""]"
2641911	"[""B01AC21""]"
2641906	"[""B01AC21""]"
343048	"[""B01AC21""]"
1927409	"[""B01AC21""]"
342691	"[""B01AC21""]"
2697739	"[""B01AC21""]"
2667758	"[""B01AC21""]"
2602762	"[""B01AC21""]"
2602758	"[""B01AC21""]"
2714668	"[""B01AC21""]"
2714664	"[""B01AC21""]"
2602754	"[""B01AC21""]"
2714676	"[""B01AC21""]"
2602766	"[""B01AC21""]"
2714672	"[""B01AC21""]"
1488670	"[""B01AC21""]"
2602760	"[""B01AC21""]"
1488674	"[""B01AC21""]"
2602756	"[""B01AC21""]"
2602751	"[""B01AC21""]"
2714666	"[""B01AC21""]"
2697737	"[""B01AC21""]"
1488678	"[""B01AC21""]"
1858831	"[""B01AC21""]"
2667756	"[""B01AC21""]"
2714674	"[""B01AC21""]"
2714670	"[""B01AC21""]"
2714659	"[""B01AC21""]"
857795	"[""B01AC21""]"
1488665	"[""B01AC21""]"
2602764	"[""B01AC21""]"
591568	"[""B01AC11""]"
2680305	"[""B01AC11""]"
40138	"[""B01AC11""]"
2680309	"[""B01AC11""]"
226758	"[""B01AC11""]"
2680303	"[""B01AC11""]"
861964	"[""B01AC11""]"
114221	"[""B01AC09""]"
1009213	"[""B01AC09""]"
8814	"[""B01AC09""]"
104463	"[""B01AC09""]"
1729008	"[""B01AC27""]"
1729075	"[""B01AC27""]"
1729002	"[""B01AC27""]"
2565275	"[""B01AC27""]"
1729045	"[""B01AC27""]"
1729031	"[""B01AC27""]"
1729055	"[""B01AC27""]"
1729059	"[""B01AC27""]"
1729007	"[""B01AC27""]"
1729063	"[""B01AC27""]"
1729027	"[""B01AC27""]"
1729051	"[""B01AC27""]"
2565271	"[""B01AC27""]"
2267567	"[""N07XX02""]"
2675560	"[""N07XX02""]"
196501	"[""N07XX02""]"
2059261	"[""N07XX02""]"
35623	"[""N07XX02""]"
2675565	"[""N07XX02""]"
2267572	"[""N07XX02""]"
2058147	"[""N07XX02""]"
2265862	"[""N07XX02""]"
1921882	"[""N07XX14""]"
1921877	"[""N07XX14""]"
2602122	"[""N07XX14""]"
1924317	"[""N07XX14""]"
2681044	"[""N07XX14""]"
1924316	"[""N07XX14""]"
2602117	"[""N07XX14""]"
261547	"[""N03AX14""]"
1731015	"[""N03AX14""]"
1736038	"[""N03AX14""]"
1605363	"[""N03AX14""]"
114477	"[""N03AX14""]"
1736037	"[""N03AX14""]"
2585478	"[""N03AX14""]"
1736051	"[""N03AX14""]"
1736048	"[""N03AX14""]"
1736045	"[""N03AX14""]"
1605372	"[""N03AX14""]"
2001501	"[""N03AX09""]"
196502	"[""N03AX09""]"
900890	"[""N03AX09""]"
900983	"[""N03AX09""]"
900865	"[""N03AX09""]"
28439	"[""N03AX09""]"
2724466	"[""N03AX09""]"
391875	"[""N03AX09""]"
2724462	"[""N03AX09""]"
40254	"[""N03AG01""]"
11118	"[""N03AG01""]"
1099853	"[""N03AG01""]"
1099703	"[""N03AG01""]"
1099766	"[""N03AG01""]"
1099670	"[""N03AG01""]"
1099691	"[""N03AG01""]"
1099656	"[""N03AG01""]"
1099772	"[""N03AG01""]"
1592280	"[""L04AX05""]"
2606491	"[""L04AX05""]"
1592254	"[""L04AX05""]"
2606490	"[""L04AX05""]"
1868018	"[""L04AX05""]"
1592279	"[""L04AX05""]"
1868014	"[""L04AX05""]"
1592743	"[""L01EX09""]"
1592737	"[""L01EX09""]"
1592736	"[""L01EX09""]"
1592750	"[""L01EX09""]"
1592742	"[""L01EX09""]"
203159	"[""R03AC12""]"
36117	"[""R03AC12""]"
72616	"[""R03AC12""]"
866048	"[""R03AC12""]"
723732	"[""R03AC13""]"
25255	"[""R03AC13"", ""R03CC15""]"
236216	"[""R03AC13"", ""R03CC15""]"
998038	"[""R03AC13"", ""R03CC15""]"
1246319	"[""R03AC13""]"
1114326	"[""R03AC18""]"
1114325	"[""R03AC18""]"
1114329	"[""R03AC18""]"
1918195	"[""R03AK06""]"
301543	"[""R03AK06""]"
2110506	"[""R03AK06""]"
284635	"[""R03AK06""]"
2395834	"[""R03AK06""]"
2395828	"[""R03AK06""]"
2395831	"[""R03AK06""]"
896244	"[""R03AK06""]"
896186	"[""R03AK06""]"
896267	"[""R03AK06""]"
2395832	"[""R03AK06""]"
2395826	"[""R03AK06""]"
896236	"[""R03AK06""]"
896161	"[""R03AK06""]"
2395829	"[""R03AK06""]"
896218	"[""R03AK06""]"
896239	"[""R03AK06""]"
896231	"[""R03AK06""]"
2597666	"[""R03AK07""]"
327148	"[""R03AK07""]"
389132	"[""R03AK07""]"
2597673	"[""R03AK07""]"
1246314	"[""R03AK07""]"
1246316	"[""R03AK07""]"
1246288	"[""R03AK07""]"
1246304	"[""R03AK07""]"
1372704	"[""R03AK09""]"
1002293	"[""R03AK09""]"
1660933	"[""R03AK09""]"
1246308	"[""R03AK09""]"
1660937	"[""R03AK09""]"
2196590	"[""R03AK09""]"
1246311	"[""R03AK09""]"
1424888	"[""R03AK10""]"
1424899	"[""R03AK10""]"
1648787	"[""R03AK10""]"
2637473	"[""R03AK10""]"
1648786	"[""R03AK10""]"
1424889	"[""R03AK10""]"
1648788	"[""R03AK10""]"
1539892	"[""R03AK10""]"
1648783	"[""R03AK10""]"
1539887	"[""R03AK10""]"
1424895	"[""R03AK10""]"
2637476	"[""R03AK10""]"
1487527	"[""R03AL03""]"
1487518	"[""R03AL03""]"
1487520	"[""R03AL03""]"
1487519	"[""R03AL03""]"
1720948	"[""R03AL04""]"
1720949	"[""R03AL04""]"
2166927	"[""R03AL06""]"
1658460	"[""R03AL06""]"
1651266	"[""R03AL06""]"
1651274	"[""R03AL06""]"
1651267	"[""R03AL06""]"
1651272	"[""R03AL06""]"
1651273	"[""R03AL06""]"
1790640	"[""R03AL07""]"
1790639	"[""R03AL07""]"
1790638	"[""R03AL07""]"
2395769	"[""R03AL08""]"
1945039	"[""R03AL08""]"
1945047	"[""R03AL08""]"
2395771	"[""R03AL08""]"
1945040	"[""R03AL08""]"
1945045	"[""R03AL08""]"
1945046	"[""R03AL08""]"
2395772	"[""R03AL08""]"
2395775	"[""R03AL08""]"
2395774	"[""R03AL08""]"
2395773	"[""R03AL08""]"
1945038	"[""R03AL08""]"
2387321	"[""R03AL11""]"
2387326	"[""R03AL11""]"
2387328	"[""R03AL11""]"
2387325	"[""R03AL11""]"
2387329	"[""R03AL11""]"
2387330	"[""R03AL11""]"
2387322	"[""R03AL11""]"
2387331	"[""R03AL11""]"
226084	"[""R03BA01""]"
1347	"[""A07EA07"", ""D07AC15"", ""R01AD01"", ""R03BA01""]"
1348	"[""A07EA07"", ""D07AC15"", ""R01AD01"", ""R03BA01""]"
253156	"[""A07EA07"", ""D07AC15"", ""R01AD01"", ""R03BA01""]"
1546384	"[""A07EA07"", ""D07AC15"", ""R01AD01"", ""R03BA01""]"
1998771	"[""R03BA01""]"
1490773	"[""R03BA01""]"
1998773	"[""R03BA01""]"
196487	"[""R03BA02""]"
19831	"[""A07EA06"", ""D07AC09"", ""R01AD05"", ""R03BA02""]"
1367172	"[""A07EA06"", ""D07AC09"", ""R01AD05"", ""R03BA02""]"
966527	"[""R03BA02""]"
247047	"[""R03BA02""]"
966522	"[""R03BA02""]"
1245271	"[""R03BA03""]"
25120	"[""R01AD04"", ""R03BA03""]"
1546428	"[""R01AD04"", ""R03BA03""]"
1298840	"[""R01AD04"", ""R03BA03""]"
1245276	"[""R03BA03""]"
1514	"[""A07EA04"", ""C05AA05"", ""D07AC01"", ""D07XC01"", ""H02AB01"", ""R01AD06"", ""R03BA04"", ""S01BA06"", ""S01CB04"", ""S02BA07"", ""S03BA03""]"
227897	"[""A07EA04"", ""C05AA05"", ""D07AC01"", ""D07XC01"", ""H02AB01"", ""R01AD06"", ""R03BA04"", ""S01BA06"", ""S01CB04"", ""S02BA07"", ""S03BA03""]"
19254	"[""A07EA04"", ""C05AA05"", ""D07AC01"", ""D07XC01"", ""H02AB01"", ""R01AD06"", ""R03BA04"", ""S01BA06"", ""S01CB04"", ""S02BA07"", ""S03BA03""]"
1516	"[""A07EA04"", ""C05AA05"", ""D07AC01"", ""D07XC01"", ""H02AB01"", ""R01AD06"", ""R03BA04"", ""S01BA06"", ""S01CB04"", ""S02BA07"", ""S03BA03""]"
1517	"[""A07EA04"", ""C05AA05"", ""D07AC01"", ""D07XC01"", ""H02AB01"", ""R01AD06"", ""R03BA04"", ""S01BA06"", ""S01CB04"", ""S02BA07"", ""S03BA03""]"
203220	"[""A07EA04"", ""C05AA05"", ""D07AC01"", ""D07XC01"", ""H02AB01"", ""R01AD06"", ""R03BA04"", ""S01BA06"", ""S01CB04"", ""S02BA07"", ""S03BA03""]"
215664	"[""A07EA04"", ""C05AA05"", ""D07AC01"", ""D07XC01"", ""H02AB01"", ""R01AD06"", ""R03BA04"", ""S01BA06"", ""S01CB04"", ""S02BA07"", ""S03BA03""]"
1941532	"[""R03BA05""]"
217152	"[""R03BA05""]"
1547650	"[""R03BA09""]"
41126	"[""D07AC17"", ""R01AD08"", ""R01AD12"", ""R03BA05"", ""R03BA09""]"
705022	"[""R01AD12"", ""R03BA09""]"
50121	"[""D07AC17"", ""R01AD08"", ""R03BA05""]"
2395840	"[""R03BA05""]"
2395838	"[""R03BA05""]"
2395836	"[""R03BA05""]"
2395835	"[""R03BA05""]"
2045377	"[""R03BA09""]"
1547663	"[""R03BA09""]"
2395839	"[""R03BA05""]"
1547658	"[""R03BA09""]"
1547671	"[""R03BA09""]"
896025	"[""R03BA05""]"
895994	"[""R03BA05""]"
896021	"[""R03BA05""]"
896018	"[""R03BA05""]"
2395837	"[""R03BA05""]"
1547666	"[""R03BA09""]"
10759	"[""A01AC01"", ""C05AA12"", ""D07AB09"", ""D07XB02"", ""H02AB08"", ""R01AD11"", ""R03BA06"", ""S01BA05""]"
38546	"[""A01AC01"", ""C05AA12"", ""D07AB09"", ""D07XB02"", ""H02AB08"", ""R01AD11"", ""R03BA06"", ""S01BA05""]"
2389302	"[""A01AC01"", ""C05AA12"", ""D07AB09"", ""D07XB02"", ""H02AB08"", ""R01AD11"", ""R03BA06"", ""S01BA05""]"
10761	"[""A01AC01"", ""C05AA12"", ""D07AB09"", ""D07XB02"", ""H02AB08"", ""R01AD11"", ""R03BA06"", ""S01BA05""]"
10762	"[""A01AC01"", ""C05AA12"", ""D07AB09"", ""D07XB02"", ""H02AB08"", ""R01AD11"", ""R03BA06"", ""S01BA05""]"
616812	"[""R03BA07""]"
108118	"[""D07AC13"", ""D07XC03"", ""R01AD09"", ""R03BA07""]"
30145	"[""D07AC13"", ""D07XC03"", ""R01AD09"", ""R03BA07""]"
153374	"[""D07AC13"", ""D07XC03"", ""R01AD09"", ""R03BA07""]"
746803	"[""R03BA07""]"
1536142	"[""R03BA07""]"
1995983	"[""R01AD09""]"
790283	"[""R03BA07""]"
746814	"[""R03BA07""]"
1148519	"[""R01AD09""]"
746810	"[""R03BA07""]"
1536147	"[""R03BA07""]"
2196790	"[""R03BA07""]"
746812	"[""R03BA07""]"
356739	"[""R03BA08""]"
2377378	"[""R03BA08""]"
274964	"[""R01AD13"", ""R03BA08""]"
69120	"[""R03BB04""]"
393575	"[""R03BB04""]"
203441	"[""R01AC01""]"
217266	"[""A07EB01""]"
42612	"[""A07EB01"", ""D11AH03"", ""R01AC01"", ""R03BC01"", ""S01GX01""]"
3538	"[""A07EB01"", ""D11AH03"", ""R01AC01"", ""R03BC01"", ""S01GX01""]"
831263	"[""A07EB01""]"
262233	"[""S01GX04""]"
31563	"[""R01AC07"", ""R03BC03"", ""S01GX04""]"
266663	"[""R01AC07"", ""R03BC03"", ""S01GX04""]"
18751	"[""R03CC12""]"
235862	"[""R03CC12""]"
104535	"[""R03CC12""]"
104536	"[""R03CC12""]"
20976	"[""R03DA02""]"
203388	"[""R03DA04""]"
203394	"[""R03DA04""]"
10438	"[""R03DA04""]"
155075	"[""R03DA04""]"
91178	"[""R03DA04""]"
199809	"[""R03DA04""]"
252482	"[""R03DA04""]"
108870	"[""R03DA04""]"
689	"[""R03DA05""]"
1298965	"[""R03DA05""]"
388049	"[""R03DA05""]"
245318	"[""R03DA05""]"
135092	"[""R03DC01""]"
114970	"[""R03DC01""]"
153889	"[""R03DC03""]"
88249	"[""R03DC03""]"
115713	"[""R03DC03""]"
392072	"[""R03DC03""]"
391880	"[""R03DC03""]"
24274	"[""R03DX02""]"
402567	"[""R03DX02""]"
4335	"[""R03BX01"", ""R03DX03""]"
236281	"[""R03BX01"", ""R03DX03""]"
2726003	"[""R03DX05""]"
2725997	"[""R03DX05""]"
2726011	"[""R03DX05""]"
2726008	"[""R03DX05""]"
2726010	"[""R03DX05""]"
2726001	"[""R03DX05""]"
72257	"[""L03AB08""]"
72258	"[""L03AB08""]"
75917	"[""L03AB07""]"
82828	"[""L03AB08""]"
84375	"[""L03AX13""]"
117055	"[""L04AG06""]"
135779	"[""L03AX13""]"
153326	"[""L03AB07""]"
214582	"[""L03AX13""]"
228271	"[""L03AB07""]"
284679	"[""L04AG06""]"
354770	"[""L04AG03""]"
492635	"[""L04AG03""]"
727813	"[""L03AB07""]"
758028	"[""L03AB07""]"
758030	"[""L03AB07""]"
795748	"[""L03AB07""]"
860241	"[""L03AB08""]"
897018	"[""N07XX07""]"
897022	"[""N07XX07""]"
1012891	"[""L04AE01""]"
1012892	"[""L04AE01""]"
1012895	"[""L04AE01""]"
1012896	"[""L04AE01""]"
1310520	"[""L04AK02""]"
1310526	"[""L04AK02""]"
1373478	"[""L04AX07""]"
1373483	"[""L04AX07""]"
1373484	"[""L04AX07""]"
1373491	"[""L04AX07""]"
1373497	"[""L04AX07""]"
1546168	"[""L03AB13""]"
1546172	"[""L03AB13""]"
1546173	"[""L03AB13""]"
1546181	"[""L03AB13""]"
1546187	"[""L03AB13""]"
1546197	"[""L03AB13""]"
1594658	"[""L04AG06""]"
1594659	"[""L04AG06""]"
1649591	"[""L03AB13""]"
1649600	"[""L03AB13""]"
1649601	"[""L03AB13""]"
1649602	"[""L03AB13""]"
1649994	"[""L03AB07""]"
1650003	"[""L03AB07""]"
1650011	"[""L03AB07""]"
1650012	"[""L03AB07""]"
1650268	"[""L03AB07""]"
1650899	"[""L03AB07""]"
1654626	"[""L03AX13""]"
1876366	"[""L04AG08""]"
1876380	"[""L04AG08""]"
1876381	"[""L04AG08""]"
2045491	"[""L04AE01""]"
2121085	"[""L04AE03""]"
2121090	"[""L04AE03""]"
2121091	"[""L04AE03""]"
2121096	"[""L04AE03""]"
2121098	"[""L04AE03""]"
2121100	"[""L04AE03""]"
2123313	"[""L04AE03""]"
2123314	"[""L04AE03""]"
2261783	"[""L04AX09""]"
2261788	"[""L04AX09""]"
2261789	"[""L04AX09""]"
2261794	"[""L04AX09""]"
2288235	"[""L04AE02""]"
2288236	"[""L04AE02""]"
2288406	"[""L04AE02""]"
2288407	"[""L04AE02""]"
2288412	"[""L04AE02""]"
2288414	"[""L04AE02""]"
2288416	"[""L04AE02""]"
2288418	"[""L04AE02""]"
2288420	"[""L04AE02""]"
2288430	"[""L04AE02""]"
2288431	"[""L04AE02""]"
2288432	"[""L04AE02""]"
2288433	"[""L04AE02""]"
2532300	"[""L04AE04""]"
2532305	"[""L04AE04""]"
2532306	"[""L04AE04""]"
2532311	"[""L04AE04""]"
2532314	"[""L04AE04""]"
2532316	"[""L04AE04""]"
2532318	"[""L04AE04""]"
2532320	"[""L04AE04""]"
2532322	"[""L04AE04""]"
2532324	"[""L04AE04""]"
2532327	"[""L04AE04""]"
2532329	"[""L04AE04""]"
2532331	"[""L04AE04""]"
2532333	"[""L04AE04""]"
2532335	"[""L04AE04""]"
2532337	"[""L04AE04""]"
2532339	"[""L04AE04""]"
2532341	"[""L04AE04""]"
2532343	"[""L04AE04""]"
2532345	"[""L04AE04""]"
2532347	"[""L04AE04""]"
2532349	"[""L04AE04""]"
2532350	"[""L04AE04""]"
2532351	"[""L04AE04""]"
2594606	"[""L04AE03""]"
2594608	"[""L04AE03""]"
2594796	"[""L04AE03""]"
2594797	"[""L04AE03""]"
2610292	"[""L04AE01""]"
2610295	"[""L04AE01""]"
2610296	"[""L04AE01""]"
2610302	"[""L04AE01""]"
2626348	"[""L04AG14""]"
2626349	"[""L04AG14""]"
2626353	"[""L04AG14""]"
2626355	"[""L04AG14""]"
2626359	"[""L04AG14""]"
2626383	"[""L04AE01""]"
2626385	"[""L04AE01""]"
2642213	"[""L04AE02""]"
2642214	"[""L04AE02""]"
2693449	"[""L04AG08""]"
2725169	"[""L04AG03""]"
2725173	"[""L04AG03""]"
2725175	"[""L04AG03""]"
2725180	"[""L04AG03""]"
151539	"[""R03AL02""]"
214199	"[""R03AL02""]"
1362214	"[""R03AL02""]"
1190220	"[""R03AL02""]"
8887	"[""R03AC02""]"
104514	"[""R03AC02""]"
151358	"[""N07BB01""]"
151414	"[""R01AD01""]"
151871	"[""L01XX05""]"
153171	"[""A07EA06""]"
153741	"[""R03CC02""]"
153742	"[""R03CC02""]"
199731	"[""N07BB01""]"
202462	"[""P01BA02""]"
202908	"[""R03AC02""]"
203769	"[""L02BG04""]"
216755	"[""L01XX05""]"
247840	"[""R03AC02""]"
252298	"[""R03AC02""]"
386998	"[""R03CC02""]"
392321	"[""R03CC02""]"
647295	"[""R03AC02""]"
801092	"[""R03AC02""]"
1092441	"[""L04AG04""]"
1119312	"[""P01BA02""]"
1490666	"[""R03BA01""]"
1649560	"[""R03AC02""]"
1656395	"[""L04AG04""]"
1656400	"[""L04AG04""]"
1727492	"[""J05AR19""]"
1741733	"[""J05AR19""]"
1741734	"[""J05AR19""]"
1923053	"[""L01EF02"", ""L02BG04""]"
1923055	"[""L01EF02"", ""L02BG04""]"
1923057	"[""L01EF02"", ""L02BG04""]"
1939296	"[""L04AG04""]"
1939346	"[""L04AG04""]"
1996259	"[""J05AR20""]"
1996260	"[""J05AR22""]"
1999309	"[""L01XX05""]"
1999667	"[""J05AR20""]"
1999668	"[""J05AR20""]"
2049671	"[""J05AR22""]"
2049672	"[""J05AR22""]"
2121406	"[""D07AC17""]"
2166796	"[""R03AC02""]"
2569281	"[""P01BA02""]"
2569283	"[""P01BA02""]"
2584354	"[""J05AR20""]"
2584356	"[""J05AR20""]"
2587064	"[""L03AB15""]"
2587066	"[""L03AB15""]"
2587070	"[""L03AB15""]"
2665276	"[""P01BA02""]"
2665282	"[""P01BA02""]"
2665284	"[""P01BA02""]"
2675280	"[""A07EA06""]"
2678937	"[""C02KX06""]"
2678938	"[""C02KX06""]"
2678943	"[""C02KX06""]"
2678945	"[""C02KX06""]"
2678947	"[""C02KX06""]"
2678948	"[""C02KX06""]"
2678949	"[""C02KX06""]"
2678950	"[""C02KX06""]"
2678951	"[""C02KX06""]"
2715403	"[""S01LA05""]"
2715405	"[""S01LA05""]"
2715410	"[""S01LA05""]"
2725889	"[""S01LA05""]"
2725891	"[""S01LA05""]"
2725896	"[""S01LA05""]"
2725899	"[""S01LA05""]"
2725903	"[""S01LA05""]"
435	"[""R03AC02"", ""R03CC02""]"
3554	"[""N07BB01"", ""P03AA04""]"
5521	"[""P01BA02""]"
5552	"[""L01XX05""]"
72965	"[""L02BG04""]"
82819	"[""N07BB03""]"
142153	"[""R03AC02"", ""R03CC02""]"
152761	"[""N07BB03""]"
153972	"[""P01BA02""]"
315148	"[""L01BA01""]"
891170	"[""D07AC13""]"
905203	"[""C02LG02""]"
905211	"[""C02LG02""]"
905217	"[""C02LG02""]"
977431	"[""L04AH02""]"
977434	"[""L04AH02""]"
977436	"[""L04AH02""]"
977440	"[""L04AH02""]"
1092437	"[""L04AG04""]"
1370688	"[""A06AD65""]"
1546089	"[""N02AA55""]"
1597387	"[""J05AP52""]"
1597388	"[""J05AP52""]"
1797890	"[""R01AD12""]"
1869712	"[""R01AD12""]"
2587059	"[""L03AB15""]"
2587060	"[""L03AB15""]"
2678930	"[""C02KX06""]"
2678931	"[""C02KX06""]"
2715399	"[""S01LA05""]"
2725885	"[""S01LA05""]"
